,Cost [M€],Length [km],Losses [MWh]
unrenovated,44.82845183,66.18325999999999,14523.44913108
renovated,19.00284328,63.59111,5398.76392752
booster,21.805291810000003,63.59111,6013.11147
