,Cost [M€],Length [km],Losses [MWh]
unrenovated,44.82845183,66.18325999999999,14523.44913108
renovated,18.07592624,63.59111,5645.645238
booster,21.805291810000003,63.59111,6013.11147
