,Cost [M€],Length [km],Losses [MWh]
unrenovated,44.82845183,66.18325999999999,14523.44913108
renovated,18.07592624,63.59111,5645.645238
booster,20.68773577,63.59111,6306.92442792
