building_usage,npv_per_nfa
office,-2.4792452043861775
education,-9.991263550673336
trade,-12.815585878002212
health,-12.951414325475183
mfh,-13.457350768654722
other,-14.836120433204936
ab,-17.44244296772519
th,-19.160842757485586
sfh,-21.980666245687715
