building_usage,savings_npv_25years_ir_0.05
sfh,-23394.49968223402
th,-31561.36908390536
mfh,-52588.25293504785
other,-67857.34812289727
ab,-76648.94164631618
education,-94973.51124070764
office,-127770.59464029531
health,-144180.9339764521
trade,-198301.33315077933
