building_usage,npv_per_nfa
office,-48.769159167412305
education,-233.81001686351868
health,-237.99813809291712
trade,-294.4834454640949
mfh,-320.33905489558634
other,-347.3512182305714
ab,-406.0721904908008
th,-516.4098660603577
sfh,-697.1409325035447
