building_usage,npv_per_nfa
office,-45.522721866485995
education,-228.89226949324706
health,-232.90354401528182
trade,-288.92714286437104
mfh,-310.97215849056806
other,-341.5784444010021
ab,-396.63770084350585
th,-505.34913896474467
sfh,-685.9873037893498
