building_usage,npv_per_nfa
office,-46.84628708590633
education,-230.89722408618815
health,-234.98059861488818
trade,-291.19243499475374
mfh,-314.7910211841608
other,-343.9319913671541
ab,-400.4841211506461
th,-509.8585726387221
sfh,-690.5346132452336
