building_usage,savings_npv_25years_ir_0.05
sfh,-68337.26687659342
th,-82817.63508244473
mfh,-121139.12249891457
other,-136000.94758722789
ab,-177412.82779903567
education,-205724.1644736691
office,-256797.0647423846
health,-278244.17995362915
trade,-372361.65272112546
