building_usage,savings_npv_25years_ir_0.05
sfh,-67807.1204550952
th,-81960.47232633026
mfh,-119462.35692097316
other,-134390.95500517535
ab,-175421.25697938478
education,-202675.57690718674
office,-249541.68369758653
health,-275784.7073112364
trade,-365546.93731099216
