building_usage,savings_npv_25years_ir_0.05
sfh,-69107.46220815081
th,-84062.9188877725
mfh,-123575.12313548752
other,-138339.94059039577
ab,-180306.17666561124
education,-210153.14449943806
office,-267337.6633067982
health,-281817.2953618417
trade,-382262.05340655067
