,full_id,NFA,building_usage,yearly_demand_useful_renovated,yearly_demand_delivered_renovated,yearly_demand_delivered_renovated_DH,consumer_size_renovated,npv_Gas_25years_ir_0.05,npv_DH_25years_ir_0.05,savings_npv_25years_ir_0.05,operator_selling_price
0,w24853838,27974.42320393324,trade,1197392.8826751309,1330436.536305701,1496741.1033439136,nr2,-1385237.423209735,-7489677.844795878,-6104440.421586143,0.177681827405919
1,w24853840,937.1926232803613,trade,88019.54120636193,97799.49022929103,110024.4265079524,nr2,-101827.86637281577,-670442.5557061292,-568614.6893333134,0.177681827405919
2,w24853841,8998.296452549099,trade,370411.49455784855,411568.3272864984,463014.36819731066,nr2,-428520.8904050202,-2861496.546281623,-2432975.655876603,0.177681827405919
3,w25538793,404.8852469230536,trade,30724.044681390333,34137.827423767034,38405.05585173791,nr1,-38611.21594709093,-310033.6669190087,-271422.4509719178,0.19301477697901864
4,w27689586,5481.69515059907,office,239232.2588022705,265813.6208914117,299040.3235028381,nr2,-276762.5250882782,-665660.5240631037,-388897.9989748255,0.177681827405919
5,w28994179,16672.165487814695,other,602602.7887910821,669558.6542123135,753253.4859888526,nr2,-697137.8788380835,-1676734.1085054053,-979596.2296673218,0.177681827405919
6,w28994181,2845.002712316811,trade,324149.90597616514,360166.56219573907,405187.3824702064,nr2,-375001.8786523283,-901942.728657846,-526940.8500055177,0.177681827405919
7,w29249266,23411.247439788887,trade,2697249.5326306587,2996943.9251451762,3371561.915788323,nr2,-3120388.509398442,-7505060.339307574,-4384671.829909131,0.177681827405919
8,w30213059,1747.46707642246,ab,186541.77691087977,207268.64101208863,233177.2211385997,r2,-230923.44783643587,-1026032.8593920486,-795109.4115556127,0.177681827405919
9,w50930444,8762.936898044496,other,330222.16830016905,366913.5203335212,412777.7103752113,nr2,-382026.74504034646,-2715332.8792543295,-2333306.134213983,0.177681827405919
10,w50930445,4934.112452852726,other,202146.16980193532,224606.85533548368,252682.71225241915,nr2,-233858.446479612,-1840696.7432183346,-1606838.2967387226,0.177681827405919
11,w50930458,1974.6456010334193,other,60554.61203303029,67282.90225892254,75693.26504128786,nr2,-70054.29541947476,-918605.2170035457,-848550.921584071,0.177681827405919
12,w50930471,4724.4749339554455,other,258143.60911438576,286826.2323493175,322679.5113929822,nr2,-298640.64926523535,-1970372.2628837044,-1671731.613618469,0.177681827405919
13,w50930472,9715.957844087014,other,1058464.4972369291,1176071.663596588,1323080.6215461614,nr2,-1224514.2374954957,-2945163.145891915,-1720648.9083964194,0.177681827405919
14,w50930478,6019.835157379508,trade,680901.6527717811,756557.3919686456,851127.0659647263,nr2,-787720.1080714439,-1894599.6383962394,-1106879.5303247955,0.177681827405919
15,w50930479,4489.048651921749,other,185541.01142931575,206156.6793659064,231926.26428664467,nr2,-214648.30490545515,-1484422.279544434,-1269773.974638979,0.177681827405919
16,w50930480,4441.97852948606,other,168700.98991545063,187445.54435050068,210876.23739431327,nr2,-195166.4553419714,-1394377.7241641772,-1199211.2688222057,0.177681827405919
17,w50930481,1370.623297881335,other,62080.660377160784,68978.51153017864,77600.82547145098,nr2,-71819.74709912228,-617382.1551190944,-545562.4080199722,0.177681827405919
18,w50930482,1573.369959426485,other,63379.87619939754,70422.08466599727,79224.84524924692,nr2,-73322.78123589432,-603768.1981296701,-530445.4168937758,0.177681827405919
19,w50930483,704.9254127380437,other,45123.70064816985,50137.445164633165,56404.62581021231,nr1,-56707.40841988422,-412556.47723145806,-355849.06881157384,0.19301477697901864
20,w50930486,509.32494937628496,trade,30466.044901173256,33851.16100130362,38082.55612646657,nr1,-38286.98502855248,-294271.4537193789,-255984.46869082644,0.19301477697901864
21,w98916060,2713.01504517002,other,226605.19701500298,251783.55223889218,283256.4962687537,nr2,-262154.5557358745,-630525.8954441561,-368371.3397082816,0.177681827405919
22,w98916062,151.14776481509907,trade,11092.043274505519,12324.492527228354,13865.054093131897,nr1,-13939.482337291984,-126511.5278066394,-112572.04546934742,0.19301477697901864
23,w98916065,222.67857759937178,other,20948.500685227787,23276.111872475318,26185.625856534734,nr1,-26326.19149310879,-200911.17461569124,-174584.98312258246,0.19301477697901864
24,w98916067,43210.64675020873,trade,3034378.024269405,3371531.1380771166,3792972.530336756,nr2,-3510405.0276233517,-8443115.807012422,-4932710.77938907,0.177681827405919
25,w98916074,4745.314506876469,trade,491122.8611791089,545692.0679767877,613903.5764738861,nr2,-568169.2087389181,-1366542.7178951744,-798373.5091562563,0.177681827405919
26,w98916075,67.06430839556852,sfh,8538.96409194254,9487.737879936156,10673.705114928174,r1,-11483.175092913425,-102276.22454333838,-90793.04945042495,0.19302247853868815
27,w98916076,98.82164086105185,sfh,13728.213996145805,15253.571106828673,17160.267495182256,r1,-18461.663889590673,-134747.3727765319,-116285.70888694123,0.19302247853868815
28,w98916079,3334.9361924076916,trade,133751.88480733606,148613.2053414845,167189.85600917006,nr2,-154734.60627728485,-1343564.0829639423,-1188829.4766866574,0.177681827405919
29,w98916080,2976.303781049745,other,104082.21116258297,115646.90129175886,130102.76395322871,nr2,-120410.41506002138,-985408.6151834151,-864998.2001233938,0.177681827405919
30,w98916086,294.4025758753764,other,20686.516731325537,22985.018590361706,25858.14591415692,nr1,-25996.953623430793,-243891.00253832404,-217894.04891489324,0.19301477697901864
31,w98916091,1116.7099465291947,trade,65522.69205707044,72802.99117452271,81903.36507133805,nr2,-75801.75765210965,-182316.00433444936,-106514.24668233971,0.177681827405919
32,w98916094,150.05011938810347,trade,13612.2294499376,15124.699388819556,17015.286812422,nr1,-17106.62564982013,-171668.21418956277,-154561.58853974263,0.19301477697901864
33,w98916098,15131.85493721813,trade,1389797.224493673,1544219.1383263033,1737246.5306170913,nr2,-1607825.7637046524,-3867091.9776021647,-2259266.2138975123,0.177681827405919
34,w98916102,1892.1415951219387,trade,73425.17962658805,81583.53291843117,91781.47453323506,nr2,-84943.97126982293,-811300.6503097023,-726356.6790398794,0.177681827405919
35,w98916109,81.43322088830173,sfh,9629.8057932929,10699.784214769888,12037.257241616126,r1,-12950.135970179292,-116588.134809488,-103637.9988393087,0.19302247853868815
36,w98916113,559.2398283889517,trade,50271.6825643969,55857.425071552105,62839.60320549612,nr2,-58158.201057903505,-447488.8230680908,-389330.62201018725,0.177681827405919
37,w98916116,6987.1012714248145,other,358101.17313169746,397890.1923685527,447626.4664146218,nr2,-414279.35099220264,-2555602.4621989815,-2141323.111206779,0.177681827405919
38,w98916121,458.57296650111675,other,22475.134293848154,24972.371437609057,28093.917867310192,nr1,-28244.727302628387,-229669.1354331863,-201424.40813055792,0.19301477697901864
39,w98916126,1235.1179318586364,trade,54455.49615433791,60506.10683815323,68069.37019292239,nr2,-62998.362746163824,-537592.3196384264,-474593.95689226256,0.177681827405919
40,w99055014,379.03616306802724,mfh,51250.231128429565,56944.70125381063,64062.788910536954,r2,-63443.59033443374,-365118.21681330045,-301674.6264788667,0.177681827405919
41,w99055018,363.825429549627,mfh,39011.950831555296,43346.61203506144,48764.93853944412,r1,-52463.162661334856,-280623.57753016904,-228160.4148688342,0.19302247853868815
42,w99055022,32.828185592684896,sfh,3912.1656857345315,4346.850761927257,4890.207107168164,r0,-6455.722838552878,-53148.080910144694,-46692.358071591814,0.23685291034659986
43,w99055023,57.57688737055287,sfh,7638.842228320924,8487.602475912137,9548.552785401154,r1,-10272.693721445901,-75344.49916961305,-65071.80544816714,0.19302247853868815
44,w99055025,2922.078992408514,trade,131771.14343422168,146412.38159357963,164713.9292927771,nr2,-152443.13025847982,-1075204.0028128882,-922760.8725544084,0.177681827405919
45,w99055028,168.94065034445376,ab,18863.996140229203,20959.99571136578,23579.9951752865,r1,-25368.249391597587,-147794.60561224562,-122426.35622064804,0.19302247853868815
46,w99055030,502.22660109587014,other,33719.73290267432,37466.369891860355,42149.66612834289,nr1,-42375.92746283133,-340535.70256478095,-298159.77510194964,0.19301477697901864
47,w99055036,2513.4158389533286,other,94056.81089942587,104507.56766602874,117571.01362428232,nr2,-108812.25055769415,-910920.1497309314,-802107.8991732373,0.177681827405919
48,w99055038,337.97397138923407,other,24561.514626422148,27290.57180713572,30701.893283027683,nr1,-30866.702449591114,-269319.7827495481,-238453.080299957,0.19301477697901864
49,w99055039,2475.299022556655,other,95255.37369289662,105839.30410321847,119069.21711612078,nr2,-110198.84142490657,-805416.5957493174,-695217.7543244108,0.177681827405919
50,w99055040,101.95110847079195,trade,7536.8851086504455,8374.316787389384,9421.106385813056,nr1,-9471.679315542107,-106544.53976649471,-97072.8604509526,0.19301477697901864
51,w99055041,189.90211718752977,ab,21595.11692946048,23994.5743660672,26993.8961618256,r1,-29041.05301097715,-192678.40861894423,-163637.35560796707,0.19302247853868815
52,w99055043,190.2007592998445,sfh,29155.98911223378,32395.543458037533,36444.98639029222,r1,-39208.89283265426,-247655.71497760652,-208446.82214495225,0.19302247853868815
53,w99055048,47.74609960326925,sfh,5769.180841789516,6410.2009353216845,7211.476052236895,r1,-7758.378303928401,-75372.47767453955,-67614.09937061115,0.19302247853868815
54,w99055050,194.95880112051967,trade,16984.909900636445,18872.122111818273,21231.137375795555,nr1,-21345.10709172943,-191091.21873189992,-169746.11164017048,0.19301477697901864
55,w99055053,122.33706042193808,ab,14174.508663259385,15749.454070288204,17718.13582907423,r1,-19061.839713064932,-156049.9316773523,-136988.09196428736,0.19302247853868815
56,w99055057,303.91877080444243,ab,36040.58788819037,40045.09765354486,45050.73486023796,r1,-48467.28206318939,-275908.64260386326,-227441.36054067386,0.19302247853868815
57,w99055067,194.8848727118224,sfh,21931.666176569037,24368.517973965598,27414.582720711296,r1,-29493.643499744103,-184608.69023424503,-155115.04673450094,0.19302247853868815
58,w99055068,348.37368724122643,ab,40200.04013772175,44666.71126413528,50250.05017215219,r1,-54060.90184630241,-395534.9033005701,-341474.00145426765,0.19302247853868815
59,w99055094,263.70872883694244,other,16614.595860209945,18460.66206689994,20768.24482526243,nr1,-20879.729712825672,-204857.92152006924,-183978.19180724357,0.19301477697901864
60,w99055100,85.6876405166462,sfh,12089.433153049305,13432.703503388117,15111.79144131163,r1,-16257.835982883973,-122342.1086618837,-106084.27267899973,0.19302247853868815
61,w99055110,94.65369866762775,sfh,12604.978915374657,14005.532128194063,15756.22364421832,r1,-16951.140486035336,-148445.98820281215,-131494.84771677683,0.19302247853868815
62,w99055113,801.3236896117684,education,39333.930829421224,43704.367588245805,49167.41353677653,nr1,-49431.34646014303,-395243.7341680464,-345812.38770790334,0.19301477697901864
63,w99055118,54.3237798044458,other,6219.479772060365,6910.533080067072,7774.349715075456,nr1,-7816.082779720774,-74943.5517663176,-67127.46898659682,0.19301477697901864
64,w99055131,500.74276516167447,th,69240.53713621371,76933.93015134857,86550.67142026713,r2,-85714.1163246242,-534969.285761095,-449255.1694364708,0.177681827405919
65,w99055135,663.0715527065098,ab,68880.52212837798,76533.91347597554,86100.65266047248,r2,-85268.44721897395,-424512.2918374746,-339243.8446185007,0.177681827405919
66,w99055142,64.54166975589469,sfh,9032.758360397225,10036.398178219139,11290.947950496531,r1,-12147.22824777946,-89523.1873107739,-77375.95906299443,0.19302247853868815
67,w99055146,149.08371188635937,sfh,17342.70904751041,19269.67671945601,21678.38630938801,r1,-23322.426752670777,-130071.67108977534,-106749.24433710455,0.19302247853868815
68,w99055147,57.659734526090325,sfh,7330.462267285426,8144.958074761584,9163.077834106782,r1,-9857.98521001675,-86408.77226106661,-76550.78705104986,0.19302247853868815
69,w99055152,1635.3717537612654,other,76892.01538215307,85435.57264683674,96115.01922769133,nr2,-88954.67711100104,-683951.7171670704,-594997.0400560694,0.177681827405919
70,w99055158,567.1104306213557,trade,39120.40099323338,43467.11221470375,48900.50124154172,nr1,-49163.00136750653,-396159.59915209253,-346996.597784586,0.19301477697901864
71,w99055160,362.3993257842958,ab,41269.65009818708,45855.16677576342,51587.06262273384,r1,-55499.310337648276,-351131.39998550416,-295632.0896478559,0.19302247853868815
72,w99055171,150.93386064656082,sfh,16885.70894548665,18761.8988283185,21107.136181858314,r1,-22707.854290190226,-143491.75764544215,-120783.90335525192,0.19302247853868815
73,w99055172,71.28885925472714,sfh,9019.499646113589,10021.666273459543,11274.374557641986,r1,-12129.397965793669,-105846.2733034732,-93716.87533767952,0.19302247853868815
74,w99055173,413.9677898917347,ab,46033.80958093352,51148.67731214836,57542.2619761669,r1,-61906.13872126497,-329468.95885060483,-267562.8201293399,0.19302247853868815
75,w99055181,184.62117180265486,other,15209.502381678169,16899.44709075352,19011.87797709771,nr1,-19113.934607134383,-172032.81608322047,-152918.8814760861,0.19301477697901864
76,w99055182,84.81555104400032,sfh,9995.399856476368,11105.999840529297,12494.24982059546,r1,-13441.785846588407,-121441.81104439973,-108000.02519781132,0.19302247853868815
77,w99055185,136.9722994968528,education,10840.570650859518,12045.07850095502,13550.713313574397,nr1,-13623.454162060925,-145947.72470353614,-132324.2705414752,0.19301477697901864
78,w99055186,41.49024544628337,sfh,5137.404922484948,5708.227691649942,6421.756153106185,r1,-6908.7678098748665,-63606.6473546236,-56697.879544748735,0.19302247853868815
79,w99055192,160.51305735595523,ab,18121.209085465063,20134.67676162785,22651.511356831328,r1,-24369.35143222396,-178985.659078011,-154616.30764578705,0.19302247853868815
80,w99055193,133.23216011486946,other,9055.86994602939,10062.077717810433,11319.837432536737,nr1,-11380.602837317858,-109508.25812940215,-98127.6552920843,0.19301477697901864
81,w99055199,594.2030242990702,ab,69499.33638341566,77221.48487046185,86874.17047926957,r2,-86034.48860503786,-434599.0930497491,-348564.60444471124,0.177681827405919
82,w99055201,119.5810925271362,sfh,16186.140935837673,17984.601039819638,20232.67616979709,r1,-21767.077182135592,-162639.81023773886,-140872.73305560325,0.19302247853868815
83,w99055202,635.4450178422034,ab,74224.65462412336,82471.83847124818,92780.8182801542,r2,-91884.0457301956,-534141.4487949568,-442257.4030647612,0.177681827405919
84,w99055209,191.61494707558305,other,19092.937557201116,21214.375063556796,23866.171946501392,nr1,-23994.286648461384,-199550.49438869866,-175556.20774023727,0.19301477697901864
85,w99055216,463.1840371862054,education,30329.625776782435,33699.58419642493,37912.03222097804,nr1,-38115.54574294444,-293489.0465610118,-255373.50081806738,0.19301477697901864
86,w99055219,773.0541430711745,other,89363.99007406665,99293.3223045185,111704.9875925833,nr2,-103383.2296224918,-724988.8092421627,-621605.579619671,0.177681827405919
87,w99055224,318.955577952601,ab,39326.77401159415,43696.415568437944,49158.46751449268,r1,-52886.5359957075,-295296.0879474603,-242409.5519517528,0.19302247853868815
88,w99055226,262.56915004737675,ab,28811.221455015977,32012.468283351085,36014.02681876997,r1,-38745.250248896205,-222114.32835744342,-183369.0781085472,0.19302247853868815
89,w99055235,1694.7837025728077,trade,149404.7926523063,166005.3251692292,186755.99081538286,nr2,-172843.11021332245,-1116372.6931803164,-943529.5829669939,0.177681827405919
90,w99055245,424.4345906373113,ab,47895.25638616388,53216.95154018208,59869.07048270485,r1,-64409.40719276193,-352104.93920013047,-287695.5320073685,0.19302247853868815
91,w99055249,70.42309986636974,sfh,9527.919340341607,10586.577044824007,11909.899175427008,r1,-12813.11935244464,-119415.97292648413,-106602.85357403949,0.19302247853868815
92,w99055257,137.79457132667304,trade,8302.741753787854,9225.268615319837,10378.427192234816,nr1,-10434.139063813014,-113019.57889287636,-102585.43982906335,0.19301477697901864
93,w99055287,226.3710821658373,mfh,29327.158711257514,32585.731901397237,36658.94838907189,r1,-39439.08123197404,-224425.61511908477,-184986.53388711074,0.19302247853868815
94,w99055292,58.725108856521544,trade,5742.2884325185605,6380.320480576178,7177.8605406482,nr1,-7216.3916241389625,-85505.33430718297,-78288.942683044,0.19301477697901864
95,w99055300,847.1402418442303,other,76273.07353797425,84747.85948663806,95341.34192246781,nr2,-88238.6369392644,-658392.3857624901,-570153.7488232257,0.177681827405919
96,w99389931,488.4274571448564,mfh,51882.65252404952,57647.39169338835,64853.315655061895,r2,-64226.47624653622,-337600.2744262976,-273373.79817976133,0.177681827405919
97,w99389943,3490.8252122399163,ab,329651.0091598724,366278.89906652493,412063.7614498405,r2,-408080.9611582425,-1861881.2136807637,-1453800.2525225212,0.177681827405919
98,w99389949,2474.179022271931,ab,284257.7582638273,315841.9536264748,355322.1978297841,r2,-351887.83284668426,-1917819.516957207,-1565931.6841105227,0.177681827405919
99,w99389956,671.7147096479312,education,46899.24791118664,52110.27545687404,58624.0598889833,nr1,-58938.756522243035,-141757.6441814507,-82818.88765920768,0.19301477697901864
100,w99389960,693.6997662768932,ab,80098.50062143736,88998.33402381929,100123.12577679669,r2,-99155.38618927152,-558087.2180828638,-458931.8318935923,0.177681827405919
101,w99389971,1612.9015118613836,education,79005.85520261421,87784.28355846023,98757.31900326777,nr2,-91400.13178869363,-771341.838092878,-679941.7063041844,0.177681827405919
102,w99389974,235.12884147074072,education,10047.192716967635,11163.547463297371,12558.990896209543,nr1,-12626.408133426843,-135678.05276170082,-123051.64462827398,0.19301477697901864
103,w99389975,1082.0712234761565,mfh,111466.82540481444,123852.0282275716,139333.53175601806,r2,-137986.80417930824,-655651.3492921276,-517664.5451128194,0.177681827405919
104,w99389979,163.53384786918758,ab,21228.517390207166,23587.241544674627,26535.646737758954,r1,-28548.050973153902,-195935.2956477468,-167387.2446745929,0.19302247853868815
105,w99389992,2569.363114476204,other,222880.7619206125,247645.2910229028,278600.9524007656,nr2,-257845.83889972718,-620162.705173817,-362316.8662740898,0.177681827405919
106,w99390006,431.6004564465955,education,13943.155864366083,15492.395404851202,17428.944830457604,nr1,-17522.504203005345,-236315.6677678916,-218793.16356488626,0.19301477697901864
107,w99390011,2554.974828636646,ab,247425.31787724234,274917.0198636026,309281.6473465529,r2,-306292.28708127816,-1406781.2023135796,-1100488.9152323015,0.177681827405919
108,w99390014,587.280543653667,trade,43622.5019390578,48469.44659895311,54528.12742382225,nr1,-54820.83690437904,-425726.6468393858,-370905.8099350068,0.19301477697901864
109,w99390021,1617.1983746248297,other,56431.07453005592,62701.19392228436,70538.8431625699,nr2,-65283.865807126145,-578219.7570209578,-512935.8912138316,0.177681827405919
110,w99390022,5590.431437242403,education,501507.8998853299,557230.9998725888,626884.8748566624,nr2,-580183.431025925,-1395438.947618576,-815255.516592651,0.177681827405919
111,w99390025,237.89438336268066,education,22880.136119028128,25422.373465586807,28600.170148785157,nr1,-28753.697169491712,-69157.48842980289,-40403.791260311176,0.19301477697901864
112,w99390027,116.0190749399364,mfh,12111.38188864718,13457.090987385754,15139.227360808974,r1,-16287.352581293879,-84955.51228134696,-68668.15970005309,0.19302247853868815
113,w99390046,1095.085822885856,mfh,104637.32667388588,116263.69630431764,130796.65834235735,r2,-129532.44387430248,-589390.4888516639,-459858.0449773614,0.177681827405919
114,w99390052,1678.6958267321402,education,80452.87476272321,89392.08306969245,100566.093453404,nr2,-93074.1568107075,-873984.2452451151,-780910.0884344076,0.177681827405919
115,w99390065,2581.633286331594,education,86800.34062073754,96444.82291193059,108500.42577592192,nr2,-100417.40009892832,-871617.6971657719,-771200.2970668435,0.177681827405919
116,w99390082,124.21957990797236,education,9140.033185312222,10155.592428124692,11425.041481640277,nr1,-11486.371626565991,-108738.77576224467,-97252.40413567868,0.19301477697901864
117,w99390107,332.09000708311794,education,26712.358260262183,29680.39806695798,33390.44782532773,nr1,-33569.68927557126,-80740.76123089522,-47171.07195532396,0.19301477697901864
118,w99390110,1066.5973296171287,mfh,111016.92938734422,123352.1437637158,138771.16173418026,r2,-137429.86974219425,-691833.9416709269,-554404.0719287326,0.177681827405919
119,w99390116,694.0162199864862,ab,76366.64546448652,84851.8282938739,95458.30683060814,r2,-94535.65502802617,-500041.2314794507,-405505.5764514245,0.177681827405919
120,w99390122,307.42072394330467,other,23978.9127918091,26643.236435343442,29973.640989761374,nr1,-30134.540864725277,-300261.0626329861,-270126.52176826086,0.19301477697901864
121,w99390129,1196.3697846690193,trade,62972.859261591475,69969.84362399053,78716.07407698935,nr2,-72851.9123153529,-506453.03505579085,-433601.122740438,0.177681827405919
122,w99390130,964.417538562417,education,49512.76423577884,55014.18248419871,61890.95529472355,nr1,-62223.18877185497,-468017.98138026835,-405794.7926084134,0.19301477697901864
123,w99390133,9252.387912133521,education,680645.1328091653,756272.3697879614,850806.4160114565,nr2,-787423.345783011,-1893885.8750701626,-1106462.5292871515,0.177681827405919
124,w99390139,1249.1388426542283,ab,101272.3942615666,112524.88251285178,126590.49282695825,r2,-125366.93303133151,-707034.0937617846,-581667.1607304531,0.177681827405919
125,w99390141,112.67489476799965,other,7161.259483685899,7956.954981873221,8951.574354607374,nr1,-8999.626814930043,-102885.0759000781,-93885.44908514805,0.19301477697901864
126,w99758761,171.36210507287177,trade,18702.739494504167,20780.821660560185,23378.424368130207,nr1,-23503.920818793984,-213471.18136528364,-189967.26054648965,0.19301477697901864
127,w99758765,309.03573338240386,trade,17633.22369336,19592.4707704,22041.529616699998,nr1,-22159.84955522704,-192409.68988544613,-170249.8403302191,0.19301477697901864
128,w99758770,601.7205038767308,mfh,67803.20632134694,75336.89591260771,84754.00790168367,r2,-83934.81844858245,-456230.4921746112,-372295.67372602876,0.177681827405919
129,w99758771,976.6668764967471,mfh,93790.2658837786,104211.40653753177,117237.83235472324,r2,-116104.67065361704,-572256.0950725373,-456151.4244189203,0.177681827405919
130,w99758774,197.5460334163159,ab,21548.287941595398,23942.54215732822,26935.359926994246,r1,-28978.077518717364,-208990.62025322908,-180012.54273451172,0.19302247853868815
131,w99758775,265.071225726977,sfh,27414.764697100116,30460.849663444573,34268.45587137514,r1,-36867.29909602022,-240208.4715474214,-203341.17245140116,0.19302247853868815
132,w99758777,337.6781565959565,ab,38785.81336494016,43095.34818326684,48482.26670617519,r1,-52159.05362700131,-332427.38553532277,-280268.3319083215,0.19302247853868815
133,w99758783,333.3155570875853,th,46165.858494498185,51295.3983272202,57707.32311812273,r1,-62083.71773189962,-149314.7224297304,-87231.0046978308,0.19302247853868815
134,w99758786,182.17889552428386,mfh,24975.758120688377,27750.84235632042,31219.69765086047,r1,-33587.32985523942,-173585.2811750509,-139997.9513198115,0.19302247853868815
135,w99758788,349.08404515869915,other,29695.324703960447,32994.80522662272,37119.15587995056,nr1,-37318.413205475,-288768.694071051,-251450.28086557603,0.19301477697901864
136,w99758792,60.93018751584459,sfh,7098.129910688255,7886.811011875839,8872.662388360319,r1,-9545.545304914915,-92855.4307115381,-83309.88540662319,0.19302247853868815
137,w99758793,126.39461716674268,ab,14533.912444621437,16148.79160513493,18167.390555776794,r1,-19545.1649157473,-139885.596549494,-120340.43163374669,0.19302247853868815
138,w99758796,906.0679207786917,ab,92578.39928517047,102864.88809463385,115722.99910646307,r2,-114604.47901878503,-530041.6934785013,-415437.2144597162,0.177681827405919
139,w99758800,420.9761067721993,ab,43617.35169245246,48463.724102724955,54521.68961556557,r1,-58656.492893117764,-313689.5590005499,-255033.06610743213,0.19302247853868815
140,w99758801,293.7319820257835,mfh,30453.792851169546,33837.547612410606,38067.241063961934,r1,-40954.175680780965,-220966.71823067803,-180012.54254989707,0.19302247853868815
141,w99758803,512.6721141899004,mfh,56071.10035591353,62301.2226176817,70088.8754448919,r2,-69411.43175856164,-358735.6221582236,-289324.19039966195,0.177681827405919
142,w99758805,165.76912949401884,sfh,21149.48042883679,23499.42269870754,26436.850536045986,r1,-28441.762287962647,-207474.5358705441,-179032.77358258143,0.19302247853868815
143,w99758807,110.8734177275095,other,10633.353902934445,11814.837669927161,13291.692378668055,nr1,-13363.042790935851,-124331.2442016613,-110968.20141072545,0.19301477697901864
144,w99758813,43.0509613757953,other,4335.785169212401,4817.539076902668,5419.731461515501,nr0,-6681.175863550668,-58476.96549670687,-51795.7896331562,0.23666858635184343
145,w99758814,84.92593946289271,th,9884.973779293656,10983.304199215172,12356.217224117068,r1,-13293.285166007114,-86871.36461092239,-73578.07944491527,0.19302247853868815
146,w99758818,424.19755738042295,mfh,42981.25264898336,47756.94738775929,53726.5658112292,r1,-57801.068673746355,-313380.16034629324,-255579.09167254687,0.19302247853868815
147,w99758821,35.03456762442365,sfh,4362.174934958981,4846.861038843312,5452.718668698726,r0,-7198.312805632162,-77583.02363213131,-70384.71082649915,0.23685291034659986
148,w99758824,478.7830200769007,ab,54415.092655594315,60461.21406177146,68018.86581949289,r2,-67361.42980117652,-487188.2038182586,-419826.77401708206,0.177681827405919
149,w99758826,392.0728006519377,ab,50422.93344994148,56025.48161104609,63028.666812426854,r2,-62419.463538457,-365891.94213160034,-303472.47859314334,0.177681827405919
152,w99758837,194.723237061128,mfh,27818.768765056746,30909.743072285273,34773.46095632093,r1,-37410.60263971036,-220275.8101287023,-182865.20748899193,0.19302247853868815
153,w99758838,478.1149431033991,ab,49879.55482966044,55421.727588511596,62349.443537075545,r1,-67077.88620472635,-377087.75850022654,-310009.8722955002,0.19302247853868815
154,w99758842,66.20839738831855,sfh,9098.77198804681,10109.746653385344,11373.464985058512,r1,-12236.00319010928,-84260.32488094534,-72024.32169083605,0.19302247853868815
155,w99758845,141.8255072105676,th,20597.68337727332,22886.31486363702,25747.104221591646,r1,-27699.707152160434,-219128.9405036322,-191429.23335147178,0.19302247853868815
156,w99758846,563.5821329504251,other,39110.73926488373,43456.37696098192,48888.424081104655,nr1,-49150.85937632018,-380616.43275387195,-331465.57337755174,0.19301477697901864
157,w99758847,385.25146163031457,sfh,48245.97195129891,53606.635501443234,60307.46493912364,r1,-64881.04850649645,-403271.8485486099,-338390.8000421134,0.19302247853868815
158,w99758850,177.17881421931088,ab,22322.486341848085,24802.762602053426,27903.107927310106,r1,-30019.2173678876,-182448.8682083736,-152429.650840486,0.19302247853868815
159,w99758852,422.9061155930161,other,27630.39919965029,30700.443555166985,34537.99899956286,nr1,-34723.40055696563,-287369.96517071844,-252646.56461375282,0.19301477697901864
160,w99758858,57.38898355839774,sfh,6590.511049374096,7322.7900548601065,8238.13881171762,r1,-8862.900876132717,-85262.83557167137,-76399.93469553866,0.19302247853868815
161,w99758862,402.33381934519855,sfh,47385.93913186298,52651.04347984775,59232.42391482872,r1,-63724.47876982854,-467796.8311133775,-404072.35234354896,0.19302247853868815
162,w99758864,101.365438436158,other,10686.907379847416,11874.341533163795,13358.63422480927,nr1,-13430.343983967143,-124348.40220608786,-110918.05822212072,0.19301477697901864
163,w99758865,63.831228005420414,other,4034.3888558582253,4482.654284286917,5042.986069822781,nr0,-6216.742849561909,-64025.377701733225,-57808.634852171315,0.23666858635184343
164,w99758868,445.0926624152809,ab,49002.607042031916,54447.341157813236,61253.258802539895,r1,-65898.56926601437,-349921.52185187023,-284022.95258585585,0.19302247853868815
165,w99758869,105.27734354436397,other,8736.207849217513,9706.897610241682,10920.259811521892,nr1,-10978.880265368236,-112484.7153751052,-101505.83510973696,0.19301477697901864
166,w99758874,732.9468768487684,ab,73910.07250364788,82122.30278183098,92387.59062955985,r2,-91494.61881955453,-499703.9442640385,-408209.325444484,0.177681827405919
167,w99758876,118.68904608124866,sfh,12352.210694951837,13724.678549946484,15440.263368689795,r1,-16611.218488262995,-142450.92308775595,-125839.70459949295,0.19302247853868815
168,w99758878,556.4759241774678,other,50045.05270888446,55605.61412098273,62556.31588610557,nr2,-57896.01797529567,-445915.99200392567,-388019.97402863,0.177681827405919
169,w99758879,141.26093079326674,other,12063.985867794016,13404.42874199335,15079.982334742519,nr1,-15160.932369239386,-193524.1569321246,-178363.2245628852,0.19301477697901864
170,w99758882,536.390386541374,other,53874.88809445505,59860.98677161672,67343.6101180688,nr2,-62326.67008421141,-445537.6740513291,-383211.0039671177,0.177681827405919
171,w99758886,70.57262436598539,sfh,9862.178496867567,10957.97610763063,12327.723121084458,r1,-13262.630133783923,-116753.66492140279,-103491.03478761886,0.19302247853868815
172,w99758887,84.85345135740936,sfh,11592.59887534742,12880.665417052687,14490.748594184273,r1,-15589.69463206187,-136513.963165456,-120924.26853339412,0.19302247853868815
173,w99758888,71.82869699064176,other,5611.650315189278,6235.167016876976,7014.562893986597,nr1,-7052.21738824555,-72530.25985985667,-65478.042471611116,0.19301477697901864
174,w99758891,1365.0763243824242,trade,109673.71393623555,121859.68215137284,137092.14242029443,nr2,-126879.10132508418,-1060496.0906856153,-933616.9893605311,0.177681827405919
175,w99758895,154.4283221337944,other,11343.022479982455,12603.358311091617,14178.778099978068,nr1,-14254.890428947603,-34285.414292880596,-20030.52386393299,0.19301477697901864
176,w99758899,158.4874060918577,th,20589.83452385864,22877.59391539849,25737.2931548233,r1,-27689.152035981362,-181207.70232680673,-153518.55029082537,0.19302247853868815
177,w99758900,82.77785695786588,sfh,10694.216001383687,11882.462223759652,13367.770001729608,r1,-14381.551849035664,-117022.32579316304,-102640.77394412737,0.19302247853868815
178,w99758903,400.34018093422054,trade,29613.781724427085,32904.20191603009,37017.22715553385,nr1,-37215.93732300634,-310614.9339352523,-273398.996612246,0.19301477697901864
179,w99758905,110.54209396946244,sfh,14100.026680676654,15666.696311862948,17625.033350845817,r1,-18961.676550641998,-117365.92216386388,-98404.2456132219,0.19302247853868815
180,w99758908,248.9345047255978,ab,27512.151103074764,30569.05678119418,34390.18887884345,r1,-36998.26406313276,-213820.295782317,-176822.03171918425,0.19302247853868815
181,w99758913,208.22132023065353,ab,22300.78576510543,24778.65085011714,27875.982206381785,r1,-29990.034492813997,-211831.39679596864,-181841.36230315466,0.19302247853868815
182,w99758915,71.10941483918579,ab,10013.713282288307,11126.348091431451,12517.141602860384,r1,-13466.413690538237,-92827.4798282413,-79361.06613770306,0.19302247853868815
183,w99758919,819.0798590054737,ab,94696.69321739217,105218.54801932463,118370.8665217402,r2,-117226.75348437745,-604352.0738390913,-487125.3203547139,0.177681827405919
184,w99758922,83.9358181065414,th,11677.410484752485,12974.900538613872,14596.763105940605,r1,-15703.749047822808,-100271.00007563992,-84567.25102781711,0.19302247853868815
185,w99758926,36.12754547015065,sfh,4556.491211661925,5062.768012957695,5695.614014577406,r0,-7518.966920560895,-51737.87726440686,-44218.910343845964,0.23685291034659986
186,w99758928,119.38002583179623,sfh,17308.899478423707,19232.110531581897,21636.124348029633,r1,-23276.959738468806,-141270.91295137606,-117993.95321290725,0.19302247853868815
187,w99758931,65.79372537583113,th,8611.439252918039,9568.265836575598,10764.299066147547,r1,-11580.639487236625,-106107.15625552222,-94526.5167682856,0.19302247853868815
188,w99758935,355.7203856162727,ab,44548.24205703894,49498.046730043265,55685.30257129867,r1,-59908.35165885954,-330255.0958695786,-270346.7442107191,0.19302247853868815
189,w99758936,99.44306262517348,th,12820.809152675898,14245.343502973219,16026.011440844872,r1,-17241.38838713775,-157829.82555245937,-140588.4371653216,0.19302247853868815
190,w99758945,525.0721962768584,mfh,72696.76550898828,80774.18389887585,90870.95688623533,r2,-89992.64409233449,-216437.21033897068,-126444.56624663618,0.177681827405919
191,w99758951,355.6037514369003,ab,38846.362119594094,43162.62457732677,48557.95264949262,r1,-52240.479423369885,-268693.17850797466,-216452.69908460477,0.19302247853868815
192,w99758953,525.4067761451006,other,30960.182478675506,34400.2027540839,38700.22809834438,nr1,-38907.97269180985,-344044.6560621977,-305136.6833703878,0.19301477697901864
193,w99758954,37.75478148937691,sfh,3643.787391156788,4048.6526568408754,4554.7342389459845,r0,-6012.8540991241925,-58543.78965829594,-52530.93555917175,0.23685291034659986
194,w99758959,30.14875982720405,sfh,3902.3905445980445,4335.989493997827,4877.988180747555,r0,-6439.592232910328,-48526.43187864587,-42086.83964573554,0.23685291034659986
195,w99758962,201.50926117040217,mfh,21723.95521923704,24137.72802137449,27154.944024046297,r1,-29214.314383697034,-70262.01720093303,-41047.70281723599,0.19302247853868815
196,w99758966,155.61690238779408,th,21851.717362183943,24279.685957982158,27314.646702729926,r1,-29386.128557162112,-193222.65340446858,-163836.5248473065,0.19302247853868815
197,w99758967,90.83302856497467,ab,10128.948163735615,11254.386848595128,12661.185204669518,r1,-13621.381237681248,-117872.56126984283,-104251.18003216159,0.19302247853868815
198,w99758970,391.2386861808598,th,48443.52710272418,53826.14122524909,60554.40887840523,r1,-65146.72012308798,-359447.7652183671,-294301.0450952791,0.19302247853868815
199,w99758974,163.93810575278476,sfh,20363.139486646123,22625.710540717915,25453.924358307653,r1,-27384.2931822637,-152484.74176391005,-125100.44858164634,0.19302247853868815
200,w99758975,139.83927450878545,sfh,19017.06701210734,21130.074457897044,23771.333765134175,r1,-25574.098673135166,-160790.42639906015,-135216.327725925,0.19302247853868815
201,w99758979,705.2831632008775,trade,40567.1544633245,45074.61607036056,50708.94307915562,nr1,-50981.15100357078,-374507.5979352158,-323526.44693164504,0.19301477697901864
202,w99758981,319.7999828794971,other,27092.453379920906,30102.725977689894,33865.56672490113,nr1,-34047.35863511583,-81889.63655677938,-47842.27792166355,0.19301477697901864
203,w99758984,336.42351993245535,ab,41356.19257743753,45951.325086041696,51695.24072179691,r1,-55615.69242234932,-305743.82881672826,-250128.13639437893,0.19302247853868815
204,w99758985,1446.6540044941007,ab,159203.44292933436,176892.71436592707,199004.30366166795,r2,-197080.82852795505,-906874.8720771965,-709794.0435492415,0.177681827405919
205,w99758989,963.3213891830295,education,66773.88157928629,74193.20175476254,83467.35197410785,nr2,-77249.23122137718,-707588.9206284053,-630339.6894070281,0.177681827405919
206,w99758991,346.04414169639347,ab,38927.20383955835,43252.44871062039,48659.00479944794,r1,-52349.195142884135,-341602.0954097876,-289252.90026690345,0.19302247853868815
207,w99758995,38.315451947040856,sfh,4605.429916486004,5117.144351651115,5756.787395607505,r0,-7599.7239078158145,-59700.766628316334,-52101.04272050052,0.23685291034659986
208,w99758997,604.6954287230968,other,49421.63020499519,54912.92244999466,61777.03775624399,nr1,-62108.65971882155,-527371.3397463103,-465262.68002748874,0.19301477697901864
209,w99759000,505.76658869385716,other,34496.09632156219,38328.995912846876,43120.120401952736,nr1,-43351.591179342526,-104267.88415160611,-60916.29297226358,0.19301477697901864
210,w99759001,277.86601877255595,other,21620.245901575137,24022.495446194596,27025.30737696892,nr1,-27170.380462327514,-229754.79675449495,-202584.41629216744,0.19301477697901864
211,w99759005,200.24946516156197,th,21517.100210125434,23907.889122361594,26896.37526265679,r1,-28936.136344429226,-175750.9371500959,-146814.8008056667,0.19302247853868815
212,w99759006,478.86383471041916,sfh,50992.01233528256,56657.79148364729,63740.0154191032,r2,-63123.93660861898,-337568.32313529524,-274444.38652667624,0.177681827405919
213,w99759010,347.4218390390277,ab,42845.86231337848,47606.513681531644,53557.32789172309,r1,-57618.99612807232,-317128.409864109,-259509.4137360367,0.19302247853868815
214,w99759011,1184.1155465334652,health,81096.3879180279,90107.09768669767,101370.48489753487,nr2,-93818.62299048327,-708163.3889830041,-614344.7659925208,0.177681827405919
215,w99759013,1127.2734199425206,other,48346.56544700629,53718.406052229206,60433.20680875786,nr1,-60757.6150253812,-470851.034203649,-410093.41917826777,0.19301477697901864
216,w99759015,262.8249901607633,mfh,34217.03964154063,38018.932935045144,42771.29955192578,r1,-46014.979467560304,-110668.53174738641,-64653.55227982611,0.19302247853868815
217,w99759016,162.4421672269469,other,8362.91554321064,9292.128381345156,10453.644429013299,nr1,-10509.760070156794,-140788.23516197992,-130278.47509182311,0.19301477697901864
218,w99759020,78.66829424034803,other,5363.4306045502435,5959.367338389159,6704.288255687804,nr1,-6740.277181505345,-80701.67173903366,-73961.39455752831,0.19301477697901864
219,w99759023,45.55874986834824,th,6763.263251708072,7514.736946342302,8454.079064635089,r1,-9095.217555969717,-58060.30879039346,-48965.091234423744,0.19302247853868815
220,w99759028,314.5253525768406,trade,33061.024403090545,36734.47155898949,41326.28050386318,nr1,-41548.12186668147,-332718.9757843961,-291170.8539177147,0.19301477697901864
221,w99759036,422.98085668310523,mfh,42631.70476229463,47368.56084699403,53289.63095286828,r1,-57330.99765072938,-289564.75367149175,-232233.75602076238,0.19302247853868815
222,w99759038,116.55152825303375,ab,12476.366237759883,13862.629153066537,15595.457797199853,r1,-16778.182515921315,-133370.60874700267,-116592.42623108135,0.19302247853868815
224,w99759044,415.2007402397692,trade,30727.523085082063,34141.69231675785,38409.403856352576,nr1,-38615.58729199313,-323562.27888033044,-284946.6915883373,0.19301477697901864
225,w99759045,941.2816024620085,trade,46874.11717738663,52082.35241931848,58592.646471733286,nr1,-58907.17447633327,-456725.29541564407,-397818.1209393108,0.19301477697901864
226,w99759047,442.628270605579,mfh,44840.233894655554,49822.482105172836,56050.29236831944,r1,-60301.02146762675,-290568.36849762045,-230267.34702999372,0.19302247853868815
227,w99759050,246.0824731603265,trade,22511.684368925235,25012.98263213915,28139.60546115654,nr1,-28290.660149566946,-252037.46389778456,-223746.80374821762,0.19301477697901864
228,w99759051,91.54405212756247,th,11301.573718027325,12557.30413114147,14126.967147534155,r1,-15198.324812261037,-102969.58976570396,-87771.26495344292,0.19302247853868815
229,w99759055,270.5142616614699,other,18027.259599334837,20030.288443705373,22534.074499168546,nr1,-22655.03844113949,-184431.0815259692,-161776.0430848297,0.19301477697901864
230,w99759057,194.30349186724052,th,26936.28423283178,29929.20470314642,33670.35529103972,r1,-36223.83990230883,-204307.33571803514,-168083.49581572632,0.19302247853868815
231,w99759061,534.3112589053809,trade,25116.553078843055,27907.281198714503,31395.691348553817,nr1,-31564.224854847336,-278325.51995634084,-246761.2951014935,0.19301477697901864
232,w99759062,137.67195288166403,th,17570.109600664895,19522.344000738773,21962.637000831117,r1,-23628.234382259292,-163122.16752344227,-139493.933141183,0.19302247853868815
233,w99759063,182.5971095246263,sfh,23409.161696221272,26010.17966246808,29261.45212027659,r1,-31480.575353359854,-237225.55645051366,-205744.9810971538,0.19302247853868815
234,w99759067,347.13443305995315,other,14604.042087206286,16226.713430229207,18255.052609007857,nr1,-18353.046565873232,-164992.38973422788,-146639.34316835465,0.19301477697901864
235,w99759073,34.86947953915223,sfh,3369.323871661266,3743.69319073474,4211.654839576582,r0,-5559.9437283753705,-63510.03956380508,-57950.09583542971,0.23685291034659986
236,w99759074,1179.944325777702,mfh,115106.04981104136,127895.61090115707,143882.5622638017,r2,-142491.86605473966,-693039.1673650302,-550547.3013102905,0.177681827405919
237,w99759077,212.39228247441352,sfh,25996.152531155218,28884.613923505796,32495.19066394402,r1,-34959.55341222539,-204068.80177633505,-169109.24836410966,0.19302247853868815
239,w99759083,341.51128259450195,trade,15755.53024255659,17506.144713951766,19694.412803195737,nr1,-19800.133311378384,-176149.0014239501,-156348.8681125717,0.19301477697901864
240,w99759085,319.12387123871594,other,16124.762320599133,17916.40257844348,20155.952900748915,nr1,-20264.150977272773,-199359.00686559494,-179094.85588832217,0.19301477697901864
241,w99759087,592.8829183824361,other,51137.99563470979,56819.99514967755,63922.494543387234,nr2,-59160.419546568715,-445459.6121433267,-386299.192596758,0.177681827405919
242,w99759088,334.1662621571682,ab,38269.47653436571,42521.64059373968,47836.84566795714,r1,-51464.68529747511,-281587.01688171877,-230122.33158424366,0.19302247853868815
243,w99759091,80.87078364617192,sfh,11524.131641001168,12804.590712223518,14405.164551251459,r1,-15497.620086290275,-37272.62035915198,-21775.000272861704,0.19302247853868815
244,w99759093,176.2003906674683,sfh,24764.95217261122,27516.61352512358,30956.190215764025,r1,-33303.83860427118,-218029.38431093865,-184725.54570666747,0.19302247853868815
245,w99759094,339.69808716569094,other,37582.71276836215,41758.56974262461,46978.390960452685,nr1,-47230.573110566664,-355802.1520891163,-308571.57897854963,0.19301477697901864
246,w99759096,246.47077107857913,mfh,23598.463882924807,26220.515425472007,29498.079853656007,r1,-31735.14840601378,-172132.85274444122,-140397.70433842743,0.19302247853868815
247,w99759099,50.23060751573648,th,7134.781015914094,7927.53446212677,8918.476269892617,r1,-9594.833608990844,-95453.03412677172,-85858.20051778088,0.19302247853868815
248,w99759102,1460.464218017459,other,128159.99370613102,142399.99300681223,160199.99213266376,nr2,-148265.47076463932,-990631.3548467054,-842365.8840820661,0.177681827405919
249,w99759105,189.26809048298745,mfh,22334.256335775855,24815.840373084284,27917.820419719817,r1,-30035.04562289135,-166845.91125149958,-136810.86562860824,0.19302247853868815
250,w99759110,35.61810292806477,th,4375.3120568172735,4861.457840908081,5469.140071021591,r0,-7219.991237586792,-77144.29158115486,-69924.30034356807,0.23685291034659986
251,w99759111,238.72463138289748,th,34535.9950545772,38373.327838419114,43169.9938182215,r1,-46443.90981734215,-111700.1325995766,-65256.22278223444,0.19302247853868815
252,w99759113,635.4707306571305,th,86670.32318175596,96300.35909083995,108337.90397719495,r2,-107290.76449073944,-632656.8794983336,-525366.1150075941,0.177681827405919
253,w99759120,160.90588292758912,th,23237.39167444857,25819.324082720632,29046.73959306071,r1,-31249.57950720203,-75156.94067022961,-43907.361163027585,0.19302247853868815
254,w99759121,33.129497365746644,ab,3818.7156608234063,4243.017400914896,4773.394576029257,r0,-6301.514783847543,-61416.2213557176,-55114.706571870054,0.23685291034659986
255,w99759126,310.54387535755524,ab,34300.81502744586,38112.016697162064,42876.01878430732,r1,-46127.64037284902,-254380.02912795983,-208252.38875511082,0.19302247853868815
256,w99759127,85.13879598667843,other,8496.79167350324,9440.879637225822,10620.989591879048,nr1,-10678.003549506353,-96550.26043191979,-85872.25688241344,0.19301477697901864
257,w99759131,184.6887545518577,ab,20787.501022478882,23097.223358309868,25984.3762780986,r1,-27954.973391970107,-200715.32172291426,-172760.34833094417,0.19302247853868815
258,w99759132,153.35469039995223,ab,17695.00512599379,19661.116806659767,22118.756407492237,r1,-23796.1935363476,-149315.95604367438,-125519.76250732678,0.19302247853868815
259,w99759137,162.2998407471925,mfh,21055.671207008436,23395.19023000937,26319.589008760544,r1,-28315.607908112124,-260885.74765548838,-232570.13974737626,0.19302247853868815
260,w99759138,557.9003615580499,mfh,56330.74901759959,62589.721130666214,70413.43627199948,r2,-69732.85554456591,-360142.27283926925,-290409.4172947033,0.177681827405919
261,w99759140,160.4533356629312,ab,17634.05521702537,19593.394685583742,22042.56902128171,r1,-23714.22826877586,-167837.10800297698,-144122.87973420112,0.19302247853868815
262,w99759142,128.98004897348582,sfh,17650.096411774208,19611.218235304674,22062.620514717757,r1,-23735.800422730023,-132940.32986634923,-109204.5294436192,0.19302247853868815
263,w99759148,518.2482564277947,ab,59352.94618142581,65947.71797936202,74191.18272678225,r2,-73474.0882092771,-386707.77164584416,-313233.6834365671,0.177681827405919
264,w99759152,155.39786574579776,ab,16837.00273483737,18707.780816485967,21046.253418546712,r1,-22642.354313966447,-146800.2422719393,-124157.88795797285,0.19302247853868815
265,w99759159,71.9146042395383,sfh,9767.034283888204,10852.260315431338,12208.792854860254,r1,-13134.680461557242,-120816.3097509013,-107681.62928934405,0.19302247853868815
266,w99759161,242.4930030848831,mfh,32388.127737790874,35986.808597545416,40485.15967223859,r1,-43555.463840824086,-246234.72949712607,-202679.26565630198,0.19302247853868815
267,w99759162,714.1891373082996,mfh,77904.36715681193,86560.40795201325,97380.45894601491,r2,-96439.22859146612,-489742.7295658775,-393303.5009744114,0.177681827405919
268,w99759164,595.7694656141102,mfh,71961.73720566227,79957.48578406918,89952.17150707783,r2,-89082.73922881164,-214248.83958577126,-125166.10035695962,0.177681827405919
269,w99759165,160.50856082765387,mfh,22755.65774251579,25284.064158350877,28444.572178144736,r1,-30601.745059250472,-180617.0959125094,-150015.35085325892,0.19302247853868815
270,w99759170,93.69908212199807,sfh,11619.451405943726,12910.501562159696,14524.314257429656,r1,-15625.805840307397,-135906.88182112674,-120281.07598081934,0.19302247853868815
271,w99759172,204.59550149962305,other,17169.669362300792,19077.410402556434,21462.08670287599,nr1,-21577.296165354594,-188386.8000711417,-166809.50390578713,0.19301477697901864
272,w99759176,41.50382452430203,sfh,4163.668093659857,4626.297881844285,5204.585117074821,r0,-6870.74356344575,-47692.27557222831,-40821.53200878256,0.23685291034659986
273,w99759177,360.73507672324774,ab,44758.280247853094,49731.42249761455,55947.850309816364,r1,-60190.810432002,-323630.34184267314,-263439.53141067113,0.19302247853868815
274,w99759180,347.1465133147314,education,19069.298725020304,21188.109694467003,23836.62340627538,nr1,-23964.579490320735,-192240.02876377673,-168275.449273456,0.19301477697901864
275,w99759183,128.67689446713774,sfh,18376.72489710795,20418.583219008833,22970.906121384935,r1,-24712.96838300512,-180782.73019331353,-156069.7618103084,0.19302247853868815
276,w99759189,171.2441471248865,ab,18363.415474169808,20403.794971299787,22954.269342712258,r1,-24695.069908162193,-179464.5447470968,-154769.4748389346,0.19302247853868815
277,w99759190,369.99921465907244,other,20710.457907946584,23011.619897718425,25888.072384933228,nr1,-26027.0407408702,-218409.00029410713,-192381.95955323693,0.19301477697901864
278,w99759195,184.4751641433686,sfh,22818.050116989565,25353.389018877293,28522.562646236955,r1,-30685.650150410307,-174815.01021716933,-144129.36006675902,0.19302247853868815
279,w155463247,886.8482149265707,mfh,90574.02742084471,100637.808245383,113217.53427605589,r2,-112123.2307465678,-533728.561616855,-421605.33087028714,0.177681827405919
280,w155463249,403.549402025342,trade,23648.752708879776,26276.391898755304,29560.940886099717,nr1,-29719.625368042147,-268715.47114273225,-238995.8457746901,0.19301477697901864
281,w155463253,721.7602650925515,mfh,85711.09171490726,95234.54634989696,107138.86464363408,r2,-106103.31446605289,-255184.25002813266,-149080.93556207977,0.177681827405919
282,w155463254,852.2730644002556,mfh,87014.59305688317,96682.88117431464,108768.24132110395,r2,-107716.94241113409,-259065.11311956533,-151348.17070843122,0.177681827405919
283,w155463255,713.9319995328784,mfh,71073.4939418158,78970.54882423978,88841.86742726975,r2,-87983.16678771225,-211604.307978577,-123621.14119086476,0.177681827405919
284,w155463260,725.1058137452229,mfh,66389.32398774149,73765.91554193498,82986.65498467686,r2,-82184.54787263965,-363794.4340932539,-281609.88622061425,0.177681827405919
285,w155463261,1003.1358517257496,mfh,96812.24176736335,107569.15751929261,121015.30220920418,r2,-119845.62939150528,-564845.2777985798,-444999.6484070745,0.177681827405919
286,w155463268,907.8277638942003,mfh,88048.47049851796,97831.63388724218,110060.58812314743,r2,-108996.79804141834,-500776.6064101432,-391779.8083687249,0.177681827405919
287,w155463269,646.430608794326,mfh,65800.13973759115,73111.26637510127,82250.17467198893,r2,-81455.1860068489,-420892.94689386897,-339437.76088702003,0.177681827405919
288,w155463275,531.2511221051216,mfh,56742.54191479465,63047.26879421628,70928.17739349332,r2,-70242.62143824167,-316657.6907408349,-246415.06930259324,0.177681827405919
289,w155463277,722.3371928531676,mfh,75825.75026506544,84250.83362785049,94782.18783133179,r2,-93866.0710536644,-461308.10199769645,-367442.030944032,0.177681827405919
290,w155463281,852.691491766274,mfh,81167.2147222987,90185.79413588744,101459.01840287336,r2,-100478.36675163756,-495852.89551650075,-395374.5287648632,0.177681827405919
291,w155463286,75.58565192222595,sfh,11379.481362010443,12643.868180011603,14224.351702513053,r1,-15303.094794579933,-117467.97013078896,-102164.87533620904,0.19302247853868815
292,w155463289,870.3151384696364,mfh,92029.85106537899,102255.39007264332,115037.31383172373,r2,-113925.42123174945,-536251.2348034207,-422325.81357167126,0.177681827405919
293,w155463294,520.8021583877504,mfh,73954.39748668816,82171.55276298684,92442.9968583602,r2,-91549.48951971863,-220181.50838277832,-128632.0188630597,0.177681827405919
294,w155463296,531.2875348292291,mfh,59600.264491446156,66222.51610160685,74500.33061430769,r2,-73780.24802939218,-394905.90917693614,-321125.6611475439,0.177681827405919
295,w155463300,903.6974393147975,mfh,82377.16016846654,91530.17796496282,102971.45021058316,r2,-101976.18015703124,-494656.19113469095,-392680.0109776597,0.177681827405919
296,w155463302,619.062746527791,mfh,73694.19011571503,81882.43346190559,92117.73764464378,r2,-91227.37409735791,-439170.3713328469,-347942.99723548896,0.177681827405919
297,w155463304,1087.9011799693108,mfh,132782.97083749846,147536.6342638872,165978.71354687307,r2,-164374.44709454628,-395329.49763818225,-230955.05054363597,0.177681827405919
298,w155463308,740.3594694465398,mfh,74398.41232336155,82664.90258151284,92998.01540420194,r2,-92099.14353649224,-451293.3232650349,-359194.17972854263,0.177681827405919
299,w155463310,722.3160033598542,mfh,78437.63363840502,87152.92626489447,98047.04204800627,r2,-97099.36883771193,-233529.27040732733,-136429.9015696154,0.177681827405919
300,w155463313,774.0583199881017,mfh,75098.58684319264,83442.87427021404,93873.2335539908,r2,-92965.90226949102,-440267.3561101323,-347301.4538406413,0.177681827405919
301,w155463314,1101.9502923069522,mfh,104359.84119134728,115955.37910149698,130449.8014891841,r2,-129188.93956436454,-601040.8636854151,-471851.9241210506,0.177681827405919
302,w155463317,740.3064833164215,mfh,74649.75970721088,82944.17745245653,93312.1996340136,r2,-92410.29102015153,-442928.4464230793,-350518.1554029278,0.177681827405919
303,w155463319,828.4481069911271,mfh,78474.43739685023,87193.8193298336,98093.04674606278,r2,-97144.92887758209,-433247.54203229473,-336102.61315471266,0.177681827405919
304,w155463321,781.2118542082608,mfh,75955.85291213829,84395.3921245981,94944.81614017286,r2,-94027.12747937362,-439812.2625190029,-345785.1350396293,0.177681827405919
305,w155463324,722.1055689860135,mfh,76230.77521241456,84700.86134712728,95288.4690155182,r2,-94367.45877951583,-454509.1425225526,-360141.68374303676,0.177681827405919
306,w155463327,780.4636536210775,mfh,78934.78481367027,87705.31645963363,98668.48101708783,r2,-97714.80129144607,-490285.3725121624,-392570.5712207163,0.177681827405919
307,w155463330,867.026127423346,mfh,92798.36038612344,103109.28931791494,115997.9504826543,r2,-114876.77285378063,-276284.895282166,-161408.1224283854,0.177681827405919
308,w155463331,701.7002469789237,mfh,75620.8436945795,84023.15966064388,94526.05461822437,r2,-93612.41349488839,-469400.50921069505,-375788.09571580664,0.177681827405919
309,w155463336,356.26551316827533,mfh,37646.38639526564,41829.31821696182,47057.98299408205,r1,-50626.75541641314,-223205.71382112,-172578.95840470685,0.19302247853868815
310,w155463337,437.0872274041176,trade,16347.364508861188,18163.7383431791,20434.205636076484,nr1,-20543.89738600285,-171575.48521553556,-151031.5878295327,0.19301477697901864
311,w155463339,868.4495440013707,mfh,96284.55889755068,106982.84321950076,120355.69862193835,r2,-119192.4011995192,-286664.21649705415,-167471.81529753495,0.177681827405919
312,w155463342,722.9579402044416,mfh,72192.16091602764,80213.5121289196,90240.20114503455,r2,-89367.98491769696,-453187.42909843434,-363819.44418073737,0.177681827405919
313,w155463343,844.8904670208692,mfh,87271.28425516972,96968.09361685524,109089.10531896215,r2,-108034.70509957419,-539813.7651253841,-431779.0600258099,0.177681827405919
314,w155463347,1083.6851687338203,mfh,101563.78341079073,112848.64823421191,126954.7292634884,r2,-125727.64894234754,-543210.3956516141,-417482.7467092665,0.177681827405919
315,w155463348,740.608741542697,mfh,73742.38733091138,81935.98592323487,92177.98416363922,r2,-91287.03830391563,-426107.8354055143,-334820.79710159864,0.177681827405919
316,w155463352,356.4181080274284,mfh,38492.77211566138,42769.74679517931,48115.965144576716,r1,-51764.972572357976,-124497.57832805831,-72732.60575570034,0.19302247853868815
317,w155463353,722.1394314199686,mfh,96023.96050529758,106693.28945033065,120029.95063162198,r2,-118869.80172482635,-285888.347190584,-167018.54546575766,0.177681827405919
318,w155463354,696.3946817303076,mfh,75225.69127239037,83584.10141376707,94032.11409048796,r2,-93123.24714693177,-493197.74845264666,-400074.5013057149,0.177681827405919
319,w155463358,865.4375973489136,mfh,87470.73329689098,97189.70366321219,109338.41662111372,r2,-108281.60668454168,-507141.0648067043,-398859.4581221626,0.177681827405919
320,w155463359,1101.9756921548396,mfh,103923.56216152417,115470.62462391573,129904.4527019052,r2,-128648.86184314918,-595575.1051378583,-466926.24329470913,0.177681827405919
321,w155463364,740.593882034719,mfh,74624.72489312779,82916.3609923642,93280.90611640972,r2,-92379.2999698906,-444110.83711352956,-351731.53714363894,0.177681827405919
322,w155463365,603.6562003400177,mfh,57345.292217422895,63716.9913526921,71681.61527177862,r2,-70988.7769663616,-326747.9689887101,-255759.19202234846,0.177681827405919
323,w155463369,722.4004129424691,mfh,76517.50006263371,85019.44451403746,95646.87507829214,r2,-94722.40067022499,-457940.6657293489,-363218.2650591239,0.177681827405919
324,w155463370,696.1379145577084,mfh,67777.64861111336,75308.49845679261,84722.06076389168,r2,-83903.18009569614,-381340.4650227087,-297437.2849270126,0.177681827405919
325,w155463373,865.3327697202564,mfh,87284.13642326384,96982.3738036265,109105.1705290798,r2,-108050.61503148123,-506521.63130855176,-398471.0162770705,0.177681827405919
326,w155463376,746.0008564919234,mfh,78349.89022816702,87055.43358685223,97937.36278520877,r2,-96990.74967929805,-497685.903605286,-400695.1539259879,0.177681827405919
327,w155463378,701.7079005709849,mfh,75289.53058162499,83655.03397958331,94111.91322703123,r2,-93202.27498530707,-454256.47307328123,-361054.19808797416,0.177681827405919
328,w155463380,903.4881653226912,mfh,80794.44802773364,89771.60891970404,100993.06003466704,r2,-100016.91210178356,-475508.6405619124,-375491.7284601288,0.177681827405919
329,w155463382,654.6620004437864,mfh,67195.36451178146,74661.51612420162,83994.20563972682,r2,-83182.36005171052,-394080.339101342,-310897.9790496315,0.177681827405919
330,w155463388,654.8312545590103,mfh,81045.45395849762,90050.50439833068,101306.81744812202,r2,-100327.63689447757,-241293.43090599956,-140965.79401152197,0.177681827405919
331,w155463390,658.415929133445,mfh,67307.170216775,74785.74468530556,84133.96277096875,r2,-83320.76636107695,-386506.6807753713,-303185.91441429436,0.177681827405919
332,w155463392,746.3197361536323,mfh,74500.89326832342,82778.77029813713,93126.11658540426,r2,-92226.00655634777,-448130.8154353164,-355904.80887896864,0.177681827405919
333,w155463395,740.6091377854347,mfh,81203.21252281987,90225.79169202207,101504.01565352484,r2,-100522.92908158067,-241763.1192522406,-141240.19017065992,0.177681827405919
334,w155463397,721.9107812985777,mfh,69115.7372055503,76795.26356172255,86394.67150693786,r2,-85559.6242277021,-396628.5058493936,-311068.8816216915,0.177681827405919
335,w155463400,957.7393607803388,mfh,132263.3739372203,146959.30437468924,165329.2174215254,r2,-163731.22867085412,-393782.52229740075,-230051.29362654663,0.177681827405919
336,w155463402,519.368776667118,mfh,57328.60677905928,63698.45197673253,71660.7584738241,r2,-70968.12175968676,-370613.27188537084,-299645.1501256841,0.177681827405919
337,w155463405,658.592996231094,mfh,66453.3492473543,73837.05471928256,83066.68655919287,r2,-82263.8059023596,-382805.677085475,-300541.8711831154,0.177681827405919
338,w155463406,932.8967588515952,mfh,87329.94975847227,97033.27750941363,109162.43719809034,r2,-108107.32818977967,-536721.6215069232,-428614.2933171436,0.177681827405919
339,w155463408,740.3845857441426,mfh,81123.65596148898,90137.39551276554,101404.56995186122,r2,-100424.4445718651,-241526.25864258263,-141101.81407071755,0.177681827405919
340,w155463411,886.3585438661277,mfh,86630.34371086476,96255.9374565164,108287.92963858094,r2,-107241.27317885341,-500220.9560138381,-392979.68283498473,0.177681827405919
341,w155463413,436.59599217027426,trade,16616.663351011164,18462.959278901293,20770.829188763953,nr1,-20882.327949308605,-174923.25364794635,-154040.92569863773,0.19301477697901864
342,w155463416,722.4005093876273,mfh,71360.79474582999,79289.7719398111,89200.99343228748,r2,-88338.82166206691,-447931.916277028,-359593.09461496107,0.177681827405919
343,w155463417,828.3400002270937,mfh,74807.01169807202,83118.90188674668,93508.76462259002,r2,-92604.9561107824,-435276.7505394326,-342671.79442865023,0.177681827405919
344,w155463421,509.4774500131606,mfh,62634.51134401355,69593.90149334838,78293.13918001692,r2,-77536.39722226954,-186479.2582080805,-108942.86098581094,0.177681827405919
345,w155463422,674.0859733853489,mfh,66828.4486191273,74253.83179903033,83535.56077390912,r2,-82728.1482156232,-390069.24001999875,-307341.0918043755,0.177681827405919
346,w155463424,701.7858467099256,mfh,75354.80212003247,83727.55791114719,94193.50265004058,r2,-93283.07580614332,-465032.217007886,-371749.1412017427,0.177681827405919
347,w155463427,540.3469697440042,mfh,55711.525451732596,61901.69494636955,69639.40681466574,r2,-68966.30746520514,-346373.8025097283,-277407.49504452315,0.177681827405919
348,w155463430,521.3457492198795,mfh,65819.9805171453,73133.31168571701,82274.97564643163,r2,-81479.7472675932,-195963.22983496368,-114483.48256737049,0.177681827405919
349,w155463434,634.5610695700626,mfh,64418.57211226843,71576.19123585381,80523.21514033554,r2,-79744.91839418892,-374228.43280730676,-294483.51441311784,0.177681827405919
350,w155463435,740.6094772338867,mfh,73569.89609015193,81744.3289890577,91962.37011268991,r2,-91073.50826953203,-434247.1887578097,-343173.6804882777,0.177681827405919
351,w155463436,830.3215000247583,mfh,74986.73881598086,83318.59868442318,93733.42351997607,r2,-92827.44356868329,-413784.61977489316,-320957.1762062099,0.177681827405919
352,w155463437,634.6341266736388,mfh,64166.464939277284,71296.07215475253,80208.0811740966,r2,-79432.83035377518,-377179.80485440587,-297746.9745006307,0.177681827405919
353,w155463439,740.3900625675916,mfh,77902.86750022264,86558.74166691404,97378.5843752783,r2,-96437.37213938386,-489853.2073008981,-393415.83516151423,0.177681827405919
354,w155463441,304.4361848443746,mfh,36817.49098632539,40908.32331813932,46021.863732906735,r1,-49512.0591825275,-119079.19892440487,-69567.13974187738,0.19302247853868815
355,w155463442,681.7836883433163,mfh,68711.68346108304,76346.31495675893,85889.6043263538,r2,-85059.43877150705,-418925.97549635393,-333866.53672484687,0.177681827405919
356,w155463445,701.5969566701912,mfh,73907.62346345419,82119.58162606022,92384.52932931774,r2,-91491.5871082951,-451628.2537715609,-360136.6666632658,0.177681827405919
357,w155463446,527.3302180506289,mfh,52013.41474555332,57792.683050614796,65016.768431941644,r2,-64388.34917139228,-314411.42631599127,-250023.077144599,0.177681827405919
358,w155463447,540.1562461696565,mfh,59085.19228162839,65650.21364625376,73856.49035203549,r2,-73142.63080205828,-384129.0789319674,-310986.4481299091,0.177681827405919
359,w155463448,488.2503870327026,mfh,51268.34796637681,56964.83107375201,64085.43495797101,r2,-63466.01749660595,-328125.35191847425,-264659.3344218683,0.177681827405919
360,w155463452,416.2699146196246,mfh,40700.76121869014,45223.06802076682,50875.95152336267,r1,-54734.27015931576,-131638.90074245466,-76904.6305831389,0.19302247853868815
361,w155463453,826.68092449978,mfh,83117.14823153104,92352.38692392338,103896.4352894138,r2,-102892.22479706007,-484957.3863769689,-382065.1615799088,0.177681827405919
362,w155463454,830.106713430956,mfh,73765.5043705863,81961.67152287367,92206.88046323288,r2,-91315.65530646544,-417636.4990910558,-326320.84378459037,0.177681827405919
363,w155463458,653.3753796381876,mfh,58960.56636749198,65511.74040832442,73700.70795936497,r2,-72988.35412335001,-333283.3330587938,-260294.9789354438,0.177681827405919
364,w155463459,716.456727950275,mfh,75283.97896378927,83648.8655153214,94104.97370473658,r2,-93195.40253693156,-458372.3278447582,-365176.92530782666,0.177681827405919
365,w155463463,389.00259175430983,mfh,37000.96483362116,41112.18314846796,46251.206042026446,r1,-49758.79430060299,-119672.61032138666,-69913.81602078368,0.19302247853868815
366,w155463464,681.5525098629297,mfh,69179.35495120153,76865.94994577947,86474.19368900191,r2,-85638.37778850032,-413980.2787572283,-328341.90096872795,0.177681827405919
367,w155463468,854.9059582386632,mfh,81699.0096870192,90776.67743002134,102123.762108774,r2,-101136.68538046669,-464682.7947796409,-363546.1093991742,0.177681827405919
368,w155463469,716.6904537379742,mfh,100679.18201464991,111865.75779405545,125848.97751831239,r2,-124632.58483531186,-299748.1544315212,-175115.56959620933,0.177681827405919
369,w155463470,608.2978411447257,mfh,64367.74654988399,71519.71838875998,80459.68318735498,r2,-79682.00050899237,-191639.55096929704,-111957.55046030467,0.177681827405919
370,w155463473,376.1376306014136,mfh,43550.29606288637,48389.217847651526,54437.870078607964,r1,-58566.31666951711,-140855.1813054103,-82288.8646358932,0.19302247853868815
371,w155463474,720.4433401308954,mfh,67276.75041664802,74751.94490738669,84095.93802081002,r2,-83283.10913895683,-421357.7607945468,-338074.65165559,0.177681827405919
372,w155463478,851.8925360153429,mfh,87684.85616685112,97427.61796316791,109606.0702085639,r2,-108546.673267538,-261060.66101910218,-152513.9877515642,0.177681827405919
373,w155463479,376.5337288361043,mfh,37121.41584101446,41246.017601127176,46401.76980126807,r1,-49920.77647936871,-241843.56235115038,-191922.78587178167,0.19302247853868815
374,w155463480,664.0854127705097,mfh,73172.86575571459,81303.18417301621,91466.08219464324,r2,-90582.01721995483,-217854.68481010656,-127272.66759015173,0.177681827405919
375,w155463484,531.1159037780716,mfh,68085.21955592721,75650.24395103024,85106.52444490901,r2,-84283.92774486566,-202707.4366077433,-118423.50886287763,0.177681827405919
376,w155463485,716.6882258921862,mfh,74226.11389675422,82473.45988528247,92782.64237094278,r2,-91885.85219024349,-433616.1930838445,-341730.340893601,0.177681827405919
377,w155463490,790.5601109853014,mfh,73479.01625668757,81643.35139631951,91848.77032085945,r2,-90961.00647593959,-436309.49509722984,-345348.48862129025,0.177681827405919
378,w155463491,681.5525530032813,mfh,68426.0537270324,76028.94858559156,85532.5671587905,r2,-84705.8525449585,-403684.01559760555,-318978.163052647,0.177681827405919
379,w155463494,531.001435648324,mfh,56124.10929184654,62360.12143538504,70155.13661480817,r2,-69477.05248146082,-325168.9463792814,-255691.89389782058,0.177681827405919
380,w155463495,716.4590312853455,mfh,79038.97749810597,87821.08610900663,98798.72187263246,r2,-97843.78330463187,-509466.68566182593,-411622.90235719405,0.177681827405919
381,w155463496,611.941689690575,mfh,60485.334200613484,67205.92688957053,75606.66775076685,r2,-74875.89186961438,-365803.5354631622,-290927.6435935478,0.177681827405919
382,w155463500,1108.025532820262,mfh,100906.99247980208,112118.88053311342,126133.7405997526,r2,-124914.5955405669,-586690.8716276184,-461776.27608705155,0.177681827405919
383,w155463502,540.1563036605716,mfh,59609.47184418452,66232.74649353835,74511.83980523064,r2,-73791.64597828596,-376215.19310952415,-302423.54713123816,0.177681827405919
384,w155463507,1267.198863344267,mfh,124829.28501538603,138699.20557265115,156036.60626923252,r2,-154528.43520667058,-745781.6117543636,-591253.1765476931,0.177681827405919
385,w155463508,530.6506136165466,mfh,59404.70237854505,66005.22486505006,74255.87797318131,r2,-73538.15814408526,-371793.3485120444,-298255.19036795915,0.177681827405919
386,w155463511,1747.3368958860635,mfh,164794.07162005454,183104.52402228283,205992.58952506818,r2,-204001.5691481711,-929310.1631712507,-725308.5940230796,0.177681827405919
387,w155463513,612.2091895099729,mfh,81863.33408033723,90959.26008926358,102329.16760042153,r2,-101340.10552632899,-243728.47310799095,-142388.36758166197,0.177681827405919
388,w155463514,830.106801855378,mfh,74653.97590525495,82948.86211694994,93317.46988156869,r2,-92415.5103281544,-422517.302817304,-330101.7924891496,0.177681827405919
389,w155463518,691.345141955465,mfh,72173.4858662746,80192.76207363844,90216.85733284324,r2,-89344.86673500939,-419650.9070812139,-330306.04034620454,0.177681827405919
390,w155463519,507.32179623667616,mfh,55562.18913504426,61735.76570560473,69452.73641880532,r2,-68781.4413311523,-335851.84264606773,-267070.40131491545,0.177681827405919
391,w155463522,1139.1653657640795,mfh,129564.6746402093,143960.74960023255,161955.84330026162,r2,-160390.45988082976,-385747.79140807956,-225357.3315272498,0.177681827405919
392,w155463523,446.09937440417707,mfh,52022.345619720814,57802.60624413424,65027.93202465102,r2,-64399.40486245034,-154884.0760986815,-90484.67123623114,0.177681827405919
393,w155463528,681.6119319483638,mfh,68495.57242516302,76106.19158351446,85619.46553145377,r2,-84791.91100182144,-404926.6043756616,-320134.6933738401,0.177681827405919
394,w155463529,691.3949336603283,mfh,83645.16797269836,92939.0755252204,104556.45996587294,r2,-103545.8700082039,-249033.45682012592,-145487.58681192202,0.177681827405919
395,w155463531,507.3216828555101,mfh,54061.208972385146,60068.00996931683,67576.51121548143,r2,-66923.35077344881,-325252.73332885624,-258329.3825554074,0.177681827405919
396,w155463534,640.8467616457492,mfh,62761.80582241785,69735.3398026865,78452.25727802231,r2,-77693.97736506892,-350759.6331279033,-273065.65576283436,0.177681827405919
397,w155463535,684.7868416263722,mfh,63983.21967634138,71092.46630704598,79979.02459542672,r2,-79205.98772035763,-390386.0563124126,-311180.068592055,0.177681827405919
398,w155463536,691.6131192699074,mfh,70337.30683773482,78152.56315303869,87921.63354716853,r2,-87071.8274237245,-400217.26805016195,-313145.4406264374,0.177681827405919
399,w155463537,507.3215693686623,mfh,56345.158000452444,62605.73111161382,70431.44750056555,r2,-69750.69268568946,-371712.75335110014,-301962.0606654107,0.177681827405919
400,w155463538,643.413233704865,mfh,67471.69315381986,74968.54794868872,84339.61644227481,r2,-83524.43228781852,-200880.80866891146,-117356.37638109294,0.177681827405919
401,w155463539,710.019569536671,mfh,70101.74839593095,77890.83155103438,87627.18549491368,r2,-86780.22535769337,-392788.96937774954,-306008.74402005615,0.177681827405919
402,w155463540,840.6794232809916,mfh,76273.68228195352,84748.53586883724,95342.1028524419,r2,-94420.57421884839,-452866.8201399619,-358446.2459211135,0.177681827405919
403,w155463541,696.2558067506179,mfh,69091.86352939304,76768.73725488115,86364.8294117413,r2,-85530.07057113218,-409579.2521904829,-324049.18161935074,0.177681827405919
404,w155463542,640.557884996757,mfh,65685.4859572708,72983.87328585643,82106.85744658849,r2,-81313.2540133968,-195562.80449084836,-114249.55047745156,0.177681827405919
405,w155463543,587.0278481058776,mfh,64620.647257978446,71800.7191755316,80775.80907247306,r2,-79995.07088089811,-407849.9802273286,-327854.9093464305,0.177681827405919
406,w155463544,825.5248426020145,mfh,98226.61890138821,109140.68766820912,122783.27362673526,r2,-121596.51248985849,-292446.2350861688,-170849.7225963103,0.177681827405919
407,w155463545,709.4769112125038,mfh,68799.48875180824,76443.87639089805,85999.3609397603,r2,-85168.13453289798,-416482.03215307026,-331313.8976201723,0.177681827405919
408,w155463546,647.0489746004342,mfh,65167.88665066121,72408.76294517911,81459.8583133265,r2,-80672.50844712538,-366651.65272471146,-285979.1442775861,0.177681827405919
409,w155463547,586.4484846569597,mfh,65038.9578364076,72265.50870711956,81298.6972955095,r2,-80512.90513034597,-193637.9218374651,-113125.01670711914,0.177681827405919
410,w155463548,500.40091222245246,mfh,58521.66054916764,65024.06727685293,73152.07568645955,r2,-72445.02465302258,-174234.2298860597,-101789.20523303712,0.177681827405919
411,w155463549,672.5395986035466,mfh,71071.92574614852,78968.80638460947,88839.90718268565,r2,-87981.22548986269,-430677.5966613216,-342696.3711714589,0.177681827405919
412,w155463551,586.1050742082298,mfh,58460.95059670617,64956.61177411796,73076.1882458827,r2,-72369.87070213527,-328406.7952160877,-256036.92451395246,0.177681827405919
413,w155463552,667.035758360289,mfh,68669.64406031062,76299.60451145624,85837.05507538827,r2,-85007.39743507236,-424769.60060996393,-339762.2031748916,0.177681827405919
414,w155463553,817.6307530952618,mfh,76749.54752122253,85277.27502358059,95936.93440152815,r2,-95009.65642647636,-466598.2771607171,-371588.62073424074,0.177681827405919
415,w155463556,732.9133296664804,mfh,64357.9958795773,71508.88431064144,80447.49484947162,r2,-79669.92997742981,-361980.2282935095,-282310.2983160797,0.177681827405919
416,w155463558,710.1379440590739,mfh,77163.4124884325,85737.12498714722,96454.26561054062,r2,-95521.9873731924,-441985.1564690101,-346463.1690958177,0.177681827405919
417,w155463561,654.0662793286144,mfh,66767.48224207119,74186.09138007909,83459.35280258898,r2,-82652.67683208095,-198784.1893191785,-116131.51248709754,0.177681827405919
418,w155463562,586.3292756803334,mfh,59654.3554106497,66282.61712294411,74567.94426331212,r2,-73847.20815899945,-365002.37892612163,-291155.1707671222,0.177681827405919
419,w155463566,653.8032613813876,mfh,66481.29901255308,73868.11001394787,83101.62376569134,r2,-82298.40542345778,-393973.20647484466,-311674.80105138686,0.177681827405919
420,w155463567,133.41999841853976,sfh,16572.97361038044,18414.415122644932,20716.217012975547,r1,-22287.28868385933,-186449.7039007953,-164162.41521693597,0.19302247853868815
421,w155463569,886.7166110530495,mfh,90690.7250070177,100767.47223001966,113363.40625877211,r2,-112267.69280434122,-503668.4269062556,-391400.7341019144,0.177681827405919
422,w155463572,311.3570919752121,mfh,35890.06917924034,39877.854643600374,44862.58647405042,r1,-48264.86492323872,-116079.62880449285,-67814.76388125413,0.19302247853868815
423,w155463574,863.4385226266459,mfh,80266.77887142508,89185.30985713897,100333.47358928135,r2,-99363.70088599285,-474272.9654846425,-374909.26459864964,0.177681827405919
424,w155463577,931.9227139726281,mfh,104741.59050899002,116379.54500998891,130926.98813623752,r2,-129661.5139661908,-311843.0028833907,-182181.4889171999,0.177681827405919
425,w155463578,931.2066993936896,mfh,95901.79540846782,106557.55045385312,119877.24426058478,r2,-118718.57133647914,-562427.2068480903,-443708.6355116111,0.177681827405919
426,w155463581,136.57608463019133,sfh,20238.058157433414,22486.731286037128,25297.572696791765,r1,-27216.08415963071,-174658.46185691902,-147442.37769728832,0.19302247853868815
427,w155463583,949.1963916398585,mfh,98696.62464541465,109662.91627268294,123370.7808067683,r2,-122178.34112208689,-602387.6598708765,-480209.3187487896,0.177681827405919
428,w155463586,949.1754787907004,mfh,101711.11223859426,113012.34693177139,127138.89029824281,r2,-125910.02996951203,-302820.47955315764,-176910.44958364562,0.177681827405919
429,w155463589,722.9646147996187,mfh,79863.38270239974,88737.09189155528,99829.22837799968,r2,-98864.3294543599,-237774.09681595568,-138909.76736159576,0.177681827405919
430,w155463591,591.1442194825038,mfh,72104.48386231158,80116.0931803462,90130.60482788947,r2,-89259.44790322475,-461483.3276544448,-372223.87975122005,0.177681827405919
431,w155463593,535.6290349200369,mfh,57403.922688774626,63782.13632086069,71754.90336096828,r2,-71061.35668987999,-355405.01918511366,-284343.6624952337,0.177681827405919
432,w155463596,724.8313003255054,mfh,67296.75836170698,74774.1759574522,84120.94795213372,r2,-83307.87733691039,-391561.1224894033,-308253.2451524929,0.177681827405919
433,w155463597,752.1160736689344,mfh,96345.81377389302,107050.90419321446,120432.26721736627,r2,-119268.22972155864,-286846.58822243096,-167578.35850087233,0.177681827405919
434,w155463600,535.4490051213652,mfh,64489.169061256325,71654.6322902848,80611.4613265704,r2,-79832.31163733792,-192001.05741940904,-112168.74578207113,0.177681827405919
435,w155463601,907.8308945208788,mfh,90872.07987539202,100968.97763932447,113590.09984424003,r2,-112492.19528405616,-547647.973460365,-435155.77817630884,0.177681827405919
436,w155463605,389.4215188790113,mfh,42998.73447932191,47776.37164369101,53748.41809915238,r1,-57824.57819042316,-139071.25986565964,-81246.68167523647,0.19302247853868815
437,w155463606,690.2915003947913,mfh,72619.17804943162,80687.97561047958,90773.97256178952,r2,-89896.59716940713,-435644.6151578584,-345748.0179884513,0.177681827405919
438,w155463610,725.1058211326599,mfh,66694.63523034648,74105.15025594053,83368.2940379331,r2,-82562.49819547405,-378429.9348519673,-295867.4366564933,0.177681827405919
439,w155463611,1002.8680375270545,mfh,112403.2420384642,124892.49115384911,140504.05254808025,r2,-139146.01130832097,-334653.7355482941,-195507.72423997312,0.177681827405919
440,w155463612,535.6290688522159,mfh,63516.22491576578,70573.58323973975,79395.28114470722,r2,-78627.88643913531,-189104.3492207538,-110476.46278161848,0.177681827405919
441,w155463616,543.6235096465331,mfh,57717.03913082603,64130.04347869559,72146.29891353253,r2,-71448.96921062557,-330632.65403521236,-259183.6848245868,0.177681827405919
442,w155463618,752.1486698825844,mfh,78276.75754478379,86974.17504975977,97845.94693097973,r2,-96900.21740456557,-456246.65299919917,-359346.43559463357,0.177681827405919
443,w155463621,238.18491610530762,mfh,25941.058157091844,28823.39795232427,32426.322696364805,r1,-34885.462651660986,-177570.74175714413,-142685.27910548315,0.19302247853868815
444,w155463623,73.76475410088896,mfh,9386.532258258556,10429.48028695395,11733.165322823193,r1,-12622.98239883363,-74649.16241013813,-62026.1800113045,0.19302247853868815
445,w155463625,52.41574023310095,sfh,7168.165529890833,7964.628366545369,8960.206912363541,r1,-9639.729010266565,-61616.72047649928,-51976.991466232714,0.19302247853868815
446,w155463626,98.3909645654261,mfh,11326.695090576788,12585.216767307542,14158.368863220985,r1,-15232.107963993929,-79982.31473974082,-64750.20677574689,0.19302247853868815
447,w155463629,643.7923131911084,mfh,60925.212855087026,67694.68095009669,76156.51606885878,r2,-75420.42563144944,-344785.12358190544,-269364.697950456,0.177681827405919
448,w155463631,546.7249739198014,mfh,62732.02766693095,69702.25296325661,78415.03458366368,r2,-77657.11444648242,-186769.5897069716,-109112.47526048918,0.177681827405919
449,w155463632,612.4270064728335,mfh,67447.16411095476,74941.2934566164,84308.95513869345,r2,-83494.06734091851,-200807.77931784154,-117313.71197692303,0.177681827405919
450,w155463633,683.6260891854763,mfh,67343.37274848943,74825.96972054381,84179.21593561179,r2,-83365.5821314762,-390972.5771366484,-307606.9950051722,0.177681827405919
451,w155463638,279.5906790524721,ab,31093.580676718997,34548.42297413222,38866.97584589874,r1,-41814.56056400482,-249881.61684063397,-208067.05627662916,0.19302247853868815
452,w155463639,282.758548167441,other,12733.875761949328,14148.750846610365,15917.34470243666,nr1,-16002.789736400142,-187251.92451594654,-171249.13477954638,0.19301477697901864
453,w155463640,56.80619836300611,sfh,8149.209288913908,9054.67698768212,10186.511611142383,r1,-10959.033920952646,-86708.2520679428,-75749.21814699016,0.19302247853868815
454,w155463643,240.41873629689215,ab,28483.777730710135,31648.64192301126,35604.72216338767,r1,-38304.90484179609,-249754.81766689674,-211449.91282510065,0.19302247853868815
455,w155463644,98.43792371228336,mfh,11153.843250929993,12393.159167699992,13942.30406366249,r1,-14999.657292176571,-81646.46907396488,-66646.8117817883,0.19302247853868815
456,w155463645,98.39091195091605,mfh,11053.44919247696,12281.61021386329,13816.811490596201,r1,-14864.647642400414,-83042.8186652153,-68178.17102281487,0.19302247853868815
457,w155463647,97.66299930792302,mfh,9369.723502372359,10410.803891524843,11712.154377965448,r1,-12600.378030802925,-74957.34851742348,-62356.97048662056,0.19302247853868815
458,w155463653,376.11661268314344,mfh,49110.00769747382,54566.67521941535,61387.50962184227,r1,-66043.00136787748,-158837.01520993304,-92794.01384205556,0.19302247853868815
459,w155463654,482.5493668295443,mfh,52586.0148678914,58428.905408768216,65732.51858486424,r2,-65097.181244676554,-329402.1934959331,-264305.0122512565,0.177681827405919
460,w155463656,73.78574474137277,mfh,10518.511422655341,11687.23491406149,13148.139278319177,r1,-14145.264821658646,-85934.1487792458,-71788.88395758715,0.19302247853868815
461,w155463657,470.15250823192764,mfh,44569.71600670739,49521.906674119324,55712.145008384236,r1,-59937.22976647589,-266387.3107162827,-206450.0809498068,0.19302247853868815
462,w155463660,49.947176152281465,mfh,6130.094348688484,6811.2159429872045,7662.617935860605,r1,-8243.733781301704,-48134.231382415535,-39890.497601113835,0.19302247853868815
463,w155463661,78.16354378722608,sfh,10628.335831745004,11809.262035272226,13285.419789681255,r1,-14292.956380666648,-105483.67235812383,-91190.71597745718,0.19302247853868815
464,w155463663,104.99722011834383,sfh,12659.813951807402,14066.45994645267,15824.767439759253,r1,-17024.88249007745,-111302.07078206194,-94277.1882919845,0.19302247853868815
465,w155463665,467.86907609552145,trade,25152.751602532997,27947.501780592218,31440.939503166246,nr1,-31609.71590362207,-261105.97981229748,-229496.2639086754,0.19301477697901864
466,w155463667,587.3173447391018,mfh,62170.68286456457,69078.53651618285,77713.3535807057,r2,-76962.21553786186,-375077.9763129095,-298115.76077504765,0.177681827405919
467,w155463669,557.4523567564785,mfh,63822.83861379559,70914.26512643954,79778.54826724448,r2,-79007.44909515498,-426839.8173462453,-347832.3682510903,0.177681827405919
468,w155463671,449.48969881236553,mfh,44460.06219337882,49400.06910375424,55575.07774172352,r1,-59789.767624171545,-312025.19944501936,-252235.43182084782,0.19302247853868815
469,w155576276,58.73152135126293,other,7036.542804460303,7818.380893844781,8795.678505575379,nr1,-8842.894109854258,-97863.65155833967,-89020.75744848541,0.19301477697901864
470,w159548666,1258.4072781499474,other,45034.07044829587,50037.85605366207,56292.58806036983,nr1,-56594.769246279204,-495208.00372745324,-438613.23448117403,0.19301477697901864
471,w159548667,15669.025621107221,trade,613413.7969842755,681570.8855380839,766767.2462303443,nr2,-709644.8958318545,-4711620.921586769,-4001976.025754914,0.177681827405919
472,w159548669,2256.2803165019486,trade,261494.21083095495,290549.1231455055,326867.76353869366,nr2,-302516.88650968333,-727604.1044492666,-425087.21793958324,0.177681827405919
473,w159548670,188.14899220019578,mfh,23028.989782019133,25587.766424465703,28786.237227523914,r1,-30969.321223563165,-163641.87255481677,-132672.5513312536,0.19302247853868815
474,w159548671,318.3455893772654,other,12677.331192583715,14085.923547315238,15846.663990729643,nr1,-15931.729607401783,-121736.8671043407,-105805.13749693891,0.19301477697901864
475,w159548672,170.00981159284711,ab,21983.144401197525,24425.716001330584,27478.930501496907,r1,-29562.871272635086,-177761.07163408844,-148198.20036145335,0.19302247853868815
476,w159548674,118.95309109317604,trade,10044.893361266411,11160.992623629345,12556.116701583014,nr1,-12623.518509992175,-117859.73566634758,-105236.2171563554,0.19301477697901864
477,w159548675,865.047436706489,mfh,94066.05527670533,104517.83919633925,117582.56909588166,r2,-116446.07534347256,-606841.6521870152,-490395.5768435426,0.177681827405919
478,w159548677,106.67055884185247,other,5052.772241354683,5614.191379282981,6315.965301693353,nr1,-6349.869692143147,-77789.11237788184,-71439.24268573869,0.19301477697901864
479,w159872586,633.9711885744706,mfh,61528.304105702184,68364.7823396691,76910.38013212773,r2,-76167.00322526414,-389040.5613017988,-312873.55807653465,0.177681827405919
480,w159872589,1091.462102752924,mfh,104981.15974855874,116645.73305395416,131226.4496856984,r2,-129958.081071495,-622262.6784884909,-492304.59741699585,0.177681827405919
481,w159872591,2692.1037788091226,mfh,238842.17683578568,265380.1964842063,298552.7210447321,r2,-295667.0611646917,-1284815.7580181318,-989148.6968534401,0.177681827405919
482,w159872593,436.90541737405584,mfh,41771.57313857874,46412.85904286526,52214.46642322342,r1,-56174.29504234137,-261563.24077011025,-205388.94572776888,0.19302247853868815
483,w159872596,218.88012801047884,mfh,23926.839112240952,26585.376791378836,29908.54889030119,r1,-32176.74649845347,-179214.12357372075,-147037.3770752673,0.19302247853868815
484,w159872599,487.8712977081537,mfh,46825.5540892305,52028.39343247833,58531.94261153812,r1,-62970.87452759139,-294614.3295702768,-231643.45504268538,0.19302247853868815
485,w159872601,629.8896718598901,mfh,59138.13100415723,65709.03444906359,73922.66375519653,r2,-73208.1646065114,-360127.3494567059,-286919.1848501945,0.177681827405919
486,w159872603,453.131132603623,mfh,41977.27905722256,46641.42117469173,52471.59882152819,r1,-56450.92778795328,-257795.6006568064,-201344.67286885311,0.19302247853868815
487,w159872608,317.054659525305,mfh,36148.8017943321,40165.33532703567,45186.00224291513,r1,-48612.80782232523,-253859.57840564055,-205246.77058331532,0.19302247853868815
488,w159872611,474.9952949794941,mfh,49392.47210315651,54880.52455906279,61740.59012894564,r1,-66422.85871275504,-327107.39837211877,-260684.53965936374,0.19302247853868815
489,w159872613,461.6615135567263,mfh,49483.41463924298,54981.57182138109,61854.26829905373,r1,-66545.15798161601,-345939.1869852433,-279394.02900362725,0.19302247853868815
490,w159872615,129.00588214695452,mfh,16719.873106670097,18577.636785188995,20899.841383337618,r1,-22484.838716719485,-133222.96164296393,-110738.12292624444,0.19302247853868815
491,w159872617,185.93316667452453,mfh,23274.884584316744,25860.98287146305,29093.605730395928,r1,-31299.999867812912,-160542.2229651013,-129242.2230972884,0.19302247853868815
492,w159872620,129.2747205838561,mfh,17497.094806705965,19441.216451895518,21871.368508382457,r1,-23530.044291005182,-123134.49537343916,-99604.45108243398,0.19302247853868815
493,w159872622,447.3657494872576,mfh,46366.44062561429,51518.26736179365,57958.05078201786,r1,-62353.46002233616,-326600.53985304246,-264247.0798307063,0.19302247853868815
494,w159872625,238.36158968657256,mfh,25116.058872769172,27906.732080854636,31395.073590961463,r1,-33776.00591529353,-181543.28916320123,-147767.2832479077,0.19302247853868815
495,w159872628,167.04002443812786,mfh,19006.772350224233,21118.635944693593,23758.46543778029,r1,-25560.254440549903,-158669.2509178346,-133108.9964772847,0.19302247853868815
496,w159872630,195.52493976540862,mfh,18074.7621351929,20083.069039103222,22593.452668991125,r1,-24306.88970305351,-117498.49850814222,-93191.6088050887,0.19302247853868815
497,w159872632,133.65780365467072,th,16477.88462317202,18308.760692413354,20597.355778965022,r1,-22159.41327909537,-53294.595811128915,-31135.182532033545,0.19302247853868815
498,w159872635,49.369007284846155,th,6739.6868476192685,7488.540941799187,8424.608559524086,r1,-9063.512073513304,-84431.07736255537,-75367.56528904206,0.19302247853868815
499,w159872640,133.91130499513818,mfh,16908.877072954834,18787.64119217204,21136.09634119354,r1,-22739.01072338605,-121959.45345066248,-99220.44272727643,0.19302247853868815
500,w159872643,87.82295271442271,other,9591.78852868142,10657.542809646022,11989.735660851775,nr1,-12054.097109944338,-104102.13283090202,-92048.03572095768,0.19301477697901864
501,w159872648,133.79360626488923,mfh,16965.31316645674,18850.347962729713,21206.641458070924,r1,-22814.905824508907,-133843.59545575522,-111028.6896312463,0.19302247853868815
502,w159872651,467.48304517045614,other,34799.30109969496,38665.890110772176,43499.126374618696,nr1,-43732.63167339458,-364182.43014045083,-320449.79846705624,0.19301477697901864
503,w159872654,134.11286987382917,mfh,15572.749109392586,17303.054565991763,19465.93638674073,r1,-20942.189564880304,-106634.77655277732,-85692.58698789701,0.19302247853868815
504,w159872660,131.42538360562176,mfh,16010.967487406166,17789.96387489574,20013.709359257708,r1,-21531.504417300268,-111537.38640939062,-90005.88199209035,0.19302247853868815
505,w159872663,509.8066861014813,other,40789.69983623175,45321.88870692417,50987.12479528969,nr1,-51260.82601187306,-123290.92710831099,-72030.10109643792,0.19301477697901864
506,w159872669,96.41428965386004,other,6140.942525975589,6823.26947330621,7676.178157469486,nr1,-7717.3842327060365,-91348.68463148679,-83631.30039878075,0.19301477697901864
507,w159872671,385.8471666022902,mfh,41085.27500261371,45650.30555845967,51356.59375326713,r1,-55251.36322340293,-260845.54755061882,-205594.1843272159,0.19302247853868815
508,w159872676,450.3884779855609,trade,21572.307796555673,23969.230885061857,26965.38474569459,nr1,-27110.136163629362,-226661.09344681475,-199550.9572831854,0.19301477697901864
509,w159872680,74.82275880910456,trade,6347.627257792996,7052.919175325551,7934.534072241245,nr1,-7977.127013838047,-83753.28762015549,-75776.16060631744,0.19301477697901864
510,w159872682,128.20031198486686,mfh,17098.113549140475,18997.903943489415,21372.641936425593,r1,-22993.495408718794,-142338.5617887175,-119345.0663799987,0.19302247853868815
511,w159872688,74.73616111706941,trade,5317.786693607912,5908.651881786568,6647.23336700989,nr1,-6682.91601957696,-69673.07598467957,-62990.15996510261,0.19301477697901864
512,w159872690,271.2794532585889,mfh,37662.36732773164,41847.07480859071,47077.95915966455,r1,-50648.24652981742,-259127.11166442893,-208478.8651346115,0.19302247853868815
513,w159872699,406.91918786983007,mfh,43877.34349126553,48752.60387918392,54846.67936408191,r1,-59006.12913896041,-263824.60538951424,-204818.47625055382,0.19302247853868815
514,w159872700,406.7131608505966,mfh,40678.93594210743,45198.8177134527,50848.66992763429,r1,-54704.91958824507,-252060.2279154383,-197355.30832719323,0.19302247853868815
515,w159872708,435.5580747295171,mfh,46872.894326570284,52080.9936961892,58591.11790821285,r1,-63034.53754671871,-323648.1897473105,-260613.65220059175,0.19302247853868815
516,w159872710,142.59727319749075,mfh,15785.244708098155,17539.160786775727,19731.555885122692,r1,-21227.95305330064,-120039.37301911267,-98811.41996581203,0.19302247853868815
517,w159872717,364.7500545413,mfh,42624.77941045999,47360.86601162221,53280.97426307498,r1,-57321.68445689921,-270072.6857401807,-212751.0012832815,0.19302247853868815
518,w159872718,186.0198295045644,mfh,25865.705318047403,28739.672575608223,32332.131647559254,r1,-34784.12836389744,-195665.91556769997,-160881.78720380252,0.19302247853868815
519,w159872719,169.79583046399057,mfh,20853.61252597942,23170.680584421578,26067.015657474276,r1,-28043.879957471272,-176250.0611962216,-148206.18123875032,0.19302247853868815
520,w159872726,172.48843573874328,mfh,18695.70090016346,20773.001000181623,23369.626125204326,r1,-25141.926422186996,-140479.68227275228,-115337.75585056529,0.19302247853868815
521,w159872727,172.59632431017235,mfh,21043.444879268325,23381.60542140925,26304.306099085406,r1,-28299.165976670407,-68061.03544002633,-39761.86946335592,0.19302247853868815
522,w159872732,140.4957689295523,mfh,18976.199229647278,21084.665810719198,23720.249037059097,r1,-25519.13979327633,-152048.8257906242,-126529.68599734787,0.19302247853868815
523,w159872736,118.37831126665697,mfh,14679.616639748732,16310.68515527637,18349.520799685914,r1,-19741.107510938393,-113031.4552700437,-93290.34775910531,0.19302247853868815
524,w159872737,187.97203346798193,mfh,24944.26660849226,27715.85178721362,31180.333260615324,r1,-33544.98015747809,-188511.54463941892,-154966.56448194082,0.19302247853868815
525,w159872743,753.6066189933568,other,31827.00488865078,35363.33876516753,39783.75611081347,nr1,-39997.31713217923,-343845.1277635197,-303847.8106313405,0.19301477697901864
526,w159872746,394.377677144669,mfh,44537.18740147157,49485.76377941285,55671.484251839465,r1,-59893.48538888755,-144047.0943574922,-84153.60896860465,0.19302247853868815
527,w159872748,575.8923149108887,trade,55207.313642999135,61341.45960333237,69009.14205374892,nr2,-63868.12382106713,-153613.60343167128,-89745.47961060415,0.177681827405919
528,w159872750,127.08080641776323,mfh,17865.116812482014,19850.129791646683,22331.396015602517,r1,-24024.95925784048,-232796.35263781413,-208771.39337997366,0.19302247853868815
529,w159872753,434.5401292324066,other,25725.96143987,28584.401599855555,32157.451799837498,nr1,-32330.07447105449,-271634.6899882021,-239304.61551714764,0.19301477697901864
530,w159872756,252.43327465518377,mfh,33635.93448393886,37373.260537709844,42044.91810492357,r1,-45233.51087250756,-239104.26837709418,-193870.75750458663,0.19302247853868815
531,w159872759,386.07803563163617,mfh,40885.04737063046,45427.83041181162,51106.30921328808,r1,-54982.097662411456,-276355.80271112995,-221373.7050487185,0.19302247853868815
532,w159872763,1345.7076428122818,trade,70170.62199602295,77967.35777335883,87713.27749502868,nr2,-81178.84531068128,-556511.15454362,-475332.3092329387,0.177681827405919
533,w159872767,486.0339612279087,mfh,45082.85482234876,50092.060913720845,56353.568527935946,r1,-60627.297414440385,-270359.18011533795,-209731.88270089758,0.19302247853868815
534,w159872769,563.4171857964247,other,35443.64525157622,39381.82805730691,44304.55656447027,nr1,-44542.38544932245,-355455.9107420901,-310913.5252927676,0.19301477697901864
535,w159872774,2747.8572637828997,other,119011.47723873041,132234.97470970044,148764.346548413,nr2,-137681.75379015636,-1042605.3436605417,-904923.5898703854,0.177681827405919
536,w159872776,80.53474041707815,sfh,12444.034937831644,13826.705486479605,15555.043672289554,r1,-16734.703473960268,-111669.46381921254,-94934.76034525227,0.19302247853868815
537,w159872779,530.1892838459462,trade,41088.84380523203,45654.270894702255,51361.054756540034,nr1,-51636.76324624819,-377351.8466021247,-325715.0833558765,0.19301477697901864
538,w159872782,386.9254036822822,mfh,34779.397511211064,38643.77501245674,43474.246889013826,r1,-46771.236762095235,-210470.7956718628,-163699.55890976757,0.19302247853868815
539,w159872787,649.6997715241275,sfh,73844.5187104147,82049.46523379411,92305.64838801838,r2,-91413.46859035204,-430033.39689331065,-338619.9283029586,0.177681827405919
540,w159872789,103.62989482581615,mfh,13622.502345110554,15136.113716789503,17028.12793138819,r1,-18319.503156142426,-109808.66948590429,-91489.16632976187,0.19302247853868815
541,w159872791,7102.280937734339,other,341045.9633446604,378939.9592718449,426307.4541808255,nr2,-394548.5548604316,-2460541.386466279,-2065992.8316058475,0.177681827405919
542,w159872796,295.65545302389654,other,14692.2812732514,16324.756970279332,18365.35159156425,nr1,-18463.937638409883,-164988.78574751408,-146524.8481091042,0.19301477697901864
543,w159872797,3172.659030787088,other,124134.27925297005,137926.9769477445,155167.84906621257,nr2,-143608.2104816016,-1142786.331039712,-999178.1205581105,0.177681827405919
544,w159872802,393.79842739673325,mfh,39710.81716874246,44123.130187491624,49638.521460928074,r1,-53402.996162220064,-244715.7382931858,-191312.74213096575,0.19302247853868815
545,w159872803,469.9664310747758,mfh,46940.21759095484,52155.79732328315,58675.271988693545,r1,-63125.07368487671,-151819.24021232812,-88694.16652745141,0.19302247853868815
546,w159872804,664.4021281981841,mfh,71285.2107419375,79205.78971326388,89106.51342742186,r2,-88245.25485323097,-212234.64405033196,-123989.38919710099,0.177681827405919
547,w159872808,295.65545226749964,other,15824.74835213696,17583.053724596622,19780.935440171197,nr1,-19887.120405824182,-167503.53270455572,-147616.41229873153,0.19301477697901864
548,w159872809,678.8678823016584,other,34505.649287262946,38339.61031918105,43132.06160907868,nr1,-43363.596487414165,-354130.9650744877,-310767.3685870736,0.19301477697901864
549,w159872812,337.05531151816245,mfh,38041.70913462511,42268.56570513901,47552.136418281385,r1,-51158.38433362084,-256497.0603531585,-205338.67601953767,0.19302247853868815
550,w159872814,765.4437305399682,mfh,79399.36095195425,88221.51216883806,99249.2011899428,r2,-98289.90851628143,-466329.84052221826,-368039.93200593686,0.177681827405919
551,w159872815,1229.117813373683,mfh,149792.9605537908,166436.62283754532,187241.2006922385,r2,-185431.42177333444,-954155.5163546606,-768724.0945813262,0.177681827405919
552,w159872820,336.8380303993821,mfh,38637.43829336847,42930.48699263163,48296.797866710585,r1,-51959.51924461774,-278932.2330290389,-226972.71378442115,0.19302247853868815
553,w159872826,1791.1392054180615,th,178358.86709907744,198176.51899897493,222948.5838738468,r2,-220793.67541565126,-1052606.87901355,-831813.2035978987,0.177681827405919
554,w159872827,157.03123329076917,th,22144.882072210334,24605.424524678147,27681.102590262915,r1,-29780.375641474468,-174004.7085696376,-144224.33292816312,0.19302247853868815
555,w159872832,35.670331929810345,sfh,3676.201183569743,4084.667981744159,4595.251479462178,r0,-6066.342237606532,-52219.06932316608,-46152.72708555954,0.23685291034659986
556,w159872833,162.84196072258055,mfh,21239.15922568886,23599.065806320956,26548.949032111075,r1,-28562.36208382616,-158917.24048331316,-130354.878399487,0.19302247853868815
557,w159872834,33.79703346360475,sfh,4555.214293213258,5061.349214681398,5694.017866516572,r0,-7516.859793139862,-62122.10792186657,-54605.24812872671,0.23685291034659986
558,w159872835,42.916394099872555,th,6704.477568681241,7449.419520756934,8380.59696085155,r1,-9016.162733407506,-58575.47607241131,-49559.3133390038,0.19302247853868815
559,w159872839,58.88304680213332,other,5318.843004436388,5909.8255604848755,6648.553755545484,nr1,-6684.243496018572,-74974.16532403285,-68289.92182801427,0.19301477697901864
560,w159872840,318.65718863122163,other,26659.24765591642,29621.386284351578,33324.05956989552,nr1,-33502.94464494922,-257787.36659896493,-224284.4219540157,0.19301477697901864
561,w159872842,48.8293092939537,other,2375.76436505535,2639.7381833948334,2969.7054563191873,nr0,-3660.9054447628246,-32167.793122530125,-28506.8876777673,0.23666858635184343
562,w159872843,143.51003436879253,mfh,19080.71500207315,21200.794446747943,23850.893752591437,r1,-25659.692312506366,-162544.1198072902,-136884.42749478383,0.19302247853868815
563,w159872845,162.83680398128925,mfh,21498.13375395689,23886.81528217432,26872.667192446108,r1,-28910.63030707734,-173519.01759031665,-144608.3872832393,0.19302247853868815
564,w159872848,156.42925329236314,mfh,21291.72814453538,23657.47571615042,26614.660180669223,r1,-28633.056619259252,-68864.06062024074,-40231.004000981484,0.19302247853868815
565,w159872851,167.48750086340587,mfh,20694.65294755158,22994.058830612867,25868.316184439474,r1,-27830.11155979116,-163632.49018713372,-135802.37862734255,0.19302247853868815
566,w159872853,143.46053532976657,th,18641.830787650975,20713.145319612195,23302.288484563716,r1,-25069.482045141365,-60293.46968543498,-35223.98764029362,0.19302247853868815
567,w159872855,768.5454076524824,other,30902.518900127714,34336.13211125301,38628.14862515964,nr1,-38835.506292718215,-313723.14145026106,-274887.6351575428,0.19301477697901864
568,w159872857,315.41669200100006,mfh,33248.68266430212,36942.98073811347,41560.85333037765,r1,-44712.73570563056,-232920.39263983624,-188207.65693420568,0.19302247853868815
569,w159872858,136.24142913175746,other,12600.205042488164,14000.227824986849,15750.256303110204,nr1,-15834.804398908293,-155381.08338934102,-139546.27899043274,0.19301477697901864
570,w159872860,131.01957194106652,other,10778.366395040914,11975.96266115657,13472.957993801141,nr1,-13545.28144817684,-113944.5750550962,-100399.29360691935,0.19301477697901864
571,w159872862,156.42902136784977,mfh,20547.76308719318,22830.847874659088,25684.703858991474,r1,-27632.574485304485,-137656.08146390473,-110023.50697860024,0.19302247853868815
572,w159872865,158.90607472276315,mfh,21250.92912058293,23612.143467314363,26563.66140072866,r1,-28578.190205649666,-68732.1039073034,-40153.91370165374,0.19302247853868815
573,w159872867,192.56274920739233,mfh,23626.608294376343,26251.78699375149,29533.260367970426,r1,-31772.996932029942,-167208.0988626426,-135435.10193061264,0.19302247853868815
574,w159872868,54.98272090442479,other,4338.732794656411,4820.814216284901,5423.415993320514,nr0,-6685.7179714279555,-57168.47624991718,-50482.75827848922,0.23666858635184343
575,w159872870,315.09365436807275,mfh,33572.70898486998,37303.00998318887,41965.886231087476,r1,-45148.48539771608,-232874.13780990196,-187725.65241218588,0.19302247853868815
576,w159872874,56.548262861557305,th,6258.9085433516675,6954.342825946297,7823.635679189584,r1,-8416.962750980329,-83203.59845193944,-74786.63570095912,0.19302247853868815
577,w159872876,86.08918008172186,other,7937.8236826816055,8819.804091868451,9922.279603352006,nr1,-9975.54285382203,-95003.94449369922,-85028.4016398772,0.19301477697901864
578,w159872878,413.8979488207959,mfh,49390.03592714167,54877.81769682407,61737.544908927084,r1,-66419.58255004558,-344442.3972123903,-278022.81466234475,0.19302247853868815
579,w159872879,205.3686287334189,mfh,25436.2263636754,28262.47373741711,31795.282954594248,r1,-34206.56626401359,-192945.20461862435,-158738.63835461077,0.19302247853868815
580,w159872883,329.8948070596903,th,38258.33027645758,42509.25586273064,47822.91284557197,r1,-51449.69584093077,-308644.25592912984,-257194.56008819907,0.19302247853868815
581,w159872884,900.053558271192,other,37831.76819712391,42035.297996804344,47289.71024640488,nr1,-47543.56357267662,-431633.20365077263,-384089.640078096,0.19301477697901864
582,w159872887,1008.3728146322071,other,88407.21114906944,98230.23461007715,110509.01393633679,nr2,-102276.35318133284,-689600.1497947284,-587323.7966133956,0.177681827405919
583,w159872892,458.9937253634445,other,39649.09661200691,44054.55179111879,49561.370765008636,nr1,-49827.418468784555,-385512.72751392075,-335685.3090451362,0.19301477697901864
584,w159872895,353.7920229201671,th,49227.57275316536,54697.30305907262,61534.4659414567,r1,-66201.10252684454,-327175.86365226674,-260974.7611254222,0.19302247853868815
585,w159872899,2008.66189844124,other,87830.35072413228,97589.2785823692,109787.93840516535,nr2,-101608.99607561299,-755957.1316044322,-654348.1355288193,0.177681827405919
587,w160025355,131.5437356668757,ab,15822.357973565722,17580.397748406358,19777.94746695715,r1,-21277.862869180535,-157858.87882924077,-136581.01596006023,0.19302247853868815
588,w160025360,102.43726858533918,mfh,14598.10513130861,16220.116812565122,18247.63141413576,r1,-19631.491061750065,-118108.98546527422,-98477.49440352415,0.19302247853868815
589,w160025362,106.2412323884666,mfh,12893.32495058692,14325.916611763245,16116.65618823365,r1,-17338.907429898496,-128833.94962382344,-111495.04219392495,0.19302247853868815
590,w160025367,104.2175793532282,mfh,14296.527182761089,15885.030203067876,17870.65897845136,r1,-19225.92987774173,-112983.10404321917,-93757.17416547744,0.19302247853868815
591,w160025369,103.97346241511406,mfh,13712.751918131698,15236.391020146331,17140.939897664623,r1,-18440.87053020603,-110555.08840508945,-92114.21787488343,0.19302247853868815
592,w160025373,103.9182820610702,mfh,12692.477684318626,14102.75298257625,15865.597105398283,r1,-17068.808586448835,-99525.9204980976,-82457.11191164877,0.19302247853868815
593,w160025375,104.46434533819556,mfh,15200.83881015165,16889.8209001685,19001.048512689562,r1,-20442.04563183913,-49164.23308595809,-28722.18745411896,0.19302247853868815
594,w160025376,101.26918978765606,other,6767.594541506047,7519.5494905622745,8459.493176882557,nr1,-8504.904122949583,-77513.65613083445,-69008.75200788488,0.19301477697901864
595,w160025380,128.15635424628857,th,16535.50385671767,18372.782063019633,20669.379820897087,r1,-22236.899463648897,-143203.17437661803,-120966.27491296914,0.19302247853868815
596,w160025381,64.08582323277369,th,8805.145795153388,9783.495327948209,11006.432243941736,r1,-11841.135504924567,-104111.59469072064,-92270.45918579608,0.19302247853868815
597,w160025384,125.48521707579494,mfh,13228.087159594033,14697.874621771149,16535.10894949254,r1,-17789.094714811257,-109368.65300141116,-91579.5582865999,0.19302247853868815
598,w160025385,125.6767025694251,mfh,12483.801305090501,13870.890338989446,15604.751631363126,r1,-16788.181173728728,-98121.2005124309,-81333.01933870217,0.19302247853868815
599,w160025388,125.67682776004075,mfh,12887.497210468891,14319.441344965435,16109.371513086113,r1,-17331.070301243217,-95388.69506114066,-78057.62475989744,0.19302247853868815
600,w160025389,125.54291224256157,mfh,15947.091501286146,17718.990556984605,19933.864376607682,r1,-21445.60416933683,-129624.47397553829,-108178.86980620146,0.19302247853868815
601,w160025392,101.23846836648882,other,7707.166695034264,8563.51855003807,9633.95836879283,nr1,-9685.673897696233,-90419.370294668,-80733.69639697176,0.19301477697901864
602,w160025393,241.441205301648,mfh,29760.98461218925,33067.76068021028,37201.23076523656,r1,-40022.48909346638,-227185.1567831985,-187162.66768973213,0.19302247853868815
603,w160025394,520.9474028991534,mfh,62962.95736238052,69958.84151375612,78703.69670297565,r2,-77942.9865034775,-187457.12757358205,-109514.14107010455,0.177681827405919
604,w160025395,347.3527018059045,mfh,41270.74084393225,45856.37871548028,51588.42605491531,r1,-55500.77716948393,-365324.1877956346,-309823.41062615067,0.19302247853868815
605,w160025396,362.18757194392384,mfh,37666.70161233902,41851.89068037669,47083.37701542377,r1,-50654.075263667706,-265121.04971043294,-214466.97444676523,0.19302247853868815
606,w160025398,216.67090053744613,mfh,25759.482837806354,28621.647597562616,32199.353547257942,r1,-34641.28066875812,-201551.20936681808,-166909.92869805996,0.19302247853868815
607,w160025399,277.5212213275954,mfh,34672.16062353594,38524.62291503994,43340.20077941992,r1,-46627.024894668066,-112140.53433359793,-65513.50943892986,0.19302247853868815
608,w160025402,733.1297983160242,mfh,73752.53405858297,81947.26006509218,92190.66757322871,r2,-91299.59912207114,-468969.6672051593,-377670.06808308815,0.177681827405919
609,w160025403,118.93753181435167,th,13366.26539456982,14851.405993966466,16707.831743212275,r1,-17974.916419782927,-107617.42687058815,-89642.51045080523,0.19302247853868815
610,w160025405,118.80893169231713,mfh,11413.826109522666,12682.02901058074,14267.282636903332,r1,-15349.281515235773,-79139.50824683593,-63790.22673160016,0.19302247853868815
611,w160025406,118.8714888818562,mfh,12694.703117102687,14105.225685669651,15868.378896378357,r1,-17071.801342249393,-82254.87080323506,-65183.06946098566,0.19302247853868815
612,w160025409,118.87152101863175,mfh,13545.552141340295,15050.613490378106,16931.94017667537,r1,-18216.020736751176,-107174.40947011807,-88958.3887333669,0.19302247853868815
613,w160025412,678.325670054555,mfh,83112.16289052342,92346.84765613714,103890.20361315427,r2,-102886.05335303728,-247446.56182865376,-144560.5084756165,0.177681827405919
614,w160025415,1309.668819526094,mfh,134843.0872649352,149825.65251659465,168553.85908116898,r2,-166924.7025721461,-811006.0064804512,-644081.3039083051,0.177681827405919
615,w160025422,678.3786613484378,mfh,78555.95700031816,87284.39666702018,98194.9462503977,r2,-97245.84347275112,-469679.675484092,-372433.8320113409,0.177681827405919
616,w160025427,555.729584345687,mfh,68356.5049155554,75951.67212839489,85445.63114444424,r2,-84619.75681023808,-203515.12380032506,-118895.36699008699,0.177681827405919
617,w160025428,926.2977557130158,mfh,100962.61735123128,112180.68594581253,126203.2716890391,r2,-124983.45457744645,-621607.747021797,-496624.29244435055,0.177681827405919
618,w160025434,188.0208901744336,mfh,25126.424219116037,27918.249132351153,31408.030273895045,r1,-33789.94520414849,-185307.10303429572,-151517.15783014725,0.19302247853868815
619,w160025437,385.6369404070079,mfh,43222.04791881172,48024.497687568575,54027.55989851464,r1,-58124.889480955695,-294580.1599145843,-236455.2704336286,0.19302247853868815
620,w160025438,514.208815998584,mfh,66439.19135967275,73821.32373296973,83048.98919959094,r2,-82246.27959650122,-197806.78183387232,-115560.5022373711,0.177681827405919
621,w160025439,231.99735509790483,mfh,23422.747428464972,26025.274920516636,29278.434285581214,r1,-31498.84540818618,-186252.2375847258,-154753.39217653964,0.19302247853868815
622,w160025441,239.19352681115268,mfh,29974.211052689745,33304.67894743305,37467.76381586218,r1,-40309.23541589398,-96945.90654944508,-56636.6711335511,0.19302247853868815
623,w160025442,258.45977183450015,mfh,26407.168715404667,29341.29857267185,33008.96089425583,r1,-35512.28683034706,-184640.40409406353,-149128.11726371647,0.19302247853868815
624,w160025445,358.2598954875022,mfh,37036.861616907394,41152.06846323044,46296.07702113424,r1,-49807.068194638596,-263845.5285538538,-214038.4603592152,0.19302247853868815
625,w160025446,282.03160609211767,mfh,32653.249972380814,36281.3888582009,40816.56246547602,r1,-43911.99948238903,-105610.75034780722,-61698.75086541819,0.19302247853868815
626,w160025449,151.84076374266294,mfh,15398.815708212785,17109.79523134754,19248.51963526598,r1,-20708.284412130186,-127543.53847573734,-106835.25406360715,0.19302247853868815
627,w160025451,187.46145662125198,mfh,22242.272514884975,24713.63612764997,27802.840643606218,r1,-29911.346037129893,-168142.65726382373,-138231.31122669383,0.19302247853868815
628,w160025452,105.00601281486452,mfh,13097.326417448377,14552.584908275974,16371.658021810472,r1,-17613.248033507745,-107138.8570917987,-89525.60905829095,0.19302247853868815
629,w160025453,104.94913844838739,mfh,14710.976976171565,16345.52997352396,18388.721220214455,r1,-19783.280803885707,-118804.26648847167,-99020.98568458596,0.19302247853868815
630,w160025454,86.96602670811116,mfh,9958.714429546208,11065.238255051341,12448.393036932759,r1,-13392.451386780238,-110779.42109377682,-97386.96970699658,0.19302247853868815
631,w160025455,103.15431486908346,mfh,14454.34817374303,16060.386859714477,18067.935217178787,r1,-19438.167106200486,-117115.42438837266,-97677.25728217217,0.19302247853868815
632,w160025456,162.83409464433788,mfh,15439.821255317227,17155.356950352474,19299.776569146532,r1,-20763.42855749851,-103328.3863031086,-82564.95774561008,0.19302247853868815
633,w160025457,103.20248084068298,mfh,13888.002639595677,15431.114043995196,17360.003299494594,r1,-18676.547211599882,-109903.69906879863,-91227.15185719874,0.19302247853868815
634,w160025458,101.69107806179672,mfh,14620.583473797502,16245.09274866389,18275.729342246876,r1,-19661.719874029757,-203912.13520912974,-184250.4153351,0.19302247853868815
635,w160025459,108.44199563004076,mfh,13875.057936342178,15416.731040380198,17343.82242042772,r1,-18659.139210771544,-116043.76493869605,-97384.62572792452,0.19302247853868815
636,w160025462,124.9876569705084,mfh,15710.045915399749,17455.606572666387,19637.557394249685,r1,-21126.825926633566,-129865.97882197428,-108739.15289534071,0.19302247853868815
637,w160025465,103.21026510931551,mfh,13114.320013160435,14571.466681289372,16392.90001645054,r1,-17636.100973620698,-96697.59266442487,-79061.49169080416,0.19302247853868815
638,w160025467,105.14285953305661,mfh,14341.115732538854,15934.573036154281,17926.394665673568,r1,-19285.892435110993,-112518.02629143823,-93232.13385632724,0.19302247853868815
639,w160025469,108.37528205253183,mfh,12119.687617749969,13466.319575277743,15149.60952218746,r1,-16298.522102623945,-102776.03725624483,-86477.51515362089,0.19302247853868815
640,w160025471,48.55004379618913,sfh,6829.869385996844,7588.743762218715,8537.336732496055,r1,-9184.789299575219,-66063.88519560461,-56879.095896029394,0.19302247853868815
641,w160025472,101.69099241122603,mfh,13375.50809475645,14861.6756608405,16719.38511844556,r1,-17987.345977213034,-43260.54672552408,-25273.200748311046,0.19302247853868815
642,w160025474,105.6897082787007,mfh,13340.076698786537,14822.307443096151,16675.09587348317,r1,-17939.697934742315,-117808.98550434581,-99869.28756960349,0.19302247853868815
643,w160025476,96.35599186792969,mfh,11760.455718228655,13067.17302025406,14700.569647785818,r1,-15815.428046161564,-38036.96581151457,-22221.53776535301,0.19302247853868815
644,w160025477,108.4367577029392,mfh,13789.217767408181,15321.35307489798,17236.522209260227,r1,-18543.701591025078,-103598.79972715594,-85055.09813613087,0.19302247853868815
645,w160025481,105.0061043202877,mfh,13105.966754568803,14562.185282854225,16382.458443211002,r1,-17624.86753476661,-94097.02559163152,-76472.15805686491,0.19302247853868815
646,w160025482,103.2132654029876,mfh,14060.161845670413,15622.402050744902,17575.202307088013,r1,-18908.06643172152,-115593.18321764686,-96685.11678592535,0.19302247853868815
647,w160025484,128.51466068420558,mfh,13247.347808026228,14719.275342251365,16559.184760032786,r1,-17814.996381098696,-88487.69779830043,-70672.70141720174,0.19302247853868815
648,w160025486,101.26240085978061,mfh,13302.68360909849,14780.75956566499,16628.354511373112,r1,-17889.411812031238,-101990.60170647473,-84101.1898944435,0.19302247853868815
649,w160025487,105.13472320698202,mfh,14158.708934601254,15731.898816223616,17698.386168251567,r1,-19040.592282036025,-114938.50543460912,-95897.91315257309,0.19302247853868815
650,w160025490,87.12732640933245,mfh,12040.780464448602,13378.644960498446,15050.975580560753,r1,-16192.407982961822,-184066.22809592588,-167873.82011296405,0.19302247853868815
651,w160025492,101.576605540514,mfh,13964.916070301266,15516.57341144585,17456.145087876583,r1,-18779.980178676342,-111156.4868498481,-92376.50667117175,0.19302247853868815
652,w160025494,105.68961535468698,mfh,14285.138779463909,15872.376421626564,17856.423474329884,r1,-19210.614784753623,-114398.72369120746,-95188.10890645384,0.19302247853868815
653,w160025496,100.3227494932711,mfh,13748.271791453237,15275.857546059151,17185.339739316543,r1,-18488.637556772428,-112570.97873534294,-94082.34117857051,0.19302247853868815
654,w160025498,53.38166442215442,th,6600.947610690868,7334.386234100964,8251.184513363583,r1,-8876.935934680569,-81147.96042972957,-72271.024495049,0.19302247853868815
655,w160025500,108.55102695096282,mfh,13356.061664075802,14840.06851563978,16695.07708009475,r1,-17961.194471476076,-98373.84118703828,-80412.64671556221,0.19302247853868815
656,w160025504,103.15687311664223,mfh,13210.204122827778,14678.004580919753,16512.75515353472,r1,-17765.04565684956,-96470.20559228591,-78705.15993543636,0.19302247853868815
657,w160025505,103.09466042611747,mfh,11999.591279695112,13332.879199661236,14999.48909961889,r1,-16137.016882195281,-100146.44566124621,-84009.42877905093,0.19302247853868815
658,w160025507,85.83866344131528,mfh,11973.740029139291,13304.155587932546,14967.175036424114,r1,-16102.252192555306,-105760.96111232153,-89658.70891976623,0.19302247853868815
659,w160025509,108.27769679883495,mfh,14945.057217444468,16605.61913049385,18681.321521805585,r1,-20098.071259424043,-125895.83292661133,-105797.76166718728,0.19302247853868815
660,w160025513,105.03020258601755,mfh,11679.227174263047,12976.919082514496,14599.03396782881,r1,-15706.192126809281,-88964.04599001784,-73257.85386320855,0.19302247853868815
661,w160025515,104.96566433478147,mfh,13255.429579015141,14728.255087794601,16569.286973768925,r1,-17825.864724181913,-94429.83096827102,-76603.96624408911,0.19302247853868815
662,w160025517,132.51887063886969,mfh,14316.368058185923,15907.07562020658,17895.460072732403,r1,-19252.611831670434,-101248.36386030367,-81995.75202863323,0.19302247853868815
663,w160032048,197.876624872908,mfh,22760.163304132715,25289.070337925237,28450.204130165894,r1,-30607.804125945455,-170365.5190572733,-139757.71493132785,0.19302247853868815
664,w160032049,177.6117346536368,mfh,20420.46582699145,22689.406474434945,25525.582283739313,r1,-27461.3854848584,-218681.07555402804,-191219.69006916962,0.19302247853868815
665,w160032050,605.1206229591743,mfh,68794.57954872533,76438.42172080593,85993.22443590667,r2,-85162.05734139263,-431660.5913354158,-346498.53399402316,0.177681827405919
666,w160032051,604.9254235289991,mfh,66484.26842234895,73871.4093581655,83105.33552793619,r2,-82302.08130968259,-401844.4095502084,-319542.32824052585,0.177681827405919
667,w160032052,558.9287057133391,mfh,63671.536875409336,70746.15208378815,79589.42109426166,r2,-78820.14992994713,-422625.7463540823,-343805.59642413515,0.177681827405919
668,w160032053,914.9869650162756,mfh,118384.96876544278,131538.85418382531,147981.21095680346,r2,-146550.8992786397,-352462.89441158954,-205911.99513294984,0.177681827405919
669,w160032054,558.7663555394857,mfh,60610.35153484233,67344.8350387137,75762.93941855291,r2,-75030.65309435192,-383327.7686595489,-308297.11556519696,0.177681827405919
670,w160032055,915.1860893286764,mfh,117551.19343225891,130612.43714695434,146938.99179032363,r2,-145518.75367646833,-349980.52802430565,-204461.77434783732,0.177681827405919
671,w160032056,579.5610938113182,mfh,57693.31188162339,64103.67986847043,72116.63985202923,r2,-71419.59681863766,-324995.62365903845,-253576.0268404008,0.177681827405919
672,w160032057,300.306428108085,mfh,37313.43611538925,41459.37346154361,46641.79514423657,r1,-50179.004808741316,-120683.23947951279,-70504.23467077148,0.19302247853868815
673,w160032058,579.3688813976943,mfh,57693.4417204568,64103.82413384089,72116.80215057099,r2,-71419.75754848367,-355293.21050914924,-283873.45296066557,0.177681827405919
674,w160032059,915.3225905947387,mfh,92194.63134061452,102438.47926734947,115243.28917576815,r2,-114129.40572210305,-274487.43662639667,-160358.0309042936,0.177681827405919
675,w160032060,914.9022733874618,mfh,89683.02969465003,99647.81077183336,112103.78711831254,r2,-111020.24850658627,-504651.77566579723,-393631.527159211,0.177681827405919
676,w160032061,434.5004198986106,mfh,54507.02112981529,60563.35681090588,68133.77641226912,r2,-67475.22972617454,-162281.60241552867,-94806.37268935413,0.177681827405919
677,w160032062,579.3681231357157,mfh,63760.568600850966,70845.07622316774,79700.7107510637,r2,-78930.36391711005,-189831.8240292065,-110901.46011209645,0.177681827405919
678,w160032063,157.0142166607082,mfh,21768.76703500984,24187.51892778871,27210.9587937623,r1,-29274.577188553656,-161403.573782372,-132128.99659381833,0.19302247853868815
679,w160032064,245.02896427586674,mfh,31648.601750868154,35165.11305652017,39560.75218858519,r1,-42560.95135638743,-215105.60176977565,-172544.6504133882,0.19302247853868815
680,w160032065,177.6155174203217,mfh,23633.30432957042,26259.22703285602,29541.630411963022,r1,-31782.001741481527,-180114.5051998034,-148332.50345832185,0.19302247853868815
681,w160032066,915.0334876678884,mfh,90981.15204470573,101090.16893856191,113726.44005588215,r2,-112627.21770004263,-519536.9571647418,-406909.7394646992,0.177681827405919
682,w160032067,686.1767572972923,mfh,82068.33429355826,91187.03810395363,102585.41786694783,r2,-101593.87900714461,-516133.28877061507,-414539.40976347047,0.177681827405919
683,w160032068,579.4084268193692,mfh,55797.50842459628,61997.23158288475,69746.88553074535,r2,-69072.74734627476,-320157.2186047186,-251084.47125844387,0.177681827405919
684,w160032069,582.2339869499207,mfh,56337.525071553566,62597.25007950396,70421.90633944195,r2,-69741.24374461253,-315995.9249642688,-246254.68121965628,0.177681827405919
685,w160032070,655.6557445708662,mfh,64738.30461673968,71931.4495741552,80922.8807709246,r2,-80140.7210585602,-377185.7738270362,-297045.052768476,0.177681827405919
686,w160032071,187.63290931591763,mfh,21296.262178485253,23662.513531650282,26620.327723106566,r1,-28639.153975468165,-158184.0914598575,-129544.93748438935,0.19302247853868815
687,w160032072,300.05888833065984,mfh,31840.051021962732,35377.83446884748,39800.06377745341,r1,-42818.41180214153,-205225.3508509888,-162406.93904884727,0.19302247853868815
688,w160032074,652.9879129000007,mfh,66119.07190804384,73465.63545338204,82648.8398850548,r2,-81849.99792322771,-399188.8746414219,-317338.87671819417,0.177681827405919
689,w160032075,187.48918503960593,mfh,19824.58853199762,22027.320591108466,24780.73566499702,r1,-26660.051360645084,-160779.90994614782,-134119.85858550272,0.19302247853868815
690,w160032079,410.4375718038529,mfh,56450.435111772305,62722.70567974701,70563.04388971538,r2,-69881.01713057699,-168067.65215025202,-98186.63501967503,0.177681827405919
691,w160032080,367.35827468354256,mfh,37513.62238413698,41681.802649041085,46892.027980171224,r1,-50448.21474456905,-259354.24005343966,-208906.0253088706,0.19302247853868815
692,w160032082,146.62608959153295,mfh,18641.24062010344,20712.48957789271,23301.550775129297,r1,-25068.688389469608,-149924.52183613705,-124855.83344666744,0.19302247853868815
693,w160032083,292.00384606306903,mfh,30643.0030164966,34047.781129440664,38303.75377062075,r1,-41208.624983344474,-202864.3992192305,-161655.774235886,0.19302247853868815
694,w160032087,547.5336022242903,mfh,60767.66004008141,67519.62226675713,75959.57505010176,r2,-75225.3881451559,-180921.1555124278,-105695.7673672719,0.177681827405919
695,w160032089,324.3052944285795,mfh,36712.527765060455,40791.69751673384,45890.65970632557,r1,-49370.90493534676,-276851.00539962645,-227480.10046427968,0.19302247853868815
696,w160032093,651.9691053661052,mfh,70334.93715781553,78149.93017535059,87918.6714472694,r2,-87068.89395398764,-421926.6265975536,-334857.732643566,0.177681827405919
697,w160032096,417.5862662355881,mfh,47555.89860683755,52839.88734093061,59444.87325854694,r1,-63953.03979770244,-332734.1671387966,-268781.12734109414,0.19302247853868815
698,w160032097,55.47504670508206,th,7948.649698139474,8831.832997932748,9935.812122674342,r1,-10689.321942704713,-94601.5300220109,-83912.20807930619,0.19302247853868815
699,w160032099,154.26596265360712,mfh,19916.581628132146,22129.53514236905,24895.727035165182,r1,-26783.76341972831,-142350.60203200372,-115566.8386122754,0.19302247853868815
700,w160032101,417.4909567882307,mfh,46112.95125263289,51236.61250292543,57641.18906579111,r1,-62012.56822061459,-316751.776827236,-254739.20860662143,0.19302247853868815
701,w160032104,110.95144802480935,th,12429.560392323068,13810.622658136743,15536.950490403835,r1,-16715.23814553452,-108374.50525274081,-91659.2671072063,0.19302247853868815
702,w160032105,152.98637234792113,mfh,20848.956423449432,23165.507137166034,26061.19552931179,r1,-28037.618443776322,-67431.99937867277,-39394.38093489645,0.19302247853868815
703,w160032106,115.7174410201609,mfh,13210.000451569256,14677.778279521395,16512.50056446157,r1,-17764.77176030921,-135156.71360231633,-117391.94184200713,0.19302247853868815
704,w160032107,169.80155310891567,th,20257.197734231464,22507.997482479404,25321.49716778933,r1,-27241.823009122258,-65518.06801667953,-38276.24500755727,0.19302247853868815
705,w160032108,125.84912734059617,mfh,15892.879065874109,17658.7545176379,19866.098832342635,r1,-21372.69943741073,-127462.44903365138,-106089.74959624065,0.19302247853868815
706,w160032109,117.1162128248019,mfh,12173.84675432335,13526.49639369261,15217.308442904186,r1,-16371.355158420487,-106023.8496033562,-89652.49444493571,0.19302247853868815
707,w160032110,214.96215275530702,mfh,27759.583627761367,30843.98180862374,34699.479534701706,r1,-37331.01063216202,-204533.25425106267,-167202.24361890065,0.19302247853868815
708,w160032111,253.8681676615961,th,29680.37219464188,32978.191327379864,37100.46524330235,r1,-39914.08173920276,-230692.63518894327,-190778.55344974052,0.19302247853868815
709,w160032112,125.84912488418631,th,14784.277193453934,16426.97465939326,18480.346491817418,r1,-19881.85473162904,-116646.9594671511,-96765.10473552207,0.19302247853868815
710,w160032113,105.45346036842092,mfh,13847.210707174945,15385.789674638827,17309.01338396868,r1,-18621.690334662366,-112017.15231725913,-93395.46198259675,0.19302247853868815
711,w160032114,381.28189064939505,mfh,38441.58971886041,42712.87746540045,48051.98714857551,r1,-51696.14262790428,-254072.71048742844,-202376.56785952416,0.19302247853868815
712,w160032115,139.91205219514669,mfh,18194.998750903073,20216.66527878119,22743.748438628838,r1,-24468.583568481765,-138954.53257928437,-114485.94901080261,0.19302247853868815
713,w160032116,192.1807412372902,mfh,25401.90433957016,28224.338155077952,31752.3804244627,r1,-34160.410101732086,-82157.64678353157,-47997.236681799484,0.19302247853868815
714,w160032117,302.6253065098543,mfh,38132.472874110405,42369.414304567115,47665.591092638,r1,-51280.44315731126,-123332.25869579725,-72051.815538486,0.19302247853868815
715,w160032118,188.54685349911452,mfh,24193.179771566014,26881.31085729557,30241.474714457516,r1,-32534.920674203633,-185434.19911388704,-152899.2784396834,0.19302247853868815
716,w160032119,301.6826584111899,mfh,37828.96424629396,42032.182495882174,47286.20530786744,r1,-50872.28560120738,-259016.13006490364,-208143.84446369627,0.19302247853868815
717,w160032121,128.1140758719295,mfh,17251.90075647625,19168.778618306944,21564.87594559531,r1,-23200.308016181723,-128391.39292895226,-105191.08491277054,0.19302247853868815
718,w160032123,387.4767547928728,mfh,54442.01474559972,60491.1274951108,68052.51843199965,r2,-67394.75714452,-400587.5363072264,-333192.7791627064,0.177681827405919
719,w160032125,297.0948597435839,mfh,31398.011390583837,34886.67932287093,39247.51423822979,r1,-42223.95813885461,-217891.62821558604,-175667.67007673142,0.19302247853868815
720,w160032126,464.2806208854541,mfh,50568.14004669606,56186.82227410674,63210.17505837008,r2,-62599.2174173277,-325491.6329659093,-262892.41554858163,0.177681827405919
721,w160032127,228.89082276217522,mfh,26202.43345212795,29113.81494680883,32753.041815159933,r1,-35236.959419365354,-213807.21273673553,-178570.25331737017,0.19302247853868815
722,w160032128,268.14993185095955,mfh,30473.596445371426,33859.55160596825,38091.99555671428,r1,-40980.807499025024,-309643.0202224961,-268662.2127234711,0.19302247853868815
723,w160032129,100.24086796883493,mfh,13847.774666178364,15386.416295753737,17309.718332722954,r1,-18622.448745157104,-111231.17053229002,-92608.72178713292,0.19302247853868815
724,w160032130,150.2635816658847,mfh,14029.486662093666,15588.318513437407,17536.858327617083,r1,-18866.81453041051,-100172.028813462,-81305.2142830515,0.19302247853868815
725,w160032131,100.12314690686762,mfh,14135.939899488163,15706.599888320181,17669.924874360204,r1,-19009.97254712614,-113798.47838057217,-94788.50583344602,0.19302247853868815
726,w160032132,257.78643680289383,mfh,32040.0698986087,35600.07766512078,40050.087373260874,r1,-43087.39662953772,-239167.51684855827,-196080.12021902055,0.19302247853868815
727,w160032133,136.6476590367034,mfh,17304.298376071107,19226.998195634562,21630.372970088883,r1,-23270.772188858984,-128009.30571303719,-104738.5335241782,0.19302247853868815
728,w160032134,132.71697852164507,th,15243.003074861019,16936.67008317891,19053.753843576273,r1,-20498.74801741053,-129207.82498803784,-108709.07697062731,0.19302247853868815
729,w160032135,165.9338162511587,mfh,22655.11538553312,25172.350428370133,28318.8942319164,r1,-30466.535978025313,-172854.12343604714,-142387.58745802182,0.19302247853868815
730,w160032136,153.4784858365543,mfh,20651.507489251788,22946.119432501986,25814.384361564735,r1,-27772.089667816228,-175931.20973422463,-148159.1200664084,0.19302247853868815
731,w160032137,244.7570460377261,mfh,31882.694606522888,35425.21622946987,39853.368258153605,r1,-42875.75877571128,-222079.04631479035,-179203.2875390791,0.19302247853868815
732,w160032138,345.56507694348693,mfh,33660.554635708184,37400.61626189798,42075.693294635224,r1,-45266.619983933386,-225663.381871329,-180396.76188739564,0.19302247853868815
733,w160032139,170.051029805094,mfh,20953.231302739754,23281.36811415528,26191.53912842469,r1,-28177.847010589605,-153553.6181899747,-125375.77117938508,0.19302247853868815
734,w160032140,210.13578363517297,mfh,25061.983224774885,27846.648027527648,31327.479030968607,r1,-33703.28513470527,-203681.64028907195,-169978.35515436667,0.19302247853868815
735,w160032141,252.5825279586017,mfh,26752.030081941455,29724.477868823837,33440.03760242682,r1,-35976.05543413591,-186937.48369294568,-150961.42825880978,0.19302247853868815
736,w160032142,252.46278136584442,mfh,34459.97295454553,38288.858838383916,43074.96619318191,r1,-46341.67550926976,-111454.25352064411,-65112.57801137435,0.19302247853868815
737,w160032143,236.73276664549485,mfh,29576.02728282697,32862.25253647441,36970.03410353371,r1,-39773.75899284575,-205475.04781663505,-165701.2888237893,0.19302247853868815
738,w160032144,216.15235636769793,mfh,24178.437367510116,26864.93040834457,30223.046709387643,r1,-32515.095130350586,-182531.60328563626,-150016.50815528567,0.19302247853868815
739,w160032145,143.2480424195528,mfh,18000.89068230275,20000.989647003054,22501.113352878438,r1,-24207.547579258196,-58220.47035118546,-34012.92277192726,0.19302247853868815
740,w160032146,425.3107569515705,mfh,43179.60460429989,47977.3384492221,53974.50575537486,r1,-58067.81182998832,-300573.9284411404,-242506.11661115207,0.19302247853868815
741,w160032147,237.48158785337583,mfh,32014.72814949744,35571.92016610827,40018.4101868718,r1,-43053.317116019236,-242716.6981625626,-199663.38104654336,0.19302247853868815
742,w160032148,183.97369813346305,th,23560.800292201195,26178.66699133466,29451.000365251493,r1,-31684.498514264596,-175949.57119686835,-144265.07268260376,0.19302247853868815
743,w160032149,343.71558685973287,mfh,34361.6584028396,38179.620447599555,42952.0730035495,r1,-46209.46237436668,-238844.5895448043,-192635.12717043763,0.19302247853868815
744,w160032150,136.78365420317277,mfh,19017.245100468906,21130.27233385434,23771.556375586133,r1,-25574.33816586706,-148119.49833445202,-122545.16016858496,0.19302247853868815
745,w160032151,156.68413198292254,mfh,18994.198311231074,21104.66479025675,23742.74788903884,r1,-25543.344907984967,-176451.60352872527,-150908.25862074032,0.19302247853868815
746,w160032152,131.687454425171,th,16816.435705141692,18684.928561268545,21020.544631427114,r1,-22614.695829799788,-54389.575141765876,-31774.879311966088,0.19302247853868815
747,w160032153,131.7784823913127,mfh,14664.81319433541,16294.236882594898,18331.01649291926,r1,-19721.19987883815,-96758.7652313576,-77037.56535251945,0.19302247853868815
748,w160032155,131.65618118494749,mfh,16155.971644692994,17951.079605214436,20194.96455586624,r1,-21726.505603556125,-116209.43901792285,-94482.93341436672,0.19302247853868815
749,w160032156,597.6746075108182,mfh,62825.58869422202,69806.20966024668,78531.98586777752,r2,-77772.93533852577,-428605.5944316375,-350832.65909311175,0.177681827405919
750,w160032157,145.99030133634804,mfh,18497.65764028637,20552.95293365152,23122.072050357958,r1,-24875.59839871095,-228776.33510734618,-203900.73670863523,0.19302247853868815
751,w160032158,192.3817300193943,mfh,24447.84564861781,27164.27294290868,30559.807060772262,r1,-32877.39463531744,-172423.1442995514,-139545.74966423397,0.19302247853868815
752,w160032159,156.72131929650496,mfh,19753.449044420944,21948.276716023272,24691.81130552618,r1,-26564.383176182997,-137685.705179237,-111121.32200305401,0.19302247853868815
753,w160032160,462.61881872685626,other,21516.45961733097,23907.177352589966,26895.57452166371,nr1,-27039.95119512478,-199881.8872226116,-172841.93602748684,0.19301477697901864
754,w160032161,876.0951372385025,trade,41598.98809684389,46221.0978853821,51998.73512105486,nr1,-52277.866708108864,-125737.08141563232,-73459.21470752345,0.19301477697901864
755,w160032162,197.75498196221892,mfh,21819.024375477275,24243.36041719697,27273.78046934659,r1,-29342.16311983029,-157093.13083433986,-127750.96771450956,0.19302247853868815
756,w160032163,355.37988740094,mfh,43004.925360010486,47783.25040001165,53756.1567000131,r1,-57832.9036695048,-289860.5842725365,-232027.6806030317,0.19302247853868815
757,w160032164,218.83437259588393,mfh,24626.450963512878,27362.723292792085,30783.063704391097,r1,-33117.58256460037,-182586.98548918983,-149469.40292458946,0.19302247853868815
758,w160032165,192.38173281145282,mfh,24614.11645560697,27349.018284007743,30767.645569508713,r1,-33100.99515277344,-171150.48955689,-138049.4944041166,0.19302247853868815
759,w160032166,5513.669180350005,other,296885.1769801247,329872.41886680527,371106.47122515587,nr2,-343459.9148696407,-2129627.5217751837,-1786167.606905543,0.177681827405919
760,w160032167,119.51807446111924,mfh,13433.338114289052,14925.931238098947,16791.672642861315,r1,-18065.115626173858,-100921.7076328812,-82856.59200670733,0.19302247853868815
761,w160032168,107.41719602905214,th,13873.999853026246,15415.555392251383,17342.499816282805,r1,-18657.716303279612,-44872.82387029836,-26215.107567018746,0.19302247853868815
763,w160032170,37.81535124108195,sfh,4769.791538029326,5299.76837558814,5962.239422536657,r0,-7870.947868970616,-59399.71601759824,-51528.76814862763,0.23685291034659986
764,w160032171,82.13437312801835,th,9646.465808249995,10718.295342499994,12058.082260312494,r1,-12972.540311823426,-80244.8919227369,-67272.35161091348,0.19302247853868815
765,w160032172,100.39566505721304,th,14312.979822175337,15903.310913528152,17891.22477771917,r1,-19248.055341334286,-124794.86048355386,-105546.80514221957,0.19302247853868815
766,w160032173,119.7984774223063,mfh,12295.751901574888,13661.94655730543,15369.689876968609,r1,-16535.292860411497,-88487.87334039147,-71952.58047997997,0.19302247853868815
767,w160032174,119.65868240431882,mfh,13051.979082176204,14502.19898019578,16314.973852720253,r1,-17552.265063522107,-92249.14384946926,-74696.87878594715,0.19302247853868815
768,w160032175,69.26172256879508,th,7386.415528105403,8207.128364561559,9233.019410131752,r1,-9933.230999095727,-76777.34067392441,-66844.10967482868,0.19302247853868815
769,w160032176,103.52918697646818,th,13372.589931875937,14858.433257639928,16715.73741484492,r1,-17983.42163991102,-109974.52595770183,-91991.10431779081,0.19302247853868815
770,w160032177,62.96843930834439,th,7111.322358229594,7901.469286921771,8889.152947786992,r1,-9563.286471570507,-23000.22481232382,-13436.938340753313,0.19302247853868815
771,w160032178,300.84989367914386,mfh,31793.30178992664,35325.89087769627,39741.6272374083,r1,-42755.54356529811,-241788.4520851572,-199032.90851985908,0.19302247853868815
772,w160127708,318.335366258584,mfh,40928.439383668316,45476.04375963146,51160.54922958539,r1,-55040.451120510406,-311675.3558818055,-256634.90476129507,0.19302247853868815
773,w160127710,130.057766958978,mfh,19160.41845180246,21289.353835336067,23950.523064753073,r1,-25766.87728938366,-61970.74323028826,-36203.865940904594,0.19302247853868815
774,w160127712,149.28690248169005,mfh,19893.976263748034,22104.41807083115,24867.470329685042,r1,-26753.363788758226,-159327.68285357772,-132574.3190648195,0.19302247853868815
775,w160127717,149.4986190713942,mfh,20018.073736971855,22242.30415219095,25022.59217121482,r1,-26920.24972460166,-159745.5080064555,-132825.25828185384,0.19302247853868815
776,w160127718,161.62649620659647,mfh,19998.168014560528,22220.18668284503,24997.710018200658,r1,-26893.480564626392,-159099.33895681356,-132205.85839218716,0.19302247853868815
777,w160127719,242.7560603125021,mfh,26016.569220877962,28907.299134308847,32520.71152609745,r1,-34987.009719615795,-188056.3149573664,-153069.3052377506,0.19302247853868815
778,w164087844,70.24407002975931,other,5531.1032271675895,6145.670252408432,6913.879033959486,nr1,-6950.993052655433,-78619.48812071653,-71668.4950680611,0.19301477697901864
779,w164087850,88.49543042890728,other,9571.515035104732,10635.016705671924,11964.393793880914,nr1,-12028.619206673171,-129138.41287979094,-117109.79367311776,0.19301477697901864
780,w164087857,77.59434223277493,other,5732.685063821826,6369.65007091314,7165.856329777282,nr1,-7204.322974115363,-74263.45641197803,-67059.13343786266,0.19301477697901864
786,w164088149,49.229225591477004,other,5037.637509600219,5597.37501066691,6297.046887000274,nr1,-6330.849722535212,-73542.29880481237,-67211.44908227715,0.19301477697901864
788,w164088153,80.69597001839429,other,6314.859681225849,7016.51075691761,7893.574601532311,nr1,-7935.947670818044,-96351.2988915999,-88415.35122078186,0.19301477697901864
791,w164088159,54.065223559696456,other,5119.410322922457,5688.233692136064,6399.262903653072,nr1,-6433.614439437819,-67738.5027307824,-61304.888291344585,0.19301477697901864
793,w164088169,56.479432658094446,other,4565.7132450906565,5073.014716767396,5707.14155636332,nr0,-7035.480758963531,-73075.26465175486,-66039.78389279133,0.23666858635184343
795,w164088175,32.08830586867407,other,2825.594723491785,3139.54969276865,3531.993404364731,nr0,-4354.06611029086,-46427.04233108617,-42072.97622079532,0.23666858635184343
799,w164088182,35.81288355943252,other,2845.4381235960636,3161.597915106737,3556.7976544950793,nr0,-4384.643558354683,-47167.67785918579,-42783.0343008311,0.23666858635184343
800,w359788107,586.4023264580406,other,46109.15580262688,51232.39533625209,57636.4447532836,nr1,-57945.839823349845,-409705.082219477,-351759.24239612714,0.19301477697901864
801,w377595955,68.13203878551721,other,5269.498540512313,5854.998378347015,6586.873175640391,nr1,-6622.231811941057,-15927.583754332278,-9305.351942391222,0.19301477697901864
802,w377595956,85.03076633159071,other,6722.920315991011,7469.911462212234,8403.650394988763,nr1,-8448.761574449942,-86174.676794176,-77725.91521972607,0.19301477697901864
805,w377595969,38.68702136902139,other,3090.1691164444,3433.521240493778,3862.7113955555,nr0,-4761.758830137881,-47138.601762601305,-42376.84293246343,0.23666858635184343
814,w377595984,35.49371746703982,other,2841.029831970761,3156.699813300845,3551.287289963451,nr0,-4377.850654542103,-39414.23716386672,-35036.38650932461,0.23666858635184343
818,w377595990,36.364706988167015,other,2791.57936980043,3101.754855333811,3489.474212250537,nr0,-4301.650561271834,-37323.95548493201,-33022.30492366018,0.23666858635184343
819,w377595993,54.98309161569923,other,4220.0307815631595,4688.923090625733,5275.038476953949,nr0,-6502.805535990668,-55464.09934543707,-48961.293809446404,0.23666858635184343
823,w377596001,68.93592455182224,other,4836.798385703419,5374.220428559354,6045.997982129273,nr0,-7453.206136892768,-64432.748108417596,-56979.54197152483,0.23666858635184343
825,w377596004,35.535723760165276,other,2630.7606042728767,2923.067338080974,3288.450755341096,nr0,-4053.838824131757,-41444.21885048041,-37390.38002634865,0.23666858635184343
827,w377596008,41.66994294051546,other,3243.63691899437,3604.041021104855,4054.546148742962,nr0,-4998.243189535991,-47801.7430267949,-42803.49983725891,0.23666858635184343
831,w377596012,33.714099188242116,other,2925.7385905314077,3250.8206561460083,3657.1732381642596,nr0,-4508.381594392507,-43460.63096910469,-38952.249374712184,0.23666858635184343
836,w377596021,41.97082374822348,other,3488.321395519886,3875.9126616887625,4360.401744399857,nr0,-5375.286782552562,-46524.90402594613,-41149.61724339357,0.23666858635184343
838,w377596023,32.13139781658538,other,2490.0711216668888,2766.7456907409874,3112.5889020836107,nr0,-3837.0450627348328,-39271.28165195986,-35434.23658922502,0.23666858635184343
844,w377596038,30.39147779517807,other,2398.685899783123,2665.2065553145812,2998.357374728904,nr0,-3696.2261072500187,-8890.046825606089,-5193.82071835607,0.23666858635184343
847,w377596043,50.74534401865676,other,3919.317771017566,4354.797523352851,4899.1472137719575,nr0,-6039.425449223632,-52188.76876523697,-46149.34331601334,0.23666858635184343
848,w377596044,31.44567816138733,other,2904.869813374752,3227.633125971947,3631.08726671844,nr0,-4476.22410392667,-39823.74245101575,-35347.51834708908,0.23666858635184343
861,w377596072,32.00744857888203,other,2718.9974702297686,3021.108300255298,3398.7468377872106,nr0,-4189.806358522681,-41894.22689574272,-37704.42053722004,0.23666858635184343
863,w377596074,30.798605113010854,other,2855.316162411527,3172.5735137905854,3569.1452030144083,nr0,-4399.865003130527,-42659.45571172249,-38259.59070859196,0.23666858635184343
877,w377596096,31.32093481458723,other,2660.043472138398,2955.603857931553,3325.0543401729974,nr0,-4098.9619061949315,-37026.6066906966,-32927.64478450167,0.23666858635184343
882,w377596101,34.10184732507914,other,2734.2308274665847,3038.0342527406497,3417.788534333231,nr0,-4213.280016630596,-39901.19262486888,-35687.912608238286,0.23666858635184343
886,w377596106,35.077698366669935,other,2779.2898943774467,3088.099882641607,3474.112367971808,nr0,-4282.713242339435,-39419.65466323618,-35136.94142089674,0.23666858635184343
893,w377596115,40.14825235735625,other,3192.6172371227067,3547.352485691896,3990.771546403383,nr0,-4919.625026092964,-47893.35138067533,-42973.726354582366,0.23666858635184343
895,w377596117,32.339281557500364,other,2797.665055321845,3108.5167281353833,3497.081319152306,nr0,-4311.028224977949,-41053.015628821064,-36741.987403843115,0.23666858635184343
899,w377596123,32.752713098051025,other,2913.410473739367,3237.1227485992963,3641.7630921742084,nr0,-4489.384731508505,-44605.65514843208,-40116.27041692357,0.23666858635184343
901,w377596125,37.63718191203661,other,2922.0877489035165,3246.7641654483514,3652.6096861293954,nr0,-4502.755874018002,-42903.070086188716,-38400.31421217071,0.23666858635184343
909,w377596135,73.15242530554532,other,5088.204744337678,5653.560827041864,6360.255930422097,nr1,-6394.3980749914845,-62638.72006676809,-56244.321991776604,0.19301477697901864
916,w377596142,40.572792674647644,other,3113.8461841117532,3459.8290934575034,3892.3077301396916,nr0,-4798.243721996006,-46765.44799239918,-41967.20427040318,0.23666858635184343
917,w377596143,37.61386710904771,other,2745.329396719578,3050.3659963550867,3431.6617458994724,nr0,-4230.382223063604,-41954.9025837164,-37724.520360652794,0.23666858635184343
918,w377596145,32.806498026452026,other,2693.449218590027,2992.721353988919,3366.811523237534,nr0,-4150.438088290241,-36719.159807222226,-32568.721718931985,0.23666858635184343
919,w377596147,34.850180151499806,other,2595.9189583634725,2884.354398181636,3244.8986979543406,nr0,-4000.150010085056,-9621.035041485187,-5620.885031400132,0.23666858635184343
929,w377596159,36.51154847629368,other,2488.2164818409556,2764.684979823284,3110.2706023011942,nr0,-3834.187177863462,-38508.49856265485,-34674.31138479139,0.23666858635184343
931,w377596161,32.13265920560807,other,2649.7963962137605,2944.2182180152895,3312.2454952672006,nr0,-4083.1717981365814,-40175.92532691878,-36092.7535287822,0.23666858635184343
934,w377596166,38.724472055921794,other,2981.905002903568,3313.227781003964,3727.38125362946,nr0,-4594.930550126695,-11051.582496782346,-6456.651946655651,0.23666858635184343
935,w377596167,41.94859704792034,other,3114.8432704850466,3460.9369672056073,3893.554088106308,nr0,-4799.780170217295,-49421.90677020882,-44622.12659999153,0.23666858635184343
936,w377596168,31.29673577034846,other,2563.979256552608,2848.865840614009,3204.97407069076,nr0,-3950.932911797293,-38054.30677600476,-34103.37386420747,0.23666858635184343
937,w377596169,36.7579496475868,other,3082.2442820121273,3424.7158689023636,3852.805352515159,nr0,-4749.547152099147,-42039.49213960352,-37289.94498750437,0.23666858635184343
940,w379327852,945.496160332486,other,38030.77627777757,42256.41808641952,47538.47034722196,nr1,-47793.659029086004,-484511.8682429872,-436718.2092139012,0.19301477697901864
941,w379327862,94.51021252730861,other,9084.066665311519,10093.407405901688,11355.083331639398,nr1,-11416.037938018037,-115667.37148893149,-104251.33355091345,0.19301477697901864
942,w387435839,3594.435384737421,other,196483.33588232234,218314.8176470248,245604.1698529029,nr2,-227307.23878465395,-1531936.6391358117,-1304629.4003511579,0.177681827405919
943,w387435840,942.2609318409114,other,56823.35165188755,63137.05739098616,71029.18956485944,nr2,-65737.68255958267,-548308.774708893,-482571.0921493104,0.177681827405919
944,w390787314,132.5826213063672,other,9844.203167691367,10938.003519657073,12305.253959614207,nr1,-12371.309125357246,-103566.72163320972,-91195.41250785247,0.19301477697901864
945,w390787315,330.5195846647024,other,28537.57339615315,31708.414884614613,35671.966745191436,nr1,-35863.45549328776,-258175.63438265957,-222312.1788893718,0.19301477697901864
946,w390787316,150.59577141329646,other,12304.720854223664,13671.912060248515,15380.90106777958,nr1,-15463.466447790744,-37192.24333635973,-21728.776888568987,0.19301477697901864
947,w390789514,104.66224040389062,trade,10397.319493968453,11552.577215520503,12996.649367460564,nr1,-13066.415975357433,-213274.49121970122,-200208.07524434378,0.19301477697901864
948,w390789515,335.6007874913513,trade,25636.797863414322,28485.330959349245,32045.997329267902,nr1,-32218.021707792148,-193950.0223162088,-161732.00060841665,0.19301477697901864
949,w390790006,38.98714106846601,trade,2776.3285059702725,3084.8094510780807,3470.4106324628406,nr0,-4278.149926590053,-68834.05047549983,-64555.900548909776,0.23666858635184343
950,w390793102,268.1788772383239,sfh,30059.790808766775,33399.76756529642,37574.738510958465,r1,-40424.322833156766,-209579.64830358935,-169155.32547043258,0.19302247853868815
951,w390793103,629.0808588726446,th,87553.79058492262,97281.98953880291,109442.23823115327,r2,-108384.42480731195,-574315.8775506022,-465931.4527432902,0.177681827405919
952,w390793104,761.76513240356,mfh,80676.55852455663,89640.6205828407,100845.69815569579,r2,-99870.97454834016,-481188.6212516972,-381317.646703357,0.177681827405919
953,w390793105,324.12222724705936,th,47118.253767594215,52353.615297326905,58897.817209492765,r1,-63364.4962386209,-372777.0732056124,-309412.57696699153,0.19302247853868815
954,w390793106,1475.9963392082602,mfh,145242.0290743921,161380.03230488012,181552.53634299012,r2,-179797.74118181638,-699861.664236323,-520063.9230545066,0.177681827405919
955,w390793107,895.6360460046678,mfh,90245.7910168643,100273.10112984922,112807.23877108037,r2,-111716.90095080952,-268685.2312584503,-156968.33030764078,0.177681827405919
956,w390793108,286.70933025064875,mfh,25575.074405456515,28416.749339396127,31968.843006820643,r1,-34393.28872330877,-161802.3723975941,-127409.08367428533,0.19302247853868815
957,w390793793,117.72837251536548,mfh,12242.925925452717,13603.251028280796,15303.657406815895,r1,-16464.252635071127,-97715.07787911537,-81250.82524404424,0.19302247853868815
958,w390794364,96.81251710766227,sfh,13040.642047928714,14489.602275476347,16300.802559910891,r1,-17537.019051488736,-147826.20095101953,-130289.1818995308,0.19302247853868815
959,w475684695,267.0884538785554,mfh,32327.72471892473,35919.69413213859,40409.65589865591,r1,-43474.23402953645,-238648.34094425652,-195174.10691472006,0.19302247853868815
960,w620369477,3702.806372543797,other,329831.05954184383,366478.95504649315,412288.8244273048,nr2,-381574.27994186786,-917750.4616063456,-536176.1816644778,0.177681827405919
961,w620369478,20480.360502976928,other,1687025.1117225294,1874472.3463583658,2108781.3896531616,nr2,-1951682.1525042197,-4694124.553265208,-2742442.4007609887,0.177681827405919
962,w993163452,1412.2592688187956,other,69902.24125333331,77669.15694814813,87377.80156666663,nr2,-80868.36154731372,-619489.3675956314,-538621.0060483176,0.177681827405919
963,w993163453,1066.3710880815981,other,51293.74656664398,56993.051740715535,64117.183208304974,nr2,-59340.60436538359,-447050.93659613846,-387710.3322307549,0.177681827405919
964,w993163454,1257.084109787643,other,59883.17288306017,66536.85875895574,74853.96610382521,nr2,-69277.52227224443,-503603.2135260528,-434325.6912538083,0.177681827405919
965,w993163455,1355.0658122852444,mfh,137933.86271477625,153259.84746086248,172417.3283934703,r2,-170750.82954051145,-410665.0446995962,-239914.21515908474,0.177681827405919
966,w993163456,1286.649396429956,mfh,130250.32129646631,144722.5792182959,162812.90162058288,r2,-161239.2343081048,-761592.0205853446,-600352.7862772399,0.177681827405919
967,w993163457,923.1744978809729,ab,96260.7750734298,106956.41674825533,120325.96884178725,r2,-119162.95877241419,-567169.8380077515,-448006.8792353373,0.177681827405919
968,w993163458,923.3917086940259,ab,96786.7143031862,107540.7936702069,120983.39287898275,r2,-119814.02848076065,-563533.3411702933,-443719.31268953264,0.177681827405919
969,w993163460,1313.604391914094,ab,125644.15428679457,139604.6158742162,157055.1928584932,r2,-155537.1766521835,-748038.3775619909,-592501.2009098073,0.177681827405919
970,w993163461,1099.8535498690792,ab,118342.74284405124,131491.93649339027,147928.42855506405,r2,-146498.62704494875,-709831.235335678,-563332.6082907292,0.177681827405919
971,w993164648,226.1375619597733,ab,25333.36690212359,28148.18544680399,31666.708627654487,r1,-34068.241147027,-241096.1163665606,-207027.8752195336,0.19302247853868815
972,w993164649,158.37299746889622,other,12554.80104281894,13949.778936465487,15693.501303523673,nr1,-15777.744735889642,-139473.49852720552,-123695.75379131587,0.19301477697901864
973,w993164650,163.5844805765897,other,11822.83966197053,13136.48851330059,14778.549577463164,nr1,-14857.881507140108,-127474.32244637662,-112616.44093923652,0.19301477697901864
974,w993164651,162.24389737509188,other,11008.365752407117,12231.517502674575,13760.457190508896,nr1,-13834.32395371445,-119888.73855162137,-106054.41459790691,0.19301477697901864
975,w993164652,173.63842588849366,other,12537.52789010725,13930.586544563612,15671.909862634062,nr1,-15756.037391158365,-136472.6338939958,-120716.59650283745,0.19301477697901864
976,w1006795433,259.34726619906723,mfh,31206.31317629144,34673.68130699049,39007.8914703643,r1,-41966.16291498246,-213270.0918140989,-171303.92889911646,0.19302247853868815
977,w1006849999,188.95288848243652,other,12692.659037467965,14102.954486075516,15865.823796834957,nr1,-15950.992264222086,-138279.28168628714,-122328.28942206505,0.19301477697901864
978,w1007159125,240.08975319266318,education,18188.745430473453,20209.717144970502,22735.931788091813,nr1,-22857.979309216844,-183679.73093592306,-160821.75162670622,0.19301477697901864
979,w1007160095,265.99824453517795,sfh,29700.45869061807,33000.5096562423,37125.57336327258,r1,-39941.0940029638,-221517.3393199222,-181576.2453169584,0.19302247853868815
980,w1007176059,713.9090096209663,trade,44584.74507920726,49538.60564356363,55730.93134900908,nr1,-56030.09753601788,-436457.6427172318,-380427.54518121394,0.19301477697901864
981,w1029411791,412.32884333096445,trade,24243.8769969841,26937.64110776011,30304.846246230125,nr1,-30467.524046150542,-257105.05919941745,-226637.53515326692,0.19301477697901864
982,w1030080397,647.4037659055554,other,30520.396752890152,33911.551947655724,38150.49594111269,nr1,-38355.28954722924,-342940.02960979607,-304584.7400625668,0.19301477697901864
983,w1030080398,123.65970464986749,other,6312.042173885407,7013.380193206007,7890.052717356758,nr1,-7932.406881007245,-72052.82597163036,-64120.419090623116,0.19301477697901864
984,w1030080399,86.80603968682699,other,6773.282403048039,7525.869336720043,8466.603003810047,nr1,-8512.05211575302,-82259.97845918935,-73747.92634343634,0.19301477697901864
985,w1036126248,1409.4026292502879,trade,62527.62490135226,69475.13877928029,78159.53112669032,nr2,-72336.83050150055,-599177.6373384801,-526840.8068369796,0.177681827405919
986,w1036126249,536.9865712554193,mfh,58786.42745363585,65318.25272626206,73483.0343170448,r2,-72772.78440456599,-376838.36366709205,-304065.57926252607,0.177681827405919
987,w1036126250,784.2879224468953,mfh,83022.8157791949,92247.57308799434,103778.51972399362,r2,-102775.44894396665,-478079.56760793435,-375304.1186639677,0.177681827405919
988,w1036126251,422.468481163308,mfh,52845.09736255475,58716.77484728305,66056.37170319344,r2,-65417.90416225824,-362289.2215935684,-296871.31743131013,0.177681827405919
989,w1036680208,878.3984476357698,mfh,87023.10356131091,96692.33729034546,108778.87945163864,r2,-107727.47771886957,-533960.2010039715,-426232.72328510194,0.177681827405919
990,w1075387093,82.43980132825672,other,6640.5639729472905,7378.404414385878,8300.704966184112,nr1,-8345.26352987771,-79334.26969238893,-70989.00616251121,0.19301477697901864
991,w1075387094,82.56877346616238,other,5523.9930738652965,6137.770082072551,6904.99134233162,nr1,-6942.057651492643,-52040.47815522059,-45098.420503727946,0.19301477697901864
992,w1075387095,130.11354850369972,other,4922.185612555075,5469.095125061194,6152.732015693843,nr0,-7584.782554273346,-52843.88028305125,-45259.0977287779,0.23666858635184343
993,w1075387096,86.78853361294604,other,5651.038189360073,6278.931321511192,7063.797736700091,nr1,-7101.716525845313,-54568.29998847487,-47466.583462629555,0.19301477697901864
994,w1075387097,130.27800867820625,other,5001.394598025604,5557.105108917338,6251.743247532005,nr1,-6285.302891059393,-50476.07065322928,-44190.76776216989,0.19301477697901864
995,w1075387098,130.18280181584413,other,4914.504272727153,5460.56030303017,6143.1303409089405,nr0,-7572.946086308451,-52629.45092600769,-45056.504839699235,0.23666858635184343
996,w1075387099,86.85200681062415,other,7574.079042728552,8415.643380809503,9467.598803410689,nr1,-9518.421306562626,-86116.64175938927,-76598.22045282664,0.19301477697901864
997,w1107949539,145.45949292609,other,7234.128086910359,8037.920096567066,9042.660108637949,nr1,-9091.20152145189,-21865.872076440523,-12774.670554988632,0.19301477697901864
998,w1107949540,113.13991883732378,other,8157.082843669978,9063.42538185553,10196.353554587471,nr1,-10251.088046555975,-87671.44678296066,-77420.35873640468,0.19301477697901864
999,w1108636740,113.13954655230044,other,8437.78627390423,9375.318082115811,10547.232842380286,nr1,-10603.850870404773,-89647.45824569922,-79043.60737529445,0.19301477697901864
1000,w1108636741,169.70950587596744,other,6388.827258846157,7098.696954273508,7986.034073557696,nr1,-8028.9034695156915,-62556.2948954605,-54527.39142594481,0.19301477697901864
1001,w1108636742,113.35190696045755,other,7307.257952288273,8119.1755025425255,9134.072440360342,nr1,-9183.104558749537,-68902.4279553317,-59719.323396582164,0.19301477697901864
1002,w1108636743,97.02220907397567,other,8465.714383767012,9406.34931529668,10582.142979708764,nr1,-10638.948406946212,-89154.50838419778,-78515.55997725157,0.19301477697901864
1003,w1108636744,97.02139693088829,other,6248.685707876577,6942.984119862863,7810.857134845721,nr1,-7852.786172989164,-61099.90100404393,-53247.114831054765,0.19301477697901864
1004,w1108636745,97.02220705058426,other,6051.606396825816,6724.00710758424,7564.507996032269,nr1,-7605.1146207376505,-57773.531899080794,-50168.41727834314,0.19301477697901864
1005,w1108636746,96.97299731615931,other,6049.968200571248,6722.186889523609,7562.46025071406,nr1,-7603.055883028967,-57741.184963311985,-50138.12908028302,0.19301477697901864
1006,w1108636747,96.97299630921333,other,6204.737122419419,6894.152358243799,7755.921403024274,nr1,-7797.555543648123,-60181.385128667695,-52383.82958501957,0.19301477697901864
1007,w1108636748,93.15071205198764,other,7049.813241953456,7833.125824392729,8812.266552441819,nr1,-8859.571202114537,-74590.0494073706,-65730.47820525608,0.19301477697901864
1008,w1108636749,139.88183319568634,other,5418.6318681190805,6020.702075687867,6773.28983514885,nr1,-6809.649164599084,-55430.7060290595,-48621.05686446042,0.19301477697901864
1009,w1108636750,139.7263257611543,other,5255.293421448891,5839.2149127209905,6569.116776811114,nr1,-6604.3800959511955,-53227.71588399903,-46623.335788047836,0.19301477697901864
1010,w1108636751,139.8837134392932,other,5137.657930030147,5708.508811144608,6422.072412537684,nr1,-6456.546390808773,-50153.4276735068,-43696.88128269803,0.19301477697901864
1011,w1108636752,93.1510556358844,other,5632.758798770266,6258.620887522518,7040.9484984628325,nr1,-7078.744631852732,-54404.99535951395,-47326.25072766122,0.19301477697901864
1012,w1108636753,93.25489941500128,other,5561.032789158997,6178.925321287774,6951.290986448746,nr1,-6988.605834215801,-54466.70061089658,-47478.09477668078,0.19301477697901864
1013,w1108636754,139.72684112749994,other,6793.787494520834,7548.652771689815,8492.234368151043,nr1,-8537.821070429432,-80380.62483852822,-71842.80376809879,0.19301477697901864
1014,w1159236388,245.9913005110109,other,17161.798074090097,19068.664526766774,21452.24759261262,nr1,-21567.404238297575,-223903.075994982,-202335.67175668443,0.19301477697901864
1015,w1159236389,122.96537718712352,other,11214.556910810714,12460.618789789682,14018.19613851339,nr1,-14093.44645617339,-152055.11659537698,-137961.6701392036,0.19301477697901864
1016,w1159236390,245.9301320978673,other,9422.640053648083,10469.600059608982,11778.300067060103,nr1,-11841.526520220223,-163695.93708100196,-151854.41056078175,0.19301477697901864
1017,w1219742100,99.15745026543736,other,6796.05397685548,7551.171085394977,8495.06747106935,nr1,-8540.66938157371,-80153.58225865001,-71612.9128770763,0.19301477697901864
1018,w1219742101,534.7382739499211,other,26665.5596979286,29628.399664365108,33331.94962241074,nr1,-33510.87705162701,-289885.4085536725,-256374.5315020455,0.19301477697901864
1019,w1219742102,331.85329187787136,other,16686.177045042114,18540.19671671346,20857.72130630264,nr1,-20969.686507706185,-178837.23184156165,-157867.54533385547,0.19301477697901864
1020,w1219742103,321.63751182574777,other,17114.566871985295,19016.185413316995,21393.208589981616,nr1,-21508.048311601713,-186777.7128621606,-165269.6645505589,0.19301477697901864
1021,w1219742104,906.7466930493712,other,37559.58202112246,41732.868912358295,46949.477526403076,nr1,-47201.50446788141,-422357.84767200786,-375156.34320412646,0.19301477697901864
1022,w1219742105,1260.638449399173,ab,128554.44727096538,142838.2747455171,160693.0590887067,r2,-159139.88110395882,-794732.0616563668,-635592.180552408,0.177681827405919
1023,w1219929093,501.3837405549362,other,33138.81990165809,36820.91100184232,41423.52487707261,nr1,-41645.88825213144,-356867.59139536135,-315221.70314322994,0.19301477697901864
1024,w1242595698,177.05818741209805,other,9156.077890481276,10173.419878312528,11445.097363101595,nr1,-11506.535168915769,-105299.78300279002,-93793.24783387425,0.19301477697901864
1025,w1242595699,175.70056665593293,other,9159.768067274865,10177.52007474985,11449.71008409358,nr1,-11511.172651204894,-104752.16846928262,-93240.99581807773,0.19301477697901864
