,full_id,NFA,building_usage,yearly_demand_useful_renovated,yearly_demand_delivered_renovated,yearly_demand_delivered_renovated_DH,consumer_size_renovated,npv_Gas_25years_ir_0.05,npv_DH_25years_ir_0.05,savings_npv_25years_ir_0.05,operator_selling_price
0,w24853838,27974.42320393324,trade,1197392.8826751309,1330436.536305701,1496741.1033439136,nr2,-184698.3230946314,-8211097.551689074,-8026399.228594443,0.21615529047714133
1,w24853840,937.1926232803613,trade,88019.54120636193,97799.49022929103,110024.4265079524,nr2,-13577.048849708772,-723473.6305828247,-709896.581733116,0.21615529047714133
2,w24853841,8998.296452549099,trade,370411.49455784855,411568.3272864984,463014.36819731066,nr2,-57136.118720669365,-3084666.5314219934,-3027530.412701324,0.21615529047714133
3,w25538793,404.8852469230536,trade,30724.044681390333,34137.827423767034,38405.05585173791,nr1,-5148.16212627879,-330142.0552895724,-324993.8931632936,0.23480828508684387
4,w27689586,5481.69515059907,office,239232.2588022705,265813.6208914117,299040.3235028381,nr2,-36901.67001177043,-809796.0609630307,-772894.3909512602,0.21615529047714133
5,w28994179,16672.165487814695,other,602602.7887910821,669558.6542123135,753253.4859888526,nr2,-92951.71717841114,-2039797.505284116,-1946845.7881057048,0.21615529047714133
6,w28994181,2845.002712316811,trade,324149.90597616514,360166.56219573907,405187.3824702064,nr2,-50000.2504869771,-1097240.4739027778,-1047240.2234158007,0.21615529047714133
7,w29249266,23411.247439788887,trade,2697249.5326306587,2996943.9251451762,3371561.915788323,nr2,-416051.80125312577,-9130131.771919519,-8714079.970666394,0.21615529047714133
8,w30213059,1747.46707642246,ab,186541.77691087977,207268.64101208863,233177.2211385997,r2,-30789.793044858125,-1146290.0949973296,-1115500.3019524715,0.21615529047714133
9,w50930444,8762.936898044496,other,330222.16830016905,366913.5203335212,412777.7103752113,nr2,-50936.89933871287,-2914289.1143477852,-2863352.2150090723,0.21615529047714133
10,w50930445,4934.112452852726,other,202146.16980193532,224606.85533548368,252682.71225241915,nr2,-31181.12619728161,-1962488.2058853642,-1931307.0796880827,0.21615529047714133
11,w50930458,1974.6456010334193,other,60554.61203303029,67282.90225892254,75693.26504128786,nr2,-9340.572722596635,-955088.8900702349,-945748.3173476383,0.21615529047714133
12,w50930471,4724.4749339554455,other,258143.60911438576,286826.2323493175,322679.5113929822,nr2,-39818.75323536471,-2125901.738228163,-2086082.9849927984,0.21615529047714133
13,w50930472,9715.957844087014,other,1058464.4972369291,1176071.663596588,1323080.6215461614,nr2,-163268.5649993995,-3582879.6033737273,-3419611.0383743276,0.21615529047714133
14,w50930478,6019.835157379508,trade,680901.6527717811,756557.3919686456,851127.0659647263,nr2,-105029.3477428592,-2304837.4791860315,-2199808.131443172,0.21615529047714133
15,w50930479,4489.048651921749,other,185541.01142931575,206156.6793659064,231926.26428664467,nr2,-28619.773987394023,-1596209.2661038993,-1567589.4921165053,0.21615529047714133
16,w50930480,4441.97852948606,other,168700.98991545063,187445.54435050068,210876.23739431327,nr2,-26022.194045596192,-1496018.7314378247,-1469996.5373922284,0.21615529047714133
17,w50930481,1370.623297881335,other,62080.660377160784,68978.51153017864,77600.82547145098,nr2,-9575.966279882974,-654785.2601993327,-645209.2939194498,0.21615529047714133
18,w50930482,1573.369959426485,other,63379.87619939754,70422.08466599727,79224.84524924692,nr2,-9776.370831452576,-641954.0704296159,-632177.6995981634,0.21615529047714133
19,w50930483,704.9254127380437,other,45123.70064816985,50137.445164633165,56404.62581021231,nr1,-7560.987789317896,-442089.2066217407,-434528.2188324228,0.23480828508684387
20,w50930486,509.32494937628496,trade,30466.044901173256,33851.16100130362,38082.55612646657,nr1,-5104.931337140331,-314210.9854229925,-309106.05408585217,0.23480828508684387
21,w98916060,2713.01504517002,other,226605.19701500298,251783.55223889218,283256.4962687537,nr2,-34953.940764783285,-767053.7278510174,-732099.7870862341,0.21615529047714133
22,w98916062,151.14776481509907,trade,11092.043274505519,12324.492527228354,13865.054093131897,nr1,-1858.5976449722646,-133771.090025736,-131912.49238076372,0.23480828508684387
23,w98916065,222.67857759937178,other,20948.500685227787,23276.111872475318,26185.625856534734,nr1,-3510.1588657478383,-214621.6281685311,-211111.46930278328,0.23480828508684387
24,w98916067,43210.64675020873,trade,3034378.024269405,3371531.1380771166,3792972.530336756,nr2,-468054.0036831136,-10271304.479706842,-9803250.476023728,0.21615529047714133
25,w98916074,4745.314506876469,trade,491122.8611791089,545692.0679767877,613903.5764738861,nr2,-75755.89449852244,-1662440.3432166278,-1586684.4487181054,0.21615529047714133
26,w98916075,67.06430839556852,sfh,8538.96409194254,9487.737879936156,10673.705114928174,r1,-1531.090012388457,-108256.27942985341,-106725.18941746495,0.23481765426596474
27,w98916076,98.82164086105185,sfh,13728.213996145805,15253.571106828673,17160.267495182256,r1,-2461.555185278757,-144361.5920549854,-141900.03686970664,0.23481765426596474
28,w98916079,3334.9361924076916,trade,133751.88480733606,148613.2053414845,167189.85600917006,nr2,-20631.280836971324,-1424148.5318363514,-1403517.2509993801,0.21615529047714133
29,w98916080,2976.303781049745,other,104082.21116258297,115646.90129175886,130102.76395322871,nr2,-16054.72200800285,-1048117.3212030736,-1032062.5991950708,0.21615529047714133
30,w98916086,294.4025758753764,other,20686.516731325537,22985.018590361706,25858.14591415692,nr1,-3466.2604831241056,-257429.99184722887,-253963.73136410475,0.23480828508684387
31,w98916091,1116.7099465291947,trade,65522.69205707044,72802.99117452271,81903.36507133805,nr2,-10106.90102028129,-221792.90617894597,-211686.0051586647,0.21615529047714133
32,w98916094,150.05011938810347,trade,13612.2294499376,15124.699388819556,17015.286812422,nr1,-2280.8834199760167,-180577.1973396349,-178296.3139196589,0.23480828508684387
33,w98916098,15131.85493721813,trade,1389797.224493673,1544219.1383263033,1737246.5306170913,nr2,-214376.76849395363,-4704433.77313314,-4490057.004639186,0.21615529047714133
34,w98916102,1892.1415951219387,trade,73425.17962658805,81583.53291843117,91781.47453323506,nr2,-11325.862835976392,-855538.7381847954,-844212.875348819,0.21615529047714133
35,w98916109,81.43322088830173,sfh,9629.8057932929,10699.784214769888,12037.257241616126,r1,-1726.6847960239056,-123332.13403120993,-121605.44923518602,0.23481765426596474
36,w98916113,559.2398283889517,trade,50271.6825643969,55857.425071552105,62839.60320549612,nr2,-7754.426807720468,-477777.1127559415,-470022.6859482211,0.21615529047714133
37,w98916116,6987.1012714248145,other,358101.17313169746,397890.1923685527,447626.4664146218,nr2,-55237.24679896036,-2771355.57639957,-2716118.3296006094,0.21615529047714133
38,w98916121,458.57296650111675,other,22475.134293848154,24972.371437609057,28093.917867310192,nr1,-3765.9636403504533,-244378.74589456595,-240612.7822542155,0.23480828508684387
39,w98916126,1235.1179318586364,trade,54455.49615433791,60506.10683815323,68069.37019292239,nr2,-8399.781699488512,-570401.3238030559,-562001.5421035674,0.21615529047714133
40,w99055014,379.03616306802724,mfh,51250.231128429565,56944.70125381063,64062.788910536954,r2,-8459.1453779245,-398157.52426334756,-389698.37888542307,0.21615529047714133
41,w99055018,363.825429549627,mfh,39011.950831555296,43346.61203506144,48764.93853944412,r1,-6995.088354844647,-307944.6441947854,-300949.55583994073,0.23481765426596474
42,w99055022,32.828185592684896,sfh,3912.1656857345315,4346.850761927257,4890.207107168164,r0,-860.7630451403836,-56510.00621340857,-55649.243168268185,0.28813869366260303
43,w99055023,57.57688737055287,sfh,7638.842228320924,8487.602475912137,9548.552785401154,r1,-1369.6924961927866,-80694.17569980162,-79324.48320360883,0.23481765426596474
44,w99055025,2922.078992408514,trade,131771.14343422168,146412.38159357963,164713.9292927771,nr2,-20325.750701130644,-1154595.0707311442,-1134269.3200300136,0.21615529047714133
45,w99055028,168.94065034445376,ab,18863.996140229203,20959.99571136578,23579.9951752865,r1,-3382.4332522130117,-161005.5444431075,-157623.1111908945,0.23481765426596474
46,w99055030,502.22660109587014,other,33719.73290267432,37466.369891860355,42149.66612834289,nr1,-5650.123661710845,-362604.7202344938,-356954.59657278296,0.23480828508684387
47,w99055036,2513.4158389533286,other,94056.81089942587,104507.56766602874,117571.01362428232,nr2,-14508.300074359222,-967588.6316737813,-953080.3315994221,0.21615529047714133
48,w99055038,337.97397138923407,other,24561.514626422148,27290.57180713572,30701.893283027683,nr1,-4115.560326612149,-285394.8952615583,-281279.33493494615,0.23480828508684387
49,w99055039,2475.299022556655,other,95255.37369289662,105839.30410321847,119069.21711612078,nr2,-14693.178856654215,-862807.2022610282,-848114.023404374,0.21615529047714133
50,w99055040,101.95110847079195,trade,7536.8851086504455,8374.316787389384,9421.106385813056,nr1,-1262.8905754056143,-111477.308691963,-110214.41811655738,0.23480828508684387
51,w99055041,189.90211718752977,ab,21595.11692946048,23994.5743660672,26993.8961618256,r1,-3872.14040146362,-207802.02117058172,-203929.8807691181,0.23481765426596474
52,w99055043,190.2007592998445,sfh,29155.98911223378,32395.543458037533,36444.98639029222,r1,-5227.852377687235,-268074.39964291814,-262846.5472652309,0.23481765426596474
53,w99055048,47.74609960326925,sfh,5769.180841789516,6410.2009353216845,7211.476052236895,r1,-1034.4504405237867,-79412.7825303343,-78378.33208981052,0.23481765426596474
54,w99055050,194.95880112051967,trade,16984.909900636445,18872.122111818273,21231.137375795555,nr1,-2846.014278897257,-202207.5664739634,-199361.55219506615,0.23480828508684387
55,w99055053,122.33706042193808,ab,14174.508663259385,15749.454070288204,17718.13582907423,r1,-2541.5786284086576,-165976.70252250187,-163435.1238940932,0.23481765426596474
56,w99055057,303.91877080444243,ab,36040.58788819037,40045.09765354486,45050.73486023796,r1,-6462.304275091919,-301148.78782440827,-294686.48354931636,0.23481765426596474
57,w99055067,194.8848727118224,sfh,21931.666176569037,24368.517973965598,27414.582720711296,r1,-3932.4857999658802,-199967.99682886648,-196035.5110289006,0.23481765426596474
58,w99055068,348.37368724122643,ab,40200.04013772175,44666.71126413528,50250.05017215219,r1,-7208.120246173656,-423688.0192845717,-416479.89903839806,0.23481765426596474
59,w99055094,263.70872883694244,other,16614.595860209945,18460.66206689994,20768.24482526243,nr1,-2783.9639617100893,-215731.9047355481,-212947.94077383803,0.23480828508684387
60,w99055100,85.6876405166462,sfh,12089.433153049305,13432.703503388117,15111.79144131163,r1,-2167.7114643845293,-130808.64781389965,-128640.93634951512,0.23481765426596474
61,w99055110,94.65369866762775,sfh,12604.978915374657,14005.532128194063,15756.22364421832,r1,-2260.1520648047117,-157273.5772341835,-155013.42516937878,0.23481765426596474
62,w99055113,801.3236896117684,education,39333.930829421224,43704.367588245805,49167.41353677653,nr1,-6590.846194685739,-420987.15322178736,-414396.30702710163,0.23480828508684387
63,w99055118,54.3237798044458,other,6219.479772060365,6910.533080067072,7774.349715075456,nr1,-1042.1443706294367,-79014.10029000226,-77971.95591937282,0.23480828508684387
64,w99055131,500.74276516167447,th,69240.53713621371,76933.93015134857,86550.67142026713,r2,-11428.548843283232,-579606.340932945,-568177.7920896618,0.21615529047714133
65,w99055135,663.0715527065098,ab,68880.52212837798,76533.91347597554,86100.65266047248,r2,-11369.126295863194,-468917.2573919975,-457548.1310961343,0.21615529047714133
66,w99055142,64.54166975589469,sfh,9032.758360397225,10036.398178219139,11290.947950496531,r1,-1619.6304330372616,-95849.05894932235,-94229.42851628509,0.23481765426596474
67,w99055146,149.08371188635937,sfh,17342.70904751041,19269.67671945601,21678.38630938801,r1,-3109.656900356104,-142217.21367178895,-139107.55677143284,0.23481765426596474
68,w99055147,57.659734526090325,sfh,7330.462267285426,8144.958074761584,9163.077834106782,r1,-1314.3980280022338,-91542.48241956922,-90228.08439156698,0.23481765426596474
69,w99055152,1635.3717537612654,other,76892.01538215307,85435.57264683674,96115.01922769133,nr2,-11860.62361480014,-730278.5460651089,-718417.9224503087,0.21615529047714133
70,w99055158,567.1104306213557,trade,39120.40099323338,43467.11221470375,48900.50124154172,nr1,-6555.066849000871,-421763.2663951818,-415208.19954618096,0.23480828508684387
71,w99055160,362.3993257842958,ab,41269.65009818708,45855.16677576342,51587.06262273384,r1,-7399.90804501977,-380033.5911736963,-372633.6831286765,0.23481765426596474
72,w99055171,150.93386064656082,sfh,16885.70894548665,18761.8988283185,21107.136181858314,r1,-3027.7139053586975,-155317.2513709647,-152289.537465606,0.23481765426596474
73,w99055172,71.28885925472714,sfh,9019.499646113589,10021.666273459543,11274.374557641986,r1,-1617.2530621058227,-112162.85952539653,-110545.60646329071,0.23481765426596474
74,w99055173,413.9677898917347,ab,46033.80958093352,51148.67731214836,57542.2619761669,r1,-8254.151829501996,-361707.6127394444,-353453.4609099424,0.23481765426596474
75,w99055181,184.62117180265486,other,15209.502381678169,16899.44709075352,19011.87797709771,nr1,-2548.5246142845845,-181987.18843182747,-179438.6638175429,0.23480828508684387
76,w99055182,84.81555104400032,sfh,9995.399856476368,11105.999840529297,12494.24982059546,r1,-1792.2381128784543,-128441.84513645028,-126649.60702357184,0.23481765426596474
77,w99055185,136.9722994968528,education,10840.570650859518,12045.07850095502,13550.713313574397,nr1,-1816.4605549414568,-153042.7021736754,-151226.24161873394,0.23480828508684387
78,w99055186,41.49024544628337,sfh,5137.404922484948,5708.227691649942,6421.756153106185,r1,-921.1690413166488,-67204.50338023942,-66283.33433892277,0.23481765426596474
79,w99055192,160.51305735595523,ab,18121.209085465063,20134.67676162785,22651.511356831328,r1,-3249.2468576298616,-191676.4051420859,-188427.15828445603,0.23481765426596474
80,w99055193,133.23216011486946,other,9055.86994602939,10062.077717810433,11319.837432536737,nr1,-1517.4137116423815,-115435.17796682748,-113917.7642551851,0.23480828508684387
81,w99055199,594.2030242990702,ab,69499.33638341566,77221.48487046185,86874.17047926957,r2,-11471.265147338383,-479402.9874281328,-467931.7222807944,0.21615529047714133
82,w99055201,119.5810925271362,sfh,16186.140935837673,17984.601039819638,20232.67616979709,r1,-2902.2769576180785,-173975.37859883707,-171073.101641219,0.23481765426596474
83,w99055202,635.4450178422034,ab,74224.65462412336,82471.83847124818,92780.8182801542,r2,-12251.206097359416,-581991.5975748637,-569740.3914775043,0.21615529047714133
84,w99055209,191.61494707558305,other,19092.937557201116,21214.375063556796,23866.171946501392,nr1,-3199.238219794852,-212046.51200345196,-208847.27378365712,0.23480828508684387
85,w99055216,463.1840371862054,education,30329.625776782435,33699.58419642493,37912.03222097804,nr1,-5082.072765725925,-313339.2941627804,-308257.2213970545,0.23480828508684387
86,w99055219,773.0541430711745,other,89363.99007406665,99293.3223045185,111704.9875925833,nr2,-13784.430616332242,-778829.9038893997,-765045.4732730675,0.21615529047714133
87,w99055224,318.955577952601,ab,39326.77401159415,43696.415568437944,49158.46751449268,r1,-7051.538132761,-322837.6333347775,-315786.09520201647,0.23481765426596474
88,w99055226,262.56915004737675,ab,28811.221455015977,32012.468283351085,36014.02681876997,r1,-5166.033366519493,-242291.56341703492,-237125.53005051543,0.23481765426596474
89,w99055235,1694.7837025728077,trade,149404.7926523063,166005.3251692292,186755.99081538286,nr2,-23045.748028443,-1206387.8947763569,-1183342.146747914,0.21615529047714133
90,w99055245,424.4345906373113,ab,47895.25638616388,53216.95154018208,59869.07048270485,r1,-8587.920959034922,-385647.21188203996,-377059.290923005,0.23481765426596474
91,w99055249,70.42309986636974,sfh,9527.919340341607,10586.577044824007,11909.899175427008,r1,-1708.415913659286,-126088.61846006772,-124380.20254640844,0.23481765426596474
92,w99055257,137.79457132667304,trade,8302.741753787854,9225.268615319837,10378.427192234816,nr1,-1391.2185418417353,-118453.58855719592,-117062.37001535419,0.23480828508684387
93,w99055287,226.3710821658373,mfh,29327.158711257514,32585.731901397237,36658.94838907189,r1,-5258.544164263206,-244964.17423123127,-239705.63006696806,0.23481765426596474
94,w99055292,58.725108856521544,trade,5742.2884325185605,6380.320480576178,7177.8605406482,nr1,-962.1855498851951,-89263.56884740347,-88301.38329751827,0.23480828508684387
95,w99055300,847.1402418442303,other,76273.07353797425,84747.85948663806,95341.34192246781,nr2,-11765.151591901922,-704346.3071125785,-692581.1555206766,0.21615529047714133
96,w99389931,488.4274571448564,mfh,51882.65252404952,57647.39169338835,64853.315655061895,r2,-8563.530166204831,-371047.2827679859,-362483.75260178105,0.21615529047714133
97,w99389943,3490.8252122399163,ab,329651.0091598724,366278.89906652493,412063.7614498405,r2,-54410.79482109899,-2074396.1780632292,-2019985.3832421303,0.21615529047714133
98,w99389949,2474.179022271931,ab,284257.7582638273,315841.9536264748,355322.1978297841,r2,-46918.37771289124,-2101070.9728736663,-2054152.5951607751,0.21615529047714133
99,w99389956,671.7147096479312,education,46899.24791118664,52110.27545687404,58624.0598889833,nr1,-7858.500869632405,-172452.44042540714,-164593.93955577473,0.23480828508684387
100,w99389960,693.6997662768932,ab,80098.50062143736,88998.33402381929,100123.12577679669,r2,-13220.71815856954,-609724.0386405654,-596503.3204819958,0.21615529047714133
101,w99389971,1612.9015118613836,education,79005.85520261421,87784.28355846023,98757.31900326777,nr2,-12186.68423849249,-818942.2387030596,-806755.5544645671,0.21615529047714133
102,w99389974,235.12884147074072,education,10047.192716967635,11163.547463297371,12558.990896209543,nr1,-1683.5210844569124,-142253.77725636854,-140570.25617191163,0.23480828508684387
103,w99389975,1082.0712234761565,mfh,111466.82540481444,123852.0282275716,139333.53175601806,r2,-18398.2405572411,-727510.278197279,-709112.0376400378,0.21615529047714133
104,w99389979,163.53384786918758,ab,21228.517390207166,23587.241544674627,26535.646737758954,r1,-3806.4067964205205,-210802.16916845494,-206995.76237203443,0.23481765426596474
105,w99389992,2569.363114476204,other,222880.7619206125,247645.2910229028,278600.9524007656,nr2,-34379.4451866303,-754446.5950009166,-720067.1498142863,0.21615529047714133
106,w99390006,431.6004564465955,education,13943.155864366083,15492.395404851202,17428.944830457604,nr1,-2336.3338937340463,-245441.23688287858,-243104.90298914452,0.23480828508684387
107,w99390011,2554.974828636646,ab,247425.31787724234,274917.0198636026,309281.6473465529,r2,-40838.97161083711,-1566288.0175664993,-1525449.0459556621,0.21615529047714133
108,w99390014,587.280543653667,trade,43622.5019390578,48469.44659895311,54528.12742382225,nr1,-7309.444920583872,-454276.86604986456,-446967.4211292807,0.23480828508684387
109,w99390021,1617.1983746248297,other,56431.07453005592,62701.19392228436,70538.8431625699,nr2,-8704.515440950152,-612219.0314747932,-603514.516033843,0.21615529047714133
110,w99390022,5590.431437242403,education,501507.8998853299,557230.9998725888,626884.8748566624,nr2,-77357.79080345668,-1697593.4763239701,-1620235.6855205134,0.21615529047714133
111,w99390025,237.89438336268066,education,22880.136119028128,25422.373465586807,28600.170148785157,nr1,-3833.826289265561,-84132.16600965464,-80298.33972038908,0.23480828508684387
112,w99390027,116.0190749399364,mfh,12111.38188864718,13457.090987385754,15139.227360808974,r1,-2171.6470108391836,-93437.4226941097,-91265.77568327052,0.23481765426596474
113,w99390046,1095.085822885856,mfh,104637.32667388588,116263.69630431764,130796.65834235735,r2,-17270.992516573668,-656846.6686699786,-639575.676153405,0.21615529047714133
114,w99390052,1678.6958267321402,education,80452.87476272321,89392.08306969245,100566.093453404,nr2,-12409.887574761004,-922456.4636538042,-910046.5760790431,0.21615529047714133
115,w99390065,2581.633286331594,education,86800.34062073754,96444.82291193059,108500.42577592192,nr2,-13388.986679857111,-923914.2133676568,-910525.2266877997,0.21615529047714133
116,w99390082,124.21957990797236,education,9140.033185312222,10155.592428124692,11425.041481640277,nr1,-1531.516216875465,-114720.77907320269,-113189.26285632723,0.23480828508684387
117,w99390107,332.09000708311794,education,26712.358260262183,29680.39806695798,33390.44782532773,nr1,-4475.958570076169,-98223.56597750906,-93747.6074074329,0.23480828508684387
118,w99390110,1066.5973296171287,mfh,111016.92938734422,123352.1437637158,138771.16173418026,r2,-18323.98263229257,-763402.8376822846,-745078.8550499921,0.21615529047714133
119,w99390116,694.0162199864862,ab,76366.64546448652,84851.8282938739,95458.30683060814,r2,-12604.754003736822,-549272.2500110003,-536667.4960072635,0.21615529047714133
120,w99390122,307.42072394330467,other,23978.9127918091,26643.236435343442,29973.640989761374,nr1,-4017.938781963371,-315954.8717040826,-311936.9329221192,0.23480828508684387
121,w99390129,1196.3697846690193,trade,62972.859261591475,69969.84362399053,78716.07407698935,nr2,-9713.58830871372,-544393.6828816135,-534680.0945728997,0.21615529047714133
122,w99390130,964.417538562417,education,49512.76423577884,55014.18248419871,61890.95529472355,nr1,-8296.425169580665,-500423.28162240237,-492126.8564528217,0.23480828508684387
123,w99390133,9252.387912133521,education,680645.1328091653,756272.3697879614,850806.4160114565,nr2,-104989.77943773483,-2303969.1646187375,-2198979.385181003,0.21615529047714133
124,w99390139,1249.1388426542283,ab,101272.3942615666,112524.88251285178,126590.49282695825,r2,-16715.591070844206,-772321.0143578209,-755605.4232869766,0.21615529047714133
125,w99390141,112.67489476799965,other,7161.259483685899,7956.954981873221,8951.574354607374,nr1,-1199.9502419906723,-107572.00395312707,-106372.0537111364,0.23480828508684387
126,w99758761,171.36210507287177,trade,18702.739494504167,20780.821660560185,23378.424368130207,nr1,-3133.856109172531,-225711.82068373784,-222577.9645745653,0.23480828508684387
127,w99758765,309.03573338240386,trade,17633.22369336,19592.4707704,22041.529616699998,nr1,-2954.646607363606,-203950.34847802646,-200995.70187066286,0.23480828508684387
128,w99758770,601.7205038767308,mfh,67803.20632134694,75336.89591260771,84754.00790168367,r2,-11191.309126477661,-499940.948311604,-488749.6391851263,0.21615529047714133
129,w99758771,976.6668764967471,mfh,93790.2658837786,104211.40653753177,117237.83235472324,r2,-15480.622753815609,-632719.5381073704,-617238.9153535548,0.21615529047714133
130,w99758774,197.5460334163159,ab,21548.287941595398,23942.54215732822,26935.359926994246,r1,-3863.7436691623157,-224081.43726729343,-220217.6935981311,0.23481765426596474
131,w99758775,265.071225726977,sfh,27414.764697100116,30460.849663444573,34268.45587137514,r1,-4915.639879469363,-259407.73223341623,-254492.09235394688,0.23481765426596474
132,w99758777,337.6781565959565,ab,38785.81336494016,43095.34818326684,48482.26670617519,r1,-6954.540483600175,-359590.08234995557,-352635.5418663554,0.23481765426596474
133,w99758783,333.3155570875853,th,46165.858494498185,51295.3983272202,57707.32311812273,r1,-8277.82903091995,-181645.85354910043,-173368.0245181805,0.23481765426596474
134,w99758786,182.17889552428386,mfh,24975.758120688377,27750.84235632042,31219.69765086047,r1,-4478.310647365255,-191076.4431925812,-186598.13254521595,0.23481765426596474
135,w99758788,349.08404515869915,other,29695.324703960447,32994.80522662272,37119.15587995056,nr1,-4975.788427396667,-308203.80191995064,-303228.01349255396,0.23480828508684387
136,w99758792,60.93018751584459,sfh,7098.129910688255,7886.811011875839,8872.662388360319,r1,-1272.7393739886554,-97826.4325802055,-96553.69320621683,0.23481765426596474
137,w99758793,126.39461716674268,ab,14533.912444621437,16148.79160513493,18167.390555776794,r1,-2606.0219887663075,-150064.0670523332,-147458.0450635669,0.23481765426596474
138,w99758796,906.0679207786917,ab,92578.39928517047,102864.88809463385,115722.99910646307,r2,-15280.59720250467,-589723.8867070745,-574443.2895045698,0.21615529047714133
139,w99758800,420.9761067721993,ab,43617.35169245246,48463.724102724955,54521.68961556557,r1,-7820.86571908237,-344235.9056436306,-336415.03992454824,0.23481765426596474
140,w99758801,293.7319820257835,mfh,30453.792851169546,33837.547612410606,38067.241063961934,r1,-5460.556757437461,-242294.28803793364,-236833.73128049617,0.23481765426596474
141,w99758803,512.6721141899004,mfh,56071.10035591353,62301.2226176817,70088.8754448919,r2,-9254.857567808222,-394882.7825306151,-385627.92496280686,0.21615529047714133
142,w99758805,165.76912949401884,sfh,21149.48042883679,23499.42269870754,26436.850536045986,r1,-3792.2349717283537,-222286.05778630706,-218493.8228145787,0.23481765426596474
143,w99758807,110.8734177275095,other,10633.353902934445,11814.837669927161,13291.692378668055,nr1,-1781.739038791447,-131290.60167490982,-129508.86263611837,0.23480828508684387
144,w99758813,43.0509613757953,other,4335.785169212401,4817.539076902668,5419.731461515501,nr0,-890.8234484734223,-61956.4642832877,-61065.64083481428,0.2879144579756441
145,w99758814,84.92593946289271,th,9884.973779293656,10983.304199215172,12356.217224117068,r1,-1772.4380221342822,-93794.06449763553,-92021.62647550124,0.23481765426596474
146,w99758818,424.19755738042295,mfh,42981.25264898336,47756.94738775929,53726.5658112292,r1,-7706.809156499515,-343481.03056480456,-335774.22140830505,0.23481765426596474
147,w99758821,35.03456762442365,sfh,4362.174934958981,4846.861038843312,5452.718668698726,r0,-959.775040750955,-81331.66504181856,-80371.8900010676,0.28813869366260303
148,w99758824,478.7830200769007,ab,54415.092655594315,60461.21406177146,68018.86581949289,r2,-8981.523973490204,-522267.7914920337,-513286.26751854346,0.21615529047714133
149,w99758826,392.0728006519377,ab,50422.93344994148,56025.48161104609,63028.666812426854,r2,-8322.595138460934,-398397.91847756365,-390075.32333910273,0.21615529047714133
152,w99758837,194.723237061128,mfh,27818.768765056746,30909.743072285273,34773.46095632093,r1,-4988.080351961382,-239758.00519347447,-234769.9248415131,0.23481765426596474
153,w99758838,478.1149431033991,ab,49879.55482966044,55421.727588511596,62349.443537075545,r1,-8943.718160630182,-412019.68611867965,-403075.96795804944,0.23481765426596474
154,w99758842,66.20839738831855,sfh,9098.77198804681,10109.746653385344,11373.464985058512,r1,-1631.4670920145707,-90632.42755084044,-89000.96045882587,0.23481765426596474
155,w99758845,141.8255072105676,th,20597.68337727332,22886.31486363702,25747.104221591646,r1,-3693.294286954724,-233554.0248352765,-229860.7305483218,0.23481765426596474
156,w99758846,563.5821329504251,other,39110.73926488373,43456.37696098192,48888.424081104655,nr1,-6553.447916842691,-406213.77655263594,-399660.32863579324,0.23480828508684387
157,w99758847,385.25146163031457,sfh,48245.97195129891,53606.635501443234,60307.46493912364,r1,-8650.806467532862,-437059.73630823614,-428408.92984070326,0.23481765426596474
158,w99758850,177.17881421931088,ab,22322.486341848085,24802.762602053426,27903.107927310106,r1,-4002.562315718347,-198081.87615762785,-194079.3138419095,0.23481765426596474
159,w99758852,422.9061155930161,other,27630.39919965029,30700.443555166985,34537.99899956286,nr1,-4629.786740928751,-305453.61280571914,-300823.82606479037,0.23480828508684387
160,w99758858,57.38898355839774,sfh,6590.511049374096,7322.7900548601065,8238.13881171762,r1,-1181.7201168176955,-89878.33897244457,-88696.61885562688,0.23481765426596474
161,w99758862,402.33381934519855,sfh,47385.93913186298,52651.04347984775,59232.42391482872,r1,-8496.597169310471,-500982.41589935805,-492485.81873004755,0.23481765426596474
162,w99758864,101.365438436158,other,10686.907379847416,11874.341533163795,13358.63422480927,nr1,-1790.7125311956192,-131342.80956041574,-129552.09702922012,0.23480828508684387
163,w99758865,63.831228005420414,other,4034.3888558582253,4482.654284286917,5042.986069822781,nr0,-828.8990466082545,-67263.00377883515,-66434.10473222689,0.2879144579756441
164,w99758868,445.0926624152809,ab,49002.607042031916,54447.341157813236,61253.258802539895,r1,-8786.47590213525,-384239.3005119532,-375452.82460981794,0.23481765426596474
165,w99758869,105.27734354436397,other,8736.207849217513,9706.897610241682,10920.259811521892,nr1,-1463.8507020490983,-118202.4215605944,-116738.57085854531,0.23480828508684387
166,w99758874,732.9468768487684,ab,73910.07250364788,82122.30278183098,92387.59062955985,r2,-12199.282509273942,-547351.2924873853,-535152.0099781114,0.21615529047714133
167,w99758876,118.68904608124866,sfh,12352.210694951837,13724.678549946484,15440.263368689795,r1,-2214.8291317683993,-151101.49207132997,-148886.66293956156,0.23481765426596474
168,w99758878,556.4759241774678,other,50045.05270888446,55605.61412098273,62556.31588610557,nr2,-7719.469063372759,-476067.73900282057,-468348.2699394478,0.21615529047714133
169,w99758879,141.26093079326674,other,12063.985867794016,13404.42874199335,15079.982334742519,nr1,-2021.4576492319186,-201419.83979687223,-199398.3821476403,0.23480828508684387
170,w99758882,536.390386541374,other,53874.88809445505,59860.98677161672,67343.6101180688,nr2,-8310.222677894855,-477996.8664687526,-469686.64379085775,0.21615529047714133
171,w99758886,70.57262436598539,sfh,9862.178496867567,10957.97610763063,12327.723121084458,r1,-1768.3506845045235,-123660.40068897995,-121892.05000447543,0.23481765426596474
172,w99758887,84.85345135740936,sfh,11592.59887534742,12880.665417052687,14490.748594184273,r1,-2078.6259509415827,-144632.5565692326,-142553.93061829102,0.23481765426596474
173,w99758888,71.82869699064176,other,5611.650315189278,6235.167016876976,7014.562893986597,nr1,-940.2956517660734,-76202.9938734864,-75262.69822172032,0.23480828508684387
174,w99758891,1365.0763243824242,trade,109673.71393623555,121859.68215137284,137092.14242029443,nr2,-16917.213510011225,-1126573.6327409858,-1109656.4192309745,0.21615529047714133
175,w99758895,154.4283221337944,other,11343.022479982455,12603.358311091617,14178.778099978068,nr1,-1900.6520571930137,-41709.23832675453,-39808.586269561514,0.23480828508684387
176,w99758899,158.4874060918577,th,20589.83452385864,22877.59391539849,25737.2931548233,r1,-3691.8869381308477,-195627.28990571725,-191935.4029675864,0.23481765426596474
177,w99758900,82.77785695786588,sfh,10694.216001383687,11882.462223759652,13367.770001729608,r1,-1917.5402465380885,-124511.75869953487,-122594.21845299678,0.23481765426596474
178,w99758903,400.34018093422054,trade,29613.781724427085,32904.20191603009,37017.22715553385,nr1,-4962.124976400846,-329996.6732280795,-325034.54825167864,0.23480828508684387
179,w99758905,110.54209396946244,sfh,14100.026680676654,15666.696311862948,17625.033350845817,r1,-2528.2235400856007,-127240.53137217964,-124712.30783209404,0.23481765426596474
180,w99758908,248.9345047255978,ab,27512.151103074764,30569.05678119418,34390.18887884345,r1,-4933.10187508437,-233087.7586584906,-228154.65678340624,0.23481765426596474
181,w99758913,208.22132023065353,ab,22300.78576510543,24778.65085011714,27875.982206381785,r1,-3998.671265708533,-227449.20727646758,-223450.53601075904,0.23481765426596474
182,w99758915,71.10941483918579,ab,10013.713282288307,11126.348091431451,12517.141602860384,r1,-1795.5218254050985,-99840.33928064429,-98044.81745523919,0.23481765426596474
183,w99758919,819.0798590054737,ab,94696.69321739217,105218.54801932463,118370.8665217402,r2,-15630.233797916995,-665399.8602163249,-649769.6264184079,0.21615529047714133
184,w99758922,83.9358181065414,th,11677.410484752485,12974.900538613872,14596.763105940605,r1,-2093.8332063763746,-108448.98921803251,-106355.15601165613,0.23481765426596474
185,w99758926,36.12754547015065,sfh,4556.491211661925,5062.768012957695,5695.614014577406,r0,-1002.5289227414524,-55653.504650650735,-54650.97572790928,0.28813869366260303
186,w99758928,119.38002583179623,sfh,17308.899478423707,19232.110531581897,21636.124348029633,r1,-3103.59463179584,-153392.7778276808,-150289.18319588498,0.23481765426596474
187,w99758931,65.79372537583113,th,8611.439252918039,9568.265836575598,10764.299066147547,r1,-1544.0852649648837,-112137.96735038712,-110593.88208542223,0.23481765426596474
188,w99758935,355.7203856162727,ab,44548.24205703894,49498.046730043265,55685.30257129867,r1,-7987.780221181272,-361453.3688369319,-353465.5886157506,0.23481765426596474
189,w99758936,99.44306262517348,th,12820.809152675898,14245.343502973219,16026.011440844872,r1,-2298.8517849517,-166808.56601757996,-164509.71423262826,0.23481765426596474
190,w99758945,525.0721962768584,mfh,72696.76550898828,80774.18389887585,90870.95688623533,r2,-11999.019212311267,-263302.3801809675,-251303.36096865623,0.21615529047714133
191,w99758951,355.6037514369003,ab,38846.362119594094,43162.62457732677,48557.95264949262,r1,-6965.397256449319,-295898.27916366386,-288932.8819072145,0.23481765426596474
192,w99758953,525.4067761451006,other,30960.182478675506,34400.2027540839,38700.22809834438,nr1,-5187.729692241314,-364307.5927868606,-359119.8630946193,0.23480828508684387
193,w99758954,37.75478148937691,sfh,3643.787391156788,4048.6526568408754,4554.7342389459845,r0,-801.7138798832257,-61675.08368163273,-60873.369801749504,0.28813869366260303
194,w99758959,30.14875982720405,sfh,3902.3905445980445,4335.989493997827,4877.988180747555,r0,-858.612297721377,-51879.95690007874,-51021.34460235736,0.28813869366260303
195,w99758962,201.50926117040217,mfh,21723.95521923704,24137.72802137449,27154.944024046297,r1,-3895.2419178262708,-85475.85850116961,-81580.61658334335,0.23481765426596474
196,w99758966,155.61690238779408,th,21851.717362183943,24279.685957982158,27314.646702729926,r1,-3918.1504742882817,-208525.96980016347,-204607.8193258752,0.23481765426596474
197,w99758967,90.83302856497467,ab,10128.948163735615,11254.386848595128,12661.185204669518,r1,-1816.1841650241665,-124966.12265616616,-123149.93849114199,0.23481765426596474
198,w99758970,391.2386861808598,th,48443.52710272418,53826.14122524909,60554.40887840523,r1,-8686.229349745066,-393374.0059018277,-384687.7765520826,0.23481765426596474
199,w99758974,163.93810575278476,sfh,20363.139486646123,22625.710540717915,25453.924358307653,r1,-3651.2390909684937,-166745.56901189106,-163094.32992092255,0.23481765426596474
200,w99758975,139.83927450878545,sfh,19017.06701210734,21130.074457897044,23771.333765134175,r1,-3409.8798230846896,-174108.56467537014,-170698.68485228546,0.23481765426596474
201,w99758979,705.2831632008775,trade,40567.1544633245,45074.61607036056,50708.94307915562,nr1,-6797.486800476104,-401058.1418332095,-394260.6550327334,0.23480828508684387
202,w99758981,319.7999828794971,other,27092.453379920906,30102.725977689894,33865.56672490113,nr1,-4539.6478180154445,-99621.20738751767,-95081.55956950222,0.23480828508684387
203,w99758984,336.42351993245535,ab,41356.19257743753,45951.325086041696,51695.24072179691,r1,-7415.425656313245,-334706.6279159457,-327291.20225963247,0.23481765426596474
204,w99758985,1446.6540044941007,ab,159203.44292933436,176892.71436592707,199004.30366166795,r2,-26277.44380372734,-1009507.999425777,-983230.5556220496,0.21615529047714133
205,w99758989,963.3213891830295,education,66773.88157928629,74193.20175476254,83467.35197410785,nr2,-10299.897496183628,-747819.6542280802,-737519.7567318965,0.21615529047714133
206,w99758991,346.04414169639347,ab,38927.20383955835,43252.44871062039,48659.00479944794,r1,-6979.892685717883,-368863.8115890111,-361883.9189032932,0.23481765426596474
207,w99758995,38.315451947040856,sfh,4605.429916486004,5117.144351651115,5756.787395607505,r0,-1013.2965210421085,-63658.449562119706,-62645.153041077596,0.28813869366260303
208,w99758997,604.6954287230968,other,49421.63020499519,54912.92244999466,61777.03775624399,nr1,-8281.154629176208,-559716.9942450607,-551435.8396158845,0.23480828508684387
209,w99759000,505.76658869385716,other,34496.09632156219,38328.995912846876,43120.120401952736,nr1,-5780.212157245672,-126845.01907298899,-121064.80691574332,0.23480828508684387
210,w99759001,277.86601877255595,other,21620.245901575137,24022.495446194596,27025.30737696892,nr1,-3622.7173949770013,-243904.89664415203,-240282.17924917504,0.23480828508684387
211,w99759005,200.24946516156197,th,21517.100210125434,23907.889122361594,26896.37526265679,r1,-3858.1515125905635,-190819.91259837215,-186961.7610857816,0.23481765426596474
212,w99759006,478.86383471041916,sfh,50992.01233528256,56657.79148364729,63740.0154191032,r2,-8416.524881149198,-370441.1655780962,-362024.640696947,0.21615529047714133
213,w99759010,347.4218390390277,ab,42845.86231337848,47606.513681531644,53557.32789172309,r1,-7682.532817076309,-347134.4627687983,-339451.929951722,0.23481765426596474
214,w99759011,1184.1155465334652,health,81096.3879180279,90107.09768669767,101370.48489753487,nr2,-12509.149732064438,-757023.3189595494,-744514.169227485,0.21615529047714133
215,w99759013,1127.2734199425206,other,48346.56544700629,53718.406052229206,60433.20680875786,nr1,-8101.0153367174935,-502493.07627437037,-494392.0609376529,0.23480828508684387
216,w99759015,262.8249901607633,mfh,34217.03964154063,38018.932935045144,42771.29955192578,r1,-6135.330595674708,-134631.59950446434,-128496.26890878963,0.23481765426596474
217,w99759016,162.4421672269469,other,8362.91554321064,9292.128381345156,10453.644429013299,nr1,-1401.3013426875725,-146261.62759442098,-144860.3262517334,0.23480828508684387
218,w99759020,78.66829424034803,other,5363.4306045502435,5959.367338389159,6704.288255687804,nr1,-898.7036242007129,-84211.94998245088,-83313.24635825017,0.23480828508684387
219,w99759023,45.55874986834824,th,6763.263251708072,7514.736946342302,8454.079064635089,r1,-1212.6956741292954,-62796.79497556534,-61584.09930143604,0.23481765426596474
220,w99759028,314.5253525768406,trade,33061.024403090545,36734.47155898949,41326.28050386318,nr1,-5539.749582224197,-354356.8794367335,-348817.1298545093,0.23480828508684387
221,w99759036,422.98085668310523,mfh,42631.70476229463,47368.56084699403,53289.63095286828,r1,-7644.133020097252,-319420.8265673587,-311776.6935472614,0.23481765426596474
222,w99759038,116.55152825303375,ab,12476.366237759883,13862.629153066537,15595.457797199853,r1,-2237.091002122843,-142108.12703174044,-139871.0360296176,0.23481765426596474
224,w99759044,415.2007402397692,trade,30727.523085082063,34141.69231675785,38409.403856352576,nr1,-5148.74497226575,-343672.94380963064,-338524.1988373649,0.23480828508684387
225,w99759045,941.2816024620085,trade,46874.11717738663,52082.35241931848,58592.646471733286,nr1,-7854.289930177771,-487403.6440023819,-479549.3540722041,0.23480828508684387
226,w99759047,442.628270605579,mfh,44840.233894655554,49822.482105172836,56050.29236831944,r1,-8040.136195683567,-321971.13081480126,-313930.9946191177,0.23481765426596474
227,w99759050,246.0824731603265,trade,22511.684368925235,25012.98263213915,28139.60546115654,nr1,-3772.088019942259,-266770.9957898301,-262998.9077698878,0.23480828508684387
228,w99759051,91.54405212756247,th,11301.573718027325,12557.30413114147,14126.967147534155,r1,-2026.4433083014721,-110884.37081058181,-108857.92750228033,0.23481765426596474
229,w99759055,270.5142616614699,other,18027.259599334837,20030.288443705373,22534.074499168546,nr1,-3020.671792151932,-196229.63022095812,-193208.9584288062,0.23480828508684387
230,w99759057,194.30349186724052,th,26936.28423283178,29929.20470314642,33670.35529103972,r1,-4829.845320307846,-223171.50430062725,-218341.6589803194,0.23481765426596474
231,w99759061,534.3112589053809,trade,25116.553078843055,27907.281198714503,31395.691348553817,nr1,-4208.563313979645,-294763.89612317295,-290555.3328091933,0.23480828508684387
232,w99759062,137.67195288166403,th,17570.109600664895,19522.344000738773,21962.637000831117,r1,-3150.4312509679053,-175426.96452723886,-172276.53327627096,0.23481765426596474
233,w99759063,182.5971095246263,sfh,23409.161696221272,26010.17966246808,29261.45212027659,r1,-4197.410047114647,-253619.59093565727,-249422.1808885426,0.23481765426596474
234,w99759067,347.13443305995315,other,14604.042087206286,16226.713430229207,18255.052609007857,nr1,-2447.072875449764,-174550.49815110164,-172103.42527565188,0.23480828508684387
235,w99759073,34.86947953915223,sfh,3369.323871661266,3743.69319073474,4211.654839576582,r0,-741.3258304500495,-66405.47296028257,-65664.14712983252,0.28813869366260303
236,w99759074,1179.944325777702,mfh,115106.04981104136,127895.61090115707,143882.5622638017,r2,-18998.915473965284,-767244.182353886,-748245.2668799207,0.21615529047714133
237,w99759077,212.39228247441352,sfh,25996.152531155218,28884.613923505796,32495.19066394402,r1,-4661.2737882967185,-222274.57208999846,-217613.29830170175,0.23481765426596474
239,w99759083,341.51128259450195,trade,15755.53024255659,17506.144713951766,19694.412803195737,nr1,-2640.0177748504507,-186460.7401415216,-183820.72236667114,0.23480828508684387
240,w99759085,319.12387123871594,other,16124.762320599133,17916.40257844348,20155.952900748915,nr1,-2701.886796969704,-209912.4019829388,-207210.5151859691,0.23480828508684387
241,w99759087,592.8829183824361,other,51137.99563470979,56819.99514967755,63922.494543387234,nr2,-7888.055939542497,-476269.84857923776,-468381.7926396953,0.21615529047714133
242,w99759088,334.1662621571682,ab,38269.47653436571,42521.64059373968,47836.84566795714,r1,-6861.958039663349,-308388.1098116745,-301526.1517720112,0.23481765426596474
243,w99759091,80.87078364617192,sfh,11524.131641001168,12804.590712223518,14405.164551251459,r1,-2066.3493448387035,-45343.264408075986,-43276.915063237284,0.23481765426596474
244,w99759093,176.2003906674683,sfh,24764.95217261122,27516.61352512358,30956.190215764025,r1,-4440.5118139028245,-235372.9135329294,-230932.4017190266,0.23481765426596474
245,w99759094,339.69808716569094,other,37582.71276836215,41758.56974262461,46978.390960452685,nr1,-6297.409748075554,-380399.42735682585,-374102.0176087503,0.23480828508684387
246,w99759096,246.47077107857913,mfh,23598.463882924807,26220.515425472007,29498.079853656007,r1,-4231.353120801837,-188659.46039120434,-184428.1072704025,0.23481765426596474
247,w99759099,50.23060751573648,th,7134.781015914094,7927.53446212677,8918.476269892617,r1,-1279.3111478654457,-100449.7037015615,-99170.39255369606,0.23481765426596474
248,w99759102,1460.464218017459,other,128159.99370613102,142399.99300681223,160199.99213266376,nr2,-19768.72943528524,-1067846.7337191354,-1048078.0042838502,0.21615529047714133
249,w99759105,189.26809048298745,mfh,22334.256335775855,24815.840373084284,27917.820419719817,r1,-4004.6727497188463,-182487.1620284486,-178482.48927872974,0.23481765426596474
250,w99759110,35.61810292806477,th,4375.3120568172735,4861.457840908081,5469.140071021591,r0,-962.6654983449055,-80904.22239572302,-79941.5568973781,0.28813869366260303
251,w99759111,238.72463138289748,th,34535.9950545772,38373.327838419114,43169.9938182215,r1,-6192.521308978953,-135886.5729877808,-129694.05167880184,0.23481765426596474
252,w99759113,635.4707306571305,th,86670.32318175596,96300.35909083995,108337.90397719495,r2,-14305.43526543193,-688530.3339462009,-674224.898680769,0.21615529047714133
253,w99759120,160.90588292758912,th,23237.39167444857,25819.324082720632,29046.73959306071,r1,-4166.610600960271,-91430.68021713503,-87264.06961617476,0.23481765426596474
254,w99759121,33.129497365746644,ab,3818.7156608234063,4243.017400914896,4773.394576029257,r0,-840.2019711796723,-64697.84024341095,-63857.63827223128,0.28813869366260303
255,w99759126,310.54387535755524,ab,34300.81502744586,38112.016697162064,42876.01878430732,r1,-6150.352049713203,-278401.76692984154,-272251.41488012834,0.23481765426596474
256,w99759127,85.13879598667843,other,8496.79167350324,9440.879637225822,10620.989591879048,nr1,-1423.7338066008472,-102111.27261785972,-100687.53881125887,0.23480828508684387
257,w99759131,184.6887545518577,ab,20787.501022478882,23097.223358309868,25984.3762780986,r1,-3727.3297855960136,-215273.34020494673,-211546.0104193507,0.23481765426596474
258,w99759132,153.35469039995223,ab,17695.00512599379,19661.116806659767,22118.756407492237,r1,-3172.8258048463467,-161708.2205773147,-158535.39477246837,0.23481765426596474
259,w99759137,162.2998407471925,mfh,21055.671207008436,23395.19023000937,26319.589008760544,r1,-3775.414387748283,-275631.57257459516,-271856.1581868469,0.23481765426596474
260,w99759138,557.9003615580499,mfh,56330.74901759959,62589.721130666214,70413.43627199948,r2,-9297.714072608791,-396456.8200072626,-387159.1059346538,0.21615529047714133
261,w99759140,160.4533356629312,ab,17634.05521702537,19593.394685583742,22042.56902128171,r1,-3161.8971025034484,-180186.6877569374,-177024.79065443395,0.23481765426596474
262,w99759142,128.98004897348582,sfh,17650.096411774208,19611.218235304674,22062.620514717757,r1,-3164.773389697336,-145301.14367914989,-142136.37028945255,0.23481765426596474
263,w99759148,518.2482564277947,ab,59352.94618142581,65947.71797936202,74191.18272678225,r2,-9796.545094570283,-424970.6281008745,-415174.0830063042,0.21615529047714133
264,w99759152,155.39786574579776,ab,16837.00273483737,18707.780816485967,21046.253418546712,r1,-3018.9805751955255,-158591.62579277414,-155572.64521757863,0.23481765426596474
265,w99759159,71.9146042395383,sfh,9767.034283888204,10852.260315431338,12208.792854860254,r1,-1751.2907282076324,-127656.41359338492,-125905.12286517728,0.23481765426596474
266,w99759161,242.4930030848831,mfh,32388.127737790874,35986.808597545416,40485.15967223859,r1,-5807.3951787765445,-268916.96348452644,-263109.5683057499,0.23481765426596474
267,w99759162,714.1891373082996,mfh,77904.36715681193,86560.40795201325,97380.45894601491,r2,-12858.563812195482,-539965.0657685228,-527106.5019563274,0.21615529047714133
268,w99759164,595.7694656141102,mfh,71961.73720566227,79957.48578406918,89952.17150707783,r2,-11877.698563841554,-260640.161299411,-248762.46273556945,0.21615529047714133
269,w99759165,160.50856082765387,mfh,22755.65774251579,25284.064158350877,28444.572178144736,r1,-4080.23267456673,-196553.4648694186,-192473.23219485185,0.23481765426596474
270,w99759170,93.69908212199807,sfh,11619.451405943726,12910.501562159696,14524.314257429656,r1,-2083.4407787076534,-144044.2807386728,-141960.83995996515,0.23481765426596474
271,w99759172,204.59550149962305,other,17169.669362300792,19077.410402556434,21462.08670287599,nr1,-2876.97282204728,-199624.06988088242,-196747.09705883515,0.23480828508684387
272,w99759176,41.50382452430203,sfh,4163.668093659857,4626.297881844285,5204.585117074821,r0,-916.0991417927668,-51270.32983754485,-50354.230695752085,0.28813869366260303
273,w99759177,360.73507672324774,ab,44758.280247853094,49731.42249761455,55947.850309816364,r1,-8025.441390933603,-354975.7099255239,-346950.2685345903,0.23481765426596474
274,w99759180,347.1465133147314,education,19069.298725020304,21188.109694467003,23836.62340627538,nr1,-3195.277265376099,-204720.57514669685,-201525.29788132076,0.23480828508684387
275,w99759183,128.67689446713774,sfh,18376.72489710795,20418.583219008833,22970.906121384935,r1,-3295.0624510673497,-193652.42051357034,-190357.358062503,0.23481765426596474
276,w99759189,171.2441471248865,ab,18363.415474169808,20403.794971299787,22954.269342712258,r1,-3292.6759877549594,-192324.91413816114,-189032.2381504062,0.23481765426596474
277,w99759190,369.99921465907244,other,20710.457907946584,23011.619897718425,25888.072384933228,nr1,-3470.272098782694,-231963.65871437202,-228493.38661558932,0.23480828508684387
278,w99759195,184.4751641433686,sfh,22818.050116989565,25353.389018877293,28522.562646236955,r1,-4091.4200200547084,-190795.0741492343,-186703.6541291796,0.23481765426596474
279,w155463247,886.8482149265707,mfh,90574.02742084471,100637.808245383,113217.53427605589,r2,-14949.764099542374,-592118.6034382718,-577168.8393387294,0.21615529047714133
280,w155463249,403.549402025342,trade,23648.752708879776,26276.391898755304,29560.940886099717,nr1,-3962.616715738954,-284193.1958004369,-280230.57908469794,0.23480828508684387
281,w155463253,721.7602650925515,mfh,85711.09171490726,95234.54634989696,107138.86464363408,r2,-14147.10859547372,-310439.32007750706,-296292.21148203337,0.21615529047714133
282,w155463254,852.2730644002556,mfh,87014.59305688317,96682.88117431464,108768.24132110395,r2,-14362.258988151214,-315160.5068250648,-300798.24783691356,0.21615529047714133
283,w155463255,713.9319995328784,mfh,71073.4939418158,78970.54882423978,88841.86742726975,r2,-11731.088905028302,-257423.0090105438,-245691.9201055155,0.21615529047714133
284,w155463260,725.1058137452229,mfh,66389.32398774149,73765.91554193498,82986.65498467686,r2,-10957.939716351955,-406593.40764588286,-395635.4679295309,0.21615529047714133
285,w155463261,1003.1358517257496,mfh,96812.24176736335,107569.15751929261,121015.30220920418,r2,-15979.417252200703,-627256.8874684895,-611277.4702162888,0.21615529047714133
286,w155463268,907.8277638942003,mfh,88048.47049851796,97831.63388724218,110060.58812314743,r2,-14532.906405522448,-557538.5062739123,-543005.5998683898,0.21615529047714133
287,w155463269,646.430608794326,mfh,65800.13973759115,73111.26637510127,82250.17467198893,r2,-10860.691467579854,-463312.0930943703,-452451.40162679047,0.21615529047714133
288,w155463275,531.2511221051216,mfh,56742.54191479465,63047.26879421628,70928.17739349332,r2,-9365.682858432227,-353237.70699719345,-343872.0241387612,0.21615529047714133
289,w155463277,722.3371928531676,mfh,75825.75026506544,84250.83362785049,94782.18783133179,r2,-12515.47614048859,-510190.4235107459,-497674.94737025735,0.21615529047714133
290,w155463281,852.691491766274,mfh,81167.2147222987,90185.79413588744,101459.01840287336,r2,-13397.115566885012,-548178.6802598678,-534781.5646929828,0.21615529047714133
291,w155463286,75.58565192222595,sfh,11379.481362010443,12643.868180011603,14224.351702513053,r1,-2040.4126392773246,-125437.31189077017,-123396.89925149285,0.23481765426596474
292,w155463289,870.3151384696364,mfh,92029.85106537899,102255.39007264332,115037.31383172373,r2,-15190.056164233258,-595579.7973675886,-580389.7412033554,0.21615529047714133
293,w155463294,520.8021583877504,mfh,73954.39748668816,82171.55276298684,92442.9968583602,r2,-12206.598602629152,-267857.43143808487,-255650.83283545572,0.21615529047714133
294,w155463296,531.2875348292291,mfh,59600.264491446156,66222.51610160685,74500.33061430769,r2,-9837.366403918957,-433328.20346283814,-423490.8370589192,0.21615529047714133
295,w155463300,903.6974393147975,mfh,82377.16016846654,91530.17796496282,102971.45021058316,r2,-13596.824020937502,-547761.987181686,-534165.1631607484,0.21615529047714133
296,w155463302,619.062746527791,mfh,73694.19011571503,81882.43346190559,92117.73764464378,r2,-12163.649879647723,-486678.5474113873,-474514.8975317396,0.21615529047714133
297,w155463304,1087.9011799693108,mfh,132782.97083749846,147536.6342638872,165978.71354687307,r2,-21916.59294593951,-480930.231547793,-459013.6386018535,0.21615529047714133
298,w155463308,740.3594694465398,mfh,74398.41232336155,82664.90258151284,92998.01540420194,r2,-12279.885804865637,-499255.4878138573,-486975.6020089917,0.21615529047714133
299,w155463310,722.3160033598542,mfh,78437.63363840502,87152.92626489447,98047.04204800627,r2,-12946.582511694929,-284095.38564960274,-271148.8031379078,0.21615529047714133
300,w155463313,774.0583199881017,mfh,75098.58684319264,83442.87427021404,93873.2335539908,r2,-12395.45363593214,-488680.8997204738,-476285.4460845417,0.21615529047714133
301,w155463314,1101.9502923069522,mfh,104359.84119134728,115955.37910149698,130449.8014891841,r2,-17225.191941915273,-668318.1579071449,-651092.9659652296,0.21615529047714133
302,w155463317,740.3064833164215,mfh,74649.75970721088,82944.17745245653,93312.1996340136,r2,-12321.372136020205,-491052.6462117224,-478731.2740757022,0.21615529047714133
303,w155463319,828.4481069911271,mfh,78474.43739685023,87193.8193298336,98093.04674606278,r2,-12952.657183677615,-483837.3834249468,-470884.7262412692,0.21615529047714133
304,w155463321,781.2118542082608,mfh,75955.85291213829,84395.3921245981,94944.81614017286,r2,-12536.950330583146,-488778.4568510048,-476241.50652042165,0.21615529047714133
305,w155463324,722.1055689860135,mfh,76230.77521241456,84700.86134712728,95288.4690155182,r2,-12582.327837268778,-503652.5700533851,-491070.24221611634,0.21615529047714133
306,w155463327,780.4636536210775,mfh,78934.78481367027,87705.31645963363,98668.48101708783,r2,-13028.640172192809,-541171.9844657127,-528143.3442935199,0.21615529047714133
307,w155463330,867.026127423346,mfh,92798.36038612344,103109.28931791494,115997.9504826543,r2,-15316.903047170752,-336108.8900652185,-320791.9870180477,0.21615529047714133
308,w155463331,701.7002469789237,mfh,75620.8436945795,84023.15966064388,94526.05461822437,r2,-12481.655132651787,-518150.73432082584,-505669.07918817404,0.21615529047714133
309,w155463336,356.26551316827533,mfh,37646.38639526564,41829.31821696182,47057.98299408205,r1,-6750.2340555217515,-249570.4407948609,-242820.20673933913,0.23481765426596474
310,w155463337,437.0872274041176,trade,16347.364508861188,18163.7383431791,20434.205636076484,nr1,-2739.1863181337135,-182274.56985065382,-179535.3835325201,0.23480828508684387
311,w155463339,868.4495440013707,mfh,96284.55889755068,106982.84321950076,120355.69862193835,r2,-15892.320159935894,-348735.6466948329,-332843.326534897,0.21615529047714133
312,w155463342,722.9579402044416,mfh,72192.16091602764,80213.5121289196,90240.20114503455,r2,-11915.731322359597,-499727.2972604103,-487811.56593805074,0.21615529047714133
313,w155463343,844.8904670208692,mfh,87271.28425516972,96968.09361685524,109089.10531896215,r2,-14404.627346609892,-596074.6390488879,-581670.011702278,0.21615529047714133
314,w155463347,1083.6851687338203,mfh,101563.78341079073,112848.64823421191,126954.7292634884,r2,-16763.68652564634,-608685.1650724623,-591921.4785468159,0.21615529047714133
315,w155463348,740.608741542697,mfh,73742.38733091138,81935.98592323487,92177.98416363922,r2,-12171.605107188752,-473647.0826143903,-461475.47750720155,0.21615529047714133
316,w155463352,356.4181080274284,mfh,38492.77211566138,42769.74679517931,48115.965144576716,r1,-6901.996342981064,-151455.05086304416,-144553.0545200631,0.23481765426596474
317,w155463353,722.1394314199686,mfh,96023.96050529758,106693.28945033065,120029.95063162198,r2,-15849.306896643517,-347791.77833327436,-331942.4714366308,0.21615529047714133
318,w155463354,696.3946817303076,mfh,75225.69127239037,83584.10141376707,94032.11409048796,r2,-12416.432952924239,-541693.2320312979,-529276.7990783736,0.21615529047714133
319,w155463358,865.4375973489136,mfh,87470.73329689098,97189.70366321219,109338.41662111372,r2,-14437.54755793889,-563530.5168471249,-549092.9692891861,0.21615529047714133
320,w155463359,1101.9756921548396,mfh,103923.56216152417,115470.62462391573,129904.4527019052,r2,-17153.18157908656,-662571.1448816481,-645417.9633025615,0.21615529047714133
321,w155463364,740.593882034719,mfh,74624.72489312779,82916.3609923642,93280.90611640972,r2,-12317.239995985414,-492218.8977960411,-479901.6578000557,0.21615529047714133
322,w155463365,603.6562003400177,mfh,57345.292217422895,63716.9913526921,71681.61527177862,r2,-9465.17026218155,-363716.55817685195,-354251.3879146704,0.21615529047714133
323,w155463369,722.4004129424691,mfh,76517.50006263371,85019.44451403746,95646.87507829214,r2,-12629.653422696665,-507268.9351676495,-494639.28174495284,0.21615529047714133
324,w155463370,696.1379145577084,mfh,67777.64861111336,75308.49845679261,84722.06076389168,r2,-11187.090679426152,-425034.4449599354,-413847.35428050923,0.21615529047714133
325,w155463373,865.3327697202564,mfh,87284.13642326384,96982.3738036265,109105.1705290798,r2,-14406.748670864168,-562790.7905943597,-548384.0419234956,0.21615529047714133
326,w155463376,746.0008564919234,mfh,78349.89022816702,87055.43358685223,97937.36278520877,r2,-12932.099957239743,-548195.45360983,-535263.3536525903,0.21615529047714133
327,w155463378,701.7079005709849,mfh,75289.53058162499,83655.03397958331,94111.91322703123,r2,-12426.969998040944,-502793.1117163831,-490366.14171834214,0.21615529047714133
328,w155463380,903.4881653226912,mfh,80794.44802773364,89771.60891970404,100993.06003466704,r2,-13335.58828023781,-527594.115102619,-514258.52682238125,0.21615529047714133
329,w155463382,654.6620004437864,mfh,67195.36451178146,74661.51612420162,83994.20563972682,r2,-11090.98134022807,-437398.9399825623,-426307.95864233427,0.21615529047714133
330,w155463388,654.8312545590103,mfh,81045.45395849762,90050.50439833068,101306.81744812202,r2,-13377.018252597016,-293540.7205631592,-280163.7023105622,0.21615529047714133
331,w155463390,658.415929133445,mfh,67307.170216775,74785.74468530556,84133.96277096875,r2,-11109.435514810262,-429897.35904981726,-418787.923535007,0.21615529047714133
332,w155463392,746.3197361536323,mfh,74500.89326832342,82778.77029813713,93126.11658540426,r2,-12296.800874179704,-496159.04601689253,-483862.24514271284,0.21615529047714133
333,w155463395,740.6091377854347,mfh,81203.21252281987,90225.79169202207,101504.01565352484,r2,-13403.057210877427,-294112.1105719051,-280709.0533610277,0.21615529047714133
334,w155463397,721.9107812985777,mfh,69115.7372055503,76795.26356172255,86394.67150693786,r2,-11407.949897026943,-441185.1066859528,-429777.1567889259,0.21615529047714133
335,w155463400,957.7393607803388,mfh,132263.3739372203,146959.30437468924,165329.2174215254,r2,-21830.83048944722,-479048.2894886106,-457217.45899916335,0.21615529047714133
336,w155463402,519.368776667118,mfh,57328.60677905928,63698.45197673253,71660.7584738241,r2,-9462.416234624903,-407571.1045302563,-398108.6882956314,0.21615529047714133
337,w155463405,658.592996231094,mfh,66453.3492473543,73837.05471928256,83066.68655919287,r2,-10968.507453647948,-425645.92557853524,-414677.4181248873,0.21615529047714133
338,w155463406,932.8967588515952,mfh,87329.94975847227,97033.27750941363,109162.43719809034,r2,-14414.310425303953,-593020.315115483,-578606.004690179,0.21615529047714133
339,w155463408,740.3845857441426,mfh,81123.65596148898,90137.39551276554,101404.56995186122,r2,-13389.92594291535,-293823.96251179866,-280434.0365688833,0.21615529047714133
340,w155463411,886.3585438661277,mfh,86630.34371086476,96255.9374565164,108287.92963858094,r2,-14298.836423847126,-556068.6370358813,-541769.8006120342,0.21615529047714133
341,w155463413,436.59599217027426,trade,16616.663351011164,18462.959278901293,20770.829188763953,nr1,-2784.3103932411477,-185798.59000258433,-183014.27960934318,0.23480828508684387
342,w155463416,722.4005093876273,mfh,71360.79474582999,79289.7719398111,89200.99343228748,r2,-11778.509554942257,-493935.83051458385,-482157.3209596416,0.21615529047714133
343,w155463417,828.3400002270937,mfh,74807.01169807202,83118.90188674668,93508.76462259002,r2,-12347.327481437655,-483502.32541963726,-471154.9979381996,0.21615529047714133
344,w155463421,509.4774500131606,mfh,62634.51134401355,69593.90149334838,78293.13918001692,r2,-10338.186296302609,-226857.62981176266,-216519.44351546004,0.21615529047714133
345,w155463422,674.0859733853489,mfh,66828.4486191273,74253.83179903033,83535.56077390912,r2,-11030.419762083095,-433151.30251458567,-422120.88275250257,0.21615529047714133
346,w155463424,701.7858467099256,mfh,75354.80212003247,83727.55791114719,94193.50265004058,r2,-12437.743440819106,-513610.9340256155,-501173.1905847964,0.21615529047714133
347,w155463427,540.3469697440042,mfh,55711.525451732596,61901.69494636955,69639.40681466574,r2,-9195.507662027358,-382289.1569848783,-373093.6493228509,0.21615529047714133
348,w155463430,521.3457492198795,mfh,65819.9805171453,73133.31168571701,82274.97564643163,r2,-10863.96630234576,-238395.16672150305,-227531.20041915728,0.21615529047714133
349,w155463434,634.5610695700626,mfh,64418.57211226843,71576.19123585381,80523.21514033554,r2,-10632.655785891857,-415756.92863353586,-405124.272847644,0.21615529047714133
350,w155463435,740.6094772338867,mfh,73569.89609015193,81744.3289890577,91962.37011268991,r2,-12143.134435937607,-481675.2366411331,-469532.10220519546,0.21615529047714133
351,w155463436,830.3215000247583,mfh,74986.73881598086,83318.59868442318,93733.42351997607,r2,-12376.99247582444,-462126.0587082925,-449749.06623246806,0.21615529047714133
352,w155463437,634.6341266736388,mfh,64166.464939277284,71296.07215475253,80208.0811740966,r2,-10591.044047170024,-418545.7756302028,-407954.73158303276,0.21615529047714133
353,w155463439,740.3900625675916,mfh,77902.86750022264,86558.74166691404,97378.5843752783,r2,-12858.316285251183,-540074.5767251692,-527216.260439918,0.21615529047714133
354,w155463441,304.4361848443746,mfh,36817.49098632539,40908.32331813932,46021.863732906735,r1,-6601.607891003668,-144863.42924922315,-138261.8213582195,0.23481765426596474
355,w155463442,681.7836883433163,mfh,68711.68346108304,76346.31495675893,85889.6043263538,r2,-11341.25850286761,-463222.09641709883,-451880.83791423123,0.21615529047714133
356,w155463445,701.5969566701912,mfh,73907.62346345419,82119.58162606022,92384.52932931774,r2,-12198.878281106015,-499274.0231807223,-487075.1448996163,0.21615529047714133
357,w155463446,527.3302180506289,mfh,52013.41474555332,57792.683050614796,65016.768431941644,r2,-8585.113222852302,-347942.732682176,-339357.6194593237,0.21615529047714133
358,w155463447,540.1562461696565,mfh,59085.19228162839,65650.21364625376,73856.49035203549,r2,-9752.35077360777,-422219.32341585966,-412466.9726422519,0.21615529047714133
359,w155463448,488.2503870327026,mfh,51268.34796637681,56964.83107375201,64085.43495797101,r2,-8462.135666214128,-361176.3386871465,-352714.2030209324,0.21615529047714133
360,w155463452,416.2699146196246,mfh,40700.76121869014,45223.06802076682,50875.95152336267,r1,-7297.902687908767,-160142.6845024049,-152844.78181449615,0.23481765426596474
361,w155463453,826.68092449978,mfh,83117.14823153104,92352.38692392338,103896.4352894138,r2,-13718.963306274676,-538540.2279433038,-524821.264637029,0.21615529047714133
362,w155463454,830.106713430956,mfh,73765.5043705863,81961.67152287367,92206.88046323288,r2,-12175.420707528727,-465190.6490811355,-453015.2283736068,0.21615529047714133
363,w155463458,653.3753796381876,mfh,58960.56636749198,65511.74040832442,73700.70795936497,r2,-9731.780549780005,-371293.2353900221,-361561.4548402421,0.21615529047714133
364,w155463459,716.456727950275,mfh,75283.97896378927,83648.8655153214,94104.97370473658,r2,-12426.053671590878,-506905.3875457855,-494479.33387419465,0.21615529047714133
365,w155463463,389.00259175430983,mfh,37000.96483362116,41112.18314846796,46251.206042026446,r1,-6634.505906747067,-145585.33207271228,-138950.8261659652,0.23481765426596474
366,w155463464,681.5525098629297,mfh,69179.35495120153,76865.94994577947,86474.19368900191,r2,-11418.450371800043,-458577.891823617,-447159.44145181694,0.21615529047714133
367,w155463468,854.9059582386632,mfh,81699.0096870192,90776.67743002134,102123.762108774,r2,-13484.891384062226,-517351.40992499713,-503866.5185409349,0.21615529047714133
368,w155463469,716.6904537379742,mfh,100679.18201464991,111865.75779405545,125848.97751831239,r2,-16617.67797804158,-364652.65096082696,-348034.9729827854,0.21615529047714133
369,w155463470,608.2978411447257,mfh,64367.74654988399,71519.71838875998,80459.68318735498,r2,-10624.266734532315,-233135.28125779176,-222511.01452325945,0.21615529047714133
370,w155463473,376.1376306014136,mfh,43550.29606288637,48389.217847651526,54437.870078607964,r1,-7808.842222602282,-171354.56717655936,-163545.72495395708,0.23481765426596474
371,w155463474,720.4433401308954,mfh,67276.75041664802,74751.94490738669,84095.93802081002,r2,-11104.414551860911,-464728.82844272174,-453624.41389086086,0.21615529047714133
372,w155463478,851.8925360153429,mfh,87684.85616685112,97427.61796316791,109606.0702085639,r2,-14472.889769005065,-317588.1509020249,-303115.2611330198,0.21615529047714133
373,w155463479,376.5337288361043,mfh,37121.41584101446,41246.017601127176,46401.76980126807,r1,-6656.103530582494,-267840.63902276754,-261184.53549218504,0.23481765426596474
374,w155463480,664.0854127705097,mfh,73172.86575571459,81303.18417301621,91466.08219464324,r2,-12077.60229599398,-265026.78053482214,-252949.17823882817,0.21615529047714133
375,w155463484,531.1159037780716,mfh,68085.21955592721,75650.24395103024,85106.52444490901,r2,-11237.857032648759,-246599.69723141106,-235361.8401987623,0.21615529047714133
376,w155463485,716.6882258921862,mfh,74226.11389675422,82473.45988528247,92782.64237094278,r2,-12251.446958699133,-481467.2826079403,-469215.83564924117,0.21615529047714133
377,w155463490,790.5601109853014,mfh,73479.01625668757,81643.35139631951,91848.77032085945,r2,-12128.134196791949,-483678.9557958181,-471550.82159902615,0.21615529047714133
378,w155463491,681.5525530032813,mfh,68426.0537270324,76028.94858559156,85532.5671587905,r2,-11294.113672661135,-447796.0005955966,-436501.8869229355,0.21615529047714133
379,w155463494,531.001435648324,mfh,56124.10929184654,62360.12143538504,70155.13661480817,r2,-9263.606997528112,-361350.27983720496,-352086.67283967684,0.21615529047714133
380,w155463495,716.4590312853455,mfh,79038.97749810597,87821.08610900663,98798.72187263246,r2,-13045.83777395092,-560420.4671492362,-547374.6293752854,0.21615529047714133
381,w155463496,611.941689690575,mfh,60485.334200613484,67205.92688957053,75606.66775076685,r2,-9983.452249281916,-404796.40454632946,-394812.95229704754,0.21615529047714133
382,w155463500,1108.025532820262,mfh,100906.99247980208,112118.88053311342,126133.7405997526,r2,-16655.27940540892,-651742.2299335987,-635086.9505281898,0.21615529047714133
383,w155463502,540.1563036605716,mfh,59609.47184418452,66232.74649353835,74511.83980523064,r2,-9838.886130438128,-414643.42306734854,-404804.5369369104,0.21615529047714133
384,w155463507,1267.198863344267,mfh,124829.28501538603,138699.20557265115,156036.60626923252,r2,-20603.791360889416,-826254.870812606,-805651.0794517165,0.21615529047714133
385,w155463508,530.6506136165466,mfh,59404.70237854505,66005.22486505006,74255.87797318131,r2,-9805.087752544701,-410089.5704538524,-400284.4827013077,0.21615529047714133
386,w155463511,1747.3368958860635,mfh,164794.07162005454,183104.52402228283,205992.58952506818,r2,-27200.209219756147,-1035547.3815860527,-1008347.1723662965,0.21615529047714133
387,w155463513,612.2091895099729,mfh,81863.33408033723,90959.26008926358,102329.16760042153,r2,-13512.014070177202,-296503.02268589183,-282991.0086157146,0.21615529047714133
388,w155463514,830.106801855378,mfh,74653.97590525495,82948.86211694994,93317.46988156869,r2,-12322.06804375392,-470644.2206476101,-458322.1526038562,0.21615529047714133
389,w155463518,691.345141955465,mfh,72173.4858662746,80192.76207363844,90216.85733284324,r2,-11912.648898001253,-466178.7360641102,-454266.08716610895,0.21615529047714133
390,w155463519,507.32179623667616,mfh,55562.18913504426,61735.76570560473,69452.73641880532,r2,-9170.858844153641,-371670.92499967053,-362500.0661555169,0.21615529047714133
391,w155463522,1139.1653657640795,mfh,129564.6746402093,143960.74960023255,161955.84330026162,r2,-21385.394650777307,-469273.7975518566,-447888.4029010793,0.21615529047714133
392,w155463523,446.09937440417707,mfh,52022.345619720814,57802.60624413424,65027.93202465102,r2,-8586.587314993381,-188421.1399003143,-179834.55258532093,0.21615529047714133
393,w155463528,681.6119319483638,mfh,68495.57242516302,76106.19158351446,85619.46553145377,r2,-11305.588133576195,-449083.40574990114,-437777.81761632493,0.21615529047714133
394,w155463529,691.3949336603283,mfh,83645.16797269836,92939.0755252204,104556.45996587294,r2,-13806.116001093855,-302956.6950282713,-289150.5790271774,0.21615529047714133
395,w155463531,507.3216828555101,mfh,54061.208972385146,60068.00996931683,67576.51121548143,r2,-8923.113436459842,-360104.1840449306,-351181.07060847076,0.21615529047714133
396,w155463534,640.8467616457492,mfh,62761.80582241785,69735.3398026865,78452.25727802231,r2,-10359.196982009189,-391220.06721825316,-380860.870236244,0.21615529047714133
397,w155463535,684.7868416263722,mfh,63983.21967634138,71092.46630704598,79979.02459542672,r2,-10560.798362714353,-431633.89500475157,-421073.0966420372,0.21615529047714133
398,w155463536,691.6131192699074,mfh,70337.30683773482,78152.56315303869,87921.63354716853,r2,-11609.576989829937,-445561.3739137375,-433951.79692390753,0.21615529047714133
399,w155463537,507.3215693686623,mfh,56345.158000452444,62605.73111161382,70431.44750056555,r2,-9300.09235809193,-408036.5895077289,-398736.49714963697,0.21615529047714133
400,w155463538,643.413233704865,mfh,67471.69315381986,74968.54794868872,84339.61644227481,r2,-11136.590971709138,-244377.5493703929,-233240.95839868375,0.21615529047714133
401,w155463539,710.019569536671,mfh,70101.74839593095,77890.83155103438,87627.18549491368,r2,-11570.696714359121,-437981.21860361134,-426410.52188925224,0.21615529047714133
402,w155463540,840.6794232809916,mfh,76273.68228195352,84748.53586883724,95342.1028524419,r2,-12589.409895846447,-502037.90842141083,-489448.4985255644,0.21615529047714133
403,w155463541,696.2558067506179,mfh,69091.86352939304,76768.73725488115,86364.8294117413,r2,-11404.009409484292,-454120.4624676407,-442716.4530581564,0.21615529047714133
404,w155463542,640.557884996757,mfh,65685.4859572708,72983.87328585643,82106.85744658849,r2,-10841.76720178624,-237908.0372393533,-227066.27003756704,0.21615529047714133
405,w155463543,587.0278481058776,mfh,64620.647257978446,71800.7191755316,80775.80907247306,r2,-10666.009450786414,-449508.74713175837,-438842.737680972,0.21615529047714133
406,w155463544,825.5248426020145,mfh,98226.61890138821,109140.68766820912,122783.27362673526,r2,-16212.868331981137,-355769.6463217002,-339556.77798971906,0.21615529047714133
407,w155463545,709.4769112125038,mfh,68799.48875180824,76443.87639089805,85999.3609397603,r2,-11355.751271053065,-460834.758203824,-449479.00693277095,0.21615529047714133
408,w155463546,647.0489746004342,mfh,65167.88665066121,72408.76294517911,81459.8583133265,r2,-10756.334459616719,-408663.2065365468,-397906.87207693007,0.21615529047714133
409,w155463547,586.4484846569597,mfh,65038.9578364076,72265.50870711956,81298.6972955095,r2,-10735.054017379463,-235566.35956105063,-224831.30554367116,0.21615529047714133
410,w155463548,500.40091222245246,mfh,58521.66054916764,65024.06727685293,73152.07568645955,r2,-9659.33662040301,-211961.18433678182,-202301.8477163788,0.21615529047714133
411,w155463549,672.5395986035466,mfh,71071.92574614852,78968.80638460947,88839.90718268565,r2,-11730.830065315027,-476495.2867300664,-464764.4566647514,0.21615529047714133
412,w155463551,586.1050742082298,mfh,58460.95059670617,64956.61177411796,73076.1882458827,r2,-9649.316093618037,-366094.6119938572,-356445.29590023914,0.21615529047714133
413,w155463552,667.035758360289,mfh,68669.64406031062,76299.60451145624,85837.05507538827,r2,-11334.319658009652,-469038.62013708474,-457704.3004790751,0.21615529047714133
414,w155463553,817.6307530952618,mfh,76749.54752122253,85277.27502358059,95936.93440152815,r2,-12667.95419019685,-516076.13982344844,-503408.18563325156,0.21615529047714133
415,w155463556,732.9133296664804,mfh,64357.9958795773,71508.88431064144,80447.49484947162,r2,-10622.657330323977,-403469.6726514433,-392847.0153211193,0.21615529047714133
416,w155463558,710.1379440590739,mfh,77163.4124884325,85737.12498714722,96454.26561054062,r2,-12736.26498309232,-491729.824014244,-478993.5590311517,0.21615529047714133
417,w155463561,654.0662793286144,mfh,66767.48224207119,74186.09138007909,83459.35280258898,r2,-11020.356910944127,-241826.94883246513,-230806.591921521,0.21615529047714133
418,w155463562,586.3292756803334,mfh,59654.3554106497,66282.61712294411,74567.94426331212,r2,-9846.294421199924,-403459.54381593067,-393613.2493947307,0.21615529047714133
419,w155463566,653.8032613813876,mfh,66481.29901255308,73868.11001394787,83101.62376569134,r2,-10973.120723127706,-436831.4732453883,-425858.3525222606,0.21615529047714133
420,w155463567,133.41999841853976,sfh,16572.97361038044,18414.415122644932,20716.217012975547,r1,-2971.6384911812443,-198056.18107480754,-195084.5425836263,0.23481765426596474
421,w155463569,886.7166110530495,mfh,90690.7250070177,100767.47223001966,113363.40625877211,r2,-14969.025707245499,-562133.6997528474,-547164.674045602,0.21615529047714133
422,w155463572,311.3570919752121,mfh,35890.06917924034,39877.854643600374,44862.58647405042,r1,-6435.315323098496,-141214.36192454447,-134779.04660144597,0.23481765426596474
423,w155463574,863.4385226266459,mfh,80266.77887142508,89185.30985713897,100333.47358928135,r2,-13248.493451465714,-526018.2693938548,-512769.77594238904,0.21615529047714133
424,w155463577,931.9227139726281,mfh,104741.59050899002,116379.54500998891,130926.98813623752,r2,-17288.201862158778,-379366.39810401836,-362078.1962418596,0.21615529047714133
425,w155463578,931.2066993936896,mfh,95901.79540846782,106557.55045385312,119877.24426058478,r2,-15829.142844863893,-624251.8822446123,-608422.7393997484,0.21615529047714133
426,w155463581,136.57608463019133,sfh,20238.058157433414,22486.731286037128,25297.572696791765,r1,-3628.8112212840947,-188831.6914518456,-185202.8802305615,0.23481765426596474
427,w155463583,949.1963916398585,mfh,98696.62464541465,109662.91627268294,123370.7808067683,r2,-16290.445482944922,-666014.0680673631,-649723.6225844182,0.21615529047714133
428,w155463586,949.1754787907004,mfh,101711.11223859426,113012.34693177139,127138.89029824281,r2,-16788.003995934934,-368390.2269347075,-351602.2229387726,0.21615529047714133
429,w155463589,722.9646147996187,mfh,79863.38270239974,88737.09189155528,99829.22837799968,r2,-13181.910593914656,-289259.3447262165,-276077.43413230183,0.21615529047714133
430,w155463591,591.1442194825038,mfh,72104.48386231158,80116.0931803462,90130.60482788947,r2,-11901.259720429965,-507966.6733565165,-496065.41363608657,0.21615529047714133
431,w155463593,535.6290349200369,mfh,57403.922688774626,63782.13632086069,71754.90336096828,r2,-9474.847558650668,-392411.40547438606,-382936.5579157354,0.21615529047714133
432,w155463596,724.8313003255054,mfh,67296.75836170698,74774.1759574522,84120.94795213372,r2,-11107.716978254719,-434945.0885896182,-423837.3716113635,0.21615529047714133
433,w155463597,752.1160736689344,mfh,96345.81377389302,107050.90419321446,120432.26721736627,r2,-15902.430629541155,-348957.507387337,-333055.0767577958,0.21615529047714133
434,w155463600,535.4490051213652,mfh,64489.169061256325,71654.6322902848,80611.4613265704,r2,-10644.308218311724,-233575.06473409972,-222930.756515788,0.21615529047714133
435,w155463601,907.8308945208788,mfh,90872.07987539202,100968.97763932447,113590.09984424003,r2,-14998.95937120749,-606230.1597163574,-591231.2003451498,0.21615529047714133
436,w155463605,389.4215188790113,mfh,42998.73447932191,47776.37164369101,53748.41809915238,r1,-7709.94375872309,-169184.37305695034,-161474.42929822725,0.23481765426596474
437,w155463606,690.2915003947913,mfh,72619.17804943162,80687.97561047958,90773.97256178952,r2,-11986.212955920953,-482459.766963368,-470473.55400744703,0.21615529047714133
438,w155463610,725.1058211326599,mfh,66694.63523034648,74105.15025594053,83368.2940379331,r2,-11008.333092729876,-421425.73233670904,-410417.3992439792,0.21615529047714133
439,w155463611,1002.8680375270545,mfh,112403.2420384642,124892.49115384911,140504.05254808025,r2,-18552.801507776134,-407116.3408931273,-388563.5393853512,0.21615529047714133
440,w155463612,535.6290688522159,mfh,63516.22491576578,70573.58323973975,79395.28114470722,r2,-10483.71819188471,-230051.13203231912,-219567.4138404344,0.21615529047714133
441,w155463616,543.6235096465331,mfh,57717.03913082603,64130.04347869559,72146.29891353253,r2,-9526.529228083413,-367840.8960072558,-358314.3667791724,0.21615529047714133
442,w155463618,752.1486698825844,mfh,78276.75754478379,86974.17504975977,97845.94693097973,r2,-12920.028987275413,-506709.05681224813,-493789.0278249727,0.21615529047714133
443,w155463621,238.18491610530762,mfh,25941.058157091844,28823.39795232427,32426.322696364805,r1,-4651.3950202214655,-195737.92807194198,-191086.5330517205,0.23481765426596474
444,w155463623,73.76475410088896,mfh,9386.532258258556,10429.48028695395,11733.165322823193,r1,-1683.064319844484,-81222.7909550101,-79539.72663516561,0.23481765426596474
445,w155463625,52.41574023310095,sfh,7168.165529890833,7964.628366545369,8960.206912363541,r1,-1285.297201368875,-66636.77008003625,-65351.47287866737,0.23481765426596474
446,w155463626,98.3909645654261,mfh,11326.695090576788,12585.216767307542,14158.368863220985,r1,-2030.9477285325243,-87914.68892414389,-85883.74119561136,0.23481765426596474
447,w155463629,643.7923131911084,mfh,60925.212855087026,67694.68095009669,76156.51606885878,r2,-10056.056750859929,-384061.5677004604,-374005.51094960043,0.21615529047714133
448,w155463631,546.7249739198014,mfh,62732.02766693095,69702.25296325661,78415.03458366368,r2,-10354.28192619766,-227210.82681785882,-216856.54489166115,0.21615529047714133
449,w155463632,612.4270064728335,mfh,67447.16411095476,74941.2934566164,84308.95513869345,r2,-11132.54231212247,-244288.7069669556,-233156.16465483312,0.21615529047714133
450,w155463633,683.6260891854763,mfh,67343.37274848943,74825.96972054381,84179.21593561179,r2,-11115.410950863494,-434386.59397073503,-423271.18301987153,0.21615529047714133
451,w155463638,279.5906790524721,ab,31093.580676718997,34548.42297413222,38866.97584589874,r1,-5575.27474186731,-271657.2464208683,-266081.971679001,0.23481765426596474
452,w155463639,282.758548167441,other,12733.875761949328,14148.750846610365,15917.34470243666,nr1,-2133.7052981866855,-195586.03943926192,-193452.33414107523,0.23480828508684387
453,w155463640,56.80619836300611,sfh,8149.209288913908,9054.67698768212,10186.511611142383,r1,-1461.2045227936865,-92415.35170024929,-90954.1471774556,0.23481765426596474
454,w155463643,240.41873629689215,ab,28483.777730710135,31648.64192301126,35604.72216338767,r1,-5107.320645572811,-269702.7355139424,-264595.4148683696,0.23481765426596474
455,w155463644,98.43792371228336,mfh,11153.843250929993,12393.159167699992,13942.30406366249,r1,-1999.954305623543,-89457.79069541149,-87457.83638978795,0.23481765426596474
456,w155463645,98.39091195091605,mfh,11053.44919247696,12281.61021386329,13816.811490596201,r1,-1981.953018986722,-90783.83176054971,-88801.87874156299,0.23481765426596474
457,w155463647,97.66299930792302,mfh,9369.723502372359,10410.803891524843,11712.154377965448,r1,-1680.050404107057,-81519.20546076496,-79839.15505665791,0.23481765426596474
458,w155463653,376.11661268314344,mfh,49110.00769747382,54566.67521941535,61387.50962184227,r1,-8805.733515717002,-193230.0092951513,-184424.2757794343,0.23481765426596474
459,w155463654,482.5493668295443,mfh,52586.0148678914,58428.905408768216,65732.51858486424,r2,-8679.624165956877,-363302.63598250836,-354623.0118165515,0.21615529047714133
460,w155463656,73.78574474137277,mfh,10518.511422655341,11687.23491406149,13148.139278319177,r1,-1886.0353095544863,-93300.53127654064,-91414.49596698616,0.23481765426596474
461,w155463657,470.15250823192764,mfh,44569.71600670739,49521.906674119324,55712.145008384236,r1,-7991.63063553012,-297600.62243965664,-289608.99180412653,0.23481765426596474
462,w155463660,49.947176152281465,mfh,6130.094348688484,6811.2159429872045,7662.617935860605,r1,-1099.1645041735605,-52427.29319529563,-51328.12869112207,0.23481765426596474
463,w155463661,78.16354378722608,sfh,10628.335831745004,11809.262035272226,13285.419789681255,r1,-1905.7275174222202,-112926.96769720643,-111021.24017978422,0.23481765426596474
464,w155463663,104.99722011834383,sfh,12659.813951807402,14066.45994645267,15824.767439759253,r1,-2269.9843320103273,-120168.06219152515,-117898.07785951483,0.23481765426596474
465,w155463665,467.86907609552145,trade,25152.751602532997,27947.501780592218,31440.939503166246,nr1,-4214.62878714961,-277568.0473251209,-273353.4185379713,0.23480828508684387
466,w155463667,587.3173447391018,mfh,62170.68286456457,69078.53651618285,77713.3535807057,r2,-10261.628738381585,-415157.33323121007,-404895.70449282846,0.21615529047714133
467,w155463669,557.4523567564785,mfh,63822.83861379559,70914.26512643954,79778.54826724448,r2,-10534.326546020668,-467984.2637393116,-457449.9371932909,0.21615529047714133
468,w155463671,449.48969881236553,mfh,44460.06219337882,49400.06910375424,55575.07774172352,r1,-7971.969016556207,-343161.71779917896,-335189.74878262274,0.23481765426596474
469,w155576276,58.73152135126293,other,7036.542804460303,7818.380893844781,8795.678505575379,nr1,-1179.0525479805679,-102468.95456988901,-101289.90202190845,0.23480828508684387
470,w159548666,1258.4072781499474,other,45034.07044829587,50037.85605366207,56292.58806036983,nr1,-7545.969232837229,-524682.0716072646,-517136.10237442737,0.23480828508684387
471,w159548667,15669.025621107221,trade,613413.7969842755,681570.8855380839,766767.2462303443,nr2,-94619.3194442473,-5081197.86498397,-4986578.545539723,0.21615529047714133
472,w159548669,2256.2803165019486,trade,261494.21083095495,290549.1231455055,326867.76353869366,nr2,-40335.58486795779,-885152.290730843,-844816.7058628852,0.21615529047714133
473,w159548670,188.14899220019578,mfh,23028.989782019133,25587.766424465703,28786.237227523914,r1,-4129.242829808422,-179769.66292782204,-175640.42009801362,0.23481765426596474
474,w159548671,318.3455893772654,other,12677.331192583715,14085.923547315238,15846.663990729643,nr1,-2124.230614320238,-130033.97452513353,-127909.74391081328,0.23480828508684387
475,w159548672,170.00981159284711,ab,21983.144401197525,24425.716001330584,27478.930501496907,r1,-3941.716169684678,-193156.42974566482,-189214.71357598013,0.23481765426596474
476,w159548674,118.95309109317604,trade,10044.893361266411,11160.992623629345,12556.116701583014,nr1,-1683.1358013322902,-124433.95527004404,-122750.81946871175,0.23480828508684387
477,w159548675,865.047436706489,mfh,94066.05527670533,104517.83919633925,117582.56909588166,r2,-15526.14337912968,-667482.8874062685,-651956.7440271388,0.21615529047714133
478,w159548677,106.67055884185247,other,5052.772241354683,5614.191379282981,6315.965301693353,nr1,-846.6492922857532,-81096.06976681913,-80249.42047453337,0.23480828508684387
479,w159872586,633.9711885744706,mfh,61528.304105702184,68364.7823396691,76910.38013212773,r2,-10155.60043003522,-428705.7981498845,-418550.1977198493,0.21615529047714133
480,w159872589,1091.462102752924,mfh,104981.15974855874,116645.73305395416,131226.4496856984,r2,-17327.744142866002,-689940.5159738148,-672612.7718309488,0.21615529047714133
481,w159872591,2692.1037788091226,mfh,238842.17683578568,265380.1964842063,298552.7210447321,r2,-39422.27482195889,-1438789.3097225388,-1399367.0349005798,0.21615529047714133
482,w159872593,436.90541737405584,mfh,41771.57313857874,46412.85904286526,52214.46642322342,r1,-7489.906005645516,-290816.94149716786,-283327.03549152234,0.23481765426596474
483,w159872596,218.88012801047884,mfh,23926.839112240952,26585.376791378836,29908.54889030119,r1,-4290.232866460464,-195970.70078980623,-191680.46792334577,0.23481765426596474
484,w159872599,487.8712977081537,mfh,46825.5540892305,52028.39343247833,58531.94261153812,r1,-8396.116603678853,-327407.46238240646,-319011.3457787276,0.23481765426596474
485,w159872601,629.8896718598901,mfh,59138.13100415723,65709.03444906359,73922.66375519653,r2,-9761.088614201522,-398251.72176190023,-388490.6331476987,0.21615529047714133
486,w159872603,453.131132603623,mfh,41977.27905722256,46641.42117469173,52471.59882152819,r1,-7526.790371727105,-287193.36249838874,-279666.57212666166,0.23481765426596474
487,w159872608,317.054659525305,mfh,36148.8017943321,40165.33532703567,45186.00224291513,r1,-6481.707709643364,-279175.50859157986,-272693.8008819365,0.23481765426596474
488,w159872611,474.9952949794941,mfh,49392.47210315651,54880.52455906279,61740.59012894564,r1,-8856.381161700674,-361698.2095029741,-352841.8283412734,0.23481765426596474
489,w159872613,461.6615135567263,mfh,49483.41463924298,54981.57182138109,61854.26829905373,r1,-8872.687730882135,-380593.68749943137,-371720.9997685492,0.23481765426596474
490,w159872615,129.00588214695452,mfh,16719.873106670097,18577.636785188995,20899.841383337618,r1,-2997.9784955625983,-144932.3162903036,-141934.337794741,0.23481765426596474
491,w159872617,185.93316667452453,mfh,23274.884584316744,25860.98287146305,29093.605730395928,r1,-4173.333315708389,-176842.21975544433,-172668.88643973594,0.23481765426596474
492,w159872620,129.2747205838561,mfh,17497.094806705965,19441.216451895518,21871.368508382457,r1,-3137.339238800691,-135388.1582501097,-132250.819011309,0.23481765426596474
493,w159872622,447.3657494872576,mfh,46366.44062561429,51518.26736179365,57958.05078201786,r1,-8313.794669644823,-359072.1437675213,-350758.34909787646,0.23481765426596474
494,w159872625,238.36158968657256,mfh,25116.058872769172,27906.732080854636,31395.073590961463,r1,-4503.46745537247,-199132.70738476623,-194629.23992939375,0.23481765426596474
495,w159872628,167.04002443812786,mfh,19006.772350224233,21118.635944693593,23758.46543778029,r1,-3408.033925406654,-171980.1795792035,-168572.14565379685,0.23481765426596474
496,w159872630,195.52493976540862,mfh,18074.7621351929,20083.069039103222,22593.452668991125,r1,-3240.918627073802,-130156.71658533857,-126915.79795826477,0.23481765426596474
497,w159872632,133.65780365467072,th,16477.88462317202,18308.760692413354,20597.355778965022,r1,-2954.5884372127157,-64834.479736066976,-61879.89129885426,0.23481765426596474
498,w159872635,49.369007284846155,th,6739.6868476192685,7488.540941799187,8424.608559524086,r1,-1208.4682764684408,-89151.05238911834,-87942.5841126499,0.23481765426596474
499,w159872640,133.91130499513818,mfh,16908.877072954834,18787.64119217204,21136.09634119354,r1,-3031.868096451474,-133801.17240823718,-130769.3043117857,0.23481765426596474
500,w159872643,87.82295271442271,other,9591.78852868142,10657.542809646022,11989.735660851775,nr1,-1607.2129479925784,-110379.80267883933,-108772.58973084675,0.23480828508684387
501,w159872648,133.79360626488923,mfh,16965.31316645674,18850.347962729713,21206.641458070924,r1,-3041.987443267855,-145724.8380526248,-142682.85060935694,0.23481765426596474
502,w159872651,467.48304517045614,other,34799.30109969496,38665.890110772176,43499.126374618696,nr1,-5831.017556452611,-386958.0076659156,-381126.990109463,0.23480828508684387
503,w159872654,134.11286987382917,mfh,15572.749109392586,17303.054565991763,19465.93638674073,r1,-2792.2919419840405,-117540.77093398929,-114748.47899200524,0.23481765426596474
504,w159872660,131.42538360562176,mfh,16010.967487406166,17789.96387489574,20013.709359257708,r1,-2870.8672556400356,-122750.27632553916,-119879.40906989912,0.23481765426596474
505,w159872663,509.8066861014813,other,40789.69983623175,45321.88870692417,50987.12479528969,nr1,-6834.776801583075,-149987.1233393519,-143152.34653776884,0.23480828508684387
506,w159872669,96.41428965386004,other,6140.942525975589,6823.26947330621,7676.178157469486,nr1,-1028.9845643608048,-95367.83180283636,-94338.84723847556,0.23480828508684387
507,w159872671,385.8471666022902,mfh,41085.27500261371,45650.30555845967,51356.59375326713,r1,-7366.848429787059,-289618.6161450907,-282251.7677153037,0.23481765426596474
508,w159872676,450.3884779855609,trade,21572.307796555673,23969.230885061857,26965.38474569459,nr1,-3614.684821817248,-240779.81862511864,-237165.1338033014,0.23480828508684387
509,w159872680,74.82275880910456,trade,6347.627257792996,7052.919175325551,7934.534072241245,nr1,-1063.6169351784065,-87907.70659249186,-86844.08965731345,0.23480828508684387
510,w159872682,128.20031198486686,mfh,17098.113549140475,18997.903943489415,21372.641936425593,r1,-3065.7993878291727,-154312.80788915593,-151247.00850132675,0.23481765426596474
511,w159872688,74.73616111706941,trade,5317.786693607912,5908.651881786568,6647.23336700989,nr1,-891.0554692769282,-73153.48102951577,-72262.42556023884,0.23480828508684387
512,w159872690,271.2794532585889,mfh,37662.36732773164,41847.07480859071,47077.95915966455,r1,-6753.099537308991,-285503.03049379255,-278749.9309564836,0.23481765426596474
513,w159872699,406.91918786983007,mfh,43877.34349126553,48752.60387918392,54846.67936408191,r1,-7867.483885194721,-294553.03093703877,-286685.54705184407,0.23481765426596474
514,w159872700,406.7131608505966,mfh,40678.93594210743,45198.8177134527,50848.66992763429,r1,-7293.989278432676,-280548.72687614686,-273254.7375977142,0.23481765426596474
515,w159872708,435.5580747295171,mfh,46872.894326570284,52080.9936961892,58591.11790821285,r1,-8404.605006229162,-356474.47613809264,-348069.87113186345,0.23481765426596474
516,w159872710,142.59727319749075,mfh,15785.244708098155,17539.160786775727,19731.555885122692,r1,-2830.3937404400854,-131094.18350140197,-128263.7897609619,0.23481765426596474
517,w159872717,364.7500545413,mfh,42624.77941045999,47360.86601162221,53280.97426307498,r1,-7642.891260919896,-299923.9086350835,-292281.0173741636,0.23481765426596474
518,w159872718,186.0198295045644,mfh,25865.705318047403,28739.672575608223,32332.131647559254,r1,-4637.883781852991,-213780.33036261683,-209142.44658076385,0.23481765426596474
519,w159872719,169.79583046399057,mfh,20853.61252597942,23170.680584421578,26067.015657474276,r1,-3739.183994329503,-190854.37925456176,-187115.19526023226,0.23481765426596474
520,w159872726,172.48843573874328,mfh,18695.70090016346,20773.001000181623,23369.626125204326,r1,-3352.2568562916,-153572.75964385207,-150220.50278756046,0.23481765426596474
521,w159872727,172.59632431017235,mfh,21043.444879268325,23381.60542140925,26304.306099085406,r1,-3773.2221302227213,-82798.29794920163,-79025.0758189789,0.23481765426596474
522,w159872732,140.4957689295523,mfh,18976.199229647278,21084.665810719198,23720.249037059097,r1,-3402.551972436845,-165338.34331392837,-161935.79134149154,0.23481765426596474
523,w159872736,118.37831126665697,mfh,14679.616639748732,16310.68515527637,18349.520799685914,r1,-2632.1476681251193,-123311.9661462438,-120679.81847811867,0.23481765426596474
524,w159872737,187.97203346798193,mfh,24944.26660849226,27715.85178721362,31180.333260615324,r1,-4472.664020997078,-205980.65234575124,-201507.98832475417,0.23481765426596474
525,w159872743,753.6066189933568,other,31827.00488865078,35363.33876516753,39783.75611081347,nr1,-5332.975617623898,-364675.38568071584,-359342.41006309196,0.23480828508684387
526,w159872746,394.377677144669,mfh,44537.18740147157,49485.76377941285,55671.484251839465,r1,-7985.798051851673,-175237.62546689497,-167251.82741504328,0.23481765426596474
527,w159872748,575.8923149108887,trade,55207.313642999135,61341.45960333237,69009.14205374892,nr2,-8515.749842808951,-186875.57166528323,-178359.82182247427,0.21615529047714133
528,w159872750,127.08080641776323,mfh,17865.116812482014,19850.129791646683,22331.396015602517,r1,-3203.3279010453975,-245307.750735091,-242104.4228340456,0.23481765426596474
529,w159872753,434.5401292324066,other,25725.96143987,28584.401599855555,32157.451799837498,nr1,-4310.676596140599,-288471.9140322222,-284161.2374360816,0.23480828508684387
530,w159872756,252.43327465518377,mfh,33635.93448393886,37373.260537709844,42044.91810492357,r1,-6031.134783001008,-262660.3733340153,-256629.2385510143,0.23481765426596474
531,w159872759,386.07803563163617,mfh,40885.04737063046,45427.83041181162,51106.30921328808,r1,-7330.946354988194,-304988.64677530003,-297657.7004203118,0.23481765426596474
532,w159872763,1345.7076428122818,trade,70170.62199602295,77967.35777335883,87713.27749502868,nr2,-10823.846041424173,-598788.3972810138,-587964.5512395896,0.21615529047714133
533,w159872767,486.0339612279087,mfh,45082.85482234876,50092.060913720845,56353.568527935946,r1,-8083.6396552587175,-301931.85607176117,-293848.21641650243,0.23481765426596474
534,w159872769,563.4171857964247,other,35443.64525157622,39381.82805730691,44304.55656447027,nr1,-5938.984726576327,-378653.20105259644,-372714.21632602013,0.23480828508684387
535,w159872774,2747.8572637828997,other,119011.47723873041,132234.97470970044,148764.346548413,nr2,-18357.56717202085,-1114308.8139823922,-1095951.2468103713,0.21615529047714133
536,w159872776,80.53474041707815,sfh,12444.034937831644,13826.705486479605,15555.043672289554,r1,-2231.2937965280357,-120384.339667931,-118153.04587140297,0.23481765426596474
537,w159872779,530.1892838459462,trade,41088.84380523203,45654.270894702255,51361.054756540034,nr1,-6884.901766166426,-404243.8277036067,-397358.92593744025,0.23480828508684387
538,w159872782,386.9254036822822,mfh,34779.397511211064,38643.77501245674,43474.246889013826,r1,-6236.1649016126985,-234827.69702400945,-228591.53212239675,0.23481765426596474
539,w159872787,649.6997715241275,sfh,73844.5187104147,82049.46523379411,92305.64838801838,r2,-12188.462478713607,-477638.48478179745,-465450.02230308385,0.21615529047714133
540,w159872789,103.62989482581615,mfh,13622.502345110554,15136.113716789503,17028.12793138819,r1,-2442.600420818991,-119348.85619219465,-116906.25577137567,0.23481765426596474
541,w159872791,7102.280937734339,other,341045.9633446604,378939.9592718449,426307.4541808255,nr2,-52606.47398139088,-2666018.87215463,-2613412.398173239,0.21615529047714133
542,w159872796,295.65545302389654,other,14692.2812732514,16324.756970279332,18365.35159156425,nr1,-2461.8583517879842,-174604.64527889426,-172142.78692710627,0.23480828508684387
543,w159872797,3172.659030787088,other,124134.27925297005,137926.9769477445,155167.84906621257,nr2,-19147.761397546885,-1217576.2489102804,-1198428.4875127336,0.21615529047714133
544,w159872802,393.79842739673325,mfh,39710.81716874246,44123.130187491624,49638.521460928074,r1,-7120.399488296008,-272526.23892306036,-265405.83943476435,0.23481765426596474
545,w159872803,469.9664310747758,mfh,46940.21759095484,52155.79732328315,58675.271988693545,r1,-8416.676491316897,-184692.67480654852,-176275.9983152316,0.23481765426596474
546,w159872804,664.4021281981841,mfh,71285.2107419375,79205.78971326388,89106.51342742186,r2,-11766.033980430795,-258189.83181216408,-246423.79783173327,0.21615529047714133
547,w159872808,295.65545226749964,other,15824.74835213696,17583.053724596622,19780.935440171197,nr1,-2651.6160541098907,-177860.57355093714,-175208.95749682726,0.23480828508684387
548,w159872809,678.8678823016584,other,34505.649287262946,38339.61031918105,43132.06160907868,nr1,-5781.812864988557,-376714.35225680814,-370932.53939181956,0.23480828508684387
549,w159872812,337.05531151816245,mfh,38041.70913462511,42268.56570513901,47552.136418281385,r1,-6821.117911149446,-283138.64194928715,-276317.5240381377,0.23481765426596474
550,w159872814,765.4437305399682,mfh,79399.36095195425,88221.51216883806,99249.2011899428,r2,-13105.321135504195,-517515.9491517593,-504410.62801625516,0.21615529047714133
551,w159872815,1229.117813373683,mfh,149792.9605537908,166436.62283754532,187241.2006922385,r2,-24724.18956977793,-1050722.0209073422,-1025997.8313375643,0.21615529047714133
552,w159872820,336.8380303993821,mfh,38637.43829336847,42930.48699263163,48296.797866710585,r1,-6927.935899282366,-305991.01898724504,-299063.0830879627,0.23481765426596474
553,w159872826,1791.1392054180615,th,178358.86709907744,198176.51899897493,222948.5838738468,r2,-29439.15672208684,-1167588.8667388621,-1138149.7100167752,0.21615529047714133
554,w159872827,157.03123329076917,th,22144.882072210334,24605.424524678147,27681.102590262915,r1,-3970.7167521965957,-189513.33570769776,-185542.61895550115,0.23481765426596474
555,w159872832,35.670331929810345,sfh,3676.201183569743,4084.667981744159,4595.251479462178,r0,-808.845631680871,-55378.218186415506,-54569.37255473463,0.28813869366260303
556,w159872833,162.84196072258055,mfh,21239.15922568886,23599.065806320956,26548.949032111075,r1,-3808.314944510156,-173791.56675351041,-169983.25180900027,0.23481765426596474
557,w159872834,33.79703346360475,sfh,4555.214293213258,5061.349214681398,5694.017866516572,r0,-1002.2479724186485,-66036.63798637417,-65034.390013955526,0.28813869366260303
558,w159872835,42.916394099872555,th,6704.477568681241,7449.419520756934,8380.59696085155,r1,-1202.1550311210008,-63270.793140667294,-62068.63810954629,0.23481765426596474
559,w159872839,58.88304680213332,other,5318.843004436388,5909.8255604848755,6648.553755545484,nr1,-891.2324661358097,-78455.2617071547,-77564.02924101888,0.23480828508684387
560,w159872840,318.65718863122163,other,26659.24765591642,29621.386284351578,33324.05956989552,nr1,-4467.0592859932285,-275235.4113174036,-270768.3520314104,0.23480828508684387
561,w159872842,48.8293092939537,other,2375.76436505535,2639.7381833948334,2969.7054563191873,nr0,-488.12072596837663,-34074.36111489993,-33586.240388931554,0.2879144579756441
562,w159872843,143.51003436879253,mfh,19080.71500207315,21200.794446747943,23850.893752591437,r1,-3421.292308334183,-175906.83239838984,-172485.54009005567,0.23481765426596474
563,w159872845,162.83680398128925,mfh,21498.13375395689,23886.81528217432,26872.667192446108,r1,-3854.7507076103125,-188574.71034438442,-184719.95963677412,0.23481765426596474
564,w159872848,156.42925329236314,mfh,21291.72814453538,23657.47571615042,26614.660180669223,r1,-3817.740882567901,-83775.20224844186,-79957.46136587395,0.23481765426596474
565,w159872851,167.48750086340587,mfh,20694.65294755158,22994.058830612867,25868.316184439474,r1,-3710.6815413054883,-178125.48478826054,-174414.80324695504,0.23481765426596474
566,w159872853,143.46053532976657,th,18641.830787650975,20713.145319612195,23302.288484563716,r1,-3342.597606018849,-73348.8204393364,-70006.22283331754,0.23481765426596474
567,w159872855,768.5454076524824,other,30902.518900127714,34336.13211125301,38628.14862515964,nr1,-5178.067505695764,-333948.3382990612,-328770.27079336543,0.23480828508684387
568,w159872857,315.41669200100006,mfh,33248.68266430212,36942.98073811347,41560.85333037765,r1,-5961.698094084077,-256205.2952458169,-250243.59715173283,0.23481765426596474
569,w159872858,136.24142913175746,other,12600.205042488164,14000.227824986849,15750.256303110204,nr1,-2111.307253187773,-163627.71299721143,-161516.40574402365,0.23480828508684387
570,w159872860,131.01957194106652,other,10778.366395040914,11975.96266115657,13472.957993801141,nr1,-1806.0375264235786,-120998.84084982706,-119192.80332340348,0.23480828508684387
571,w159872862,156.42902136784977,mfh,20547.76308719318,22830.847874659088,25684.703858991474,r1,-3684.3432647072646,-152046.2053399931,-148361.8620752858,0.23481765426596474
572,w159872865,158.90607472276315,mfh,21250.92912058293,23612.143467314363,26563.66140072866,r1,-3810.425360753289,-83614.67293583964,-79804.24757508635,0.23481765426596474
573,w159872867,192.56274920739233,mfh,23626.608294376343,26251.78699375149,29533.260367970426,r1,-4236.399590937325,-183754.41676037028,-179518.01716943295,0.23481765426596474
574,w159872868,54.98272090442479,other,4338.732794656411,4820.814216284901,5423.415993320514,nr0,-891.4290628570606,-60650.34052711976,-59758.9114642627,0.2879144579756441
575,w159872870,315.09365436807275,mfh,33572.70898486998,37303.00998318887,41965.886231087476,r1,-6019.798053028812,-256385.9643332112,-250366.16628018237,0.23481765426596474
576,w159872874,56.548262861557305,th,6258.9085433516675,6954.342825946297,7823.635679189584,r1,-1122.2617001307103,-87586.87213899463,-86464.61043886392,0.23481765426596474
577,w159872876,86.08918008172186,other,7937.8236826816055,8819.804091868451,9922.279603352006,nr1,-1330.0723805096043,-100199.12120573875,-98869.04882522914,0.23480828508684387
578,w159872878,413.8979488207959,mfh,49390.03592714167,54877.81769682407,61737.544908927084,r1,-8855.944340006077,-379031.50222689187,-370175.55788688577,0.23481765426596474
579,w159872879,205.3686287334189,mfh,25436.2263636754,28262.47373741711,31795.282954594248,r1,-4560.87550186848,-210758.84432043933,-206197.96881857084,0.23481765426596474
580,w159872883,329.8948070596903,th,38258.33027645758,42509.25586273064,47822.91284557197,r1,-6859.959445457436,-335437.5428496736,-328577.58340421616,0.23481765426596474
581,w159872884,900.053558271192,other,37831.76819712391,42035.297996804344,47289.71024640488,nr1,-6339.141809690216,-456393.4816526364,-450054.33984294615,0.23480828508684387
582,w159872887,1008.3728146322071,other,88407.21114906944,98230.23461007715,110509.01393633679,nr2,-13636.847090844381,-742864.7927345767,-729227.9456437323,0.21615529047714133
583,w159872892,458.9937253634445,other,39649.09661200691,44054.55179111879,49561.370765008636,nr1,-6643.65579583794,-411462.41745494434,-404818.7616591064,0.23480828508684387
584,w159872895,353.7920229201671,th,49227.57275316536,54697.30305907262,61534.4659414567,r1,-8826.813670245938,-361651.19155200874,-352824.3778817628,0.23481765426596474
585,w159872899,2008.66189844124,other,87830.35072413228,97589.2785823692,109787.93840516535,nr2,-13547.866143415067,-808874.2207173806,-795326.3545739655,0.21615529047714133
587,w160025355,131.5437356668757,ab,15822.357973565722,17580.397748406358,19777.94746695715,r1,-2837.0483825574047,-168939.68068028675,-166102.63229772935,0.23481765426596474
588,w160025360,102.43726858533918,mfh,14598.10513130861,16220.116812565122,18247.63141413576,r1,-2617.532141566675,-128332.41174794441,-125714.87960637774,0.23481765426596474
589,w160025362,106.2412323884666,mfh,12893.32495058692,14325.916611763245,16116.65618823365,r1,-2311.8543239864657,-137863.47475637894,-135551.6204323925,0.23481765426596474
590,w160025367,104.2175793532282,mfh,14296.527182761089,15885.030203067876,17870.65897845136,r1,-2563.4573170322315,-122995.32757746952,-120431.8702604373,0.23481765426596474
591,w160025369,103.97346241511406,mfh,13712.751918131698,15236.391020146331,17140.939897664623,r1,-2458.7827373608047,-120158.47919495952,-117699.69645759872,0.23481765426596474
592,w160025373,103.9182820610702,mfh,12692.477684318626,14102.75298257625,15865.597105398283,r1,-2275.8411448598454,-108414.78715461797,-106138.94600975812,0.23481765426596474
593,w160025375,104.46434533819556,mfh,15200.83881015165,16889.8209001685,19001.048512689562,r1,-2725.606084245218,-59809.769175230445,-57084.163090985225,0.23481765426596474
594,w160025376,101.26918978765606,other,6767.594541506047,7519.5494905622745,8459.493176882557,nr1,-1133.9872163932778,-81942.93687125524,-80808.94965486196,0.23480828508684387
595,w160025380,128.15635424628857,th,16535.50385671767,18372.782063019633,20669.379820897087,r1,-2964.919928486519,-154783.41052407539,-151818.49059558887,0.23481765426596474
596,w160025381,64.08582323277369,th,8805.145795153388,9783.495327948209,11006.432243941736,r1,-1578.8180673232757,-110278.06342999906,-108699.24536267579,0.23481765426596474
597,w160025384,125.48521707579494,mfh,13228.087159594033,14697.874621771149,16535.10894949254,r1,-2371.8792953081675,-118632.62066847527,-116260.7413731671,0.23481765426596474
598,w160025385,125.6767025694251,mfh,12483.801305090501,13870.890338989446,15604.751631363126,r1,-2238.424156497164,-106863.92576492771,-104625.50160843055,0.23481765426596474
599,w160025388,125.67682776004075,mfh,12887.497210468891,14319.441344965435,16109.371513086113,r1,-2310.809373499096,-104414.13887828191,-102103.32950478281,0.23481765426596474
600,w160025389,125.54291224256157,mfh,15947.091501286146,17718.990556984605,19933.864376607682,r1,-2859.413889244911,-140792.62990536072,-137933.21601611582,0.23481765426596474
601,w160025392,101.23846836648882,other,7707.166695034264,8563.51855003807,9633.95836879283,nr1,-1291.4231863594978,-95463.58575352305,-94172.16256716356,0.23480828508684387
602,w160025393,241.441205301648,mfh,29760.98461218925,33067.76068021028,37201.23076523656,r1,-5336.331879128852,-248027.5352662698,-242691.20338714097,0.23481765426596474
603,w160025394,520.9474028991534,mfh,62962.95736238052,69958.84151375612,78703.69670297565,r2,-10392.398200463667,-228047.23732444205,-217654.83912397837,0.21615529047714133
604,w160025395,347.3527018059045,mfh,41270.74084393225,45856.37871548028,51588.42605491531,r1,-7400.103622597859,-394227.1428609614,-386827.0392383635,0.23481765426596474
605,w160025396,362.18757194392384,mfh,37666.70161233902,41851.89068037669,47083.37701542377,r1,-6753.876701822361,-291500.0039501305,-284746.1272483081,0.23481765426596474
606,w160025398,216.67090053744613,mfh,25759.482837806354,28621.647597562616,32199.353547257942,r1,-4618.837422501082,-219591.23384281763,-214972.39642031654,0.23481765426596474
607,w160025399,277.5212213275954,mfh,34672.16062353594,38524.62291503994,43340.20077941992,r1,-6216.936652622411,-136422.33495136382,-130205.3982987414,0.23481765426596474
608,w160025402,733.1297983160242,mfh,73752.53405858297,81947.26006509218,92190.66757322871,r2,-12173.27988294282,-516515.4556695139,-504342.1757865711,0.21615529047714133
609,w160025403,118.93753181435167,th,13366.26539456982,14851.405993966466,16707.831743212275,r1,-2396.655522637724,-116978.16428868765,-114581.50876604993,0.23481765426596474
610,w160025405,118.80893169231713,mfh,11413.826109522666,12682.02901058074,14267.282636903332,r1,-2046.570868698103,-87132.90251166142,-85086.33164296331,0.23481765426596474
611,w160025406,118.8714888818562,mfh,12694.703117102687,14105.225685669651,15868.378896378357,r1,-2276.240178966586,-91145.29598723626,-88869.05580826967,0.23481765426596474
612,w160025409,118.87152101863175,mfh,13545.552141340295,15050.613490378106,16931.94017667537,r1,-2428.8027649001574,-116660.70598116703,-114231.90321626687,0.23481765426596474
613,w160025412,678.325670054555,mfh,83112.16289052342,92346.84765613714,103890.20361315427,r2,-13718.140447071635,-301026.1895126185,-287308.0490655469,0.21615529047714133
614,w160025415,1309.668819526094,mfh,134843.0872649352,149825.65251659465,168553.85908116898,r2,-22256.62700961948,-897934.8284499657,-875678.2014403462,0.21615529047714133
615,w160025422,678.3786613484378,mfh,78555.95700031816,87284.39666702018,98194.9462503977,r2,-12966.112463033485,-520322.0698347089,-507355.9573716754,0.21615529047714133
616,w160025427,555.729584345687,mfh,68356.5049155554,75951.67212839489,85445.63114444424,r2,-11282.63424136508,-247582.27300900212,-236299.63876763705,0.21615529047714133
617,w160025428,926.2977557130158,mfh,100962.61735123128,112180.68594581253,126203.2716890391,r2,-16664.460610326198,-686694.9648193063,-670030.5042089801,0.21615529047714133
618,w160025434,188.0208901744336,mfh,25126.424219116037,27918.249132351153,31408.030273895045,r1,-4505.326027219799,-202903.78037293913,-198398.45434571934,0.23481765426596474
619,w160025437,385.6369404070079,mfh,43222.04791881172,48024.497687568575,54027.55989851464,r1,-7749.985264127426,-324849.6652174551,-317099.6799533277,0.23481765426596474
620,w160025438,514.208815998584,mfh,66439.19135967275,73821.32373296973,83048.98919959094,r2,-10966.170612866834,-240637.90321094394,-229671.7325980771,0.21615529047714133
621,w160025439,231.99735509790483,mfh,23422.747428464972,26025.274920516636,29278.434285581214,r1,-4199.846054424825,-202655.78650553353,-198455.9404511087,0.23481765426596474
622,w160025441,239.19352681115268,mfh,29974.211052689745,33304.67894743305,37467.76381586218,r1,-5374.5647221191975,-117937.61296078961,-112563.04823867042,0.23481765426596474
623,w160025442,258.45977183450015,mfh,26407.168715404667,29341.29857267185,33008.96089425583,r1,-4734.971577379607,-203134.01955083714,-198399.04797345752,0.23481765426596474
624,w160025445,358.2598954875022,mfh,37036.861616907394,41152.06846323044,46296.07702113424,r1,-6640.942425951812,-289783.38974036026,-283142.44731440843,0.23481765426596474
625,w160025446,282.03160609211767,mfh,32653.249972380814,36281.3888582009,40816.56246547602,r1,-5854.933264318539,-128478.6562150061,-122623.72295068757,0.23481765426596474
626,w160025449,151.84076374266294,mfh,15398.815708212785,17109.79523134754,19248.51963526598,r1,-2761.1045882840253,-138327.7228487968,-135566.6182605128,0.23481765426596474
627,w160025451,187.46145662125198,mfh,22242.272514884975,24713.63612764997,27802.840643606218,r1,-3988.17947161732,-183719.48941906693,-179731.3099474496,0.23481765426596474
628,w160025452,105.00601281486452,mfh,13097.326417448377,14552.584908275974,16371.658021810472,r1,-2348.4330711343673,-116311.24966771445,-113962.81659658009,0.23481765426596474
629,w160025453,104.94913844838739,mfh,14710.976976171565,16345.52997352396,18388.721220214455,r1,-2637.7707738514273,-129106.73981012168,-126468.96903627025,0.23481765426596474
630,w160025454,86.96602670811116,mfh,9958.714429546208,11065.238255051341,12448.393036932759,r1,-1785.6601849040321,-117753.76344333786,-115968.10325843382,0.23481765426596474
631,w160025455,103.15431486908346,mfh,14454.34817374303,16060.386859714477,18067.935217178787,r1,-2591.7556141600658,-127238.17399793546,-124646.4183837754,0.23481765426596474
632,w160025456,162.83409464433788,mfh,15439.821255317227,17155.356950352474,19299.776569146532,r1,-2768.4571409998016,-114141.28790927687,-111372.83076827707,0.23481765426596474
633,w160025457,103.20248084068298,mfh,13888.002639595677,15431.114043995196,17360.003299494594,r1,-2490.206294879985,-119629.82241989877,-117139.61612501879,0.23481765426596474
634,w160025458,101.69107806179672,mfh,14620.583473797502,16245.09274866389,18275.729342246876,r1,-2621.562649870635,-214151.30364979408,-211529.74099992344,0.23481765426596474
635,w160025459,108.44199563004076,mfh,13875.057936342178,15416.731040380198,17343.82242042772,r1,-2487.8852281028726,-125760.82278312447,-123272.9375550216,0.23481765426596474
636,w160025462,124.9876569705084,mfh,15710.045915399749,17455.606572666387,19637.557394249685,r1,-2816.9101235511425,-140868.1256669776,-138051.21554342646,0.23481765426596474
637,w160025465,103.21026510931551,mfh,13114.320013160435,14571.466681289372,16392.90001645054,r1,-2351.480129816093,-105881.88628992732,-103530.40616011123,0.23481765426596474
638,w160025467,105.14285953305661,mfh,14341.115732538854,15934.573036154281,17926.394665673568,r1,-2571.4523246814656,-122561.47632718335,-119990.02400250189,0.23481765426596474
639,w160025469,108.37528205253183,mfh,12119.687617749969,13466.319575277743,15149.60952218746,r1,-2173.13628034986,-111263.7643834676,-109090.62810311774,0.23481765426596474
640,w160025471,48.55004379618913,sfh,6829.869385996844,7588.743762218715,8537.336732496055,r1,-1224.6385732766958,-70847.01735967239,-69622.3787863957,0.23481765426596474
641,w160025472,101.69099241122603,mfh,13375.50809475645,14861.6756608405,16719.38511844556,r1,-2398.3127969617376,-52627.75704289102,-50229.444245929284,0.23481765426596474
642,w160025474,105.6897082787007,mfh,13340.076698786537,14822.307443096151,16675.09587348317,r1,-2391.9597246323074,-127151.382309169,-124759.42258453669,0.23481765426596474
643,w160025476,96.35599186792969,mfh,11760.455718228655,13067.17302025406,14700.569647785818,r1,-2108.723739488209,-46273.1136542956,-44164.38991480739,0.23481765426596474
644,w160025477,108.4367577029392,mfh,13789.217767408181,15321.35307489798,17236.522209260227,r1,-2472.493545470011,-113255.741506431,-110783.24796096099,0.23481765426596474
645,w160025481,105.0061043202877,mfh,13105.966754568803,14562.185282854225,16382.458443211002,r1,-2349.982337968881,-103275.46921655764,-100925.48687858877,0.23481765426596474
646,w160025482,103.2132654029876,mfh,14060.161845670413,15622.402050744902,17575.202307088013,r1,-2521.075524229536,-125439.87406270303,-122918.7985384735,0.23481765426596474
647,w160025484,128.51466068420558,mfh,13247.347808026228,14719.275342251365,16559.184760032786,r1,-2375.3328508131594,-97765.15418993753,-95389.82133912438,0.23481765426596474
648,w160025486,101.26240085978061,mfh,13302.68360909849,14780.75956566499,16628.354511373112,r1,-2385.254908270832,-111306.81117448481,-108921.55626621399,0.23481765426596474
649,w160025487,105.13472320698202,mfh,14158.708934601254,15731.898816223616,17698.386168251567,r1,-2538.7456376048044,-124854.21132579584,-122315.46568819103,0.23481765426596474
650,w160025490,87.12732640933245,mfh,12040.780464448602,13378.644960498446,15050.975580560753,r1,-2158.9877310615766,-192498.69452611328,-190339.7067950517,0.23481765426596474
651,w160025492,101.576605540514,mfh,13964.916070301266,15516.57341144585,17456.145087876583,r1,-2503.9973571568457,-120936.47464307226,-118432.47728591542,0.23481765426596474
652,w160025494,105.68961535468698,mfh,14285.138779463909,15872.376421626564,17856.423474329884,r1,-2561.4153046338165,-124402.97163543852,-121841.5563308047,0.23481765426596474
653,w160025496,100.3227494932711,mfh,13748.271791453237,15275.857546059151,17185.339739316543,r1,-2465.151674236324,-122199.2450007084,-119734.09332647207,0.23481765426596474
654,w160025498,53.38166442215442,th,6600.947610690868,7334.386234100964,8251.184513363583,r1,-1183.5914579574096,-85770.77282124554,-84587.18136328812,0.23481765426596474
655,w160025500,108.55102695096282,mfh,13356.061664075802,14840.06851563978,16695.07708009475,r1,-2394.825929530144,-107727.43267177341,-105332.60674224327,0.23481765426596474
656,w160025504,103.15687311664223,mfh,13210.204122827778,14678.004580919753,16512.75515353472,r1,-2368.6727542466083,-105721.64931145098,-103352.97655720437,0.23481765426596474
657,w160025505,103.09466042611747,mfh,11999.591279695112,13332.879199661236,14999.48909961889,r1,-2151.6022509593713,-108550.06625218371,-106398.46400122433,0.23481765426596474
658,w160025507,85.83866344131528,mfh,11973.740029139291,13304.155587932546,14967.175036424114,r1,-2146.966959007374,-114146.47741150373,-111999.51045249635,0.23481765426596474
659,w160025509,108.27769679883495,mfh,14945.057217444468,16605.61913049385,18681.321521805585,r1,-2679.742834589873,-136362.2386264267,-133682.49579183682,0.23481765426596474
660,w160025513,105.03020258601755,mfh,11679.227174263047,12976.919082514496,14599.03396782881,r1,-2094.1589502412376,-97143.30740652564,-95049.1484562844,0.23481765426596474
661,w160025515,104.96566433478147,mfh,13255.429579015141,14728.255087794601,16569.286973768925,r1,-2376.7819632242554,-103712.9472307746,-101336.16526755034,0.23481765426596474
662,w160025517,132.51887063886969,mfh,14316.368058185923,15907.07562020658,17895.460072732403,r1,-2567.0149108893916,-111274.4824669257,-108707.46755603631,0.23481765426596474
663,w160032048,197.876624872908,mfh,22760.163304132715,25289.070337925237,28450.204130165894,r1,-4081.04055012606,-186305.04337418565,-182224.0028240596,0.23481765426596474
664,w160032049,177.6117346536368,mfh,20420.46582699145,22689.406474434945,25525.582283739313,r1,-3661.518064647787,-232982.04990393113,-229320.53183928333,0.23481765426596474
665,w160032050,605.1206229591743,mfh,68794.57954872533,76438.42172080593,85993.22443590667,r2,-11354.940978852354,-476010.1525873694,-464655.21160851704,0.21615529047714133
666,w160032051,604.9254235289991,mfh,66484.26842234895,73871.4093581655,83105.33552793619,r2,-10973.610841291018,-444704.5905997911,-433730.97975850006,0.21615529047714133
667,w160032052,558.9287057133391,mfh,63671.536875409336,70746.15208378815,79589.42109426166,r2,-10509.353323992953,-463672.65358406195,-453163.30026006897,0.21615529047714133
668,w160032053,914.9869650162756,mfh,118384.96876544278,131538.85418382531,147981.21095680346,r2,-19540.11990381863,-428781.71862731053,-409241.5987234919,0.21615529047714133
669,w160032054,558.7663555394857,mfh,60610.35153484233,67344.8350387137,75762.93941855291,r2,-10004.087079246923,-422401.2322308039,-412397.14515155694,0.21615529047714133
670,w160032055,915.1860893286764,mfh,117551.19343225891,130612.43714695434,146938.99179032363,r2,-19402.50049019578,-425761.84520892095,-406359.3447187252,0.21615529047714133
671,w160032056,579.5610938113182,mfh,57693.31188162339,64103.67986847043,72116.63985202923,r2,-9522.61290915169,-362188.56946823373,-352665.956559082,0.21615529047714133
672,w160032057,300.306428108085,mfh,37313.43611538925,41459.37346154361,46641.79514423657,r1,-6690.533974498842,-146814.7928590445,-140124.25888454568,0.23481765426596474
673,w160032058,579.3688813976943,mfh,57693.4417204568,64103.82413384089,72116.80215057099,r2,-9522.63433979782,-392486.2400210916,-382963.60568129376,0.21615529047714133
674,w160032059,915.3225905947387,mfh,92194.63134061452,102438.47926734947,115243.28917576815,r2,-15217.254096280409,-333922.22751491243,-318704.973418632,0.21615529047714133
675,w160032060,914.9022733874618,mfh,89683.02969465003,99647.81077183336,112103.78711831254,r2,-14802.69980087817,-562467.4210959225,-547664.7212950443,0.21615529047714133
676,w160032061,434.5004198986106,mfh,54507.02112981529,60563.35681090588,68133.77641226912,r2,-8996.697296823273,-197420.45329761185,-188423.7560007886,0.21615529047714133
677,w160032062,579.3681231357157,mfh,63760.568600850966,70845.07622316774,79700.7107510637,r2,-10524.048522281342,-230936.12703057888,-220412.07850829753,0.21615529047714133
678,w160032063,157.0142166607082,mfh,21768.76703500984,24187.51892778871,27210.9587937623,r1,-3903.2769584738207,-176648.7979429884,-172745.5209845146,0.23481765426596474
679,w160032064,245.02896427586674,mfh,31648.601750868154,35165.11305652017,39560.75218858519,r1,-5674.79351418499,-237269.9267995807,-231595.13328539568,0.23481765426596474
680,w160032065,177.6155174203217,mfh,23633.30432957042,26259.22703285602,29541.630411963022,r1,-4237.600232197538,-196665.51250218847,-192427.91226999095,0.23481765426596474
681,w160032066,915.0334876678884,mfh,90981.15204470573,101090.16893856191,113726.44005588215,r2,-15016.962360005688,-578189.4585950632,-563172.4962350575,0.21615529047714133
682,w160032067,686.1767572972923,mfh,82068.33429355826,91187.03810395363,102585.41786694783,r2,-13545.850534285953,-569039.9951197697,-555494.1445854837,0.21615529047714133
683,w160032068,579.4084268193692,mfh,55797.50842459628,61997.23158288475,69746.88553074535,r2,-9209.699646169971,-356128.00342258834,-346918.3037764184,0.21615529047714133
684,w160032069,582.2339869499207,mfh,56337.525071553566,62597.25007950396,70421.90633944195,r2,-9298.83249928167,-352314.84042729123,-343016.00792800955,0.21615529047714133
685,w160032070,655.6557445708662,mfh,64738.30461673968,71931.4495741552,80922.8807709246,r2,-10685.429474474697,-418920.3904898822,-408234.9610154075,0.21615529047714133
686,w160032071,187.63290931591763,mfh,21296.262178485253,23662.513531650282,26620.327723106566,r1,-3818.5538633957553,-173098.40838796447,-169279.8545245687,0.23481765426596474
687,w160032072,300.05888833065984,mfh,31840.051021962732,35377.83446884748,39800.06377745341,r1,-5709.12157361887,-227523.7527005112,-221814.63112689232,0.23481765426596474
688,w160032074,652.9879129000007,mfh,66119.07190804384,73465.63545338204,82648.8398850548,r2,-10913.333056430361,-441813.6257300044,-430900.29267357406,0.21615529047714133
689,w160032075,187.48918503960593,mfh,19824.58853199762,22027.320591108466,24780.73566499702,r1,-3554.6735147526774,-174663.5761903694,-171108.90267561673,0.23481765426596474
690,w160032079,410.4375718038529,mfh,56450.435111772305,62722.70567974701,70563.04388971538,r2,-9317.4689507436,-204459.35693443162,-195141.887983688,0.21615529047714133
691,w160032080,367.35827468354256,mfh,37513.62238413698,41681.802649041085,46892.027980171224,r1,-6726.428632609207,-285625.98899554176,-278899.56036293256,0.23481765426596474
692,w160032082,146.62608959153295,mfh,18641.24062010344,20712.48957789271,23301.550775129297,r1,-3342.4917852626145,-162979.45928061492,-159636.9674953523,0.23481765426596474
693,w160032083,292.00384606306903,mfh,30643.0030164966,34047.781129440664,38303.75377062075,r1,-5494.483331112598,-224324.4777431828,-218829.9944120702,0.23481765426596474
694,w160032087,547.5336022242903,mfh,60767.66004008141,67519.62226675713,75959.57505010176,r2,-10030.051752687456,-220096.0306081709,-210065.97885548344,0.21615529047714133
695,w160032089,324.3052944285795,mfh,36712.527765060455,40791.69751673384,45890.65970632557,r1,-6582.787324712903,-302561.7272967863,-295978.9399720734,0.23481765426596474
696,w160032093,651.9691053661052,mfh,70334.93715781553,78149.93017535059,87918.6714472694,r2,-11609.185860531685,-467269.20480785443,-455660.01894732274,0.21615529047714133
697,w160032096,417.5862662355881,mfh,47555.89860683755,52839.88734093061,59444.87325854694,r1,-8527.071973026992,-366038.7788907986,-357511.7069177716,0.23481765426596474
698,w160032097,55.47504670508206,th,7948.649698139474,8831.832997932748,9935.812122674342,r1,-1425.2429256939618,-100168.17264478622,-98742.92971909225,0.23481765426596474
699,w160032099,154.26596265360712,mfh,19916.581628132146,22129.53514236905,24895.727035165182,r1,-3571.168455963775,-156298.69339362145,-152727.52493765767,0.23481765426596474
700,w160032101,417.4909567882307,mfh,46112.95125263289,51236.61250292543,57641.18906579111,r1,-8268.342429415277,-349045.85565234144,-340777.5132229262,0.23481765426596474
701,w160032104,110.95144802480935,th,12429.560392323068,13810.622658136743,15536.950490403835,r1,-2228.698419404603,-117079.24420713971,-114850.5457877351,0.23481765426596474
702,w160032105,152.98637234792113,mfh,20848.956423449432,23165.507137166034,26061.19552931179,r1,-3738.3491258368426,-82033.05664935923,-78294.70752352239,0.23481765426596474
703,w160032106,115.7174410201609,mfh,13210.000451569256,14677.778279521395,16512.50056446157,r1,-2368.636234707894,-144408.01468529136,-142039.37845058346,0.23481765426596474
704,w160032107,169.80155310891567,th,20257.197734231464,22507.997482479404,25321.49716778933,r1,-3632.243067882968,-79704.70154661802,-76072.45847873505,0.23481765426596474
705,w160032108,125.84912734059617,mfh,15892.879065874109,17658.7545176379,19866.098832342635,r1,-2849.6932583214316,-138592.63860879603,-135742.9453504746,0.23481765426596474
706,w160032109,117.1162128248019,mfh,12173.84675432335,13526.49639369261,15217.308442904186,r1,-2182.847354456066,-114549.5057587172,-112366.65840426114,0.23481765426596474
707,w160032110,214.96215275530702,mfh,27759.583627761367,30843.98180862374,34699.479534701706,r1,-4977.468084288269,-223974.00045088105,-218996.5323665928,0.23481765426596474
708,w160032111,253.8681676615961,th,29680.37219464188,32978.191327379864,37100.46524330235,r1,-5321.877565227035,-251478.55873482575,-246156.6811695987,0.23481765426596474
709,w160032112,125.84912488418631,th,14784.277193453934,16426.97465939326,18480.346491817418,r1,-2650.913964217205,-127000.76680517853,-124349.85284096132,0.23481765426596474
710,w160032113,105.45346036842092,mfh,13847.210707174945,15385.789674638827,17309.01338396868,r1,-2482.8920446216493,-121714.70803507538,-119231.81599045373,0.23481765426596474
711,w160032114,381.28189064939505,mfh,38441.58971886041,42712.87746540045,48051.98714857551,r1,-6892.819017053903,-280994.3386812509,-274101.519664197,0.23481765426596474
712,w160032115,139.91205219514669,mfh,18194.998750903073,20216.66527878119,22743.748438628838,r1,-3262.4778091309017,-151696.9554327948,-148434.4776236639,0.23481765426596474
713,w160032116,192.1807412372902,mfh,25401.90433957016,28224.338155077952,31752.3804244627,r1,-4554.7213468976115,-99947.24989428521,-95392.5285473876,0.23481765426596474
714,w160032117,302.6253065098543,mfh,38132.472874110405,42369.414304567115,47665.591092638,r1,-6837.392420974836,-150037.4044594271,-143200.0120384523,0.23481765426596474
715,w160032118,188.54685349911452,mfh,24193.179771566014,26881.31085729557,30241.474714457516,r1,-4337.989423227152,-202377.30150376697,-198039.31208053982,0.23481765426596474
716,w160032119,301.6826584111899,mfh,37828.96424629396,42032.182495882174,47286.20530786744,r1,-6782.971413494318,-285508.72097605595,-278725.7495625616,0.23481765426596474
717,w160032121,128.1140758719295,mfh,17251.90075647625,19168.778618306944,21564.87594559531,r1,-3093.374402157563,-140473.34014287582,-137379.96574071827,0.23481765426596474
718,w160032123,387.4767547928728,mfh,54442.01474559972,60491.1274951108,68052.51843199965,r2,-8985.967619269335,-435684.4797507082,-426698.5121314389,0.21615529047714133
719,w160032125,297.0948597435839,mfh,31398.011390583837,34886.67932287093,39247.51423822979,r1,-5629.861085180613,-239880.45840873447,-234250.59732355387,0.23481765426596474
720,w160032126,464.2806208854541,mfh,50568.14004669606,56186.82227410674,63210.17505837008,r2,-8346.562322310361,-358091.2191412981,-349744.65681898774,0.21615529047714133
721,w160032127,228.89082276217522,mfh,26202.43345212795,29113.81494680883,32753.041815159933,r1,-4698.26125591538,-232157.4468537568,-227459.1855978414,0.23481765426596474
722,w160032128,268.14993185095955,mfh,30473.596445371426,33859.55160596825,38091.99555671428,r1,-5464.107666536671,-330984.45899312984,-325520.3513265932,0.23481765426596474
723,w160032129,100.24086796883493,mfh,13847.774666178364,15386.416295753737,17309.718332722954,r1,-2482.9931660209472,-120929.12120501624,-118446.1280389953,0.23481765426596474
724,w160032130,150.2635816658847,mfh,14029.486662093666,15588.318513437407,17536.858327617083,r1,-2515.5752707214015,-109997.23704312506,-107481.66177240366,0.23481765426596474
725,w160032131,100.12314690686762,mfh,14135.939899488163,15706.599888320181,17669.924874360204,r1,-2534.6630062834856,-123698.23853428733,-121163.57552800384,0.23481765426596474
726,w160032132,257.78643680289383,mfh,32040.0698986087,35600.07766512078,40050.087373260874,r1,-5744.986217271697,-261605.99703168214,-255861.01081441046,0.23481765426596474
727,w160032133,136.6476590367034,mfh,17304.298376071107,19226.998195634562,21630.372970088883,r1,-3102.7696251811985,-140127.94831971877,-137025.17869453758,0.23481765426596474
728,w160032134,132.71697852164507,th,15243.003074861019,16936.67008317891,19053.753843576273,r1,-2733.166402321404,-139882.889789985,-137149.7233876636,0.23481765426596474
729,w160032135,165.9338162511587,mfh,22655.11538553312,25172.350428370133,28318.8942319164,r1,-4062.2047970700423,-188720.0800095921,-184657.87521252205,0.23481765426596474
730,w160032136,153.4784858365543,mfh,20651.507489251788,22946.119432501986,25814.384361564735,r1,-3702.9452890421644,-190393.98846771714,-186691.04317867497,0.23481765426596474
731,w160032137,244.7570460377261,mfh,31882.694606522888,35425.21622946987,39853.368258153605,r1,-5716.767836761504,-244407.31255693483,-238690.54472017332,0.23481765426596474
732,w160032138,345.56507694348693,mfh,33660.554635708184,37400.61626189798,42075.693294635224,r1,-6035.549331191119,-249236.72895004728,-243201.17961885617,0.23481765426596474
733,w160032139,170.051029805094,mfh,20953.231302739754,23281.36811415528,26191.53912842469,r1,-3757.0462680786136,-168227.70182483442,-164470.6555567558,0.23481765426596474
734,w160032140,210.13578363517297,mfh,25061.983224774885,27846.648027527648,31327.479030968607,r1,-4493.771351294035,-221233.1879516853,-216739.41660039127,0.23481765426596474
735,w160032141,252.5825279586017,mfh,26752.030081941455,29724.477868823837,33440.03760242682,r1,-4796.807391218122,-205672.61438247154,-200875.80699125343,0.23481765426596474
736,w160032142,252.46278136584442,mfh,34459.97295454553,38288.858838383916,43074.96619318191,r1,-6178.890067902634,-135587.45368838563,-129408.56362048301,0.23481765426596474
737,w160032143,236.73276664549485,mfh,29576.02728282697,32862.25253647441,36970.03410353371,r1,-5303.167865712769,-226187.8959527767,-220884.7280870639,0.23481765426596474
738,w160032144,216.15235636769793,mfh,24178.437367510116,26864.93040834457,30223.046709387643,r1,-4335.3460173800795,-199464.38119300702,-195129.03517562695,0.23481765426596474
739,w160032145,143.2480424195528,mfh,18000.89068230275,20000.989647003054,22501.113352878438,r1,-3227.67301056776,-70826.95436110233,-67599.28135053457,0.23481765426596474
740,w160032146,425.3107569515705,mfh,43179.60460429989,47977.3384492221,53974.50575537486,r1,-7742.374910665108,-330813.70960562467,-323071.3346949596,0.23481765426596474
741,w160032147,237.48158785337583,mfh,32014.72814949744,35571.92016610827,40018.4101868718,r1,-5740.442282135898,-265137.43087082024,-259396.98858868435,0.23481765426596474
742,w160032148,183.97369813346305,th,23560.800292201195,26178.66699133466,29451.000365251493,r1,-4224.599801901946,-192449.80206802677,-188225.20226612483,0.23481765426596474
743,w160032149,343.71558685973287,mfh,34361.6584028396,38179.620447599555,42952.0730035495,r1,-6161.261649915559,-262908.9375181796,-256747.67586826402,0.23481765426596474
744,w160032150,136.78365420317277,mfh,19017.245100468906,21130.27233385434,23771.556375586133,r1,-3409.9117554489408,-161437.76133059515,-158027.84957514622,0.23481765426596474
745,w160032151,156.68413198292254,mfh,18994.198311231074,21104.66479025675,23742.74788903884,r1,-3405.7793210646623,-189753.7262690814,-186347.94694801676,0.23481765426596474
746,w160032152,131.687454425171,th,16816.435705141692,18684.928561268545,21020.544631427114,r1,-3015.2927773066385,-66166.55504582607,-63151.26226851943,0.23481765426596474
747,w160032153,131.7784823913127,mfh,14664.81319433541,16294.236882594898,18331.01649291926,r1,-2629.4933171784205,-107028.90887622515,-104399.41555904673,0.23481765426596474
748,w160032155,131.65618118494749,mfh,16155.971644692994,17951.079605214436,20194.96455586624,r1,-2896.867413807484,-127523.87905303326,-124627.01163922578,0.23481765426596474
749,w160032156,597.6746075108182,mfh,62825.58869422202,69806.20966024668,78531.98586777752,r2,-10369.724711803437,-469107.1472031169,-458737.4224913135,0.21615529047714133
750,w160032157,145.99030133634804,mfh,18497.65764028637,20552.95293365152,23122.072050357958,r1,-3316.74645316146,-241730.71771978238,-238413.9712666209,0.23481765426596474
751,w160032158,192.3817300193943,mfh,24447.84564861781,27164.27294290868,30559.807060772262,r1,-4383.652618042326,-189544.59571468717,-185160.94309664483,0.23481765426596474
752,w160032159,156.72131929650496,mfh,19753.449044420944,21948.276716023272,24691.81130552618,r1,-3541.9177568243995,-151519.55062134177,-147977.63286451736,0.23481765426596474
753,w160032160,462.61881872685626,other,21516.45961733097,23907.177352589966,26895.57452166371,nr1,-3605.326826016638,-213964.0606744327,-210358.73384841604,0.23480828508684387
754,w160032161,876.0951372385025,trade,41598.98809684389,46221.0978853821,51998.73512105486,nr1,-6970.382227747848,-152962.9436726436,-145992.56144489575,0.23480828508684387
755,w160032162,197.75498196221892,mfh,21819.024375477275,24243.36041719697,27273.78046934659,r1,-3912.2884159773726,-172373.5514955165,-168461.26307953912,0.23481765426596474
756,w160032163,355.37988740094,mfh,43004.925360010486,47783.25040001165,53756.1567000131,r1,-7711.053822600639,-319978.03309586813,-312266.9792732675,0.23481765426596474
757,w160032164,218.83437259588393,mfh,24626.450963512878,27362.723292792085,30783.063704391097,r1,-4415.67767528005,-199833.51877310907,-195417.84109782902,0.23481765426596474
758,w160032165,192.38173281145282,mfh,24614.11645560697,27349.018284007743,30767.645569508713,r1,-4413.466020369792,-188388.38466954153,-183974.91864917174,0.23481765426596474
759,w160032166,5513.669180350005,other,296885.1769801247,329872.41886680527,371106.47122515587,nr2,-45794.65531595211,-2308498.4842277355,-2262703.8289117836,0.21615529047714133
760,w160032167,119.51807446111924,mfh,13433.338114289052,14925.931238098947,16791.672642861315,r1,-2408.682083489848,-110329.41779158366,-107920.73570809381,0.23481765426596474
761,w160032168,107.41719602905214,th,13873.999853026246,15415.555392251383,17342.499816282805,r1,-2487.6955071039483,-54589.14071192645,-52101.4452048225,0.23481765426596474
763,w160032170,37.81535124108195,sfh,4769.791538029326,5299.76837558814,5962.239422536657,r0,-1049.4597158627487,-63498.643351240506,-62449.183635377754,0.28813869366260303
764,w160032171,82.13437312801835,th,9646.465808249995,10718.295342499994,12058.082260312494,r1,-1729.6720415764569,-87000.55857891352,-85270.88653733706,0.23481765426596474
765,w160032172,100.39566505721304,th,14312.979822175337,15903.310913528152,17891.22477771917,r1,-2566.4073788445717,-134818.60622186385,-132252.1988430193,0.23481765426596474
766,w160032173,119.7984774223063,mfh,12295.751901574888,13661.94655730543,15369.689876968609,r1,-2204.7057147215332,-97098.90278736768,-94894.19707264614,0.23481765426596474
767,w160032174,119.65868240431882,mfh,13051.979082176204,14502.19898019578,16314.973852720253,r1,-2340.302008469614,-101389.77852700706,-99049.47651853744,0.23481765426596474
768,w160032175,69.26172256879508,th,7386.415528105403,8207.128364561559,9233.019410131752,r1,-1324.4307998794304,-81950.2363316492,-80625.80553176977,0.23481765426596474
769,w160032176,103.52918697646818,th,13372.589931875937,14858.433257639928,16715.73741484492,r1,-2397.7895519881354,-119339.692610989,-116941.90305900086,0.23481765426596474
770,w160032177,62.96843930834439,th,7111.322358229594,7901.469286921771,8889.152947786992,r1,-1275.1048628760677,-27980.465689322325,-26705.360826446256,0.23481765426596474
771,w160032178,300.84989367914386,mfh,31793.30178992664,35325.89087769627,39741.6272374083,r1,-5700.739142039749,-264054.1142521528,-258353.37511011303,0.23481765426596474
772,w160127708,318.335366258584,mfh,40928.439383668316,45476.04375963146,51160.54922958539,r1,-7338.726816068054,-340338.5884821971,-332999.861666129,0.23481765426596474
773,w160127710,130.057766958978,mfh,19160.41845180246,21289.353835336067,23950.523064753073,r1,-3435.5836385844887,-75389.27418517234,-71953.69054658785,0.23481765426596474
774,w160127712,149.28690248169005,mfh,19893.976263748034,22104.41807083115,24867.470329685042,r1,-3567.115171834431,-173259.9431005202,-169692.8279286858,0.23481765426596474
775,w160127717,149.4986190713942,mfh,20018.073736971855,22242.30415219095,25022.59217121482,r1,-3589.3666299468878,-173764.6768869472,-170175.31025700032,0.23481765426596474
776,w160127718,161.62649620659647,mfh,19998.168014560528,22220.18668284503,24997.710018200658,r1,-3585.797408616853,-173104.56735093088,-169518.76994231404,0.23481765426596474
777,w160127719,242.7560603125021,mfh,26016.569220877962,28907.299134308847,32520.71152609745,r1,-4664.934629282106,-206276.3836008774,-201611.4489715953,0.23481765426596474
778,w164087844,70.24407002975931,other,5531.1032271675895,6145.670252408432,6913.879033959486,nr1,-926.7990736873913,-82239.50537309775,-81312.70629941036,0.23480828508684387
779,w164087850,88.49543042890728,other,9571.515035104732,10635.016705671924,11964.393793880914,nr1,-1603.8158942230898,-135402.81405536772,-133798.99816114464,0.23480828508684387
780,w164087857,77.59434223277493,other,5732.685063821826,6369.65007091314,7165.856329777282,nr1,-960.5763965487151,-78015.40570331861,-77054.8293067699,0.23480828508684387
786,w164088149,49.229225591477004,other,5037.637509600219,5597.37501066691,6297.046887000274,nr1,-844.1132963380284,-76839.3507575625,-75995.23746122447,0.23480828508684387
788,w164088153,80.69597001839429,other,6314.859681225849,7016.51075691761,7893.574601532311,nr1,-1058.1263561090723,-100484.27201712778,-99426.1456610187,0.23480828508684387
791,w164088159,54.065223559696456,other,5119.410322922457,5688.233692136064,6399.262903653072,nr1,-857.8152585917092,-71089.07366208787,-70231.25840349616,0.23480828508684387
793,w164088169,56.479432658094446,other,4565.7132450906565,5073.014716767396,5707.14155636332,nr0,-938.0641011951375,-76739.28237315286,-75801.21827195772,0.2879144579756441
795,w164088175,32.08830586867407,other,2825.594723491785,3139.54969276865,3531.993404364731,nr0,-580.5421480387814,-48694.60242183318,-48114.0602737944,0.2879144579756441
799,w164088182,35.81288355943252,other,2845.4381235960636,3161.597915106737,3556.7976544950793,nr0,-584.6191411139577,-49451.16242125459,-48866.54328014063,0.2879144579756441
800,w359788107,586.4023264580406,other,46109.15580262688,51232.39533625209,57636.4447532836,nr1,-7726.111976446646,-439882.776007289,-432156.66403084237,0.23480828508684387
801,w377595955,68.13203878551721,other,5269.498540512313,5854.998378347015,6586.873175640391,nr1,-882.9642415921409,-19376.384987033296,-18493.420745441155,0.23480828508684387
802,w377595956,85.03076633159071,other,6722.920315991011,7469.911462212234,8403.650394988763,nr1,-1126.5015432599923,-90574.71897938295,-89448.21743612296,0.23480828508684387
805,w377595969,38.68702136902139,other,3090.1691164444,3433.521240493778,3862.7113955555,nr0,-634.9011773517175,-49618.48470683652,-48983.5835294848,0.2879144579756441
814,w377595984,35.49371746703982,other,2841.029831970761,3156.699813300845,3551.287289963451,nr0,-583.7134206056138,-41694.18404019636,-41110.47061959074,0.2879144579756441
818,w377595990,36.364706988167015,other,2791.57936980043,3101.754855333811,3489.474212250537,nr0,-573.5534081695778,-39564.21800966155,-38990.66460149197,0.2879144579756441
819,w377595993,54.98309161569923,other,4220.0307815631595,4688.923090625733,5275.038476953949,nr0,-867.040738132089,-58850.70440328175,-57983.66366514966,0.2879144579756441
823,w377596001,68.93592455182224,other,4836.798385703419,5374.220428559354,6045.997982129273,nr0,-993.7608182523691,-68314.31360513435,-67320.55278688198,0.2879144579756441
825,w377596004,35.535723760165276,other,2630.7606042728767,2923.067338080974,3288.450755341096,nr0,-540.5118432175676,-43555.42315906816,-43014.91131585059,0.2879144579756441
827,w377596008,41.66994294051546,other,3243.63691899437,3604.041021104855,4054.546148742962,nr0,-666.4324252714654,-50404.78498650524,-49738.352561233776,0.2879144579756441
831,w377596012,33.714099188242116,other,2925.7385905314077,3250.8206561460083,3657.1732381642596,nr0,-601.1175459190009,-45808.5572335086,-45207.439687589605,0.2879144579756441
836,w377596021,41.97082374822348,other,3488.321395519886,3875.9126616887625,4360.401744399857,nr0,-716.7049043403416,-49324.30703813923,-48607.60213379889,0.2879144579756441
838,w377596023,32.13139781658538,other,2490.0711216668888,2766.7456907409874,3112.5889020836107,nr0,-511.60600836464425,-41269.5816387449,-40757.97563038026,0.2879144579756441
844,w377596038,30.39147779517807,other,2398.685899783123,2665.2065553145812,2998.357374728904,nr0,-492.83014763333586,-10815.009514474734,-10322.179366841397,0.2879144579756441
847,w377596043,50.74534401865676,other,3919.317771017566,4354.797523352851,4899.1472137719575,nr0,-805.2567265631509,-55334.04946902181,-54528.79274245866,0.2879144579756441
848,w377596044,31.44567816138733,other,2904.869813374752,3227.633125971947,3631.08726671844,nr0,-596.829880523556,-42154.92137163758,-41558.09149111403,0.2879144579756441
861,w377596072,32.00744857888203,other,2718.9974702297686,3021.108300255298,3398.7468377872106,nr0,-558.640847803024,-44076.241923968715,-43517.601076165694,0.2879144579756441
863,w377596074,30.798605113010854,other,2855.316162411527,3172.5735137905854,3569.1452030144083,nr0,-586.6486670840702,-44950.867470995654,-44364.218803911586,0.2879144579756441
877,w377596096,31.32093481458723,other,2660.043472138398,2955.603857931553,3325.0543401729974,nr0,-546.5282541593242,-39161.31071138475,-38614.782457225425,0.2879144579756441
882,w377596101,34.10184732507914,other,2734.2308274665847,3038.0342527406497,3417.788534333231,nr0,-561.7706688840794,-42095.43253185442,-41533.661862970344,0.2879144579756441
886,w377596106,35.077698366669935,other,2779.2898943774467,3088.099882641607,3474.112367971808,nr0,-571.0284323119247,-41650.054795537784,-41079.02636322586,0.2879144579756441
893,w377596115,40.14825235735625,other,3192.6172371227067,3547.352485691896,3990.771546403383,nr0,-655.9500034790618,-50455.44967868749,-49799.499675208426,0.2879144579756441
895,w377596117,32.339281557500364,other,2797.665055321845,3108.5167281353833,3497.081319152306,nr0,-574.8037633303933,-43298.16195995725,-42723.35819662686,0.2879144579756441
899,w377596123,32.752713098051025,other,2913.410473739367,3237.1227485992963,3641.7630921742084,nr0,-598.5846308678007,-46943.68801043142,-46345.10337956362,0.2879144579756441
901,w377596125,37.63718191203661,other,2922.0877489035165,3246.7641654483514,3652.6096861293954,nr0,-600.367449869067,-45248.0665239249,-44647.69907405583,0.2879144579756441
909,w377596135,73.15242530554532,other,5088.204744337678,5653.560827041864,6360.255930422097,nr1,-852.5864099988647,-65968.86745358203,-65116.28104358317,0.23480828508684387
916,w377596142,40.572792674647644,other,3113.8461841117532,3459.8290934575034,3892.3077301396916,nr0,-639.7658295994675,-49264.33195375197,-48624.5661241525,0.2879144579756441
917,w377596143,37.61386710904771,other,2745.329396719578,3050.3659963550867,3431.6617458994724,nr0,-564.0509630751471,-44158.049172361985,-43593.99820928684,0.2879144579756441
918,w377596145,32.806498026452026,other,2693.449218590027,2992.721353988919,3366.811523237534,nr0,-553.3917451053655,-38880.67217973295,-38327.28043462759,0.2879144579756441
919,w377596147,34.850180151499806,other,2595.9189583634725,2884.354398181636,3244.8986979543406,nr0,-533.3533346780075,-11704.278678606768,-11170.92534392876,0.2879144579756441
929,w377596159,36.51154847629368,other,2488.2164818409556,2764.684979823284,3110.2706023011942,nr0,-511.22495704846153,-40505.31018763873,-39994.085230590266,0.2879144579756441
931,w377596161,32.13265920560807,other,2649.7963962137605,2944.2182180152895,3312.2454952672006,nr0,-544.4229064182107,-42302.405995467874,-41757.98308904967,0.2879144579756441
934,w377596166,38.724472055921794,other,2981.905002903568,3313.227781003964,3727.38125362946,nr0,-612.6574066835592,-13444.582711132673,-12831.925304449112,0.2879144579756441
935,w377596167,41.94859704792034,other,3114.8432704850466,3460.9369672056073,3893.554088106308,nr0,-639.9706893623058,-51921.59090054844,-51281.620211186135,0.2879144579756441
936,w377596168,31.29673577034846,other,2563.979256552608,2848.865840614009,3204.97407069076,nr0,-526.7910549063057,-40111.9185726736,-39585.127517767294,0.2879144579756441
937,w377596169,36.7579496475868,other,3082.2442820121273,3424.7158689023636,3852.805352515159,nr0,-633.2729536132197,-44513.0153472017,-43879.74239358848,0.2879144579756441
940,w379327852,945.496160332486,other,38030.77627777757,42256.41808641952,47538.47034722196,nr1,-6372.487870544801,-509402.39380229864,-503029.90593175386,0.23480828508684387
941,w379327862,94.51021252730861,other,9084.066665311519,10093.407405901688,11355.083331639398,nr1,-1522.1383917357382,-121612.74562129032,-120090.60722955457,0.23480828508684387
942,w387435839,3594.435384737421,other,196483.33588232234,218314.8176470248,245604.1698529029,nr2,-30307.631837953864,-1650316.289317916,-1620008.657479962,0.21615529047714133
943,w387435840,942.2609318409114,other,56823.35165188755,63137.05739098616,71029.18956485944,nr2,-8765.024341277689,-582544.3930147318,-573779.3686734542,0.21615529047714133
944,w390787314,132.5826213063672,other,9844.203167691367,10938.003519657073,12305.253959614207,nr1,-1649.5078833809662,-110009.5927638643,-108360.08488048334,0.23480828508684387
945,w390787315,330.5195846647024,other,28537.57339615315,31708.414884614613,35671.966745191436,nr1,-4781.794065771701,-276853.0127992745,-272071.21873350284,0.23480828508684387
946,w390787316,150.59577141329646,other,12304.720854223664,13671.912060248515,15380.90106777958,nr1,-2061.795526372099,-45245.48334085599,-43183.68781448389,0.23480828508684387
947,w390789514,104.66224040389062,trade,10397.319493968453,11552.577215520503,12996.649367460564,nr1,-1742.188796714324,-220079.36800482663,-218337.1792081123,0.23480828508684387
948,w390789515,335.6007874913513,trade,25636.797863414322,28485.330959349245,32045.997329267902,nr1,-4295.736227705621,-210728.89024720818,-206433.15401950257,0.23480828508684387
949,w390790006,38.98714106846601,trade,2776.3285059702725,3084.8094510780807,3470.4106324628406,nr0,-570.4199902120068,-71062.07407230273,-70491.65408209072,0.2879144579756441
950,w390793102,268.1788772383239,sfh,30059.790808766775,33399.76756529642,37574.738510958465,r1,-5389.909711087569,-230631.288406305,-225241.37869521743,0.23481765426596474
951,w390793103,629.0808588726446,th,87553.79058492262,97281.98953880291,109442.23823115327,r2,-14451.256640974932,-630758.8738427234,-616307.6172017485,0.21615529047714133
952,w390793104,761.76513240356,mfh,80676.55852455663,89640.6205828407,100845.69815569579,r2,-13316.12993977869,-533198.0963782578,-519881.96643847914,0.21615529047714133
953,w390793105,324.12222724705936,th,47118.253767594215,52353.615297326905,58897.817209492765,r1,-8448.59949848279,-405775.1910865435,-397326.5915880607,0.23481765426596474
954,w390793106,1475.9963392082602,mfh,145242.0290743921,161380.03230488012,181552.53634299012,r2,-23973.032157575522,-793494.3356916442,-769521.3035340687,0.21615529047714133
955,w390793107,895.6360460046678,mfh,90245.7910168643,100273.10112984922,112807.23877108037,r2,-14895.586793441269,-326863.67006406374,-311968.0832706225,0.21615529047714133
956,w390793108,286.70933025064875,mfh,25575.074405456515,28416.749339396127,31968.843006820643,r1,-4585.771829774503,-179713.25093327652,-175127.479103502,0.23481765426596474
957,w390793793,117.72837251536548,mfh,12242.925925452717,13603.251028280796,15303.657406815895,r1,-2195.2336846761505,-106289.11194430488,-104093.87825962873,0.23481765426596474
958,w390794364,96.81251710766227,sfh,13040.642047928714,14489.602275476347,16300.802559910891,r1,-2338.2692068651645,-156958.89601359703,-154620.62680673186,0.23481765426596474
959,w475684695,267.0884538785554,mfh,32327.72471892473,35919.69413213859,40409.65589865591,r1,-5796.564537271526,-261288.27315309906,-255491.70861582752,0.23481765426596474
960,w620369477,3702.806372543797,other,329831.05954184383,366478.95504649315,412288.8244273048,nr2,-50876.57065891572,-1116471.056777536,-1065594.4861186203,0.21615529047714133
961,w620369478,20480.360502976928,other,1687025.1117225294,1874472.3463583658,2108781.3896531616,nr2,-260224.2870005626,-5710543.7914531585,-5450319.5044525955,0.21615529047714133
962,w993163452,1412.2592688187956,other,69902.24125333331,77669.15694814813,87377.80156666663,nr2,-10782.448206308498,-661604.9130659641,-650822.4648596556,0.21615529047714133
963,w993163453,1066.3710880815981,other,51293.74656664398,56993.051740715535,64117.183208304974,nr2,-7912.080582051147,-477955.01173218706,-470042.93115013593,0.21615529047714133
964,w993163454,1257.084109787643,other,59883.17288306017,66536.85875895574,74853.96610382521,nr2,-9237.002969632593,-539682.3498347767,-530445.3468651441,0.21615529047714133
965,w993163455,1355.0658122852444,mfh,137933.86271477625,153259.84746086248,172417.3283934703,r2,-22766.77727206819,-499586.38608020294,-476819.60880813474,0.21615529047714133
966,w993163456,1286.649396429956,mfh,130250.32129646631,144722.5792182959,162812.90162058288,r2,-21498.564574413973,-845560.0401635863,-824061.4755891723,0.21615529047714133
967,w993163457,923.1744978809729,ab,96260.7750734298,106956.41674825533,120325.96884178725,r2,-15888.394502988564,-629225.9355707275,-613337.5410677389,0.21615529047714133
968,w993163458,923.3917086940259,ab,96786.7143031862,107540.7936702069,120983.39287898275,r2,-15975.203797434751,-625928.4941390568,-609953.290341622,0.21615529047714133
969,w993163460,1313.604391914094,ab,125644.15428679457,139604.6158742162,157055.1928584932,r2,-20738.290220291132,-829036.9555465457,-808298.6653262546,0.21615529047714133
970,w993163461,1099.8535498690792,ab,118342.74284405124,131491.93649339027,147928.42855506405,r2,-19533.15027265984,-786122.837914179,-766589.6876415191,0.21615529047714133
971,w993164648,226.1375619597733,ab,25333.36690212359,28148.18544680399,31666.708627654487,r1,-4542.4321529369345,-258837.72095743543,-254295.2888044985,0.23481765426596474
972,w993164649,158.37299746889622,other,12554.80104281894,13949.778936465487,15693.501303523673,nr1,-2103.699298118619,-147690.4119545277,-145586.71265640907,0.23480828508684387
973,w993164650,163.5844805765897,other,11822.83966197053,13136.48851330059,14778.549577463164,nr1,-1981.050867618681,-135212.17903495932,-133231.12816734065,0.23480828508684387
974,w993164651,162.24389737509188,other,11008.365752407117,12231.517502674575,13760.457190508896,nr1,-1844.576527161927,-127093.53519119577,-125248.95866403384,0.23480828508684387
975,w993164652,173.63842588849366,other,12537.52789010725,13930.586544563612,15671.909862634062,nr1,-2100.8049854877822,-144678.2423233363,-142577.43733784853,0.23480828508684387
976,w1006795433,259.34726619906723,mfh,31206.31317629144,34673.68130699049,39007.8914703643,r1,-5595.488388664329,-235124.67084624324,-229529.18245757892,0.23481765426596474
977,w1006849999,188.95288848243652,other,12692.659037467965,14102.954486075516,15865.823796834957,nr1,-2126.7989685629445,-146586.42093267496,-144459.621964112,0.23480828508684387
978,w1007159125,240.08975319266318,education,18188.745430473453,20209.717144970502,22735.931788091813,nr1,-3047.7305745622457,-195583.9694853094,-192536.23891074717,0.23480828508684387
979,w1007160095,265.99824453517795,sfh,29700.45869061807,33000.5096562423,37125.57336327258,r1,-5325.479200395175,-242317.3299525288,-236991.8507521336,0.23481765426596474
980,w1007176059,713.9090096209663,trade,44584.74507920726,49538.60564356363,55730.93134900908,nr1,-7470.679671469051,-465637.6344387745,-458166.95476730546,0.23480828508684387
981,w1029411791,412.32884333096445,trade,24243.8769969841,26937.64110776011,30304.846246230125,nr1,-4062.336539486739,-272972.2830405159,-268909.9465010292,0.23480828508684387
982,w1030080397,647.4037659055554,other,30520.396752890152,33911.551947655724,38150.49594111269,nr1,-5114.038606297231,-362915.1337178349,-357801.09511153767,0.23480828508684387
983,w1030080398,123.65970464986749,other,6312.042173885407,7013.380193206007,7890.052717356758,nr1,-1057.6542508009659,-76183.95508435243,-75126.30083355148,0.23480828508684387
984,w1030080399,86.80603968682699,other,6773.282403048039,7525.869336720043,8466.603003810047,nr1,-1134.9402821004023,-86692.98181263426,-85558.04153053385,0.23480828508684387
985,w1036126248,1409.4026292502879,trade,62527.62490135226,69475.13877928029,78159.53112669032,nr2,-9644.910733533408,-636850.0349965342,-627205.1242630008,0.21615529047714133
986,w1036126249,536.9865712554193,mfh,58786.42745363585,65318.25272626206,73483.0343170448,r2,-9703.037920608802,-414736.0044731089,-405032.9665525001,0.21615529047714133
987,w1036126250,784.2879224468953,mfh,83022.8157791949,92247.57308799434,103778.51972399362,r2,-13703.39319252889,-531601.5962017885,-517898.20300925965,0.21615529047714133
988,w1036126251,422.468481163308,mfh,52845.09736255475,58716.77484728305,66056.37170319344,r2,-8722.387221634432,-396356.68588682887,-387634.2986651944,0.21615529047714133
989,w1036680208,878.3984476357698,mfh,87023.10356131091,96692.33729034546,108778.87945163864,r2,-14363.663695849278,-590061.0811466275,-575697.4174507783,0.21615529047714133
990,w1075387093,82.43980132825672,other,6640.5639729472905,7378.404414385878,8300.704966184112,nr1,-1112.7018039836946,-83680.41098831268,-82567.70918432898,0.23480828508684387
991,w1075387094,82.56877346616238,other,5523.9930738652965,6137.770082072551,6904.99134233162,nr1,-925.6076868656858,-55655.84192771464,-54730.23424084895,0.23480828508684387
992,w1075387095,130.11354850369972,other,4922.185612555075,5469.095125061194,6152.732015693843,nr0,-1011.3043405697794,-56793.96964352619,-55782.665302956404,0.2879144579756441
993,w1075387096,86.78853361294604,other,5651.038189360073,6278.931321511192,7063.797736700091,nr1,-946.8955367793752,-58266.812726199394,-57319.91718942002,0.23480828508684387
994,w1075387097,130.27800867820625,other,5001.394598025604,5557.105108917338,6251.743247532005,nr1,-838.040385474586,-53749.40220883836,-52911.36182336377,0.23480828508684387
995,w1075387098,130.18280181584413,other,4914.504272727153,5460.56030303017,6143.1303409089405,nr0,-1009.7261448411269,-56573.375956017095,-55563.649811175965,0.2879144579756441
996,w1075387099,86.85200681062415,other,7574.079042728552,8415.643380809503,9467.598803410689,nr1,-1269.1228408750173,-91073.75351078519,-89804.63066991017,0.23480828508684387
997,w1107949539,145.45949292609,other,7234.128086910359,8037.920096567066,9042.660108637949,nr1,-1212.1602028602524,-26600.49144711557,-25388.331244255318,0.23480828508684387
998,w1107949540,113.13991883732378,other,8157.082843669978,9063.42538185553,10196.353554587471,nr1,-1366.8117395407967,-93010.12505570543,-91643.31331616464,0.23480828508684387
999,w1108636740,113.13954655230044,other,8437.78627390423,9375.318082115811,10547.232842380286,nr1,-1413.8467827206362,-95169.85235568591,-93756.00557296528,0.23480828508684387
1000,w1108636741,169.70950587596744,other,6388.827258846157,7098.696954273508,7986.034073557696,nr1,-1070.5204626020923,-66737.67859951222,-65667.15813691013,0.23480828508684387
1001,w1108636742,113.35190696045755,other,7307.257952288273,8119.1755025425255,9134.072440360342,nr1,-1224.4139411666047,-73684.9096354701,-72460.49569430349,0.23480828508684387
1002,w1108636743,97.02220907397567,other,8465.714383767012,9406.34931529668,10582.142979708764,nr1,-1418.5264542594955,-94695.18098861452,-93276.65453435502,0.23480828508684387
1003,w1108636744,97.02139693088829,other,6248.685707876577,6942.984119862863,7810.857134845721,nr1,-1047.0381563985552,-65189.56433849678,-64142.52618209822,0.23480828508684387
1004,w1108636745,97.02220705058426,other,6051.606396825816,6724.00710758424,7564.507996032269,nr1,-1014.0152827650201,-61734.210024473185,-60720.19474170816,0.23480828508684387
1005,w1108636746,96.97299731615931,other,6049.968200571248,6722.186889523609,7562.46025071406,nr1,-1013.7407844038626,-61700.79091585552,-60687.05013145166,0.23480828508684387
1006,w1108636747,96.97299630921333,other,6204.737122419419,6894.152358243799,7755.921403024274,nr1,-1039.6740724864162,-64242.28482754216,-63202.61075505574,0.23480828508684387
1007,w1108636748,93.15071205198764,other,7049.813241953456,7833.125824392729,8812.266552441819,nr1,-1181.2761602819387,-79204.03770478409,-78022.76154450215,0.23480828508684387
1008,w1108636749,139.88183319568634,other,5418.6318681190805,6020.702075687867,6773.28983514885,nr1,-907.9532219465444,-58977.11260316689,-58069.15938122034,0.23480828508684387
1009,w1108636750,139.7263257611543,other,5255.293421448891,5839.2149127209905,6569.116776811114,nr1,-880.5840127934929,-56667.22009692484,-55786.63608413134,0.23480828508684387
1010,w1108636751,139.8837134392932,other,5137.657930030147,5708.508811144608,6422.072412537684,nr1,-860.8728521078365,-53515.941367373656,-52655.06851526582,0.23480828508684387
1011,w1108636752,93.1510556358844,other,5632.758798770266,6258.620887522518,7040.9484984628325,nr1,-943.8326175803642,-58091.544532904125,-57147.71191532376,0.23480828508684387
1012,w1108636753,93.25489941500128,other,5561.032789158997,6178.925321287774,6951.290986448746,nr1,-931.8141112287734,-58106.30627562796,-57174.49216439919,0.23480828508684387
1013,w1108636754,139.72684112749994,other,6793.787494520834,7548.652771689815,8492.234368151043,nr1,-1138.3761427239247,-84827.04844139618,-83688.67229867226,0.23480828508684387
1014,w1159236388,245.9913005110109,other,17161.798074090097,19068.664526766774,21452.24759261262,nr1,-2875.6538984396775,-235135.19417439678,-232259.5402759571,0.23480828508684387
1015,w1159236389,122.96537718712352,other,11214.556910810714,12460.618789789682,14018.19613851339,nr1,-1879.126194156452,-159394.8620001531,-157515.73580599666,0.23480828508684387
1016,w1159236390,245.9301320978673,other,9422.640053648083,10469.600059608982,11778.300067060103,nr1,-1578.8702026960295,-169862.90199853285,-168284.0317958368,0.23480828508684387
1017,w1219742100,99.15745026543736,other,6796.05397685548,7551.171085394977,8495.06747106935,nr1,-1138.7559175431616,-84601.48923740462,-83462.73331986145,0.23480828508684387
1018,w1219742101,534.7382739499211,other,26665.5596979286,29628.399664365108,33331.94962241074,nr1,-4468.1169402169335,-307337.5844011181,-302869.4674609012,0.23480828508684387
1019,w1219742102,331.85329187787136,other,16686.177045042114,18540.19671671346,20857.72130630264,nr1,-2795.958201027491,-189758.06378023294,-186962.10557920544,0.23480828508684387
1020,w1219742103,321.63751182574777,other,17114.566871985295,19016.185413316995,21393.208589981616,nr1,-2867.739774880228,-197978.91898670173,-195111.1792118215,0.23480828508684387
1021,w1219742104,906.7466930493712,other,37559.58202112246,41732.868912358295,46949.477526403076,nr1,-6293.5339290508555,-446939.9842412284,-440646.45031217753,0.23480828508684387
1022,w1219742105,1260.638449399173,ab,128554.44727096538,142838.2747455171,160693.0590887067,r2,-21218.650813861186,-877606.8080514168,-856388.1572375556,0.21615529047714133
1023,w1219929093,501.3837405549362,other,33138.81990165809,36820.91100184232,41423.52487707261,nr1,-5552.7851002841935,-378556.4109383276,-373003.6258380434,0.23480828508684387
1024,w1242595698,177.05818741209805,other,9156.077890481276,10173.419878312528,11445.097363101595,nr1,-1534.2046891887692,-111292.2873127596,-109758.08262357082,0.23480828508684387
1025,w1242595699,175.70056665593293,other,9159.768067274865,10177.52007474985,11449.71008409358,nr1,-1534.8230201606527,-110747.08794004533,-109212.26491988468,0.23480828508684387
