,full_id,NFA,building_usage,yearly_demand_useful_unrenovated,yearly_demand_delivered_unrenovated,yearly_demand_delivered_unrenovated_DH,consumer_size_unrenovated,npv_Gas_25years_ir_0.05,npv_DH_25years_ir_0.05,savings_npv_25years_ir_0.05,operator_selling_price
0,w24853838,27974.42320393324,trade,3368360.1466045496,3742622.385116166,4210450.183255686,nr2,-5195708.774105346,-7591264.012796937,-2395555.2386915907,0.15398885992537178
1,w24853840,937.1926232803613,trade,270688.823253195,300765.35917021666,338361.0290664937,nr2,-417538.5745038599,-610050.6576470827,-192512.0831432228,0.15398885992537178
2,w24853841,8998.296452549099,trade,1189609.3568609958,1321788.1742899953,1487011.6960762446,nr2,-1834977.1117649244,-2681019.340858979,-846042.2290940548,0.15398885992537178
3,w25538793,404.8852469230536,trade,112752.73275817276,125280.81417574751,140940.91594771593,nr2,-173921.53374292093,-254110.52419511817,-80188.99045219723,0.15398885992537178
4,w27689586,5481.69515059907,office,239232.2588022705,265813.6208914117,299040.3235028381,nr2,-369016.70011770434,-539157.0847245893,-170140.3846068849,0.15398885992537178
5,w28994179,16672.165487814695,other,602602.7887910821,669558.6542123135,753253.4859888526,nr2,-929517.1717841114,-1358084.2503353218,-428567.07855121035,0.15398885992537178
6,w28994181,2845.002712316811,trade,324149.90597616514,360166.56219573907,405187.3824702064,nr2,-500002.504869771,-730535.7529742985,-230533.24810452753,0.15398885992537178
7,w29249266,23411.247439788887,trade,2697249.5326306587,2996943.9251451762,3371561.915788323,nr2,-4160518.012531257,-6078783.864971412,-1918265.8524401556,0.15398885992537178
8,w30213059,1747.46707642246,ab,354664.9280794791,394072.1423105323,443331.1600993488,r2,-585394.8598899484,-855258.8907080259,-269864.0308180775,0.15398885992537178
9,w50930444,8762.936898044496,other,1082817.2797117848,1203130.310790872,1353521.599639731,nr2,-1670249.912742452,-2440342.329841661,-770092.4170992088,0.15398885992537178
10,w50930445,4934.112452852726,other,664237.6418930636,738041.8243256261,830297.0523663294,nr2,-1024589.1751075892,-1496990.549520326,-472401.37441273686,0.15398885992537178
11,w50930458,1974.6456010334193,other,337265.1957843652,374739.10642707243,421581.49473045644,nr2,-520232.89098216186,-760093.6456001074,-239860.75461794552,0.15398885992537178
12,w50930471,4724.4749339554455,other,805986.2955036239,895540.3283373598,1007482.8693795298,nr2,-1243237.0308080602,-1816449.1009169074,-573212.0701088472,0.15398885992537178
13,w50930472,9715.957844087014,other,1058464.4972369291,1176071.663596588,1323080.6215461614,nr2,-1632685.6499939947,-2385458.5308514615,-752772.8808574667,0.15398885992537178
14,w50930478,6019.835157379508,trade,680901.6527717811,756557.3919686456,851127.0659647263,nr2,-1050293.4774285918,-1534546.1850778786,-484252.70764928684,0.15398885992537178
15,w50930479,4489.048651921749,other,605573.605365519,672859.5615172433,756967.0067068987,nr2,-934099.6680345847,-1364779.5714911893,-430679.9034566046,0.15398885992537178
16,w50930480,4441.97852948606,other,571805.8128687943,635339.7920764381,714757.2660859928,nr2,-882012.7152975801,-1288677.1902685692,-406664.47497098905,0.15398885992537178
17,w50930481,1370.623297881335,other,219388.45256825408,243764.94729806008,274235.5657103176,nr2,-338407.55095482233,-494435.1531066013,-156027.602151779,0.15398885992537178
18,w50930482,1573.369959426485,other,231580.2187222324,257311.35413581377,289475.2734027905,nr2,-357213.39819830074,-521911.70300891116,-164698.30481061043,0.15398885992537178
19,w50930483,704.9254127380437,other,154144.6310888841,171271.81232098234,192680.78886110513,nr2,-237768.69971492764,-347395.3317997986,-109626.63208487094,0.15398885992537178
20,w50930486,509.32494937628496,trade,106076.66272902593,117862.95858780658,132595.82841128242,nr2,-163623.66946556754,-239064.6835030942,-75441.01403752665,0.15398885992537178
21,w98916060,2713.01504517002,other,226605.19701500298,251783.55223889218,283256.4962687537,nr2,-349539.40764783276,-510699.5102488689,-161160.10260103614,0.15398885992537178
22,w98916062,151.14776481509907,trade,44628.266224654115,49586.962471837905,55785.33278081764,nr1,-74779.72132959885,-109257.97270346727,-34478.25137386842,0.16727723870065767
23,w98916065,222.67857759937178,other,74365.24956076973,82628.05506752193,92956.56195096216,nr2,-114708.68993059207,-167596.75872617154,-52888.06879557947,0.15398885992537178
24,w98916067,43210.64675020873,trade,3034378.024269405,3371531.1380771166,3792972.530336756,nr2,-4680540.036831137,-6838569.420813929,-2158029.3839827925,0.15398885992537178
25,w98916074,4745.314506876469,trade,491122.8611791089,545692.0679767877,613903.5764738861,nr2,-757558.944985224,-1106842.2436030372,-349283.29861781315,0.15398885992537178
26,w98916075,67.06430839556852,sfh,14372.556497617988,15969.507219575542,17965.695622022486,r1,-25770.898517721274,-37651.15068307736,-11880.252165356083,0.1672839132965377
27,w98916076,98.82164086105185,sfh,30526.14503843407,33917.93893159341,38157.68129804259,r1,-54735.2996005342,-79967.99225009413,-25232.692649559933,0.1672839132965377
28,w98916079,3334.9361924076916,trade,503916.8562605286,559907.618067254,629896.0703256608,nr2,-777293.7327178841,-1135676.035185385,-358382.3024675009,0.15398885992537178
29,w98916080,2976.303781049745,other,385409.83654958865,428233.15172176517,481762.2956869858,nr2,-594496.188718355,-868597.0902862392,-274100.90156788414,0.15398885992537178
30,w98916086,294.4025758753764,other,84265.32015590335,93628.13350655927,105331.65019487918,nr2,-129979.58776117284,-189908.5206405694,-59928.932879396554,0.15398885992537178
31,w98916091,1116.7099465291947,trade,65522.69205707044,72802.99117452271,81903.36507133805,nr2,-101069.01020281287,-147668.31116198038,-46599.30095916751,0.15398885992537178
32,w98916094,150.05011938810347,trade,46278.56665361178,51420.6296151242,57848.20831701472,nr1,-77544.98685809471,-113298.20313303231,-35753.2162749376,0.16727723870065767
33,w98916098,15131.85493721813,trade,1389797.224493673,1544219.1383263033,1737246.5306170913,nr2,-2143767.6849395363,-3132182.1884215837,-988414.5034820475,0.15398885992537178
34,w98916102,1892.1415951219387,trade,284238.58921225026,315820.65468027804,355298.2365153128,nr2,-438439.1417877663,-640587.7279809911,-202148.58619322482,0.15398885992537178
35,w98916109,81.43322088830173,sfh,38719.86130122445,43022.068112471614,48399.826626530565,r1,-69427.1486342374,-101432.70840659915,-32005.559772361754,0.1672839132965377
36,w98916113,559.2398283889517,trade,173540.7692960107,192823.07699556745,216925.96162001335,nr2,-267687.31918562605,-391108.355214893,-123421.03602926695,0.15398885992537178
37,w98916116,6987.1012714248145,other,1062734.6846249367,1180816.3162499296,1328418.3557811708,nr2,-1639272.4308349062,-2395082.240441767,-755809.8096068609,0.15398885992537178
38,w98916121,458.57296650111675,other,80557.30305057266,89508.1145006363,100696.62881321582,nr2,-124259.95679234069,-181551.7726725983,-57291.81588025762,0.15398885992537178
39,w98916126,1235.1179318586364,trade,194117.59848031573,215686.22053368413,242646.99810039465,nr2,-299427.15913235256,-437482.29864304606,-138055.1395106935,0.15398885992537178
40,w99055014,379.03616306802724,mfh,138482.6158739089,153869.5731932321,173103.2698423861,r2,-228573.52136756424,-333944.7434963836,-105371.22212881935,0.15398885992537178
41,w99055018,363.825429549627,mfh,74738.71105496878,83043.01228329864,93423.38881871097,r2,-123360.54067509662,-180229.11782102069,-56868.577145924064,0.15398885992537178
42,w99055022,32.828185592684896,sfh,8121.358728508361,9023.731920564845,10151.69841063545,r1,-14562.107420004644,-21275.16432369367,-6713.056903689025,0.1672839132965377
43,w99055023,57.57688737055287,sfh,23689.428722857134,26321.58746984126,29611.785903571417,r1,-42476.63689203258,-62058.14884694577,-19581.511954913192,0.1672839132965377
44,w99055025,2922.078992408514,trade,357208.00610134704,396897.78455705225,446510.0076266838,nr2,-550994.7543324071,-805038.7024480066,-254043.94811559946,0.15398885992537178
45,w99055028,168.94065034445376,ab,43794.80756460522,48660.897294005794,54743.50945575652,r1,-78526.84674000934,-114727.32071184476,-36200.473971835425,0.1672839132965377
46,w99055030,502.22660109587014,other,116326.93155687526,129252.14617430585,145408.66444609407,nr2,-179434.74944746352,-262165.6862129099,-82730.93676544636,0.15398885992537178
47,w99055036,2513.4158389533286,other,328535.37354705296,365039.3039411699,410669.2169338162,nr2,-506767.1058461794,-740419.2691961988,-233652.16335001937,0.15398885992537178
48,w99055038,337.97397138923407,other,86262.38089475907,95847.08988306564,107827.97611844883,nr2,-133060.0618054206,-194409.2909437471,-61349.22913832648,0.15398885992537178
49,w99055039,2475.299022556655,other,312686.9164410429,347429.90715671435,390858.64555130363,nr2,-482320.79842720146,-704701.6449366647,-222380.84650946327,0.15398885992537178
50,w99055040,101.95110847079195,trade,35391.70019666166,39324.111329624066,44239.62524582707,nr1,-59302.80743519024,-86645.20809638796,-27342.400661197717,0.16727723870065767
51,w99055041,189.90211718752977,ab,64982.981209910264,72203.31245545585,81228.72651238783,r2,-107258.14753265315,-156703.6039493414,-49445.45641668825,0.15398885992537178
52,w99055043,190.2007592998445,sfh,86320.99151306404,95912.21279229339,107901.23939133005,r2,-142477.760645754,-208159.27824060398,-65681.51759484998,0.15398885992537178
53,w99055048,47.74609960326925,sfh,24285.63485393199,26984.0387265911,30357.04356741499,r1,-43545.67201477638,-63620.003683487506,-20074.33166871113,0.1672839132965377
54,w99055050,194.95880112051967,trade,65308.77244341692,72565.3027149077,81635.96555427114,nr2,-100739.0383573933,-147186.20111611838,-46447.16275872507,0.15398885992537178
55,w99055053,122.33706042193808,ab,49059.40863841541,54510.454042683785,61324.260798019255,r1,-87966.6078591905,-128518.76333718211,-40552.15547799162,0.1672839132965377
56,w99055057,303.91877080444243,ab,87681.8017174346,97424.2241304829,109602.25214679325,r2,-144723.8561456332,-211440.81225682708,-66716.95611119387,0.15398885992537178
57,w99055067,194.8848727118224,sfh,33001.382887256914,36668.203208063234,41251.72860907114,r1,-59173.5568736789,-86452.26338431655,-27278.706510637654,0.1672839132965377
58,w99055068,348.37368724122643,ab,132493.30677667502,147214.7853074167,165616.63347084375,r2,-218687.82226898547,-319501.78776815376,-100813.96549916829,0.15398885992537178
59,w99055094,263.70872883694244,other,66091.27134448045,73434.74593831161,82614.08918060057,nr2,-101946.04598990016,-148949.71674068258,-47003.67075078242,0.15398885992537178
60,w99055100,85.6876405166462,sfh,15744.323611141372,17493.69290126819,19680.404513926715,r1,-28230.563301673767,-41244.70832899225,-13014.145027318486,0.1672839132965377
61,w99055110,94.65369866762775,sfh,52473.960066172556,58304.40007352506,65592.45008271569,r2,-86611.28876527665,-126538.64908569366,-39927.36032041701,0.15398885992537178
62,w99055113,801.3236896117684,education,153671.86244078857,170746.51382309842,192089.8280509857,nr2,-237039.45221581208,-346329.8543958209,-109290.4021800088,0.15398885992537178
63,w99055118,54.3237798044458,other,24020.58101149931,26689.534457221456,30025.726264374138,nr1,-40249.20764729739,-58806.675824345366,-18557.468177047973,0.16727723870065767
64,w99055131,500.74276516167447,th,174492.9614592318,193881.0682880353,218116.20182403974,r2,-288010.66764153907,-420782.10964388767,-132771.4420023486,0.15398885992537178
65,w99055135,663.0715527065098,ab,134760.33544465396,149733.70604961552,168450.41930581743,r2,-222429.68345792333,-324968.6277917168,-102538.94433379345,0.15398885992537178
66,w99055142,64.54166975589469,sfh,30373.370700461764,33748.18966717974,37966.7133755772,r1,-54461.365595776675,-79567.7760727943,-25106.41047701762,0.1672839132965377
67,w99055146,149.08371188635937,sfh,45007.11390865703,50007.90434295226,56258.89238582129,r1,-80700.5883266315,-117903.14603154415,-37202.557704912644,0.1672839132965377
68,w99055147,57.659734526090325,sfh,9628.24002989865,10698.044477665168,12035.300037373312,r1,-17264.040447912168,-25222.674632632825,-7958.634184720657,0.1672839132965377
69,w99055152,1635.3717537612654,other,264252.3847284261,293613.76080936234,330315.48091053264,nr2,-407610.3427644949,-595544.873818441,-187934.53105394606,0.15398885992537178
70,w99055158,567.1104306213557,trade,144743.79539184985,160826.4393242776,180929.7442398123,nr2,-223267.8736781867,-326208.694204335,-102940.82052614828,0.15398885992537178
71,w99055160,362.3993257842958,ab,101699.20767706775,112999.1196411864,127124.00959633468,r2,-167860.39079594155,-245243.1708282202,-77382.78003227865,0.15398885992537178
72,w99055171,150.93386064656082,sfh,36534.23113964701,40593.59015516334,45667.78892455876,r1,-65508.17617442358,-95707.10972381303,-30198.933549389454,0.1672839132965377
73,w99055172,71.28885925472714,sfh,34959.915482691984,38844.350536324426,43699.89435336498,r1,-62685.32910215973,-91582.94461563861,-28897.61551347888,0.1672839132965377
74,w99055173,413.9677898917347,ab,103778.03118873315,115308.92354303683,129722.53898591643,r2,-171291.60855106896,-250256.16238673788,-78964.55383566892,0.15398885992537178
75,w99055181,184.62117180265486,other,55355.73112876553,61506.36792085059,69194.66391095691,nr2,-85386.4329836193,-124755.05923660229,-39368.626252982984,0.15398885992537178
76,w99055182,84.81555104400032,sfh,41072.2949799907,45635.88331110078,51340.36872498837,r1,-73645.21030024665,-107595.27488708947,-33950.064586842826,0.1672839132965377
77,w99055185,136.9722994968528,education,27137.63133712484,30152.92370791649,33922.039171406046,nr1,-45472.17897106001,-66437.77217207645,-20965.59320101644,0.16727723870065767
78,w99055186,41.49024544628337,sfh,8077.381808901094,8974.86867655677,10096.727261126367,r1,-14483.254034908634,-21159.959932116897,-6676.705897208263,0.1672839132965377
79,w99055192,160.51305735595523,ab,56573.984423398244,62859.982692664715,70717.4805292478,r2,-93378.6147513568,-136425.6776752556,-43047.062923898804,0.15398885992537178
80,w99055193,133.23216011486946,other,37451.259490311946,41612.510544791054,46814.07436288993,nr1,-62753.83260532943,-91687.37737883488,-28933.544773505448,0.16727723870065767
81,w99055199,594.2030242990702,ab,144875.40265854934,160972.66962061037,181094.25332318665,r2,-239125.18359242982,-349360.6679396916,-110235.48434726175,0.15398885992537178
82,w99055201,119.5810925271362,sfh,23915.67348956297,26572.970543958854,29894.59186195371,r1,-42882.3080002942,-62650.832257437905,-19768.524257143705,0.1672839132965377
83,w99055202,635.4450178422034,ab,183212.87097097567,203569.8566344174,229016.08871371957,r2,-302403.3797558206,-441809.7882939097,-139406.40853808908,0.15398885992537178
84,w99055209,191.61494707558305,other,71166.34004527405,79073.7111614156,88957.92505659255,nr2,-109774.35942143192,-160387.3851353887,-50613.025713956784,0.15398885992537178
85,w99055216,463.1840371862054,education,97615.7064420698,108461.89604674422,122019.63305258725,nr2,-150572.61111547577,-219996.2495531901,-69423.63843771434,0.15398885992537178
86,w99055219,773.0541430711745,other,280358.9009157519,311509.889906391,350448.6261446898,nr2,-432454.7073313647,-631844.0851208991,-199389.37778953445,0.15398885992537178
87,w99055224,318.955577952601,ab,88079.81530757781,97866.46145286423,110099.76913447226,r2,-145380.80046515714,-212400.6045414375,-67019.80407628036,0.15398885992537178
88,w99055226,262.56915004737675,ab,69321.04823838189,77023.38693153542,86651.31029797735,r2,-114418.3766369988,-167164.6619814349,-52746.28534443611,0.15398885992537178
89,w99055235,1694.7837025728077,trade,455420.4985622041,506022.7761802268,569275.6232027551,nr2,-702487.9102290586,-1026379.9270129477,-323892.01678388915,0.15398885992537178
90,w99055245,424.4345906373113,ab,110594.87925706254,122883.19917451392,138243.59907132815,r2,-182543.20831160824,-266694.69198315183,-84151.4836715436,0.15398885992537178
91,w99055249,70.42309986636974,sfh,33446.903939437485,37163.22659937498,41808.62992429685,r1,-59972.404164705855,-87619.37518317527,-27646.97101846942,0.1672839132965377
92,w99055257,137.79457132667304,trade,36946.07902516493,41051.19891684992,46182.59878145616,nr1,-61907.345443702216,-90450.60530273603,-28543.259859033817,0.16727723870065767
93,w99055287,226.3710821658373,mfh,65413.202259158345,72681.33584350927,81766.50282394793,r2,-107968.25211561841,-157741.06310644388,-49772.81099082547,0.15398885992537178
94,w99055292,58.725108856521544,trade,26638.013577625854,29597.792864028725,33297.51697203232,nr1,-44635.01275360984,-65214.618593698084,-20579.605840088247,0.16727723870065767
95,w99055300,847.1402418442303,other,253934.7967876531,282149.7742085034,317418.49598456634,nr2,-391695.422786144,-572292.1542086892,-180596.7314225452,0.15398885992537178
96,w99389931,488.4274571448564,mfh,99582.28350232905,110646.9816692545,124477.85437791131,r2,-164366.28570531614,-240138.3011947776,-75772.01548946145,0.15398885992537178
97,w99389943,3490.8252122399163,ab,624462.3880690951,693847.0978545501,780577.9850863689,r2,-1030711.0831334601,-1505863.6110452244,-475152.5279117642,0.15398885992537178
98,w99389949,2474.179022271931,ab,683124.5893772031,759027.3215302257,853905.7367215039,r2,-1127536.4199423487,-1647324.9319853657,-519788.51204301696,0.15398885992537178
99,w99389956,671.7147096479312,education,46899.24791118664,52110.27545687404,58624.0598889833,nr1,-78585.00869632402,-114817.74179394057,-36232.733097616554,0.16727723870065767
100,w99389960,693.6997662768932,ab,196619.69517326806,218466.32797029783,245774.61896658505,r2,-324532.1141022608,-474139.7557853682,-149607.64168310742,0.15398885992537178
101,w99389971,1612.9015118613836,education,309303.5674613809,343670.63051264547,386629.4593267261,nr2,-477101.96931915294,-697076.600631966,-219974.6313128131,0.15398885992537178
102,w99389974,235.12884147074072,education,43366.28216826591,48184.7579647399,54207.85271033239,nr1,-72665.12392211602,-106168.41016274497,-33503.28624062895,0.16727723870065767
103,w99389975,1082.0712234761565,mfh,203599.25388206367,226221.39320229297,254499.0673525796,r2,-336052.2771320642,-490970.65494204604,-154918.37780998182,0.15398885992537178
104,w99389979,163.53384786918758,ab,58414.06986123536,64904.52206803929,73017.58732654419,r2,-96415.7815862653,-140862.9628584691,-44447.181272203816,0.15398885992537178
105,w99389992,2569.363114476204,other,222880.7619206125,247645.2910229028,278600.9524007656,nr2,-343794.45186630293,-502305.7611040381,-158511.30923773517,0.15398885992537178
106,w99390006,431.6004564465955,education,83282.49698597375,92536.10776219305,104103.12123246718,nr2,-128463.57915605236,-187693.53476135732,-59229.95560530496,0.15398885992537178
107,w99390011,2554.974828636646,ab,487902.76263553556,542114.1807061506,609878.4532944195,r2,-805311.5680751572,-1176556.0745029117,-371244.5064277544,0.15398885992537178
108,w99390014,587.280543653667,trade,125980.24566648666,139978.05074054073,157475.30708310832,nr2,-194325.02442861776,-283921.3337134861,-89596.30928486833,0.15398885992537178
109,w99390021,1617.1983746248297,other,203329.9608709738,225922.17874552644,254162.45108871724,nr2,-313637.2643527311,-458244.1744654823,-144606.91011275118,0.15398885992537178
110,w99390022,5590.431437242403,education,501507.8998853299,557230.9998725888,626884.8748566624,nr2,-773577.9080345666,-1130246.9768176577,-356669.06878309115,0.15398885992537178
111,w99390025,237.89438336268066,education,22880.136119028128,25422.373465586807,28600.170148785157,nr1,-38338.262892655606,-56014.662881153985,-17676.39998849838,0.16727723870065767
112,w99390027,116.0190749399364,mfh,27759.268305341284,30843.631450379202,34699.0853816766,r1,-49774.1154499347,-72719.72762741252,-22945.612177477815,0.1672839132965377
113,w99390046,1095.085822885856,mfh,211796.0789351003,235328.97659455586,264745.09866887535,r2,-349581.60826567287,-510736.9384033103,-161155.33013763744,0.15398885992537178
114,w99390052,1678.6958267321402,education,313307.17899148044,348119.0877683116,391633.9737393505,nr2,-483277.55585078214,-706099.5289433287,-222821.9730925465,0.15398885992537178
115,w99390065,2581.633286331594,education,348951.4029727128,387723.781080792,436189.253715891,nr2,-538258.9115327604,-786430.8186498536,-248171.90711709321,0.15398885992537178
116,w99390082,124.21957990797236,education,39827.93660519214,44253.26289465793,49784.92075649017,nr1,-66736.22464911878,-97505.90777021012,-30769.683121091337,0.16727723870065767
117,w99390107,332.09000708311794,education,26712.358260262183,29680.39806695798,33390.44782532773,nr1,-44759.58570076169,-65396.62766537563,-20637.04196461394,0.16727723870065767
118,w99390110,1066.5973296171287,mfh,239891.65743218464,266546.2860357607,299864.5717902308,r2,-395954.97629754676,-578488.1914785278,-182533.2151809811,0.15398885992537178
119,w99390116,694.0162199864862,ab,158097.7549469809,175664.1721633121,197622.1936837261,r2,-260949.43643641943,-381245.78951624763,-120296.3530798282,0.15398885992537178
120,w99390122,307.42072394330467,other,98676.7039395479,109640.78215505321,123345.87992443486,nr2,-152209.2039283042,-222387.4166997294,-70178.2127714252,0.15398885992537178
121,w99390129,1196.3697846690193,trade,195071.71625481176,216746.35139423527,243839.6453185147,nr2,-300898.8895521167,-439632.5912513952,-138733.7016992785,0.15398885992537178
122,w99390130,964.417538562417,education,164651.07624751102,182945.64027501224,205813.84530938877,nr2,-253974.93269460523,-371073.6784028207,-117098.74570821549,0.15398885992537178
123,w99390133,9252.387912133521,education,680645.1328091653,756272.3697879614,850806.4160114565,nr2,-1049897.7943773482,-1533968.0667425422,-484070.27236519405,0.15398885992537178
124,w99390139,1249.1388426542283,ab,193561.77819765167,215068.6424418352,241952.22274706457,r2,-319484.84627910896,-466765.7233581845,-147280.87707907555,0.15398885992537178
125,w99390141,112.67489476799965,other,30821.618759402736,34246.24306600304,38527.023449253415,nr1,-51645.11769632692,-75456.83186839057,-23811.71417206365,0.16727723870065767
126,w99758761,171.36210507287177,trade,71706.83112597434,79674.25680663815,89633.53890746791,nr2,-110608.06903919684,-161605.48839976022,-50997.41936056338,0.15398885992537178
127,w99758765,309.03573338240386,trade,64055.628922168136,71172.92102463126,80069.53615271016,nr2,-98806.05954717645,-144361.9950034451,-45555.93545626865,0.15398885992537178
128,w99758770,601.7205038767308,mfh,123602.56527583835,137336.18363982037,154503.20659479793,r2,-204013.14213248855,-298062.15528249287,-94049.01315000432,0.15398885992537178
129,w99758771,976.6668764967471,mfh,175271.79498964516,194746.4388773835,219089.74373705644,r2,-289296.1771726979,-422660.23248189857,-133364.05530920066,0.15398885992537178
130,w99758774,197.5460334163159,ab,62183.884482976144,69093.20498108461,77729.85560372018,r2,-102638.07741420371,-149953.70517974652,-47315.62776554281,0.15398885992537178
131,w99758775,265.071225726977,sfh,41468.16576899654,46075.73974332949,51835.20721124567,r1,-74355.03154403793,-108632.32008711065,-34277.28854307272,0.1672839132965377
132,w99758777,337.6781565959565,ab,105954.58460251115,117727.31622501239,132443.23075313892,r2,-174884.13512989104,-255504.82531011943,-80620.69018022838,0.15398885992537178
133,w99758783,333.3155570875853,th,46165.858494498185,51295.3983272202,57707.32311812273,r1,-82778.2903091995,-120938.65798183192,-38160.36767263242,0.1672839132965377
134,w99758786,182.17889552428386,mfh,58859.38042021428,65399.31157801586,73574.22552526784,r2,-97150.79227280986,-141936.8097052809,-44786.01743247104,0.15398885992537178
135,w99758788,349.08404515869915,other,107247.06333366054,119163.40370406726,134058.82916707566,nr2,-165429.01700147404,-241702.4121318083,-76273.39513033425,0.15398885992537178
136,w99758792,60.93018751584459,sfh,22560.840147597835,25067.600163997595,28201.050184497293,r1,-40453.00653468541,-59101.635264040066,-18648.628729354656,0.1672839132965377
137,w99758793,126.39461716674268,ab,45544.688375520156,50605.2093061335,56930.86046940019,r1,-81664.49318472295,-119311.40609012128,-37646.912905398334,0.1672839132965377
138,w99758796,906.0679207786917,ab,179322.33204421046,199247.03560467827,224152.91505526306,r2,-295981.8215198178,-432427.92461548024,-136446.10309566243,0.15398885992537178
139,w99758800,420.9761067721993,ab,99487.39834212833,110541.55371347592,124359.24792766041,r2,-164209.6722917426,-239909.48980004134,-75699.81750829873,0.15398885992537178
140,w99758801,293.7319820257835,mfh,71440.53956745433,79378.37729717146,89300.6744593179,r2,-117916.71896348412,-172275.72219475705,-54359.00323127293,0.15398885992537178
141,w99758803,512.6721141899004,mfh,131384.60978199245,145982.8997577694,164230.76222749054,r2,-216857.85412023985,-316828.2136796805,-99970.35955944064,0.15398885992537178
142,w99758805,165.76912949401884,sfh,58159.717102174254,64621.90789130473,72699.64637771781,r2,-95995.95773009918,-140249.60235580793,-44253.64462570875,0.15398885992537178
143,w99758807,110.8734177275095,other,42605.10553834061,47339.006153711794,53256.381922925764,nr1,-71389.686154001,-104304.91371777325,-32915.22756377225,0.16727723870065767
144,w99758813,43.0509613757953,other,17306.7893226752,19229.765914083553,21633.486653343996,nr1,-28999.48826478882,-42370.11372753952,-13370.625462750704,0.16727723870065767
145,w99758814,84.92593946289271,th,18715.5754116606,20795.083790734,23394.46926457575,r1,-33558.20481308256,-49028.365278071215,-15470.160464988658,0.1672839132965377
146,w99758818,424.19755738042295,mfh,91711.52463429667,101901.69403810741,114639.40579287084,r2,-151375.14556149318,-221158.31201187422,-69783.16645038105,0.15398885992537178
147,w99758821,35.03456762442365,sfh,16591.68554566197,18435.206161846632,20739.606932077462,r1,-29749.93658964306,-43464.504917374186,-13714.568327731125,0.1672839132965377
148,w99758824,478.7830200769007,ab,169348.0416963535,188164.4907737261,211685.05212044186,r2,-279518.68169851333,-408375.3616944681,-128856.6799959548,0.15398885992537178
149,w99758826,392.0728006519377,ab,106368.10829847213,118186.78699830236,132960.13537309016,r2,-175566.67977102342,-256502.01953342248,-80935.33976239906,0.15398885992537178
152,w99758837,194.723237061128,mfh,81068.34105236304,90075.9345026256,101335.4263154538,r2,-133807.95899058756,-195492.74244688315,-61684.78345629558,0.15398885992537178
153,w99758838,478.1149431033991,ab,109862.70524728548,122069.67249698387,137328.38155910684,r2,-181334.7130025585,-264929.08652901783,-83594.37352645933,0.15398885992537178
154,w99758842,66.20839738831855,sfh,28836.13150330949,32040.146114788324,36045.16437913686,r1,-51704.99894981219,-75540.73852679435,-23835.73957698216,0.1672839132965377
155,w99758845,141.8255072105676,th,68631.03812160477,76256.7090240053,85788.79765200596,r2,-113279.47525810951,-165500.73290266268,-52221.257644553174,0.15398885992537178
156,w99758846,563.5821329504251,other,132388.56970357036,147098.41078174484,165485.71212946295,nr2,-204209.88946015234,-298363.75599843496,-94153.86653828263,0.15398885992537178
157,w99758847,385.25146163031457,sfh,141765.98617754248,157517.76241949163,177207.4827219281,r2,-233992.9128739939,-341862.4467180567,-107869.5338440628,0.15398885992537178
158,w99758850,177.17881421931088,ab,51542.08490718524,57268.98323020582,64427.60613398155,r2,-85073.17522502817,-124291.4730847578,-39218.29785972963,0.15398885992537178
159,w99758852,422.9061155930161,other,94738.4325839545,105264.92509328279,118423.04072994312,nr2,-146134.40487283768,-213511.7453602255,-67377.34048738782,0.15398885992537178
160,w99758858,57.38898355839774,sfh,9200.09663478349,10222.329594203877,11500.12079347936,r1,-16496.352389884763,-24101.086313525026,-7604.733923640262,0.1672839132965377
161,w99758862,402.33381934519855,sfh,153965.21116104606,171072.45684560674,192456.51395130757,r2,-254128.4352631253,-371280.34175320034,-117151.90649007502,0.15398885992537178
162,w99758864,101.365438436158,other,39005.52169932354,43339.46855480393,48756.90212415442,nr1,-65358.17520465733,-95492.48907982244,-30134.313875165106,0.16727723870065767
163,w99758865,63.831228005420414,other,19191.6289905496,21324.03221172178,23989.536238187,nr1,-32157.75088707185,-46984.53813619535,-14826.7872491235,0.16727723870065767
164,w99758868,445.0926624152809,ab,107761.9123396737,119735.45815519299,134702.3904245921,r2,-177867.23349600408,-259863.11673747218,-81995.88324146811,0.15398885992537178
165,w99758869,105.27734354436397,other,36782.57152472311,40869.523916359016,45978.21440590389,nr1,-61633.37008340504,-90050.30971585045,-28416.939632445414,0.16727723870065767
166,w99758874,732.9468768487684,ab,145140.5559918637,161267.2844354041,181425.6949898296,r2,-239562.83441752108,-350000.0735526062,-110437.23913508514,0.15398885992537178
167,w99758876,118.68904608124866,sfh,19767.0966607297,21963.44073414411,24708.870825912127,r1,-35443.64860336986,-51782.988994577056,-16339.340391207195,0.1672839132965377
168,w99758878,556.4759241774678,other,165946.20228490618,184384.6692054513,207432.75285613272,nr2,-255972.6697010977,-373992.50039684796,-118019.83069575025,0.15398885992537178
169,w99758879,141.26093079326674,other,63241.62786203879,70268.47540226532,79052.03482754849,nr2,-97550.45971041064,-142527.48304949995,-44977.02333908931,0.15398885992537178
170,w99758882,536.390386541374,other,173463.4893925074,192737.21043611935,216829.36174063425,nr2,-267568.11463052564,-390934.1897085803,-123366.07507805468,0.15398885992537178
171,w99758886,70.57262436598539,sfh,28508.101772463415,31675.66863607046,35635.12721557927,r1,-51116.820993731046,-74681.4135468117,-23564.592553080656,0.1672839132965377
172,w99758887,84.85345135740936,sfh,35123.0717850301,39025.635316700114,43903.839731287626,r1,-62977.87862254458,-92010.35796588317,-29032.479343338593,0.1672839132965377
173,w99758888,71.82869699064176,other,23233.64309960051,25815.158999556123,29042.053874500638,nr1,-38930.60392966114,-56880.11115645637,-17949.507226795227,0.16727723870065767
174,w99758891,1365.0763243824242,trade,394777.7044394887,438641.8938216541,493472.1305493609,nr2,-608946.161782927,-889709.4284252947,-280763.2666423677,0.15398885992537178
175,w99758895,154.4283221337944,other,11343.022479982455,12603.358311091617,14178.778099978068,nr1,-19006.52057193013,-27769.746515675764,-8763.225943745634,0.16727723870065767
176,w99758899,158.4874060918577,th,51555.465518172896,57283.85057574766,64444.33189771612,r2,-85095.26069295636,-124323.73984023392,-39228.479147277554,0.15398885992537178
177,w99758900,82.77785695786588,sfh,14105.077346915961,15672.308163239957,17631.34668364495,r1,-25291.291563350238,-36950.447380270176,-11659.155816919938,0.1672839132965377
178,w99758903,400.34018093422054,trade,111219.17925647758,123576.86584053065,139023.97407059697,nr2,-171556.02143499584,-250654.35887952603,-79098.33744453019,0.15398885992537178
179,w99758905,110.54209396946244,sfh,42224.87349281815,46916.52610313128,52781.09186602269,r1,-75711.85612576175,-110614.63384857526,-34902.77772281351,0.1672839132965377
180,w99758908,248.9345047255978,ab,62155.14284179054,69061.2698242117,77693.92855223817,r2,-102590.63768255062,-149884.39597488474,-47293.758292334125,0.15398885992537178
181,w99758913,208.22132023065353,ab,66297.76659895918,73664.18510995463,82872.20824869897,r2,-109428.27642804579,-159874.15114566608,-50445.87471762029,0.15398885992537178
182,w99758915,71.10941483918579,ab,27065.001520575188,30072.223911750207,33831.251900718984,r1,-48529.25140244273,-70900.9876327695,-22371.736230326766,0.1672839132965377
183,w99758919,819.0798590054737,ab,208080.77592565658,231200.8621396184,260100.9699070707,r2,-343449.2869886883,-501777.6484399426,-158328.36145125434,0.15398885992537178
184,w99758922,83.9358181065414,th,29500.748365313924,32778.60929479325,36875.9354566424,r1,-52896.69881940193,-77281.80592993798,-24385.107110536053,0.1672839132965377
185,w99758926,36.12754547015065,sfh,13125.615217519764,14584.016908355294,16407.019021899705,r1,-23535.05431058286,-34384.593753020505,-10849.539442437646,0.1672839132965377
186,w99758928,119.38002583179623,sfh,50451.804126083465,56057.56014009274,63064.755157604326,r2,-83273.6040958785,-121662.30888615844,-38388.70479027994,0.15398885992537178
187,w99758931,65.79372537583113,th,29795.3796286822,33105.977365202445,37244.22453585275,r1,-53424.99122094304,-78053.63842159406,-24628.647200651023,0.1672839132965377
188,w99758935,355.7203856162727,ab,97740.68299085365,108600.75887872626,122175.85373856705,r2,-161326.61815423868,-235697.36247805503,-74370.74432381635,0.15398885992537178
189,w99758936,99.44306262517348,th,46648.143097256325,51831.270108062585,58310.1788715704,r1,-83643.05696058815,-122202.0776284052,-38559.02066781705,0.1672839132965377
190,w99758945,525.0721962768584,mfh,72696.76550898828,80774.18389887585,90870.95688623533,r2,-119990.19212311266,-175305.05585639895,-55314.863733286285,0.15398885992537178
191,w99758951,355.6037514369003,ab,88176.77832572878,97974.19813969864,110220.97290716098,r2,-145540.84350277114,-212634.42659932337,-67093.58309655223,0.15398885992537178
192,w99758953,525.4067761451006,other,115621.89938143763,128468.77709048626,144527.37422679702,nr2,-178347.23454391598,-260576.75713516303,-82229.52259124705,0.15398885992537178
193,w99758954,37.75478148937691,sfh,15454.106966036949,17171.229962263275,19317.633707546185,r1,-27710.186588569235,-40484.44061758163,-12774.254029012398,0.1672839132965377
194,w99758959,30.14875982720405,sfh,5386.67163386435,5985.190704293722,6733.339542330437,r1,-9658.641317403275,-14111.225473387301,-4452.584155984026,0.1672839132965377
195,w99758962,201.50926117040217,mfh,21723.95521923704,24137.72802137449,27154.944024046297,r1,-38952.41917826271,-56909.28482538768,-17956.86564712497,0.1672839132965377
196,w99758966,155.61690238779408,th,53966.642471051426,59962.936078946026,67458.30308881428,r2,-89075.04691581032,-130138.18711920909,-41063.14020339877,0.15398885992537178
197,w99758967,90.83302856497467,ab,36490.03724639751,40544.485829330566,45612.54655799688,r1,-65428.93374192909,-95591.33693598058,-30162.40319405149,0.1672839132965377
198,w99758970,391.2386861808598,th,114162.05294071334,126846.72548968148,142702.56617589167,r2,-188431.03361774032,-275296.77458591305,-86865.74096817273,0.15398885992537178
199,w99758974,163.93810575278476,sfh,52549.96407185974,58388.84896873304,65687.45508982467,r2,-86736.73774750685,-126721.92940592543,-39985.19165841858,0.15398885992537178
200,w99758975,139.83927450878545,sfh,48769.161981762925,54187.95775751436,60961.45247720365,r1,-87446.17733349116,-127758.41700584622,-40312.23967235506,0.1672839132965377
201,w99758979,705.2831632008775,trade,118383.22027633703,131536.91141815225,147979.02534542128,nr2,-182606.5828847434,-266799.9384533378,-84193.35556859442,0.15398885992537178
202,w99758981,319.7999828794971,other,27092.453379920906,30102.725977689894,33865.56672490113,nr1,-45396.478180154445,-66327.16845760233,-20930.69027744788,0.16727723870065767
203,w99758984,336.42351993245535,ab,99044.44301429484,110049.38112699427,123805.55376786855,r2,-163478.54904964834,-238841.322489652,-75362.77344000366,0.15398885992537178
204,w99758985,1446.6540044941007,ab,308773.6475480953,343081.8306089948,385967.05943511915,r2,-509648.6622540226,-744594.0840890681,-234945.4218350455,0.15398885992537178
205,w99758989,963.3213891830295,education,178962.42487789664,198847.1387532185,223703.03109737078,nr2,-276050.24424439034,-403327.1255117803,-127276.88126738998,0.15398885992537178
206,w99758991,346.04414169639347,ab,108571.37632794297,120634.8625866033,135714.2204099287,r2,-179203.30035935252,-261815.10357875391,-82611.8032194014,0.15398885992537178
207,w99758995,38.315451947040856,sfh,14153.006730026627,15725.56303336292,17691.258412533283,r1,-25377.231964305814,-37076.00586570358,-11698.773901397763,0.1672839132965377
208,w99758997,604.6954287230968,other,183323.21692341135,203692.46324823482,229154.0211542642,nr2,-282776.7831258604,-413155.0305699069,-130378.24744404654,0.15398885992537178
209,w99759000,505.76658869385716,other,34496.09632156219,38328.995912846876,43120.120401952736,nr1,-57802.1215724567,-84452.60972731482,-26650.488154858118,0.16727723870065767
210,w99759001,277.86601877255595,other,81574.80850317713,90638.67611464126,101968.51062897142,nr2,-125829.46295489468,-183844.92191703623,-58015.45896214155,0.15398885992537178
211,w99759005,200.24946516156197,th,50791.008241442374,56434.45360160264,63488.76030180296,r2,-83833.47999525166,-122480.28470631185,-38646.80471106019,0.15398885992537178
212,w99759006,478.86383471041916,sfh,107306.25960596674,119229.17733996305,134132.82450745843,r2,-177115.1524553124,-258764.33019072082,-81649.17773540842,0.15398885992537178
213,w99759010,347.4218390390277,ab,91918.43252307092,102131.59169230102,114898.04065383865,r2,-151716.65893078802,-221657.26129448315,-69940.60236369513,0.15398885992537178
214,w99759011,1184.1155465334652,health,269958.28428687295,299953.6492076366,337447.8553585912,nr2,-416411.7152750534,-608404.2439847621,-191992.5287097087,0.15398885992537178
215,w99759013,1127.2734199425206,other,171785.6852225,190872.98358055556,214732.106528125,nr2,-264980.0950993821,-387152.9270579291,-122172.831958547,0.15398885992537178
216,w99759015,262.8249901607633,mfh,34217.03964154063,38018.932935045144,42771.29955192578,r1,-61353.30595674708,-89636.86562554084,-28283.559668793765,0.1672839132965377
217,w99759016,162.4421672269469,other,39579.42093353886,43977.13437059873,49474.27616692357,nr1,-66319.80845722102,-96897.49698559224,-30577.688528371218,0.16727723870065767
218,w99759020,78.66829424034803,other,23783.079223761644,26425.64358195738,29728.849029702054,nr1,-39851.2464669795,-58225.22899620639,-18373.982529226887,0.16727723870065767
219,w99759023,45.55874986834824,th,17153.126364166834,19059.029293518703,21441.407955208542,r1,-30756.63531855696,-44935.28660194508,-14178.65128338812,0.1672839132965377
220,w99759028,314.5253525768406,trade,117384.63411857742,130427.3712428638,146730.79264822177,nr2,-181066.25980889838,-264549.4275717389,-83483.16776284052,0.15398885992537178
221,w99759036,422.98085668310523,mfh,84448.21047114403,93831.34496793781,105560.26308893003,r2,-139386.62783604566,-203643.1490447321,-64256.521208686434,0.15398885992537178
222,w99759038,116.55152825303375,ab,40682.52312775101,45202.8034752789,50853.15390968876,r1,-72946.32483399032,-106574.20680201145,-33627.88196802113,0.1672839132965377
224,w99759044,415.2007402397692,trade,91754.0768965997,101948.97432955522,114692.59612074961,nr2,-141531.02448743823,-206785.91114275335,-65254.88665531512,0.15398885992537178
225,w99759045,941.2816024620085,trade,131494.20155201256,146104.66839112507,164367.75194001567,nr2,-202830.32306876944,-296348.12095122767,-93517.79788245822,0.15398885992537178
226,w99759047,442.628270605579,mfh,92497.8685975063,102775.40955278477,115622.33574688286,r2,-152673.0514938927,-223054.545928578,-70381.4944346853,0.15398885992537178
227,w99759050,246.0824731603265,trade,87689.82726981034,97433.14141090038,109612.28408726292,nr2,-135261.90345317166,-197626.32291939482,-62364.41946622316,0.15398885992537178
228,w99759051,91.54405212756247,th,29950.586920623486,33278.42991180387,37438.23365077935,r1,-53703.28766531547,-78460.22810081796,-24756.94043550249,0.1672839132965377
229,w99759055,270.5142616614699,other,63025.800446954905,70028.66716328323,78782.25055869363,nr2,-97217.54507378124,-142041.0733967932,-44823.52832301195,0.15398885992537178
230,w99759057,194.30349186724052,th,63544.9103105719,70605.45590063544,79431.13788821487,r2,-104884.5288126162,-153235.75916190303,-48351.23034928682,0.15398885992537178
231,w99759061,534.3112589053809,trade,95523.08154318364,106136.75727020403,119403.85192897954,nr2,-147344.7289785213,-215280.10656497348,-67935.37758645217,0.15398885992537178
232,w99759062,137.67195288166403,th,51134.694142143744,56816.326824604155,63918.36767767968,r2,-84400.75333907138,-123309.06815489676,-38908.314815825375,0.15398885992537178
233,w99759063,182.5971095246263,sfh,62796.75246680318,69774.16940755908,78495.94058350397,r2,-103649.65126636386,-151431.60939439983,-47781.95812803597,0.15398885992537178
234,w99759067,347.13443305995315,other,53063.728204032785,58959.69800448087,66329.66025504097,nr2,-81851.00945763041,-119589.57853903253,-37738.56908140212,0.15398885992537178
235,w99759073,34.86947953915223,sfh,16322.376591394783,18135.973990438648,20402.970739243476,r1,-29267.048682298013,-42759.00815908374,-13491.95947678573,0.1672839132965377
236,w99759074,1179.944325777702,mfh,260161.20526083146,289068.00584536826,325201.5065760393,r2,-429411.0306512613,-627367.3154588862,-197956.28480762494,0.15398885992537178
237,w99759077,212.39228247441352,sfh,52914.64659119377,58794.05176799308,66143.3082389922,r2,-87338.66721785479,-127601.34527778842,-40262.678059933634,0.15398885992537178
239,w99759083,341.51128259450195,trade,45059.565495100775,50066.1838834453,56324.45686887597,nr1,-75502.41217067487,-110313.870409201,-34811.45823852613,0.16727723870065767
240,w99759085,319.12387123871594,other,63311.391095623374,70345.9901062482,79139.23886952922,nr2,-97658.06977259796,-142684.70825745785,-45026.6384848599,0.15398885992537178
241,w99759087,592.8829183824361,other,172965.5863999473,192183.9848888303,216206.98299993412,nr2,-266800.0973062185,-389812.0671015024,-123011.96979528386,0.15398885992537178
242,w99759088,334.1662621571682,ab,88658.67471107052,98509.63856785613,110823.34338883814,r2,-146336.24119970776,-213796.498558892,-67460.25735918424,0.15398885992537178
243,w99759091,80.87078364617192,sfh,11524.131641001168,12804.590712223518,14405.164551251459,r1,-20663.493448387035,-30189.25804736726,-9525.764598980226,0.1672839132965377
244,w99759093,176.2003906674683,sfh,54665.253714504965,60739.1707938944,68331.56714313121,r2,-90228.14494891322,-131822.85743704307,-41594.71248812985,0.15398885992537178
245,w99759094,339.69808716569094,other,127766.57717581006,141962.86352867784,159708.22146976256,nr2,-197080.44780750092,-287947.18413073494,-90866.73632323401,0.15398885992537178
246,w99759096,246.47077107857913,mfh,47013.13833967629,52236.8203774181,58766.42292459536,r1,-84297.51640581037,-123158.23952439343,-38860.72311858306,0.1672839132965377
247,w99759099,50.23060751573648,th,24989.00373869263,27765.55970965848,31236.254673365787,r1,-44806.856700513636,-65462.588046979145,-20655.73134646551,0.1672839132965377
248,w99759102,1460.464218017459,other,404928.3339724756,449920.3710805284,506160.4174655945,nr2,-624603.5477606102,-912585.8743298909,-287982.3265692807,0.15398885992537178
249,w99759105,189.26809048298745,mfh,53255.998957558084,59173.332175064534,66569.9986969476,r2,-87902.08892905412,-128424.50151085095,-40522.41258179683,0.15398885992537178
250,w99759110,35.61810292806477,th,21502.86142041705,23892.068244907834,26878.576775521313,r1,-38555.984079661306,-56330.0951776834,-17774.11109802209,0.1672839132965377
251,w99759111,238.72463138289748,th,34535.9950545772,38373.327838419114,43169.9938182215,r1,-61925.21308978951,-90472.41901643643,-28547.205926646915,0.1672839132965377
252,w99759113,635.4707306571305,th,212224.98925564316,235805.54361738128,265281.2365695539,r2,-350289.5494155328,-511771.2367957313,-161481.6873801985,0.15398885992537178
253,w99759120,160.90588292758912,th,23237.39167444857,25819.324082720632,29046.73959306071,r1,-41666.106009602714,-60873.967380914655,-19207.86137131194,0.1672839132965377
254,w99759121,33.129497365746644,ab,17191.860563128615,19102.06729236513,21489.825703910767,r1,-30826.088175519108,-45036.756870087,-14210.668694567896,0.1672839132965377
255,w99759126,310.54387535755524,ab,74661.4219255084,82957.13547278711,93326.77740688549,r2,-123232.97052217374,-180042.73848127594,-56809.7679591022,0.15398885992537178
256,w99759127,85.13879598667843,other,32860.8525520517,36512.05839116855,41076.06569006462,nr1,-55062.08518443309,-80449.24069134737,-25387.155506914278,0.16727723870065767
257,w99759131,184.6887545518577,ab,66274.46957377039,73638.29952641155,82843.08696721298,r2,-109389.8233482048,-159817.9713930538,-50428.148044849004,0.15398885992537178
258,w99759132,153.35469039995223,ab,44301.10147182197,49223.44607980218,55376.376839777455,r1,-79434.66358561962,-116053.63647158458,-36618.97288596496,0.1672839132965377
259,w99759137,162.2998407471925,mfh,26131.587467902093,29035.09718655788,32664.484334877616,r1,-46855.58124985435,-68455.76411580361,-21600.18286594926,0.1672839132965377
260,w99759138,557.9003615580499,mfh,114243.39084343535,126937.10093715039,142804.2385542942,r2,-188565.28650376864,-275492.91736448224,-86927.6308607136,0.15398885992537178
261,w99759140,160.4533356629312,ab,54087.72543979606,60097.4727108845,67609.65679974506,r2,-89274.90131897094,-130430.17337816322,-41155.272059192284,0.15398885992537178
262,w99759142,128.98004897348582,sfh,50447.45984022519,56052.73315580576,63059.32480028148,r2,-83266.43360223791,-121651.8328316915,-38385.399229453586,0.15398885992537178
263,w99759148,518.2482564277947,ab,122067.53269869335,135630.59188743704,152584.41587336667,r2,-201479.48258715306,-294360.4916693501,-92881.00908219707,0.15398885992537178
264,w99759152,155.39786574579776,ab,44876.1750923536,49862.41676928178,56095.218865442,r1,-80465.80678671927,-117560.13140476421,-37094.324618044935,0.1672839132965377
265,w99759159,71.9146042395383,sfh,34070.300398334104,37855.889331482336,42587.87549791763,r1,-61090.193256799124,-89252.4593191189,-28162.26606231978,0.1672839132965377
266,w99759161,242.4930030848831,mfh,71934.50220725962,79927.2246747329,89918.12775907452,r2,-118732.03270731981,-173466.8913967944,-54734.8586894746,0.15398885992537178
267,w99759162,714.1891373082996,mfh,155025.33407488256,172250.37119431395,193781.6675936032,r2,-255878.22909803299,-373836.7815799734,-117958.55248194042,0.15398885992537178
268,w99759164,595.7694656141102,mfh,71961.73720566227,79957.48578406918,89952.17150707783,r2,-118776.98563841553,-173532.56739878427,-54755.58176036875,0.15398885992537178
269,w99759165,160.50856082765387,mfh,63770.821559896285,70856.46839988476,79713.52694987036,r2,-105257.40832134559,-153780.53421350426,-48523.12589215867,0.15398885992537178
270,w99759170,93.69908212199807,sfh,47013.36803003878,52237.07558893198,58766.71003754847,r1,-84297.92825508877,-123158.84123407879,-38860.91297899002,0.1672839132965377
271,w99759172,204.59550149962305,other,61730.81695510983,68589.7966167887,77163.52119388728,nr2,-95220.02794436042,-139122.57265728075,-43902.544712920324,0.15398885992537178
272,w99759176,41.50382452430203,sfh,14493.422515544977,16103.802795049975,18116.77814443122,r1,-25987.618896086373,-37967.77804538321,-11980.159149296836,0.1672839132965377
273,w99759177,360.73507672324774,ab,106008.57950246714,117787.31055829681,132510.72437808392,r2,-174973.25681741076,-255635.03163892197,-80661.77482151121,0.15398885992537178
274,w99759180,347.1465133147314,education,74374.97687321722,82638.86319246358,92968.72109152153,nr2,-114723.69434830046,-167618.68114352296,-52894.9867952225,0.15398885992537178
275,w99759183,128.67689446713774,sfh,42546.20900035321,47273.56555594801,53182.76125044151,r1,-76288.03091806117,-111456.42226777757,-35168.3913497164,0.1672839132965377
276,w99759189,171.2441471248865,ab,57837.994960024385,64264.43884447154,72297.49370003048,r2,-95464.93683286203,-139473.78354592086,-44008.846713058825,0.15398885992537178
277,w99759190,369.99921465907244,other,75198.04717388457,83553.38574876063,93997.5589673557,nr2,-115993.28352426598,-169473.6324199642,-53480.34889569823,0.15398885992537178
278,w99759195,184.4751641433686,sfh,51261.17835256776,56956.864836186396,64076.4729407097,r2,-84609.52280223879,-123614.07927083966,-39004.55646860087,0.15398885992537178
279,w155463247,886.8482149265707,mfh,186269.900882997,206966.55653666332,232837.37610374624,r2,-307449.1834294956,-449181.68160621007,-141732.49817671446,0.15398885992537178
280,w155463249,403.549402025342,trade,87242.84372721925,96936.49303024361,109053.55465902406,nr2,-134572.42958071115,-196618.95733688585,-62046.527756174706,0.15398885992537178
281,w155463253,721.7602650925515,mfh,85711.09171490726,95234.54634989696,107138.86464363408,r2,-141471.08595473718,-206688.53167527757,-65217.44572054039,0.15398885992537178
282,w155463254,852.2730644002556,mfh,87014.59305688317,96682.88117431464,108768.24132110395,r2,-143622.58988151213,-209831.867887887,-66209.27800637487,0.15398885992537178
283,w155463255,713.9319995328784,mfh,71073.4939418158,78970.54882423978,88841.86742726975,r2,-117310.889050283,-171390.60779587156,-54079.71874558856,0.15398885992537178
284,w155463260,725.1058137452229,mfh,121068.10069432911,134520.1118825879,151335.12586791138,r2,-199829.86258854633,-291950.4053041172,-92120.54271557086,0.15398885992537178
285,w155463261,1003.1358517257496,mfh,156542.2147043533,173935.7941159481,195677.76838044162,r2,-258381.9278098487,-377494.6725688645,-119112.74475901577,0.15398885992537178
286,w155463268,907.8277638942003,mfh,159567.24377622348,177296.93752913718,199459.05472027932,r2,-263374.9122565477,-384789.3972612012,-121414.48500465346,0.15398885992537178
287,w155463269,646.430608794326,mfh,131879.48496798522,146532.76107553914,164849.35620998152,r2,-217674.67407403674,-318021.58344675327,-100346.90937271653,0.15398885992537178
288,w155463275,531.2511221051216,mfh,123394.95860740752,137105.50956378612,154243.6982592594,r2,-203670.47538718514,-297561.5209234453,-93891.04553626015,0.15398885992537178
289,w155463277,722.3371928531676,mfh,151532.00259406594,168368.89177118437,189415.0032425824,r2,-250112.28459420113,-365412.76620484976,-115300.48161064863,0.15398885992537178
290,w155463281,852.691491766274,mfh,129551.36276085915,143945.95862317682,161939.20345107393,r2,-213831.97448536515,-312407.41903788014,-98575.444552515,0.15398885992537178
291,w155463286,75.58565192222595,sfh,21335.71807363871,23706.35341515412,26669.647592048386,r1,-38256.28553762038,-55892.23714343123,-17635.95160581085,0.1672839132965377
292,w155463289,870.3151384696364,mfh,189460.16018468578,210511.2890940953,236825.2002308572,r2,-312714.8898725815,-456874.85173782747,-144159.96186524595,0.15398885992537178
293,w155463294,520.8021583877504,mfh,73954.39748668816,82171.55276298684,92442.9968583602,r2,-122065.98602629152,-178337.7801124762,-56271.79408618469,0.15398885992537178
294,w155463296,531.2875348292291,mfh,149851.71086067607,166501.90095630675,187314.63857584508,r2,-247338.86645791007,-361360.81651885534,-114021.95006094527,0.15398885992537178
295,w155463300,903.6974393147975,mfh,145780.16516082495,161977.9612898055,182225.20645103118,r2,-240618.5461335792,-351542.4629602499,-110923.91682667073,0.15398885992537178
296,w155463302,619.062746527791,mfh,162906.195564221,181006.88396024556,203632.74445527626,r2,-268886.0441993038,-392841.13279026485,-123955.08859096107,0.15398885992537178
297,w155463304,1087.9011799693108,mfh,132782.97083749846,147536.6342638872,165978.71354687307,r2,-219165.9294593951,-320200.29992349807,-101034.37046410298,0.15398885992537178
298,w155463308,740.3594694465398,mfh,147385.4815572954,163761.64617477267,184231.85194661922,r2,-243268.213164598,-355413.6129155481,-112145.39975095008,0.15398885992537178
299,w155463310,722.3160033598542,mfh,78437.63363840502,87152.92626489447,98047.04204800627,r2,-129465.82511694926,-189148.9071067987,-59683.08198984944,0.15398885992537178
300,w155463313,774.0583199881017,mfh,118627.44188251636,131808.2687583515,148284.30235314544,r2,-195801.4148620767,-286064.86381770344,-90263.44895562675,0.15398885992537178
301,w155463314,1101.9502923069522,mfh,201931.4964824973,224368.329424997,252414.37060312164,r2,-333299.54763457406,-486948.9312513303,-153649.38361675624,0.15398885992537178
302,w155463317,740.3064833164215,mfh,143289.21159194486,159210.23510216095,179111.51448993105,r2,-236507.0840182156,-345535.6378770317,-109028.5538588161,0.15398885992537178
303,w155463319,828.4481069911271,mfh,145828.4042201316,162031.56024459066,182285.5052751645,r2,-240698.16747509988,-351658.7893322281,-110960.6218571282,0.15398885992537178
304,w155463321,781.2118542082608,mfh,143438.5743173969,159376.19368599655,179298.21789674612,r2,-236753.61578613592,-345895.81952672283,-109142.2037405869,0.15398885992537178
305,w155463324,722.1055689860135,mfh,160134.95033012077,177927.7225890231,200168.68791265096,r2,-264311.9445714622,-386158.3966718931,-121846.45210043085,0.15398885992537178
306,w155463327,780.4636536210775,mfh,144237.2233375608,160263.58148617868,180296.529171951,r2,-238071.83192267854,-347821.72654760926,-109749.89462493072,0.15398885992537178
307,w155463330,867.026127423346,mfh,92798.36038612344,103109.28931791494,115997.9504826543,r2,-153169.03047170752,-223779.16867374547,-70610.13820203795,0.15398885992537178
308,w155463331,701.7002469789237,mfh,161247.17579186105,179163.5286576234,201558.9697398263,r2,-266147.73665800196,-388840.47950364137,-122692.74284563941,0.15398885992537178
309,w155463336,356.26551316827533,mfh,82538.53583434132,91709.48426037925,103173.16979292665,r2,-136234.60002630408,-199038.05256584057,-62803.45253953649,0.15398885992537178
310,w155463337,437.0872274041176,trade,59172.9222938284,65747.69143758711,73966.15286728549,nr2,-91274.46536897663,-133357.8524831969,-42083.387114220284,0.15398885992537178
311,w155463339,868.4495440013707,mfh,96284.55889755068,106982.84321950076,120355.69862193835,r2,-158923.2015993589,-232185.9832065968,-73262.7816072379,0.15398885992537178
312,w155463342,722.9579402044416,mfh,125130.04950329757,139033.3883369973,156412.56187912196,r2,-206534.3426925767,-301745.6163820298,-95211.27368945308,0.15398885992537178
313,w155463343,844.8904670208692,mfh,182362.7691744811,202625.29908275677,227953.46146810136,r2,-301000.23785299447,-439759.80516364664,-138759.56731065217,0.15398885992537178
314,w155463347,1083.6851687338203,mfh,195710.88465394767,217456.5385043863,244638.60581743458,r2,-323032.0700761855,-471948.19914956944,-148916.12907338393,0.15398885992537178
315,w155463348,740.608741542697,mfh,144820.76491530155,160911.9610170017,181025.95614412692,r2,-239035.00085508835,-349228.9114225363,-110193.91056744795,0.15398885992537178
316,w155463352,356.4181080274284,mfh,38492.77211566138,42769.74679517931,48115.965144576716,r1,-69019.96342981061,-100837.81290936805,-31817.849479557437,0.1672839132965377
317,w155463353,722.1394314199686,mfh,96023.96050529758,106693.28945033065,120029.95063162198,r2,-158493.06896643512,-231557.5616339153,-73064.49266748017,0.15398885992537178
318,w155463354,696.3946817303076,mfh,187294.1777654443,208104.64196160476,234117.72220680537,r2,-309139.8113281594,-451651.68030329974,-142511.86897514033,0.15398885992537178
319,w155463358,865.4375973489136,mfh,190927.28764734967,212141.4307192774,238659.10955918708,r2,-315136.468121374,-460412.76515103085,-145276.29702965682,0.15398885992537178
320,w155463359,1101.9756921548396,mfh,200634.12279915024,222926.80311016692,250792.65349893778,r2,-331158.15776075586,-483820.3716182658,-152662.21385750995,0.15398885992537178
321,w155463364,740.593882034719,mfh,143564.7779021287,159516.4198912541,179455.97237766086,r2,-236961.92206046006,-346200.15392613906,-109238.231865679,0.15398885992537178
322,w155463365,603.6562003400177,mfh,105728.02317289257,117475.58130321397,132160.0289661157,r2,-174510.18246119554,-254958.4823773065,-80448.29991611096,0.15398885992537178
323,w155463369,722.4004129424691,mfh,174449.9518470026,193833.2798300029,218062.43980875326,r2,-287939.677803155,-420678.3938537641,-132738.71605060913,0.15398885992537178
324,w155463370,696.1379145577084,mfh,133103.75935795248,147893.06595328054,166379.69919744058,r2,-219695.40936033244,-320973.86734568747,-101278.45798535502,0.15398885992537178
325,w155463373,865.3327697202564,mfh,171854.26793553864,190949.18659504293,214817.83491942327,r2,-283655.35223451705,-414419.0161510726,-130763.66391655552,0.15398885992537178
326,w155463376,746.0008564919234,mfh,156453.43080105938,173837.14533451042,195566.78850132422,r2,-258235.38487167135,-377280.5740870804,-119045.18921540902,0.15398885992537178
327,w155463378,701.7079005709849,mfh,149021.482669433,165579.42518825887,186276.85333679125,r2,-245968.52708344418,-359358.757714445,-113390.23063100083,0.15398885992537178
328,w155463380,903.4881653226912,mfh,140684.60308128386,156316.22564587096,175855.75385160482,r2,-232208.0278853665,-339254.73889550794,-107046.71101014144,0.15398885992537178
329,w155463382,654.6620004437864,mfh,150368.7714173962,167076.41268599578,187960.96427174524,r2,-248192.30464193024,-362607.6853326508,-114415.38069072054,0.15398885992537178
330,w155463388,654.8312545590103,mfh,81045.45395849762,90050.50439833068,101306.81744812202,r2,-133770.18252597013,-195437.55122564547,-61667.36869967534,0.15398885992537178
331,w155463390,658.415929133445,mfh,127909.41103823822,142121.5678202647,159886.76379779776,r2,-211121.83874170817,-308447.9246032621,-97326.08586155393,0.15398885992537178
332,w155463392,746.3197361536323,mfh,126699.30992433419,140777.01102703798,158374.1374054177,r2,-209124.49726263253,-305529.8189368056,-96405.32167417306,0.15398885992537178
333,w155463395,740.6091377854347,mfh,81203.21252281987,90225.79169202207,101504.01565352484,r2,-134030.57210877427,-195817.97907187362,-61787.40696309935,0.15398885992537178
334,w155463397,721.9107812985777,mfh,108201.45876259069,120223.8430695452,135251.82345323835,r2,-178592.7301444941,-260923.06362343667,-82330.33347894257,0.15398885992537178
335,w155463400,957.7393607803388,mfh,132263.3739372203,146959.30437468924,165329.2174215254,r2,-218308.30489447215,-318947.3148286549,-100639.00993418277,0.15398885992537178
336,w155463402,519.368776667118,mfh,124641.24892632537,138490.27658480595,155801.5611579067,r2,-205727.5492303073,-300566.8952677023,-94839.34603739498,0.15398885992537178
337,w155463405,658.592996231094,mfh,123848.16417723722,137609.07130804137,154810.20522154652,r2,-204418.51724316576,-298654.4062420309,-94235.88899886515,0.15398885992537178
338,w155463406,932.8967588515952,mfh,161116.41015993198,179018.23351103553,201395.51269991498,r2,-265931.9004624242,-388525.1439278572,-122593.24346543301,0.15398885992537178
339,w155463408,740.3845857441426,mfh,81123.65596148898,90137.39551276554,101404.56995186122,r2,-133899.2594291535,-195626.1319198001,-61726.87249064661,0.15398885992537178
340,w155463411,886.3585438661277,mfh,157728.79737860002,175254.21930955557,197160.99672325002,r2,-260340.4507517699,-380356.0645514464,-120015.6137996765,0.15398885992537178
341,w155463413,436.59599217027426,trade,59864.86027475999,66516.51141639998,74831.07534344998,nr2,-92341.78242599827,-134917.27121074247,-42575.4887847442,0.15398885992537178
342,w155463416,722.4005093876273,mfh,103424.16434320562,114915.73815911735,129280.20542900701,r2,-170707.53097232716,-249402.82803703754,-78695.29706471038,0.15398885992537178
343,w155463417,828.3400002270937,mfh,134317.1610003945,149241.2900004383,167896.45125049312,r2,-221698.198551567,-323899.9320916936,-102201.73354012662,0.15398885992537178
344,w155463421,509.4774500131606,mfh,62634.51134401355,69593.90149334838,78293.13918001692,r2,-103381.86296302607,-151040.37205538337,-47658.5090923573,0.15398885992537178
345,w155463422,674.0859733853489,mfh,126316.10423077179,140351.22692307975,157895.13028846472,r2,-208491.99422798873,-304605.7352441667,-96113.74101617796,0.15398885992537178
346,w155463424,701.7858467099256,mfh,151693.48439581433,168548.31599534926,189616.8554947679,r2,-250378.81959449325,-365802.1724745385,-115423.35288004525,0.15398885992537178
347,w155463427,540.3469697440042,mfh,91584.2108942519,101760.23432694655,114480.26361781487,r2,-151165.00691198208,-220851.30052169893,-69686.29360971684,0.15398885992537178
348,w155463430,521.3457492198795,mfh,65819.9805171453,73133.31168571701,82274.97564643163,r2,-108639.66302345756,-158721.99100245538,-50082.327978997826,0.15398885992537178
349,w155463434,634.5610695700626,mfh,121424.36431178215,134915.9603464246,151780.45538972766,r2,-200417.89617718488,-292809.5193640059,-92391.623186821,0.15398885992537178
350,w155463435,740.6094772338867,mfh,133111.18185755896,147901.3131750655,166388.97732194868,r2,-219707.66062278656,-320991.7663773567,-101284.10575457016,0.15398885992537178
351,w155463436,830.3215000247583,mfh,147370.27277477682,163744.7475275298,184212.84096847102,r2,-243243.1101944234,-355376.9376047518,-112133.82741032838,0.15398885992537178
352,w155463437,634.6341266736388,mfh,122154.47621327543,135727.19579252825,152693.09526659426,r2,-201622.98785792437,-294570.15213461913,-92947.16427669476,0.15398885992537178
353,w155463439,740.3900625675916,mfh,190314.9551668896,211461.06129654398,237893.69395861198,r2,-314125.7781483168,-458936.15227921784,-144810.37413090107,0.15398885992537178
354,w155463441,304.4361848443746,mfh,36817.49098632539,40908.32331813932,46021.863732906735,r1,-66016.07891003667,-96449.15301802589,-30433.074107989218,0.1672839132965377
355,w155463442,681.7836883433163,mfh,140478.59578651958,156087.3286516884,175598.24473314948,r2,-231868.00099827655,-338757.9613557835,-106889.96035750696,0.15398885992537178
356,w155463445,701.5969566701912,mfh,129101.85554045986,143446.50615606652,161377.31942557482,r2,-213090.03696780442,-311323.4521264471,-98233.41515864269,0.15398885992537178
357,w155463446,527.3302180506289,mfh,100434.10414036695,111593.44904485217,125542.63017545869,r2,-165772.26465495676,-242192.4292358994,-76420.16458094266,0.15398885992537178
358,w155463447,540.1562461696565,mfh,128549.57621013428,142832.86245570474,160686.97026266783,r2,-212178.46817258478,-309991.65478755324,-97813.18661496846,0.15398885992537178
359,w155463448,488.2503870327026,mfh,106011.60874297086,117790.67638107872,132514.51092871357,r2,-174978.25675306795,-255642.33651929715,-80664.0797662292,0.15398885992537178
360,w155463452,416.2699146196246,mfh,40700.76121869014,45223.06802076682,50875.95152336267,r1,-72979.02687908766,-106621.98432233183,-33642.95744324417,0.1672839132965377
361,w155463453,826.68092449978,mfh,157513.59483929275,175015.10537699194,196891.99354911593,r2,-259985.24658476101,-379837.11308352946,-119851.86649876845,0.15398885992537178
362,w155463454,830.106713430956,mfh,128563.67585865571,142848.52873183967,160704.59482331964,r2,-212201.74045331296,-310025.65547044884,-97823.91501713588,0.15398885992537178
363,w155463458,653.3753796381876,mfh,110066.935375623,122296.59486180333,137583.66921952873,r2,-181671.80657425968,-265421.5785099897,-83749.77193573004,0.15398885992537178
364,w155463459,716.456727950275,mfh,159939.53149426932,177710.59054918814,199924.41436783664,r2,-263989.39454472973,-385687.1527355987,-121697.75819086895,0.15398885992537178
365,w155463463,389.00259175430983,mfh,37000.96483362116,41112.18314846796,46251.206042026446,r1,-66345.05906747066,-96929.79134232692,-30584.73227485626,0.1672839132965377
366,w155463464,681.5525098629297,mfh,147409.13455167686,163787.92727964095,184261.41818959606,r2,-243307.25379206263,-355470.65107222786,-112163.39728016523,0.15398885992537178
367,w155463468,854.9059582386632,mfh,161158.33487353215,179064.81652614684,201447.91859191516,r2,-266001.09961323056,-388626.24353260564,-122625.14391937508,0.15398885992537178
368,w155463469,716.6904537379742,mfh,100679.18201464991,111865.75779405545,125848.97751831239,r2,-166176.77978041585,-242783.4237614403,-76606.64398102445,0.15398885992537178
369,w155463470,608.2978411447257,mfh,64367.74654988399,71519.71838875998,80459.68318735498,r2,-106242.66734532313,-155219.99259902124,-48977.3252536981,0.15398885992537178
370,w155463473,376.1376306014136,mfh,43550.29606288637,48389.217847651526,54437.870078607964,r1,-78088.42222602281,-114086.78474341857,-35998.362517395755,0.1672839132965377
371,w155463474,720.4433401308954,mfh,113607.86032097694,126230.95591219659,142009.82540122117,r2,-187516.30682831857,-273960.3634336716,-86444.05660535302,0.15398885992537178
372,w155463478,851.8925360153429,mfh,87684.85616685112,97427.61796316791,109606.0702085639,r2,-144728.89769005068,-211448.17792738782,-66719.28023733714,0.15398885992537178
373,w155463479,376.5337288361043,mfh,73343.18571827096,81492.42857585663,91678.9821478387,r2,-121057.14585291104,-176863.86978851256,-55806.72393560152,0.15398885992537178
374,w155463480,664.0854127705097,mfh,73172.86575571459,81303.18417301621,91466.08219464324,r2,-120776.02295993977,-176453.15068236864,-55677.127722428864,0.15398885992537178
375,w155463484,531.1159037780716,mfh,68085.21955592721,75650.24395103024,85106.52444490901,r2,-112378.57032648756,-164184.51541384286,-51805.9450873553,0.15398885992537178
376,w155463485,716.6882258921862,mfh,156635.6177374834,174039.57526387044,195794.52217185425,r2,-258536.09488745788,-377719.90987929207,-119183.8149918342,0.15398885992537178
377,w155463490,790.5601109853014,mfh,123664.69792456762,137405.21991618624,154580.87240570952,r2,-204115.69564234483,-298211.9854349038,-94096.289792559,0.15398885992537178
378,w155463491,681.5525530032813,mfh,145223.38843852136,161359.32048724595,181529.2355481517,r2,-239699.5541342636,-350199.82035820856,-110500.26622394496,0.15398885992537178
379,w155463494,531.001435648324,mfh,121396.79106492685,134885.32340547428,151745.98883115855,r2,-200372.384947566,-292743.02769073466,-92370.64274316866,0.15398885992537178
380,w155463495,716.4590312853455,mfh,194715.2919888105,216350.32443201166,243394.1149860131,r2,-321388.787127766,-469547.3711821888,-148158.5840544228,0.15398885992537178
381,w155463496,611.941689690575,mfh,117319.52164410007,130355.02404900007,146649.40205512507,r2,-193642.6172926047,-282910.8716304866,-89268.25433788192,0.15398885992537178
382,w155463500,1108.025532820262,mfh,189211.96397521914,210235.51552802126,236514.9549690239,r2,-312305.22775557236,-456276.33748400543,-143971.10972843308,0.15398885992537178
383,w155463502,540.1563036605716,mfh,128339.86474938868,142599.84972154297,160424.83093673585,r2,-211832.32734652323,-309485.94481431943,-97653.6174677962,0.15398885992537178
384,w155463507,1267.198863344267,mfh,243694.52630388393,270771.69589320436,304618.1578798549,r2,-402231.8300659277,-587658.6426712343,-185426.81260530662,0.15398885992537178
385,w155463508,530.6506136165466,mfh,129287.7332827833,143653.03698087033,161609.66660347913,r2,-213396.83887097903,-311771.68813491764,-98374.84926393861,0.15398885992537178
386,w155463511,1747.3368958860635,mfh,363833.3623965188,404259.2915516876,454791.7029956485,r2,-600527.887989166,-877368.1672186246,-276840.27922945865,0.15398885992537178
387,w155463513,612.2091895099729,mfh,81863.33408033723,90959.26008926358,102329.16760042153,r2,-135120.14070177203,-197409.83320324193,-62289.69250146989,0.15398885992537178
388,w155463514,830.106801855378,mfh,139422.1532182098,154913.50357578867,174277.69152276224,r2,-230124.28178531036,-336210.39652054023,-106086.11473522987,0.15398885992537178
389,w155463518,691.345141955465,mfh,147043.30734450815,163381.45260500905,183804.13418063518,r2,-242703.4349486148,-354588.4748359471,-111885.0398873323,0.15398885992537178
390,w155463519,507.32179623667616,mfh,120511.05663182377,133901.17403535973,150638.8207897797,r2,-198910.42932885347,-290607.1180229258,-91696.68869407233,0.15398885992537178
391,w155463522,1139.1653657640795,mfh,129564.6746402093,143960.74960023255,161955.84330026162,r2,-213853.946507773,-312439.5200500324,-98585.5735422594,0.15398885992537178
392,w155463523,446.09937440417707,mfh,52022.345619720814,57802.60624413424,65027.93202465102,r2,-85865.8731499338,-125449.60069122295,-39583.72754128915,0.15398885992537178
393,w155463528,681.6119319483638,mfh,145299.12111785548,161443.46790872831,181623.90139731934,r2,-239824.5552767446,-350382.4463868616,-110557.89111011702,0.15398885992537178
394,w155463529,691.3949336603283,mfh,83645.16797269836,92939.0755252204,104556.45996587294,r2,-138061.16001093853,-201706.64734401097,-63645.48733307244,0.15398885992537178
395,w155463531,507.3216828555101,mfh,113942.75365584018,126603.0596176002,142428.44206980022,r2,-188069.06753657904,-274767.94399606786,-86698.87645948882,0.15398885992537178
396,w155463534,640.8467616457492,mfh,122260.31843807886,135844.79826453206,152825.39804759857,r2,-201797.68653674424,-294825.3860092106,-93027.69947246637,0.15398885992537178
397,w155463535,684.7868416263722,mfh,116742.79895402241,129714.2210600249,145928.498692528,r2,-192690.70332642394,-281520.130203549,-88829.42687712505,0.15398885992537178
398,w155463536,691.6131192699074,mfh,136389.13351476841,151543.481683076,170486.4168934605,r2,-225118.10834167723,-328896.40277126385,-103778.29442958662,0.15398885992537178
399,w155463537,507.3215693686623,mfh,116962.91242618492,129958.79158464991,146203.64053273114,r2,-193054.01327052867,-282050.9241702685,-88996.91089973986,0.15398885992537178
400,w155463538,643.413233704865,mfh,67471.69315381986,74968.54794868872,84339.61644227481,r2,-111365.90971709137,-162705.0234524363,-51339.113735344916,0.15398885992537178
401,w155463539,710.019569536671,mfh,142524.36317914963,158360.40353238847,178155.45397393702,r2,-235244.6577279426,-343691.2395356753,-108446.58180773273,0.15398885992537178
402,w155463540,840.6794232809916,mfh,134223.12657489546,149136.8073054394,167778.90821861933,r2,-221542.98932454275,-323673.1722063108,-102130.18288176804,0.15398885992537178
403,w155463541,696.2558067506179,mfh,141763.63774080755,157515.15304534172,177204.54717600942,r2,-233989.03664410883,-341856.7835660566,-107867.74692194775,0.15398885992537178
404,w155463542,640.557884996757,mfh,65685.4859572708,72983.87328585643,82106.85744658849,r2,-108417.67201786238,-158397.66328077333,-49979.991262910946,0.15398885992537178
405,w155463543,587.0278481058776,mfh,137426.15151832922,152695.72390925468,171782.6893979115,r2,-226829.7661934561,-331397.12612209626,-104567.35992864016,0.15398885992537178
406,w155463544,825.5248426020145,mfh,98226.61890138821,109140.68766820912,122783.27362673526,r2,-162128.6833198113,-236869.17557513653,-74740.49225532523,0.15398885992537178
407,w155463545,709.4769112125038,mfh,121865.120671904,135405.68963544889,152331.40083988,r2,-201145.38989661267,-293872.3839603775,-92726.99406376481,0.15398885992537178
408,w155463546,647.0489746004342,mfh,129916.9711354388,144352.19015048756,162396.2139192985,r2,-214435.43213304013,-313289.0675689875,-98853.63543594736,0.15398885992537178
409,w155463547,586.4484846569597,mfh,65038.9578364076,72265.50870711956,81298.6972955095,r2,-107350.54017379462,-156838.58912462485,-49488.04895083023,0.15398885992537178
410,w155463548,500.40091222245246,mfh,58521.66054916764,65024.06727685293,73152.07568645955,r2,-96593.3662040301,-141122.41307507147,-44529.04687104137,0.15398885992537178
411,w155463549,672.5395986035466,mfh,150879.72380106986,167644.1375567443,188599.6547513373,r2,-249035.66093506798,-363839.82455552724,-114804.16362045927,0.15398885992537178
412,w155463551,586.1050742082298,mfh,118233.46909210505,131370.52121345006,147791.8363651313,r2,-195151.14011488887,-285114.8157441008,-89963.67562921191,0.15398885992537178
413,w155463552,667.035758360289,mfh,140953.13018079853,156614.58908977613,176191.41272599815,r2,-232651.2473055901,-339902.2801973771,-107251.03289178698,0.15398885992537178
414,w155463553,817.6307530952618,mfh,145465.79989078068,161628.66654531186,181832.24986347582,r2,-240099.66817683182,-350784.38492419734,-110684.71674736551,0.15398885992537178
415,w155463556,732.9133296664804,mfh,111950.57145246182,124389.52383606869,139938.21431557726,r2,-184780.85624335357,-269963.884145617,-85183.02790226345,0.15398885992537178
416,w155463558,710.1379440590739,mfh,170426.45641544508,189362.72935049454,213033.07051930635,r2,-281298.6672099209,-410975.911405904,-129677.2441959831,0.15398885992537178
417,w155463561,654.0662793286144,mfh,66767.48224207119,74186.09138007909,83459.35280258898,r2,-110203.56910944126,-161006.84978054822,-50803.28067110696,0.15398885992537178
418,w155463562,586.3292756803334,mfh,121242.91613734883,134714.35126372092,151553.64517168602,r2,-200118.40553054877,-292371.9650638749,-92253.55953332613,0.15398885992537178
419,w155463566,653.8032613813876,mfh,132855.68745823152,147617.43050914613,166069.6093227894,r2,-219285.95242370735,-320375.652859355,-101089.70043564762,0.15398885992537178
420,w155463567,133.41999841853976,sfh,64165.75550151626,71295.28389057361,80207.19437689532,r2,-105909.26950387728,-154732.90006101527,-48823.63055713799,0.15398885992537178
421,w155463569,886.7166110530495,mfh,185351.85354723278,205946.50394136974,231689.81693404095,r2,-305933.8935066882,-446967.8507934063,-141033.95728671813,0.15398885992537178
422,w155463572,311.3570919752121,mfh,35890.06917924034,39877.854643600374,44862.58647405042,r1,-64353.15323098496,-94019.62712184184,-29666.473890856883,0.1672839132965377
423,w155463574,863.4385226266459,mfh,143979.5524771122,159977.28053012467,179974.44059639025,r2,-237646.53134935477,-347200.3645892436,-109553.83323988883,0.15398885992537178
424,w155463577,931.9227139726281,mfh,104741.59050899002,116379.54500998891,130926.98813623752,r2,-172882.01862158775,-252579.74335042876,-79697.72472884101,0.15398885992537178
425,w155463578,931.2066993936896,mfh,190645.967927451,211828.85325272335,238307.45990931377,r2,-314672.1337455277,-459734.3750071909,-145062.2412616632,0.15398885992537178
426,w155463581,136.57608463019133,sfh,46033.7954308567,51148.661589840776,57542.24428857087,r1,-82541.49292304151,-120592.6982140162,-38051.205290974685,0.1672839132965377
427,w155463583,949.1963916398585,mfh,203597.78521864722,226219.76135405246,254497.23152330902,r2,-336049.8530186353,-490967.11332474777,-154917.26030611247,0.15398885992537178
428,w155463586,949.1754787907004,mfh,101711.11223859426,113012.34693177139,127138.89029824281,r2,-167880.03995934935,-245271.87815527577,-77391.83819592642,0.15398885992537178
429,w155463589,722.9646147996187,mfh,79863.38270239974,88737.09189155528,99829.22837799968,r2,-131819.10593914654,-192587.0383297057,-60767.932390559174,0.15398885992537178
430,w155463591,591.1442194825038,mfh,190912.6672966541,212125.18588517123,238640.83412081763,r2,-315112.33639176283,-460377.50881772116,-145265.17242595833,0.15398885992537178
431,w155463593,535.6290349200369,mfh,124635.87387943457,138484.30431048284,155794.8423492932,r2,-205718.6774063055,-300553.9335782952,-94835.25617198972,0.15398885992537178
432,w155463596,724.8313003255054,mfh,124750.0851810797,138611.20575675523,155937.6064763496,r2,-205907.18972774208,-300829.34911396797,-94922.15938622589,0.15398885992537178
433,w155463597,752.1160736689344,mfh,96345.81377389302,107050.90419321446,120432.26721736627,r2,-159024.30629541152,-232333.6966494644,-73309.39035405288,0.15398885992537178
434,w155463600,535.4490051213652,mfh,64489.169061256325,71654.6322902848,80611.4613265704,r2,-106443.08218311722,-155512.79765010317,-49069.715466985945,0.15398885992537178
435,w155463601,907.8308945208788,mfh,178349.14469125378,198165.7163236153,222936.43086406722,r2,-294375.5198276385,-430081.12607397273,-135705.6062463342,0.15398885992537178
436,w155463605,389.4215188790113,mfh,42998.73447932191,47776.37164369101,53748.41809915238,r1,-77099.43758723089,-112641.88325374802,-35542.44566651713,0.1672839132965377
437,w155463606,690.2915003947913,mfh,150889.27825945674,167654.75362161858,188611.59782432092,r2,-249051.43111809395,-363862.864712121,-114811.43359402707,0.15398885992537178
438,w155463610,725.1058211326599,mfh,121676.56395498163,135196.1821722018,152095.70494372703,r2,-200834.16619179983,-293417.68772237096,-92583.52153057113,0.15398885992537178
439,w155463611,1002.8680375270545,mfh,112403.2420384642,124892.49115384911,140504.05254808025,r2,-185528.01507776132,-271055.47937420924,-85527.46429644793,0.15398885992537178
440,w155463612,535.6290688522159,mfh,63516.22491576578,70573.58323973975,79395.28114470722,r2,-104837.18191884708,-153166.58559271405,-48329.40367386697,0.15398885992537178
441,w155463616,543.6235096465331,mfh,122018.55650405756,135576.1738933973,152523.19563007195,r2,-201398.64456138044,-294242.38772791415,-92843.7431665337,0.15398885992537178
442,w155463618,752.1486698825844,mfh,105934.48935557003,117704.98817285558,132418.1116944625,r2,-174850.9667691759,-255456.36650507085,-80605.39973589496,0.15398885992537178
443,w155463621,238.18491610530762,mfh,34948.383067365656,38831.5367415174,43685.47883420707,r1,-62664.65075554212,-91552.7336571871,-28888.08290164498,0.1672839132965377
444,w155463623,73.76475410088896,mfh,22421.042859551795,24912.269843946437,28026.303574439742,r1,-40202.34119731941,-58735.414490569485,-18533.073293250076,0.1672839132965377
445,w155463625,52.41574023310095,sfh,20553.391514291106,22837.10168254567,25691.73939286388,r1,-36853.524771155026,-53842.81085143844,-16989.28608028341,0.1672839132965377
446,w155463626,98.3909645654261,mfh,25128.444148181297,27920.49349797922,31410.55518522662,r1,-45056.88213216161,-65827.8739214746,-20770.99178931299,0.1672839132965377
447,w155463629,643.7923131911084,mfh,111830.1906569181,124255.76739657567,139787.73832114763,r2,-184582.1608174417,-269673.5911464846,-85091.4303290429,0.15398885992537178
448,w155463631,546.7249739198014,mfh,62732.02766693095,69702.25296325661,78415.03458366368,r2,-103542.81926197656,-151275.52838340227,-47732.70912142571,0.15398885992537178
449,w155463632,612.4270064728335,mfh,67447.16411095476,74941.2934566164,84308.95513869345,r2,-111325.42312122468,-162645.87274333028,-51320.4496221056,0.15398885992537178
450,w155463633,683.6260891854763,mfh,139780.5863489692,155311.76260996578,174725.73293621148,r2,-230715.89628042554,-337074.7422664427,-106358.84598601714,0.15398885992537178
451,w155463638,279.5906790524721,ab,74333.61459427596,82592.90510475107,92917.01824284495,r2,-122691.90567040838,-179252.24550528885,-56560.33983488048,0.15398885992537178
452,w155463639,282.758548167441,other,56433.00137139599,62703.33485710666,70541.25171424498,nr2,-87048.12656984697,-127182.90022420607,-40134.7736543591,0.15398885992537178
453,w155463640,56.80619836300611,sfh,27046.591334301986,30051.768149224426,33808.23916787748,r1,-48496.24077957841,-70852.75928191273,-22356.518502334322,0.1672839132965377
454,w155463643,240.41873629689215,ab,75037.37822127706,83374.86469030785,93796.72277659632,r2,-123853.50800886014,-180949.34056966106,-57095.83256080092,0.15398885992537178
455,w155463644,98.43792371228336,mfh,22355.05352604927,24838.948362276966,27943.816907561584,r1,-40084.01816848126,-58562.54515172979,-18478.52698324853,0.1672839132965377
456,w155463645,98.39091195091605,mfh,20653.13311022937,22947.925678032632,25816.41638778671,r1,-37032.36773116333,-54104.099499610704,-17071.731768447375,0.1672839132965377
457,w155463647,97.66299930792302,mfh,20488.666846367254,22765.185384852502,25610.833557959068,r1,-36737.46936730706,-53673.25450108998,-16935.78513378292,0.1672839132965377
458,w155463653,376.11661268314344,mfh,49110.00769747382,54566.67521941535,61387.50962184227,r1,-88057.33515716997,-128651.31545463917,-40593.9802974692,0.1672839132965377
459,w155463654,482.5493668295443,mfh,128100.40169958616,142333.77966620683,160125.50212448268,r2,-211437.0798117668,-308908.49019130756,-97471.41037954076,0.15398885992537178
460,w155463656,73.78574474137277,mfh,31212.558598147167,34680.62066460796,39015.698247683955,r1,-55966.08232116472,-81766.15949834594,-25800.077177181214,0.1672839132965377
461,w155463657,470.15250823192764,mfh,81792.30738490765,90880.34153878628,102240.38423113455,r2,-135002.90705635745,-197238.55544800207,-62235.648391644616,0.15398885992537178
462,w155463660,49.947176152281465,mfh,13905.87916358521,15450.97684842801,17382.348954481513,r1,-24934.116681596806,-36428.61670820955,-11494.500026612743,0.1672839132965377
463,w155463661,78.16354378722608,sfh,28288.13498176796,31431.261090853288,35360.168727209944,r1,-50722.40669163935,-74105.17627245345,-23382.7695808141,0.1672839132965377
464,w155463663,104.99722011834383,sfh,34819.968665618944,38688.85407290994,43524.96083202368,r1,-62434.395649835846,-91216.33212758838,-28781.936477752533,0.1672839132965377
465,w155463665,467.86907609552145,trade,91176.58615386307,101307.31794873675,113970.73269232883,nr2,-140640.24274546036,-205484.42184165266,-64844.179096192296,0.15398885992537178
466,w155463667,587.3173447391018,mfh,146194.04394705163,162437.82660783513,182742.55493381454,r2,-241301.67687161564,-352540.5134681266,-111238.83659651096,0.15398885992537178
467,w155463669,557.4523567564785,mfh,140665.8284842114,156295.3649824571,175832.28560526425,r2,-232177.0393332076,-339209.46477959055,-107032.42544638296,0.15398885992537178
468,w155463671,449.48969881236553,mfh,64400.332306606986,71555.92478511887,80500.41538325873,r2,-106296.45201073834,-155298.57171959765,-49002.1197088593,0.15398885992537178
469,w155576276,58.73152135126293,other,29597.66649141012,32886.2961015668,36997.08311426265,nr1,-49594.24686346771,-72460.37794357263,-22866.13108010492,0.16727723870065767
470,w159548666,1258.4072781499474,other,172565.87823967956,191739.86471075506,215707.34779959943,nr2,-266183.54589692876,-388911.2459183161,-122727.70002138737,0.15398885992537178
471,w159548667,15669.025621107221,trade,1971364.4926983076,2190404.9918870083,2464205.615872884,nr2,-3040837.4834850547,-4442858.743775323,-1402021.2602902683,0.15398885992537178
472,w159548669,2256.2803165019486,trade,261494.21083095495,290549.1231455055,326867.76353869366,nr2,-403355.84867957793,-589328.7848797285,-185972.93620015052,0.15398885992537178
473,w159548670,188.14899220019578,mfh,54902.009333985516,61002.23259331724,68627.51166748189,r2,-90618.92371422412,-132393.78321079325,-41774.85949656913,0.15398885992537178
474,w159548671,318.3455893772654,other,44276.71471391971,49196.34968213301,55345.89339239964,nr1,-74190.65690407573,-108397.31176785461,-34206.65486377888,0.16727723870065767
475,w159548672,170.00981159284711,ab,55824.92384522273,62027.693161358584,69781.1548065284,r2,-92142.24719005152,-134619.35100339496,-42477.103813343434,0.15398885992537178
476,w159548674,118.95309109317604,trade,33383.24480259189,37092.494225102106,41729.056003239864,nr1,-55937.41264446689,-81728.15029457309,-25790.737650106203,0.16727723870065767
477,w159548675,865.047436706489,mfh,193209.26924096223,214676.96582329136,241511.58655120278,r2,-318903.00997398404,-465915.66349775397,-147012.65352376993,0.15398885992537178
478,w159548677,106.67055884185247,other,25288.07003564535,28097.855595161498,31610.087544556685,nr1,-42373.029252574204,-61909.71551011272,-19536.686257538517,0.16727723870065767
479,w159872586,633.9711885744706,mfh,112918.80769710969,125465.34188567742,141148.50962138711,r2,-186378.9858465406,-272298.74330698093,-85919.75746044033,0.15398885992537178
480,w159872589,1091.462102752924,mfh,200048.88086819276,222276.53429799195,250061.10108524095,r2,-330192.1822975779,-482409.08641626703,-152216.90411868913,0.15398885992537178
481,w159872591,2692.1037788091226,mfh,426142.4340857789,473491.5934286432,532678.0426072236,r2,-703372.5940866156,-1027623.7558458182,-324251.1617592026,0.15398885992537178
482,w159872593,436.90541737405584,mfh,73718.42960653547,81909.36622948386,92148.03700816934,r2,-121676.50747004262,-177768.75393750326,-56092.246467460645,0.15398885992537178
483,w159872596,218.88012801047884,mfh,53396.64036048387,59329.60040053763,66745.80045060483,r2,-88134.2256525985,-128763.65207446965,-40629.42642187115,0.15398885992537178
484,w159872599,487.8712977081537,mfh,88953.80797896282,98837.56442106981,111192.25997370352,r2,-146823.37563090803,-214508.19946677552,-67684.82383586749,0.15398885992537178
485,w159872601,629.8896718598901,mfh,127483.5024611991,141648.336067999,159354.37807649886,r2,-210418.8521421257,-307420.864783409,-97002.0126412833,0.15398885992537178
486,w159872603,453.131132603623,mfh,65570.2207830621,72855.800870069,81962.77597882763,r2,-108227.42021915349,-158119.70637771895,-49892.28615856546,0.15398885992537178
487,w159872608,317.054659525305,mfh,90295.55495996469,100328.39439996076,112869.44369995585,r2,-149038.0061843281,-217743.7633574496,-68705.75717312153,0.15398885992537178
488,w159872611,474.9952949794941,mfh,106389.89735925275,118210.99706583639,132987.37169906593,r2,-175602.64386888864,-256554.56289612182,-80951.91902723318,0.15398885992537178
489,w159872613,461.6615135567263,mfh,117487.30554018391,130541.45060020433,146859.13192522989,r2,-193919.55426201876,-283315.47512376227,-89395.9208617435,0.15398885992537178
490,w159872615,129.00588214695452,mfh,35300.25422503271,39222.50469448079,44125.31778129088,r1,-63295.57789067313,-92474.51496871277,-29178.937078039642,0.1672839132965377
491,w159872617,185.93316667452453,mfh,49655.938212222434,55173.26468024715,62069.92276527804,r1,-89036.22293511302,-130081.46548234626,-41045.24254723324,0.1672839132965377
492,w159872620,129.2747205838561,mfh,42371.2083776176,47079.12041957511,52964.010472022,r1,-75974.24378563245,-110997.98087515942,-35023.73708952697,0.1672839132965377
493,w159872622,447.3657494872576,mfh,68473.34354301219,76081.4928255691,85591.67942876523,r2,-113019.19128743192,-165120.4593552102,-52101.26806777826,0.15398885992537178
494,w159872625,238.36158968657256,mfh,48722.326522949574,54135.91835883286,60902.90815368696,r1,-87362.19840766053,-127635.7242255197,-40273.525817859176,0.1672839132965377
495,w159872628,167.04002443812786,mfh,26306.856925514938,29229.84102834993,32883.57115689367,r1,-47169.85042014047,-68914.9097632614,-21745.059343120927,0.1672839132965377
496,w159872630,195.52493976540862,mfh,34338.764195132855,38154.18243903651,42923.45524391607,r1,-61571.56574360267,-89955.74205576332,-28384.17631216065,0.1672839132965377
497,w159872632,133.65780365467072,th,16477.88462317202,18308.760692413354,20597.355778965022,r1,-29545.884372127155,-43166.38567315675,-13620.501301029595,0.1672839132965377
498,w159872635,49.369007284846155,th,22380.32681980364,24867.02979978182,27975.408524754548,r1,-40129.33477507525,-58628.75248175915,-18499.417706683897,0.1672839132965377
499,w159872640,133.91130499513818,mfh,39635.3061200242,44039.229022249114,49544.132650030246,r1,-71068.59881937128,-103830.8587162107,-32762.259896839416,0.1672839132965377
500,w159872643,87.82295271442271,other,35046.307894264784,38940.34210473865,43807.88486783098,nr1,-58724.06346174953,-85799.62600370025,-27075.56254195072,0.16727723870065767
501,w159872648,133.79360626488923,mfh,37854.23601442721,42060.26223825246,47317.79501803401,r1,-67875.02800600245,-99165.06812188803,-31290.040115885582,0.1672839132965377
502,w159872651,467.48304517045614,other,134999.97203711804,149999.96893013114,168749.96504639756,nr2,-208237.98783045576,-304249.0662665717,-96011.07843611593,0.15398885992537178
503,w159872654,134.11286987382917,mfh,36431.14482459692,40479.049805107694,45538.93103074615,r1,-65323.335922505845,-95437.05906289147,-30113.72314038562,0.1672839132965377
504,w159872660,131.42538360562176,mfh,32677.13716339124,36307.93018154582,40846.42145423905,r1,-58592.16388030767,-85602.85120008659,-27010.687319778917,0.1672839132965377
505,w159872663,509.8066861014813,other,40789.69983623175,45321.88870692417,50987.12479528969,nr1,-68347.76801583076,-99860.47606813956,-31512.708052308793,0.16727723870065767
506,w159872669,96.41428965386004,other,28697.887838121846,31886.542042357607,35872.3597976523,nr1,-48086.56568641925,-70257.55897128141,-22170.99328486216,0.16727723870065767
507,w159872671,385.8471666022902,mfh,88774.61527216679,98638.46141351866,110968.26909020849,r2,-146527.6077633148,-214076.08412775048,-67548.47636443569,0.15398885992537178
508,w159872676,450.3884779855609,trade,76847.61831763922,85386.24257515468,96059.52289704903,nr2,-118537.75350137243,-173191.26637687822,-54653.512875505796,0.15398885992537178
509,w159872680,74.82275880910456,trade,25219.515671661942,28021.684079624378,31524.394589577427,nr1,-42258.15864100257,-61741.88217347583,-19483.72353247326,0.16727723870065767
510,w159872682,128.20031198486686,mfh,40209.65990071562,44677.39988968402,50262.07487589452,r1,-72098.45130232525,-105335.46791679319,-33237.01661446794,0.1672839132965377
511,w159872688,74.73616111706941,trade,23790.325404164127,26433.694893515694,29737.906755205157,nr1,-39863.38826402969,-58242.96894103493,-18379.580677005244,0.16727723870065767
512,w159872690,271.2794532585889,mfh,86576.21769277228,96195.79743641363,108220.27211596534,r2,-142899.02613292684,-208774.74495877908,-65875.71882585224,0.15398885992537178
513,w159872699,406.91918786983007,mfh,88840.55859697518,98711.73177441687,111050.69824621898,r2,-146636.45101318427,-214235.1035580918,-67598.65254490753,0.15398885992537178
514,w159872700,406.7131608505966,mfh,63430.90905740524,70478.78784156138,79288.63632175654,r2,-104696.36318827284,-152960.85014890702,-48264.48696063418,0.15398885992537178
515,w159872708,435.5580747295171,mfh,82901.00870076058,92112.23188973397,103626.26087595071,r2,-136832.88233744327,-199912.13995678778,-63079.25761934451,0.15398885992537178
516,w159872710,142.59727319749075,mfh,21777.975412659216,24197.75045851024,27222.46926582402,r1,-39049.28078550852,-57050.799137250324,-18001.518351741805,0.1672839132965377
517,w159872717,364.7500545413,mfh,92648.7452669225,102943.05029658055,115810.93158365312,r2,-152922.08211338992,-223418.3783876186,-70496.29627422869,0.15398885992537178
518,w159872718,186.0198295045644,mfh,63209.79611897486,70233.10679886096,79012.24514871858,r2,-104331.40356761562,-152427.6460131973,-48096.242445581694,0.15398885992537178
519,w159872719,169.79583046399057,mfh,62964.44540983133,69960.49489981259,78705.55676228915,r2,-103926.438112529,-151835.99355837805,-47909.55544584905,0.15398885992537178
520,w159872726,172.48843573874328,mfh,41050.78247638799,45611.98052931999,51313.478095484985,r1,-73606.63702712717,-107538.91953271325,-33932.282505586074,0.1672839132965377
521,w159872727,172.59632431017235,mfh,21043.444879268325,23381.60542140925,26304.306099085406,r1,-37732.22130222721,-55126.581980851945,-17394.360678624733,0.1672839132965377
522,w159872732,140.4957689295523,mfh,47225.41326906549,52472.681410072764,59031.766586331854,r1,-84678.13871639597,-123714.32676983213,-39036.188053436155,0.1672839132965377
523,w159872736,118.37831126665697,mfh,36274.088174880875,40304.54241653431,45342.61021860109,r1,-65041.723463230664,-95025.62470288611,-29983.901239655446,0.1672839132965377
524,w159872737,187.97203346798193,mfh,61556.52722070218,68396.14135633575,76945.65902587771,r2,-101602.58817471648,-148440.8607067519,-46838.27253203542,0.15398885992537178
525,w159872743,753.6066189933568,other,113283.89066886077,125870.98963206752,141604.86333607594,nr2,-174740.84690923398,-255307.59331986206,-80566.74641062808,0.15398885992537178
526,w159872746,394.377677144669,mfh,44537.18740147157,49485.76377941285,55671.484251839465,r1,-79857.98051851674,-116672.10034145106,-36814.11982293433,0.1672839132965377
527,w159872748,575.8923149108887,trade,55207.313642999135,61341.45960333237,69009.14205374892,nr2,-85157.49842808953,-124420.57115648885,-39263.07272839932,0.15398885992537178
528,w159872750,127.08080641776323,mfh,24037.222862000235,26708.025402222484,30046.528577500292,r1,-43100.25367631174,-62969.24977333548,-19868.996097023744,0.1672839132965377
529,w159872753,434.5401292324066,other,88884.54137689188,98760.60152987986,111105.67672111484,nr2,-137104.75466222907,-200318.84682180797,-63214.0921595789,0.15398885992537178
530,w159872756,252.43327465518377,mfh,78579.29604288908,87310.32893654342,98224.12005361135,r2,-129699.64706228138,-189490.51977081405,-59790.87270853267,0.15398885992537178
531,w159872759,386.07803563163617,mfh,89723.47994521554,99692.75549468394,112154.34993151942,r2,-148093.76347355582,-216364.22959535604,-68270.46612180021,0.15398885992537178
532,w159872763,1345.7076428122818,trade,221339.4897592335,245932.76639914833,276674.3621990418,nr2,-341417.03349545744,-498832.2002663121,-157415.16677085467,0.15398885992537178
533,w159872767,486.0339612279087,mfh,83343.79298090824,92604.21442323137,104179.7412261353,r2,-137563.72325549545,-200979.89479319824,-63416.17153770279,0.15398885992537178
534,w159872769,563.4171857964247,other,124167.66940780358,137964.07711978175,155209.58675975446,nr2,-191529.1184206251,-279836.3355766742,-88307.2171560491,0.15398885992537178
535,w159872774,2747.8572637828997,other,413797.37386652373,459774.85985169304,517246.71733315464,nr2,-638284.0766796593,-932574.0051844902,-294289.9285048309,0.15398885992537178
536,w159872776,80.53474041707815,sfh,36321.68634447571,40357.42927163968,45402.10793059463,r1,-65127.06997750328,-95150.3155229188,-30023.24554541552,0.1672839132965377
537,w159872779,530.1892838459462,trade,114419.59653572936,127132.8850396993,143024.4956696617,nr2,-176492.67767567988,-257867.1305133456,-81374.45283766571,0.15398885992537178
538,w159872782,386.9254036822822,mfh,61146.105877939306,67940.11764215479,76432.63234742412,r2,-100925.16414594791,-147451.14767187412,-46525.9835259262,0.15398885992537178
539,w159872787,649.6997715241275,sfh,178209.46733573131,198010.51926192368,222761.83416966413,r2,-294144.9743197738,-429744.3002683086,-135599.32594853482,0.15398885992537178
540,w159872789,103.62989482581615,mfh,33686.438755273215,37429.37639474802,42108.04844409152,r1,-60401.90516763369,-88246.8739476692,-27844.96878003551,0.1672839132965377
541,w159872791,7102.280937734339,other,1048520.3896910504,1165022.6552122782,1310650.487113813,nr2,-1617346.8249936893,-2363047.522982096,-745700.6979884065,0.15398885992537178
542,w159872796,295.65545302389654,other,52305.65320515192,58117.392450168794,65382.06650643989,nr2,-80681.67579030106,-117881.10699574863,-37199.431205447574,0.15398885992537178
543,w159872797,3172.659030787088,other,449508.16779551905,499453.5197727989,561885.2097443988,nr2,-693368.1167678857,-1013055.3233994854,-319687.2066315997,0.15398885992537178
544,w159872802,393.79842739673325,mfh,75178.90920692091,83532.12134102323,93973.63650865114,r2,-124087.11303983882,-181290.6363229176,-57203.52328307877,0.15398885992537178
545,w159872803,469.9664310747758,mfh,46940.21759095484,52155.79732328315,58675.271988693545,r1,-84166.76491316894,-122967.21226362117,-38800.44735045223,0.1672839132965377
546,w159872804,664.4021281981841,mfh,71285.2107419375,79205.78971326388,89106.51342742186,r2,-117660.33980430795,-171901.15355689966,-54240.81375259171,0.15398885992537178
547,w159872808,295.65545226749964,other,56786.49320607678,63096.10356230754,70983.11650759597,nr2,-87593.38911514725,-127979.56380132826,-40386.17468618101,0.15398885992537178
548,w159872809,678.8678823016584,other,119204.66751548543,132449.63057276158,149005.8343943568,nr2,-183873.66848193237,-268651.23184049083,-84777.56335855846,0.15398885992537178
549,w159872812,337.05531151816245,mfh,86157.86629660908,95730.96255178786,107697.33287076134,r2,-142208.51309497902,-207765.90894855905,-65557.39585358003,0.15398885992537178
550,w159872814,765.4437305399682,mfh,145484.1491333942,161649.05459266022,181855.18641674274,r2,-240129.95465699496,-350828.6333165263,-110698.67865953135,0.15398885992537178
551,w159872815,1229.117813373683,mfh,337276.36098132026,374751.51220146695,421595.45122665033,r2,-556694.0299115399,-813327.125173993,-256633.09526245308,0.15398885992537178
552,w159872820,336.8380303993821,mfh,84037.26817074124,93374.74241193471,105046.58521342654,r2,-138708.34393673312,-202652.17974339557,-63943.83580666245,0.15398885992537178
553,w159872826,1791.1392054180615,th,335754.3027910823,373060.33643453586,419692.8784888529,r2,-554181.7853379265,-809656.7487248046,-255474.96338687814,0.15398885992537178
554,w159872827,157.03123329076917,th,53422.40493792502,59358.22770880558,66778.00617240627,r2,-88176.7515693362,-128825.78222091857,-40649.030651582376,0.15398885992537178
555,w159872832,35.670331929810345,sfh,5188.715632226509,5765.239591362788,6485.894540283136,r1,-9303.69374561755,-13592.648889776647,-4288.9551441590975,0.1672839132965377
556,w159872833,162.84196072258055,mfh,61277.51128247401,68086.12364719335,76596.88910309252,r2,-101142.0563230034,-147768.0260311863,-46625.96970818291,0.15398885992537178
557,w159872834,33.79703346360475,sfh,9511.544663891347,10568.382959879274,11889.430829864183,r1,-17054.798310971466,-24916.97294272915,-7862.1746317576835,0.1672839132965377
558,w159872835,42.916394099872555,th,15722.28965503435,17469.210727815946,19652.862068792936,r1,-28191.055031389908,-41186.9869485498,-12995.93191715989,0.1672839132965377
559,w159872839,58.88304680213332,other,22228.099409219543,24697.888232466157,27785.124261524426,nr1,-37245.701438201926,-54418.36046861326,-17172.659030411334,0.16727723870065767
560,w159872840,318.65718863122163,other,93068.10267465717,103409.0029718413,116335.12834332146,nr2,-143557.91441823618,-209747.32743041203,-66189.41301217585,0.15398885992537178
561,w159872842,48.8293092939537,other,9355.834850403775,10395.372056004195,11694.793563004718,nr1,-15676.762332578512,-22904.75600279688,-7227.993670218368,0.16727723870065767
562,w159872843,143.51003436879253,mfh,57443.75692324947,63826.3965813883,71804.69615406184,r2,-94814.22428129723,-138523.09584236683,-43708.87156106961,0.15398885992537178
563,w159872845,162.83680398128925,mfh,41746.72914119777,46385.25460133085,52183.41142649721,r1,-74854.51320528185,-109362.0602348201,-34507.547029538255,0.1672839132965377
564,w159872848,156.42925329236314,mfh,21291.72814453538,23657.47571615042,26614.660180669223,r1,-38177.40882567902,-55776.99867145292,-17599.589845773902,0.1672839132965377
565,w159872851,167.48750086340587,mfh,46976.990518218794,52196.65613135421,58721.23814777349,r1,-84232.70108651959,-123063.54467502637,-38830.843588506774,0.1672839132965377
566,w159872853,143.46053532976657,th,18641.830787650975,20713.145319612195,23302.288484563716,r1,-33425.976060188485,-48835.17974763943,-15409.203687450943,0.1672839132965377
567,w159872855,768.5454076524824,other,115726.01355909788,128584.45951010875,144657.51694887233,nr2,-178507.8310724444,-260811.39897145564,-82303.56789901125,0.15398885992537178
568,w159872857,315.41669200100006,mfh,74043.33994281983,82270.37771424426,92554.17492852478,r2,-122212.79066504564,-178552.26093746207,-56339.47027241642,0.15398885992537178
569,w159872858,136.24142913175746,other,51966.23350286974,57740.25944763304,64957.79187858717,nr2,-80158.1195645722,-117116.15774477074,-36958.038180198535,0.15398885992537178
570,w159872860,131.01957194106652,other,39926.17881659091,44362.420907323234,49907.72352073863,nr1,-66900.84061591933,-97746.42226381162,-30845.581647892293,0.16727723870065767
571,w159872862,156.42902136784977,mfh,48134.98854254384,53483.32060282649,60168.7356781798,r1,-86309.06443729498,-126097.10089112434,-39788.036453829365,0.1672839132965377
572,w159872865,158.90607472276315,mfh,21250.92912058293,23612.143467314363,26563.66140072866,r1,-38104.25360753288,-55670.11927259227,-17565.865665059384,0.1672839132965377
573,w159872867,192.56274920739233,mfh,52620.75948791944,58467.5105421327,65775.94935989928,r2,-86853.589653021,-126892.64944112685,-40039.05978810585,0.15398885992537178
574,w159872868,54.98272090442479,other,18044.998718983097,20049.998576647886,22556.24839872887,nr1,-30236.441828274998,-44177.38227938604,-13940.94045111104,0.16727723870065767
575,w159872870,315.09365436807275,mfh,76868.77232545406,85409.74702828229,96085.96540681757,r2,-126876.32929774077,-185365.66698363516,-58489.337685894396,0.15398885992537178
576,w159872874,56.548262861557305,th,25655.925460115897,28506.58384457322,32069.90682514487,r1,-46002.68932812664,-67209.69338841832,-21207.004060291685,0.1672839132965377
577,w159872876,86.08918008172186,other,31303.141973789738,34781.26885976637,39128.92746723717,nr1,-52451.96445134829,-76635.6867660634,-24183.72231471511,0.16727723870065767
578,w159872878,413.8979488207959,mfh,96766.79497961469,107518.66108846077,120958.49372451835,r2,-159719.15998527093,-233348.87432988544,-73629.7143446145,0.15398885992537178
579,w159872879,205.3686287334189,mfh,66855.49163505835,74283.87959450927,83569.36454382293,r2,-110348.83367381671,-161219.08056475816,-50870.246890941446,0.15398885992537178
580,w159872883,329.8948070596903,th,79026.37009855526,87807.07788728362,98782.96262319406,r2,-130437.56850152358,-190568.61921240226,-60131.050710878684,0.15398885992537178
581,w159872884,900.053558271192,other,143972.0234440909,159968.91493787878,179965.02930511363,nr2,-222077.41241334195,-324469.3538849769,-102391.94147163493,0.15398885992537178
582,w159872887,1008.3728146322071,other,276664.73986237287,307405.2665137476,345830.9248279661,nr2,-426756.4493771647,-623518.5644991624,-196762.11512199766,0.15398885992537178
583,w159872892,458.9937253634445,other,143062.30464210061,158958.1162690007,178827.88080262576,nr2,-220674.16758329188,-322419.1231190431,-101744.95553575124,0.15398885992537178
584,w159872895,353.7920229201671,th,102607.22908104869,114008.03231227632,128259.03635131086,r2,-169359.13234176862,-247432.82454705043,-78073.69220528181,0.15398885992537178
585,w159872899,2008.66189844124,other,288066.24065585615,320073.60072872904,360082.80081982014,nr2,-444343.30919391726,-649214.0955286139,-204870.78633469663,0.15398885992537178
587,w160025355,131.5437356668757,ab,49800.95701413298,55334.39668236998,62251.19626766622,r1,-89296.25077551967,-130461.36482478531,-41165.11404926564,0.1672839132965377
588,w160025360,102.43726858533918,mfh,44981.20852414787,49979.120582386524,56226.51065518484,r1,-80654.13834152561,-117835.28284131638,-37181.14449979077,0.1672839132965377
589,w160025362,106.2412323884666,mfh,48176.35524129165,53529.28360143516,60220.444051614555,r1,-86383.23753208293,-126205.46740254304,-39822.22987046011,0.1672839132965377
590,w160025367,104.2175793532282,mfh,43237.007531294315,48041.11947921591,54046.25941411789,r1,-77526.6761681268,-113266.07663124608,-35739.40046311928,0.1672839132965377
591,w160025369,103.97346241511406,mfh,31307.540166698134,34786.15574077571,39134.42520837267,r1,-56136.390252435456,-82014.97851326651,-25878.588260831057,0.1672839132965377
592,w160025373,103.9182820610702,mfh,19528.4876100236,21698.319566692888,24410.6095125295,r1,-35015.807555594125,-51157.91541605465,-16142.107860460528,0.1672839132965377
593,w160025375,104.46434533819556,mfh,15200.83881015165,16889.8209001685,19001.048512689562,r1,-27256.06084245217,-39820.96522946659,-12564.904387014416,0.1672839132965377
594,w160025376,101.26918978765606,other,24444.85545262742,27160.950502919353,30556.069315784272,nr1,-40960.12759016768,-59845.37549226896,-18885.247902101284,0.16727723870065767
595,w160025380,128.15635424628857,th,34848.77791521003,38720.864350233365,43560.97239401253,r1,-62486.05244782489,-91291.80244475846,-28805.74999693357,0.1672839132965377
596,w160025381,64.08582323277369,th,28086.96814171458,31207.742379682866,35108.71017714322,r1,-50361.70188446009,-73578.18839743317,-23216.486512973082,0.1672839132965377
597,w160025384,125.48521707579494,mfh,20982.930538967033,23314.367265518926,26228.663173708792,r1,-37623.715280836375,-54968.055239589965,-17344.33995875359,0.1672839132965377
598,w160025385,125.6767025694251,mfh,19113.271805362478,21236.968672624975,23891.589756703095,r1,-34271.29948101121,-50070.192933983904,-15798.893452972698,0.1672839132965377
599,w160025388,125.67682776004075,mfh,22027.775224300745,24475.305804778607,27534.71903037593,r1,-39497.18757207267,-57705.18865732481,-18208.001085252145,0.1672839132965377
600,w160025389,125.54291224256157,mfh,47965.512281802236,53295.013646446925,59956.89035225279,r1,-86005.18283366667,-125653.13142532721,-39647.94859166055,0.1672839132965377
601,w160025392,101.23846836648882,other,27858.656569021638,30954.062854468484,34823.32071127705,nr1,-46680.33851822758,-68202.97081789728,-21522.632299669698,0.16727723870065767
602,w160025393,241.441205301648,mfh,45315.96209286242,50351.068992069355,56644.95261607802,r1,-81254.37256215417,-118712.22196202593,-37457.84939987176,0.1672839132965377
603,w160025394,520.9474028991534,mfh,62962.95736238052,69958.84151375612,78703.69670297565,r2,-103923.98200463667,-151832.40519733258,-47908.42319269592,0.15398885992537178
604,w160025395,347.3527018059045,mfh,139025.81297444832,154473.12552716478,173782.2662180604,r2,-229470.0994202203,-335254.6394372054,-105784.54001698509,0.15398885992537178
605,w160025396,362.18757194392384,mfh,72576.31056757846,80640.34507508717,90720.38820947307,r2,-119791.37431518483,-175014.58405776828,-55223.20974258345,0.15398885992537178
606,w160025398,216.67090053744613,mfh,39216.56985455993,43573.966505066586,49020.71231819991,r1,-70317.77833696385,-102733.91383865343,-32416.135501689583,0.1672839132965377
607,w160025399,277.5212213275954,mfh,34672.16062353594,38524.62291503994,43340.20077941992,r1,-62169.36652622411,-90829.12593601347,-28659.75940978936,0.1672839132965377
608,w160025402,733.1297983160242,mfh,135601.65691662167,150668.50768513518,169502.07114577707,r2,-223818.33293017835,-326997.43755517516,-103179.1046249968,0.15398885992537178
609,w160025403,118.93753181435167,th,30986.659895695237,34429.62210632804,38733.32486961904,r1,-55561.03172789425,-81174.38265707632,-25613.350929182066,0.1672839132965377
610,w160025405,118.80893169231713,mfh,19132.43207453168,21258.257860590755,23915.5400931646,r1,-34305.65504972395,-50120.38624383365,-15814.7311941097,0.1672839132965377
611,w160025406,118.8714888818562,mfh,28748.62308334191,31942.914537046567,35935.778854177384,r1,-51548.090844368,-75311.49658874502,-23763.40574437702,0.1672839132965377
612,w160025409,118.87152101863175,mfh,32004.557460828604,35560.619400920674,40005.69682603575,r1,-57386.186136355616,-83840.92389566015,-26454.73775930453,0.1672839132965377
613,w160025412,678.325670054555,mfh,83112.16289052342,92346.84765613714,103890.20361315427,r2,-137181.40447071634,-200421.3290076557,-63239.92453693936,0.15398885992537178
614,w160025415,1309.668819526094,mfh,279799.99905388296,310888.88783764775,349749.9988173537,r2,-461825.9891957799,-674725.4037966339,-212899.41460085404,0.15398885992537178
615,w160025422,678.3786613484378,mfh,168599.14632942146,187332.3848104683,210748.93291177682,r2,-278282.5868278663,-406569.43342226214,-128286.84659439581,0.15398885992537178
616,w160025427,555.729584345687,mfh,68356.5049155554,75951.67212839489,85445.63114444424,r2,-112826.34241365077,-164838.70813878276,-52012.365725132,0.15398885992537178
617,w160025428,926.2977557130158,mfh,239622.2435597125,266246.9372885694,299527.80444964056,r2,-395510.29320756014,-577838.5117626347,-182328.2185550746,0.15398885992537178
618,w160025434,188.0208901744336,mfh,59985.928411771165,66651.03156863463,74982.41051471395,r2,-99010.2245184729,-144653.4306883751,-45643.206169902216,0.15398885992537178
619,w160025437,385.6369404070079,mfh,90561.97402298985,100624.41558109982,113202.4675287373,r2,-149477.74616909667,-218386.22122194784,-68908.47505285116,0.15398885992537178
620,w160025438,514.208815998584,mfh,66439.19135967275,73821.32373296973,83048.98919959094,r2,-109661.7061286683,-160215.19074217067,-50553.48461350237,0.15398885992537178
621,w160025439,231.99735509790483,mfh,35464.80466216238,39405.33851351376,44331.005827702975,r1,-63590.62718249663,-92905.58047222026,-29314.953289723628,0.1672839132965377
622,w160025441,239.19352681115268,mfh,29974.211052689745,33304.67894743305,37467.76381586218,r1,-53745.64722119197,-78522.11519490113,-24776.467973709157,0.1672839132965377
623,w160025442,258.45977183450015,mfh,52917.83142950211,58797.59047722457,66147.28928687764,r2,-87343.92397663658,-127609.02537543279,-40265.10139879621,0.15398885992537178
624,w160025445,358.2598954875022,mfh,76181.21925820394,84645.79917578216,95226.52407275492,r2,-125741.48342039596,-183707.66297183887,-57966.17955144291,0.15398885992537178
625,w160025446,282.03160609211767,mfh,32653.249972380814,36281.3888582009,40816.56246547602,r1,-58549.33264318537,-85540.27498212022,-26990.942338934845,0.1672839132965377
626,w160025449,151.84076374266294,mfh,33051.986190285665,36724.42910031741,41314.98273785708,r1,-59264.29178136438,-86584.82661951502,-27320.53483815064,0.1672839132965377
627,w160025451,187.46145662125198,mfh,48334.62753030463,53705.14170033847,60418.284412880785,r1,-86667.02970913901,-126620.08631905737,-39953.05660991836,0.1672839132965377
628,w160025452,105.00601281486452,mfh,24070.360376751494,26744.844863057217,30087.950470939366,r1,-43159.67132618675,-63056.05865534398,-19896.38732915723,0.1672839132965377
629,w160025453,104.94913844838739,mfh,40248.819299141745,44720.91033237972,50311.02412392718,r1,-72168.66656869222,-105438.05206116899,-33269.385492476766,0.1672839132965377
630,w160025454,86.96602670811116,mfh,31063.545589658388,34515.05065517598,38829.43198707298,r1,-55698.89261693771,-81375.79670956304,-25676.904092625336,0.1672839132965377
631,w160025455,103.15431486908346,mfh,35882.11822470182,39869.02024966869,44852.647780877276,r1,-64338.89666900414,-93998.79835783916,-29659.901688835016,0.1672839132965377
632,w160025456,162.83409464433788,mfh,27935.001650526843,31038.890722807602,34918.75206315855,r1,-50089.21639983928,-73180.08850063081,-23090.87210079153,0.1672839132965377
633,w160025457,103.20248084068298,mfh,32162.32092267025,35735.91213630028,40202.90115333781,r1,-57669.06595426409,-84254.20986013475,-26585.14390587066,0.1672839132965377
634,w160025458,101.69107806179672,mfh,18326.430862615038,20362.70095846115,22908.038578268795,r1,-32860.4441409405,-48008.94051143065,-15148.496370490153,0.1672839132965377
635,w160025459,108.44199563004076,mfh,29801.469324202662,33112.743693558514,37251.836655253326,r1,-53435.91042834275,-78069.59132765452,-24633.680899311767,0.1672839132965377
636,w160025462,124.9876569705084,mfh,37263.06505696854,41403.40561885393,46578.83132121067,r1,-66815.02126650441,-97616.40370700651,-30801.3824405021,0.1672839132965377
637,w160025465,103.21026510931551,mfh,33027.052047237106,36696.72449693012,41283.81505904638,r1,-59219.58329333462,-86519.50774759197,-27299.92445425735,0.1672839132965377
638,w160025467,105.14285953305661,mfh,38054.659821936664,42282.955357707404,47568.32477742083,r1,-68234.40050905837,-99690.10950741089,-31455.708998352522,0.1672839132965377
639,w160025469,108.37528205253183,mfh,16872.147227572706,18746.830252858563,21090.18403446588,r1,-30252.8220396901,-44199.21798308387,-13946.39594339377,0.1672839132965377
640,w160025471,48.55004379618913,sfh,15526.61947111203,17251.7994123467,19408.274338890034,r1,-27840.206074654776,-40674.39842052656,-12834.192345871783,0.1672839132965377
641,w160025472,101.69099241122603,mfh,13375.50809475645,14861.6756608405,16719.38511844556,r1,-23983.127969617377,-35039.22707291914,-11056.09910330176,0.1672839132965377
642,w160025474,105.6897082787007,mfh,20835.669696400117,23150.74410711124,26044.587120500146,r1,-37359.66732040183,-54582.28252238946,-17222.61520198763,0.1672839132965377
643,w160025476,96.35599186792969,mfh,11760.455718228655,13067.17302025406,14700.569647785818,r1,-21087.237394882086,-30808.345781912325,-9721.10838703024,0.1672839132965377
644,w160025477,108.4367577029392,mfh,36912.2809783406,41013.64553148955,46140.35122292575,r1,-66186.0433325195,-96697.4701683675,-30511.42683584799,0.1672839132965377
645,w160025481,105.0061043202877,mfh,30356.70228789452,33729.66920877169,37945.877859868146,r1,-54431.47808280756,-79524.11056949147,-25092.632486683913,0.1672839132965377
646,w160025482,103.2132654029876,mfh,32197.87126336993,35775.412514855474,40247.33907921241,r1,-57732.80995294614,-84347.33951558192,-26614.529562635777,0.1672839132965377
647,w160025484,128.51466068420558,mfh,25258.191312723833,28064.657014137592,31572.73914090479,r1,-45289.52696545498,-66167.76683083299,-20878.23986537801,0.1672839132965377
648,w160025486,101.26240085978061,mfh,32127.323788768048,35697.0264319645,40159.15473596006,r1,-57606.31389019294,-84162.52941607137,-26556.215525878426,0.1672839132965377
649,w160025487,105.13472320698202,mfh,30933.722532352236,34370.80281372471,38667.15316544029,r1,-55466.111703141905,-81035.70498728791,-25569.59328414601,0.1672839132965377
650,w160025490,87.12732640933245,mfh,15434.577138518482,17149.530153909425,19293.2214231481,r1,-27675.16837847346,-40433.279192066686,-12758.110813593226,0.1672839132965377
651,w160025492,101.576605540514,mfh,32123.821636092907,35693.13515121434,40154.777045116134,r1,-57600.03430999441,-84153.35498157817,-26553.320671583766,0.1672839132965377
652,w160025494,105.68961535468698,mfh,33618.00222222248,37353.335802469424,42022.5027777781,r1,-60279.19415596033,-88067.59378839152,-27788.39963243119,0.1672839132965377
653,w160025496,100.3227494932711,mfh,31936.83132990454,35485.368144338376,39921.03916238067,r1,-57264.74892041346,-83663.50474541876,-26398.755825005297,0.1672839132965377
654,w160025498,53.38166442215442,th,19833.537403165,22037.26378129444,24791.92175395625,r1,-35562.781036839566,-51957.04086943602,-16394.259832596457,0.1672839132965377
655,w160025500,108.55102695096282,mfh,35318.75735539018,39243.06372821131,44148.446694237726,r1,-63328.75516813117,-92522.98680107697,-29194.231632945804,0.1672839132965377
656,w160025504,103.15687311664223,mfh,33014.085449963415,36682.31716662602,41267.606812454265,r1,-59196.33336820711,-86485.53972611441,-27289.2063579073,0.1672839132965377
657,w160025505,103.09466042611747,mfh,16526.06370219606,18362.293002440067,20657.579627745075,r1,-29632.272493573164,-43292.59827593251,-13660.325782359349,0.1672839132965377
658,w160025507,85.83866344131528,mfh,29011.881673427404,32235.424081586003,36264.852091784254,r1,-52020.13006787956,-76001.14347554391,-23981.01340766435,0.1672839132965377
659,w160025509,108.27769679883495,mfh,36682.60048676754,40758.44498529726,45853.25060845942,r1,-65774.2117533004,-96095.78634137307,-30321.57458807266,0.1672839132965377
660,w160025513,105.03020258601755,mfh,15958.548291276262,17731.72032364029,19948.185364095327,r1,-28614.681638078466,-41805.903250238836,-13191.22161216037,0.1672839132965377
661,w160025515,104.96566433478147,mfh,30481.21173000366,33868.013033337396,38101.514662504575,r1,-54654.73135007594,-79850.28244901016,-25195.551098934222,0.1672839132965377
662,w160025517,132.51887063886969,mfh,28646.82807630318,31829.8089736702,35808.535095378975,r1,-51365.56598899933,-75044.82871031744,-23679.262721318104,0.1672839132965377
663,w160032048,197.876624872908,mfh,59510.27674095202,66122.52971216891,74387.84592619001,r2,-98225.1340819773,-143506.41758349587,-45281.28350151857,0.15398885992537178
664,w160032049,177.6117346536368,mfh,24635.21933914802,27372.46593238669,30794.024173935024,r1,-44172.49900226224,-64535.79470031297,-20363.29569805073,0.1672839132965377
665,w160032050,605.1206229591743,mfh,175655.35519478846,195172.6168830983,219569.19399348556,r2,-289929.2653490931,-423585.1710636382,-133655.90571454505,0.15398885992537178
666,w160032051,604.9254235289991,mfh,152843.0834506673,169825.64827851922,191053.8543133341,r2,-252276.29894574863,-368574.38008394785,-116298.08113819922,0.15398885992537178
667,w160032052,558.9287057133391,mfh,166207.24421579932,184674.71579533257,207759.05526974914,r2,-274334.6148356639,-400801.46657125093,-126466.85173558706,0.15398885992537178
668,w160032053,914.9869650162756,mfh,118384.96876544278,131538.85418382531,147981.21095680346,r2,-195401.19903818629,-285480.15054972447,-90078.95151153818,0.15398885992537178
669,w160032054,558.7663555394857,mfh,140013.45078096946,155570.50086774383,175016.81347621183,r2,-231100.25241702553,-337636.284612556,-106536.03219553045,0.15398885992537178
670,w160032055,915.1860893286764,mfh,117551.19343225891,130612.43714695434,146938.99179032363,r2,-194025.00490195781,-283469.5379683791,-89444.53306642128,0.15398885992537178
671,w160032056,579.5610938113182,mfh,116842.3330489817,129824.81449886855,146052.9163112271,r2,-192854.99007416773,-281760.1523001896,-88905.16222602187,0.15398885992537178
672,w160032057,300.306428108085,mfh,37313.43611538925,41459.37346154361,46641.79514423657,r1,-66905.33974498842,-97748.35854127543,-30843.01879628701,0.1672839132965377
673,w160032058,579.3688813976943,mfh,109670.41085297539,121856.01205886154,137088.01356621922,r2,-181017.32004627062,-264465.37704621785,-83448.05699994724,0.15398885992537178
674,w160032059,915.3225905947387,mfh,92194.63134061452,102438.47926734947,115243.28917576815,r2,-152172.5409628041,-222323.30260729732,-70150.7616444932,0.15398885992537178
675,w160032060,914.9022733874618,mfh,182147.17661418536,202385.75179353927,227683.9707677317,r2,-300644.3899339147,-439239.9131772529,-138595.52324333822,0.15398885992537178
676,w160032061,434.5004198986106,mfh,54507.02112981529,60563.35681090588,68133.77641226912,r2,-89966.9729682327,-131441.28651152656,-41474.31354329386,0.15398885992537178
677,w160032062,579.3681231357157,mfh,63760.568600850966,70845.07622316774,79700.7107510637,r2,-105240.48522281341,-153755.80965326354,-48515.32443045013,0.15398885992537178
678,w160032063,157.0142166607082,mfh,51887.28780825052,57652.54200916724,64859.10976031315,r2,-85642.95246518828,-125123.91471306595,-39480.96224787767,0.15398885992537178
679,w160032064,245.02896427586674,mfh,74242.27363014172,82491.41514460191,92802.84203767714,r2,-122541.14215626243,-179031.98078364105,-56490.83862737862,0.15398885992537178
680,w160032065,177.6155174203217,mfh,58386.98317384559,64874.42574871732,72983.72896730699,r2,-96371.0734510254,-140797.6445019703,-44426.5710509449,0.15398885992537178
681,w160032066,915.0334876678884,mfh,196785.17750857704,218650.19723175224,245981.4718857213,r2,-324805.2522132578,-474538.80916596204,-149733.55695270427,0.15398885992537178
682,w160032067,686.1767572972923,mfh,208672.0383064988,231857.82034055423,260840.0478831235,r2,-344425.1995506256,-503203.4516923103,-158778.2521416847,0.15398885992537178
683,w160032068,579.4084268193692,mfh,106087.62261479415,117875.13623866017,132609.52826849266,r2,-175103.72201992318,-255825.64063128267,-80721.91861135949,0.15398885992537178
684,w160032069,582.2339869499207,mfh,113772.82834525057,126414.25371694508,142216.0354315632,r2,-187788.59603937453,-274358.17657580145,-86569.58053642692,0.15398885992537178
685,w160032070,655.6557445708662,mfh,126481.71328949532,140535.23698832814,158102.14161186916,r2,-208765.34150326892,-305005.09421270667,-96239.75270943774,0.15398885992537178
686,w160032071,187.63290931591763,mfh,44822.51475552269,49802.794172802984,56028.14344440336,r1,-80369.5904249937,-117419.55979330034,-37049.96936830664,0.1672839132965377
687,w160032072,300.05888833065984,mfh,71600.48929692316,79556.0992188035,89500.61162115395,r2,-118180.72519037235,-172661.4339394602,-54480.70874908785,0.15398885992537178
688,w160032074,652.9879129000007,mfh,142328.92568103445,158143.25075670495,177911.15710129307,r2,-234922.0768980706,-343219.95059615193,-108297.87369808133,0.15398885992537178
689,w160032075,187.48918503960593,mfh,29809.11773282239,33121.24192535821,37261.397166027986,r1,-53449.62450644666,-78089.62752549275,-24640.00301904609,0.1672839132965377
690,w160032079,410.4375718038529,mfh,56450.435111772305,62722.70567974701,70563.04388971538,r2,-93174.68950743599,-136127.74393881,-42953.054431373996,0.15398885992537178
691,w160032080,367.35827468354256,mfh,71168.27026353273,79075.8558483697,88960.3378294159,r2,-117467.32281967993,-171619.15673138635,-54151.83391170642,0.15398885992537178
692,w160032082,146.62608959153295,mfh,39843.43060518983,44270.478450210925,49804.288256487285,r1,-71441.77912220365,-104376.07322645512,-32934.29410425147,0.1672839132965377
693,w160032083,292.00384606306903,mfh,70958.4029590656,78842.66995451733,88698.00369883199,r2,-117120.92476459374,-171113.07094786558,-53992.146183271834,0.15398885992537178
694,w160032087,547.5336022242903,mfh,60767.66004008141,67519.62226675713,75959.57505010176,r2,-100300.51752687455,-146538.54216212695,-46238.0246352524,0.15398885992537178
695,w160032089,324.3052944285795,mfh,80225.85122803085,89139.83469781205,100282.31403503855,r2,-132417.38108556526,-193461.11525303306,-61043.7341674678,0.15398885992537178
696,w160032093,651.9691053661052,mfh,157120.4437098115,174578.27078867942,196400.55463726434,r2,-259336.3280361904,-378889.04640915734,-119552.71837296695,0.15398885992537178
697,w160032096,417.5862662355881,mfh,99761.42909774302,110846.03233082558,124701.78637217877,r2,-164661.97581286394,-240570.3029267748,-75908.32711391087,0.15398885992537178
698,w160032097,55.47504670508206,th,30326.745284288674,33696.38364920964,37908.43160536084,r1,-54377.763289621726,-79445.63353188412,-25067.87024226239,0.1672839132965377
699,w160032099,154.26596265360712,mfh,40170.97328365638,44634.414759618194,50213.71660457047,r1,-72029.08376270952,-105234.12229685718,-33205.038534147665,0.1672839132965377
700,w160032101,417.4909567882307,mfh,95809.37401431223,106454.86001590246,119761.71751789028,r2,-158138.88162260927,-231040.09573945854,-72901.21411684927,0.15398885992537178
701,w160032104,110.95144802480935,th,23217.322601340376,25797.02511260042,29021.65325167547,r1,-41630.12089822035,-60821.39331757446,-19191.272419354107,0.1672839132965377
702,w160032105,152.98637234792113,mfh,20848.956423449432,23165.507137166034,26061.19552931179,r1,-37383.491258368435,-54617.08917368366,-17233.597915315222,0.1672839132965377
703,w160032106,115.7174410201609,mfh,49997.22428140238,55552.471423780415,62496.53035175297,r1,-89648.17034028104,-130975.51750564904,-41327.347165368,0.1672839132965377
704,w160032107,169.80155310891567,th,20257.197734231464,22507.997482479404,25321.49716778933,r1,-36322.430678829674,-53066.88510390256,-16744.454425072887,0.1672839132965377
705,w160032108,125.84912734059617,mfh,40330.07410854087,44811.193453934306,50412.59263567609,r1,-72314.3615567376,-105650.91169215518,-33336.55013541758,0.1672839132965377
706,w160032109,117.1162128248019,mfh,17028.88358269568,18920.98175855075,21286.104478369598,r1,-30533.860190598112,-44609.813281507595,-14075.953090909483,0.1672839132965377
707,w160032110,214.96215275530702,mfh,65959.80261416038,73288.66957128931,82449.75326770046,r2,-108870.4474354796,-159059.16584586925,-50188.71841038966,0.15398885992537178
708,w160032111,253.8681676615961,th,69929.77168637945,77699.74631819938,87412.21460797431,r2,-115423.10969442813,-168632.57183003912,-53209.462135610986,0.15398885992537178
709,w160032112,125.84912488418631,th,34498.60299221215,38331.78110245795,43123.25374026519,r1,-61858.166768229574,-90374.46468418588,-28516.297915956304,0.1672839132965377
710,w160032113,105.45346036842092,mfh,34893.95820829047,38771.0646758783,43617.44776036308,r1,-62567.06355730774,-91410.1592606081,-28843.095703300358,0.1672839132965377
711,w160032114,381.28189064939505,mfh,78514.11913885121,87237.91015427912,98142.648923564,r2,-129592.06883396904,-189333.34853048573,-59741.27969651669,0.15398885992537178
712,w160032115,139.91205219514669,mfh,38709.485322553875,43010.53924728208,48386.85665319234,r1,-69408.54385133841,-101405.52691411557,-31996.98306277716,0.1672839132965377
713,w160032116,192.1807412372902,mfh,25401.90433957016,28224.338155077952,31752.3804244627,r1,-45547.21346897611,-66544.24549207943,-20997.03202310332,0.1672839132965377
714,w160032117,302.6253065098543,mfh,38132.472874110405,42369.414304567115,47665.591092638,r1,-68373.92420974835,-99893.95291919285,-31520.028709444494,0.1672839132965377
715,w160032118,188.54685349911452,mfh,59239.686577529654,65821.87397503294,74049.60822191206,r2,-97778.5094561312,-142853.90129366063,-45075.39183752943,0.15398885992537178
716,w160032119,301.6826584111899,mfh,86774.96745952926,96416.63051058806,108468.70932441157,r2,-143227.07405267435,-209254.021288597,-66026.94723592265,0.15398885992537178
717,w160032121,128.1140758719295,mfh,40995.73368931806,45550.8152103534,51244.66711164758,r1,-73507.93108672349,-107394.71065955737,-33886.77957283388,0.1672839132965377
718,w160032123,387.4767547928728,mfh,153731.94845816758,170813.27606463063,192164.93557270945,r2,-253743.42175753703,-370717.83899436344,-116974.41723682641,0.15398885992537178
719,w160032125,297.0948597435839,mfh,66153.6841583442,73504.09350927133,82692.10519793024,r2,-109190.46007390799,-159526.70267085312,-50336.24259694513,0.15398885992537178
720,w160032126,464.2806208854541,mfh,110488.03186896033,122764.47985440036,138110.0398362004,r2,-182366.85055295873,-266437.0342014304,-84070.18364847166,0.15398885992537178
721,w160032127,228.89082276217522,mfh,40432.88418235807,44925.42686928675,50541.10522794759,r1,-72498.70649073602,-105920.2386961347,-33421.532205398675,0.1672839132965377
722,w160032128,268.14993185095955,mfh,38304.45704397495,42560.50782663884,47880.57130496869,r1,-68682.30265230087,-100344.49224361627,-31662.1895913154,0.1672839132965377
723,w160032129,100.24086796883493,mfh,32289.507460447312,35877.230511608126,40361.884325559135,r1,-57897.11942258173,-84587.39480878996,-26690.27538620823,0.1672839132965377
724,w160032130,150.2635816658847,mfh,28436.163503282907,31595.737225869896,35545.204379103634,r1,-50987.831148751226,-74492.96004424633,-23505.1288954951,0.1672839132965377
725,w160032131,100.12314690686762,mfh,34789.771625745816,38655.30180638424,43487.21453218227,r1,-62380.25045651307,-91137.22627758638,-28756.975821073305,0.1672839132965377
726,w160032132,257.78643680289383,mfh,91092.6577783465,101214.06419816279,113865.82222293313,r2,-150353.67022591032,-219665.9417806759,-69312.27155476558,0.15398885992537178
727,w160032133,136.6476590367034,mfh,42553.842839482204,47282.04759942467,53192.30354935275,r1,-76301.71887215109,-111476.42029856518,-35174.70142641409,0.1672839132965377
728,w160032134,132.71697852164507,th,24056.438038250453,26729.37559805606,30070.547547813065,r1,-43134.70769687701,-63019.586920837304,-19884.87922396029,0.1672839132965377
729,w160032135,165.9338162511587,mfh,65722.88945965386,73025.43273294873,82153.61182456731,r2,-108479.40864954879,-158487.8601833257,-50008.451533776926,0.15398885992537178
730,w160032136,153.4784858365543,mfh,64169.744421509604,71299.71602389956,80212.180526887,r2,-105915.85344572137,-154742.51916631305,-48826.665720591685,0.15398885992537178
731,w160032137,244.7570460377261,mfh,73679.24716639257,81865.83018488063,92099.05895799071,r2,-121611.83459928032,-177674.26720470647,-56062.43260542615,0.15398885992537178
732,w160032138,345.56507694348693,mfh,69539.96744806832,77266.63049785368,86924.9593100854,r2,-114779.71538220704,-167692.5760366672,-52912.86065446015,0.15398885992537178
733,w160032139,170.051029805094,mfh,43447.68462383709,48275.20513759677,54309.605779796366,r1,-77904.43345666681,-113817.9780941567,-35913.54463748989,0.1672839132965377
734,w160032140,210.13578363517297,mfh,34609.490828365495,38454.989809294995,43261.86353545687,r1,-62056.99563857223,-90664.95264494789,-28607.957006375655,0.1672839132965377
735,w160032141,252.5825279586017,mfh,59767.37247387365,66408.19163763738,74709.21559234205,r2,-98649.48537424332,-144126.3926471003,-45476.90727285697,0.15398885992537178
736,w160032142,252.46278136584442,mfh,34459.97295454553,38288.858838383916,43074.96619318191,r1,-61788.90067902634,-90273.26728278272,-28484.36660375638,0.1672839132965377
737,w160032143,236.73276664549485,mfh,68813.16803571579,76459.07559523976,86016.46004464473,r2,-113580.0911552892,-165939.93118807202,-52359.84003278281,0.15398885992537178
738,w160032144,216.15235636769793,mfh,49460.51965860495,54956.1329540055,61825.64957325618,r1,-88685.82516735396,-129569.53613910518,-40883.71097175122,0.1672839132965377
739,w160032145,143.2480424195528,mfh,18000.89068230275,20000.989647003054,22501.113352878438,r1,-32276.73010567759,-47156.13729689012,-14879.40719121253,0.1672839132965377
740,w160032146,425.3107569515705,mfh,81778.57206375393,90865.0800708377,102223.21507969241,r2,-134980.2361189015,-197205.43332454585,-62225.19720564436,0.15398885992537178
741,w160032147,237.48158785337583,mfh,86156.41938675339,95729.35487417043,107695.52423344173,r2,-142206.1248870532,-207762.41978901677,-65556.29490196356,0.15398885992537178
742,w160032148,183.97369813346305,th,50006.21579904702,55562.46199894114,62507.76974880877,r2,-82538.13493718106,-120587.79221388056,-38049.657276699494,0.15398885992537178
743,w160032149,343.71558685973287,mfh,66199.1315218652,73554.59057985022,82748.9144023315,r2,-109265.47356098947,-159636.29699110647,-50370.823430117,0.15398885992537178
744,w160032150,136.78365420317277,mfh,51662.93632292382,57403.262581026465,64578.670403654774,r2,-85272.6474366361,-124582.90096381187,-39310.253527175766,0.15398885992537178
745,w160032151,156.68413198292254,mfh,57922.11142190568,64357.9015798952,72402.6392773821,r2,-95603.7758905723,-139676.62669781758,-44072.85080724528,0.15398885992537178
746,w160032152,131.687454425171,th,16816.435705141692,18684.928561268545,21020.544631427114,r1,-30152.927773066374,-44053.272971409606,-13900.345198343231,0.1672839132965377
747,w160032153,131.7784823913127,mfh,29566.60282765376,32851.78091961529,36958.2535345672,r1,-53014.78001575557,-77454.32195275697,-24439.541937001406,0.1672839132965377
748,w160032155,131.65618118494749,mfh,39313.2611323115,43681.401258123886,49141.57641538937,r1,-70491.1518844533,-102987.21170316119,-32496.059818707887,0.1672839132965377
749,w160032156,597.6746075108182,mfh,131761.0863573074,146401.20706367487,164701.35794663423,r2,-217479.2503582376,-317736.0703993313,-100256.82004109368,0.15398885992537178
750,w160032157,145.99030133634804,mfh,23007.382660062376,25563.75851118042,28759.22832507797,r1,-41253.68536829996,-60271.42293723438,-19017.737568934426,0.1672839132965377
751,w160032158,192.3817300193943,mfh,58348.97494600452,64832.19438444947,72936.21868250564,r2,-96308.33868519397,-140705.98933054646,-44397.65064535249,0.15398885992537178
752,w160032159,156.72131929650496,mfh,40458.15139260002,44953.501547333355,50572.68924075002,r1,-72544.01218920932,-105986.43008945558,-33442.41790024626,0.1672839132965377
753,w160032160,462.61881872685626,other,75105.28561600679,83450.31735111865,93881.60702000848,nr2,-115850.19845640259,-169264.5759517007,-53414.37749529812,0.15398885992537178
754,w160032161,876.0951372385025,trade,41598.98809684389,46221.0978853821,51998.73512105486,nr1,-69703.82227747847,-101841.75838464484,-32137.936107166373,0.16727723870065767
755,w160032162,197.75498196221892,mfh,51088.749816073236,56765.27757341471,63860.93727009154,r2,-84324.9195867226,-123198.27543129095,-38873.35584456836,0.15398885992537178
756,w160032163,355.37988740094,mfh,90971.44947639163,101079.3883071018,113714.31184548953,r2,-150153.6089530785,-219373.6532861922,-69220.04433311368,0.15398885992537178
757,w160032164,218.83437259588393,mfh,53103.58239103667,59003.98043448519,66379.47798879583,r2,-87650.51662082828,-128056.95565760152,-40406.43903677324,0.15398885992537178
758,w160032165,192.38173281145282,mfh,58784.81323691094,65316.459152123265,73481.01654613866,r2,-97027.71484855305,-141756.99421909632,-44729.27937054327,0.15398885992537178
759,w160032166,5513.669180350005,other,896549.3915510399,996165.9906122665,1120686.7394387997,nr2,-1382930.9626514313,-2020550.9017903204,-637619.9391388891,0.15398885992537178
760,w160032167,119.51807446111924,mfh,37657.42018648339,41841.577984981544,47071.775233104236,r1,-67522.12483742127,-98649.47840088361,-31127.35356346234,0.1672839132965377
761,w160032168,107.41719602905214,th,13873.999853026246,15415.555392251383,17342.499816282805,r1,-24876.95507103948,-36345.10388808412,-11468.148817044643,0.1672839132965377
763,w160032170,37.81535124108195,sfh,14086.294460143807,15651.438289048674,17607.86807517976,r1,-25257.612665030705,-36901.24268239763,-11643.630017366922,0.1672839132965377
764,w160032171,82.13437312801835,th,18045.438784192636,20050.48753799182,22556.798480240795,r1,-32356.607656560886,-47272.83798943422,-14916.230332873336,0.1672839132965377
765,w160032172,100.39566505721304,th,35026.762638130625,38918.625153478475,43783.453297663276,r1,-62805.19025972716,-91758.06115267031,-28952.870892943152,0.1672839132965377
766,w160032173,119.7984774223063,mfh,28506.2384098141,31673.598233126777,35632.79801226762,r1,-51113.479867206675,-74676.5321780797,-23563.05231087302,0.1672839132965377
767,w160032174,119.65868240431882,mfh,29900.973116695626,33223.303462995136,37376.21639586953,r1,-53614.326991804475,-78330.25701265711,-24715.930020852633,0.1672839132965377
768,w160032175,69.26172256879508,th,9593.062255957997,10658.958062175552,11991.327819947495,r1,-17200.96448488122,-25130.520973848863,-7929.5564889676425,0.1672839132965377
769,w160032176,103.52918697646818,th,32391.429286288585,35990.4769847651,40489.286607860726,r1,-58079.871672046305,-84854.39490882646,-26774.52323678016,0.1672839132965377
770,w160032177,62.96843930834439,th,7111.322358229594,7901.469286921771,8889.152947786992,r1,-12751.048628760676,-18629.216709637876,-5878.1680808772,0.1672839132965377
771,w160032178,300.84989367914386,mfh,75453.57648583635,83837.30720648484,94316.97060729544,r2,-124540.4671792733,-181952.98439762316,-57412.517218349865,0.15398885992537178
772,w160127708,318.335366258584,mfh,113599.65490243523,126221.83878048358,141999.568628044,r2,-187502.76331313772,-273940.57642739,-86437.81311425226,0.15398885992537178
773,w160127710,130.057766958978,mfh,19160.41845180246,21289.353835336067,23950.523064753073,r1,-34355.83638584489,-50193.70091877476,-15837.864532929874,0.1672839132965377
774,w160127712,149.28690248169005,mfh,51621.798511126886,57357.5539012521,64527.2481389086,r2,-85204.7471125092,-124483.69893818696,-39278.95182567777,0.15398885992537178
775,w160127717,149.4986190713942,mfh,59698.67769326997,66331.8641036333,74623.34711658747,r2,-98536.10068835285,-143960.73820200283,-45424.637513649985,0.15398885992537178
776,w160127718,161.62649620659647,mfh,30986.327841109854,34429.25315678873,38732.909801387315,r1,-55560.436333120626,-81173.51278836293,-25613.076455242306,0.1672839132965377
777,w160127719,242.7560603125021,mfh,53656.28092585754,59618.089917619494,67070.35115732193,r2,-88562.77733717501,-129389.76388971665,-40826.98655254164,0.15398885992537178
778,w164087844,70.24407002975931,other,23298.876208291324,25887.6402314348,29123.595260364153,nr1,-39039.909401328056,-57039.81346648619,-17999.90406515813,0.16727723870065767
779,w164087850,88.49543042890728,other,39843.370631234495,44270.41181248277,49804.21328904312,nr1,-66762.08611011822,-97543.69302468433,-30781.606914566102,0.16727723870065767
780,w164087857,77.59434223277493,other,24270.419437870198,26967.132708744663,30338.024297337746,nr1,-40667.84026473748,-59418.32494894497,-18750.48468420749,0.16727723870065767
786,w164088149,49.229225591477004,other,21270.940862087315,23634.37873565257,26588.676077609143,nr1,-35641.87374159178,-52075.065259943665,-16433.191518351887,0.16727723870065767
788,w164088153,80.69597001839429,other,27987.590700977962,31097.323001086625,34984.48837622245,nr1,-46896.38227867825,-68518.62461898642,-21622.24234030817,0.16727723870065767
791,w164088159,54.065223559696456,other,21341.59203461474,23712.880038460822,26676.990043268423,nr1,-35760.25779367694,-52248.03195868593,-16487.774165008996,0.16727723870065767
793,w164088169,56.479432658094446,other,21105.453760835582,23450.504178706204,26381.817201044476,nr1,-35364.581335632,-51669.923256435824,-16305.341920803825,0.16727723870065767
795,w164088175,32.08830586867407,other,12691.274034079426,14101.415593421585,15864.092542599283,nr1,-21265.668955379388,-31070.50731049142,-9804.838355112031,0.16727723870065767
799,w164088182,35.81288355943252,other,13052.522454425663,14502.802727139626,16315.65306803208,nr1,-21870.981652678965,-31954.908014087556,-10083.92636140859,0.16727723870065767
800,w359788107,586.4023264580406,other,146448.46418695297,162720.5157632811,183060.5802336912,nr2,-225897.33199920063,-330050.50158679346,-104153.16958759283,0.15398885992537178
801,w377595955,68.13203878551721,other,5269.498540512313,5854.998378347015,6586.873175640391,nr1,-8829.642415921406,-12900.674312599675,-4071.031896678269,0.16727723870065767
802,w377595956,85.03076633159071,other,28267.306595759732,31408.118439733036,35334.13324469966,nr1,-47365.077982830095,-69203.41912664106,-21838.34114381097,0.16727723870065767
805,w377595969,38.68702136902139,other,13210.985853090617,14678.873170100685,16513.73231636327,nr1,-22136.505048399868,-32342.854738226026,-10206.349689826158,0.16727723870065767
814,w377595984,35.49371746703982,other,12044.391815934709,13382.657573260787,15055.489769918386,nr1,-20181.744436276927,-29486.824014872604,-9305.079578595676,0.16727723870065767
818,w377595990,36.364706988167015,other,11553.454485655837,12837.171650728707,14441.818107069796,nr1,-19359.123262428362,-28284.921678790142,-8925.79841636178,0.16727723870065767
819,w377595993,54.98309161569923,other,17992.688240944255,19991.875823271395,22490.860301180317,nr1,-30148.78968981479,-44049.31687902066,-13900.527189205874,0.16727723870065767
823,w377596001,68.93592455182224,other,20374.762221645513,22638.624690717235,25468.45277705689,nr1,-34140.224794343296,-49881.05976257729,-15740.834968233998,0.16727723870065767
825,w377596004,35.535723760165276,other,11646.700243681342,12940.778048534823,14558.375304601677,nr1,-19515.367104956626,-28513.203961453335,-8997.83685649671,0.16727723870065767
827,w377596008,41.66994294051546,other,13998.601039715508,15554.001155239454,17498.251299644384,nr1,-23456.24361664907,-34271.07749570255,-10814.83387905348,0.16727723870065767
831,w377596012,33.714099188242116,other,12242.593103107998,13602.881225675554,15303.241378884997,nr1,-20513.853170848346,-29972.05619294473,-9458.203022096382,0.16727723870065767
836,w377596021,41.97082374822348,other,14380.159647722914,15977.95516413657,17975.19955965364,nr1,-24095.588336743553,-35205.20116899498,-11109.612832251427,0.16727723870065767
838,w377596023,32.13139781658538,other,10917.67630164897,12130.751446276632,13647.09537706121,nr1,-18293.804811827027,-26728.423043508,-8434.618231680972,0.16727723870065767
844,w377596038,30.39147779517807,other,2398.685899783123,2665.2065553145812,2998.357374728904,nr0,-4928.301476333358,-7200.564786840935,-2272.2633105075774,0.20511003474323633
847,w377596043,50.74534401865676,other,16335.933556875763,18151.037285417515,20419.9169460947,nr1,-27372.709324906784,-39993.28527929208,-12620.575954385298,0.16727723870065767
848,w377596044,31.44567816138733,other,12038.33310123901,13375.925668043345,15047.916376548761,nr1,-20171.592372688363,-29471.991198345335,-9300.398825656972,0.16727723870065767
861,w377596072,32.00744857888203,other,11577.988988744306,12864.432209715895,14472.486235930382,nr1,-19400.233604799272,-28344.98652771883,-8944.752922919557,0.16727723870065767
863,w377596074,30.798605113010854,other,11879.18583997191,13199.095377746566,14848.982299964886,nr1,-19904.923087621042,-29082.37025632123,-9177.447168700186,0.16727723870065767
877,w377596096,31.32093481458723,other,11219.387851584088,12465.986501760097,14024.234814480109,nr1,-18799.356730704974,-27467.066846545127,-8667.710115840153,0.16727723870065767
882,w377596101,34.10184732507914,other,11372.823539694798,12636.470599660886,14216.029424618497,nr1,-19056.455627202,-27842.70483657927,-8786.249209377267,0.16727723870065767
886,w377596106,35.077698366669935,other,12012.953356694099,13347.725951882332,15016.191695867623,nr1,-20129.065732398754,-29409.85704725037,-9280.791314851616,0.16727723870065767
893,w377596115,40.14825235735625,other,13553.866705869179,15059.851895410198,16942.333382336474,nr1,-22711.04080318282,-33182.28835334429,-10471.247550161468,0.16727723870065767
895,w377596117,32.339281557500364,other,11378.101421622307,12642.334912913673,14222.626777027883,nr1,-19065.29931693359,-27855.626034921705,-8790.326717988115,0.16727723870065767
899,w377596123,32.752713098051025,other,12329.70326009582,13699.670288995354,15412.129075119774,nr1,-20659.81611800241,-30185.317427572576,-9525.501309570165,0.16727723870065767
901,w377596125,37.63718191203661,other,12219.388662528083,13577.098513920091,15274.235828160103,nr1,-20474.97149905226,-29915.247574776196,-9440.276075723938,0.16727723870065767
909,w377596135,73.15242530554532,other,21801.99476471699,24224.43862746332,27252.493455896238,nr1,-36531.71478201527,-53375.18013569318,-16843.465353677915,0.16727723870065767
916,w377596142,40.572792674647644,other,13756.393494233684,15284.881660259649,17195.491867792105,nr1,-23050.39740555313,-33678.11013148512,-10627.71272593199,0.16727723870065767
917,w377596143,37.61386710904771,other,11901.118275090319,13223.464750100355,14876.397843862898,nr1,-19941.673370008844,-29136.06477775804,-9194.391407749197,0.16727723870065767
918,w377596145,32.806498026452026,other,11256.831818630073,12507.59090958897,14071.03977328759,nr1,-18862.098343992802,-27558.736370716775,-8696.638026723973,0.16727723870065767
919,w377596147,34.850180151499806,other,2595.9189583634725,2884.354398181636,3244.8986979543406,nr0,-5333.533346780074,-7792.634559937532,-2459.101213157458,0.20511003474323633
929,w377596159,36.51154847629368,other,10808.444433628447,12009.382704031608,13510.555542035558,nr1,-18110.774429025074,-26461.00390617342,-8350.229477148347,0.16727723870065767
931,w377596161,32.13265920560807,other,11285.953908042351,12539.948786713723,14107.442385052938,nr1,-18910.895707525215,-27630.032450964613,-8719.136743439398,0.16727723870065767
934,w377596166,38.724472055921794,other,2981.905002903568,3313.227781003964,3727.38125362946,nr0,-6126.574066835591,-8951.31795436559,-2824.7438875299986,0.20511003474323633
935,w377596167,41.94859704792034,other,13644.68095577657,15160.756617529521,17055.85119472071,nr1,-22863.21037810302,-33404.61786951954,-10541.407491416521,0.16727723870065767
936,w377596168,31.29673577034846,other,10806.083972832546,12006.75996981394,13507.604966040682,nr1,-18106.81920926282,-26455.22507622946,-8348.405866966641,0.16727723870065767
937,w377596169,36.7579496475868,other,12935.91476002989,14373.238622255432,16169.893450037362,nr1,-21675.59223629636,-31669.431535409803,-9993.839299113442,0.16727723870065767
940,w379327852,945.496160332486,other,150314.97311086906,167016.6367898545,187893.71638858633,nr2,-231861.4372215588,-338764.4421310878,-106903.00490952903,0.15398885992537178
941,w379327862,94.51021252730861,other,35231.108510581456,39145.67612286828,44038.88563822682,nr1,-59033.71785253705,-86252.05094424068,-27218.33309170363,0.16727723870065767
942,w387435839,3594.435384737421,other,612480.6982969497,680534.109218833,765600.8728711872,nr2,-944753.8860473384,-1380346.0678636963,-435592.1818163579,0.15398885992537178
943,w387435840,942.2609318409114,other,202426.40072438534,224918.22302709482,253033.00090548166,nr2,-312243.5192728607,-456207.8234443158,-143964.3041714551,0.15398885992537178
944,w390787314,132.5826213063672,other,36435.59621570424,40483.99579522693,45544.49526963029,nr1,-61051.97360284113,-89200.85214000092,-28148.87853715979,0.16727723870065767
945,w390787315,330.5195846647024,other,95914.57790913379,106571.75323237087,119893.22238641723,nr2,-147948.61366277872,-216162.42084985596,-68213.80718707724,0.15398885992537178
946,w390787316,150.59577141329646,other,12304.720854223664,13671.912060248515,15380.90106777958,nr1,-20617.955263720993,-30124.156032569987,-9506.200768848994,0.16727723870065767
947,w390789514,104.66224040389062,trade,66966.30176497165,74407.00196107962,83707.87720621456,nr2,-103295.78385505636,-150921.77039648703,-47625.98654143067,0.15398885992537178
948,w390789515,335.6007874913513,trade,76780.38985788339,85311.5442865371,95975.48732235424,nr2,-118434.05333778537,-173039.75378173767,-54605.7004439523,0.15398885992537178
949,w390790006,38.98714106846601,trade,20423.524031863217,22692.80447984802,25529.40503982902,nr1,-34221.930737416485,-50000.43738981737,-15778.506652400887,0.16727723870065767
950,w390793102,268.1788772383239,sfh,65081.30933515768,72312.56592795298,81351.6366689471,r2,-107420.4437580345,-156940.71790300997,-49520.27414497547,0.15398885992537178
951,w390793103,629.0808588726446,th,190878.21940890737,212086.91045434153,238597.7742611342,r2,-315055.4781720053,-460294.4392499997,-145238.96107799438,0.15398885992537178
952,w390793104,761.76513240356,mfh,116746.78481807098,129718.64979785665,145933.48102258873,r2,-192697.28222425544,-281529.7419395703,-88832.45971531485,0.15398885992537178
953,w390793105,324.12222724705936,th,115306.70719754764,128118.56355283072,144133.38399693454,r2,-190320.3512955001,-278057.0580321661,-87736.706736666,0.15398885992537178
954,w390793106,1475.9963392082602,mfh,234332.2441500108,260369.16016667866,292915.30518751347,r2,-386778.84496420226,-565081.9106194462,-178303.06565524393,0.15398885992537178
955,w390793107,895.6360460046678,mfh,90245.7910168643,100273.10112984922,112807.23877108037,r2,-148955.86793441267,-217623.75979520357,-68667.8918607909,0.15398885992537178
956,w390793108,286.70933025064875,mfh,46848.04655803811,52053.38506448679,58560.05819754764,r1,-84001.49644920681,-122725.75588461598,-38724.25943540917,0.1672839132965377
957,w390793793,117.72837251536548,mfh,22135.523635016718,24595.026261129686,27669.404543770896,r1,-39690.387254986934,-57987.45240409814,-18297.065149111208,0.1672839132965377
958,w390794364,96.81251710766227,sfh,56694.85220505993,62994.28022784436,70868.5652563249,r2,-93578.11397586201,-136717.14502001417,-43139.03104415216,0.15398885992537178
959,w475684695,267.0884538785554,mfh,70757.24663127349,78619.16292363721,88446.55828909186,r2,-116788.9046774611,-170627.99130185158,-53839.086624390475,0.15398885992537178
960,w620369477,3702.806372543797,other,329831.05954184383,366478.95504649315,412288.8244273048,nr2,-508765.70658915717,-743339.353164671,-234573.64657551382,0.15398885992537178
961,w620369478,20480.360502976928,other,1687025.1117225294,1874472.3463583658,2108781.3896531616,nr2,-2602242.870005626,-3802043.8616736447,-1199800.9916680185,0.15398885992537178
962,w993163452,1412.2592688187956,other,219456.23066754482,243840.25629727202,274320.288334431,nr2,-338512.0989395538,-494587.9044228525,-156075.80548329873,0.15398885992537178
963,w993163453,1066.3710880815981,other,168538.70539177582,187265.22821308425,210673.38173971977,nr2,-259971.61593991847,-379835.21752971824,-119863.60158979977,0.15398885992537178
964,w993163454,1257.084109787643,other,195060.50799116978,216733.8977679664,243825.6349889622,nr2,-300881.6007613661,-439607.3312184034,-138725.73045703734,0.15398885992537178
965,w993163455,1355.0658122852444,mfh,137933.86271477625,153259.84746086248,172417.3283934703,r2,-227667.7727206819,-332621.4493643877,-104953.67664370581,0.15398885992537178
966,w993163456,1286.649396429956,mfh,247159.72221315524,274621.9135701725,308949.652766444,r2,-407951.3351909018,-596014.8103518042,-188063.47516090242,0.15398885992537178
967,w993163457,923.1744978809729,ab,179010.19212771326,198900.21347523696,223762.74015964157,r2,-295466.61663707567,-431675.21292172844,-136208.59628465277,0.15398885992537178
968,w993163458,923.3917086940259,ab,189578.2241455195,210642.47127279942,236972.78018189935,r2,-312909.76122956787,-457159.5577918544,-144249.7965622865,0.15398885992537178
969,w993163460,1313.604391914094,ab,245379.75645429146,272644.1738381016,306724.6955678643,r2,-405013.39934350527,-591722.5011328815,-186709.10178937623,0.15398885992537178
970,w993163461,1099.8535498690792,ab,238283.01711607818,264758.90790675353,297853.7713950977,r2,-393299.8229460165,-574609.0260370746,-181309.20309105812,0.15398885992537178
971,w993164648,226.1375619597733,ab,80518.68723860527,89465.20804289474,100648.35904825658,r2,-132900.72376145152,-194167.27642583192,-61266.552664380404,0.15398885992537178
972,w993164649,158.37299746889622,other,45705.056496500765,50783.396107223074,57131.32062062596,nr1,-76584.00554834434,-111894.14775755865,-35310.142209214304,0.16727723870065767
973,w993164650,163.5844805765897,other,42041.22380437142,46712.47089374602,52551.52975546427,nr1,-70444.83835917956,-102924.43044316294,-32479.592083983385,0.16727723870065767
974,w993164651,162.24389737509188,other,40307.84105282511,44786.490058694566,50384.801316031386,nr1,-67540.35897686025,-98680.79963752606,-31140.4406606658,0.16727723870065767
975,w993164652,173.63842588849366,other,44647.17229247326,49607.96921385918,55808.965365591575,nr1,-74811.4005903579,-109304.25813681383,-34492.85754645594,0.16727723870065767
976,w1006795433,259.34726619906723,mfh,68303.07904180315,75892.31004644795,85378.84880225394,r2,-112738.15993660392,-164709.87399166854,-51971.71405506463,0.15398885992537178
977,w1006849999,188.95288848243652,other,44821.0228985385,49801.13655393166,56026.278623173115,nr1,-75102.70699713372,-109729.8754950222,-34627.16849788849,0.16727723870065767
978,w1007159125,240.08975319266318,education,69893.91967217866,77659.91074686518,87367.39959022331,nr2,-107811.64599142462,-157519.73483464358,-49708.08884321895,0.15398885992537178
979,w1007160095,265.99824453517795,sfh,66191.08957937718,73545.65508819686,82738.86197422147,r2,-109252.19987243641,-159616.90420014548,-50364.70432770907,0.15398885992537178
980,w1007176059,713.9090096209663,trade,158757.7360382709,176397.48448696767,198447.17004783862,nr2,-244884.43224298256,-357791.8737565238,-112907.44151354127,0.15398885992537178
981,w1029411791,412.32884333096445,trade,89326.49349025691,99251.65943361878,111658.11686282113,nr2,-137786.46753531948,-201314.8730860866,-63528.405550767115,0.15398885992537178
982,w1030080397,647.4037659055554,other,112142.32300889542,124602.5811209949,140177.90376111926,nr2,-172979.97430388152,-252734.84541937304,-79754.87111549152,0.15398885992537178
983,w1030080398,123.65970464986749,other,23480.75041155538,26089.722679505976,29350.938014444222,nr1,-39344.66025516284,-57485.074024798254,-18140.413769635416,0.16727723870065767
984,w1030080399,86.80603968682699,other,25835.146683608775,28705.718537343084,32293.933354510966,nr1,-43289.718219936236,-63249.05693039116,-19959.338710454926,0.16727723870065767
985,w1036126248,1409.4026292502879,trade,218679.86292202817,242977.6254689202,273349.8286525352,nr2,-337314.5486385922,-492838.20656670793,-155523.65792811575,0.15398885992537178
986,w1036126249,536.9865712554193,mfh,123235.89624283573,136928.77360315082,154044.87030354465,r2,-203407.9338070901,-297177.9490202021,-93770.015213112,0.15398885992537178
987,w1036126250,784.2879224468953,mfh,152719.49523878298,169688.3280430922,190899.36904847872,r2,-252072.30949471428,-368276.3525412383,-116204.04304652402,0.15398885992537178
988,w1036126251,422.468481163308,mfh,131740.18052406833,146377.9783600759,164675.2256550854,r2,-217444.74407822243,-317685.656901041,-100240.91282281856,0.15398885992537178
989,w1036680208,878.3984476357698,mfh,195723.4450164567,217470.49446272966,244654.30627057087,r2,-323052.8016768289,-471978.4879118796,-148925.68623505073,0.15398885992537178
990,w1075387093,82.43980132825672,other,25255.32593226266,28061.47325806962,31569.157415328325,nr1,-42318.1627938635,-61829.55209225606,-19511.38929839256,0.16727723870065767
991,w1075387094,82.56877346616238,other,18471.951114990337,20524.39012776704,23089.93889373792,nr1,-30951.848988250855,-45222.63805951915,-14270.789071268297,0.16727723870065767
992,w1075387095,130.11354850369972,other,17546.933519760307,19496.592799733673,21933.666899700384,nr1,-29401.877101642713,-42958.02964607292,-13556.15254443021,0.16727723870065767
993,w1075387096,86.78853361294604,other,19192.799696722424,21325.332996358247,23990.99962090303,nr1,-32159.71253803364,-46987.404234161826,-14827.691696128186,0.16727723870065767
994,w1075387097,130.27800867820625,other,18492.72523522246,20547.47248358051,23115.906544028076,nr1,-30986.658382682752,-45273.49681907378,-14286.838436391026,0.16727723870065767
995,w1075387098,130.18280181584413,other,17539.018200395993,19487.79800043999,21923.77275049499,nr1,-29388.614086375244,-42938.65152946198,-13550.037443086738,0.16727723870065767
996,w1075387099,86.85200681062415,other,27744.647424820705,30827.38602757856,34680.80928102588,nr1,-46489.30326739675,-67923.85605456888,-21434.552787172135,0.16727723870065767
997,w1107949539,145.45949292609,other,7234.128086910359,8037.920096567066,9042.660108637949,nr1,-12121.602028602521,-17710.438605755262,-5588.836577152741,0.16727723870065767
998,w1107949540,113.13991883732378,other,28748.75876737973,31943.06529708859,35935.94845922466,nr1,-48171.80569763843,-70382.10009892187,-22210.29440128344,0.16727723870065767
999,w1108636740,113.13954655230044,other,30738.16352195462,34153.51502439402,38422.70440244327,nr1,-51505.27898136428,-75252.51853008682,-23747.239548722537,0.16727723870065767
1000,w1108636741,169.70950587596744,other,22435.53536817059,24928.372631300655,28044.419210213237,nr1,-37593.28391263667,-54926.20077382931,-17332.916861192643,0.16727723870065767
1001,w1108636742,113.35190696045755,other,24778.82711181561,27532.03012423957,30973.533889769515,nr1,-41519.73498070261,-60662.99780902295,-19143.262828320338,0.16727723870065767
1002,w1108636743,97.02220907397567,other,29852.23012320762,33169.1445813418,37315.287654009524,nr1,-50020.79709848338,-73083.5952156535,-23062.798117170125,0.16727723870065767
1003,w1108636744,97.02139693088829,other,21390.9331432008,23767.703492445333,26738.666429000998,nr1,-35842.934416864264,-52368.82781187721,-16525.893395012943,0.16727723870065767
1004,w1108636745,97.02220705058426,other,20564.73007540746,22849.700083786065,25705.912594259324,nr1,-34458.537477484286,-50346.135023990726,-15887.59754650644,0.16727723870065767
1005,w1108636746,96.97299731615931,other,20594.571221274768,22882.85691252752,25743.214026593458,nr1,-34508.539701654954,-50419.1914829667,-15910.651781311746,0.16727723870065767
1006,w1108636747,96.97299630921333,other,21237.913006776573,23597.681118640638,26547.391258470714,nr1,-35586.53182434545,-51994.20716664849,-16407.67534230304,0.16727723870065767
1007,w1108636748,93.15071205198764,other,25536.120008859092,28373.466676510103,31920.150011073863,nr1,-42788.665113921896,-62516.98618171034,-19728.32106778844,0.16727723870065767
1008,w1108636749,139.88183319568634,other,19436.592588740816,21596.213987489795,24295.740735926018,nr1,-32568.215177044993,-47584.252810070204,-15016.037633025211,0.16727723870065767
1009,w1108636750,139.7263257611543,other,19062.12837594123,21180.1426399347,23827.660469926534,nr1,-31940.75792069316,-46667.497484319254,-14726.739563626095,0.16727723870065767
1010,w1108636751,139.8837134392932,other,18077.1469860024,20085.718873336,22596.433732503,nr1,-30290.30989558533,-44256.08698332362,-13965.77708773829,0.16727723870065767
1011,w1108636752,93.1510556358844,other,19469.083244354304,21632.314715949226,24336.35405544288,nr1,-32622.656955275004,-47663.79574248587,-15041.138787210864,0.16727723870065767
1012,w1108636753,93.25489941500128,other,19379.091053198343,21532.323392442602,24223.863816497927,nr1,-32471.86483302211,-47443.47877307128,-14971.613940049167,0.16727723870065767
1013,w1108636754,139.72684112749994,other,25910.37615630671,28789.30684034079,32387.970195383386,nr1,-43415.773733179914,-63433.23212628946,-20017.458393109548,0.16727723870065767
1014,w1159236388,245.9913005110109,other,69645.03448735391,77383.37165261546,87056.29310919238,nr2,-107427.73961495172,-156958.8229770493,-49531.08336209759,0.15398885992537178
1015,w1159236389,122.96537718712352,other,45526.262556586495,50584.736173984995,56907.82819573311,nr1,-76284.41602508331,-111456.428234502,-35172.012209418695,0.16727723870065767
1016,w1159236390,245.9301320978673,other,47719.789281556106,53021.988090617895,59649.73660194513,nr1,-79959.91881957992,-116826.5737345452,-36866.654914965286,0.16727723870065767
1017,w1219742100,99.15745026543736,other,24902.255561907554,27669.172846563946,31127.81945238444,nr1,-41726.55334679276,-60965.17271680653,-19238.619370013774,0.16727723870065767
1018,w1219742101,534.7382739499211,other,97380.9120977135,108201.0134419039,121726.14012214188,nr2,-150210.43991584555,-219467.0941840658,-69256.65426822024,0.15398885992537178
1019,w1219742102,331.85329187787136,other,59651.986323929385,66279.98480436599,74564.98290491173,nr2,-92013.42351959573,-134437.5177723131,-42424.09425271736,0.15398885992537178
1020,w1219742103,321.63751182574777,other,63594.9553748088,70661.06152756533,79493.694218511,nr2,-98095.46878851725,-143323.77629478308,-45228.30750626583,0.15398885992537178
1021,w1219742104,906.7466930493712,other,139944.3369520087,155493.7077244541,174930.42119001088,nr2,-215864.69015816628,-315392.16789790447,-99527.47773973818,0.15398885992537178
1022,w1219742105,1260.638449399173,ab,275916.17447946646,306573.52719940717,344895.21809933305,r2,-455415.513384458,-665359.7314838766,-209944.21809941856,0.15398885992537178
1023,w1219929093,501.3837405549362,other,115763.07895930854,128625.6432881206,144703.84869913565,nr2,-178565.00459804985,-260894.93316212783,-82329.92856407797,0.15398885992537178
1024,w1242595698,177.05818741209805,other,34357.4302496909,38174.92249965655,42946.787812113624,nr1,-57569.77084298389,-84113.13039779876,-26543.359554814866,0.16727723870065767
1025,w1242595699,175.70056665593293,other,34263.08094414638,38070.08993794042,42828.85118018297,nr1,-57411.67788143474,-83882.14643355772,-26470.468552122977,0.16727723870065767
