,full_id,NFA,building_usage,yearly_demand_useful_unrenovated,yearly_demand_delivered_unrenovated,yearly_demand_delivered_unrenovated_DH,consumer_size_unrenovated,npv_Gas_25years_ir_0.05,npv_DH_25years_ir_0.05,savings_npv_25years_ir_0.05,operator_selling_price
0,w24853838,27974.42320393324,trade,3368360.1466045496,3742622.385116166,4210450.183255686,nr2,-5195708.774105346,-6504540.647222262,-1308831.873116916,0.12331277244493272
1,w24853840,937.1926232803613,trade,270688.823253195,300765.35917021666,338361.0290664937,nr2,-417538.5745038599,-522719.17994696513,-105180.60544310522,0.12331277244493272
2,w24853841,8998.296452549099,trade,1189609.3568609958,1321788.1742899953,1487011.6960762446,nr2,-1834977.1117649244,-2297219.4418754107,-462242.33011048636,0.12331277244493272
3,w25538793,404.8852469230536,trade,112752.73275817276,125280.81417574751,140940.91594771593,nr2,-173921.53374292093,-217733.46714430963,-43811.9334013887,0.12331277244493272
4,w27689586,5481.69515059907,office,239232.2588022705,265813.6208914117,299040.3235028381,nr2,-369016.70011770434,-461974.3387816695,-92957.63866396516,0.12331277244493272
5,w28994179,16672.165487814695,other,602602.7887910821,669558.6542123135,753253.4859888526,nr2,-929517.1717841114,-1163668.4211966654,-234151.24941255397,0.12331277244493272
6,w28994181,2845.002712316811,trade,324149.90597616514,360166.56219573907,405187.3824702064,nr2,-500002.504869771,-625956.295481243,-125953.79061147204,0.12331277244493272
7,w29249266,23411.247439788887,trade,2697249.5326306587,2996943.9251451762,3371561.915788323,nr2,-4160518.012531257,-5208578.791190971,-1048060.7786597139,0.12331277244493272
8,w30213059,1747.46707642246,ab,354664.9280794791,394072.1423105323,443331.1600993488,r2,-585394.8598899484,-732824.7587135243,-147429.89882357593,0.12331277244493272
9,w50930444,8762.936898044496,other,1082817.2797117848,1203130.310790872,1353521.599639731,nr2,-1670249.912742452,-2090996.4204688193,-420746.50772636733,0.12331277244493272
10,w50930445,4934.112452852726,other,664237.6418930636,738041.8243256261,830297.0523663294,nr2,-1024589.1751075892,-1282689.662939934,-258100.48783234484,0.12331277244493272
11,w50930458,1974.6456010334193,other,337265.1957843652,374739.10642707243,421581.49473045644,nr2,-520232.89098216186,-651282.8436959676,-131049.95271380572,0.12331277244493272
12,w50930471,4724.4749339554455,other,805986.2955036239,895540.3283373598,1007482.8693795298,nr2,-1243237.0308080602,-1556416.2951791687,-313179.2643711085,0.12331277244493272
13,w50930472,9715.957844087014,other,1058464.4972369291,1176071.663596588,1323080.6215461614,nr2,-1632685.6499939947,-2043969.4825565126,-411283.83256251784,0.12331277244493272
14,w50930478,6019.835157379508,trade,680901.6527717811,756557.3919686456,851127.0659647263,nr2,-1050293.4774285918,-1314869.0414471983,-264575.56401860644,0.12331277244493272
15,w50930479,4489.048651921749,other,605573.605365519,672859.5615172433,756967.0067068987,nr2,-934099.6680345847,-1169405.2772105169,-235305.60917593213,0.12331277244493272
16,w50930480,4441.97852948606,other,571805.8128687943,635339.7920764381,714757.2660859928,nr2,-882012.7152975801,-1104197.2919292154,-222184.5766316353,0.12331277244493272
17,w50930481,1370.623297881335,other,219388.45256825408,243764.94729806008,274235.5657103176,nr2,-338407.55095482233,-423654.5515181623,-85247.00056333997,0.12331277244493272
18,w50930482,1573.369959426485,other,231580.2187222324,257311.35413581377,289475.2734027905,nr2,-357213.39819830074,-447197.71052089543,-89984.31232259469,0.12331277244493272
19,w50930483,704.9254127380437,other,154144.6310888841,171271.81232098234,192680.78886110513,nr2,-237768.69971492764,-297664.1376900955,-59895.43797516788,0.12331277244493272
20,w50930486,509.32494937628496,trade,106076.66272902593,117862.95858780658,132595.82841128242,nr2,-163623.66946556754,-204841.5057808367,-41217.836315269175,0.12331277244493272
21,w98916060,2713.01504517002,other,226605.19701500298,251783.55223889218,283256.4962687537,nr2,-349539.40764783276,-437590.5932569925,-88051.18560915976,0.12331277244493272
22,w98916062,151.14776481509907,trade,44628.266224654115,49586.962471837905,55785.33278081764,nr1,-74779.72132959885,-93617.20568337366,-18837.48435377481,0.13395397615845483
23,w98916065,222.67857759937178,other,74365.24956076973,82628.05506752193,92956.56195096216,nr2,-114708.68993059207,-143604.53379560862,-28895.843865016548,0.12331277244493272
24,w98916067,43210.64675020873,trade,3034378.024269405,3371531.1380771166,3792972.530336756,nr2,-4680540.036831137,-5859597.649554871,-1179057.6127237342,0.12331277244493272
25,w98916074,4745.314506876469,trade,491122.8611791089,545692.0679767877,613903.5764738861,nr2,-757558.944985224,-948392.8304221956,-190833.88543697156,0.12331277244493272
26,w98916075,67.06430839556852,sfh,14372.556497617988,15969.507219575542,17965.695622022486,r1,-25770.898517721274,-32261.220215753536,-6490.321698032261,0.13395932110953318
27,w98916076,98.82164086105185,sfh,30526.14503843407,33917.93893159341,38157.68129804259,r1,-54735.2996005342,-68520.21681641464,-13784.917215880443,0.13395932110953318
28,w98916079,3334.9361924076916,trade,503916.8562605286,559907.618067254,629896.0703256608,nr2,-777293.7327178841,-973098.9358935313,-195805.20317564718,0.12331277244493272
29,w98916080,2976.303781049745,other,385409.83654958865,428233.15172176517,481762.2956869858,nr2,-594496.188718355,-744253.5354193532,-149757.34670099814,0.12331277244493272
30,w98916086,294.4025758753764,other,84265.32015590335,93628.13350655927,105331.65019487918,nr2,-129979.58776117284,-162722.2672901489,-32742.679528976078,0.12331277244493272
31,w98916091,1116.7099465291947,trade,65522.69205707044,72802.99117452271,81903.36507133805,nr2,-101069.01020281287,-126528.93255202076,-25459.92234920789,0.12331277244493272
32,w98916094,150.05011938810347,trade,46278.56665361178,51420.6296151242,57848.20831701472,nr1,-77544.98685809471,-97079.05907286833,-19534.072214773623,0.13395397615845483
33,w98916098,15131.85493721813,trade,1389797.224493673,1544219.1383263033,1737246.5306170913,nr2,-2143767.6849395363,-2683796.3117537997,-540028.6268142634,0.12331277244493272
34,w98916102,1892.1415951219387,trade,284238.58921225026,315820.65468027804,355298.2365153128,nr2,-438439.1417877663,-548884.7322053444,-110445.59041757806,0.12331277244493272
35,w98916109,81.43322088830173,sfh,38719.86130122445,43022.068112471614,48399.826626530565,r1,-69427.1486342374,-86912.16293839311,-17485.014304155717,0.13395932110953318
36,w98916113,559.2398283889517,trade,173540.7692960107,192823.07699556745,216925.96162001335,nr2,-267687.31918562605,-335119.44646833686,-67432.1272827108,0.12331277244493272
37,w98916116,6987.1012714248145,other,1062734.6846249367,1180816.3162499296,1328418.3557811708,nr2,-1639272.4308349062,-2052215.515114685,-412943.0842797789,0.12331277244493272
38,w98916121,458.57296650111675,other,80557.30305057266,89508.1145006363,100696.62881321582,nr2,-124259.95679234069,-155561.82513655917,-31301.868344218485,0.12331277244493272
39,w98916126,1235.1179318586364,trade,194117.59848031573,215686.22053368413,242646.99810039465,nr2,-299427.15913235256,-374854.7526692431,-75427.59353689052,0.12331277244493272
40,w99055014,379.03616306802724,mfh,138482.6158739089,153869.5731932321,173103.2698423861,r2,-228573.52136756424,-286139.06120729505,-57565.5398397308,0.12331277244493272
41,w99055018,363.825429549627,mfh,74738.71105496878,83043.01228329864,93423.38881871097,r2,-123360.54067509662,-154428.51423736906,-31067.97356227244,0.12331277244493272
42,w99055022,32.828185592684896,sfh,8121.358728508361,9023.731920564845,10151.69841063545,r1,-14562.107420004644,-18229.52948106089,-3667.422061056246,0.13395932110953318
43,w99055023,57.57688737055287,sfh,23689.428722857134,26321.58746984126,29611.785903571417,r1,-42476.63689203258,-53174.247527929554,-10697.610635896977,0.13395932110953318
44,w99055025,2922.078992408514,trade,357208.00610134704,396897.78455705225,446510.0076266838,nr2,-550994.7543324071,-689793.8148156722,-138799.0604832651,0.12331277244493272
45,w99055028,168.94065034445376,ab,43794.80756460522,48660.897294005794,54743.50945575652,r1,-78526.84674000934,-98303.59208415273,-19776.74534414339,0.13395932110953318
46,w99055030,502.22660109587014,other,116326.93155687526,129252.14617430585,145408.66444609407,nr2,-179434.74944746352,-224635.49672414805,-45200.74727668453,0.12331277244493272
47,w99055036,2513.4158389533286,other,328535.37354705296,365039.3039411699,410669.2169338162,nr2,-506767.1058461794,-634424.9421907315,-127657.83634455211,0.12331277244493272
48,w99055038,337.97397138923407,other,86262.38089475907,95847.08988306564,107827.97611844883,nr2,-133060.0618054206,-166578.732212391,-33518.6704069704,0.12331277244493272
49,w99055039,2475.299022556655,other,312686.9164410429,347429.90715671435,390858.64555130363,nr2,-482320.79842720146,-603820.4554508808,-121499.65702367935,0.12331277244493272
50,w99055040,101.95110847079195,trade,35391.70019666166,39324.111329624066,44239.62524582707,nr1,-59302.80743519024,-74241.55937666273,-14938.751941472488,0.13395397615845483
51,w99055041,189.90211718752977,ab,64982.981209910264,72203.31245545585,81228.72651238783,r2,-107258.14753265315,-134270.78280197544,-27012.635269322287,0.12331277244493272
52,w99055043,190.2007592998445,sfh,86320.99151306404,95912.21279229339,107901.23939133005,r2,-142477.760645754,-178360.34738483484,-35882.58673908084,0.12331277244493272
53,w99055048,47.74609960326925,sfh,24285.63485393199,26984.0387265911,30357.04356741499,r1,-43545.67201477638,-54512.515865352754,-10966.843850576377,0.13395932110953318
54,w99055050,194.95880112051967,trade,65308.77244341692,72565.3027149077,81635.96555427114,nr2,-100739.0383573933,-126115.83871356945,-25376.800356176143,0.12331277244493272
55,w99055053,122.33706042193808,ab,49059.40863841541,54510.454042683785,61324.260798019255,r1,-87966.6078591905,-110120.72806955878,-22154.120210368288,0.13395932110953318
56,w99055057,303.91877080444243,ab,87681.8017174346,97424.2241304829,109602.25214679325,r2,-144723.8561456332,-181172.11514285026,-36448.25899721705,0.12331277244493272
57,w99055067,194.8848727118224,sfh,33001.382887256914,36668.203208063234,41251.72860907114,r1,-59173.5568736789,-74076.23556231252,-14902.67868863362,0.13395932110953318
58,w99055068,348.37368724122643,ab,132493.30677667502,147214.7853074167,165616.63347084375,r2,-218687.82226898547,-273763.67913101165,-55075.85686202618,0.12331277244493272
59,w99055094,263.70872883694244,other,66091.27134448045,73434.74593831161,82614.08918060057,nr2,-101946.04598990016,-127626.89919607314,-25680.85320617298,0.12331277244493272
60,w99055100,85.6876405166462,sfh,15744.323611141372,17493.69290126819,19680.404513926715,r1,-28230.563301673767,-35340.34402656903,-7109.780724895263,0.13395932110953318
61,w99055110,94.65369866762775,sfh,52473.960066172556,58304.40007352506,65592.45008271569,r2,-86611.28876527665,-108424.07602146262,-21812.78725618597,0.12331277244493272
62,w99055113,801.3236896117684,education,153671.86244078857,170746.51382309842,192089.8280509857,nr2,-237039.45221581208,-296751.18813766434,-59711.73592185226,0.12331277244493272
63,w99055118,54.3237798044458,other,24020.58101149931,26689.534457221456,30025.726264374138,nr1,-40249.20764729739,-50388.237397969846,-10139.029750672453,0.13395397615845483
64,w99055131,500.74276516167447,th,174492.9614592318,193881.0682880353,218116.20182403974,r2,-288010.66764153907,-360545.27035138366,-72534.60270984459,0.12331277244493272
65,w99055135,663.0715527065098,ab,134760.33544465396,149733.70604961552,168450.41930581743,r2,-222429.68345792333,-278447.91657620954,-56018.23311828621,0.12331277244493272
66,w99055142,64.54166975589469,sfh,30373.370700461764,33748.18966717974,37966.7133755772,r1,-54461.365595776675,-68177.2933732918,-13715.927777515128,0.13395932110953318
67,w99055146,149.08371188635937,sfh,45007.11390865703,50007.90434295226,56258.89238582129,r1,-80700.5883266315,-101024.78381791928,-20324.19549128777,0.13395932110953318
68,w99055147,57.659734526090325,sfh,9628.24002989865,10698.044477665168,12035.300037373312,r1,-17264.040447912168,-21611.93604952422,-4347.895601612054,0.13395932110953318
69,w99055152,1635.3717537612654,other,264252.3847284261,293613.76080936234,330315.48091053264,nr2,-407610.3427644949,-510289.96389359585,-102679.62112910097,0.12331277244493272
70,w99055158,567.1104306213557,trade,144743.79539184985,160826.4393242776,180929.7442398123,nr2,-223267.8736781867,-279510.46194053016,-56242.58826234346,0.12331277244493272
71,w99055160,362.3993257842958,ab,101699.20767706775,112999.1196411864,127124.00959633468,r2,-167860.39079594155,-210135.5150363286,-42275.12424038706,0.12331277244493272
72,w99055171,150.93386064656082,sfh,36534.23113964701,40593.59015516334,45667.78892455876,r1,-65508.17617442358,-82006.20929232266,-16498.033117899082,0.13395932110953318
73,w99055172,71.28885925472714,sfh,34959.915482691984,38844.350536324426,43699.89435336498,r1,-62685.32910215973,-78472.43684853005,-15787.107746370319,0.13395932110953318
74,w99055173,413.9677898917347,ab,103778.03118873315,115308.92354303683,129722.53898591643,r2,-171291.60855106896,-214430.87445230898,-43139.265901240025,0.12331277244493272
75,w99055181,184.62117180265486,other,55355.73112876553,61506.36792085059,69194.66391095691,nr2,-85386.4329836193,-106895.81502937608,-21509.382045756778,0.12331277244493272
76,w99055182,84.81555104400032,sfh,41072.2949799907,45635.88331110078,51340.36872498837,r1,-73645.21030024665,-92192.53048930244,-18547.320189055798,0.13395932110953318
77,w99055185,136.9722994968528,education,27137.63133712484,30152.92370791649,33922.039171406046,nr1,-45472.17897106001,-56926.90820338658,-11454.729232326565,0.13395397615845483
78,w99055186,41.49024544628337,sfh,8077.381808901094,8974.86867655677,10096.727261126367,r1,-14483.254034908634,-18130.817112937955,-3647.5630780293213,0.13395932110953318
79,w99055192,160.51305735595523,ab,56573.984423398244,62859.982692664715,70717.4805292478,r2,-93378.6147513568,-116895.73228748671,-23517.11753612991,0.12331277244493272
80,w99055193,133.23216011486946,other,37451.259490311946,41612.510544791054,46814.07436288993,nr1,-62753.83260532943,-78561.91959500902,-15808.086989679592,0.13395397615845483
81,w99055199,594.2030242990702,ab,144875.40265854934,160972.66962061037,181094.25332318665,r2,-239125.18359242982,-299348.1271793082,-60222.94358687839,0.12331277244493272
82,w99055201,119.5810925271362,sfh,23915.67348956297,26572.970543958854,29894.59186195371,r1,-42882.3080002942,-53682.08565975866,-10799.77765946446,0.13395932110953318
83,w99055202,635.4450178422034,ab,183212.87097097567,203569.8566344174,229016.08871371957,r2,-302403.3797558206,-378562.74283886765,-76159.36308304704,0.12331277244493272
84,w99055209,191.61494707558305,other,71166.34004527405,79073.7111614156,88957.92505659255,nr2,-109774.35942143192,-137427.21424998262,-27652.8548285507,0.12331277244493272
85,w99055216,463.1840371862054,education,97615.7064420698,108461.89604674422,122019.63305258725,nr2,-150572.61111547577,-188502.80335961428,-37930.19224413851,0.12331277244493272
86,w99055219,773.0541430711745,other,280358.9009157519,311509.889906391,350448.6261446898,nr2,-432454.7073313647,-541392.7808923101,-108938.0735609454,0.12331277244493272
87,w99055224,318.955577952601,ab,88079.81530757781,97866.46145286423,110099.76913447226,r2,-145380.80046515714,-181994.50887301363,-36613.708407856495,0.12331277244493272
88,w99055226,262.56915004737675,ab,69321.04823838189,77023.38693153542,86651.31029797735,r2,-114418.3766369988,-143234.2936307383,-28815.916993739505,0.12331277244493272
89,w99055235,1694.7837025728077,trade,455420.4985622041,506022.7761802268,569275.6232027551,nr2,-702487.9102290586,-879449.0540039816,-176961.14377492305,0.12331277244493272
90,w99055245,424.4345906373113,ab,110594.87925706254,122883.19917451392,138243.59907132815,r2,-182543.20831160824,-228516.1550801718,-45972.94676856356,0.12331277244493272
91,w99055249,70.42309986636974,sfh,33446.903939437485,37163.22659937498,41808.62992429685,r1,-59972.404164705855,-75076.27009183647,-15103.865927130617,0.13395932110953318
92,w99055257,137.79457132667304,trade,36946.07902516493,41051.19891684992,46182.59878145616,nr1,-61907.345443702216,-77502.19696821416,-15594.851524511949,0.13395397615845483
93,w99055287,226.3710821658373,mfh,65413.202259158345,72681.33584350927,81766.50282394793,r2,-107968.25211561841,-135159.72504477328,-27191.472929154872,0.12331277244493272
94,w99055292,58.725108856521544,trade,26638.013577625854,29597.792864028725,33297.51697203232,nr1,-44635.01275360984,-55878.85452550823,-11243.841771898391,0.13395397615845483
95,w99055300,847.1402418442303,other,253934.7967876531,282149.7742085034,317418.49598456634,nr2,-391695.422786144,-490365.97500253277,-98670.55221638875,0.12331277244493272
96,w99389931,488.4274571448564,mfh,99582.28350232905,110646.9816692545,124477.85437791131,r2,-164366.28570531614,-205761.43030241303,-41395.14459709689,0.12331277244493272
97,w99389943,3490.8252122399163,ab,624462.3880690951,693847.0978545501,780577.9850863689,r2,-1030711.0831334601,-1290292.5060575898,-259581.42292412964,0.12331277244493272
98,w99389949,2474.179022271931,ab,683124.5893772031,759027.3215302257,853905.7367215039,r2,-1127536.4199423487,-1411503.0067744376,-283966.5868320889,0.12331277244493272
99,w99389956,671.7147096479312,education,46899.24791118664,52110.27545687404,58624.0598889833,nr1,-78585.00869632402,-98381.06898429306,-19796.06028796904,0.13395397615845483
100,w99389960,693.6997662768932,ab,196619.69517326806,218466.32797029783,245774.61896658505,r2,-324532.1141022608,-406264.53101499606,-81732.41691273527,0.12331277244493272
101,w99389971,1612.9015118613836,education,309303.5674613809,343670.63051264547,386629.4593267261,nr2,-477101.96931915294,-597286.9703114921,-120185.00099233916,0.12331277244493272
102,w99389974,235.12884147074072,education,43366.28216826591,48184.7579647399,54207.85271033239,nr1,-72665.12392211602,-90969.92782630185,-18304.80390418583,0.13395397615845483
103,w99389975,1082.0712234761565,mfh,203599.25388206367,226221.39320229297,254499.0673525796,r2,-336052.2771320642,-420686.0117472375,-84633.7346151733,0.12331277244493272
104,w99389979,163.53384786918758,ab,58414.06986123536,64904.52206803929,73017.58732654419,r2,-96415.7815862653,-120697.8002683756,-24282.018682110313,0.12331277244493272
105,w99389992,2569.363114476204,other,222880.7619206125,247645.2910229028,278600.9524007656,nr2,-343794.45186630293,-430398.4468103531,-86603.99494405015,0.12331277244493272
106,w99390006,431.6004564465955,education,83282.49698597375,92536.10776219305,104103.12123246718,nr2,-128463.57915605236,-160824.3665373796,-32360.78738132723,0.12331277244493272
107,w99390011,2554.974828636646,ab,487902.76263553556,542114.1807061506,609878.4532944195,r2,-805311.5680751572,-1008126.8149071772,-202815.24683202,0.12331277244493272
108,w99390014,587.280543653667,trade,125980.24566648666,139978.05074054073,157475.30708310832,nr2,-194325.02442861776,-243276.726068245,-48951.70163962725,0.12331277244493272
109,w99390021,1617.1983746248297,other,203329.9608709738,225922.17874552644,254162.45108871724,nr2,-313637.2643527311,-392644.4731916704,-79007.20883893926,0.12331277244493272
110,w99390022,5590.431437242403,education,501507.8998853299,557230.9998725888,626884.8748566624,nr2,-773577.9080345666,-968447.0714913056,-194869.16345673904,0.12331277244493272
111,w99390025,237.89438336268066,education,22880.136119028128,25422.373465586807,28600.170148785157,nr1,-38338.262892655606,-47995.91358391929,-9657.650691263683,0.13395397615845483
112,w99390027,116.0190749399364,mfh,27759.268305341284,30843.631450379202,34699.0853816766,r1,-49774.1154499347,-62309.57366389372,-12535.45821395902,0.13395932110953318
113,w99390046,1095.085822885856,mfh,211796.0789351003,235328.97659455586,264745.09866887535,r2,-349581.60826567287,-437622.6634038751,-88041.05513820221,0.12331277244493272
114,w99390052,1678.6958267321402,education,313307.17899148044,348119.0877683116,391633.9737393505,nr2,-483277.55585078214,-605018.2261154391,-121740.67026465695,0.12331277244493272
115,w99390065,2581.633286331594,education,348951.4029727128,387723.781080792,436189.253715891,nr2,-538258.9115327604,-673849.732733974,-135590.82120121364,0.12331277244493272
116,w99390082,124.21957990797236,education,39827.93660519214,44253.26289465793,49784.92075649017,nr1,-66736.22464911878,-83547.50136031162,-16811.27671119284,0.13395397615845483
117,w99390107,332.09000708311794,education,26712.358260262183,29680.39806695798,33390.44782532773,nr1,-44759.58570076169,-56034.808185253714,-11275.222484492027,0.13395397615845483
118,w99390110,1066.5973296171287,mfh,239891.65743218464,266546.2860357607,299864.5717902308,r2,-395954.97629754676,-495675.02184972836,-99720.0455521816,0.12331277244493272
119,w99390116,694.0162199864862,ab,158097.7549469809,175664.1721633121,197622.1936837261,r2,-260949.43643641943,-326668.75112108025,-65719.31468466081,0.12331277244493272
120,w99390122,307.42072394330467,other,98676.7039395479,109640.78215505321,123345.87992443486,nr2,-152209.2039283042,-190551.66424401352,-38342.46031570932,0.12331277244493272
121,w99390129,1196.3697846690193,trade,195071.71625481176,216746.35139423527,243839.6453185147,nr2,-300898.8895521167,-376697.2212819604,-75798.33172984369,0.12331277244493272
122,w99390130,964.417538562417,education,164651.07624751102,182945.64027501224,205813.84530938877,nr2,-253974.93269460523,-317952.8231683956,-63977.89047379038,0.12331277244493272
123,w99390133,9252.387912133521,education,680645.1328091653,756272.3697879614,850806.4160114565,nr2,-1049897.7943773482,-1314373.6833349308,-264475.88895758265,0.12331277244493272
124,w99390139,1249.1388426542283,ab,193561.77819765167,215068.6424418352,241952.22274706457,r2,-319484.84627910896,-399946.1242811905,-80461.27800208156,0.12331277244493272
125,w99390141,112.67489476799965,other,30821.618759402736,34246.24306600304,38527.023449253415,nr1,-51645.11769632692,-64654.849201816534,-13009.731505489617,0.13395397615845483
126,w99758761,171.36210507287177,trade,71706.83112597434,79674.25680663815,89633.53890746791,nr2,-110608.06903919684,-138470.94058887192,-27862.87154967508,0.12331277244493272
127,w99758765,309.03573338240386,trade,64055.628922168136,71172.92102463126,80069.53615271016,nr2,-98806.05954717645,-123695.93032610597,-24889.870778929515,0.12331277244493272
128,w99758770,601.7205038767308,mfh,123602.56527583835,137336.18363982037,154503.20659479793,r2,-204013.14213248855,-255393.22584030766,-51380.08370781911,0.12331277244493272
129,w99758771,976.6668764967471,mfh,175271.79498964516,194746.4388773835,219089.74373705644,r2,-289296.1771726979,-362154.53151259804,-72858.35433990014,0.12331277244493272
130,w99758774,197.5460334163159,ab,62183.884482976144,69093.20498108461,77729.85560372018,r2,-102638.07741420371,-128487.16220368604,-25849.084789482324,0.12331277244493272
131,w99758775,265.071225726977,sfh,41468.16576899654,46075.73974332949,51835.20721124567,r1,-74355.03154403793,-93081.11803482493,-18726.086490787,0.13395932110953318
132,w99758777,337.6781565959565,ab,105954.58460251115,117727.31622501239,132443.23075313892,r2,-174884.13512989104,-218928.16782415748,-44044.03269426644,0.12331277244493272
133,w99758783,333.3155570875853,th,46165.858494498185,51295.3983272202,57707.32311812273,r1,-82778.2903091995,-103625.74866810643,-20847.458358906937,0.13395932110953318
134,w99758786,182.17889552428386,mfh,58859.38042021428,65399.31157801586,73574.22552526784,r2,-97150.79227280986,-121617.92114049965,-24467.128867689782,0.12331277244493272
135,w99758788,349.08404515869915,other,107247.06333366054,119163.40370406726,134058.82916707566,nr2,-165429.01700147404,-207101.63176945862,-41672.614767984574,0.12331277244493272
136,w99758792,60.93018751584459,sfh,22560.840147597835,25067.600163997595,28201.050184497293,r1,-40453.00653468541,-50640.97207582345,-10187.965541138037,0.13395932110953318
137,w99758793,126.39461716674268,ab,45544.688375520156,50605.2093061335,56930.86046940019,r1,-81664.49318472295,-102231.44515619351,-20566.951971470568,0.13395932110953318
138,w99758796,906.0679207786917,ab,179322.33204421046,199247.03560467827,224152.91505526306,r2,-295981.8215198178,-370523.93486957956,-74542.11334976176,0.12331277244493272
139,w99758800,420.9761067721993,ab,99487.39834212833,110541.55371347592,124359.24792766041,r2,-164209.6722917426,-205565.3742812944,-41355.7019895518,0.12331277244493272
140,w99758801,293.7319820257835,mfh,71440.53956745433,79378.37729717146,89300.6744593179,r2,-117916.71896348412,-147613.68273536055,-29696.963771876428,0.12331277244493272
141,w99758803,512.6721141899004,mfh,131384.60978199245,145982.8997577694,164230.76222749054,r2,-216857.85412023985,-271472.83912037325,-54614.9850001334,0.12331277244493272
142,w99758805,165.76912949401884,sfh,58159.717102174254,64621.90789130473,72699.64637771781,r2,-95995.95773009918,-120172.24506251857,-24176.287332419393,0.12331277244493272
143,w99758807,110.8734177275095,other,42605.10553834061,47339.006153711794,53256.381922925764,nr1,-71389.686154001,-89373.19922460393,-17983.51307060293,0.13395397615845483
144,w99758813,43.0509613757953,other,17306.7893226752,19229.765914083553,21633.486653343996,nr1,-28999.48826478882,-36304.642613354314,-7305.154348565495,0.13395397615845483
145,w99758814,84.92593946289271,th,18715.5754116606,20795.083790734,23394.46926457575,r1,-33558.20481308256,-42009.73570152203,-8451.530888439476,0.13395932110953318
146,w99758818,424.19755738042295,mfh,91711.52463429667,101901.69403810741,114639.40579287084,r2,-151375.14556149318,-189498.5113845729,-38123.365823079715,0.12331277244493272
147,w99758821,35.03456762442365,sfh,16591.68554566197,18435.206161846632,20739.606932077462,r1,-29749.93658964306,-37242.36681399356,-7492.430224350501,0.13395932110953318
148,w99758824,478.7830200769007,ab,169348.0416963535,188164.4907737261,211685.05212044186,r2,-279518.68169851333,-349914.603811424,-70395.92211291066,0.12331277244493272
149,w99758826,392.0728006519377,ab,106368.10829847213,118186.78699830236,132960.13537309016,r2,-175566.67977102342,-219782.60923835624,-44215.92946733281,0.12331277244493272
152,w99758837,194.723237061128,mfh,81068.34105236304,90075.9345026256,101335.4263154538,r2,-133807.95899058756,-167507.08279136737,-33699.12380077981,0.12331277244493272
153,w99758838,478.1149431033991,ab,109862.70524728548,122069.67249698387,137328.38155910684,r2,-181334.7130025585,-227003.30393653986,-45668.59093398135,0.12331277244493272
154,w99758842,66.20839738831855,sfh,28836.13150330949,32040.146114788324,36045.16437913686,r1,-51704.99894981219,-64726.744247126495,-13021.745297314308,0.13395932110953318
155,w99758845,141.8255072105676,th,68631.03812160477,76256.7090240053,85788.79765200596,r2,-113279.47525810951,-141808.56343498643,-28529.088176876918,0.12331277244493272
156,w99758846,563.5821329504251,other,132388.56970357036,147098.41078174484,165485.71212946295,nr2,-204209.88946015234,-255651.6510660368,-51441.76160588447,0.12331277244493272
157,w99758847,385.25146163031457,sfh,141765.98617754248,157517.76241949163,177207.4827219281,r2,-233992.9128739939,-292923.30983192427,-58930.39695793038,0.12331277244493272
158,w99758850,177.17881421931088,ab,51542.08490718524,57268.98323020582,64427.60613398155,r2,-85073.17522502817,-106498.59330673824,-21425.41808171007,0.12331277244493272
159,w99758852,422.9061155930161,other,94738.4325839545,105264.92509328279,118423.04072994312,nr2,-146134.40487283768,-182946.58491837463,-36812.18004553695,0.12331277244493272
160,w99758858,57.38898355839774,sfh,9200.09663478349,10222.329594203877,11500.12079347936,r1,-16496.352389884763,-20650.908110199733,-4154.555720314969,0.13395932110953318
161,w99758862,402.33381934519855,sfh,153965.21116104606,171072.45684560674,192456.51395130757,r2,-254128.4352631253,-318129.9017366773,-64001.46647355196,0.12331277244493272
162,w99758864,101.365438436158,other,39005.52169932354,43339.46855480393,48756.90212415442,nr1,-65358.17520465733,-81822.31255256807,-16464.137347910735,0.13395397615845483
163,w99758865,63.831228005420414,other,19191.6289905496,21324.03221172178,23989.536238187,nr1,-32157.75088707185,-40258.4915480033,-8100.740660931453,0.13395397615845483
164,w99758868,445.0926624152809,ab,107761.9123396737,119735.45815519299,134702.3904245921,r2,-177867.23349600408,-222662.55035832673,-44795.31686232265,0.12331277244493272
165,w99758869,105.27734354436397,other,36782.57152472311,40869.523916359016,45978.21440590389,nr1,-61633.37008340504,-77159.20548334264,-15525.835399937598,0.13395397615845483
166,w99758874,732.9468768487684,ab,145140.5559918637,161267.2844354041,181425.6949898296,r2,-239562.83441752108,-299895.9990215013,-60333.1646039802,0.12331277244493272
167,w99758876,118.68904608124866,sfh,19767.0966607297,21963.44073414411,24708.870825912127,r1,-35443.64860336986,-44370.022723763665,-8926.374120393804,0.13395932110953318
168,w99758878,556.4759241774678,other,165946.20228490618,184384.6692054513,207432.75285613272,nr2,-255972.6697010977,-320453.8027509988,-64481.13304990111,0.12331277244493272
169,w99758879,141.26093079326674,other,63241.62786203879,70268.47540226532,79052.03482754849,nr2,-97550.45971041064,-122124.03695602481,-24573.57724561417,0.12331277244493272
170,w99758882,536.390386541374,other,173463.4893925074,192737.21043611935,216829.36174063425,nr2,-267568.11463052564,-334970.2135325247,-67402.09890199907,0.12331277244493272
171,w99758886,70.57262436598539,sfh,28508.101772463415,31675.66863607046,35635.12721557927,r1,-51116.820993731046,-63990.43547798764,-12873.614484256592,0.13395932110953318
172,w99758887,84.85345135740936,sfh,35123.0717850301,39025.635316700114,43903.839731287626,r1,-62977.87862254458,-78838.66406775791,-15860.785445213332,0.13395932110953318
173,w99758888,71.82869699064176,other,23233.64309960051,25815.158999556123,29042.053874500638,nr1,-38930.60392966114,-48737.46907129044,-9806.8651416293,0.13395397615845483
174,w99758891,1365.0763243824242,trade,394777.7044394887,438641.8938216541,493472.1305493609,nr2,-608946.161782927,-762343.5480117083,-153397.3862287813,0.12331277244493272
175,w99758895,154.4283221337944,other,11343.022479982455,12603.358311091617,14178.778099978068,nr1,-19006.52057193013,-23794.3832107244,-4787.862638794271,0.13395397615845483
176,w99758899,158.4874060918577,th,51555.465518172896,57283.85057574766,64444.33189771612,r2,-85095.26069295636,-106526.24093198149,-21430.980239025128,0.12331277244493272
177,w99758900,82.77785695786588,sfh,14105.077346915961,15672.308163239957,17631.34668364495,r1,-25291.291563350238,-31660.825721889418,-6369.53415853918,0.13395932110953318
178,w99758903,400.34018093422054,trade,111219.17925647758,123576.86584053065,139023.97407059697,nr2,-171556.02143499584,-214772.06733778314,-43216.0459027873,0.12331277244493272
179,w99758905,110.54209396946244,sfh,42224.87349281815,46916.52610313128,52781.09186602269,r1,-75711.85612576175,-94779.65472321553,-19067.798597453773,0.13395932110953318
180,w99758908,248.9345047255978,ab,62155.14284179054,69061.2698242117,77693.92855223817,r2,-102590.63768255062,-128427.77492121371,-25837.137238663097,0.12331277244493272
181,w99758913,208.22132023065353,ab,66297.76659895918,73664.18510995463,82872.20824869897,r2,-109428.27642804579,-136987.45199931407,-27559.17557126828,0.12331277244493272
182,w99758915,71.10941483918579,ab,27065.001520575188,30072.223911750207,33831.251900718984,r1,-48529.25140244273,-60751.19442666239,-12221.943024219661,0.13395932110953318
183,w99758919,819.0798590054737,ab,208080.77592565658,231200.8621396184,260100.9699070707,r2,-343449.2869886883,-429945.9358340346,-86496.6488453463,0.12331277244493272
184,w99758922,83.9358181065414,th,29500.748365313924,32778.60929479325,36875.9354566424,r1,-52896.69881940193,-66218.5700714175,-13321.871252015575,0.13395932110953318
185,w99758926,36.12754547015065,sfh,13125.615217519764,14584.016908355294,16407.019021899705,r1,-23535.05431058286,-29462.285507093355,-5927.231196510496,0.13395932110953318
186,w99758928,119.38002583179623,sfh,50451.804126083465,56057.56014009274,63064.755157604326,r2,-83273.6040958785,-104245.80571178933,-20972.20161591083,0.12331277244493272
187,w99758931,65.79372537583113,th,29795.3796286822,33105.977365202445,37244.22453585275,r1,-53424.99122094304,-66879.91129290062,-13454.920071957582,0.13395932110953318
188,w99758935,355.7203856162727,ab,97740.68299085365,108600.75887872626,122175.85373856705,r2,-161326.61815423868,-201956.231807663,-40629.61365342431,0.12331277244493272
189,w99758936,99.44306262517348,th,46648.143097256325,51831.270108062585,58310.1788715704,r1,-83643.05696058815,-104708.30414658561,-21065.24718599746,0.13395932110953318
190,w99758945,525.0721962768584,mfh,72696.76550898828,80774.18389887585,90870.95688623533,r2,-119990.19212311266,-150209.35374652973,-30219.161623417065,0.12331277244493272
191,w99758951,355.6037514369003,ab,88176.77832572878,97974.19813969864,110220.97290716098,r2,-145540.84350277114,-182194.85825846143,-36654.014755690296,0.12331277244493272
192,w99758953,525.4067761451006,other,115621.89938143763,128468.77709048626,144527.37422679702,nr2,-178347.23454391598,-223274.02994413153,-44926.795400215546,0.12331277244493272
193,w99758954,37.75478148937691,sfh,15454.106966036949,17171.229962263275,19317.633707546185,r1,-27710.186588569235,-34688.91203536115,-6978.725446791916,0.13395932110953318
194,w99758959,30.14875982720405,sfh,5386.67163386435,5985.190704293722,6733.339542330437,r1,-9658.641317403275,-12091.140489783564,-2432.4991723802887,0.13395932110953318
195,w99758962,201.50926117040217,mfh,21723.95521923704,24137.72802137449,27154.944024046297,r1,-38952.41917826271,-48762.466399149474,-9810.047220886765,0.13395932110953318
196,w99758966,155.61690238779408,th,53966.642471051426,59962.936078946026,67458.30308881428,r2,-89075.04691581032,-111508.3241006698,-22433.27718485947,0.12331277244493272
197,w99758967,90.83302856497467,ab,36490.03724639751,40544.485829330566,45612.54655799688,r1,-65428.93374192909,-81907.00989640794,-16478.076154478847,0.13395932110953318
198,w99758970,391.2386861808598,th,114162.05294071334,126846.72548968148,142702.56617589167,r2,-188431.03361774032,-235886.81111928495,-47455.777501544624,0.12331277244493272
199,w99758974,163.93810575278476,sfh,52549.96407185974,58388.84896873304,65687.45508982467,r2,-86736.73774750685,-108581.11894485113,-21844.38119734428,0.12331277244493272
200,w99758975,139.83927450878545,sfh,48769.161981762925,54187.95775751436,60961.45247720365,r1,-87446.17733349116,-109469.22871321924,-22023.051379728087,0.13395932110953318
201,w99758979,705.2831632008775,trade,118383.22027633703,131536.91141815225,147979.02534542128,nr2,-182606.5828847434,-228606.33504784884,-45999.75216310544,0.12331277244493272
202,w99758981,319.7999828794971,other,27092.453379920906,30102.725977689894,33865.56672490113,nr1,-45396.478180154445,-56832.13790488059,-11435.659724726145,0.13395397615845483
203,w99758984,336.42351993245535,ab,99044.44301429484,110049.38112699427,123805.55376786855,r2,-163478.54904964834,-204650.11989457454,-41171.5708449262,0.12331277244493272
204,w99758985,1446.6540044941007,ab,308773.6475480953,343081.8306089948,385967.05943511915,r2,-509648.6622540226,-638002.1136762076,-128353.451422185,0.12331277244493272
205,w99758989,963.3213891830295,education,178962.42487789664,198847.1387532185,223703.03109737078,nr2,-276050.24424439034,-345589.0451967168,-69538.80095232645,0.12331277244493272
206,w99758991,346.04414169639347,ab,108571.37632794297,120634.8625866033,135714.2204099287,r2,-179203.30035935252,-224335.10156067676,-45131.80120132424,0.12331277244493272
207,w99758995,38.315451947040856,sfh,14153.006730026627,15725.56303336292,17691.258412533283,r1,-25377.231964305814,-31768.40994906533,-6391.177984759517,0.13395932110953318
208,w99758997,604.6954287230968,other,183323.21692341135,203692.46324823482,229154.0211542642,nr2,-282776.7831258604,-354010.0417290285,-71233.25860316813,0.12331277244493272
209,w99759000,505.76658869385716,other,34496.09632156219,38328.995912846876,43120.120401952736,nr1,-57802.1215724567,-72362.84126191566,-14560.719689458958,0.13395397615845483
210,w99759001,277.86601877255595,other,81574.80850317713,90638.67611464126,101968.51062897142,nr2,-125829.46295489468,-157526.6998195433,-31697.23686464863,0.12331277244493272
211,w99759005,200.24946516156197,th,50791.008241442374,56434.45360160264,63488.76030180296,r2,-83833.47999525166,-104946.68463810036,-21113.204642848694,0.12331277244493272
212,w99759006,478.86383471041916,sfh,107306.25960596674,119229.17733996305,134132.82450745843,r2,-177115.1524553124,-221721.06001575437,-44605.90756044196,0.12331277244493272
213,w99759010,347.4218390390277,ab,91918.43252307092,102131.59169230102,114898.04065383865,r2,-151716.65893078802,-189926.03384778343,-38209.37491699541,0.12331277244493272
214,w99759011,1184.1155465334652,health,269958.28428687295,299953.6492076366,337447.8553585912,nr2,-416411.7152750534,-521308.4577575308,-104896.74248247739,0.12331277244493272
215,w99759013,1127.2734199425206,other,171785.6852225,190872.98358055556,214732.106528125,nr2,-264980.0950993821,-331730.255527175,-66750.16042779287,0.12331277244493272
216,w99759015,262.8249901607633,mfh,34217.03964154063,38018.932935045144,42771.29955192578,r1,-61353.30595674708,-76804.94776206731,-15451.641805320236,0.13395932110953318
217,w99759016,162.4421672269469,other,39579.42093353886,43977.13437059873,49474.27616692357,nr1,-66319.80845722102,-83026.18729824183,-16706.378841020807,0.13395397615845483
218,w99759020,78.66829424034803,other,23783.079223761644,26425.64358195738,29728.849029702054,nr1,-39851.2464669795,-49890.027281518494,-10038.780814538994,0.13395397615845483
219,w99759023,45.55874986834824,th,17153.126364166834,19059.029293518703,21441.407955208542,r1,-30756.63531855696,-38502.59952811788,-7745.964209560916,0.13395932110953318
220,w99759028,314.5253525768406,trade,117384.63411857742,130427.3712428638,146730.79264822177,nr2,-181066.25980889838,-226677.99485553044,-45611.735046632064,0.12331277244493272
221,w99759036,422.98085668310523,mfh,84448.21047114403,93831.34496793781,105560.26308893003,r2,-139386.62783604566,-174490.72226402006,-35104.0944279744,0.12331277244493272
222,w99759038,116.55152825303375,ab,40682.52312775101,45202.8034752789,50853.15390968876,r1,-72946.32483399032,-91317.63286332402,-18371.308029333697,0.13395932110953318
224,w99759044,415.2007402397692,trade,91754.0768965997,101948.97432955522,114692.59612074961,nr2,-141531.02448743823,-177183.58392403732,-35652.559436599084,0.12331277244493272
225,w99759045,941.2816024620085,trade,131494.20155201256,146104.66839112507,164367.75194001567,nr2,-202830.32306876944,-253924.5631828564,-51094.24011408695,0.12331277244493272
226,w99759047,442.628270605579,mfh,92497.8685975063,102775.40955278477,115622.33574688286,r2,-152673.0514938927,-191123.2909426345,-38450.239448741806,0.12331277244493272
227,w99759050,246.0824731603265,trade,87689.82726981034,97433.14141090038,109612.28408726292,nr2,-135261.90345317166,-169335.23168517175,-34073.32823200009,0.12331277244493272
228,w99759051,91.54405212756247,th,29950.586920623486,33278.42991180387,37438.23365077935,r1,-53703.28766531547,-67228.29584266657,-13525.008177351105,0.13395932110953318
229,w99759055,270.5142616614699,other,63025.800446954905,70028.66716328323,78782.25055869363,nr2,-97217.54507378124,-121707.25901866167,-24489.713944880437,0.12331277244493272
230,w99759057,194.30349186724052,th,63544.9103105719,70605.45590063544,79431.13788821487,r2,-104884.5288126162,-131299.37549218806,-26414.846679571856,0.12331277244493272
231,w99759061,534.3112589053809,trade,95523.08154318364,106136.75727020403,119403.85192897954,nr2,-147344.7289785213,-184461.79731460582,-37117.068336084514,0.12331277244493272
232,w99759062,137.67195288166403,th,51134.694142143744,56816.326824604155,63918.36767767968,r2,-84400.75333907138,-105656.82403253826,-21256.070693466885,0.12331277244493272
233,w99759063,182.5971095246263,sfh,62796.75246680318,69774.16940755908,78495.94058350397,r2,-103649.65126636386,-129753.49782588388,-26103.846559520025,0.12331277244493272
234,w99759067,347.13443305995315,other,53063.728204032785,58959.69800448087,66329.66025504097,nr2,-81851.00945763041,-102469.7959760083,-20618.786518377892,0.12331277244493272
235,w99759073,34.86947953915223,sfh,16322.376591394783,18135.973990438648,20402.970739243476,r1,-29267.048682298013,-36637.86506921852,-7370.8163869205055,0.13395932110953318
236,w99759074,1179.944325777702,mfh,260161.20526083146,289068.00584536826,325201.5065760393,r2,-429411.0306512613,-537556.8808122014,-108145.85016094014,0.12331277244493272
237,w99759077,212.39228247441352,sfh,52914.64659119377,58794.05176799308,66143.3082389922,r2,-87338.66721785479,-109334.64250491995,-21995.975287065157,0.12331277244493272
239,w99759083,341.51128259450195,trade,45059.565495100775,50066.1838834453,56324.45686887597,nr1,-75502.41217067487,-94521.94691417209,-19019.53474349722,0.13395397615845483
240,w99759085,319.12387123871594,other,63311.391095623374,70345.9901062482,79139.23886952922,nr2,-97658.06977259796,-122258.75467289072,-24600.684900292763,0.12331277244493272
241,w99759087,592.8829183824361,other,172965.5863999473,192183.9848888303,216206.98299993412,nr2,-266800.0973062185,-334008.7277909404,-67208.63048472186,0.12331277244493272
242,w99759088,334.1662621571682,ab,88658.67471107052,98509.63856785613,110823.34338883814,r2,-146336.24119970776,-183190.57442421056,-36854.3332245028,0.12331277244493272
243,w99759091,80.87078364617192,sfh,11524.131641001168,12804.590712223518,14405.164551251459,r1,-20663.493448387035,-25867.53085488226,-5204.037406495227,0.13395932110953318
244,w99759093,176.2003906674683,sfh,54665.253714504965,60739.1707938944,68331.56714313121,r2,-90228.14494891322,-112951.82633442793,-22723.681385514705,0.12331277244493272
245,w99759094,339.69808716569094,other,127766.57717581006,141962.86352867784,159708.22146976256,nr2,-197080.44780750092,-246726.25800844462,-49645.8102009437,0.12331277244493272
246,w99759096,246.47077107857913,mfh,47013.13833967629,52236.8203774181,58766.42292459536,r1,-84297.51640581037,-105527.5871944807,-21230.07078867033,0.13395932110953318
247,w99759099,50.23060751573648,th,24989.00373869263,27765.55970965848,31236.254673365787,r1,-44806.856700513636,-56091.32604348166,-11284.469342968026,0.13395932110953318
248,w99759102,1460.464218017459,other,404928.3339724756,449920.3710805284,506160.4174655945,nr2,-624603.5477606102,-781945.1284599168,-157341.58069930656,0.12331277244493272
249,w99759105,189.26809048298745,mfh,53255.998957558084,59173.332175064534,66569.9986969476,r2,-87902.08892905412,-110039.96024488311,-22137.87131582899,0.12331277244493272
250,w99759110,35.61810292806477,th,21502.86142041705,23892.068244907834,26878.576775521313,r1,-38555.984079661306,-48266.19033766721,-9710.206258005906,0.13395932110953318
251,w99759111,238.72463138289748,th,34535.9950545772,38373.327838419114,43169.9938182215,r1,-61925.21308978951,-77520.88795132207,-15595.674861532563,0.13395932110953318
252,w99759113,635.4707306571305,th,212224.98925564316,235805.54361738128,265281.2365695539,r2,-350289.5494155328,-438508.8973595797,-88219.3479440469,0.12331277244493272
253,w99759120,160.90588292758912,th,23237.39167444857,25819.324082720632,29046.73959306071,r1,-41666.106009602714,-52159.58693036607,-10493.480920763359,0.13395932110953318
254,w99759121,33.129497365746644,ab,17191.860563128615,19102.06729236513,21489.825703910767,r1,-30826.088175519108,-38589.54387394767,-7763.455698428559,0.13395932110953318
255,w99759126,310.54387535755524,ab,74661.4219255084,82957.13547278711,93326.77740688549,r2,-123232.97052217374,-154268.81593295909,-31035.845410785347,0.12331277244493272
256,w99759127,85.13879598667843,other,32860.8525520517,36512.05839116855,41076.06569006462,nr1,-55062.08518443309,-68932.5723928071,-13870.487208374005,0.13395397615845483
257,w99759131,184.6887545518577,ab,66274.46957377039,73638.29952641155,82843.08696721298,r2,-109389.8233482048,-136939.31462933175,-27549.49128112696,0.12331277244493272
258,w99759132,153.35469039995223,ab,44301.10147182197,49223.44607980218,55376.376839777455,r1,-79434.66358561962,-99440.03981614257,-20005.376230522947,0.13395932110953318
259,w99759137,162.2998407471925,mfh,26131.587467902093,29035.09718655788,32664.484334877616,r1,-46855.58124985435,-58656.01558281813,-11800.434332963778,0.13395932110953318
260,w99759138,557.9003615580499,mfh,114243.39084343535,126937.10093715039,142804.2385542942,r2,-188565.28650376864,-236054.87518262296,-47489.588678854314,0.12331277244493272
261,w99759140,160.4533356629312,ab,54087.72543979606,60097.4727108845,67609.65679974506,r2,-89274.90131897094,-111758.51122189176,-22483.609902920827,0.12331277244493272
262,w99759142,128.98004897348582,sfh,50447.45984022519,56052.73315580576,63059.32480028148,r2,-83266.43360223791,-104236.82935133239,-20970.395749094474,0.12331277244493272
263,w99759148,518.2482564277947,ab,122067.53269869335,135630.59188743704,152584.41587336667,r2,-201479.48258715306,-252221.47191455276,-50741.9893273997,0.12331277244493272
264,w99759152,155.39786574579776,ab,44876.1750923536,49862.41676928178,56095.218865442,r1,-80465.80678671927,-100730.87326774994,-20265.066481030663,0.13395932110953318
265,w99759159,71.9146042395383,sfh,34070.300398334104,37855.889331482336,42587.87549791763,r1,-61090.193256799124,-76475.57093615862,-15385.377679359495,0.13395932110953318
266,w99759161,242.4930030848831,mfh,71934.50220725962,79927.2246747329,89918.12775907452,r2,-118732.03270731981,-148634.33074329584,-29902.298035976026,0.12331277244493272
267,w99759162,714.1891373082996,mfh,155025.33407488256,172250.37119431395,193781.6675936032,r2,-255878.22909803299,-320320.3757786012,-64442.14668056823,0.12331277244493272
268,w99759164,595.7694656141102,mfh,71961.73720566227,79957.48578406918,89952.17150707783,r2,-118776.98563841553,-148690.6049321226,-29913.619293707074,0.12331277244493272
269,w99759165,160.50856082765387,mfh,63770.821559896285,70856.46839988476,79713.52694987036,r2,-105257.40832134559,-131766.16356078367,-26508.755239438076,0.12331277244493272
270,w99759170,93.69908212199807,sfh,47013.36803003878,52237.07558893198,58766.71003754847,r1,-84297.92825508877,-105528.10276673583,-21230.174511647056,0.13395932110953318
271,w99759172,204.59550149962305,other,61730.81695510983,68589.7966167887,77163.52119388728,nr2,-95220.02794436042,-119206.55470155382,-23986.526757193395,0.12331277244493272
272,w99759176,41.50382452430203,sfh,14493.422515544977,16103.802795049975,18116.77814443122,r1,-25987.618896086373,-32532.520956271765,-6544.902060185392,0.13395932110953318
273,w99759177,360.73507672324774,ab,106008.57950246714,117787.31055829681,132510.72437808392,r2,-174973.25681741076,-219039.734535155,-44066.477717744245,0.12331277244493272
274,w99759180,347.1465133147314,education,74374.97687321722,82638.86319246358,92968.72109152153,nr2,-114723.69434830046,-143623.31792095423,-28899.62357265377,0.12331277244493272
275,w99759183,128.67689446713774,sfh,42546.20900035321,47273.56555594801,53182.76125044151,r1,-76288.03091806117,-95500.93736861319,-19212.906450552022,0.13395932110953318
276,w99759189,171.2441471248865,ab,57837.994960024385,64264.43884447154,72297.49370003048,r2,-95464.93683286203,-119507.48818207241,-24042.55134921038,0.12331277244493272
277,w99759190,369.99921465907244,other,75198.04717388457,83553.38574876063,93997.5589673557,nr2,-115993.28352426598,-145212.72463318144,-29219.44110891546,0.12331277244493272
278,w99759195,184.4751641433686,sfh,51261.17835256776,56956.864836186396,64076.4729407097,r2,-84609.52280223879,-105918.17144426846,-21308.64864202967,0.12331277244493272
279,w155463247,886.8482149265707,mfh,186269.900882997,206966.55653666332,232837.37610374624,r2,-307449.1834294956,-384879.31668164406,-77430.13325214846,0.12331277244493272
280,w155463249,403.549402025342,trade,87242.84372721925,96936.49303024361,109053.55465902406,nr2,-134572.42958071115,-168472.074987289,-33899.64540657785,0.12331277244493272
281,w155463253,721.7602650925515,mfh,85711.09171490726,95234.54634989696,107138.86464363408,r2,-141471.08595473718,-177100.14476247827,-35629.058807741094,0.12331277244493272
282,w155463254,852.2730644002556,mfh,87014.59305688317,96682.88117431464,108768.24132110395,r2,-143622.58988151213,-179793.4983500148,-36170.90846850266,0.12331277244493272
283,w155463255,713.9319995328784,mfh,71073.4939418158,78970.54882423978,88841.86742726975,r2,-117310.889050283,-146855.27641787686,-29544.387367593852,0.12331277244493272
284,w155463260,725.1058137452229,mfh,121068.10069432911,134520.1118825879,151335.12586791138,r2,-199829.86258854633,-250156.40018215784,-50326.537593611516,0.12331277244493272
285,w155463261,1003.1358517257496,mfh,156542.2147043533,173935.7941159481,195677.76838044162,r2,-258381.9278098487,-323454.62332686747,-65072.69551701876,0.12331277244493272
286,w155463268,907.8277638942003,mfh,159567.24377622348,177296.93752913718,199459.05472027932,r2,-263374.9122565477,-329705.075582462,-66330.1633259143,0.12331277244493272
287,w155463269,646.430608794326,mfh,131879.48496798522,146532.76107553914,164849.35620998152,r2,-217674.67407403674,-272495.37267262564,-54820.698598588904,0.12331277244493272
288,w155463275,531.2511221051216,mfh,123394.95860740752,137105.50956378612,154243.6982592594,r2,-203670.47538718514,-254964.2595268806,-51293.78413969546,0.12331277244493272
289,w155463277,722.3371928531676,mfh,151532.00259406594,168368.89177118437,189415.0032425824,r2,-250112.28459420113,-313102.29584778234,-62990.01125358121,0.12331277244493272
290,w155463281,852.691491766274,mfh,129551.36276085915,143945.95862317682,161939.20345107393,r2,-213831.97448536515,-267684.900986205,-53852.92650083982,0.12331277244493272
291,w155463286,75.58565192222595,sfh,21335.71807363871,23706.35341515412,26669.647592048386,r1,-38256.28553762038,-47891.01363762029,-9634.728099999913,0.13395932110953318
292,w155463289,870.3151384696364,mfh,189460.16018468578,210511.2890940953,236825.2002308572,r2,-312714.8898725815,-391471.1751314025,-78756.28525882098,0.12331277244493272
293,w155463294,520.8021583877504,mfh,73954.39748668816,82171.55276298684,92442.9968583602,r2,-122065.98602629152,-152807.92997338966,-30741.943947098145,0.12331277244493272
294,w155463296,531.2875348292291,mfh,149851.71086067607,166501.90095630675,187314.63857584508,r2,-247338.86645791007,-309630.4008657846,-62291.53440787454,0.12331277244493272
295,w155463300,903.6974393147975,mfh,145780.16516082495,161977.9612898055,182225.20645103118,r2,-240618.5461335792,-301217.588493156,-60599.04235957682,0.12331277244493272
296,w155463302,619.062746527791,mfh,162906.195564221,181006.88396024556,203632.74445527626,r2,-268886.0441993038,-336604.1691907453,-67718.1249914415,0.12331277244493272
297,w155463304,1087.9011799693108,mfh,132782.97083749846,147536.6342638872,165978.71354687307,r2,-219165.9294593951,-274362.19614996354,-55196.266690568445,0.12331277244493272
298,w155463308,740.3594694465398,mfh,147385.4815572954,163761.64617477267,184231.85194661922,r2,-243268.213164598,-304534.5660338242,-61266.35286922616,0.12331277244493272
299,w155463310,722.3160033598542,mfh,78437.63363840502,87152.92626489447,98047.04204800627,r2,-129465.82511694926,-162071.39582812853,-32605.570711179273,0.12331277244493272
300,w155463313,774.0583199881017,mfh,118627.44188251636,131808.2687583515,148284.30235314544,r2,-195801.4148620767,-245113.40025951568,-49311.985397438984,0.12331277244493272
301,w155463314,1101.9502923069522,mfh,201931.4964824973,224368.329424997,252414.37060312164,r2,-333299.54763457406,-417240.0157742272,-83940.46813965315,0.12331277244493272
302,w155463317,740.3064833164215,mfh,143289.21159194486,159210.23510216095,179111.51448993105,r2,-236507.0840182156,-296070.66726255696,-59563.58324434137,0.12331277244493272
303,w155463319,828.4481069911271,mfh,145828.4042201316,162031.56024459066,182285.5052751645,r2,-240698.16747509988,-301317.26222517213,-60619.094750072254,0.12331277244493272
304,w155463321,781.2118542082608,mfh,143438.5743173969,159376.19368599655,179298.21789674612,r2,-236753.61578613592,-296379.2872995955,-59625.67151345956,0.12331277244493272
305,w155463324,722.1055689860135,mfh,160134.95033012077,177927.7225890231,200168.68791265096,r2,-264311.9445714622,-330878.096610035,-66566.15203857276,0.12331277244493272
306,w155463327,780.4636536210775,mfh,144237.2233375608,160263.58148617868,180296.529171951,r2,-238071.83192267854,-298029.49212437955,-59957.660201701015,0.12331277244493272
307,w155463330,867.026127423346,mfh,92798.36038612344,103109.28931791494,115997.9504826543,r2,-153169.03047170752,-191744.1807037992,-38575.15023209169,0.12331277244493272
308,w155463331,701.7002469789237,mfh,161247.17579186105,179163.5286576234,201558.9697398263,r2,-266147.73665800196,-333176.22729932657,-67028.4906413246,0.12331277244493272
309,w155463336,356.26551316827533,mfh,82538.53583434132,91709.48426037925,103173.16979292665,r2,-136234.60002630408,-170544.86592430706,-34310.26589800298,0.12331277244493272
310,w155463337,437.0872274041176,trade,59172.9222938284,65747.69143758711,73966.15286728549,nr2,-91274.46536897663,-114267.07998048229,-22992.61461150566,0.12331277244493272
311,w155463339,868.4495440013707,mfh,96284.55889755068,106982.84321950076,120355.69862193835,r2,-158923.2015993589,-198947.52216978034,-40024.320570421434,0.12331277244493272
312,w155463342,722.9579402044416,mfh,125130.04950329757,139033.3883369973,156412.56187912196,r2,-206534.3426925767,-258549.38302361872,-52015.04033104202,0.12331277244493272
313,w155463343,844.8904670208692,mfh,182362.7691744811,202625.29908275677,227953.46146810136,r2,-301000.23785299447,-376806.22395420796,-75805.9861012135,0.12331277244493272
314,w155463347,1083.6851687338203,mfh,195710.88465394767,217456.5385043863,244638.60581743458,r2,-323032.0700761855,-404386.7055047499,-81354.63542856439,0.12331277244493272
315,w155463348,740.608741542697,mfh,144820.76491530155,160911.9610170017,181025.95614412692,r2,-239035.00085508835,-299235.23219634773,-60200.23134125938,0.12331277244493272
316,w155463352,356.4181080274284,mfh,38492.77211566138,42769.74679517931,48115.965144576716,r1,-69019.96342981061,-86402.4293899266,-17382.465960115995,0.13395932110953318
317,w155463353,722.1394314199686,mfh,96023.96050529758,106693.28945033065,120029.95063162198,r2,-158493.06896643512,-198409.06195337794,-39915.992986942816,0.12331277244493272
318,w155463354,696.3946817303076,mfh,187294.1777654443,208104.64196160476,234117.72220680537,r2,-309139.8113281594,-386995.7240278677,-77855.91269970831,0.12331277244493272
319,w155463358,865.4375973489136,mfh,190927.28764734967,212141.4307192774,238659.10955918708,r2,-315136.468121374,-394502.6204300696,-79366.1523086956,0.12331277244493272
320,w155463359,1101.9756921548396,mfh,200634.12279915024,222926.80311016692,250792.65349893778,r2,-331158.15776075586,-414559.3234328433,-83401.16567208746,0.12331277244493272
321,w155463364,740.593882034719,mfh,143564.7779021287,159516.4198912541,179455.97237766086,r2,-236961.92206046006,-296640.05486979394,-59678.13280933388,0.12331277244493272
322,w155463365,603.6562003400177,mfh,105728.02317289257,117475.58130321397,132160.0289661157,r2,-174510.18246119554,-218460.0363235519,-43949.853862356365,0.12331277244493272
323,w155463369,722.4004129424691,mfh,174449.9518470026,193833.2798300029,218062.43980875326,r2,-287939.677803155,-360456.4019400781,-72516.72413692315,0.12331277244493272
324,w155463370,696.1379145577084,mfh,133103.75935795248,147893.06595328054,166379.69919744058,r2,-219695.40936033244,-275025.0239389213,-55329.61457858884,0.12331277244493272
325,w155463373,865.3327697202564,mfh,171854.26793553864,190949.18659504293,214817.83491942327,r2,-283655.35223451705,-355093.08212603425,-71437.7298915172,0.12331277244493272
326,w155463376,746.0008564919234,mfh,156453.43080105938,173837.14533451042,195566.78850132422,r2,-258235.38487167135,-323271.1739994662,-65035.78912779482,0.12331277244493272
327,w155463378,701.7079005709849,mfh,149021.482669433,165579.42518825887,186276.85333679125,r2,-245968.52708344418,-307914.9457255781,-61946.41864213394,0.12331277244493272
328,w155463380,903.4881653226912,mfh,140684.60308128386,156316.22564587096,175855.75385160482,r2,-232208.0278853665,-290688.9070369149,-58480.879151548404,0.12331277244493272
329,w155463382,654.6620004437864,mfh,150368.7714173962,167076.41268599578,187960.96427174524,r2,-248192.30464193024,-310698.77483715676,-62506.47019522652,0.12331277244493272
330,w155463388,654.8312545590103,mfh,81045.45395849762,90050.50439833068,101306.81744812202,r2,-133770.18252597013,-167459.79244007607,-33689.60991410594,0.12331277244493272
331,w155463390,658.415929133445,mfh,127909.41103823822,142121.5678202647,159886.76379779776,r2,-211121.83874170817,-264292.2258732057,-53170.387131497526,0.12331277244493272
332,w155463392,746.3197361536323,mfh,126699.30992433419,140777.01102703798,158374.1374054177,r2,-209124.49726263253,-261791.86007268043,-52667.362810047896,0.12331277244493272
333,w155463395,740.6091377854347,mfh,81203.21252281987,90225.79169202207,101504.01565352484,r2,-134030.57210877427,-167785.7603401458,-33755.18823137152,0.12331277244493272
334,w155463397,721.9107812985777,mfh,108201.45876259069,120223.8430695452,135251.82345323835,r2,-178592.7301444941,-223570.76111111185,-44978.03096661775,0.12331277244493272
335,w155463400,957.7393607803388,mfh,132263.3739372203,146959.30437468924,165329.2174215254,r2,-218308.30489447215,-273288.5814705068,-54980.27657603464,0.12331277244493272
336,w155463402,519.368776667118,mfh,124641.24892632537,138490.27658480595,155801.5611579067,r2,-205727.5492303073,-257539.40110401248,-51811.85187370516,0.12331277244493272
337,w155463405,658.592996231094,mfh,123848.16417723722,137609.07130804137,154810.20522154652,r2,-204418.51724316576,-255900.69342846912,-51482.17618530337,0.12331277244493272
338,w155463406,932.8967588515952,mfh,161116.41015993198,179018.23351103553,201395.51269991498,r2,-265931.9004624242,-332906.03342031705,-66974.13295789284,0.12331277244493272
339,w155463408,740.3845857441426,mfh,81123.65596148898,90137.39551276554,101404.56995186122,r2,-133899.2594291535,-167621.37696517527,-33722.117536021775,0.12331277244493272
340,w155463411,886.3585438661277,mfh,157728.79737860002,175254.21930955557,197160.99672325002,r2,-260340.4507517699,-325906.3942607942,-65565.9435090243,0.12331277244493272
341,w155463413,436.59599217027426,trade,59864.86027475999,66516.51141639998,74831.07534344998,nr2,-92341.78242599827,-115603.26094879808,-23261.478522799807,0.12331277244493272
342,w155463416,722.4005093876273,mfh,103424.16434320562,114915.73815911735,129280.20542900701,r2,-170707.53097232716,-213699.69872795793,-42992.16775563077,0.12331277244493272
343,w155463417,828.3400002270937,mfh,134317.1610003945,149241.2900004383,167896.45125049312,r2,-221698.198551567,-277532.20944119315,-55834.01088962614,0.12331277244493272
344,w155463421,509.4774500131606,mfh,62634.51134401355,69593.90149334838,78293.13918001692,r2,-103381.86296302607,-129418.26786022155,-26036.404897195476,0.12331277244493272
345,w155463422,674.0859733853489,mfh,126316.10423077179,140351.22692307975,157895.13028846472,r2,-208491.99422798873,-261000.06308998133,-52508.06886199259,0.12331277244493272
346,w155463424,701.7858467099256,mfh,151693.48439581433,168548.31599534926,189616.8554947679,r2,-250378.81959449325,-313435.9568698736,-63057.13727538037,0.12331277244493272
347,w155463427,540.3469697440042,mfh,91584.2108942519,101760.23432694655,114480.26361781487,r2,-151165.00691198208,-189235.44996112055,-38070.44304913847,0.12331277244493272
348,w155463430,521.3457492198795,mfh,65819.9805171453,73133.31168571701,82274.97564643163,r2,-108639.66302345756,-136000.22872911955,-27360.565705661997,0.12331277244493272
349,w155463434,634.5610695700626,mfh,121424.36431178215,134915.9603464246,151780.45538972766,r2,-200417.89617718488,-250892.52822535674,-50474.63204817186,0.12331277244493272
350,w155463435,740.6094772338867,mfh,133111.18185755896,147901.3131750655,166388.97732194868,r2,-219707.66062278656,-275040.36064422404,-55332.700021437486,0.12331277244493272
351,w155463436,830.3215000247583,mfh,147370.27277477682,163744.7475275298,184212.84096847102,r2,-243243.1101944234,-304503.1409576548,-61260.03076323139,0.12331277244493272
352,w155463437,634.6341266736388,mfh,122154.47621327543,135727.19579252825,152693.09526659426,r2,-201622.98785792437,-252401.11854733463,-50778.13068941026,0.12331277244493272
353,w155463439,740.3900625675916,mfh,190314.9551668896,211461.06129654398,237893.69395861198,r2,-314125.7781483168,-393237.391289214,-79111.61314089724,0.12331277244493272
354,w155463441,304.4361848443746,mfh,36817.49098632539,40908.32331813932,46021.863732906735,r1,-66016.07891003667,-82642.02577309184,-16625.94686305517,0.13395932110953318
355,w155463442,681.7836883433163,mfh,140478.59578651958,156087.3286516884,175598.24473314948,r2,-231868.00099827655,-290263.2454218904,-58395.244423613854,0.12331277244493272
356,w155463445,701.5969566701912,mfh,129101.85554045986,143446.50615606652,161377.31942557482,r2,-213090.03696780442,-266756.1087819325,-53666.07181412808,0.12331277244493272
357,w155463446,527.3302180506289,mfh,100434.10414036695,111593.44904485217,125542.63017545869,r2,-165772.26465495676,-207521.50073542027,-41749.23608046351,0.12331277244493272
358,w155463447,540.1562461696565,mfh,128549.57621013428,142832.86245570474,160686.97026266783,r2,-212178.46817258478,-265614.9641833394,-53436.49601075461,0.12331277244493272
359,w155463448,488.2503870327026,mfh,106011.60874297086,117790.67638107872,132514.51092871357,r2,-174978.25675306795,-219045.9936892621,-44067.73693619415,0.12331277244493272
360,w155463452,416.2699146196246,mfh,40700.76121869014,45223.06802076682,50875.95152336267,r1,-72979.02687908766,-91358.57081811303,-18379.543939025374,0.13395932110953318
361,w155463453,826.68092449978,mfh,157513.59483929275,175015.10537699194,196891.99354911593,r2,-259985.24658476101,-325461.7330144839,-65476.48642972286,0.12331277244493272
362,w155463454,830.106713430956,mfh,128563.67585865571,142848.52873183967,160704.59482331964,r2,-212201.74045331296,-265644.0975165438,-53442.357063230855,0.12331277244493272
363,w155463458,653.3753796381876,mfh,110066.935375623,122296.59486180333,137583.66921952873,r2,-181671.80657425968,-227425.29348969756,-45753.48691543788,0.12331277244493272
364,w155463459,716.456727950275,mfh,159939.53149426932,177710.59054918814,199924.41436783664,r2,-263989.39454472973,-330474.31334901054,-66484.91880428081,0.12331277244493272
365,w155463463,389.00259175430983,mfh,37000.96483362116,41112.18314846796,46251.206042026446,r1,-66345.05906747066,-83053.85857350011,-16708.79950602945,0.13395932110953318
366,w155463464,681.5525098629297,mfh,147409.13455167686,163787.92727964095,184261.41818959606,r2,-243307.25379206263,-304583.43892349576,-61276.18513143313,0.12331277244493272
367,w155463468,854.9059582386632,mfh,161158.33487353215,179064.81652614684,201447.91859191516,r2,-266001.09961323056,-332992.66016487434,-66991.56055164378,0.12331277244493272
368,w155463469,716.6904537379742,mfh,100679.18201464991,111865.75779405545,125848.97751831239,r2,-166176.77978041585,-208027.89175372582,-41851.11197330998,0.12331277244493272
369,w155463470,608.2978411447257,mfh,64367.74654988399,71519.71838875998,80459.68318735498,r2,-106242.66734532313,-132999.55704608417,-26756.889700761036,0.12331277244493272
370,w155463473,376.1376306014136,mfh,43550.29606288637,48389.217847651526,54437.870078607964,r1,-78088.42222602281,-97754.75170189065,-19666.32947586784,0.13395932110953318
371,w155463474,720.4433401308954,mfh,113607.86032097694,126230.95591219659,142009.82540122117,r2,-187516.30682831857,-234741.71319534208,-47225.406367023505,0.12331277244493272
372,w155463478,851.8925360153429,mfh,87684.85616685112,97427.61796316791,109606.0702085639,r2,-144728.89769005068,-181178.42638475625,-36449.52869470557,0.12331277244493272
373,w155463479,376.5337288361043,mfh,73343.18571827096,81492.42857585663,91678.9821478387,r2,-121057.14585291104,-151545.0164985822,-30487.870645671166,0.12331277244493272
374,w155463480,664.0854127705097,mfh,73172.86575571459,81303.18417301621,91466.08219464324,r2,-120776.02295993977,-151193.09366781247,-30417.0707078727,0.12331277244493272
375,w155463484,531.1159037780716,mfh,68085.21955592721,75650.24395103024,85106.52444490901,r2,-112378.57032648756,-140680.7683613095,-28302.19803482195,0.12331277244493272
376,w155463485,716.6882258921862,mfh,156635.6177374834,174039.57526387044,195794.52217185425,r2,-258536.09488745788,-323647.6169098172,-65111.522022359335,0.12331277244493272
377,w155463490,790.5601109853014,mfh,123664.69792456762,137405.21991618624,154580.87240570952,r2,-204115.69564234483,-255521.60713687353,-51405.9114945287,0.12331277244493272
378,w155463491,681.5525530032813,mfh,145223.38843852136,161359.32048724595,181529.2355481517,r2,-239699.5541342636,-300067.1511792978,-60367.59704503423,0.12331277244493272
379,w155463494,531.001435648324,mfh,121396.79106492685,134885.32340547428,151745.98883115855,r2,-200372.384947566,-250835.55513223732,-50463.170184671326,0.12331277244493272
380,w155463495,716.4590312853455,mfh,194715.2919888105,216350.32443201166,243394.1149860131,r2,-321388.787127766,-402329.5667891829,-80940.77966141689,0.12331277244493272
381,w155463496,611.941689690575,mfh,117319.52164410007,130355.02404900007,146649.40205512507,r2,-193642.6172926047,-242410.9161477538,-48768.2988551491,0.12331277244493272
382,w155463500,1108.025532820262,mfh,189211.96397521914,210235.51552802126,236514.9549690239,r2,-312305.22775557236,-390958.3408675216,-78653.11311194923,0.12331277244493272
383,w155463502,540.1563036605716,mfh,128339.86474938868,142599.84972154297,160424.83093673585,r2,-211832.32734652323,-265181.6488525776,-53349.32150605437,0.12331277244493272
384,w155463507,1267.198863344267,mfh,243694.52630388393,270771.69589320436,304618.1578798549,r2,-402231.8300659277,-503532.6819753377,-101300.85190940998,0.12331277244493272
385,w155463508,530.6506136165466,mfh,129287.7332827833,143653.03698087033,161609.66660347913,r2,-213396.83887097903,-267140.1778028137,-53743.338931834674,0.12331277244493272
386,w155463511,1747.3368958860635,mfh,363833.3623965188,404259.2915516876,454791.7029956485,r2,-600527.887989166,-751768.9934946409,-151241.10550547496,0.12331277244493272
387,w155463513,612.2091895099729,mfh,81863.33408033723,90959.26008926358,102329.16760042153,r2,-135120.14070177203,-169149.73343928697,-34029.59273751493,0.12331277244493272
388,w155463514,830.106801855378,mfh,139422.1532182098,154913.50357578867,174277.69152276224,r2,-230124.28178531036,-288080.3758768001,-57956.09409148974,0.12331277244493272
389,w155463518,691.345141955465,mfh,147043.30734450815,163381.45260500905,183804.13418063518,r2,-242703.4349486148,-303827.55015751056,-61124.11520889576,0.12331277244493272
390,w155463519,507.32179623667616,mfh,120511.05663182377,133901.17403535973,150638.8207897797,r2,-198910.42932885347,-249005.41047785082,-50094.98114899735,0.12331277244493272
391,w155463522,1139.1653657640795,mfh,129564.6746402093,143960.74960023255,161955.84330026162,r2,-213853.946507773,-267712.4065950218,-53858.460087248764,0.12331277244493272
392,w155463523,446.09937440417707,mfh,52022.345619720814,57802.60624413424,65027.93202465102,r2,-85865.8731499338,-107490.92977115627,-21625.056621222466,0.12331277244493272
393,w155463528,681.6119319483638,mfh,145299.12111785548,161443.46790872831,181623.90139731934,r2,-239824.5552767446,-300223.6334758708,-60399.078199126234,0.12331277244493272
394,w155463529,691.3949336603283,mfh,83645.16797269836,92939.0755252204,104556.45996587294,r2,-138061.16001093853,-172831.43943516293,-34770.2794242244,0.12331277244493272
395,w155463531,507.3216828555101,mfh,113942.75365584018,126603.0596176002,142428.44206980022,r2,-188069.06753657904,-235433.6849914959,-47364.61745491685,0.12331277244493272
396,w155463534,640.8467616457492,mfh,122260.31843807886,135844.79826453206,152825.39804759857,r2,-201797.68653674424,-252619.81455224633,-50822.128015502094,0.12331277244493272
397,w155463535,684.7868416263722,mfh,116742.79895402241,129714.2210600249,145928.498692528,r2,-192690.70332642394,-241219.26557071655,-48528.56224429261,0.12331277244493272
398,w155463536,691.6131192699074,mfh,136389.13351476841,151543.481683076,170486.4168934605,r2,-225118.10834167723,-281813.4130158721,-56695.30467419489,0.12331277244493272
399,w155463537,507.3215693686623,mfh,116962.91242618492,129958.79158464991,146203.64053273114,r2,-193054.01327052867,-241674.07400920684,-48620.06073867818,0.12331277244493272
400,w155463538,643.413233704865,mfh,67471.69315381986,74968.54794868872,84339.61644227481,r2,-111365.90971709137,-139413.07228540105,-28047.16256830968,0.12331277244493272
401,w155463539,710.019569536671,mfh,142524.36317914963,158360.40353238847,178155.45397393702,r2,-235244.6577279426,-294490.30278560065,-59245.645057658054,0.12331277244493272
402,w155463540,840.6794232809916,mfh,134223.12657489546,149136.8073054394,167778.90821861933,r2,-221542.98932454275,-277337.91124669666,-55794.92192215391,0.12331277244493272
403,w155463541,696.2558067506179,mfh,141763.63774080755,157515.15304534172,177204.54717600942,r2,-233989.03664410883,-292918.4573854393,-58929.42074133048,0.12331277244493272
404,w155463542,640.557884996757,mfh,65685.4859572708,72983.87328585643,82106.85744658849,r2,-108417.67201786238,-135722.32997007945,-27304.657952217065,0.12331277244493272
405,w155463543,587.0278481058776,mfh,137426.15151832922,152695.72390925468,171782.6893979115,r2,-226829.7661934561,-283956.14664435975,-57126.38045090364,0.12331277244493272
406,w155463544,825.5248426020145,mfh,98226.61890138821,109140.68766820912,122783.27362673526,r2,-162128.6833198113,-202960.29462356097,-40831.61130374967,0.12331277244493272
407,w155463545,709.4769112125038,mfh,121865.120671904,135405.68963544889,152331.40083988,r2,-201145.38989661267,-251803.2390052661,-50657.849108653434,0.12331277244493272
408,w155463546,647.0489746004342,mfh,129916.9711354388,144352.19015048756,162396.2139192985,r2,-214435.43213304013,-268440.33759037056,-54004.90545733043,0.12331277244493272
409,w155463547,586.4484846569597,mfh,65038.9578364076,72265.50870711956,81298.6972955095,r2,-107350.54017379462,-134386.44424622552,-27035.9040724309,0.12331277244493272
410,w155463548,500.40091222245246,mfh,58521.66054916764,65024.06727685293,73152.07568645955,r2,-96593.3662040301,-120920.10902709822,-24326.742823068125,0.12331277244493272
411,w155463549,672.5395986035466,mfh,150879.72380106986,167644.1375567443,188599.6547513373,r2,-249035.66093506798,-311754.52782437025,-62718.86688930227,0.12331277244493272
412,w155463551,586.1050742082298,mfh,118233.46909210505,131370.52121345006,147791.8363651313,r2,-195151.14011488887,-244299.35581301159,-49148.215698122716,0.12331277244493272
413,w155463552,667.035758360289,mfh,140953.13018079853,156614.58908977613,176191.41272599815,r2,-232651.2473055901,-291243.74990783376,-58592.50260224365,0.12331277244493272
414,w155463553,817.6307530952618,mfh,145465.79989078068,161628.66654531186,181832.24986347582,r2,-240099.66817683182,-300568.03271549393,-60468.36453866211,0.12331277244493272
415,w155463556,732.9133296664804,mfh,111950.57145246182,124389.52383606869,139938.21431557726,r2,-184780.85624335357,-231317.34777594532,-46536.491532591754,0.12331277244493272
416,w155463558,710.1379440590739,mfh,170426.45641544508,189362.72935049454,213033.07051930635,r2,-281298.6672099209,-352142.87321091286,-70844.20600099198,0.12331277244493272
417,w155463561,654.0662793286144,mfh,66767.48224207119,74186.09138007909,83459.35280258898,r2,-110203.56910944126,-137957.99976306246,-27754.430653621195,0.12331277244493272
418,w155463562,586.3292756803334,mfh,121242.91613734883,134714.35126372092,151553.64517168602,r2,-200118.40553054877,-250517.61177853434,-50399.20624798557,0.12331277244493272
419,w155463566,653.8032613813876,mfh,132855.68745823152,147617.43050914613,166069.6093227894,r2,-219285.95242370735,-274512.44652947446,-55226.49410576711,0.12331277244493272
420,w155463567,133.41999841853976,sfh,64165.75550151626,71295.28389057361,80207.19437689532,r2,-105909.26950387728,-132582.19398150395,-26672.92447762667,0.12331277244493272
421,w155463569,886.7166110530495,mfh,185351.85354723278,205946.50394136974,231689.81693404095,r2,-305933.8935066882,-382982.4056423653,-77048.5121356771,0.12331277244493272
422,w155463572,311.3570919752121,mfh,35890.06917924034,39877.854643600374,44862.58647405042,r1,-64353.15323098496,-80560.29736546848,-16207.144134483518,0.13395932110953318
423,w155463574,863.4385226266459,mfh,143979.5524771122,159977.28053012467,179974.44059639025,r2,-237646.53134935477,-297497.0809069573,-59850.5495576025,0.12331277244493272
424,w155463577,931.9227139726281,mfh,104741.59050899002,116379.54500998891,130926.98813623752,r2,-172882.01862158775,-216421.8244179486,-43539.80579636086,0.12331277244493272
425,w155463578,931.2066993936896,mfh,190645.967927451,211828.85325272335,238307.45990931377,r2,-314672.1337455277,-393921.3448667586,-79249.21112123091,0.12331277244493272
426,w155463581,136.57608463019133,sfh,46033.7954308567,51148.661589840776,57542.24428857087,r1,-82541.49292304151,-103329.3145870012,-20787.82166395968,0.13395932110953318
427,w155463583,949.1963916398585,mfh,203597.78521864722,226219.76135405246,254497.23152330902,r2,-336049.8530186353,-420682.9771282816,-84633.1241096463,0.12331277244493272
428,w155463586,949.1754787907004,mfh,101711.11223859426,113012.34693177139,127138.89029824281,r2,-167880.03995934935,-210160.1127812353,-42280.07282188596,0.12331277244493272
429,w155463589,722.9646147996187,mfh,79863.38270239974,88737.09189155528,99829.22837799968,r2,-131819.10593914654,-165017.34320292456,-33198.23726377802,0.12331277244493272
430,w155463591,591.1442194825038,mfh,190912.6672966541,212125.18588517123,238640.83412081763,r2,-315112.33639176283,-394472.4111984188,-79360.07480665599,0.12331277244493272
431,w155463593,535.6290349200369,mfh,124635.87387943457,138484.30431048284,155794.8423492932,r2,-205718.6774063055,-257528.29493836442,-51809.61753205891,0.12331277244493272
432,w155463596,724.8313003255054,mfh,124750.0851810797,138611.20575675523,155937.6064763496,r2,-205907.18972774208,-257764.28350939022,-51857.093781648146,0.12331277244493272
433,w155463597,752.1160736689344,mfh,96345.81377389302,107050.90419321446,120432.26721736627,r2,-159024.30629541152,-199074.08977323264,-40049.783477821125,0.12331277244493272
434,w155463600,535.4490051213652,mfh,64489.169061256325,71654.6322902848,80611.4613265704,r2,-106443.08218311722,-133250.44574568205,-26807.36356256483,0.12331277244493272
435,w155463601,907.8308945208788,mfh,178349.14469125378,198165.7163236153,222936.43086406722,r2,-294375.5198276385,-368513.0910261373,-74137.57119849877,0.12331277244493272
436,w155463605,389.4215188790113,mfh,42998.73447932191,47776.37164369101,53748.41809915238,r1,-77099.43758723089,-96516.69431711907,-19417.256729888177,0.13395932110953318
437,w155463606,690.2915003947913,mfh,150889.27825945674,167654.75362161858,188611.59782432092,r2,-249051.43111809395,-311774.2696795909,-62722.83856149693,0.12331277244493272
438,w155463610,725.1058211326599,mfh,121676.56395498163,135196.1821722018,152095.70494372703,r2,-200834.16619179983,-251413.63456557514,-50579.46837377531,0.12331277244493272
439,w155463611,1002.8680375270545,mfh,112403.2420384642,124892.49115384911,140504.05254808025,r2,-185528.01507776132,-232252.67626968795,-46724.66119192663,0.12331277244493272
440,w155463612,535.6290688522159,mfh,63516.22491576578,70573.58323973975,79395.28114470722,r2,-104837.18191884708,-131240.10442853585,-26402.922509688768,0.12331277244493272
441,w155463616,543.6235096465331,mfh,122018.55650405756,135576.1738933973,152523.19563007195,r2,-201398.64456138044,-252120.27508008978,-50721.63051870934,0.12331277244493272
442,w155463618,752.1486698825844,mfh,105934.48935557003,117704.98817285558,132418.1116944625,r2,-174850.9667691759,-218886.64611359348,-44035.679344417586,0.12331277244493272
443,w155463621,238.18491610530762,mfh,34948.383067365656,38831.5367415174,43685.47883420707,r1,-62664.65075554212,-78446.55072378083,-15781.899968238715,0.13395932110953318
444,w155463623,73.76475410088896,mfh,22421.042859551795,24912.269843946437,28026.303574439742,r1,-40202.34119731941,-50327.17744256068,-10124.83624524127,0.13395932110953318
445,w155463625,52.41574023310095,sfh,20553.391514291106,22837.10168254567,25691.73939286388,r1,-36853.524771155026,-46134.97187734413,-9281.447106189102,0.13395932110953318
446,w155463626,98.3909645654261,mfh,25128.444148181297,27920.49349797922,31410.55518522662,r1,-45056.88213216161,-56404.31961273528,-11347.437480573666,0.13395932110953318
447,w155463629,643.7923131911084,mfh,111830.1906569181,124255.76739657567,139787.73832114763,r2,-184582.1608174417,-231068.61151683517,-46486.45069939346,0.12331277244493272
448,w155463631,546.7249739198014,mfh,62732.02766693095,69702.25296325661,78415.03458366368,r2,-103542.81926197656,-129619.76050907056,-26076.941247094,0.12331277244493272
449,w155463632,612.4270064728335,mfh,67447.16411095476,74941.2934566164,84308.95513869345,r2,-111325.42312122468,-139362.38926462305,-28036.96614339837,0.12331277244493272
450,w155463633,683.6260891854763,mfh,139780.5863489692,155311.76260996578,174725.73293621148,r2,-230715.89628042554,-288820.9866667817,-58105.09038635617,0.12331277244493272
451,w155463638,279.5906790524721,ab,74333.61459427596,82592.90510475107,92917.01824284495,r2,-122691.90567040838,-153591.48555886274,-30899.579888454362,0.12331277244493272
452,w155463639,282.758548167441,other,56433.00137139599,62703.33485710666,70541.25171424498,nr2,-87048.12656984697,-108976.09973061159,-21927.973160764624,0.12331277244493272
453,w155463640,56.80619836300611,sfh,27046.591334301986,30051.768149224426,33808.23916787748,r1,-48496.24077957841,-60709.87017974285,-12213.629400164442,0.13395932110953318
454,w155463643,240.41873629689215,ab,75037.37822127706,83374.86469030785,93796.72277659632,r2,-123853.50800886014,-155045.6338811712,-31192.125872311066,0.12331277244493272
455,w155463644,98.43792371228336,mfh,22355.05352604927,24838.948362276966,27943.816907561584,r1,-40084.01816848126,-50179.055122055724,-10095.036953574461,0.13395932110953318
456,w155463645,98.39091195091605,mfh,20653.13311022937,22947.925678032632,25816.41638778671,r1,-37032.36773116333,-46358.855887942256,-9326.488156778927,0.13395932110953318
457,w155463647,97.66299930792302,mfh,20488.666846367254,22765.185384852502,25610.833557959068,r1,-36737.46936730706,-45989.68827622355,-9252.21890891649,0.13395932110953318
458,w155463653,376.11661268314344,mfh,49110.00769747382,54566.67521941535,61387.50962184227,r1,-88057.33515716997,-110234.30475908259,-22176.969601912613,0.13395932110953318
459,w155463654,482.5493668295443,mfh,128100.40169958616,142333.77966620683,160125.50212448268,r2,-211437.0798117668,-264686.85943924997,-53249.77962748316,0.12331277244493272
460,w155463656,73.78574474137277,mfh,31212.558598147167,34680.62066460796,39015.698247683955,r1,-55966.08232116472,-70060.96838783157,-14094.886066666848,0.13395932110953318
461,w155463657,470.15250823192764,mfh,81792.30738490765,90880.34153878628,102240.38423113455,r2,-135002.90705635745,-169002.9748600774,-34000.067803719954,0.12331277244493272
462,w155463660,49.947176152281465,mfh,13905.87916358521,15450.97684842801,17382.348954481513,r1,-24934.116681596806,-31213.69744237446,-6279.580760777655,0.13395932110953318
463,w155463661,78.16354378722608,sfh,28288.13498176796,31431.261090853288,35360.168727209944,r1,-50722.40669163935,-63496.68914441401,-12774.282452774663,0.13395932110953318
464,w155463663,104.99722011834383,sfh,34819.968665618944,38688.85407290994,43524.96083202368,r1,-62434.395649835846,-78158.30657638011,-15723.910926544268,0.13395932110953318
465,w155463665,467.86907609552145,trade,91176.58615386307,101307.31794873675,113970.73269232883,nr2,-140640.24274546036,-176068.40863219346,-35428.1658867331,0.12331277244493272
466,w155463667,587.3173447391018,mfh,146194.04394705163,162437.82660783513,182742.55493381454,r2,-241301.67687161564,-302072.7636109653,-60771.086739349645,0.12331277244493272
467,w155463669,557.4523567564785,mfh,140665.8284842114,156295.3649824571,175832.28560526425,r2,-232177.0393332076,-290650.11411300197,-58473.07477979438,0.12331277244493272
468,w155463671,449.48969881236553,mfh,64400.332306606986,71555.92478511887,80500.41538325873,r2,-106296.45201073834,-133066.88721441332,-26770.435203674977,0.12331277244493272
469,w155576276,58.73152135126293,other,29597.66649141012,32886.2961015668,36997.08311426265,nr1,-49594.24686346771,-62087.35104621942,-12493.104182751704,0.13395397615845483
470,w159548666,1258.4072781499474,other,172565.87823967956,191739.86471075506,215707.34779959943,nr2,-266183.54589692876,-333236.8631855155,-67053.31728858675,0.12331277244493272
471,w159548667,15669.025621107221,trade,1971364.4926983076,2190404.9918870083,2464205.615872884,nr2,-3040837.4834850547,-3806843.6613503997,-766006.177865345,0.12331277244493272
472,w159548669,2256.2803165019486,trade,261494.21083095495,290549.1231455055,326867.76353869366,nr2,-403355.84867957793,-504963.7358635279,-101607.88718394999,0.12331277244493272
473,w159548670,188.14899220019578,mfh,54902.009333985516,61002.23259331724,68627.51166748189,r2,-90618.92371422412,-113441.02153244037,-22822.09781821625,0.12331277244493272
474,w159548671,318.3455893772654,other,44276.71471391971,49196.34968213301,55345.89339239964,nr1,-74190.65690407573,-92879.75220662306,-18689.095302547328,0.13395397615845483
475,w159548672,170.00981159284711,ab,55824.92384522273,62027.693161358584,69781.1548065284,r2,-92142.24719005152,-115347.98935041152,-23205.742160359994,0.12331277244493272
476,w159548674,118.95309109317604,trade,33383.24480259189,37092.494225102106,41729.056003239864,nr1,-55937.41264446689,-70028.40037142586,-14090.98772695897,0.13395397615845483
477,w159548675,865.047436706489,mfh,193209.26924096223,214676.96582329136,241511.58655120278,r2,-318903.00997398404,-399217.7542883379,-80314.74431435385,0.12331277244493272
478,w159548677,106.67055884185247,other,25288.07003564535,28097.855595161498,31610.087544556685,nr1,-42373.029252574204,-53047.06308654985,-10674.033833975649,0.13395397615845483
479,w159872586,633.9711885744706,mfh,112918.80769710969,125465.34188567742,141148.50962138711,r2,-186378.9858465406,-233317.96141486353,-46938.97556832293,0.12331277244493272
480,w159872589,1091.462102752924,mfh,200048.88086819276,222276.53429799195,250061.10108524095,r2,-330192.1822975779,-413350.07001394645,-83157.88771636854,0.12331277244493272
481,w159872591,2692.1037788091226,mfh,426142.4340857789,473491.5934286432,532678.0426072236,r2,-703372.5940866156,-880514.8231812827,-177142.22909466713,0.12331277244493272
482,w159872593,436.90541737405584,mfh,73718.42960653547,81909.36622948386,92148.03700816934,r2,-121676.50747004262,-152320.36243810103,-30643.85496805841,0.12331277244493272
483,w159872596,218.88012801047884,mfh,53396.64036048387,59329.60040053763,66745.80045060483,r2,-88134.2256525985,-110330.5598897996,-22196.334237201096,0.12331277244493272
484,w159872599,487.8712977081537,mfh,88953.80797896282,98837.56442106981,111192.25997370352,r2,-146823.37563090803,-183800.39216684073,-36977.01653593269,0.12331277244493272
485,w159872601,629.8896718598901,mfh,127483.5024611991,141648.336067999,159354.37807649886,r2,-210418.8521421257,-263412.19425605977,-52993.34211393408,0.12331277244493272
486,w159872603,453.131132603623,mfh,65570.2207830621,72855.800870069,81962.77597882763,r2,-108227.42021915349,-135484.16383976894,-27256.743620615453,0.12331277244493272
487,w159872608,317.054659525305,mfh,90295.55495996469,100328.39439996076,112869.44369995585,r2,-149038.0061843281,-186572.77062820058,-37534.7644438725,0.12331277244493272
488,w159872611,474.9952949794941,mfh,106389.89735925275,118210.99706583639,132987.37169906593,r2,-175602.64386888864,-219827.6307838911,-44224.98691500246,0.12331277244493272
489,w159872613,461.6615135567263,mfh,117487.30554018391,130541.45060020433,146859.13192522989,r2,-193919.55426201876,-242757.59884296547,-48838.044580946706,0.12331277244493272
490,w159872615,129.00588214695452,mfh,35300.25422503271,39222.50469448079,44125.31778129088,r1,-63295.57789067313,-79236.37492151145,-15940.797030838323,0.13395932110953318
491,w159872617,185.93316667452453,mfh,49655.938212222434,55173.26468024715,62069.92276527804,r1,-89036.22293511302,-111459.72241958884,-22423.49948447582,0.13395932110953318
492,w159872620,129.2747205838561,mfh,42371.2083776176,47079.12041957511,52964.010472022,r1,-75974.24378563245,-95108.12390992872,-19133.880124296265,0.13395932110953318
493,w159872622,447.3657494872576,mfh,68473.34354301219,76081.4928255691,85591.67942876523,r2,-113019.19128743192,-141482.7277451332,-28463.536457701266,0.12331277244493272
494,w159872625,238.36158968657256,mfh,48722.326522949574,54135.91835883286,60902.90815368696,r1,-87362.19840766053,-109364.09995265852,-22001.901544997992,0.13395932110953318
495,w159872628,167.04002443812786,mfh,26306.856925514938,29229.84102834993,32883.57115689367,r1,-47169.85042014047,-59049.43247911497,-11879.582058974498,0.13395932110953318
496,w159872630,195.52493976540862,mfh,34338.764195132855,38154.18243903651,42923.45524391607,r1,-61571.56574360267,-77078.17560637977,-15506.609862777099,0.13395932110953318
497,w159872632,133.65780365467072,th,16477.88462317202,18308.760692413354,20597.355778965022,r1,-29545.884372127155,-36986.92467175445,-7441.040299627297,0.13395932110953318
498,w159872635,49.369007284846155,th,22380.32681980364,24867.02979978182,27975.408524754548,r1,-40129.33477507525,-50235.784576938866,-10106.449801863615,0.13395932110953318
499,w159872640,133.91130499513818,mfh,39635.3061200242,44039.229022249114,49544.132650030246,r1,-71068.59881937128,-88967.00731486603,-17898.408495494747,0.13395932110953318
500,w159872643,87.82295271442271,other,35046.307894264784,38940.34210473865,43807.88486783098,nr1,-58724.06346174953,-73517.02613909145,-14792.962677341922,0.13395397615845483
501,w159872648,133.79360626488923,mfh,37854.23601442721,42060.26223825246,47317.79501803401,r1,-67875.02800600245,-84969.14549356214,-17094.11748755969,0.13395932110953318
502,w159872651,467.48304517045614,other,134999.97203711804,149999.96893013114,168749.96504639756,nr2,-208237.98783045576,-260694.45287033153,-52456.465039875766,0.12331277244493272
503,w159872654,134.11286987382917,mfh,36431.14482459692,40479.049805107694,45538.93103074615,r1,-65323.335922505845,-81774.81759025402,-16451.48166774818,0.13395932110953318
504,w159872660,131.42538360562176,mfh,32677.13716339124,36307.93018154582,40846.42145423905,r1,-58592.16388030767,-73348.4205279183,-14756.256647610622,0.13395932110953318
505,w159872663,509.8066861014813,other,40789.69983623175,45321.88870692417,50987.12479528969,nr1,-68347.76801583076,-85565.00268482426,-17217.234668993493,0.13395397615845483
506,w159872669,96.41428965386004,other,28697.887838121846,31886.542042357607,35872.3597976523,nr1,-48086.56568641925,-60199.875453276414,-12113.309766857165,0.13395397615845483
507,w159872671,385.8471666022902,mfh,88774.61527216679,98638.46141351866,110968.26909020849,r2,-146527.6077633148,-183430.13606953752,-36902.528306222724,0.12331277244493272
508,w159872676,450.3884779855609,trade,76847.61831763922,85386.24257515468,96059.52289704903,nr2,-118537.75350137243,-148398.1626766321,-29860.409175259687,0.12331277244493272
509,w159872680,74.82275880910456,trade,25219.515671661942,28021.684079624378,31524.394589577427,nr1,-42258.15864100257,-52903.25584202861,-10645.097201026038,0.13395397615845483
510,w159872682,128.20031198486686,mfh,40209.65990071562,44677.39988968402,50262.07487589452,r1,-72098.45130232525,-90256.22498492405,-18157.773682598796,0.13395932110953318
511,w159872688,74.73616111706941,trade,23790.325404164127,26433.694893515694,29737.906755205157,nr1,-39863.38826402969,-49905.227673972535,-10041.839409942848,0.13395397615845483
512,w159872690,271.2794532585889,mfh,86576.21769277228,96195.79743641363,108220.27211596534,r2,-142899.02613292684,-178887.7072920432,-35988.68115911636,0.12331277244493272
513,w159872699,406.91918786983007,mfh,88840.55859697518,98711.73177441687,111050.69824621898,r2,-146636.45101318427,-183566.391157835,-36929.940144650725,0.12331277244493272
514,w159872700,406.7131608505966,mfh,63430.90905740524,70478.78784156138,79288.63632175654,r2,-104696.36318827284,-131063.82093285432,-26367.45774458148,0.12331277244493272
515,w159872708,435.5580747295171,mfh,82901.00870076058,92112.23188973397,103626.26087595071,r2,-136832.88233744327,-171293.82379931398,-34460.94146187071,0.12331277244493272
516,w159872710,142.59727319749075,mfh,21777.975412659216,24197.75045851024,27222.46926582402,r1,-39049.28078550852,-48883.72230490147,-9834.441519392953,0.13395932110953318
517,w159872717,364.7500545413,mfh,92648.7452669225,102943.05029658055,115810.93158365312,r2,-152922.08211338992,-191435.03915935036,-38512.957045960444,0.12331277244493272
518,w159872718,186.0198295045644,mfh,63209.79611897486,70233.10679886096,79012.24514871858,r2,-104331.40356761562,-130606.94735183487,-26275.543784219248,0.12331277244493272
519,w159872719,169.79583046399057,mfh,62964.44540983133,69960.49489981259,78705.55676228915,r2,-103926.438112529,-130099.99258976715,-26173.554477238155,0.12331277244493272
520,w159872726,172.48843573874328,mfh,41050.78247638799,45611.98052931999,51313.478095484985,r1,-73606.63702712717,-92144.24265573337,-18537.605628606194,0.13395932110953318
521,w159872727,172.59632431017235,mfh,21043.444879268325,23381.60542140925,26304.306099085406,r1,-37732.22130222721,-47234.965432952784,-9502.744130725572,0.13395932110953318
522,w159872732,140.4957689295523,mfh,47225.41326906549,52472.681410072764,59031.766586331854,r1,-84678.13871639597,-106004.06806581652,-21325.92934942055,0.13395932110953318
523,w159872736,118.37831126665697,mfh,36274.088174880875,40304.54241653431,45342.61021860109,r1,-65041.723463230664,-81422.28189740928,-16380.558434178616,0.13395932110953318
524,w159872737,187.97203346798193,mfh,61556.52722070218,68396.14135633575,76945.65902587771,r2,-101602.58817471648,-127190.88817726166,-25588.300002545177,0.12331277244493272
525,w159872743,753.6066189933568,other,113283.89066886077,125870.98963206752,141604.86333607594,nr2,-174740.84690923398,-218759.17047465174,-44018.323565417755,0.12331277244493272
526,w159872746,394.377677144669,mfh,44537.18740147157,49485.76377941285,55671.484251839465,r1,-79857.98051851674,-99969.96781938466,-20111.987300867928,0.13395932110953318
527,w159872748,575.8923149108887,trade,55207.313642999135,61341.45960333237,69009.14205374892,nr2,-85157.49842808953,-106609.21041261642,-21451.71198452689,0.12331277244493272
528,w159872750,127.08080641776323,mfh,24037.222862000235,26708.025402222484,30046.528577500292,r1,-43100.25367631174,-53954.92028538252,-10854.66660907078,0.13395932110953318
529,w159872753,434.5401292324066,other,88884.54137689188,98760.60152987986,111105.67672111484,nr2,-137104.75466222907,-171642.3087592059,-34537.55409697682,0.12331277244493272
530,w159872756,252.43327465518377,mfh,78579.29604288908,87310.32893654342,98224.12005361135,r2,-129699.64706228138,-162364.10511276784,-32664.458050486457,0.12331277244493272
531,w159872759,386.07803563163617,mfh,89723.47994521554,99692.75549468394,112154.34993151942,r2,-148093.76347355582,-185390.72328870263,-37296.95981514681,0.12331277244493272
532,w159872763,1345.7076428122818,trade,221339.4897592335,245932.76639914833,276674.3621990418,nr2,-341417.03349545744,-427422.1417284196,-86005.10823296214,0.12331277244493272
533,w159872767,486.0339612279087,mfh,83343.79298090824,92604.21442323137,104179.7412261353,r2,-137563.72325549545,-172208.72475954832,-34645.00150405287,0.12331277244493272
534,w159872769,563.4171857964247,other,124167.66940780358,137964.07711978175,155209.58675975446,nr2,-191529.1184206251,-239776.51366884378,-48247.39524821867,0.12331277244493272
535,w159872774,2747.8572637828997,other,413797.37386652373,459774.85985169304,517246.71733315464,nr2,-638284.0766796593,-799071.8690641911,-160787.79238453181,0.12331277244493272
536,w159872776,80.53474041707815,sfh,36321.68634447571,40357.42927163968,45402.10793059463,r1,-65127.06997750328,-81529.12266936383,-16402.052691860554,0.13395932110953318
537,w159872779,530.1892838459462,trade,114419.59653572936,127132.8850396993,143024.4956696617,nr2,-176492.67767567988,-220952.2984814007,-44459.62080572083,0.12331277244493272
538,w159872782,386.9254036822822,mfh,61146.105877939306,67940.11764215479,76432.63234742412,r2,-100925.16414594791,-126342.85698593484,-25417.69283998692,0.12331277244493272
539,w159872787,649.6997715241275,sfh,178209.46733573131,198010.51926192368,222761.83416966413,r2,-294144.9743197738,-368224.4833396858,-74079.50901991199,0.12331277244493272
540,w159872789,103.62989482581615,mfh,33686.438755273215,37429.37639474802,42108.04844409152,r1,-60401.90516763369,-75613.93960416694,-15212.03443653325,0.13395932110953318
541,w159872791,7102.280937734339,other,1048520.3896910504,1165022.6552122782,1310650.487113813,nr2,-1617346.8249936893,-2024766.7106089469,-407419.88561525755,0.12331277244493272
542,w159872796,295.65545302389654,other,52305.65320515192,58117.392450168794,65382.06650643989,nr2,-80681.67579030106,-101005.899768581,-20324.223978279944,0.12331277244493272
543,w159872797,3172.659030787088,other,449508.16779551905,499453.5197727989,561885.2097443988,nr2,-693368.1167678857,-868031.9269397953,-174663.8101719095,0.12331277244493272
544,w159872802,393.79842739673325,mfh,75178.90920692091,83532.12134102323,93973.63650865114,r2,-124087.11303983882,-155338.07162224298,-31250.958582404157,0.12331277244493272
545,w159872803,469.9664310747758,mfh,46940.21759095484,52155.79732328315,58675.271988693545,r1,-84166.76491316894,-105363.90633970789,-21197.141426538947,0.13395932110953318
546,w159872804,664.4021281981841,mfh,71285.2107419375,79205.78971326388,89106.51342742186,r2,-117660.33980430795,-147292.7352718011,-29632.395467493145,0.12331277244493272
547,w159872808,295.65545226749964,other,56786.49320607678,63096.10356230754,70983.11650759597,nr2,-87593.38911514725,-109658.71735671672,-22065.32824156947,0.12331277244493272
548,w159872809,678.8678823016584,other,119204.66751548543,132449.63057276158,149005.8343943568,nr2,-183873.66848193237,-230192.607513985,-46318.93903205264,0.12331277244493272
549,w159872812,337.05531151816245,mfh,86157.86629660908,95730.96255178786,107697.33287076134,r2,-142208.51309497902,-178023.29066474686,-35814.777569767844,0.12331277244493272
550,w159872814,765.4437305399682,mfh,145484.1491333942,161649.05459266022,181855.18641674274,r2,-240129.95465699496,-300605.94675273367,-60475.99209573871,0.12331277244493272
551,w159872815,1229.117813373683,mfh,337276.36098132026,374751.51220146695,421595.45122665033,r2,-556694.0299115399,-696895.7127909836,-140201.68287944375,0.12331277244493272
552,w159872820,336.8380303993821,mfh,84037.26817074124,93374.74241193471,105046.58521342654,r2,-138708.34393673312,-173641.61464639188,-34933.27070965877,0.12331277244493272
553,w159872826,1791.1392054180615,th,335754.3027910823,373060.33643453586,419692.8784888529,r2,-554181.7853379265,-693750.7671318542,-139568.98179392773,0.12331277244493272
554,w159872827,157.03123329076917,th,53422.40493792502,59358.22770880558,66778.00617240627,r2,-88176.7515693362,-110383.79582815105,-22207.044258814858,0.12331277244493272
555,w159872832,35.670331929810345,sfh,5188.715632226509,5765.239591362788,6485.894540283136,r1,-9303.69374561755,-11646.800461415829,-2343.1067157982798,0.13395932110953318
556,w159872833,162.84196072258055,mfh,61277.51128247401,68086.12364719335,76596.88910309252,r2,-101142.0563230034,-126614.37279211632,-25472.31646911292,0.12331277244493272
557,w159872834,33.79703346360475,sfh,9511.544663891347,10568.382959879274,11889.430829864183,r1,-17054.798310971466,-21349.9969225816,-4295.1986116101325,0.13395932110953318
558,w159872835,42.916394099872555,th,15722.28965503435,17469.210727815946,19652.862068792936,r1,-28191.055031389908,-35290.88571966931,-7099.830688279406,0.13395932110953318
559,w159872839,58.88304680213332,other,22228.099409219543,24697.888232466157,27785.124261524426,nr1,-37245.701438201926,-46628.128994932966,-9382.42755673104,0.13395397615845483
560,w159872840,318.65718863122163,other,93068.10267465717,103409.0029718413,116335.12834332146,nr2,-143557.91441823618,-179721.06023680285,-36163.14581856667,0.12331277244493272
561,w159872842,48.8293092939537,other,9355.834850403775,10395.372056004195,11694.793563004718,nr1,-15676.762332578512,-19625.83782934565,-3949.07549676714,0.13395397615845483
562,w159872843,143.51003436879253,mfh,57443.75692324947,63826.3965813883,71804.69615406184,r2,-94814.22428129723,-118692.89567150275,-23878.67139020552,0.12331277244493272
563,w159872845,162.83680398128925,mfh,41746.72914119777,46385.25460133085,52183.41142649721,r1,-74854.51320528185,-93706.39261949025,-18851.879414208393,0.13395932110953318
564,w159872848,156.42925329236314,mfh,21291.72814453538,23657.47571615042,26614.660180669223,r1,-38177.40882567902,-47792.27206785759,-9614.863242178573,0.13395932110953318
565,w159872851,167.48750086340587,mfh,46976.990518218794,52196.65613135421,58721.23814777349,r1,-84232.70108651959,-105446.44833595172,-21213.747249432126,0.13395932110953318
566,w159872853,143.46053532976657,th,18641.830787650975,20713.145319612195,23302.288484563716,r1,-33425.976060188485,-41844.20554303584,-8418.229482847353,0.13395932110953318
567,w159872855,768.5454076524824,other,115726.01355909788,128584.45951010875,144657.51694887233,nr2,-178507.8310724444,-223475.0817530439,-44967.25068059951,0.12331277244493272
568,w159872857,315.41669200100006,mfh,74043.33994281983,82270.37771424426,92554.17492852478,r2,-122212.79066504564,-152991.70690985484,-30778.916244809196,0.12331277244493272
569,w159872858,136.24142913175746,other,51966.23350286974,57740.25944763304,64957.79187858717,nr2,-80158.1195645722,-100350.45642111474,-20192.336856542533,0.12331277244493272
570,w159872860,131.01957194106652,other,39926.17881659091,44362.420907323234,49907.72352073863,nr1,-66900.84061591933,-83753.58512939668,-16852.74451347736,0.13395397615845483
571,w159872862,156.42902136784977,mfh,48134.98854254384,53483.32060282649,60168.7356781798,r1,-86309.06443729498,-108045.73742403771,-21736.672986742735,0.13395932110953318
572,w159872865,158.90607472276315,mfh,21250.92912058293,23612.143467314363,26563.66140072866,r1,-38104.25360753288,-47700.69293254259,-9596.439325009705,0.13395932110953318
573,w159872867,192.56274920739233,mfh,52620.75948791944,58467.5105421327,65775.94935989928,r2,-86853.589653021,-108727.39964413793,-21873.809991116927,0.12331277244493272
574,w159872868,54.98272090442479,other,18044.998718983097,20049.998576647886,22556.24839872887,nr1,-30236.441828274998,-37853.192596086505,-7616.750767811507,0.13395397615845483
575,w159872870,315.09365436807275,mfh,76868.77232545406,85409.74702828229,96085.96540681757,r2,-126876.32929774077,-158829.74343429322,-31953.414136552456,0.12331277244493272
576,w159872874,56.548262861557305,th,25655.925460115897,28506.58384457322,32069.90682514487,r1,-46002.68932812664,-57588.32544822022,-11585.636120093579,0.13395932110953318
577,w159872876,86.08918008172186,other,31303.141973789738,34781.26885976637,39128.92746723717,nr1,-52451.96445134829,-65664.9457530844,-13212.981301736101,0.13395397615845483
578,w159872878,413.8979488207959,mfh,96766.79497961469,107518.66108846077,120958.49372451835,r2,-159719.15998527093,-199943.94023230244,-40224.78024703151,0.12331277244493272
579,w159872879,205.3686287334189,mfh,66855.49163505835,74283.87959450927,83569.36454382293,r2,-110348.83367381671,-138139.84876214335,-27791.015088326632,0.12331277244493272
580,w159872883,329.8948070596903,th,79026.37009855526,87807.07788728362,98782.96262319406,r2,-130437.56850152358,-163287.86980172302,-32850.30130019944,0.12331277244493272
581,w159872884,900.053558271192,other,143972.0234440909,159968.91493787878,179965.02930511363,nr2,-222077.41241334195,-278020.11596026307,-55942.70354692111,0.12331277244493272
582,w159872887,1008.3728146322071,other,276664.73986237287,307405.2665137476,345830.9248279661,nr2,-426756.4493771647,-534259.0957507995,-107502.64637363481,0.12331277244493272
583,w159872892,458.9937253634445,other,143062.30464210061,158958.1162690007,178827.88080262576,nr2,-220674.16758329188,-276263.38489008544,-55589.21730679355,0.12331277244493272
584,w159872895,353.7920229201671,th,102607.22908104869,114008.03231227632,128259.03635131086,r2,-169359.13234176862,-212011.71004067344,-42652.57769890482,0.12331277244493272
585,w159872899,2008.66189844124,other,288066.24065585615,320073.60072872904,360082.80081982014,nr2,-444343.30919391726,-556276.196690943,-111932.88749702572,0.12331277244493272
587,w160025355,131.5437356668757,ab,49800.95701413298,55334.39668236998,62251.19626766622,r1,-89296.25077551967,-111785.23747354855,-22488.98669802888,0.13395932110953318
588,w160025360,102.43726858533918,mfh,44981.20852414787,49979.120582386524,56226.51065518484,r1,-80654.13834152561,-100966.63554662444,-20312.49720509883,0.13395932110953318
589,w160025362,106.2412323884666,mfh,48176.35524129165,53529.28360143516,60220.444051614555,r1,-86383.23753208293,-108138.59078510282,-21755.353253019886,0.13395932110953318
590,w160025367,104.2175793532282,mfh,43237.007531294315,48041.11947921591,54046.25941411789,r1,-77526.6761681268,-97051.53162337252,-19524.85545524572,0.13395932110953318
591,w160025369,103.97346241511406,mfh,31307.540166698134,34786.15574077571,39134.42520837267,r1,-56136.390252435456,-70274.1678488995,-14137.777596464039,0.13395932110953318
592,w160025373,103.9182820610702,mfh,19528.4876100236,21698.319566692888,24410.6095125295,r1,-35015.807555594125,-43834.43122119575,-8818.623665601626,0.13395932110953318
593,w160025375,104.46434533819556,mfh,15200.83881015165,16889.8209001685,19001.048512689562,r1,-27256.06084245217,-34120.4161138452,-6864.355271393026,0.13395932110953318
594,w160025376,101.26918978765606,other,24444.85545262742,27160.950502919353,30556.069315784272,nr1,-40960.12759016768,-51278.24256692139,-10318.114976753714,0.13395397615845483
595,w160025380,128.15635424628857,th,34848.77791521003,38720.864350233365,43560.97239401253,r1,-62486.05244782489,-78222.97298040244,-15736.920532577547,0.13395932110953318
596,w160025381,64.08582323277369,th,28086.96814171458,31207.742379682866,35108.71017714322,r1,-50361.70188446009,-63045.14193858846,-12683.440054128369,0.13395932110953318
597,w160025384,125.48521707579494,mfh,20982.930538967033,23314.367265518926,26228.663173708792,r1,-37623.715280836375,-47099.13250309131,-9475.417222254931,0.13395932110953318
598,w160025385,125.6767025694251,mfh,19113.271805362478,21236.968672624975,23891.589756703095,r1,-34271.29948101121,-42902.42107300439,-8631.121591993186,0.13395932110953318
599,w160025388,125.67682776004075,mfh,22027.775224300745,24475.305804778607,27534.71903037593,r1,-39497.18757207267,-49444.43304098776,-9947.24546891509,0.13395932110953318
600,w160025389,125.54291224256157,mfh,47965.512281802236,53295.013646446925,59956.89035225279,r1,-86005.18283366667,-107665.32417118087,-21660.1413375142,0.13395932110953318
601,w160025392,101.23846836648882,other,27858.656569021638,30954.062854468484,34823.32071127705,nr1,-46680.33851822758,-58439.41077513324,-11759.07225690566,0.13395397615845483
602,w160025393,241.441205301648,mfh,45315.96209286242,50351.068992069355,56644.95261607802,r1,-81254.37256215417,-101718.03691353502,-20463.664351380852,0.13395932110953318
603,w160025394,520.9474028991534,mfh,62962.95736238052,69958.84151375612,78703.69670297565,r2,-103923.98200463667,-130096.9179186402,-26172.935914003538,0.12331277244493272
604,w160025395,347.3527018059045,mfh,139025.81297444832,154473.12552716478,173782.2662180604,r2,-229470.0994202203,-287261.4396908182,-57791.340270597895,0.12331277244493272
605,w160025396,362.18757194392384,mfh,72576.31056757846,80640.34507508717,90720.38820947307,r2,-119791.37431518483,-149960.46428386847,-30169.089968683635,0.12331277244493272
606,w160025398,216.67090053744613,mfh,39216.56985455993,43573.966505066586,49020.71231819991,r1,-70317.77833696385,-88027.094998313,-17709.31666134915,0.13395932110953318
607,w160025399,277.5212213275954,mfh,34672.16062353594,38524.62291503994,43340.20077941992,r1,-62169.36652622411,-77826.53068138959,-15657.164155165476,0.13395932110953318
608,w160025402,733.1297983160242,mfh,135601.65691662167,150668.50768513518,169502.07114577707,r2,-223818.33293017835,-280186.2931561376,-56367.96022595922,0.12331277244493272
609,w160025403,118.93753181435167,th,30986.659895695237,34429.62210632804,38733.32486961904,r1,-55561.03172789425,-69553.9070457897,-13992.87531789545,0.13395932110953318
610,w160025405,118.80893169231713,mfh,19132.43207453168,21258.257860590755,23915.5400931646,r1,-34305.65504972395,-42945.42898625651,-8639.773936532561,0.13395932110953318
611,w160025406,118.8714888818562,mfh,28748.62308334191,31942.914537046567,35935.778854177384,r1,-51548.090844368,-64530.31931689402,-12982.228472526018,0.13395932110953318
612,w160025409,118.87152101863175,mfh,32004.557460828604,35560.619400920674,40005.69682603575,r1,-57386.186136355616,-71838.72099042716,-14452.534854071542,0.13395932110953318
613,w160025412,678.325670054555,mfh,83112.16289052342,92346.84765613714,103890.20361315427,r2,-137181.40447071634,-171730.12016220004,-34548.715691483696,0.12331277244493272
614,w160025415,1309.668819526094,mfh,279799.99905388296,310888.88783764775,349749.9988173537,r2,-461825.9891957799,-578135.4471811673,-116309.45798538742,0.12331277244493272
615,w160025422,678.3786613484378,mfh,168599.14632942146,187332.3848104683,210748.93291177682,r2,-278282.5868278663,-348367.20224131265,-70084.61541344633,0.12331277244493272
616,w160025427,555.729584345687,mfh,68356.5049155554,75951.67212839489,85445.63114444424,r2,-112826.34241365077,-141241.31047436412,-28414.96806071335,0.12331277244493272
617,w160025428,926.2977557130158,mfh,239622.2435597125,266246.9372885694,299527.80444964056,r2,-395510.29320756014,-495118.34668830887,-99608.05348074873,0.12331277244493272
618,w160025434,188.0208901744336,mfh,59985.928411771165,66651.03156863463,74982.41051471395,r2,-99010.2245184729,-123945.64569043565,-24935.42117196275,0.12331277244493272
619,w160025437,385.6369404070079,mfh,90561.97402298985,100624.41558109982,113202.4675287373,r2,-149477.74616909667,-187123.2577785239,-37645.51160942722,0.12331277244493272
620,w160025438,514.208815998584,mfh,66439.19135967275,73821.32373296973,83048.98919959094,r2,-109661.7061286683,-137279.6702536175,-27617.964124949212,0.12331277244493272
621,w160025439,231.99735509790483,mfh,35464.80466216238,39405.33851351376,44331.005827702975,r1,-63590.62718249663,-79605.73147194274,-16015.104289446106,0.13395932110953318
622,w160025441,239.19352681115268,mfh,29974.211052689745,33304.67894743305,37467.76381586218,r1,-53745.64722119197,-67281.32352268453,-13535.67630149256,0.13395932110953318
623,w160025442,258.45977183450015,mfh,52917.83142950211,58797.59047722457,66147.28928687764,r2,-87343.92397663658,-109341.2231622674,-21997.29918563082,0.12331277244493272
624,w160025445,358.2598954875022,mfh,76181.21925820394,84645.79917578216,95226.52407275492,r2,-125741.48342039596,-157409.090105703,-31667.60668530705,0.12331277244493272
625,w160025446,282.03160609211767,mfh,32653.249972380814,36281.3888582009,40816.56246547602,r1,-58549.33264318537,-73294.8023751804,-14745.469731995028,0.13395932110953318
626,w160025449,151.84076374266294,mfh,33051.986190285665,36724.42910031741,41314.98273785708,r1,-59264.29178136438,-74189.82177802341,-14925.529996659032,0.13395932110953318
627,w160025451,187.46145662125198,mfh,48334.62753030463,53705.14170033847,60418.284412880785,r1,-86667.02970913901,-108493.85515096183,-21826.825441822817,0.13395932110953318
628,w160025452,105.00601281486452,mfh,24070.360376751494,26744.844863057217,30087.950470939366,r1,-43159.67132618675,-54029.30208801939,-10869.63076183264,0.13395932110953318
629,w160025453,104.94913844838739,mfh,40248.819299141745,44720.91033237972,50311.02412392718,r1,-72168.66656869222,-90344.12375062736,-18175.45718193514,0.13395932110953318
630,w160025454,86.96602670811116,mfh,31063.545589658388,34515.05065517598,38829.43198707298,r1,-55698.89261693771,-69726.48777662887,-14027.595159691162,0.13395932110953318
631,w160025455,103.15431486908346,mfh,35882.11822470182,39869.02024966869,44852.647780877276,r1,-64338.89666900414,-80542.4503321077,-16203.553663103565,0.13395932110953318
632,w160025456,162.83409464433788,mfh,27935.001650526843,31038.890722807602,34918.75206315855,r1,-50089.21639983928,-62704.03182095313,-12614.815421113854,0.13395932110953318
633,w160025457,103.20248084068298,mfh,32162.32092267025,35735.91213630028,40202.90115333781,r1,-57669.06595426409,-72192.84322228734,-14523.777268023245,0.13395932110953318
634,w160025458,101.69107806179672,mfh,18326.430862615038,20362.70095846115,22908.038578268795,r1,-32860.4441409405,-41136.24614560345,-8275.802004662954,0.13395932110953318
635,w160025459,108.44199563004076,mfh,29801.469324202662,33112.743693558514,37251.836655253326,r1,-53435.91042834275,-66893.58046917173,-13457.670040828983,0.13395932110953318
636,w160025462,124.9876569705084,mfh,37263.06505696854,41403.40561885393,46578.83132121067,r1,-66815.02126650441,-83642.17930999605,-16827.15804349164,0.13395932110953318
637,w160025465,103.21026510931551,mfh,33027.052047237106,36696.72449693012,41283.81505904638,r1,-59219.58329333462,-74133.8535944985,-14914.270301163888,0.13395932110953318
638,w160025467,105.14285953305661,mfh,38054.659821936664,42282.955357707404,47568.32477742083,r1,-68234.40050905837,-85419.02485855985,-17184.62434950148,0.13395932110953318
639,w160025469,108.37528205253183,mfh,16872.147227572706,18746.830252858563,21090.18403446588,r1,-30252.8220396901,-37871.902421225466,-7619.080381535365,0.13395932110953318
640,w160025471,48.55004379618913,sfh,15526.61947111203,17251.7994123467,19408.274338890034,r1,-27840.206074654776,-34851.67652997357,-7011.470455318795,0.13395932110953318
641,w160025472,101.69099241122603,mfh,13375.50809475645,14861.6756608405,16719.38511844556,r1,-23983.127969617377,-30023.205141969527,-6040.07717235215,0.13395932110953318
642,w160025474,105.6897082787007,mfh,20835.669696400117,23150.74410711124,26044.587120500146,r1,-37359.66732040183,-46768.58487421288,-9408.91755381105,0.13395932110953318
643,w160025476,96.35599186792969,mfh,11760.455718228655,13067.17302025406,14700.569647785818,r1,-21087.237394882086,-26397.993413786397,-5310.756018904311,0.13395932110953318
644,w160025477,108.4367577029392,mfh,36912.2809783406,41013.64553148955,46140.35122292575,r1,-66186.0433325195,-82854.79521373789,-16668.751881218384,0.13395932110953318
645,w160025481,105.0061043202877,mfh,30356.70228789452,33729.66920877169,37945.877859868146,r1,-54431.47808280756,-68139.87878190943,-13708.400699101869,0.13395932110953318
646,w160025482,103.2132654029876,mfh,32197.87126336993,35775.412514855474,40247.33907921241,r1,-57732.80995294614,-72272.64095140027,-14539.830998454134,0.13395932110953318
647,w160025484,128.51466068420558,mfh,25258.191312723833,28064.657014137592,31572.73914090479,r1,-45289.52696545498,-56695.55533328159,-11406.028367826613,0.13395932110953318
648,w160025486,101.26240085978061,mfh,32127.323788768048,35697.0264319645,40159.15473596006,r1,-57606.31389019294,-72114.28724347269,-14507.973353279747,0.13395932110953318
649,w160025487,105.13472320698202,mfh,30933.722532352236,34370.80281372471,38667.15316544029,r1,-55466.111703141905,-69435.08170412327,-13968.97000098136,0.13395932110953318
650,w160025490,87.12732640933245,mfh,15434.577138518482,17149.530153909425,19293.2214231481,r1,-27675.16837847346,-34645.0745965274,-6969.906218053944,0.13395932110953318
651,w160025492,101.576605540514,mfh,32123.821636092907,35693.13515121434,40154.777045116134,r1,-57600.03430999441,-72106.42617027386,-14506.391860279451,0.13395932110953318
652,w160025494,105.68961535468698,mfh,33618.00222222248,37353.335802469424,42022.5027777781,r1,-60279.19415596033,-75460.32420081692,-15181.130044856589,0.13395932110953318
653,w160025496,100.3227494932711,mfh,31936.83132990454,35485.368144338376,39921.03916238067,r1,-57264.74892041346,-71686.70018435383,-14421.95126394037,0.13395932110953318
654,w160025498,53.38166442215442,th,19833.537403165,22037.26378129444,24791.92175395625,r1,-35562.781036839566,-44519.158294972476,-8956.37725813291,0.13395932110953318
655,w160025500,108.55102695096282,mfh,35318.75735539018,39243.06372821131,44148.446694237726,r1,-63328.75516813117,-79277.90779447263,-15949.152626341463,0.13395932110953318
656,w160025504,103.15687311664223,mfh,33014.085449963415,36682.31716662602,41267.606812454265,r1,-59196.33336820711,-74104.74824708415,-14908.41487887704,0.13395932110953318
657,w160025505,103.09466042611747,mfh,16526.06370219606,18362.293002440067,20657.579627745075,r1,-29632.272493573164,-37095.0693764522,-7462.796882879036,0.13395932110953318
658,w160025507,85.83866344131528,mfh,29011.881673427404,32235.424081586003,36264.852091784254,r1,-52020.13006787956,-65121.24017010789,-13101.110102228333,0.13395932110953318
659,w160025509,108.27769679883495,mfh,36682.60048676754,40758.44498529726,45853.25060845942,r1,-65774.2117533004,-82339.24511524782,-16565.03336194741,0.13395932110953318
660,w160025513,105.03020258601755,mfh,15958.548291276262,17731.72032364029,19948.185364095327,r1,-28614.681638078466,-35821.201387096815,-7206.519749018349,0.13395932110953318
661,w160025515,104.96566433478147,mfh,30481.21173000366,33868.013033337396,38101.514662504575,r1,-54654.73135007594,-68419.3576993511,-13764.626349275153,0.13395932110953318
662,w160025517,132.51887063886969,mfh,28646.82807630318,31829.8089736702,35808.535095378975,r1,-51365.56598899933,-64301.82613688914,-12936.260147889807,0.13395932110953318
663,w160032048,197.876624872908,mfh,59510.27674095202,66122.52971216891,74387.84592619001,r2,-98225.1340819773,-122962.83263703552,-24737.698555058218,0.12331277244493272
664,w160032049,177.6117346536368,mfh,24635.21933914802,27372.46593238669,30794.024173935024,r1,-44172.49900226224,-55297.207305837575,-11124.708303575339,0.13395932110953318
665,w160032050,605.1206229591743,mfh,175655.35519478846,195172.6168830983,219569.19399348556,r2,-289929.2653490931,-362947.0610032029,-73017.7956541098,0.12331277244493272
666,w160032051,604.9254235289991,mfh,152843.0834506673,169825.64827851922,191053.8543133341,r2,-252276.29894574863,-315811.3105721746,-63535.011626425985,0.12331277244493272
667,w160032052,558.9287057133391,mfh,166207.24421579932,184674.71579533257,207759.05526974914,r2,-274334.6148356639,-343424.94561962405,-69090.33078396018,0.12331277244493272
668,w160032053,914.9869650162756,mfh,118384.96876544278,131538.85418382531,147981.21095680346,r2,-195401.19903818629,-244612.39130868381,-49211.19227049753,0.12331277244493272
669,w160032054,558.7663555394857,mfh,140013.45078096946,155570.50086774383,175016.81347621183,r2,-231100.25241702553,-289302.1417167541,-58201.88929972859,0.12331277244493272
670,w160032055,915.1860893286764,mfh,117551.19343225891,130612.43714695434,146938.99179032363,r2,-194025.00490195781,-242889.60690293385,-48864.60200097604,0.12331277244493272
671,w160032056,579.5610938113182,mfh,116842.3330489817,129824.81449886855,146052.9163112271,r2,-192854.99007416773,-241424.92743166597,-48569.937357498246,0.12331277244493272
672,w160032057,300.306428108085,mfh,37313.43611538925,41459.37346154361,46641.79514423657,r1,-66905.33974498842,-83755.24422008915,-16849.90447510073,0.13395932110953318
673,w160032058,579.3688813976943,mfh,109670.41085297539,121856.01205886154,137088.01356621922,r2,-181017.32004627062,-226605.9765383239,-45588.6564920533,0.12331277244493272
674,w160032059,915.3225905947387,mfh,92194.63134061452,102438.47926734947,115243.28917576815,r2,-152172.5409628041,-190496.72837041185,-38324.18740760774,0.12331277244493272
675,w160032060,914.9022733874618,mfh,182147.17661418536,202385.75179353927,227683.9707677317,r2,-300644.3899339147,-376360.7568288435,-75716.3668949288,0.12331277244493272
676,w160032061,434.5004198986106,mfh,54507.02112981529,60563.35681090588,68133.77641226912,r2,-89966.9729682327,-112624.87899197788,-22657.906023745178,0.12331277244493272
677,w160032062,579.3681231357157,mfh,63760.568600850966,70845.07622316774,79700.7107510637,r2,-105240.48522281341,-131744.978431825,-26504.49320901159,0.12331277244493272
678,w160032063,157.0142166607082,mfh,51887.28780825052,57652.54200916724,64859.10976031315,r2,-85642.95246518828,-107211.86719612511,-21568.914730936827,0.12331277244493272
679,w160032064,245.02896427586674,mfh,74242.27363014172,82491.41514460191,92802.84203767714,r2,-122541.14215626243,-153402.75271638858,-30861.61056012615,0.12331277244493272
680,w160032065,177.6155174203217,mfh,58386.98317384559,64874.42574871732,72983.72896730699,r2,-96371.0734510254,-120641.83252648963,-24270.75907546423,0.12331277244493272
681,w160032066,915.0334876678884,mfh,196785.17750857704,218650.19723175224,245981.4718857213,r2,-324805.2522132578,-406606.45812095725,-81801.20590769948,0.12331277244493272
682,w160032067,686.1767572972923,mfh,208672.0383064988,231857.82034055423,260840.0478831235,r2,-344425.1995506256,-431167.6289795153,-86742.4294288897,0.12331277244493272
683,w160032068,579.4084268193692,mfh,106087.62261479415,117875.13623866017,132609.52826849266,r2,-175103.72201992318,-219203.05699850846,-44099.33497858528,0.12331277244493272
684,w160032069,582.2339869499207,mfh,113772.82834525057,126414.25371694508,142216.0354315632,r2,-187788.59603937453,-235082.5776085177,-47293.98156914316,0.12331277244493272
685,w160032070,655.6557445708662,mfh,126481.71328949532,140535.23698832814,158102.14161186916,r2,-208765.34150326892,-261342.2520376087,-52576.91053433978,0.12331277244493272
686,w160032071,187.63290931591763,mfh,44822.51475552269,49802.794172802984,56028.14344440336,r1,-80369.5904249937,-100610.4251106221,-20240.834685628404,0.13395932110953318
687,w160032072,300.05888833065984,mfh,71600.48929692316,79556.0992188035,89500.61162115395,r2,-118180.72519037235,-147944.17812022712,-29763.45292985477,0.12331277244493272
688,w160032074,652.9879129000007,mfh,142328.92568103445,158143.25075670495,177911.15710129307,r2,-234922.0768980706,-294086.4809637605,-59164.404065689916,0.12331277244493272
689,w160032075,187.48918503960593,mfh,29809.11773282239,33121.24192535821,37261.397166027986,r1,-53449.62450644666,-66910.7483957561,-13461.123889309449,0.13395932110953318
690,w160032079,410.4375718038529,mfh,56450.435111772305,62722.70567974701,70563.04388971538,r2,-93174.68950743599,-116640.4490967529,-23465.759589316905,0.12331277244493272
691,w160032080,367.35827468354256,mfh,71168.27026353273,79075.8558483697,88960.3378294159,r2,-117467.32281967993,-147051.10755198434,-29583.78473230441,0.12331277244493272
692,w160032082,146.62608959153295,mfh,39843.43060518983,44270.478450210925,49804.288256487285,r1,-71441.77912220365,-89434.17193163629,-17992.39280943264,0.13395932110953318
693,w160032083,292.00384606306903,mfh,70958.4029590656,78842.66995451733,88698.00369883199,r2,-117120.92476459374,-146617.47020985748,-29496.545445263735,0.12331277244493272
694,w160032087,547.5336022242903,mfh,60767.66004008141,67519.62226675713,75959.57505010176,r2,-100300.51752687455,-125560.89503295539,-25260.37750608084,0.12331277244493272
695,w160032089,324.3052944285795,mfh,80225.85122803085,89139.83469781205,100282.31403503855,r2,-132417.38108556526,-165766.29210879814,-33348.91102323288,0.12331277244493272
696,w160032093,651.9691053661052,mfh,157120.4437098115,174578.27078867942,196400.55463726434,r2,-259336.3280361904,-324649.3863210564,-65313.05828486601,0.12331277244493272
697,w160032096,417.5862662355881,mfh,99761.42909774302,110846.03233082558,124701.78637217877,r2,-164661.97581286394,-206131.58905604205,-41469.613243178115,0.12331277244493272
698,w160032097,55.47504670508206,th,30326.745284288674,33696.38364920964,37908.43160536084,r1,-54377.763289621726,-68072.6360829162,-13694.872793294475,0.13395932110953318
699,w160032099,154.26596265360712,mfh,40170.97328365638,44634.414759618194,50213.71660457047,r1,-72029.08376270952,-90169.38744335255,-18140.303680643032,0.13395932110953318
700,w160032101,417.4909567882307,mfh,95809.37401431223,106454.86001590246,119761.71751789028,r2,-158138.88162260927,-197965.67361404854,-39826.79199143927,0.12331277244493272
701,w160032104,110.95144802480935,th,23217.322601340376,25797.02511260042,29021.65325167547,r1,-41630.12089822035,-52114.53907912424,-10484.418180903886,0.13395932110953318
702,w160032105,152.98637234792113,mfh,20848.956423449432,23165.507137166034,26061.19552931179,r1,-37383.491258368435,-46798.40879783814,-9414.917539469709,0.13395932110953318
703,w160032106,115.7174410201609,mfh,49997.22428140238,55552.471423780415,62496.53035175297,r1,-89648.17034028104,-112225.78690061612,-22577.616560335082,0.13395932110953318
704,w160032107,169.80155310891567,th,20257.197734231464,22507.997482479404,25321.49716778933,r1,-36322.430678829674,-45470.12336785145,-9147.692689021773,0.13395932110953318
705,w160032108,125.84912734059617,mfh,40330.07410854087,44811.193453934306,50412.59263567609,r1,-72314.3615567376,-90526.51157425837,-18212.150017520777,0.13395932110953318
706,w160032109,117.1162128248019,mfh,17028.88358269568,18920.98175855075,21286.104478369598,r1,-30533.860190598112,-38223.7191679034,-7689.858977305288,0.13395932110953318
707,w160032110,214.96215275530702,mfh,65959.80261416038,73288.66957128931,82449.75326770046,r2,-108870.4474354796,-136289.13548700715,-27418.688051527555,0.12331277244493272
708,w160032111,253.8681676615961,th,69929.77168637945,77699.74631819938,87412.21460797431,r2,-115423.10969442813,-144492.06562504754,-29068.955930619413,0.12331277244493272
709,w160032112,125.84912488418631,th,34498.60299221215,38331.78110245795,43123.25374026519,r1,-61858.166768229574,-77436.9562194496,-15578.789451220022,0.13395932110953318
710,w160032113,105.45346036842092,mfh,34893.95820829047,38771.0646758783,43617.44776036308,r1,-62567.06355730774,-78324.38648917673,-15757.322931868992,0.13395932110953318
711,w160032114,381.28189064939505,mfh,78514.11913885121,87237.91015427912,98142.648923564,r2,-129592.06883396904,-162229.43363782417,-32637.364803855133,0.12331277244493272
712,w160032115,139.91205219514669,mfh,38709.485322553875,43010.53924728208,48386.85665319234,r1,-69408.54385133841,-86888.87259802112,-17480.328746682702,0.13395932110953318
713,w160032116,192.1807412372902,mfh,25401.90433957016,28224.338155077952,31752.3804244627,r1,-45547.21346897611,-57018.139391846955,-11470.925922870847,0.13395932110953318
714,w160032117,302.6253065098543,mfh,38132.472874110405,42369.414304567115,47665.591092638,r1,-68373.92420974835,-85593.68717505541,-17219.76296530706,0.13395932110953318
715,w160032118,188.54685349911452,mfh,59239.686577529654,65821.87397503294,74049.60822191206,r2,-97778.5094561312,-122403.726969909,-24625.217513777796,0.12331277244493272
716,w160032119,301.6826584111899,mfh,86774.96745952926,96416.63051058806,108468.70932441157,r2,-143227.07405267435,-179298.37307356478,-36071.29902089044,0.12331277244493272
717,w160032121,128.1140758719295,mfh,40995.73368931806,45550.8152103534,51244.66711164758,r1,-73507.93108672349,-92020.67792717811,-18512.746840454623,0.13395932110953318
718,w160032123,387.4767547928728,mfh,153731.94845816758,170813.27606463063,192164.93557270945,r2,-253743.42175753703,-317647.92376135447,-63904.50200381744,0.12331277244493272
719,w160032125,297.0948597435839,mfh,66153.6841583442,73504.09350927133,82692.10519793024,r2,-109190.46007390799,-136689.74232627059,-27499.282252362595,0.12331277244493272
720,w160032126,464.2806208854541,mfh,110488.03186896033,122764.47985440036,138110.0398362004,r2,-182366.85055295873,-228295.38216126725,-45928.53160830852,0.12331277244493272
721,w160032127,228.89082276217522,mfh,40432.88418235807,44925.42686928675,50541.10522794759,r1,-72498.70649073602,-90757.28321410992,-18258.576723373902,0.13395932110953318
722,w160032128,268.14993185095955,mfh,38304.45704397495,42560.50782663884,47880.57130496869,r1,-68682.30265230087,-85979.72978191824,-17297.42712961737,0.13395932110953318
723,w160032129,100.24086796883493,mfh,32289.507460447312,35877.230511608126,40361.884325559135,r1,-57897.11942258173,-72478.33125668016,-14581.21183409843,0.13395932110953318
724,w160032130,150.2635816658847,mfh,28436.163503282907,31595.737225869896,35545.204379103634,r1,-50987.831148751226,-63828.959936433355,-12841.12878768213,0.13395932110953318
725,w160032131,100.12314690686762,mfh,34789.771625745816,38655.30180638424,43487.21453218227,r1,-62380.25045651307,-78090.5250822964,-15710.274625783328,0.13395932110953318
726,w160032132,257.78643680289383,mfh,91092.6577783465,101214.06419816279,113865.82222293313,r2,-150353.67022591032,-188219.780620741,-37866.11039483067,0.12331277244493272
727,w160032133,136.6476590367034,mfh,42553.842839482204,47282.04759942467,53192.30354935275,r1,-76301.71887215109,-95518.07259193085,-19216.353719779756,0.13395932110953318
728,w160032134,132.71697852164507,th,24056.438038250453,26729.37559805606,30070.547547813065,r1,-43134.70769687701,-53998.05144528406,-10863.343748407045,0.13395932110953318
729,w160032135,165.9338162511587,mfh,65722.88945965386,73025.43273294873,82153.61182456731,r2,-108479.40864954879,-135799.61478297974,-27320.206133430955,0.12331277244493272
730,w160032136,153.4784858365543,mfh,64169.744421509604,71299.71602389956,80212.180526887,r2,-105915.85344572137,-132590.4360688947,-26674.582623173323,0.12331277244493272
731,w160032137,244.7570460377261,mfh,73679.24716639257,81865.83018488063,92099.05895799071,r2,-121611.83459928032,-152239.40190332526,-30627.567304044933,0.12331277244493272
732,w160032138,345.56507694348693,mfh,69539.96744806832,77266.63049785368,86924.9593100854,r2,-114779.71538220704,-143686.6344299398,-28906.91904773275,0.12331277244493272
733,w160032139,170.051029805094,mfh,43447.68462383709,48275.20513759677,54309.605779796366,r1,-77904.43345666681,-97524.42592565365,-19619.992468986835,0.13395932110953318
734,w160032140,210.13578363517297,mfh,34609.490828365495,38454.989809294995,43261.86353545687,r1,-62056.99563857223,-77685.85953056092,-15628.863891988687,0.13395932110953318
735,w160032141,252.5825279586017,mfh,59767.37247387365,66408.19163763738,74709.21559234205,r2,-98649.48537424332,-123494.05549987903,-24844.570125635713,0.12331277244493272
736,w160032142,252.46278136584442,mfh,34459.97295454553,38288.858838383916,43074.96619318191,r1,-61788.90067902634,-77350.24567826561,-15561.34499923927,0.13395932110953318
737,w160032143,236.73276664549485,mfh,68813.16803571579,76459.07559523976,86016.46004464473,r2,-113580.0911552892,-142184.88852324837,-28604.797367959167,0.12331277244493272
738,w160032144,216.15235636769793,mfh,49460.51965860495,54956.1329540055,61825.64957325618,r1,-88685.82516735396,-111021.07804942806,-22335.2528820741,0.13395932110953318
739,w160032145,143.2480424195528,mfh,18000.89068230275,20000.989647003054,22501.113352878438,r1,-32276.73010567759,-40405.52552204067,-8128.795416363078,0.13395932110953318
740,w160032146,425.3107569515705,mfh,81778.57206375393,90865.0800708377,102223.21507969241,r2,-134980.2361189015,-168974.59431660268,-33994.35819770119,0.12331277244493272
741,w160032147,237.48158785337583,mfh,86156.41938675339,95729.35487417043,107695.52423344173,r2,-142206.1248870532,-178020.30099398457,-35814.17610693135,0.12331277244493272
742,w160032148,183.97369813346305,th,50006.21579904702,55562.46199894114,62507.76974880877,r2,-82538.13493718106,-103325.1109027078,-20786.97596552674,0.12331277244493272
743,w160032149,343.71558685973287,mfh,66199.1315218652,73554.59057985022,82748.9144023315,r2,-109265.47356098947,-136783.6477298491,-27518.174168859623,0.12331277244493272
744,w160032150,136.78365420317277,mfh,51662.93632292382,57403.262581026465,64578.670403654774,r2,-85272.6474366361,-106748.30198263802,-21475.65454600191,0.12331277244493272
745,w160032151,156.68413198292254,mfh,57922.11142190568,64357.9015798952,72402.6392773821,r2,-95603.7758905723,-119681.29343035506,-24077.517539782755,0.12331277244493272
746,w160032152,131.687454425171,th,16816.435705141692,18684.928561268545,21020.544631427114,r1,-30152.927773066374,-37746.8500901388,-7593.922317072429,0.13395932110953318
747,w160032153,131.7784823913127,mfh,29566.60282765376,32851.78091961529,36958.2535345672,r1,-53014.78001575557,-66366.38965466894,-13351.609638913367,0.13395932110953318
748,w160032155,131.65618118494749,mfh,39313.2611323115,43681.401258123886,49141.57641538937,r1,-70491.1518844533,-88244.13214163564,-17752.98025718234,0.13395932110953318
749,w160032156,597.6746075108182,mfh,131761.0863573074,146401.20706367487,164701.35794663423,r2,-217479.2503582376,-272250.73209377896,-54771.48173554137,0.12331277244493272
750,w160032157,145.99030133634804,mfh,23007.382660062376,25563.75851118042,28759.22832507797,r1,-41253.68536829996,-51643.29941631447,-10389.614048014511,0.13395932110953318
751,w160032158,192.3817300193943,mfh,58348.97494600452,64832.19438444947,72936.21868250564,r2,-96308.33868519397,-120563.29820242328,-24254.959517229305,0.12331277244493272
752,w160032159,156.72131929650496,mfh,40458.15139260002,44953.501547333355,50572.68924075002,r1,-72544.01218920932,-90813.99901369563,-18269.986824486317,0.13395932110953318
753,w160032160,462.61881872685626,other,75105.28561600679,83450.31735111865,93881.60702000848,nr2,-115850.19845640259,-145033.59553253473,-29183.39707613214,0.12331277244493272
754,w160032161,876.0951372385025,trade,41598.98809684389,46221.0978853821,51998.73512105486,nr1,-69703.82227747847,-87262.6555842105,-17558.833306732035,0.13395397615845483
755,w160032162,197.75498196221892,mfh,51088.749816073236,56765.27757341471,63860.93727009154,r2,-84324.9195867226,-105561.89178240234,-21236.972195679744,0.12331277244493272
756,w160032163,355.37988740094,mfh,90971.44947639163,101079.3883071018,113714.31184548953,r2,-150153.6089530785,-187969.33453035608,-37815.72557727757,0.12331277244493272
757,w160032164,218.83437259588393,mfh,53103.58239103667,59003.98043448519,66379.47798879583,r2,-87650.51662082828,-109725.03022293304,-22074.513602104766,0.12331277244493272
758,w160032165,192.38173281145282,mfh,58784.81323691094,65316.459152123265,73481.01654613866,r2,-97027.71484855305,-121463.84704468162,-24436.132196128572,0.12331277244493272
759,w160032166,5513.669180350005,other,896549.3915510399,996165.9906122665,1120686.7394387997,nr2,-1382930.9626514313,-1731300.011213073,-348369.0485616417,0.12331277244493272
760,w160032167,119.51807446111924,mfh,37657.42018648339,41841.577984981544,47071.775233104236,r1,-67522.12483742127,-84527.3647450715,-17005.239907650233,0.13395932110953318
761,w160032168,107.41719602905214,th,13873.999853026246,15415.555392251383,17342.499816282805,r1,-24876.95507103948,-31142.139855633402,-6265.184784593923,0.13395932110953318
763,w160032170,37.81535124108195,sfh,14086.294460143807,15651.438289048674,17607.86807517976,r1,-25257.612665030705,-31618.66489639226,-6361.052231361555,0.13395932110953318
764,w160032171,82.13437312801835,th,18045.438784192636,20050.48753799182,22556.798480240795,r1,-32356.607656560886,-40505.51998896112,-8148.912332400232,0.13395932110953318
765,w160032172,100.39566505721304,th,35026.762638130625,38918.625153478475,43783.453297663276,r1,-62805.19025972716,-78622.48467076407,-15817.294411036906,0.13395932110953318
766,w160032173,119.7984774223063,mfh,28506.2384098141,31673.598233126777,35632.79801226762,r1,-51113.479867206675,-63986.252899002386,-12872.77303179571,0.13395932110953318
767,w160032174,119.65868240431882,mfh,29900.973116695626,33223.303462995136,37376.21639586953,r1,-53614.326991804475,-67116.93069656169,-13502.60370475721,0.13395932110953318
768,w160032175,69.26172256879508,th,9593.062255957997,10658.958062175552,11991.327819947495,r1,-17200.96448488122,-21532.97459879084,-4332.010113909619,0.13395932110953318
769,w160032176,103.52918697646818,th,32391.429286288585,35990.4769847651,40489.286607860726,r1,-58079.871672046305,-72707.10909928611,-14627.237427239808,0.13395932110953318
770,w160032177,62.96843930834439,th,7111.322358229594,7901.469286921771,8889.152947786992,r1,-12751.048628760676,-15962.361091576102,-3211.3124628154255,0.13395932110953318
771,w160032178,300.84989367914386,mfh,75453.57648583635,83837.30720648484,94316.97060729544,r2,-124540.4671792733,-155905.60161030147,-31365.13443102817,0.12331277244493272
772,w160127708,318.335366258584,mfh,113599.65490243523,126221.83878048358,141999.568628044,r2,-187502.76331313772,-234724.75878742943,-47221.9954742917,0.12331277244493272
773,w160127710,130.057766958978,mfh,19160.41845180246,21289.353835336067,23950.523064753073,r1,-34355.83638584489,-43008.248337867575,-8652.411952022689,0.13395932110953318
774,w160127712,149.28690248169005,mfh,51621.798511126886,57357.5539012521,64527.2481389086,r2,-85204.7471125092,-106663.30117027312,-21458.55405776392,0.12331277244493272
775,w160127717,149.4986190713942,mfh,59698.67769326997,66331.8641036333,74623.34711658747,r2,-98536.10068835285,-123352.11522883683,-24816.014540483986,0.12331277244493272
776,w160127718,161.62649620659647,mfh,30986.327841109854,34429.25315678873,38732.909801387315,r1,-55560.436333120626,-69553.16170266969,-13992.725369549065,0.13395932110953318
777,w160127719,242.7560603125021,mfh,53656.28092585754,59618.089917619494,67070.35115732193,r2,-88562.77733717501,-110867.04100086553,-22304.263663690523,0.12331277244493272
778,w164087844,70.24407002975931,other,23298.876208291324,25887.6402314348,29123.595260364153,nr1,-39039.909401328056,-48874.30928199754,-9834.399880669487,0.13395397615845483
779,w164087850,88.49543042890728,other,39843.370631234495,44270.41181248277,49804.21328904312,nr1,-66762.08611011822,-83579.87748676154,-16817.79137664332,0.13395397615845483
780,w164087857,77.59434223277493,other,24270.419437870198,26967.132708744663,30338.024297337746,nr1,-40667.84026473748,-50912.326217182184,-10244.485952444702,0.13395397615845483
786,w164088149,49.229225591477004,other,21270.940862087315,23634.37873565257,26588.676077609143,nr1,-35641.87374159178,-44620.286966577965,-8978.413224986187,0.13395397615845483
788,w164088153,80.69597001839429,other,27987.590700977962,31097.323001086625,34984.48837622245,nr1,-46896.38227867825,-58709.877324073364,-11813.495045395117,0.13395397615845483
791,w164088159,54.065223559696456,other,21341.59203461474,23712.880038460822,26676.990043268423,nr1,-35760.25779367694,-44768.49270948038,-9008.234915803441,0.13395397615845483
793,w164088169,56.479432658094446,other,21105.453760835582,23450.504178706204,26381.817201044476,nr1,-35364.581335632,-44273.14285128024,-8908.561515648238,0.13395397615845483
795,w164088175,32.08830586867407,other,12691.274034079426,14101.415593421585,15864.092542599283,nr1,-21265.668955379388,-26622.625348060592,-5356.956392681204,0.13395397615845483
799,w164088182,35.81288355943252,other,13052.522454425663,14502.802727139626,16315.65306803208,nr1,-21870.981652678965,-27380.42013892488,-5509.438486245916,0.13395397615845483
800,w359788107,586.4023264580406,other,146448.46418695297,162720.5157632811,183060.5802336912,nr2,-225897.33199920063,-282802.2974287802,-56904.96542957955,0.12331277244493272
801,w377595955,68.13203878551721,other,5269.498540512313,5854.998378347015,6586.873175640391,nr1,-8829.642415921406,-11053.88513710297,-2224.242721181565,0.13395397615845483
802,w377595956,85.03076633159071,other,28267.306595759732,31408.118439733036,35334.13324469966,nr1,-47365.077982830095,-59296.640437900714,-11931.56245507062,0.13395397615845483
805,w377595969,38.68702136902139,other,13210.985853090617,14678.873170100685,16513.73231636327,nr1,-22136.505048399868,-27712.83055593337,-5576.325507533504,0.13395397615845483
814,w377595984,35.49371746703982,other,12044.391815934709,13382.657573260787,15055.489769918386,nr1,-20181.744436276927,-25265.653393019325,-5083.908956742398,0.13395397615845483
818,w377595990,36.364706988167015,other,11553.454485655837,12837.171650728707,14441.818107069796,nr1,-19359.123262428362,-24235.808747139406,-4876.685484711044,0.13395397615845483
819,w377595993,54.98309161569923,other,17992.688240944255,19991.875823271395,22490.860301180317,nr1,-30148.78968981479,-37743.46033005345,-7594.670640238663,0.13395397615845483
823,w377596001,68.93592455182224,other,20374.762221645513,22638.624690717235,25468.45277705689,nr1,-34140.224794343296,-42740.36316024065,-8600.138365897357,0.13395397615845483
825,w377596004,35.535723760165276,other,11646.700243681342,12940.778048534823,14558.375304601677,nr1,-19515.367104956626,-24431.411400942554,-4916.044295985928,0.13395397615845483
827,w377596008,41.66994294051546,other,13998.601039715508,15554.001155239454,17498.251299644384,nr1,-23456.24361664907,-29365.019609266525,-5908.775992617455,0.13395397615845483
831,w377596012,33.714099188242116,other,12242.593103107998,13602.881225675554,15303.241378884997,nr1,-20513.853170848346,-25681.42241650339,-5167.569245655042,0.13395397615845483
836,w377596021,41.97082374822348,other,14380.159647722914,15977.95516413657,17975.19955965364,nr1,-24095.588336743553,-30165.41930452419,-6069.830967780636,0.13395397615845483
838,w377596023,32.13139781658538,other,10917.67630164897,12130.751446276632,13647.09537706121,nr1,-18293.804811827027,-22902.12984683088,-4608.325035003854,0.13395397615845483
844,w377596038,30.39147779517807,other,2398.685899783123,2665.2065553145812,2998.357374728904,nr0,-4928.301476333358,-6169.7717613311825,-1241.4702849978248,0.1642501090840119
847,w377596043,50.74534401865676,other,16335.933556875763,18151.037285417515,20419.9169460947,nr1,-27372.709324906784,-34268.06777851288,-6895.358453606095,0.13395397615845483
848,w377596044,31.44567816138733,other,12038.33310123901,13375.925668043345,15047.916376548761,nr1,-20171.592372688363,-25252.943960459503,-5081.35158777114,0.13395397615845483
861,w377596072,32.00744857888203,other,11577.988988744306,12864.432209715895,14472.486235930382,nr1,-19400.233604799272,-24287.275044539594,-4887.041439740322,0.13395397615845483
863,w377596074,30.798605113010854,other,11879.18583997191,13199.095377746566,14848.982299964886,nr1,-19904.923087621042,-24919.098997337067,-5014.175909716025,0.13395397615845483
877,w377596096,31.32093481458723,other,11219.387851584088,12465.986501760097,14024.234814480109,nr1,-18799.356730704974,-23535.033488777022,-4735.676758072048,0.13395397615845483
882,w377596101,34.10184732507914,other,11372.823539694798,12636.470599660886,14216.029424618497,nr1,-19056.455627202,-23856.89722197074,-4800.441594768738,0.13395397615845483
886,w377596106,35.077698366669935,other,12012.953356694099,13347.725951882332,15016.191695867623,nr1,-20129.065732398754,-25199.70459074498,-5070.638858346225,0.13395397615845483
893,w377596115,40.14825235735625,other,13553.866705869179,15059.851895410198,16942.333382336474,nr1,-22711.04080318282,-28432.095497974264,-5721.0546947914445,0.13395397615845483
895,w377596117,32.339281557500364,other,11378.101421622307,12642.334912913673,14222.626777027883,nr1,-19065.29931693359,-23867.968693031096,-4802.669376097507,0.13395397615845483
899,w377596123,32.752713098051025,other,12329.70326009582,13699.670288995354,15412.129075119774,nr1,-20659.81611800241,-25864.15435242015,-5204.338234417741,0.13395397615845483
901,w377596125,37.63718191203661,other,12219.388662528083,13577.098513920091,15274.235828160103,nr1,-20474.97149905226,-25632.74620587933,-5157.774706827073,0.13395397615845483
909,w377596135,73.15242530554532,other,21801.99476471699,24224.43862746332,27252.493455896238,nr1,-36531.71478201527,-45734.284588201364,-9202.569806186097,0.13395397615845483
916,w377596142,40.572792674647644,other,13756.393494233684,15284.881660259649,17195.491867792105,nr1,-23050.39740555313,-28856.938172956758,-5806.540767403629,0.13395397615845483
917,w377596143,37.61386710904771,other,11901.118275090319,13223.464750100355,14876.397843862898,nr1,-19941.673370008844,-24965.10690809214,-5023.433538083296,0.13395397615845483
918,w377596145,32.806498026452026,other,11256.831818630073,12507.59090958897,14071.03977328759,nr1,-18862.098343992802,-23613.580110931234,-4751.481766938432,0.13395397615845483
919,w377596147,34.850180151499806,other,2595.9189583634725,2884.354398181636,3244.8986979543406,nr0,-5333.533346780074,-6677.084100700017,-1343.5507539199434,0.1642501090840119
929,w377596159,36.51154847629368,other,10808.444433628447,12009.382704031608,13510.555542035558,nr1,-18110.774429025074,-22672.992953988585,-4562.218524963511,0.13395397615845483
931,w377596161,32.13265920560807,other,11285.953908042351,12539.948786713723,14107.442385052938,nr1,-18910.895707525215,-23674.669838699614,-4763.774131174399,0.13395397615845483
934,w377596166,38.724472055921794,other,2981.905002903568,3313.227781003964,3727.38125362946,nr0,-6126.574066835591,-7669.896789550492,-1543.322722714901,0.1642501090840119
935,w377596167,41.94859704792034,other,13644.68095577657,15160.756617529521,17055.85119472071,nr1,-22863.21037810302,-28622.597550412607,-5759.387172309587,0.13395397615845483
936,w377596168,31.29673577034846,other,10806.083972832546,12006.75996981394,13507.604966040682,nr1,-18106.81920926282,-22668.04138937424,-4561.222180111421,0.13395397615845483
937,w377596169,36.7579496475868,other,12935.91476002989,14373.238622255432,16169.893450037362,nr1,-21675.59223629636,-27135.81089384328,-5460.21865754692,0.13395397615845483
940,w379327852,945.496160332486,other,150314.97311086906,167016.6367898545,187893.71638858633,nr2,-231861.4372215588,-290268.7984452501,-58407.36122369129,0.12331277244493272
941,w379327862,94.51021252730861,other,35231.108510581456,39145.67612286828,44038.88563822682,nr1,-59033.71785253705,-73904.68442769808,-14870.966575161037,0.13395397615845483
942,w387435839,3594.435384737421,other,612480.6982969497,680534.109218833,765600.8728711872,nr2,-944753.8860473384,-1182743.3600672213,-237989.47401988297,0.12331277244493272
943,w387435840,942.2609318409114,other,202426.40072438534,224918.22302709482,253033.00090548166,nr2,-312243.5192728607,-390899.63491877395,-78656.11564591323,0.12331277244493272
944,w390787314,132.5826213063672,other,36435.59621570424,40483.99579522693,45544.49526963029,nr1,-61051.97360284113,-76431.351555342,-15379.377952500872,0.13395397615845483
945,w390787315,330.5195846647024,other,95914.57790913379,106571.75323237087,119893.22238641723,nr2,-147948.61366277872,-185217.80436691872,-37269.19070414,0.12331277244493272
946,w390787316,150.59577141329646,other,12304.720854223664,13671.912060248515,15380.90106777958,nr1,-20617.955263720993,-25811.748484416545,-5193.793220695552,0.13395397615845483
947,w390789514,104.66224040389062,trade,66966.30176497165,74407.00196107962,83707.87720621456,nr2,-103295.78385505636,-129316.64455877684,-26020.86070372048,0.12331277244493272
948,w390789515,335.6007874913513,trade,76780.38985788339,85311.5442865371,95975.48732235424,nr2,-118434.05333778537,-148268.33978653146,-29834.28644874609,0.12331277244493272
949,w390790006,38.98714106846601,trade,20423.524031863217,22692.80447984802,25529.40503982902,nr1,-34221.930737416485,-42842.651346693274,-8620.720609276788,0.13395397615845483
950,w390793102,268.1788772383239,sfh,65081.30933515768,72312.56592795298,81351.6366689471,r2,-107420.4437580345,-134473.95283361457,-27053.509075580077,0.12331277244493272
951,w390793103,629.0808588726446,th,190878.21940890737,212086.91045434153,238597.7742611342,r2,-315055.4781720053,-394401.23341051943,-79345.7552385141,0.12331277244493272
952,w390793104,761.76513240356,mfh,116746.78481807098,129718.64979785665,145933.48102258873,r2,-192697.28222425544,-241227.5013437756,-48530.21911952016,0.12331277244493272
953,w390793105,324.12222724705936,th,115306.70719754764,128118.56355283072,144133.38399693454,r2,-190320.3512955001,-238251.9476556696,-47931.5963601695,0.12331277244493272
954,w390793106,1475.9963392082602,mfh,234332.2441500108,260369.16016667866,292915.30518751347,r2,-386778.84496420226,-484187.9100026139,-97409.06503841165,0.12331277244493272
955,w390793107,895.6360460046678,mfh,90245.7910168643,100273.10112984922,112807.23877108037,r2,-148955.86793441267,-186469.94611213508,-37514.078177722404,0.12331277244493272
956,w390793108,286.70933025064875,mfh,46848.04655803811,52053.38506448679,58560.05819754764,r1,-84001.49644920681,-105157.01552032358,-21155.519071116767,0.13395932110953318
957,w390793793,117.72837251536548,mfh,22135.523635016718,24595.026261129686,27669.404543770896,r1,-39690.387254986934,-49686.2894710934,-9995.902216106464,0.13395932110953318
958,w390794364,96.81251710766227,sfh,56694.85220505993,62994.28022784436,70868.5652563249,r2,-93578.11397586201,-117145.47477939895,-23567.36080353694,0.12331277244493272
959,w475684695,267.0884538785554,mfh,70757.24663127349,78619.16292363721,88446.55828909186,r2,-116788.9046774611,-146201.83188278583,-29412.927205324726,0.12331277244493272
960,w620369477,3702.806372543797,other,329831.05954184383,366478.95504649315,412288.8244273048,nr2,-508765.70658915717,-636927.0030904989,-128161.29650134168,0.12331277244493272
961,w620369478,20480.360502976928,other,1687025.1117225294,1874472.3463583658,2108781.3896531616,nr2,-2602242.870005626,-3257764.293151801,-655521.4231461748,0.12331277244493272
962,w993163452,1412.2592688187956,other,219456.23066754482,243840.25629727202,274320.288334431,nr2,-338512.0989395538,-423785.4358009111,-85273.33686135733,0.12331277244493272
963,w993163453,1066.3710880815981,other,168538.70539177582,187265.22821308425,210673.38173971977,nr2,-259971.61593991847,-325460.1088176712,-65488.492877752724,0.12331277244493272
964,w993163454,1257.084109787643,other,195060.50799116978,216733.8977679664,243825.6349889622,nr2,-300881.6007613661,-376675.5773355678,-75793.97657420172,0.12331277244493272
965,w993163455,1355.0658122852444,mfh,137933.86271477625,153259.84746086248,172417.3283934703,r2,-227667.7727206819,-285005.2025435352,-57337.4298228533,0.12331277244493272
966,w993163456,1286.649396429956,mfh,247159.72221315524,274621.9135701725,308949.652766444,r2,-407951.3351909018,-510692.6269122608,-102741.29172135895,0.12331277244493272
967,w993163457,923.1744978809729,ab,179010.19212771326,198900.21347523696,223762.74015964157,r2,-295466.61663707567,-369878.9772183379,-74412.36058126221,0.12331277244493272
968,w993163458,923.3917086940259,ab,189578.2241455195,210642.47127279942,236972.78018189935,r2,-312909.76122956787,-391715.12424156466,-78805.36301199679,0.12331277244493272
969,w993163460,1313.604391914094,ab,245379.75645429146,272644.1738381016,306724.6955678643,r2,-405013.39934350527,-507014.78093853826,-102001.38159503299,0.12331277244493272
970,w993163461,1099.8535498690792,ab,238283.01711607818,264758.90790675353,297853.7713950977,r2,-393299.8229460165,-492351.17627556616,-99051.35332954966,0.12331277244493272
971,w993164648,226.1375619597733,ab,80518.68723860527,89465.20804289474,100648.35904825658,r2,-132900.72376145152,-166371.36315417578,-33470.63939272426,0.12331277244493272
972,w993164649,158.37299746889622,other,45705.056496500765,50783.396107223074,57131.32062062596,nr1,-76584.00554834434,-95876.00049852233,-19291.994950177992,0.13395397615845483
973,w993164650,163.5844805765897,other,42041.22380437142,46712.47089374602,52551.52975546427,nr1,-70444.83835917956,-88190.33829954901,-17745.499940369453,0.13395397615845483
974,w993164651,162.24389737509188,other,40307.84105282511,44786.490058694566,50384.801316031386,nr1,-67540.35897686025,-84554.20220672726,-17013.84322986701,0.13395397615845483
975,w993164652,173.63842588849366,other,44647.17229247326,49607.96921385918,55808.965365591575,nr1,-74811.4005903579,-93656.86515010668,-18845.464559748783,0.13395397615845483
976,w1006795433,259.34726619906723,mfh,68303.07904180315,75892.31004644795,85378.84880225394,r2,-112738.15993660392,-141130.9195111145,-28392.759574510594,0.12331277244493272
977,w1006849999,188.95288848243652,other,44821.0228985385,49801.13655393166,56026.278623173115,nr1,-75102.70699713372,-94021.55348158385,-18918.84648445013,0.13395397615845483
978,w1007159125,240.08975319266318,education,69893.91967217866,77659.91074686518,87367.39959022331,nr2,-107811.64599142462,-134970.08090410344,-27158.434912678815,0.12331277244493272
979,w1007160095,265.99824453517795,sfh,66191.08957937718,73545.65508819686,82738.86197422147,r2,-109252.19987243641,-136767.0311035723,-27514.831231135904,0.12331277244493272
980,w1007176059,713.9090096209663,trade,158757.7360382709,176397.48448696767,198447.17004783862,nr2,-244884.43224298256,-306572.3682079741,-61687.93596499157,0.12331277244493272
981,w1029411791,412.32884333096445,trade,89326.49349025691,99251.65943361878,111658.11686282113,nr2,-137786.46753531948,-172495.74941293363,-34709.28187761415,0.12331277244493272
982,w1030080397,647.4037659055554,other,112142.32300889542,124602.5811209949,140177.90376111926,nr2,-172979.97430388152,-216554.72293263808,-43574.748628756555,0.12331277244493272
983,w1030080398,123.65970464986749,other,23480.75041155538,26089.722679505976,29350.938014444222,nr1,-39344.66025516284,-49255.82880170643,-9911.168546543595,0.13395397615845483
984,w1030080399,86.80603968682699,other,25835.146683608775,28705.718537343084,32293.933354510966,nr1,-43289.718219936236,-54194.67179756604,-10904.953577629807,0.13395397615845483
985,w1036126248,1409.4026292502879,trade,218679.86292202817,242977.6254689202,273349.8286525352,nr2,-337314.5486385922,-422286.215011532,-84971.66637293983,0.12331277244493272
986,w1036126249,536.9865712554193,mfh,123235.89624283573,136928.77360315082,154044.87030354465,r2,-203407.9338070901,-254635.597655607,-51227.66384851691,0.12331277244493272
987,w1036126250,784.2879224468953,mfh,152719.49523878298,169688.3280430922,190899.36904847872,r2,-252072.30949471428,-315555.94700396276,-63483.63750924848,0.12331277244493272
988,w1036126251,422.468481163308,mfh,131740.18052406833,146377.9783600759,164675.2256550854,r2,-217444.74407822243,-272207.53551304544,-54762.79143482301,0.12331277244493272
989,w1036680208,878.3984476357698,mfh,195723.4450164567,217470.49446272966,244654.30627057087,r2,-323052.8016768289,-404412.65829538775,-81359.85661855887,0.12331277244493272
990,w1075387093,82.43980132825672,other,25255.32593226266,28061.47325806962,31569.157415328325,nr1,-42318.1627938635,-52978.37542017571,-10660.212626312212,0.13395397615845483
991,w1075387094,82.56877346616238,other,18471.951114990337,20524.39012776704,23089.93889373792,nr1,-30951.848988250855,-38748.81534048831,-7796.966352237458,0.13395397615845483
992,w1075387095,130.11354850369972,other,17546.933519760307,19496.592799733673,21933.666899700384,nr1,-29401.877101642713,-36808.3957410025,-7406.5186393597905,0.13395397615845483
993,w1075387096,86.78853361294604,other,19192.799696722424,21325.332996358247,23990.99962090303,nr1,-32159.71253803364,-40260.9473512385,-8101.234813204861,0.13395397615845483
994,w1075387097,130.27800867820625,other,18492.72523522246,20547.47248358051,23115.906544028076,nr1,-30986.658382682752,-38792.393441346445,-7805.735058663693,0.13395397615845483
995,w1075387098,130.18280181584413,other,17539.018200395993,19487.79800043999,21923.77275049499,nr1,-29388.614086375244,-36791.791688377016,-7403.177602001771,0.13395397615845483
996,w1075387099,86.85200681062415,other,27744.647424820705,30827.38602757856,34680.80928102588,nr1,-46489.30326739675,-58200.25253742095,-11710.949270024204,0.13395397615845483
997,w1107949539,145.45949292609,other,7234.128086910359,8037.920096567066,9042.660108637949,nr1,-12121.602028602521,-15175.110178894392,-3053.508150291871,0.13395397615845483
998,w1107949540,113.13991883732378,other,28748.75876737973,31943.06529708859,35935.94845922466,nr1,-48171.80569763843,-60306.58796197363,-12134.782264335197,0.13395397615845483
999,w1108636740,113.13954655230044,other,30738.16352195462,34153.51502439402,38422.70440244327,nr1,-51505.27898136428,-64479.784230880716,-12974.505249516435,0.13395397615845483
1000,w1108636741,169.70950587596744,other,22435.53536817059,24928.372631300655,28044.419210213237,nr1,-37593.28391263667,-47063.26969113417,-9469.985778497503,0.13395397615845483
1001,w1108636742,113.35190696045755,other,24778.82711181561,27532.03012423957,30973.533889769515,nr1,-41519.73498070261,-51978.8185954243,-10459.08361472169,0.13395397615845483
1002,w1108636743,97.02220907397567,other,29852.23012320762,33169.1445813418,37315.287654009524,nr1,-50020.79709848338,-62621.35198090794,-12600.554882424556,0.13395397615845483
1003,w1108636744,97.02139693088829,other,21390.9331432008,23767.703492445333,26738.666429000998,nr1,-35842.934416864264,-44871.99609650183,-9029.061679637569,0.13395397615845483
1004,w1108636745,97.02220705058426,other,20564.73007540746,22849.700083786065,25705.912594259324,nr1,-34458.537477484286,-43138.86081975843,-8680.323342274147,0.13395397615845483
1005,w1108636746,96.97299731615931,other,20594.571221274768,22882.85691252752,25743.214026593458,nr1,-34508.539701654954,-43201.458920173645,-8692.919218518691,0.13395397615845483
1006,w1108636747,96.97299630921333,other,21237.913006776573,23597.681118640638,26547.391258470714,nr1,-35586.53182434545,-44551.00407065855,-8964.472246313097,0.13395397615845483
1007,w1108636748,93.15071205198764,other,25536.120008859092,28373.466676510103,31920.150011073863,nr1,-42788.665113921896,-53567.400247872916,-10778.73513395102,0.13395397615845483
1008,w1108636749,139.88183319568634,other,19436.592588740816,21596.213987489795,24295.740735926018,nr1,-32568.215177044993,-40772.354386442166,-8204.139209397174,0.13395397615845483
1009,w1108636750,139.7263257611543,other,19062.12837594123,21180.1426399347,23827.660469926534,nr1,-31940.75792069316,-39986.83668216364,-8046.078761470479,0.13395397615845483
1010,w1108636751,139.8837134392932,other,18077.1469860024,20085.718873336,22596.433732503,nr1,-30290.30989558533,-37920.63036995746,-7630.320474372125,0.13395397615845483
1011,w1108636752,93.1510556358844,other,19469.083244354304,21632.314715949226,24336.35405544288,nr1,-32622.656955275004,-40840.51039263886,-8217.853437363858,0.13395397615845483
1012,w1108636753,93.25489941500128,other,19379.091053198343,21532.323392442602,24223.863816497927,nr1,-32471.86483302211,-40651.732781899176,-8179.867948877065,0.13395397615845483
1013,w1108636754,139.72684112749994,other,25910.37615630671,28789.30684034079,32387.970195383386,nr1,-43415.773733179914,-54352.48149117058,-10936.707757990669,0.13395397615845483
1014,w1159236388,245.9913005110109,other,69645.03448735391,77383.37165261546,87056.29310919238,nr2,-107427.73961495172,-134489.46608540122,-27061.726470449503,0.12331277244493272
1015,w1159236389,122.96537718712352,other,45526.262556586495,50584.736173984995,56907.82819573311,nr1,-76284.41602508331,-95500.9424811744,-19216.526456091087,0.13395397615845483
1016,w1159236390,245.9301320978673,other,47719.789281556106,53021.988090617895,59649.73660194513,nr1,-79959.91881957992,-100102.32765598127,-20142.408836401344,0.13395397615845483
1017,w1219742100,99.15745026543736,other,24902.255561907554,27669.172846563946,31127.81945238444,nr1,-41726.55334679276,-52237.735814867025,-10511.182468074265,0.13395397615845483
1018,w1219742101,534.7382739499211,other,97380.9120977135,108201.0134419039,121726.14012214188,nr2,-150210.43991584555,-188049.3989461513,-37838.95903030576,0.12331277244493272
1019,w1219742102,331.85329187787136,other,59651.986323929385,66279.98480436599,74564.98290491173,nr2,-92013.42351959573,-115192.1863588947,-23178.76283929897,0.12331277244493272
1020,w1219742103,321.63751182574777,other,63594.9553748088,70661.06152756533,79493.694218511,nr2,-98095.46878851725,-122806.33726494847,-24710.86847643122,0.12331277244493272
1021,w1219742104,906.7466930493712,other,139944.3369520087,155493.7077244541,174930.42119001088,nr2,-215864.69015816628,-270242.3697093387,-54377.67955117242,0.12331277244493272
1022,w1219742105,1260.638449399173,ab,275916.17447946646,306573.52719940717,344895.21809933305,r2,-455415.513384458,-570110.5127112028,-114694.99932674482,0.12331277244493272
1023,w1219929093,501.3837405549362,other,115763.07895930854,128625.6432881206,144703.84869913565,nr2,-178565.00459804985,-223546.65765104248,-44981.653052992624,0.12331277244493272
1024,w1242595698,177.05818741209805,other,34357.4302496909,38174.92249965655,42946.787812113624,nr1,-57569.77084298389,-72071.95991540908,-14502.189072425193,0.13395397615845483
1025,w1242595699,175.70056665593293,other,34263.08094414638,38070.08993794042,42828.85118018297,nr1,-57411.67788143474,-71874.04233781864,-14462.364456383897,0.13395397615845483
