,full_id,NFA,building_usage,yearly_demand_useful_unrenovated,yearly_demand_delivered_unrenovated,yearly_demand_delivered_unrenovated_DH,consumer_size_unrenovated,npv_Gas_25years_ir_0.05,npv_DH_25years_ir_0.05,savings_npv_25years_ir_0.05,operator_selling_price
0,w24853838,27974.42320393324,trade,3368360.1466045496,3742622.385116166,4210450.183255686,nr2,-5195708.774105346,-6859129.568903106,-1663420.7947977604,0.1391375060352614
1,w24853840,937.1926232803613,trade,270688.823253195,300765.35917021666,338361.0290664937,nr2,-417538.5745038599,-551214.7248919327,-133676.15038807277,0.1391375060352614
2,w24853841,8998.296452549099,trade,1189609.3568609958,1321788.1742899953,1487011.6960762446,nr2,-1834977.1117649244,-2422450.201269117,-587473.0895041928,0.1391375060352614
3,w25538793,404.8852469230536,trade,112752.73275817276,125280.81417574751,140940.91594771593,nr2,-173921.53374292093,-229603.0025221081,-55681.468779187155,0.1391375060352614
4,w27689586,5481.69515059907,office,239232.2588022705,265813.6208914117,299040.3235028381,nr2,-369016.70011770434,-487158.4357867007,-118141.73566899635,0.1391375060352614
5,w28994179,16672.165487814695,other,602602.7887910821,669558.6542123135,753253.4859888526,nr2,-929517.1717841114,-1227104.7117888976,-297587.5400047862,0.1391375060352614
6,w28994181,2845.002712316811,trade,324149.90597616514,360166.56219573907,405187.3824702064,nr2,-500002.504869771,-660079.7147773952,-160077.20990762423,0.1391375060352614
7,w29249266,23411.247439788887,trade,2697249.5326306587,2996943.9251451762,3371561.915788323,nr2,-4160518.012531257,-5492519.569983221,-1332001.557451964,0.1391375060352614
8,w30213059,1747.46707642246,ab,354664.9280794791,394072.1423105323,443331.1600993488,r2,-585394.8598899484,-772774.0118685836,-187379.15197863523,0.1391375060352614
9,w50930444,8762.936898044496,other,1082817.2797117848,1203130.310790872,1353521.599639731,nr2,-1670249.912742452,-2204985.1256188406,-534735.2128763886,0.1391375060352614
10,w50930445,4934.112452852726,other,664237.6418930636,738041.8243256261,830297.0523663294,nr2,-1024589.1751075892,-1352614.284692781,-328025.1095851918,0.1391375060352614
11,w50930458,1974.6456010334193,other,337265.1957843652,374739.10642707243,421581.49473045644,nr2,-520232.89098216186,-686786.9159710803,-166554.02498891845,0.1391375060352614
12,w50930471,4724.4749339554455,other,805986.2955036239,895540.3283373598,1007482.8693795298,nr2,-1243237.0308080602,-1641262.8670934758,-398025.8362854156,0.1391375060352614
13,w50930472,9715.957844087014,other,1058464.4972369291,1176071.663596588,1323080.6215461614,nr2,-1632685.6499939947,-2155394.5583730163,-522708.90837902157,0.1391375060352614
14,w50930478,6019.835157379508,trade,680901.6527717811,756557.3919686456,851127.0659647263,nr2,-1050293.4774285918,-1386547.8917834465,-336254.4143548547,0.1391375060352614
15,w50930479,4489.048651921749,other,605573.605365519,672859.5615172433,756967.0067068987,nr2,-934099.6680345847,-1233154.3071179625,-299054.6390833778,0.1391375060352614
16,w50930480,4441.97852948606,other,571805.8128687943,635339.7920764381,714757.2660859928,nr2,-882012.7152975801,-1164391.5697888355,-282378.85449125536,0.1391375060352614
17,w50930481,1370.623297881335,other,219388.45256825408,243764.94729806008,274235.5657103176,nr2,-338407.55095482233,-446749.68132600805,-108342.13037118572,0.1391375060352614
18,w50930482,1573.369959426485,other,231580.2187222324,257311.35413581377,289475.2734027905,nr2,-357213.39819830074,-471576.2735204925,-114362.87532219174,0.1391375060352614
19,w50930483,704.9254127380437,other,154144.6310888841,171271.81232098234,192680.78886110513,nr2,-237768.69971492764,-313891.01846939605,-76122.3187544684,0.1391375060352614
20,w50930486,509.32494937628496,trade,106076.66272902593,117862.95858780658,132595.82841128242,nr2,-163623.66946556754,-216008.24799826386,-52384.57853269632,0.1391375060352614
21,w98916060,2713.01504517002,other,226605.19701500298,251783.55223889218,283256.4962687537,nr2,-349539.40764783276,-461445.43328584865,-111906.02563801588,0.1391375060352614
22,w98916062,151.14776481509907,trade,44628.266224654115,49586.962471837905,55785.33278081764,nr1,-74779.72132959885,-98720.65968795696,-23940.938358358108,0.1511442958961723
23,w98916065,222.67857759937178,other,74365.24956076973,82628.05506752193,92956.56195096216,nr2,-114708.68993059207,-151433.00002385958,-36724.310093267515,0.1391375060352614
24,w98916067,43210.64675020873,trade,3034378.024269405,3371531.1380771166,3792972.530336756,nr2,-4680540.036831137,-6179028.109709898,-1498488.0728787612,0.1391375060352614
25,w98916074,4745.314506876469,trade,491122.8611791089,545692.0679767877,613903.5764738861,nr2,-757558.944985224,-1000093.5744574966,-242534.6294722726,0.1391375060352614
26,w98916075,67.06430839556852,sfh,14372.556497617988,15969.507219575542,17965.695622022486,r1,-25770.898517721274,-34019.91032299386,-8249.011805272588,0.15115032676506104
27,w98916076,98.82164086105185,sfh,30526.14503843407,33917.93893159341,38157.68129804259,r1,-54735.2996005342,-72255.53205418568,-17520.23245365148,0.15115032676506104
28,w98916079,3334.9361924076916,trade,503916.8562605286,559907.618067254,629896.0703256608,nr2,-777293.7327178841,-1026146.5100546086,-248852.77733672445,0.1391375060352614
29,w98916080,2976.303781049745,other,385409.83654958865,428233.15172176517,481762.2956869858,nr2,-594496.188718355,-784825.8175979886,-190329.62887963362,0.1391375060352614
30,w98916086,294.4025758753764,other,84265.32015590335,93628.13350655927,105331.65019487918,nr2,-129979.58776117284,-171592.91879672633,-41613.33103555349,0.1391375060352614
31,w98916091,1116.7099465291947,trade,65522.69205707044,72802.99117452271,81903.36507133805,nr2,-101069.01020281287,-133426.53842280727,-32357.52821999439,0.1391375060352614
32,w98916094,150.05011938810347,trade,46278.56665361178,51420.6296151242,57848.20831701472,nr1,-77544.98685809471,-102371.23276220329,-24826.245904108582,0.1511442958961723
33,w98916098,15131.85493721813,trade,1389797.224493673,1544219.1383263033,1737246.5306170913,nr2,-2143767.6849395363,-2830100.9459791556,-686333.2610396193,0.1391375060352614
34,w98916102,1892.1415951219387,trade,284238.58921225026,315820.65468027804,355298.2365153128,nr2,-438439.1417877663,-578806.6676463794,-140367.52585861314,0.1391375060352614
35,w98916109,81.43322088830173,sfh,38719.86130122445,43022.068112471614,48399.826626530565,r1,-69427.1486342374,-91650.0978378292,-22222.94920359181,0.15115032676506104
36,w98916113,559.2398283889517,trade,173540.7692960107,192823.07699556745,216925.96162001335,nr2,-267687.31918562605,-353388.1682124673,-85700.84902684123,0.1391375060352614
37,w98916116,6987.1012714248145,other,1062734.6846249367,1180816.3162499296,1328418.3557811708,nr2,-1639272.4308349062,-2164090.115648079,-524817.684813173,0.1391375060352614
38,w98916121,458.57296650111675,other,80557.30305057266,89508.1145006363,100696.62881321582,nr2,-124259.95679234069,-164042.13186712482,-39782.17507478413,0.1391375060352614
39,w98916126,1235.1179318586364,trade,194117.59848031573,215686.22053368413,242646.99810039465,nr2,-299427.15913235256,-395289.6072954018,-95862.44816304924,0.1391375060352614
40,w99055014,379.03616306802724,mfh,138482.6158739089,153869.5731932321,173103.2698423861,r2,-228573.52136756424,-301737.66327116155,-73164.14190359731,0.1391375060352614
41,w99055018,363.825429549627,mfh,74738.71105496878,83043.01228329864,93423.38881871097,r2,-123360.54067509662,-162847.03958913064,-39486.49891403402,0.1391375060352614
42,w99055022,32.828185592684896,sfh,8121.358728508361,9023.731920564845,10151.69841063545,r1,-14562.107420004644,-19223.2951521539,-4661.187732149256,0.15115032676506104
43,w99055023,57.57688737055287,sfh,23689.428722857134,26321.58746984126,29611.785903571417,r1,-42476.63689203258,-56072.99166909668,-13596.354777064102,0.15115032676506104
44,w99055025,2922.078992408514,trade,357208.00610134704,396897.78455705225,446510.0076266838,nr2,-550994.7543324071,-727397.2764962536,-176402.5221638464,0.1391375060352614
45,w99055028,168.94065034445376,ab,43794.80756460522,48660.897294005794,54743.50945575652,r1,-78526.84674000934,-103662.5200400199,-25135.67330001056,0.15115032676506104
46,w99055030,502.22660109587014,other,116326.93155687526,129252.14617430585,145408.66444609407,nr2,-179434.74944746352,-236881.28975930603,-57446.54031184252,0.1391375060352614
47,w99055036,2513.4158389533286,other,328535.37354705296,365039.3039411699,410669.2169338162,nr2,-506767.1058461794,-669010.021805064,-162242.91595888464,0.1391375060352614
48,w99055038,337.97397138923407,other,86262.38089475907,95847.08988306564,107827.97611844883,nr2,-133060.0618054206,-175659.6152806486,-42599.55347522799,0.1391375060352614
49,w99055039,2475.299022556655,other,312686.9164410429,347429.90715671435,390858.64555130363,nr2,-482320.79842720146,-636737.1602267359,-154416.3617995344,0.1391375060352614
50,w99055040,101.95110847079195,trade,35391.70019666166,39324.111329624066,44239.62524582707,nr1,-59302.80743519024,-78288.76822830043,-18985.960793110185,0.1511442958961723
51,w99055041,189.90211718752977,ab,64982.981209910264,72203.31245545585,81228.72651238783,r2,-107258.14753265315,-141590.4283648528,-34332.28083219964,0.1391375060352614
52,w99055043,190.2007592998445,sfh,86320.99151306404,95912.21279229339,107901.23939133005,r2,-142477.760645754,-188083.49413414724,-45605.73348839325,0.1391375060352614
53,w99055048,47.74609960326925,sfh,24285.63485393199,26984.0387265911,30357.04356741499,r1,-43545.67201477638,-57484.21444749016,-13938.54243271378,0.15115032676506104
54,w99055050,194.95880112051967,trade,65308.77244341692,72565.3027149077,81635.96555427114,nr2,-100739.0383573933,-132990.92516189802,-32251.886804504713,0.1391375060352614
55,w99055053,122.33706042193808,ab,49059.40863841541,54510.454042683785,61324.260798019255,r1,-87966.6078591905,-116123.85609022385,-28157.248231033358,0.15115032676506104
56,w99055057,303.91877080444243,ab,87681.8017174346,97424.2241304829,109602.25214679325,r2,-144723.8561456332,-191048.54276953838,-46324.686623905174,0.1391375060352614
57,w99055067,194.8848727118224,sfh,33001.382887256914,36668.203208063234,41251.72860907114,r1,-59173.5568736789,-78114.43194155014,-18940.87506787124,0.15115032676506104
58,w99055068,348.37368724122643,ab,132493.30677667502,147214.7853074167,165616.63347084375,r2,-218687.82226898547,-288687.6488689672,-69999.82659998172,0.1391375060352614
59,w99055094,263.70872883694244,other,66091.27134448045,73434.74593831161,82614.08918060057,nr2,-101946.04598990016,-134584.35968680453,-32638.31369690437,0.1391375060352614
60,w99055100,85.6876405166462,sfh,15744.323611141372,17493.69290126819,19680.404513926715,r1,-28230.563301673767,-37266.88967519415,-9036.326373520384,0.15115032676506104
61,w99055110,94.65369866762775,sfh,52473.960066172556,58304.40007352506,65592.45008271569,r2,-86611.28876527665,-114334.71264990936,-27723.423884632706,0.1391375060352614
62,w99055113,801.3236896117684,education,153671.86244078857,170746.51382309842,192089.8280509857,nr2,-237039.45221581208,-312928.30032992654,-75888.84811411446,0.1391375060352614
63,w99055118,54.3237798044458,other,24020.58101149931,26689.534457221456,30025.726264374138,nr1,-40249.20764729739,-53135.104814652776,-12885.897167355382,0.1511442958961723
64,w99055131,500.74276516167447,th,174492.9614592318,193881.0682880353,218116.20182403974,r2,-288010.66764153907,-380200.05699425325,-92189.38935271418,0.1391375060352614
65,w99055135,663.0715527065098,ab,134760.33544465396,149733.70604961552,168450.41930581743,r2,-222429.68345792333,-293627.24311715463,-71197.55965923131,0.1391375060352614
66,w99055142,64.54166975589469,sfh,30373.370700461764,33748.18966717974,37966.7133755772,r1,-54461.365595776675,-71893.91446177378,-17432.5488659971,0.15115032676506104
67,w99055146,149.08371188635937,sfh,45007.11390865703,50007.90434295226,56258.89238582129,r1,-80700.5883266315,-106532.0549843059,-25831.46665767439,0.15115032676506104
68,w99055147,57.659734526090325,sfh,9628.24002989865,10698.044477665168,12035.300037373312,r1,-17264.040447912168,-22790.090436569037,-5526.049988656869,0.15115032676506104
69,w99055152,1635.3717537612654,other,264252.3847284261,293613.76080936234,330315.48091053264,nr2,-407610.3427644949,-538107.9418039742,-130497.59903947933,0.1391375060352614
70,w99055158,567.1104306213557,trade,144743.79539184985,160826.4393242776,180929.7442398123,nr2,-223267.8736781867,-294747.71214363753,-71479.83846545083,0.1391375060352614
71,w99055160,362.3993257842958,ab,101699.20767706775,112999.1196411864,127124.00959633468,r2,-167860.39079594155,-221590.85519403848,-53730.46439809693,0.1391375060352614
72,w99055171,150.93386064656082,sfh,36534.23113964701,40593.59015516334,45667.78892455876,r1,-65508.17617442358,-86476.70073840447,-20968.524563980893,0.15115032676506104
73,w99055172,71.28885925472714,sfh,34959.915482691984,38844.350536324426,43699.89435336498,r1,-62685.32910215973,-82750.28801019069,-20064.95890803096,0.15115032676506104
74,w99055173,413.9677898917347,ab,103778.03118873315,115308.92354303683,129722.53898591643,r2,-171291.60855106896,-226120.3720926375,-54828.763541568536,0.1391375060352614
75,w99055181,184.62117180265486,other,55355.73112876553,61506.36792085059,69194.66391095691,nr2,-85386.4329836193,-112723.13994580174,-27336.706962182434,0.1391375060352614
76,w99055182,84.81555104400032,sfh,41072.2949799907,45635.88331110078,51340.36872498837,r1,-73645.21030024665,-97218.31966431373,-23573.109364067088,0.15115032676506104
77,w99055185,136.9722994968528,education,27137.63133712484,30152.92370791649,33922.039171406046,nr1,-45472.17897106001,-60030.225115255445,-14558.046144195432,0.1511442958961723
78,w99055186,41.49024544628337,sfh,8077.381808901094,8974.86867655677,10096.727261126367,r1,-14483.254034908634,-19119.201572033435,-4635.947537124801,0.15115032676506104
79,w99055192,160.51305735595523,ab,56573.984423398244,62859.982692664715,70717.4805292478,r2,-93378.6147513568,-123268.19329726051,-29889.578545903714,0.1391375060352614
80,w99055193,133.23216011486946,other,37451.259490311946,41612.510544791054,46814.07436288993,nr1,-62753.83260532943,-82844.64882451545,-20090.816219186017,0.1511442958961723
81,w99055199,594.2030242990702,ab,144875.40265854934,160972.66962061037,181094.25332318665,r2,-239125.18359242982,-315666.8090633274,-76541.62547089756,0.1391375060352614
82,w99055201,119.5810925271362,sfh,23915.67348956297,26572.970543958854,29894.59186195371,r1,-42882.3080002942,-56608.51411951494,-13726.20611922074,0.15115032676506104
83,w99055202,635.4450178422034,ab,183212.87097097567,203569.8566344174,229016.08871371957,r2,-302403.3797558206,-399199.7350650754,-96796.35530925478,0.1391375060352614
84,w99055209,191.61494707558305,other,71166.34004527405,79073.7111614156,88957.92505659255,nr2,-109774.35942143192,-144918.92970744756,-35144.570286015645,0.1391375060352614
85,w99055216,463.1840371862054,education,97615.7064420698,108461.89604674422,122019.63305258725,nr2,-150572.61111547577,-198778.8565664839,-48206.245451008144,0.1391375060352614
86,w99055219,773.0541430711745,other,280358.9009157519,311509.889906391,350448.6261446898,nr2,-432454.7073313647,-570906.2996469941,-138451.59231562942,0.1391375060352614
87,w99055224,318.955577952601,ab,88079.81530757781,97866.46145286423,110099.76913447226,r2,-145380.80046515714,-191915.76852117587,-46534.968056018726,0.1391375060352614
88,w99055226,262.56915004737675,ab,69321.04823838189,77023.38693153542,86651.31029797735,r2,-114418.3766369988,-151042.57656428113,-36624.19992728233,0.1391375060352614
89,w99055235,1694.7837025728077,trade,455420.4985622041,506022.7761802268,569275.6232027551,nr2,-702487.9102290586,-927391.3928477989,-224903.4826187403,0.1391375060352614
90,w99055245,424.4345906373113,ab,110594.87925706254,122883.19917451392,138243.59907132815,r2,-182543.20831160824,-240973.49855932043,-58430.2902477122,0.1391375060352614
91,w99055249,70.42309986636974,sfh,33446.903939437485,37163.22659937498,41808.62992429685,r1,-59972.404164705855,-79168.98241381306,-19196.57824910721,0.15115032676506104
92,w99055257,137.79457132667304,trade,36946.07902516493,41051.19891684992,46182.59878145616,nr1,-61907.345443702216,-81727.15641444211,-19819.810970739898,0.1511442958961723
93,w99055287,226.3710821658373,mfh,65413.202259158345,72681.33584350927,81766.50282394793,r2,-107968.25211561841,-142527.83045876166,-34559.57834314325,0.1391375060352614
94,w99055292,58.725108856521544,trade,26638.013577625854,29597.792864028725,33297.51697203232,nr1,-44635.01275360984,-58925.03777588461,-14290.02502227477,0.1511442958961723
95,w99055300,847.1402418442303,other,253934.7967876531,282149.7742085034,317418.49598456634,nr2,-391695.422786144,-517097.8153792055,-125402.3925930615,0.1391375060352614
96,w99389931,488.4274571448564,mfh,99582.28350232905,110646.9816692545,124477.85437791131,r2,-164366.28570531614,-216978.32134076775,-52612.03563545161,0.1391375060352614
97,w99389943,3490.8252122399163,ab,624462.3880690951,693847.0978545501,780577.9850863689,r2,-1030711.0831334601,-1360631.589659323,-329920.50652586285,0.1391375060352614
98,w99389949,2474.179022271931,ab,683124.5893772031,759027.3215302257,853905.7367215039,r2,-1127536.4199423487,-1488449.7669326905,-360913.3469903418,0.1391375060352614
99,w99389956,671.7147096479312,education,46899.24791118664,52110.27545687404,58624.0598889833,nr1,-78585.00869632402,-103744.22052057357,-25159.21182424955,0.1511442958961723
100,w99389960,693.6997662768932,ab,196619.69517326806,218466.32797029783,245774.61896658505,r2,-324532.1141022608,-428411.66019487154,-103879.54609261075,0.1391375060352614
101,w99389971,1612.9015118613836,education,309303.5674613809,343670.63051264547,386629.4593267261,nr2,-477101.96931915294,-629847.5082838724,-152745.53896471945,0.1391375060352614
102,w99389974,235.12884147074072,education,43366.28216826591,48184.7579647399,54207.85271033239,nr1,-72665.12392211602,-95929.06796590383,-23263.944043787807,0.1511442958961723
103,w99389975,1082.0712234761565,mfh,203599.25388206367,226221.39320229297,254499.0673525796,r2,-336052.2771320642,-443619.3143987279,-107567.03726666368,0.1391375060352614
104,w99389979,163.53384786918758,ab,58414.06986123536,64904.52206803929,73017.58732654419,r2,-96415.7815862653,-127277.5274416834,-30861.745855418107,0.1391375060352614
105,w99389992,2569.363114476204,other,222880.7619206125,247645.2910229028,278600.9524007656,nr2,-343794.45186630293,-453861.2137334513,-110066.7618671484,0.1391375060352614
106,w99390006,431.6004564465955,education,83282.49698597375,92536.10776219305,104103.12123246718,nr2,-128463.57915605236,-169591.55576769784,-41127.97661164547,0.1391375060352614
107,w99390011,2554.974828636646,ab,487902.76263553556,542114.1807061506,609878.4532944195,r2,-805311.5680751572,-1063083.9009802942,-257772.33290513698,0.1391375060352614
108,w99390014,587.280543653667,trade,125980.24566648666,139978.05074054073,157475.30708310832,nr2,-194325.02442861776,-256538.72820569397,-62213.70377707621,0.1391375060352614
109,w99390021,1617.1983746248297,other,203329.9608709738,225922.17874552644,254162.45108871724,nr2,-313637.2643527311,-414049.11771678913,-100411.85336405801,0.1391375060352614
110,w99390022,5590.431437242403,education,501507.8998853299,557230.9998725888,626884.8748566624,nr2,-773577.9080345666,-1021241.0536354133,-247663.14560084674,0.1391375060352614
111,w99390025,237.89438336268066,education,22880.136119028128,25422.373465586807,28600.170148785157,nr1,-38338.262892655606,-50612.365715719985,-12274.102823064379,0.1511442958961723
112,w99390027,116.0190749399364,mfh,27759.268305341284,30843.631450379202,34699.0853816766,r1,-49774.1154499347,-65706.32152575985,-15932.206075825146,0.15115032676506104
113,w99390046,1095.085822885856,mfh,211796.0789351003,235328.97659455586,264745.09866887535,r2,-349581.60826567287,-461479.2517066551,-111897.64344098221,0.1391375060352614
114,w99390052,1678.6958267321402,education,313307.17899148044,348119.0877683116,391633.9737393505,nr2,-483277.55585078214,-638000.2262336407,-154722.67038285855,0.1391375060352614
115,w99390065,2581.633286331594,education,348951.4029727128,387723.781080792,436189.253715891,nr2,-538258.9115327604,-710584.0177610196,-172325.10622825928,0.1391375060352614
116,w99390082,124.21957990797236,education,39827.93660519214,44253.26289465793,49784.92075649017,nr1,-66736.22464911878,-88102.01489527324,-21365.790246154458,0.1511442958961723
117,w99390107,332.09000708311794,education,26712.358260262183,29680.39806695798,33390.44782532773,nr1,-44759.58570076169,-59089.493102856184,-14329.907402094497,0.1511442958961723
118,w99390110,1066.5973296171287,mfh,239891.65743218464,266546.2860357607,299864.5717902308,r2,-395954.97629754676,-522696.2799268662,-126741.30362931942,0.1391375060352614
119,w99390116,694.0162199864862,ab,158097.7549469809,175664.1721633121,197622.1936837261,r2,-260949.43643641943,-344476.7911486753,-83527.35471225588,0.1391375060352614
120,w99390122,307.42072394330467,other,98676.7039395479,109640.78215505321,123345.87992443486,nr2,-152209.2039283042,-200939.40917687508,-48730.205248570885,0.1391375060352614
121,w99390129,1196.3697846690193,trade,195071.71625481176,216746.35139423527,243839.6453185147,nr2,-300898.8895521167,-397232.51635334763,-96333.62680123094,0.1391375060352614
122,w99390130,964.417538562417,education,164651.07624751102,182945.64027501224,205813.84530938877,nr2,-253974.93269460523,-335285.7225731841,-81310.78987857889,0.1391375060352614
123,w99390133,9252.387912133521,education,680645.1328091653,756272.3697879614,850806.4160114565,nr2,-1049897.7943773482,-1386025.5296891304,-336127.7353117822,0.1391375060352614
124,w99390139,1249.1388426542283,ab,193561.77819765167,215068.6424418352,241952.22274706457,r2,-319484.84627910896,-421748.81145478255,-102263.9651756736,0.1391375060352614
125,w99390141,112.67489476799965,other,30821.618759402736,34246.24306600304,38527.023449253415,nr1,-51645.11769632692,-68179.44755599856,-16534.32985967164,0.1511442958961723
126,w99758761,171.36210507287177,trade,71706.83112597434,79674.25680663815,89633.53890746791,nr2,-110608.06903919684,-146019.5538070103,-35411.484767813454,0.1391375060352614
127,w99758765,309.03573338240386,trade,64055.628922168136,71172.92102463126,80069.53615271016,nr2,-98806.05954717645,-130439.09774245133,-31633.038195274872,0.1391375060352614
128,w99758770,601.7205038767308,mfh,123602.56527583835,137336.18363982037,154503.20659479793,r2,-204013.14213248855,-269315.7475781003,-65302.605445611756,0.1391375060352614
129,w99758771,976.6668764967471,mfh,175271.79498964516,194746.4388773835,219089.74373705644,r2,-289296.1771726979,-381897.04551560053,-92600.86834290263,0.1391375060352614
130,w99758774,197.5460334163159,ab,62183.884482976144,69093.20498108461,77729.85560372018,r2,-102638.07741420371,-135491.5191239696,-32853.44170976589,0.1391375060352614
131,w99758775,265.071225726977,sfh,41468.16576899654,46075.73974332949,51835.20721124567,r1,-74355.03154403793,-98155.34772495857,-23800.316180920636,0.15115032676506104
132,w99758777,337.6781565959565,ab,105954.58460251115,117727.31622501239,132443.23075313892,r2,-174884.13512989104,-230862.8311869705,-55978.69605707945,0.1391375060352614
133,w99758783,333.3155570875853,th,46165.858494498185,51295.3983272202,57707.32311812273,r1,-82778.2903091995,-109274.80898942,-26496.5186802205,0.15115032676506104
134,w99758786,182.17889552428386,mfh,58859.38042021428,65399.31157801586,73574.22552526784,r2,-97150.79227280986,-128247.80783860065,-31097.01556579079,0.1391375060352614
135,w99758788,349.08404515869915,other,107247.06333366054,119163.40370406726,134058.82916707566,nr2,-165429.01700147404,-218391.58263152858,-52962.56563005454,0.1391375060352614
136,w99758792,60.93018751584459,sfh,22560.840147597835,25067.600163997595,28201.050184497293,r1,-40453.00653468541,-53401.61708599868,-12948.610551313272,0.15115032676506104
137,w99758793,126.39461716674268,ab,45544.688375520156,50605.2093061335,56930.86046940019,r1,-81664.49318472295,-107804.49633165041,-26140.00314692747,0.15115032676506104
138,w99758796,906.0679207786917,ab,179322.33204421046,199247.03560467827,224152.91505526306,r2,-295981.8215198178,-390722.69903265004,-94740.87751283223,0.1391375060352614
139,w99758800,420.9761067721993,ab,99487.39834212833,110541.55371347592,124359.24792766041,r2,-164209.6722917426,-216771.57750987317,-52561.90521813056,0.1391375060352614
140,w99758801,293.7319820257835,mfh,71440.53956745433,79378.37729717146,89300.6744593179,r2,-117916.71896348412,-155660.70395104357,-37743.98498755945,0.1391375060352614
141,w99758803,512.6721141899004,mfh,131384.60978199245,145982.8997577694,164230.76222749054,r2,-216857.85412023985,-286271.9258676348,-69414.07174739498,0.1391375060352614
142,w99758805,165.76912949401884,sfh,58159.717102174254,64621.90789130473,72699.64637771781,r2,-95995.95773009918,-126723.32208759368,-30727.3643574945,0.1391375060352614
143,w99758807,110.8734177275095,other,42605.10553834061,47339.006153711794,53256.381922925764,nr1,-71389.686154001,-94245.29520477944,-22855.60905077844,0.1511442958961723
144,w99758813,43.0509613757953,other,17306.7893226752,19229.765914083553,21633.486653343996,nr1,-28999.48826478882,-38283.75609337773,-9284.267828588909,0.1511442958961723
145,w99758814,84.92593946289271,th,18715.5754116606,20795.083790734,23394.46926457575,r1,-33558.20481308256,-44299.85697070979,-10741.652157627235,0.15115032676506104
146,w99758818,424.19755738042295,mfh,91711.52463429667,101901.69403810741,114639.40579287084,r2,-151375.14556149318,-199828.84467885044,-48453.69911735726,0.1391375060352614
147,w99758821,35.03456762442365,sfh,16591.68554566197,18435.206161846632,20739.606932077462,r1,-29749.93658964306,-39272.59944772397,-9522.662858080912,0.15115032676506104
148,w99758824,478.7830200769007,ab,169348.0416963535,188164.4907737261,211685.05212044186,r2,-279518.68169851333,-368989.869656501,-89471.18795798765,0.1391375060352614
149,w99758826,392.0728006519377,ab,106368.10829847213,118186.78699830236,132960.13537309016,r2,-175566.67977102342,-231763.85167202633,-56197.171901002905,0.1391375060352614
152,w99758837,194.723237061128,mfh,81068.34105236304,90075.9345026256,101335.4263154538,r2,-133807.95899058756,-176638.5740191545,-42830.61502856694,0.1391375060352614
153,w99758838,478.1149431033991,ab,109862.70524728548,122069.67249698387,137328.38155910684,r2,-181334.7130025585,-239378.17575707668,-58043.46275451817,0.1391375060352614
154,w99758842,66.20839738831855,sfh,28836.13150330949,32040.146114788324,36045.16437913686,r1,-51704.99894981219,-68255.26189215065,-16550.262942338464,0.15115032676506104
155,w99758845,141.8255072105676,th,68631.03812160477,76256.7090240053,85788.79765200596,r2,-113279.47525810951,-149539.12402653185,-36259.64876842234,0.1391375060352614
156,w99758846,563.5821329504251,other,132388.56970357036,147098.41078174484,165485.71212946295,nr2,-204209.88946015234,-269588.2606121923,-65378.37115203994,0.1391375060352614
157,w99758847,385.25146163031457,sfh,141765.98617754248,157517.76241949163,177207.4827219281,r2,-233992.9128739939,-308891.74883504474,-74898.83596105085,0.1391375060352614
158,w99758850,177.17881421931088,ab,51542.08490718524,57268.98323020582,64427.60613398155,r2,-85073.17522502817,-112304.26405418603,-27231.08882915786,0.1391375060352614
159,w99758852,422.9061155930161,other,94738.4325839545,105264.92509328279,118423.04072994312,nr2,-146134.40487283768,-192919.74609757372,-46785.34122473604,0.1391375060352614
160,w99758858,57.38898355839774,sfh,9200.09663478349,10222.329594203877,11500.12079347936,r1,-16496.352389884763,-21776.672962119457,-5280.320572234694,0.15115032676506104
161,w99758862,402.33381934519855,sfh,153965.21116104606,171072.45684560674,192456.51395130757,r2,-254128.4352631253,-335472.45441323187,-81344.01915010656,0.1391375060352614
162,w99758864,101.365438436158,other,39005.52169932354,43339.46855480393,48756.90212415442,nr1,-65358.17520465733,-86282.77904067253,-20924.603836015194,0.1511442958961723
163,w99758865,63.831228005420414,other,19191.6289905496,21324.03221172178,23989.536238187,nr1,-32157.75088707185,-42453.1453876407,-10295.394500568855,0.1511442958961723
164,w99758868,445.0926624152809,ab,107761.9123396737,119735.45815519299,134702.3904245921,r2,-177867.23349600408,-234800.79007614343,-56933.55658013935,0.1391375060352614
165,w99758869,105.27734354436397,other,36782.57152472311,40869.523916359016,45978.21440590389,nr1,-61633.37008340504,-81365.46707104953,-19732.096987644487,0.1511442958961723
166,w99758874,732.9468768487684,ab,145140.5559918637,161267.2844354041,181425.6949898296,r2,-239562.83441752108,-316244.54762421414,-76681.71320669306,0.1391375060352614
167,w99758876,118.68904608124866,sfh,19767.0966607297,21963.44073414411,24708.870825912127,r1,-35443.64860336986,-46788.81282223015,-11345.164218860293,0.15115032676506104
168,w99758878,556.4759241774678,other,165946.20228490618,184384.6692054513,207432.75285613272,nr2,-255972.6697010977,-337923.04070779885,-81950.37100670114,0.1391375060352614
169,w99758879,141.26093079326674,other,63241.62786203879,70268.47540226532,79052.03482754849,nr2,-97550.45971041064,-128781.51408225992,-31231.054371849285,0.1391375060352614
170,w99758882,536.390386541374,other,173463.4893925074,192737.21043611935,216829.36174063425,nr2,-267568.11463052564,-353230.7999833794,-85662.68535285373,0.1391375060352614
171,w99758886,70.57262436598539,sfh,28508.101772463415,31675.66863607046,35635.12721557927,r1,-51116.820993731046,-67478.81394230199,-16361.992948570944,0.15115032676506104
172,w99758887,84.85345135740936,sfh,35123.0717850301,39025.635316700114,43903.839731287626,r1,-62977.87862254458,-83136.47976216565,-20158.601139621067,0.15115032676506104
173,w99758888,71.82869699064176,other,23233.64309960051,25815.158999556123,29042.053874500638,nr1,-38930.60392966114,-51394.346403715535,-12463.742474054394,0.1511442958961723
174,w99758891,1365.0763243824242,trade,394777.7044394887,438641.8938216541,493472.1305493609,nr2,-608946.161782927,-803901.9902293397,-194955.8284464127,0.1391375060352614
175,w99758895,154.4283221337944,other,11343.022479982455,12603.358311091617,14178.778099978068,nr1,-19006.52057193013,-25091.511654122576,-6084.991082192446,0.1511442958961723
176,w99758899,158.4874060918577,th,51555.465518172896,57283.85057574766,64444.33189771612,r2,-85095.26069295636,-112333.41886374155,-27238.158170785187,0.1391375060352614
177,w99758900,82.77785695786588,sfh,14105.077346915961,15672.308163239957,17631.34668364495,r1,-25291.291563350238,-33386.78588743074,-8095.494324080504,0.15115032676506104
178,w99758903,400.34018093422054,trade,111219.17925647758,123576.86584053065,139023.97407059697,nr2,-171556.02143499584,-226480.1647876765,-54924.143352680665,0.1391375060352614
179,w99758905,110.54209396946244,sfh,42224.87349281815,46916.52610313128,52781.09186602269,r1,-75711.85612576175,-99946.47854496227,-24234.622419200517,0.15115032676506104
180,w99758908,248.9345047255978,ab,62155.14284179054,69061.2698242117,77693.92855223817,r2,-102590.63768255062,-135428.89439959393,-32838.25671704332,0.1391375060352614
181,w99758913,208.22132023065353,ab,66297.76659895918,73664.18510995463,82872.20824869897,r2,-109428.27642804579,-144455.19423088685,-35026.91780284105,0.1391375060352614
182,w99758915,71.10941483918579,ab,27065.001520575188,30072.223911750207,33831.251900718984,r1,-48529.25140244273,-64062.98870867263,-15533.737306229901,0.15115032676506104
183,w99758919,819.0798590054737,ab,208080.77592565658,231200.8621396184,260100.9699070707,r2,-343449.2869886883,-453384.0345464406,-109934.7475577523,0.1391375060352614
184,w99758922,83.9358181065414,th,29500.748365313924,32778.60929479325,36875.9354566424,r1,-52896.69881940193,-69828.41319952505,-16931.71438012312,0.15115032676506104
185,w99758926,36.12754547015065,sfh,13125.615217519764,14584.016908355294,16407.019021899705,r1,-23535.05431058286,-31068.39431858565,-7533.340008002793,0.15115032676506104
186,w99758928,119.38002583179623,sfh,50451.804126083465,56057.56014009274,63064.755157604326,r2,-83273.6040958785,-109928.66786023018,-26655.063764351682,0.1391375060352614
187,w99758931,65.79372537583113,th,29795.3796286822,33105.977365202445,37244.22453585275,r1,-53424.99122094304,-70525.80681629745,-17100.815595354412,0.15115032676506104
188,w99758935,355.7203856162727,ab,97740.68299085365,108600.75887872626,122175.85373856705,r2,-161326.61815423868,-212965.68602546203,-51639.06787122335,0.1391375060352614
189,w99758936,99.44306262517348,th,46648.143097256325,51831.270108062585,58310.1788715704,r1,-83643.05696058815,-110416.3789626333,-26773.322002045155,0.15115032676506104
190,w99758945,525.0721962768584,mfh,72696.76550898828,80774.18389887585,90870.95688623533,r2,-119990.19212311266,-158397.87552847972,-38407.68340536706,0.1391375060352614
191,w99758951,355.6037514369003,ab,88176.77832572878,97974.19813969864,110220.97290716098,r2,-145540.84350277114,-192127.039765122,-46586.19626235086,0.1391375060352614
192,w99758953,525.4067761451006,other,115621.89938143763,128468.77709048626,144527.37422679702,nr2,-178347.23454391598,-235445.60389701874,-57098.36935310275,0.1391375060352614
193,w99758954,37.75478148937691,sfh,15454.106966036949,17171.229962263275,19317.633707546185,r1,-27710.186588569235,-36579.94548107469,-8869.758892505455,0.15115032676506104
194,w99758959,30.14875982720405,sfh,5386.67163386435,5985.190704293722,6733.339542330437,r1,-9658.641317403275,-12750.27765268144,-3091.6363352781646,0.15115032676506104
195,w99758962,201.50926117040217,mfh,21723.95521923704,24137.72802137449,27154.944024046297,r1,-38952.41917826271,-51420.70643741518,-12468.287259152472,0.15115032676506104
196,w99758966,155.61690238779408,th,53966.642471051426,59962.936078946026,67458.30308881428,r2,-89075.04691581032,-117587.09561517792,-28512.048699367602,0.1391375060352614
197,w99758967,90.83302856497467,ab,36490.03724639751,40544.485829330566,45612.54655799688,r1,-65428.93374192909,-86372.09358062978,-20943.15983870069,0.15115032676506104
198,w99758970,391.2386861808598,th,114162.05294071334,126846.72548968148,142702.56617589167,r2,-188431.03361774032,-248745.95898689647,-60314.925369156146,0.1391375060352614
199,w99758974,163.93810575278476,sfh,52549.96407185974,58388.84896873304,65687.45508982467,r2,-86736.73774750685,-114500.31662070798,-27763.578873201128,0.1391375060352614
200,w99758975,139.83927450878545,sfh,48769.161981762925,54187.95775751436,60961.45247720365,r1,-87446.17733349116,-115436.84085862584,-27990.66352513469,0.15115032676506104
201,w99758979,705.2831632008775,trade,118383.22027633703,131536.91141815225,147979.02534542128,nr2,-182606.5828847434,-241068.5946032017,-58462.01171845829,0.1391375060352614
202,w99758981,319.7999828794971,other,27092.453379920906,30102.725977689894,33865.56672490113,nr1,-45396.478180154445,-59930.28850297309,-14533.810322818645,0.1511442958961723
203,w99758984,336.42351993245535,ab,99044.44301429484,110049.38112699427,123805.55376786855,r2,-163478.54904964834,-215806.42889023933,-52327.87984059099,0.1391375060352614
204,w99758985,1446.6540044941007,ab,308773.6475480953,343081.8306089948,385967.05943511915,r2,-509648.6622540226,-672782.1994329409,-163133.5371789183,0.1391375060352614
205,w99758989,963.3213891830295,education,178962.42487789664,198847.1387532185,223703.03109737078,nr2,-276050.24424439034,-364428.50727823173,-88378.26303384139,0.1391375060352614
206,w99758991,346.04414169639347,ab,108571.37632794297,120634.8625866033,135714.2204099287,r2,-179203.30035935252,-236564.51883575117,-57361.218476398644,0.1391375060352614
207,w99758995,38.315451947040856,sfh,14153.006730026627,15725.56303336292,17691.258412533283,r1,-25377.231964305814,-33500.23496766441,-8123.003003358594,0.15115032676506104
208,w99758997,604.6954287230968,other,183323.21692341135,203692.46324823482,229154.0211542642,nr2,-282776.7831258604,-373308.5665240873,-90531.7833982269,0.1391375060352614
209,w99759000,505.76658869385716,other,34496.09632156219,38328.995912846876,43120.120401952736,nr1,-57802.1215724567,-76307.63356078188,-18505.511988325175,0.1511442958961723
210,w99759001,277.86601877255595,other,81574.80850317713,90638.67611464126,101968.51062897142,nr2,-125829.46295489468,-166114.1198472447,-40284.656892350016,0.1391375060352614
211,w99759005,200.24946516156197,th,50791.008241442374,56434.45360160264,63488.76030180296,r2,-83833.47999525166,-110667.75454265934,-26834.27454740768,0.1391375060352614
212,w99759006,478.86383471041916,sfh,107306.25960596674,119229.17733996305,134132.82450745843,r2,-177115.1524553124,-233807.9752721753,-56692.8228168629,0.1391375060352614
213,w99759010,347.4218390390277,ab,91918.43252307092,102131.59169230102,114898.04065383865,r2,-151716.65893078802,-200279.6731274404,-48563.014196652366,0.1391375060352614
214,w99759011,1184.1155465334652,health,269958.28428687295,299953.6492076366,337447.8553585912,nr2,-416411.7152750534,-549727.0985078636,-133315.38323281019,0.1391375060352614
215,w99759013,1127.2734199425206,other,171785.6852225,190872.98358055556,214732.106528125,nr2,-264980.0950993821,-349814.2187116506,-84834.12361226848,0.1391375060352614
216,w99759015,262.8249901607633,mfh,34217.03964154063,38018.932935045144,42771.29955192578,r1,-61353.30595674708,-80991.89732296146,-19638.591366214387,0.15115032676506104
217,w99759016,162.4421672269469,other,39579.42093353886,43977.13437059873,49474.27616692357,nr1,-66319.80845722102,-87552.2818869393,-21232.473429718273,0.1511442958961723
218,w99759020,78.66829424034803,other,23783.079223761644,26425.64358195738,29728.849029702054,nr1,-39851.2464669795,-52609.73524182408,-12758.488774844576,0.1511442958961723
219,w99759023,45.55874986834824,th,17153.126364166834,19059.029293518703,21441.407955208542,r1,-30756.63531855696,-40601.53256413713,-9844.89724558017,0.15115032676506104
220,w99759028,314.5253525768406,trade,117384.63411857742,130427.3712428638,146730.79264822177,nr2,-181066.25980889838,-239035.13275717827,-57968.872948279895,0.1391375060352614
221,w99759036,422.98085668310523,mfh,84448.21047114403,93831.34496793781,105560.26308893003,r2,-139386.62783604566,-184002.92003579254,-44616.29219974688,0.1391375060352614
222,w99759038,116.55152825303375,ab,40682.52312775101,45202.8034752789,50853.15390968876,r1,-72946.32483399032,-96295.72781631375,-23349.40298232343,0.15115032676506104
224,w99759044,415.2007402397692,trade,91754.0768965997,101948.97432955522,114692.59612074961,nr2,-141531.02448743823,-186842.5805189778,-45311.55603153957,0.1391375060352614
225,w99759045,941.2816024620085,trade,131494.20155201256,146104.66839112507,164367.75194001567,nr2,-202830.32306876944,-267767.0221558416,-64936.699087072135,0.1391375060352614
226,w99759047,442.628270605579,mfh,92497.8685975063,102775.40955278477,115622.33574688286,r2,-152673.0514938927,-201542.19756786787,-48869.146073975164,0.1391375060352614
227,w99759050,246.0824731603265,trade,87689.82726981034,97433.14141090038,109612.28408726292,nr2,-135261.90345317166,-178566.3827321658,-43304.47927899414,0.1391375060352614
228,w99759051,91.54405212756247,th,29950.586920623486,33278.42991180387,37438.23365077935,r1,-53703.28766531547,-70893.18322244984,-17189.89555713437,0.15115032676506104
229,w99759055,270.5142616614699,other,63025.800446954905,70028.66716328323,78782.25055869363,nr2,-97217.54507378124,-128342.01588724827,-31124.470813467036,0.1391375060352614
230,w99759057,194.30349186724052,th,63544.9103105719,70605.45590063544,79431.13788821487,r2,-104884.5288126162,-138457.03757752312,-33572.50876490692,0.1391375060352614
231,w99759061,534.3112589053809,trade,95523.08154318364,106136.75727020403,119403.85192897954,nr2,-147344.7289785213,-194517.55887388354,-47172.82989536223,0.1391375060352614
232,w99759062,137.67195288166403,th,51134.694142143744,56816.326824604155,63918.36767767968,r2,-84400.75333907138,-111416.60651893412,-27015.853179862737,0.1391375060352614
233,w99759063,182.5971095246263,sfh,62796.75246680318,69774.16940755908,78495.94058350397,r2,-103649.65126636386,-136826.88784275562,-33177.23657639176,0.1391375060352614
234,w99759067,347.13443305995315,other,53063.728204032785,58959.69800448087,66329.66025504097,nr2,-81851.00945763041,-108055.84062245164,-26204.831164821226,0.1391375060352614
235,w99759073,34.86947953915223,sfh,16322.376591394783,18135.973990438648,20402.970739243476,r1,-29267.048682298013,-38635.14385832571,-9368.095176027698,0.15115032676506104
236,w99759074,1179.944325777702,mfh,260161.20526083146,289068.00584536826,325201.5065760393,r2,-429411.0306512613,-566861.2890782513,-137450.25842699007,0.1391375060352614
237,w99759077,212.39228247441352,sfh,52914.64659119377,58794.05176799308,66143.3082389922,r2,-87338.66721785479,-115294.91780963905,-27956.250591784265,0.1391375060352614
239,w99759083,341.51128259450195,trade,45059.565495100775,50066.1838834453,56324.45686887597,nr1,-75502.41217067487,-99674.72203685247,-24172.309866177602,0.1511442958961723
240,w99759085,319.12387123871594,other,63311.391095623374,70345.9901062482,79139.23886952922,nr2,-97658.06977259796,-128923.57580887922,-31265.506036281266,0.1391375060352614
241,w99759087,592.8829183824361,other,172965.5863999473,192183.9848888303,216206.98299993412,nr2,-266800.0973062185,-352216.89975001,-85416.80244379147,0.1391375060352614
242,w99759088,334.1662621571682,ab,88658.67471107052,98509.63856785613,110823.34338883814,r2,-146336.24119970776,-193177.0364620665,-46840.79526235873,0.1391375060352614
243,w99759091,80.87078364617192,sfh,11524.131641001168,12804.590712223518,14405.164551251459,r1,-20663.493448387035,-27277.674994160683,-6614.181545773648,0.15115032676506104
244,w99759093,176.2003906674683,sfh,54665.253714504965,60739.1707938944,68331.56714313121,r2,-90228.14494891322,-119109.28901688667,-28881.14406797345,0.1391375060352614
245,w99759094,339.69808716569094,other,127766.57717581006,141962.86352867784,159708.22146976256,nr2,-197080.44780750092,-260176.30813841426,-63095.86033091333,0.1391375060352614
246,w99759096,246.47077107857913,mfh,47013.13833967629,52236.8203774181,58766.42292459536,r1,-84297.51640581037,-111280.32445608152,-26982.808050271153,0.15115032676506104
247,w99759099,50.23060751573648,th,24989.00373869263,27765.55970965848,31236.254673365787,r1,-44806.856700513636,-59149.09197902097,-14342.23527850733,0.15115032676506104
248,w99759102,1460.464218017459,other,404928.3339724756,449920.3710805284,506160.4174655945,nr2,-624603.5477606102,-824572.1324179284,-199968.5846573182,0.1391375060352614
249,w99759105,189.26809048298745,mfh,53255.998957558084,59173.332175064534,66569.9986969476,r2,-87902.08892905412,-116038.68528347585,-28136.596354421723,0.1391375060352614
250,w99759110,35.61810292806477,th,21502.86142041705,23892.068244907834,26878.576775521313,r1,-38555.984079661306,-50897.37635274495,-12341.392273083642,0.15115032676506104
251,w99759111,238.72463138289748,th,34535.9950545772,38373.327838419114,43169.9938182215,r1,-61925.21308978951,-81746.86631893207,-19821.653229142554,0.15115032676506104
252,w99759113,635.4707306571305,th,212224.98925564316,235805.54361738128,265281.2365695539,r2,-350289.5494155328,-462413.7978737447,-112124.24845821189,0.1391375060352614
253,w99759120,160.90588292758912,th,23237.39167444857,25819.324082720632,29046.73959306071,r1,-41666.106009602714,-55003.01780243776,-13336.911792835046,0.15115032676506104
254,w99759121,33.129497365746644,ab,17191.860563128615,19102.06729236513,21489.825703910767,r1,-30826.088175519108,-40693.216599286425,-9867.128423767317,0.15115032676506104
255,w99759126,310.54387535755524,ab,74661.4219255084,82957.13547278711,93326.77740688549,r2,-123232.97052217374,-162678.63548170915,-39445.66495953541,0.1391375060352614
256,w99759127,85.13879598667843,other,32860.8525520517,36512.05839116855,41076.06569006462,nr1,-55062.08518443309,-72690.36680737356,-17628.28162294047,0.1511442958961723
257,w99759131,184.6887545518577,ab,66274.46957377039,73638.29952641155,82843.08696721298,r2,-109389.8233482048,-144404.43269741008,-35014.60934920529,0.1391375060352614
258,w99759132,153.35469039995223,ab,44301.10147182197,49223.44607980218,55376.376839777455,r1,-79434.66358561962,-104860.92015230659,-25426.256566686963,0.15115032676506104
259,w99759137,162.2998407471925,mfh,26131.587467902093,29035.09718655788,32664.484334877616,r1,-46855.58124985435,-61853.59315879785,-14998.011908943496,0.15115032676506104
260,w99759138,557.9003615580499,mfh,114243.39084343535,126937.10093715039,142804.2385542942,r2,-188565.28650376864,-248923.1849047334,-60357.89840096477,0.1391375060352614
261,w99759140,160.4533356629312,ab,54087.72543979606,60097.4727108845,67609.65679974506,r2,-89274.90131897094,-117850.92145223609,-28576.02013326515,0.1391375060352614
262,w99759142,128.98004897348582,sfh,50447.45984022519,56052.73315580576,63059.32480028148,r2,-83266.43360223791,-109919.20216191717,-26652.768559679258,0.1391375060352614
263,w99759148,518.2482564277947,ab,122067.53269869335,135630.59188743704,152584.41587336667,r2,-201479.48258715306,-265971.0884672804,-64491.60588012732,0.1391375060352614
264,w99759152,155.39786574579776,ab,44876.1750923536,49862.41676928178,56095.218865442,r1,-80465.80678671927,-106222.12217665403,-25756.315389934753,0.15115032676506104
265,w99759159,71.9146042395383,sfh,34070.300398334104,37855.889331482336,42587.87549791763,r1,-61090.193256799124,-80644.56482887264,-19554.371572073513,0.15115032676506104
266,w99759161,242.4930030848831,mfh,71934.50220725962,79927.2246747329,89918.12775907452,r2,-118732.03270731981,-156736.9916261249,-38004.958918805074,0.1391375060352614
267,w99759162,714.1891373082996,mfh,155025.33407488256,172250.37119431395,193781.6675936032,r2,-255878.22909803299,-337782.3400893696,-81904.11099133664,0.1391375060352614
268,w99759164,595.7694656141102,mfh,71961.73720566227,79957.48578406918,89952.17150707783,r2,-118776.98563841553,-156796.33354948007,-38019.34791106454,0.1391375060352614
269,w99759165,160.50856082765387,mfh,63770.821559896285,70856.46839988476,79713.52694987036,r2,-105257.40832134559,-138949.27215908156,-33691.863837735975,0.1391375060352614
270,w99759170,93.69908212199807,sfh,47013.36803003878,52237.07558893198,58766.71003754847,r1,-84297.92825508877,-111280.86813427371,-26982.939879184938,0.15115032676506104
271,w99759172,204.59550149962305,other,61730.81695510983,68589.7966167887,77163.52119388728,nr2,-95220.02794436042,-125704.98802396892,-30484.9600796085,0.1391375060352614
272,w99759176,41.50382452430203,sfh,14493.422515544977,16103.802795049975,18116.77814443122,r1,-25987.618896086373,-34306.00076846577,-8318.381872379396,0.15115032676506104
273,w99759177,360.73507672324774,ab,106008.57950246714,117787.31055829681,132510.72437808392,r2,-174973.25681741076,-230980.47985238934,-56007.22303497858,0.1391375060352614
274,w99759180,347.1465133147314,education,74374.97687321722,82638.86319246358,92968.72109152153,nr2,-114723.69434830046,-151452.8081481488,-36729.11379984833,0.1391375060352614
275,w99759183,128.67689446713774,sfh,42546.20900035321,47273.56555594801,53182.76125044151,r1,-76288.03091806117,-100707.08123605263,-24419.050317991467,0.15115032676506104
276,w99759189,171.2441471248865,ab,57837.994960024385,64264.43884447154,72297.49370003048,r2,-95464.93683286203,-126022.32661041926,-30557.389777557226,0.1391375060352614
277,w99759190,369.99921465907244,other,75198.04717388457,83553.38574876063,93997.5589673557,nr2,-115993.28352426598,-153128.85987387775,-37135.57634961177,0.1391375060352614
278,w99759195,184.4751641433686,sfh,51261.17835256776,56956.864836186396,64076.4729407097,r2,-84609.52280223879,-111692.20103925127,-27082.678237012486,0.1391375060352614
279,w155463247,886.8482149265707,mfh,186269.900882997,206966.55653666332,232837.37610374624,r2,-307449.1834294956,-405860.650995803,-98411.4675663074,0.1391375060352614
280,w155463249,403.549402025342,trade,87242.84372721925,96936.49303024361,109053.55465902406,nr2,-134572.42958071115,-177656.17185792478,-43083.742277213634,0.1391375060352614
281,w155463253,721.7602650925515,mfh,85711.09171490726,95234.54634989696,107138.86464363408,r2,-141471.08595473718,-186754.5927499263,-45283.50679518911,0.1391375060352614
282,w155463254,852.2730644002556,mfh,87014.59305688317,96682.88117431464,108768.24132110395,r2,-143622.58988151213,-189594.7719775974,-45972.18209608528,0.1391375060352614
283,w155463255,713.9319995328784,mfh,71073.4939418158,78970.54882423978,88841.86742726975,r2,-117310.889050283,-154860.95382576503,-37550.064775482024,0.1391375060352614
284,w155463260,725.1058137452229,mfh,121068.10069432911,134520.1118825879,151335.12586791138,r2,-199829.86258854633,-263793.4412897469,-63963.578701200575,0.1391375060352614
285,w155463261,1003.1358517257496,mfh,156542.2147043533,173935.7941159481,195677.76838044162,r2,-258381.9278098487,-341087.4481977732,-82705.52038792448,0.1391375060352614
286,w155463268,907.8277638942003,mfh,159567.24377622348,177296.93752913718,199459.05472027932,r2,-263374.9122565477,-347678.63798512187,-84303.72572857415,0.1391375060352614
287,w155463269,646.430608794326,mfh,131879.48496798522,146532.76107553914,164849.35620998152,r2,-217674.67407403674,-287350.20187571016,-69675.52780167342,0.1391375060352614
288,w155463275,531.2511221051216,mfh,123394.95860740752,137105.50956378612,154243.6982592594,r2,-203670.47538718514,-268863.39656915586,-65192.92118197071,0.1391375060352614
289,w155463277,722.3371928531676,mfh,151532.00259406594,168368.89177118437,189415.0032425824,r2,-250112.28459420113,-330170.7733132701,-80058.48871906899,0.1391375060352614
290,w155463281,852.691491766274,mfh,129551.36276085915,143945.95862317682,161939.20345107393,r2,-213831.97448536515,-282277.49184525,-68445.51735988486,0.1391375060352614
291,w155463286,75.58565192222595,sfh,21335.71807363871,23706.35341515412,26669.647592048386,r1,-38256.28553762038,-50501.74724741309,-12245.461709792711,0.15115032676506104
292,w155463289,870.3151384696364,mfh,189460.16018468578,210511.2890940953,236825.2002308572,r2,-312714.8898725815,-412811.85841520317,-100096.96854262165,0.1391375060352614
293,w155463294,520.8021583877504,mfh,73954.39748668816,82171.55276298684,92442.9968583602,r2,-122065.98602629152,-161138.11069671036,-39072.12467041884,0.1391375060352614
294,w155463296,531.2875348292291,mfh,149851.71086067607,166501.90095630675,187314.63857584508,r2,-247338.86645791007,-326509.61123854056,-79170.74478063048,0.1391375060352614
295,w155463300,903.6974393147975,mfh,145780.16516082495,161977.9612898055,182225.20645103118,r2,-240618.5461335792,-317638.18230414327,-77019.63617056407,0.1391375060352614
296,w155463302,619.062746527791,mfh,162906.195564221,181006.88396024556,203632.74445527626,r2,-268886.0441993038,-354953.82919903414,-86067.78499973036,0.1391375060352614
297,w155463304,1087.9011799693108,mfh,132782.97083749846,147536.6342638872,165978.71354687307,r2,-219165.9294593951,-289318.7934808373,-70152.86402144222,0.1391375060352614
298,w155463308,740.3594694465398,mfh,147385.4815572954,163761.64617477267,184231.85194661922,r2,-243268.213164598,-321135.9817587905,-77867.76859419249,0.1391375060352614
299,w155463310,722.3160033598542,mfh,78437.63363840502,87152.92626489447,98047.04204800627,r2,-129465.82511694926,-170906.56568851636,-41440.740571567105,0.1391375060352614
300,w155463313,774.0583199881017,mfh,118627.44188251636,131808.2687583515,148284.30235314544,r2,-195801.4148620767,-258475.52696475253,-62674.112102675834,0.1391375060352614
301,w155463314,1101.9502923069522,mfh,201931.4964824973,224368.329424997,252414.37060312164,r2,-333299.54763457406,-439985.46319312573,-106685.91555855167,0.1391375060352614
302,w155463317,740.3064833164215,mfh,143289.21159194486,159210.23510216095,179111.51448993105,r2,-236507.0840182156,-312210.6814987338,-75703.59748051822,0.1391375060352614
303,w155463319,828.4481069911271,mfh,145828.4042201316,162031.56024459066,182285.5052751645,r2,-240698.16747509988,-317743.28965600644,-77045.12218090656,0.1391375060352614
304,w155463321,781.2118542082608,mfh,143438.5743173969,159376.19368599655,179298.21789674612,r2,-236753.61578613592,-312536.12566711055,-75782.50988097463,0.1391375060352614
305,w155463324,722.1055689860135,mfh,160134.95033012077,177927.7225890231,200168.68791265096,r2,-264311.9445714622,-348915.60515183595,-84603.66058037372,0.1391375060352614
306,w155463327,780.4636536210775,mfh,144237.2233375608,160263.58148617868,180296.529171951,r2,-238071.83192267854,-314276.28985737596,-76204.45793469742,0.1391375060352614
307,w155463330,867.026127423346,mfh,92798.36038612344,103109.28931791494,115997.9504826543,r2,-153169.03047170752,-202196.934550971,-49027.90407926348,0.1391375060352614
308,w155463331,701.7002469789237,mfh,161247.17579186105,179163.5286576234,201558.9697398263,r2,-266147.73665800196,-351339.01627631794,-85191.27961831598,0.1391375060352614
309,w155463336,356.26551316827533,mfh,82538.53583434132,91709.48426037925,103173.16979292665,r2,-136234.60002630408,-179841.95904526857,-43607.35901896449,0.1391375060352614
310,w155463337,437.0872274041176,trade,59172.9222938284,65747.69143758711,73966.15286728549,nr2,-91274.46536897663,-120496.24247963607,-29221.777110659445,0.1391375060352614
311,w155463339,868.4495440013707,mfh,96284.55889755068,106982.84321950076,120355.69862193835,r2,-158923.2015993589,-209792.95940867043,-50869.75780931153,0.1391375060352614
312,w155463342,722.9579402044416,mfh,125130.04950329757,139033.3883369973,156412.56187912196,r2,-206534.3426925767,-272643.95970471675,-66109.61701214005,0.1391375060352614
313,w155463343,844.8904670208692,mfh,182362.7691744811,202625.29908275677,227953.46146810136,r2,-301000.23785299447,-397347.46120385325,-96347.22335085878,0.1391375060352614
314,w155463347,1083.6851687338203,mfh,195710.88465394767,217456.5385043863,244638.60581743458,r2,-323032.0700761855,-426431.4667913496,-103399.39671516407,0.1391375060352614
315,w155463348,740.608741542697,mfh,144820.76491530155,160911.9610170017,181025.95614412692,r2,-239035.00085508835,-315547.75971644744,-76512.75886135909,0.1391375060352614
316,w155463352,356.4181080274284,mfh,38492.77211566138,42769.74679517931,48115.965144576716,r1,-69019.96342981061,-91112.5766439165,-22092.61321410589,0.15115032676506104
317,w155463353,722.1394314199686,mfh,96023.96050529758,106693.28945033065,120029.95063162198,r2,-158493.06896643512,-209225.1455395111,-50732.07657307599,0.1391375060352614
318,w155463354,696.3946817303076,mfh,187294.1777654443,208104.64196160476,234117.72220680537,r2,-309139.8113281594,-408092.4322999179,-98952.6209717585,0.1391375060352614
319,w155463358,865.4375973489136,mfh,190927.28764734967,212141.4307192774,238659.10955918708,r2,-315136.468121374,-416008.5601059643,-100872.09198459028,0.1391375060352614
320,w155463359,1101.9756921548396,mfh,200634.12279915024,222926.80311016692,250792.65349893778,r2,-331158.15776075586,-437158.63542754477,-106000.47766678891,0.1391375060352614
321,w155463364,740.593882034719,mfh,143564.7779021287,159516.4198912541,179455.97237766086,r2,-236961.92206046006,-312811.1087363796,-75849.18667591954,0.1391375060352614
322,w155463365,603.6562003400177,mfh,105728.02317289257,117475.58130321397,132160.0289661157,r2,-174510.18246119554,-230369.17993746832,-55858.99747627278,0.1391375060352614
323,w155463369,722.4004129424691,mfh,174449.9518470026,193833.2798300029,218062.43980875326,r2,-287939.677803155,-380106.3440050067,-92166.66620185174,0.1391375060352614
324,w155463370,696.1379145577084,mfh,133103.75935795248,147893.06595328054,166379.69919744058,r2,-219695.40936033244,-290017.75470391347,-70322.34534358102,0.1391375060352614
325,w155463373,865.3327697202564,mfh,171854.26793553864,190949.18659504293,214817.83491942327,r2,-283655.35223451705,-374450.64785070514,-90795.29561618809,0.1391375060352614
326,w155463376,746.0008564919234,mfh,156453.43080105938,173837.14533451042,195566.78850132422,r2,-258235.38487167135,-340893.9983026587,-82658.61343098737,0.1391375060352614
327,w155463378,701.7079005709849,mfh,149021.482669433,165579.42518825887,186276.85333679125,r2,-245968.52708344418,-324700.63967321697,-78732.11258977279,0.1391375060352614
328,w155463380,903.4881653226912,mfh,140684.60308128386,156316.22564587096,175855.75385160482,r2,-232208.0278853665,-306535.5396711227,-74327.51178575619,0.1391375060352614
329,w155463382,654.6620004437864,mfh,150368.7714173962,167076.41268599578,187960.96427174524,r2,-248192.30464193024,-327636.22661311197,-79443.92197118173,0.1391375060352614
330,w155463388,654.8312545590103,mfh,81045.45395849762,90050.50439833068,101306.81744812202,r2,-133770.18252597013,-176588.70567879686,-42818.52315282673,0.1391375060352614
331,w155463390,658.415929133445,mfh,127909.41103823822,142121.5678202647,159886.76379779776,r2,-211121.83874170817,-278699.8682362419,-67578.02949453375,0.1391375060352614
332,w155463392,746.3197361536323,mfh,126699.30992433419,140777.01102703798,158374.1374054177,r2,-209124.49726263253,-276063.1973434586,-66938.70008082606,0.1391375060352614
333,w155463395,740.6091377854347,mfh,81203.21252281987,90225.79169202207,101504.01565352484,r2,-134030.57210877427,-176932.44341265765,-42901.87130388338,0.1391375060352614
334,w155463397,721.9107812985777,mfh,108201.45876259069,120223.8430695452,135251.82345323835,r2,-178592.7301444941,-235758.51108475676,-57165.78094026266,0.1391375060352614
335,w155463400,957.7393607803388,mfh,132263.3739372203,146959.30437468924,165329.2174215254,r2,-218308.30489447215,-288186.6517059042,-69878.34681143207,0.1391375060352614
336,w155463402,519.368776667118,mfh,124641.24892632537,138490.27658480595,155801.5611579067,r2,-205727.5492303073,-271578.9195697478,-65851.3703394405,0.1391375060352614
337,w155463405,658.592996231094,mfh,123848.16417723722,137609.07130804137,154810.20522154652,r2,-204418.51724316576,-269850.87928501103,-65432.36204184528,0.1391375060352614
338,w155463406,932.8967588515952,mfh,161116.41015993198,179018.23351103553,201395.51269991498,r2,-265931.9004624242,-351054.0930318699,-85122.1925694457,0.1391375060352614
339,w155463408,740.3845857441426,mfh,81123.65596148898,90137.39551276554,101404.56995186122,r2,-133899.2594291535,-176759.09883245613,-42859.83940330264,0.1391375060352614
340,w155463411,886.3585438661277,mfh,157728.79737860002,175254.21930955557,197160.99672325002,r2,-260340.4507517699,-343672.87512046547,-83332.42436869556,0.1391375060352614
341,w155463413,436.59599217027426,trade,59864.86027475999,66516.51141639998,74831.07534344998,nr2,-92341.78242599827,-121905.26409795652,-29563.481671958245,0.1391375060352614
342,w155463416,722.4005093876273,mfh,103424.16434320562,114915.73815911735,129280.20542900701,r2,-170707.53097232716,-225349.33701069016,-54641.80603836299,0.1391375060352614
343,w155463417,828.3400002270937,mfh,134317.1610003945,149241.2900004383,167896.45125049312,r2,-221698.198551567,-292661.6170680762,-70963.4185165092,0.1391375060352614
344,w155463421,509.4774500131606,mfh,62634.51134401355,69593.90149334838,78293.13918001692,r2,-103381.86296302607,-136473.3831304991,-33091.520167473034,0.1391375060352614
345,w155463422,674.0859733853489,mfh,126316.10423077179,140351.22692307975,157895.13028846472,r2,-208491.99422798873,-275228.2362922245,-66736.24206423576,0.1391375060352614
346,w155463424,701.7858467099256,mfh,151693.48439581433,168548.31599534926,189616.8554947679,r2,-250378.81959449325,-330522.6235524709,-80143.80395797762,0.1391375060352614
347,w155463427,540.3469697440042,mfh,91584.2108942519,101760.23432694655,114480.26361781487,r2,-151165.00691198208,-199551.4427090725,-48386.43579709041,0.1391375060352614
348,w155463430,521.3457492198795,mfh,65819.9805171453,73133.31168571701,82274.97564643163,r2,-108639.66302345756,-143414.15341171817,-34774.490388260616,0.1391375060352614
349,w155463434,634.5610695700626,mfh,121424.36431178215,134915.9603464246,151780.45538972766,r2,-200417.89617718488,-264569.6986615508,-64151.80248436594,0.1391375060352614
350,w155463435,740.6094772338867,mfh,133111.18185755896,147901.3131750655,166388.97732194868,r2,-219707.66062278656,-290033.92747529526,-70326.2668525087,0.1391375060352614
351,w155463436,830.3215000247583,mfh,147370.27277477682,163744.7475275298,184212.84096847102,r2,-243243.1101944234,-321102.84357412095,-77859.73337969754,0.1391375060352614
352,w155463437,634.6341266736388,mfh,122154.47621327543,135727.19579252825,152693.09526659426,r2,-201622.98785792437,-266160.5283674515,-64537.54050952714,0.1391375060352614
353,w155463439,740.3900625675916,mfh,190314.9551668896,211461.06129654398,237893.69395861198,r2,-314125.7781483168,-414674.35818731127,-100548.58003899449,0.1391375060352614
354,w155463441,304.4361848443746,mfh,36817.49098632539,40908.32331813932,46021.863732906735,r1,-66016.07891003667,-87147.17815720609,-21131.09924716942,0.15115032676506104
355,w155463442,681.7836883433163,mfh,140478.59578651958,156087.3286516884,175598.24473314948,r2,-231868.00099827655,-306086.6735131092,-74218.67251483267,0.1391375060352614
356,w155463445,701.5969566701912,mfh,129101.85554045986,143446.50615606652,161377.31942557482,r2,-213090.03696780442,-281298.06740666,-68208.03043885558,0.1391375060352614
357,w155463446,527.3302180506289,mfh,100434.10414036695,111593.44904485217,125542.63017545869,r2,-165772.26465495676,-218834.34035965844,-53062.07570470168,0.1391375060352614
358,w155463447,540.1562461696565,mfh,128549.57621013428,142832.86245570474,160686.97026266783,r2,-212178.46817258478,-280094.7143825004,-67916.24620991561,0.1391375060352614
359,w155463448,488.2503870327026,mfh,106011.60874297086,117790.67638107872,132514.51092871357,r2,-174978.25675306795,-230987.08021840145,-56008.823465333495,0.1391375060352614
360,w155463452,416.2699146196246,mfh,40700.76121869014,45223.06802076682,50875.95152336267,r1,-72979.02687908766,-96338.89746524257,-23359.87058615491,0.15115032676506104
361,w155463453,826.68092449978,mfh,157513.59483929275,175015.10537699194,196891.99354911593,r2,-259985.24658476101,-343203.97358411865,-83218.72699935763,0.1391375060352614
362,w155463454,830.106713430956,mfh,128563.67585865571,142848.52873183967,160704.59482331964,r2,-212201.74045331296,-280125.43589199055,-67923.69543867759,0.1391375060352614
363,w155463458,653.3753796381876,mfh,110066.935375623,122296.59486180333,137583.66921952873,r2,-181671.80657425968,-239823.16967422108,-58151.363099961396,0.1391375060352614
364,w155463459,716.456727950275,mfh,159939.53149426932,177710.59054918814,199924.41436783664,r2,-263989.39454472973,-348489.81002573384,-84500.41548100411,0.1391375060352614
365,w155463463,389.00259175430983,mfh,37000.96483362116,41112.18314846796,46251.206042026446,r1,-66345.05906747066,-87581.46163576825,-21236.40256829759,0.15115032676506104
366,w155463464,681.5525098629297,mfh,147409.13455167686,163787.92727964095,184261.41818959606,r2,-243307.25379206263,-321187.51890812133,-77880.2651160587,0.1391375060352614
367,w155463468,854.9059582386632,mfh,161158.33487353215,179064.81652614684,201447.91859191516,r2,-266001.09961323056,-351145.4421520117,-85144.34253878111,0.1391375060352614
368,w155463469,716.6904537379742,mfh,100679.18201464991,111865.75779405545,125848.97751831239,r2,-166176.77978041585,-219368.33680851906,-53191.55702810321,0.1391375060352614
369,w155463470,608.2978411447257,mfh,64367.74654988399,71519.71838875998,80459.68318735498,r2,-106242.66734532313,-140249.90293132988,-34007.23558600675,0.1391375060352614
370,w155463473,376.1376306014136,mfh,43550.29606288637,48389.217847651526,54437.870078607964,r1,-78088.42222602281,-103083.76014001225,-24995.33791398944,0.15115032676506104
371,w155463474,720.4433401308954,mfh,113607.86032097694,126230.95591219659,142009.82540122117,r2,-187516.30682831857,-247538.43712557023,-60022.13029725166,0.1391375060352614
372,w155463478,851.8925360153429,mfh,87684.85616685112,97427.61796316791,109606.0702085639,r2,-144728.89769005068,-191055.19806286675,-46326.30037281607,0.1391375060352614
373,w155463479,376.5337288361043,mfh,73343.18571827096,81492.42857585663,91678.9821478387,r2,-121057.14585291104,-159806.35068046424,-38749.2048275532,0.1391375060352614
374,w155463480,664.0854127705097,mfh,73172.86575571459,81303.18417301621,91466.08219464324,r2,-120776.02295993977,-159435.24310724373,-38659.22014730396,0.1391375060352614
375,w155463484,531.1159037780716,mfh,68085.21955592721,75650.24395103024,85106.52444490901,r2,-112378.57032648756,-148349.84826409593,-35971.27793760836,0.1391375060352614
376,w155463485,716.6882258921862,mfh,156635.6177374834,174039.57526387044,195794.52217185425,r2,-258536.09488745788,-341290.9626445597,-82754.8677571018,0.1391375060352614
377,w155463490,790.5601109853014,mfh,123664.69792456762,137405.21991618624,154580.87240570952,r2,-204115.69564234483,-269451.12746042066,-65335.43181807583,0.1391375060352614
378,w155463491,681.5525530032813,mfh,145223.38843852136,161359.32048724595,181529.2355481517,r2,-239699.5541342636,-316425.0299810775,-76725.47584681388,0.1391375060352614
379,w155463494,531.001435648324,mfh,121396.79106492685,134885.32340547428,151745.98883115855,r2,-200372.384947566,-264509.61973379215,-64137.23478622615,0.1391375060352614
380,w155463495,716.4590312853455,mfh,194715.2919888105,216350.32443201166,243394.1149860131,r2,-321388.787127766,-424262.1850916023,-102873.39796383632,0.1391375060352614
381,w155463496,611.941689690575,mfh,117319.52164410007,130355.02404900007,146649.40205512507,r2,-193642.6172926047,-255625.71947090706,-61983.10217830236,0.1391375060352614
382,w155463500,1108.025532820262,mfh,189211.96397521914,210235.51552802126,236514.9549690239,r2,-312305.22775557236,-412271.0674732887,-99965.83971771633,0.1391375060352614
383,w155463502,540.1563036605716,mfh,128339.86474938868,142599.84972154297,160424.83093673585,r2,-211832.32734652323,-279637.7772736276,-67805.44992710435,0.1391375060352614
384,w155463507,1267.198863344267,mfh,243694.52630388393,270771.69589320436,304618.1578798549,r2,-402231.8300659277,-530982.293011122,-128750.46294519433,0.1391375060352614
385,w155463508,530.6506136165466,mfh,129287.7332827833,143653.03698087033,161609.66660347913,r2,-213396.83887097903,-281703.0735893411,-68306.23471836204,0.1391375060352614
386,w155463511,1747.3368958860635,mfh,363833.3623965188,404259.2915516876,454791.7029956485,r2,-600527.887989166,-792750.9738086847,-192223.08581951878,0.1391375060352614
387,w155463513,612.2091895099729,mfh,81863.33408033723,90959.26008926358,102329.16760042153,r2,-135120.14070177203,-178370.77222370182,-43250.63152192978,0.1391375060352614
388,w155463514,830.106801855378,mfh,139422.1532182098,154913.50357578867,174277.69152276224,r2,-230124.28178531036,-303784.8068858047,-73660.52510049433,0.1391375060352614
389,w155463518,691.345141955465,mfh,147043.30734450815,163381.45260500905,183804.13418063518,r2,-242703.4349486148,-320390.4235762956,-77686.98862768081,0.1391375060352614
390,w155463519,507.32179623667616,mfh,120511.05663182377,133901.17403535973,150638.8207897797,r2,-198910.42932885347,-262579.70646318584,-63669.27713433237,0.1391375060352614
391,w155463522,1139.1653657640795,mfh,129564.6746402093,143960.74960023255,161955.84330026162,r2,-213853.946507773,-282306.49689648714,-68452.55038871412,0.1391375060352614
392,w155463523,446.09937440417707,mfh,52022.345619720814,57802.60624413424,65027.93202465102,r2,-85865.8731499338,-113350.69680855697,-27484.823658623165,0.1391375060352614
393,w155463528,681.6119319483638,mfh,145299.12111785548,161443.46790872831,181623.90139731934,r2,-239824.5552767446,-316590.0427630164,-76765.48748627183,0.1391375060352614
394,w155463529,691.3949336603283,mfh,83645.16797269836,92939.0755252204,104556.45996587294,r2,-138061.16001093853,-182253.18296259156,-44192.02295165302,0.1391375060352614
395,w155463531,507.3216828555101,mfh,113942.75365584018,126603.0596176002,142428.44206980022,r2,-188069.06753657904,-248268.1311140109,-60199.063577431865,0.1391375060352614
396,w155463534,640.8467616457492,mfh,122260.31843807886,135844.79826453206,152825.39804759857,r2,-201797.68653674424,-266391.146379583,-64593.459842838754,0.1391375060352614
397,w155463535,684.7868416263722,mfh,116742.79895402241,129714.2210600249,145928.498692528,r2,-192690.70332642394,-254369.10718234416,-61678.403855920216,0.1391375060352614
398,w155463536,691.6131192699074,mfh,136389.13351476841,151543.481683076,170486.4168934605,r2,-225118.10834167723,-297176.2064329862,-72058.09809130896,0.1391375060352614
399,w155463537,507.3215693686623,mfh,116962.91242618492,129958.79158464991,146203.64053273114,r2,-193054.01327052867,-254848.7090755182,-61794.69580498955,0.1391375060352614
400,w155463538,643.413233704865,mfh,67471.69315381986,74968.54794868872,84339.61644227481,r2,-111365.90971709137,-147013.0449277436,-35647.13521065224,0.1391375060352614
401,w155463539,710.019569536671,mfh,142524.36317914963,158360.40353238847,178155.45397393702,r2,-235244.6577279426,-310544.1649372355,-75299.50720929287,0.1391375060352614
402,w155463540,840.6794232809916,mfh,134223.12657489546,149136.8073054394,167778.90821861933,r2,-221542.98932454275,-292456.72689007036,-70913.73756552761,0.1391375060352614
403,w155463541,696.2558067506179,mfh,141763.63774080755,157515.15304534172,177204.54717600942,r2,-233989.03664410883,-308886.63186199905,-74897.59521789022,0.1391375060352614
404,w155463542,640.557884996757,mfh,65685.4859572708,72983.87328585643,82106.85744658849,r2,-108417.67201786238,-143121.10526294424,-34703.43324508186,0.1391375060352614
405,w155463543,587.0278481058776,mfh,137426.15151832922,152695.72390925468,171782.6893979115,r2,-226829.7661934561,-299435.7491719064,-72605.98297845028,0.1391375060352614
406,w155463544,825.5248426020145,mfh,98226.61890138821,109140.68766820912,122783.27362673526,r2,-162128.6833198113,-214024.4843823457,-51895.80106253439,0.1391375060352614
407,w155463545,709.4769112125038,mfh,121865.120671904,135405.68963544889,152331.40083988,r2,-201145.38989661267,-265530.055983918,-64384.66608730535,0.1391375060352614
408,w155463546,647.0489746004342,mfh,129916.9711354388,144352.19015048756,162396.2139192985,r2,-214435.43213304013,-283074.11036607926,-68638.67823303913,0.1391375060352614
409,w155463547,586.4484846569597,mfh,65038.9578364076,72265.50870711956,81298.6972955095,r2,-107350.54017379462,-141712.39498405994,-34361.854810265315,0.1391375060352614
410,w155463548,500.40091222245246,mfh,58521.66054916764,65024.06727685293,73152.07568645955,r2,-96593.3662040301,-127511.95515350525,-30918.588949475146,0.1391375060352614
411,w155463549,672.5395986035466,mfh,150879.72380106986,167644.1375567443,188599.6547513373,r2,-249035.66093506798,-328749.53298243205,-79713.87204736407,0.1391375060352614
412,w155463551,586.1050742082298,mfh,118233.46909210505,131370.52121345006,147791.8363651313,r2,-195151.14011488887,-257617.10565012804,-62465.96553523917,0.1391375060352614
413,w155463552,667.035758360289,mfh,140953.13018079853,156614.58908977613,176191.41272599815,r2,-232651.2473055901,-307120.62927981635,-74469.38197422624,0.1391375060352614
414,w155463553,817.6307530952618,mfh,145465.79989078068,161628.66654531186,181832.24986347582,r2,-240099.66817683182,-316953.2166035882,-76853.54842675637,0.1391375060352614
415,w155463556,732.9133296664804,mfh,111950.57145246182,124389.52383606869,139938.21431557726,r2,-184780.85624335357,-243927.39564288786,-59146.53939953429,0.1391375060352614
416,w155463558,710.1379440590739,mfh,170426.45641544508,189362.72935049454,213033.07051930635,r2,-281298.6672099209,-371339.61106860865,-90040.94385868777,0.1391375060352614
417,w155463561,654.0662793286144,mfh,66767.48224207119,74186.09138007909,83459.35280258898,r2,-110203.56910944126,-145478.65049404395,-35275.08138460269,0.1391375060352614
418,w155463562,586.3292756803334,mfh,121242.91613734883,134714.35126372092,151553.64517168602,r2,-200118.40553054877,-264174.3439969034,-64055.93846635462,0.1391375060352614
419,w155463566,653.8032613813876,mfh,132855.68745823152,147617.43050914613,166069.6093227894,r2,-219285.95242370735,-289477.2346186113,-70191.28219490394,0.1391375060352614
420,w155463567,133.41999841853976,sfh,64165.75550151626,71295.28389057361,80207.19437689532,r2,-105909.26950387728,-139809.78771144073,-33900.51820756345,0.1391375060352614
421,w155463569,886.7166110530495,mfh,185351.85354723278,205946.50394136974,231689.81693404095,r2,-305933.8935066882,-403860.331633566,-97926.43812687782,0.1391375060352614
422,w155463572,311.3570919752121,mfh,35890.06917924034,39877.854643600374,44862.58647405042,r1,-64353.15323098496,-84951.96628144472,-20598.813050459765,0.15115032676506104
423,w155463574,863.4385226266459,mfh,143979.5524771122,159977.28053012467,179974.44059639025,r2,-237646.53134935477,-313714.85474269255,-76068.32339333778,0.1391375060352614
424,w155463577,931.9227139726281,mfh,104741.59050899002,116379.54500998891,130926.98813623752,r2,-172882.01862158775,-228219.8568249463,-55337.83820335855,0.1391375060352614
425,w155463578,931.2066993936896,mfh,190645.967927451,211828.85325272335,238307.45990931377,r2,-314672.1337455277,-415395.59685148904,-100723.46310596133,0.1391375060352614
426,w155463581,136.57608463019133,sfh,46033.7954308567,51148.661589840776,57542.24428857087,r1,-82541.49292304151,-108962.2150829144,-26420.72215987288,0.15115032676506104
427,w155463583,949.1963916398585,mfh,203597.78521864722,226219.76135405246,254497.23152330902,r2,-336049.8530186353,-443616.11435037083,-107566.26133173553,0.1391375060352614
428,w155463586,949.1754787907004,mfh,101711.11223859426,113012.34693177139,127138.89029824281,r2,-167880.03995934935,-221616.79386189656,-53736.75390254721,0.1391375060352614
429,w155463589,722.9646147996187,mfh,79863.38270239974,88737.09189155528,99829.22837799968,r2,-131819.10593914654,-174013.1086164209,-42194.00267727437,0.1391375060352614
430,w155463591,591.1442194825038,mfh,190912.6672966541,212125.18588517123,238640.83412081763,r2,-315112.33639176283,-415976.7040464348,-100864.36765467195,0.1391375060352614
431,w155463593,535.6290349200369,mfh,124635.87387943457,138484.30431048284,155794.8423492932,r2,-205718.6774063055,-271567.20796191477,-65848.53055560926,0.1391375060352614
432,w155463596,724.8313003255054,mfh,124750.0851810797,138611.20575675523,155937.6064763496,r2,-205907.18972774208,-271816.06122815394,-65908.87150041186,0.1391375060352614
433,w155463597,752.1160736689344,mfh,96345.81377389302,107050.90419321446,120432.26721736627,r2,-159024.30629541152,-209926.42672610132,-50902.1204306898,0.1391375060352614
434,w155463600,535.4490051213652,mfh,64489.169061256325,71654.6322902848,80611.4613265704,r2,-106443.08218311722,-140514.4685926499,-34071.386409532686,0.1391375060352614
435,w155463601,907.8308945208788,mfh,178349.14469125378,198165.7163236153,222936.43086406722,r2,-294375.5198276385,-388602.23592648254,-94226.71609884402,0.1391375060352614
436,w155463605,389.4215188790113,mfh,42998.73447932191,47776.37164369101,53748.41809915238,r1,-77099.43758723089,-101778.21122019542,-24678.773632964527,0.15115032676506104
437,w155463606,690.2915003947913,mfh,150889.27825945674,167654.75362161858,188611.59782432092,r2,-249051.43111809395,-328770.35104634054,-79718.91992824659,0.1391375060352614
438,w155463610,725.1058211326599,mfh,121676.56395498163,135196.1821722018,152095.70494372703,r2,-200834.16619179983,-265119.2126242717,-64285.04643247186,0.1391375060352614
439,w155463611,1002.8680375270545,mfh,112403.2420384642,124892.49115384911,140504.05254808025,r2,-185528.01507776132,-244913.71269062697,-59385.69761286565,0.1391375060352614
440,w155463612,535.6290688522159,mfh,63516.22491576578,70573.58323973975,79395.28114470722,r2,-104837.18191884708,-138394.53540752735,-33557.353488680266,0.1391375060352614
441,w155463616,543.6235096465331,mfh,122018.55650405756,135576.1738933973,152523.19563007195,r2,-201398.64456138044,-265864.37498247187,-64465.73042109143,0.1391375060352614
442,w155463618,752.1486698825844,mfh,105934.48935557003,117704.98817285558,132418.1116944625,r2,-174850.9667691759,-230819.0459593691,-55968.07919019321,0.1391375060352614
443,w155463621,238.18491610530762,mfh,34948.383067365656,38831.5367415174,43685.47883420707,r1,-62664.65075554212,-82722.99072767353,-20058.339972131413,0.15115032676506104
444,w155463623,73.76475410088896,mfh,22421.042859551795,24912.269843946437,28026.303574439742,r1,-40202.34119731941,-53070.71623314677,-12868.375035827361,0.15115032676506104
445,w155463625,52.41574023310095,sfh,20553.391514291106,22837.10168254567,25691.73939286388,r1,-36853.524771155026,-48649.97652056205,-11796.451749407024,0.15115032676506104
446,w155463626,98.3909645654261,mfh,25128.444148181297,27920.49349797922,31410.55518522662,r1,-45056.88213216161,-59479.14809861196,-14422.265966450344,0.15115032676506104
447,w155463629,643.7923131911084,mfh,111830.1906569181,124255.76739657567,139787.73832114763,r2,-184582.1608174417,-243665.0997603263,-59082.93894288459,0.1391375060352614
448,w155463631,546.7249739198014,mfh,62732.02766693095,69702.25296325661,78415.03458366368,r2,-103542.81926197656,-136685.85996177653,-33143.04069979997,0.1391375060352614
449,w155463632,612.4270064728335,mfh,67447.16411095476,74941.2934566164,84308.95513869345,r2,-111325.42312122468,-146959.5989697099,-35634.17584848523,0.1391375060352614
450,w155463633,683.6260891854763,mfh,139780.5863489692,155311.76260996578,174725.73293621148,r2,-230715.89628042554,-304565.7913771201,-73849.89509669458,0.1391375060352614
451,w155463638,279.5906790524721,ab,74333.61459427596,82592.90510475107,92917.01824284495,r2,-122691.90567040838,-161964.3810786923,-39272.47540828392,0.1391375060352614
452,w155463639,282.758548167441,other,56433.00137139599,62703.33485710666,70541.25171424498,nr2,-87048.12656984697,-114916.82941287801,-27868.702843031046,0.1391375060352614
453,w155463640,56.80619836300611,sfh,27046.591334301986,30051.768149224426,33808.23916787748,r1,-48496.24077957841,-64019.411709260734,-15523.170929682325,0.15115032676506104
454,w155463643,240.41873629689215,ab,75037.37822127706,83374.86469030785,93796.72277659632,r2,-123853.50800886014,-163497.8009304656,-39644.29292160546,0.1391375060352614
455,w155463644,98.43792371228336,mfh,22355.05352604927,24838.948362276966,27943.816907561584,r1,-40084.01816848126,-52914.519163516045,-12830.500995034781,0.15115032676506104
456,w155463645,98.39091195091605,mfh,20653.13311022937,22947.925678032632,25816.41638778671,r1,-37032.36773116333,-48886.06535763528,-11853.697626471949,0.15115032676506104
457,w155463647,97.66299930792302,mfh,20488.666846367254,22765.185384852502,25610.833557959068,r1,-36737.46936730706,-48496.77292043566,-11759.3035531286,0.15115032676506104
458,w155463653,376.11661268314344,mfh,49110.00769747382,54566.67521941535,61387.50962184227,r1,-88057.33515716997,-116243.62430625975,-28186.289149089775,0.15115032676506104
459,w155463654,482.5493668295443,mfh,128100.40169958616,142333.77966620683,160125.50212448268,r2,-211437.0798117668,-279116.0148803392,-67678.9350685724,0.1391375060352614
460,w155463656,73.78574474137277,mfh,31212.558598147167,34680.62066460796,39015.698247683955,r1,-55966.08232116472,-73880.27624981968,-17914.19392865496,0.15115032676506104
461,w155463657,470.15250823192764,mfh,81792.30738490765,90880.34153878628,102240.38423113455,r2,-135002.90705635745,-178216.01323844184,-43213.10618208439,0.1391375060352614
462,w155463660,49.947176152281465,mfh,13905.87916358521,15450.97684842801,17382.348954481513,r1,-24934.116681596806,-32915.28282988224,-7981.166148285436,0.15115032676506104
463,w155463661,78.16354378722608,sfh,28288.13498176796,31431.261090853288,35360.168727209944,r1,-50722.40669163935,-66958.1514912804,-16235.744799641048,0.15115032676506104
464,w155463663,104.99722011834383,sfh,34819.968665618944,38688.85407290994,43524.96083202368,r1,-62434.395649835846,-82419.03322141303,-19984.637571577186,0.15115032676506104
465,w155463665,467.86907609552145,trade,91176.58615386307,101307.31794873675,113970.73269232883,nr2,-140640.24274546036,-185666.61249392395,-45026.36974846359,0.1391375060352614
466,w155463667,587.3173447391018,mfh,146194.04394705163,162437.82660783513,182742.55493381454,r2,-241301.67687161564,-318539.9764899726,-77238.29961835698,0.1391375060352614
467,w155463669,557.4523567564785,mfh,140665.8284842114,156295.3649824571,175832.28560526425,r2,-232177.0393332076,-306494.63198741263,-74317.59265420504,0.1391375060352614
468,w155463671,449.48969881236553,mfh,64400.332306606986,71555.92478511887,80500.41538325873,r2,-106296.45201073834,-140320.90354052166,-34024.45152978331,0.1391375060352614
469,w155576276,58.73152135126293,other,29597.66649141012,32886.2961015668,36997.08311426265,nr1,-49594.24686346771,-65471.98465088458,-15877.737787416867,0.1511442958961723
470,w159548666,1258.4072781499474,other,172565.87823967956,191739.86471075506,215707.34779959943,nr2,-266183.54589692876,-351402.9576708686,-85219.41177393985,0.1391375060352614
471,w159548667,15669.025621107221,trade,1971364.4926983076,2190404.9918870083,2464205.615872884,nr2,-3040837.4834850547,-4014370.166617494,-973532.6831324394,0.1391375060352614
472,w159548669,2256.2803165019486,trade,261494.21083095495,290549.1231455055,326867.76353869366,nr2,-403355.84867957793,-532491.3594574006,-129135.5107778227,0.1391375060352614
473,w159548670,188.14899220019578,mfh,54902.009333985516,61002.23259331724,68627.51166748189,r2,-90618.92371422412,-119625.15223146824,-29006.22851724412,0.1391375060352614
474,w159548671,318.3455893772654,other,44276.71471391971,49196.34968213301,55345.89339239964,nr1,-74190.65690407573,-97943.00462783666,-23752.347723760933,0.1511442958961723
475,w159548672,170.00981159284711,ab,55824.92384522273,62027.693161358584,69781.1548065284,r2,-92142.24719005152,-121636.07660823855,-29493.82941818703,0.1391375060352614
476,w159548674,118.95309109317604,trade,33383.24480259189,37092.494225102106,41729.056003239864,nr1,-55937.41264446689,-73845.93281860066,-17908.520174133773,0.1511442958961723
477,w159548675,865.047436706489,mfh,193209.26924096223,214676.96582329136,241511.58655120278,r2,-318903.00997398404,-420980.7350561501,-102077.72508216609,0.1391375060352614
478,w159548677,106.67055884185247,other,25288.07003564535,28097.855595161498,31610.087544556685,nr1,-42373.029252574204,-55938.873887398346,-13565.844634824141,0.1511442958961723
479,w159872586,633.9711885744706,mfh,112918.80769710969,125465.34188567742,141148.50962138711,r2,-186378.9858465406,-246037.07085454406,-59658.08500800346,0.1391375060352614
480,w159872589,1091.462102752924,mfh,200048.88086819276,222276.53429799195,250061.10108524095,r2,-330192.1822975779,-435883.46069473797,-105691.27839716006,0.1391375060352614
481,w159872591,2692.1037788091226,mfh,426142.4340857789,473491.5934286432,532678.0426072236,r2,-703372.5940866156,-928515.261430398,-225142.66734378238,0.1391375060352614
482,w159872593,436.90541737405584,mfh,73718.42960653547,81909.36622948386,92148.03700816934,r2,-121676.50747004262,-160623.9638753566,-38947.45640531398,0.1391375060352614
483,w159872596,218.88012801047884,mfh,53396.64036048387,59329.60040053763,66745.80045060483,r2,-88134.2256525985,-116345.12669498591,-28210.901042387413,0.1391375060352614
484,w159872599,487.8712977081537,mfh,88953.80797896282,98837.56442106981,111192.25997370352,r2,-146823.37563090803,-193820.097845948,-46996.722215039976,0.1391375060352614
485,w159872601,629.8896718598901,mfh,127483.5024611991,141648.336067999,159354.37807649886,r2,-210418.8521421257,-277771.8625223699,-67353.0103802442,0.1391375060352614
486,w159872603,453.131132603623,mfh,65570.2207830621,72855.800870069,81962.77597882763,r2,-108227.42021915349,-142869.955729822,-34642.5355106685,0.1391375060352614
487,w159872608,317.054659525305,mfh,90295.55495996469,100328.39439996076,112869.44369995585,r2,-149038.0061843281,-196743.60991418667,-47705.60372985859,0.1391375060352614
488,w159872611,474.9952949794941,mfh,106389.89735925275,118210.99706583639,132987.37169906593,r2,-175602.64386888864,-231811.32752481362,-56208.68365592498,0.1391375060352614
489,w159872613,461.6615135567263,mfh,117487.30554018391,130541.45060020433,146859.13192522989,r2,-193919.55426201876,-255991.30124750323,-62071.74698548447,0.1391375060352614
490,w159872615,129.00588214695452,mfh,35300.25422503271,39222.50469448079,44125.31778129088,r1,-63295.57789067313,-83555.87144942024,-20260.293558747115,0.15115032676506104
491,w159872617,185.93316667452453,mfh,49655.938212222434,55173.26468024715,62069.92276527804,r1,-89036.22293511302,-117535.84445911927,-28499.621524006245,0.15115032676506104
492,w159872620,129.2747205838561,mfh,42371.2083776176,47079.12041957511,52964.010472022,r1,-75974.24378563245,-100292.85392075765,-24318.6101351252,0.15115032676506104
493,w159872622,447.3657494872576,mfh,68473.34354301219,76081.4928255691,85591.67942876523,r2,-113019.19128743192,-149195.52571020325,-36176.334422771324,0.1391375060352614
494,w159872625,238.36158968657256,mfh,48722.326522949574,54135.91835883286,60902.90815368696,r1,-87362.19840766053,-115325.98110246273,-27963.782694802198,0.15115032676506104
495,w159872628,167.04002443812786,mfh,26306.856925514938,29229.84102834993,32883.57115689367,r1,-47169.85042014047,-62268.4568075396,-15098.60638739913,0.15115032676506104
496,w159872630,195.52493976540862,mfh,34338.764195132855,38154.18243903651,42923.45524391607,r1,-61571.56574360267,-81280.01992648018,-19708.45418287751,0.15115032676506104
497,w159872632,133.65780365467072,th,16477.88462317202,18308.760692413354,20597.355778965022,r1,-29545.884372127155,-39003.23211711555,-9457.347744988394,0.15115032676506104
498,w159872635,49.369007284846155,th,22380.32681980364,24867.02979978182,27975.408524754548,r1,-40129.33477507525,-52974.34117132883,-12845.006396253579,0.15115032676506104
499,w159872640,133.91130499513818,mfh,39635.3061200242,44039.229022249114,49544.132650030246,r1,-71068.59881937128,-93816.96012474236,-22748.361305371072,0.15115032676506104
500,w159872643,87.82295271442271,other,35046.307894264784,38940.34210473865,43807.88486783098,nr1,-58724.06346174953,-77524.73774205841,-18800.67428030888,0.1511442958961723
501,w159872648,133.79360626488923,mfh,37854.23601442721,42060.26223825246,47317.79501803401,r1,-67875.02800600245,-89601.15862266325,-21726.130616660797,0.15115032676506104
502,w159872651,467.48304517045614,other,134999.97203711804,149999.96893013114,168749.96504639756,nr2,-208237.98783045576,-274905.96601860353,-66667.97818814777,0.1391375060352614
503,w159872654,134.11286987382917,mfh,36431.14482459692,40479.049805107694,45538.93103074615,r1,-65323.335922505845,-86232.69493511447,-20909.359012608627,0.15115032676506104
504,w159872660,131.42538360562176,mfh,32677.13716339124,36307.93018154582,40846.42145423905,r1,-58592.16388030767,-77346.94075441494,-18754.776874107272,0.15115032676506104
505,w159872663,509.8066861014813,other,40789.69983623175,45321.88870692417,50987.12479528969,nr1,-68347.76801583076,-90229.49840883623,-21881.730393005462,0.1511442958961723
506,w159872669,96.41428965386004,other,28697.887838121846,31886.542042357607,35872.3597976523,nr1,-48086.56568641925,-63481.61509947484,-15395.049413055589,0.1511442958961723
507,w159872671,385.8471666022902,mfh,88774.61527216679,98638.46141351866,110968.26909020849,r2,-146527.6077633148,-193429.65758539498,-46902.04982208018,0.1391375060352614
508,w159872676,450.3884779855609,trade,76847.61831763922,85386.24257515468,96059.52289704903,nr2,-118537.75350137243,-156487.9490792118,-37950.195577839375,0.1391375060352614
509,w159872680,74.82275880910456,trade,25219.515671661942,28021.684079624378,31524.394589577427,nr1,-42258.15864100257,-55787.227126064136,-13529.068485061565,0.1511442958961723
510,w159872682,128.20031198486686,mfh,40209.65990071562,44677.39988968402,50262.07487589452,r1,-72098.45130232525,-95176.45828472752,-23078.006982402265,0.15115032676506104
511,w159872688,74.73616111706941,trade,23790.325404164127,26433.694893515694,29737.906755205157,nr1,-39863.38826402969,-52625.764269390376,-12762.37600536069,0.1511442958961723
512,w159872690,271.2794532585889,mfh,86576.21769277228,96195.79743641363,108220.27211596534,r2,-142899.02613292684,-188639.60257118678,-45740.576438259945,0.1391375060352614
513,w159872699,406.91918786983007,mfh,88840.55859697518,98711.73177441687,111050.69824621898,r2,-146636.45101318427,-193573.3404918049,-46936.88947862064,0.1391375060352614
514,w159872700,406.7131608505966,mfh,63430.90905740524,70478.78784156138,79288.63632175654,r2,-104696.36318827284,-138208.64198271566,-33512.27879444283,0.1391375060352614
515,w159872708,435.5580747295171,mfh,82901.00870076058,92112.23188973397,103626.26087595071,r2,-136832.88233744327,-180631.74565510653,-43798.86331766326,0.1391375060352614
516,w159872710,142.59727319749075,mfh,21777.975412659216,24197.75045851024,27222.46926582402,r1,-39049.28078550852,-51548.57249493653,-12499.291709428013,0.15115032676506104
517,w159872717,364.7500545413,mfh,92648.7452669225,102943.05029658055,115810.93158365312,r2,-152922.08211338992,-201870.94044569763,-48948.85833230772,0.1391375060352614
518,w159872718,186.0198295045644,mfh,63209.79611897486,70233.10679886096,79012.24514871858,r2,-104331.40356761562,-137726.86236770792,-33395.458800092296,0.1391375060352614
519,w159872719,169.79583046399057,mfh,62964.44540983133,69960.49489981259,78705.55676228915,r2,-103926.438112529,-137192.27144312355,-33265.833330594556,0.1391375060352614
520,w159872726,172.48843573874328,mfh,41050.78247638799,45611.98052931999,51313.478095484985,r1,-73606.63702712717,-97167.39946486913,-23560.762437741956,0.15115032676506104
521,w159872727,172.59632431017235,mfh,21043.444879268325,23381.60542140925,26304.306099085406,r1,-37732.22130222721,-49809.935191294666,-12077.713889067454,0.15115032676506104
522,w159872732,140.4957689295523,mfh,47225.41326906549,52472.681410072764,59031.766586331854,r1,-84678.13871639597,-111782.78023441414,-27104.641518018165,0.15115032676506104
523,w159872736,118.37831126665697,mfh,36274.088174880875,40304.54241653431,45342.61021860109,r1,-65041.723463230664,-85860.94109021882,-20819.21762698816,0.15115032676506104
524,w159872737,187.97203346798193,mfh,61556.52722070218,68396.14135633575,76945.65902587771,r2,-101602.58817471648,-134124.579936981,-32521.991762264515,0.1391375060352614
525,w159872743,753.6066189933568,other,113283.89066886077,125870.98963206752,141604.86333607594,nr2,-174740.84690923398,-230684.6211057472,-55943.77419651323,0.1391375060352614
526,w159872746,394.377677144669,mfh,44537.18740147157,49485.76377941285,55671.484251839465,r1,-79857.98051851674,-105419.73668272211,-25561.756164205377,0.15115032676506104
527,w159872748,575.8923149108887,trade,55207.313642999135,61341.45960333237,69009.14205374892,nr2,-85157.49842808953,-112420.91134765469,-27263.412919565162,0.1391375060352614
528,w159872750,127.08080641776323,mfh,24037.222862000235,26708.025402222484,30046.528577500292,r1,-43100.25367631174,-56896.22206839775,-13795.968392086012,0.15115032676506104
529,w159872753,434.5401292324066,other,88884.54137689188,98760.60152987986,111105.67672111484,nr2,-137104.75466222907,-180999.22794514848,-43894.47328291941,0.1391375060352614
530,w159872756,252.43327465518377,mfh,78579.29604288908,87310.32893654342,98224.12005361135,r2,-129699.64706228138,-171215.23174477654,-41515.58468249516,0.1391375060352614
531,w159872759,386.07803563163617,mfh,89723.47994521554,99692.75549468394,112154.34993151942,r2,-148093.76347355582,-195497.1243746342,-47403.360901078384,0.1391375060352614
532,w159872763,1345.7076428122818,trade,221339.4897592335,245932.76639914833,276674.3621990418,nr2,-341417.03349545744,-450722.6581765289,-109305.62468107144,0.1391375060352614
533,w159872767,486.0339612279087,mfh,83343.79298090824,92604.21442323137,104179.7412261353,r2,-137563.72325549545,-181596.521581542,-44032.798326046555,0.1391375060352614
534,w159872769,563.4171857964247,other,124167.66940780358,137964.07711978175,155209.58675975446,nr2,-191529.1184206251,-252847.7050161584,-61318.5865955333,0.1391375060352614
535,w159872774,2747.8572637828997,other,413797.37386652373,459774.85985169304,517246.71733315464,nr2,-638284.0766796593,-842632.5211938644,-204348.4445142051,0.1391375060352614
536,w159872776,80.53474041707815,sfh,36321.68634447571,40357.42927163968,45402.10793059463,r1,-65127.06997750328,-85973.60618646829,-20846.536208965008,0.15115032676506104
537,w159872779,530.1892838459462,trade,114419.59653572936,127132.8850396993,143024.4956696617,nr2,-176492.67767567988,-232997.30542510888,-56504.627749429,0.1391375060352614
538,w159872782,386.9254036822822,mfh,61146.105877939306,67940.11764215479,76432.63234742412,r2,-100925.16414594791,-133230.3191220738,-32305.15497612588,0.1391375060352614
539,w159872787,649.6997715241275,sfh,178209.46733573131,198010.51926192368,222761.83416966413,r2,-294144.9743197738,-388297.8950631815,-94152.92074340774,0.1391375060352614
540,w159872789,103.62989482581615,mfh,33686.438755273215,37429.37639474802,42108.04844409152,r1,-60401.90516763369,-79735.962474411,-19334.057306777315,0.15115032676506104
541,w159872791,7102.280937734339,other,1048520.3896910504,1165022.6552122782,1310650.487113813,nr2,-1617346.8249936893,-2135144.9653557595,-517798.1403620702,0.1391375060352614
542,w159872796,295.65545302389654,other,52305.65320515192,58117.392450168794,65382.06650643989,nr2,-80681.67579030106,-106512.14148876147,-25830.465698460408,0.1391375060352614
543,w159872797,3172.659030787088,other,449508.16779551905,499453.5197727989,561885.2097443988,nr2,-693368.1167678857,-915351.8718293043,-221983.75506141852,0.1391375060352614
544,w159872802,393.79842739673325,mfh,75178.90920692091,83532.12134102323,93973.63650865114,r2,-124087.11303983882,-163806.18064021572,-39719.067600376904,0.1391375060352614
545,w159872803,469.9664310747758,mfh,46940.21759095484,52155.79732328315,58675.271988693545,r1,-84166.76491316894,-111107.72069330621,-26940.955780137272,0.15115032676506104
546,w159872804,664.4021281981841,mfh,71285.2107419375,79205.78971326388,89106.51342742186,r2,-117660.33980430795,-155322.26033807217,-37661.92053376422,0.1391375060352614
547,w159872808,295.65545226749964,other,56786.49320607678,63096.10356230754,70983.11650759597,nr2,-87593.38911514725,-115636.65929747901,-28043.270182331762,0.1391375060352614
548,w159872809,678.8678823016584,other,119204.66751548543,132449.63057276158,149005.8343943568,nr2,-183873.66848193237,-242741.34122235887,-58867.6727404265,0.1391375060352614
549,w159872812,337.05531151816245,mfh,86157.86629660908,95730.96255178786,107697.33287076134,r2,-142208.51309497902,-187728.06308366405,-45519.54998868503,0.1391375060352614
550,w159872814,765.4437305399682,mfh,145484.1491333942,161649.05459266022,181855.18641674274,r2,-240129.95465699496,-316993.1974889438,-76863.24283194885,0.1391375060352614
551,w159872815,1229.117813373683,mfh,337276.36098132026,374751.51220146695,421595.45122665033,r2,-556694.0299115399,-734886.3277667066,-178192.29785516672,0.1391375060352614
552,w159872820,336.8380303993821,mfh,84037.26817074124,93374.74241193471,105046.58521342654,r2,-138708.34393673312,-183107.5241142156,-44399.180177482485,0.1391375060352614
553,w159872826,1791.1392054180615,th,335754.3027910823,373060.33643453586,419692.8784888529,r2,-554181.7853379265,-731569.9383499778,-177388.15301205136,0.1391375060352614
554,w159872827,157.03123329076917,th,53422.40493792502,59358.22770880558,66778.00617240627,r2,-88176.7515693362,-116401.26474049583,-28224.513171159633,0.1391375060352614
555,w159872832,35.670331929810345,sfh,5188.715632226509,5765.239591362788,6485.894540283136,r1,-9303.69374561755,-12281.714845171591,-2978.021099554042,0.15115032676506104
556,w159872833,162.84196072258055,mfh,61277.51128247401,68086.12364719335,76596.88910309252,r2,-101142.0563230034,-133516.6363573115,-32374.580034308106,0.1391375060352614
557,w159872834,33.79703346360475,sfh,9511.544663891347,10568.382959879274,11889.430829864183,r1,-17054.798310971466,-22513.871944240596,-5459.07363326913,0.15115032676506104
558,w159872835,42.916394099872555,th,15722.28965503435,17469.210727815946,19652.862068792936,r1,-28191.055031389908,-37214.73519516509,-9023.680163775185,0.15115032676506104
559,w159872839,58.88304680213332,other,22228.099409219543,24697.888232466157,27785.124261524426,nr1,-37245.701438201926,-49170.01763504307,-11924.316196841144,0.1511442958961723
560,w159872840,318.65718863122163,other,93068.10267465717,103409.0029718413,116335.12834332146,nr2,-143557.91441823618,-189518.384968707,-45960.47055047081,0.1391375060352614
561,w159872842,48.8293092939537,other,9355.834850403775,10395.372056004195,11694.793563004718,nr1,-15676.762332578512,-20695.72193806633,-5018.959605487818,0.1511442958961723
562,w159872843,143.51003436879253,mfh,57443.75692324947,63826.3965813883,71804.69615406184,r2,-94814.22428129723,-125163.3273545315,-30349.103073234277,0.1391375060352614
563,w159872845,162.83680398128925,mfh,41746.72914119777,46385.25460133085,52183.41142649721,r1,-74854.51320528185,-98814.70856609543,-23960.19536081358,0.15115032676506104
564,w159872848,156.42925329236314,mfh,21291.72814453538,23657.47571615042,26614.660180669223,r1,-38177.40882567902,-50397.6228737529,-12220.214048073882,0.15115032676506104
565,w159872851,167.48750086340587,mfh,46976.990518218794,52196.65613135421,58721.23814777349,r1,-84232.70108651959,-111194.76238891835,-26962.061302398753,0.15115032676506104
566,w159872853,143.46053532976657,th,18641.830787650975,20713.145319612195,23302.288484563716,r1,-33425.976060188485,-44125.30309116679,-10699.327030978304,0.15115032676506104
567,w159872855,768.5454076524824,other,115726.01355909788,128584.45951010875,144657.51694887233,nr2,-178507.8310724444,-235657.61585638454,-57149.78478394015,0.1391375060352614
568,w159872857,315.41669200100006,mfh,74043.33994281983,82270.37771424426,92554.17492852478,r2,-122212.79066504564,-161331.90606018904,-39119.115395143395,0.1391375060352614
569,w159872858,136.24142913175746,other,51966.23350286974,57740.25944763304,64957.79187858717,nr2,-80158.1195645722,-105820.96726306625,-25662.84769849405,0.1391375060352614
570,w159872860,131.01957194106652,other,39926.17881659091,44362.420907323234,49907.72352073863,nr1,-66900.84061591933,-88319.33312739253,-21418.492511473203,0.1511442958961723
571,w159872862,156.42902136784977,mfh,48134.98854254384,53483.32060282649,60168.7356781798,r1,-86309.06443729498,-113935.7492793349,-27626.68484203992,0.15115032676506104
572,w159872865,158.90607472276315,mfh,21250.92912058293,23612.143467314363,26563.66140072866,r1,-38104.25360753288,-50301.051387924475,-12196.797780391593,0.15115032676506104
573,w159872867,192.56274920739233,mfh,52620.75948791944,58467.5105421327,65775.94935989928,r2,-86853.589653021,-114654.57167487025,-27800.982021849253,0.1391375060352614
574,w159872868,54.98272090442479,other,18044.998718983097,20049.998576647886,22556.24839872887,nr1,-30236.441828274998,-39916.72382339241,-9680.28199511741,0.1511442958961723
575,w159872870,315.09365436807275,mfh,76868.77232545406,85409.74702828229,96085.96540681757,r2,-126876.32929774077,-167488.1976603057,-40611.86836256494,0.1391375060352614
576,w159872874,56.548262861557305,th,25655.925460115897,28506.58384457322,32069.90682514487,r1,-46002.68932812664,-60727.6988997199,-14725.009571593262,0.15115032676506104
577,w159872876,86.08918008172186,other,31303.141973789738,34781.26885976637,39128.92746723717,nr1,-52451.96445134829,-69244.60857166647,-16792.644120318175,0.1511442958961723
578,w159872878,413.8979488207959,mfh,96766.79497961469,107518.66108846077,120958.49372451835,r2,-159719.15998527093,-210843.69626563104,-51124.5362803601,0.1391375060352614
579,w159872879,205.3686287334189,mfh,66855.49163505835,74283.87959450927,83569.36454382293,r2,-110348.83367381671,-145670.41282044337,-35321.57914662665,0.1391375060352614
580,w159872883,329.8948070596903,th,79026.37009855526,87807.07788728362,98782.96262319406,r2,-130437.56850152358,-172189.3545977757,-41751.78609625212,0.1391375060352614
581,w159872884,900.053558271192,other,143972.0234440909,159968.91493787878,179965.02930511363,nr2,-222077.41241334195,-293176.1213525936,-71098.70893925164,0.1391375060352614
582,w159872887,1008.3728146322071,other,276664.73986237287,307405.2665137476,345830.9248279661,nr2,-426756.4493771647,-563383.7283628442,-136627.2789856795,0.1391375060352614
583,w159872892,458.9937253634445,other,143062.30464210061,158958.1162690007,178827.88080262576,nr2,-220674.16758329188,-291323.6237387595,-70649.4561554676,0.1391375060352614
584,w159872895,353.7920229201671,th,102607.22908104869,114008.03231227632,128259.03635131086,r2,-169359.13234176862,-223569.3292061619,-54210.19686439328,0.1391375060352614
585,w159872899,2008.66189844124,other,288066.24065585615,320073.60072872904,360082.80081982014,nr2,-444343.30919391726,-586601.0708733494,-142257.76167943218,0.1391375060352614
587,w160025355,131.5437356668757,ab,49800.95701413298,55334.39668236998,62251.19626766622,r1,-89296.25077551967,-117879.10466038983,-28582.853884870157,0.15115032676506104
588,w160025360,102.43726858533918,mfh,44981.20852414787,49979.120582386524,56226.51065518484,r1,-80654.13834152561,-106470.73681463786,-25816.598473112244,0.15115032676506104
589,w160025362,106.2412323884666,mfh,48176.35524129165,53529.28360143516,60220.444051614555,r1,-86383.23753208293,-114033.66445413292,-27650.426922049985,0.15115032676506104
590,w160025367,104.2175793532282,mfh,43237.007531294315,48041.11947921591,54046.25941411789,r1,-77526.6761681268,-102342.20467966319,-24815.528511536395,0.15115032676506104
591,w160025369,103.97346241511406,mfh,31307.540166698134,34786.15574077571,39134.42520837267,r1,-56136.390252435456,-74105.09807918432,-17968.70782674886,0.15115032676506104
592,w160025373,103.9182820610702,mfh,19528.4876100236,21698.319566692888,24410.6095125295,r1,-35015.807555594125,-46224.02405214451,-11208.216496550383,0.15115032676506104
593,w160025375,104.46434533819556,mfh,15200.83881015165,16889.8209001685,19001.048512689562,r1,-27256.06084245217,-35980.45853855922,-8724.397696107051,0.15115032676506104
594,w160025376,101.26918978765606,other,24444.85545262742,27160.950502919353,30556.069315784272,nr1,-40960.12759016768,-54073.62777913593,-13113.500188968253,0.1511442958961723
595,w160025380,128.15635424628857,th,34848.77791521003,38720.864350233365,43560.97239401253,r1,-62486.05244782489,-82487.22485368974,-20001.172405864847,0.15115032676506104
596,w160025381,64.08582323277369,th,28086.96814171458,31207.742379682866,35108.71017714322,r1,-50361.70188446009,-66481.98861380552,-16120.286729345426,0.15115032676506104
597,w160025384,125.48521707579494,mfh,20982.930538967033,23314.367265518926,26228.663173708792,r1,-37623.715280836375,-49666.69745689116,-12042.982176054786,0.15115032676506104
598,w160025385,125.6767025694251,mfh,19113.271805362478,21236.968672624975,23891.589756703095,r1,-34271.29948101121,-45241.20624644638,-10969.906765435175,0.15115032676506104
599,w160025388,125.67682776004075,mfh,22027.775224300745,24475.305804778607,27534.71903037593,r1,-39497.18757207267,-52139.84984995364,-12642.662277880976,0.15115032676506104
600,w160025389,125.54291224256157,mfh,47965.512281802236,53295.013646446925,59956.89035225279,r1,-86005.18283366667,-113534.59815543696,-27529.4153217703,0.15115032676506104
601,w160025392,101.23846836648882,other,27858.656569021638,30954.062854468484,34823.32071127705,nr1,-46680.33851822758,-61625.18034354507,-14944.84182531749,0.1511442958961723
602,w160025393,241.441205301648,mfh,45315.96209286242,50351.068992069355,56644.95261607802,r1,-81254.37256215417,-107263.10012104466,-26008.72755889049,0.15115032676506104
603,w160025394,520.9474028991534,mfh,62962.95736238052,69958.84151375612,78703.69670297565,r2,-103923.98200463667,-137189.02915918911,-33265.04715455245,0.1391375060352614
604,w160025395,347.3527018059045,mfh,139025.81297444832,154473.12552716478,173782.2662180604,r2,-229470.0994202203,-302921.2271631209,-73451.12774290057,0.1391375060352614
605,w160025396,362.18757194392384,mfh,72576.31056757846,80640.34507508717,90720.38820947307,r2,-119791.37431518483,-158135.4180906194,-38344.04377543458,0.1391375060352614
606,w160025398,216.67090053744613,mfh,39216.56985455993,43573.966505066586,49020.71231819991,r1,-70317.77833696385,-92825.80937139927,-22508.031034435422,0.15115032676506104
607,w160025399,277.5212213275954,mfh,34672.16062353594,38524.62291503994,43340.20077941992,r1,-62169.36652622411,-82069.1708752456,-19899.80434902149,0.15115032676506104
608,w160025402,733.1297983160242,mfh,135601.65691662167,150668.50768513518,169502.07114577707,r2,-223818.33293017835,-295460.3856629492,-71642.05273277083,0.1391375060352614
609,w160025403,118.93753181435167,th,30986.659895695237,34429.62210632804,38733.32486961904,r1,-55561.03172789425,-73345.57293515404,-17784.541207259783,0.15115032676506104
610,w160025405,118.80893169231713,mfh,19132.43207453168,21258.257860590755,23915.5400931646,r1,-34305.65504972395,-45286.55869567898,-10980.903645955026,0.15115032676506104
611,w160025406,118.8714888818562,mfh,28748.62308334191,31942.914537046567,35935.778854177384,r1,-51548.090844368,-68048.12904140852,-16500.03819704052,0.15115032676506104
612,w160025409,118.87152101863175,mfh,32004.557460828604,35560.619400920674,40005.69682603575,r1,-57386.186136355616,-75754.94136515954,-18368.755228803922,0.15115032676506104
613,w160025412,678.325670054555,mfh,83112.16289052342,92346.84765613714,103890.20361315427,r2,-137181.40447071634,-181091.8263042688,-43910.42183355245,0.1391375060352614
614,w160025415,1309.668819526094,mfh,279799.99905388296,310888.88783764775,349749.9988173537,r2,-461825.9891957799,-609651.9578649753,-147825.96866919543,0.1391375060352614
615,w160025422,678.3786613484378,mfh,168599.14632942146,187332.3848104683,210748.93291177682,r2,-278282.5868278663,-367358.112943742,-89075.52611587569,0.1391375060352614
616,w160025427,555.729584345687,mfh,68356.5049155554,75951.67212839489,85445.63114444424,r2,-112826.34241365077,-148940.94780375526,-36114.605390104494,0.1391375060352614
617,w160025428,926.2977557130158,mfh,239622.2435597125,266246.9372885694,299527.80444964056,r2,-395510.29320756014,-522109.2581420769,-126598.96493451676,0.1391375060352614
618,w160025434,188.0208901744336,mfh,59985.928411771165,66651.03156863463,74982.41051471395,r2,-99010.2245184729,-130702.42610523349,-31692.201586760595,0.1391375060352614
619,w160025437,385.6369404070079,mfh,90561.97402298985,100624.41558109982,113202.4675287373,r2,-149477.74616909667,-197324.10635426908,-47846.36018517241,0.1391375060352614
620,w160025438,514.208815998584,mfh,66439.19135967275,73821.32373296973,83048.98919959094,r2,-109661.7061286683,-144763.34248875378,-35101.63636008548,0.1391375060352614
621,w160025439,231.99735509790483,mfh,35464.80466216238,39405.33851351376,44331.005827702975,r1,-63590.62718249663,-83945.36312514883,-20354.735942652194,0.15115032676506104
622,w160025441,239.19352681115268,mfh,29974.211052689745,33304.67894743305,37467.76381586218,r1,-53745.64722119197,-70949.10165661888,-17203.45443542691,0.15115032676506104
623,w160025442,258.45977183450015,mfh,52917.83142950211,58797.59047722457,66147.28928687764,r2,-87343.92397663658,-115301.8572053386,-27957.933228702022,0.1391375060352614
624,w160025445,358.2598954875022,mfh,76181.21925820394,84645.79917578216,95226.52407275492,r2,-125741.48342039596,-165990.09875036115,-40248.61532996519,0.1391375060352614
625,w160025446,282.03160609211767,mfh,32653.249972380814,36281.3888582009,40816.56246547602,r1,-58549.33264318537,-77290.39965846049,-18741.06701527512,0.15115032676506104
626,w160025449,151.84076374266294,mfh,33051.986190285665,36724.42910031741,41314.98273785708,r1,-59264.29178136438,-78234.21020308425,-18969.91842171987,0.15115032676506104
627,w160025451,187.46145662125198,mfh,48334.62753030463,53705.14170033847,60418.284412880785,r1,-86667.02970913901,-114408.29572308836,-27741.266013949353,0.15115032676506104
628,w160025452,105.00601281486452,mfh,24070.360376751494,26744.844863057217,30087.950470939366,r1,-43159.67132618675,-56974.65872511581,-13814.987398929065,0.15115032676506104
629,w160025453,104.94913844838739,mfh,40248.819299141745,44720.91033237972,50311.02412392718,r1,-72168.66656869222,-95269.14876905298,-23100.482200360755,0.15115032676506104
630,w160025454,86.96602670811116,mfh,31063.545589658388,34515.05065517598,38829.43198707298,r1,-55698.89261693771,-73527.5617423771,-17828.669125439395,0.15115032676506104
631,w160025455,103.15431486908346,mfh,35882.11822470182,39869.02024966869,44852.647780877276,r1,-64338.89666900414,-84933.14633382946,-20594.249664825315,0.15115032676506104
632,w160025456,162.83409464433788,mfh,27935.001650526843,31038.890722807602,34918.75206315855,r1,-50089.21639983928,-66122.28319861625,-16033.06679877697,0.15115032676506104
633,w160025457,103.20248084068298,mfh,32162.32092267025,35735.91213630028,40202.90115333781,r1,-57669.06595426409,-76128.36823775434,-18459.30228349025,0.15115032676506104
634,w160025458,101.69107806179672,mfh,18326.430862615038,20362.70095846115,22908.038578268795,r1,-32860.4441409405,-43378.74995238595,-10518.305811445454,0.15115032676506104
635,w160025459,108.44199563004076,mfh,29801.469324202662,33112.743693558514,37251.836655253326,r1,-53435.91042834275,-70540.22115486934,-17104.310726526593,0.15115032676506104
636,w160025462,124.9876569705084,mfh,37263.06505696854,41403.40561885393,46578.83132121067,r1,-66815.02126650441,-88201.85412442482,-21386.83285792041,0.15115032676506104
637,w160025465,103.21026510931551,mfh,33027.052047237106,36696.72449693012,41283.81505904638,r1,-59219.58329333462,-78175.1909666225,-18955.60767328788,0.15115032676506104
638,w160025467,105.14285953305661,mfh,38054.659821936664,42282.955357707404,47568.32477742083,r1,-68234.40050905837,-90075.56273853466,-21841.162229476293,0.15115032676506104
639,w160025469,108.37528205253183,mfh,16872.147227572706,18746.830252858563,21090.18403446588,r1,-30252.8220396901,-39936.45359706898,-9683.631557378882,0.15115032676506104
640,w160025471,48.55004379618913,sfh,15526.61947111203,17251.7994123467,19408.274338890034,r1,-27840.206074654776,-36751.58292917648,-8911.376854521706,0.15115032676506104
641,w160025472,101.69099241122603,mfh,13375.50809475645,14861.6756608405,16719.38511844556,r1,-23983.127969617377,-31659.8919603139,-7676.763990696523,0.15115032676506104
642,w160025474,105.6897082787007,mfh,20835.669696400117,23150.74410711124,26044.587120500146,r1,-37359.66732040183,-49318.13033460882,-11958.463014206987,0.15115032676506104
643,w160025476,96.35599186792969,mfh,11760.455718228655,13067.17302025406,14700.569647785818,r1,-21087.237394882086,-27837.055221037917,-6749.817826155831,0.15115032676506104
644,w160025477,108.4367577029392,mfh,36912.2809783406,41013.64553148955,46140.35122292575,r1,-66186.0433325195,-87371.54652398961,-21185.50319147011,0.15115032676506104
645,w160025481,105.0061043202877,mfh,30356.70228789452,33729.66920877169,37945.877859868146,r1,-54431.47808280756,-71854.46024909713,-17422.98216628957,0.15115032676506104
646,w160025482,103.2132654029876,mfh,32197.87126336993,35775.412514855474,40247.33907921241,r1,-57732.80995294614,-76212.5160650915,-18479.706112145366,0.15115032676506104
647,w160025484,128.51466068420558,mfh,25258.191312723833,28064.657014137592,31572.73914090479,r1,-45289.52696545498,-59786.260260817144,-14496.733295362166,0.15115032676506104
648,w160025486,101.26240085978061,mfh,32127.323788768048,35697.0264319645,40159.15473596006,r1,-57606.31389019294,-76045.52985356627,-18439.21596337333,0.15115032676506104
649,w160025487,105.13472320698202,mfh,30933.722532352236,34370.80281372471,38667.15316544029,r1,-55466.111703141905,-73220.2699416356,-17754.1582384937,0.15115032676506104
650,w160025490,87.12732640933245,mfh,15434.577138518482,17149.530153909425,19293.2214231481,r1,-27675.16837847346,-36533.71828545282,-8858.549906979362,0.15115032676506104
651,w160025492,101.576605540514,mfh,32123.821636092907,35693.13515121434,40154.777045116134,r1,-57600.03430999441,-76037.24024134832,-18437.205931353914,0.15115032676506104
652,w160025494,105.68961535468698,mfh,33618.00222222248,37353.335802469424,42022.5027777781,r1,-60279.19415596033,-79573.97287168526,-19294.778715724926,0.15115032676506104
653,w160025496,100.3227494932711,mfh,31936.83132990454,35485.368144338376,39921.03916238067,r1,-57264.74892041346,-75594.63328768272,-18329.88436726926,0.15115032676506104
654,w160025498,53.38166442215442,th,19833.537403165,22037.26378129444,24791.92175395625,r1,-35562.781036839566,-46946.07837897482,-11383.29734213525,0.15115032676506104
655,w160025500,108.55102695096282,mfh,35318.75735539018,39243.06372821131,44148.446694237726,r1,-63328.75516813117,-83599.66844792638,-20270.91327979521,0.15115032676506104
656,w160025504,103.15687311664223,mfh,33014.085449963415,36682.31716662602,41267.606812454265,r1,-59196.33336820711,-78144.49896854142,-18948.16560033431,0.15115032676506104
657,w160025505,103.09466042611747,mfh,16526.06370219606,18362.293002440067,20657.579627745075,r1,-29632.272493573164,-39117.272228776535,-9484.999735203372,0.15115032676506104
658,w160025507,85.83866344131528,mfh,29011.881673427404,32235.424081586003,36264.852091784254,r1,-52020.13006787956,-68671.26338970281,-16651.133321823254,0.15115032676506104
659,w160025509,108.27769679883495,mfh,36682.60048676754,40758.44498529726,45853.25060845942,r1,-65774.2117533004,-86827.8916962941,-21053.679942993695,0.15115032676506104
660,w160025513,105.03020258601755,mfh,15958.548291276262,17731.72032364029,19948.185364095327,r1,-28614.681638078466,-37773.960522914866,-9159.2788848364,0.15115032676506104
661,w160025515,104.96566433478147,mfh,30481.21173000366,33868.013033337396,38101.514662504575,r1,-54654.73135007594,-72149.17469712319,-17494.44334704725,0.15115032676506104
662,w160025517,132.51887063886969,mfh,28646.82807630318,31829.8089736702,35808.535095378975,r1,-51365.56598899933,-67807.17977038912,-16441.613781389788,0.15115032676506104
663,w160032048,197.876624872908,mfh,59510.27674095202,66122.52971216891,74387.84592619001,r2,-98225.1340819773,-129666.03592168386,-31440.901839706552,0.1391375060352614
664,w160032049,177.6117346536368,mfh,24635.21933914802,27372.46593238669,30794.024173935024,r1,-44172.49900226224,-58311.68260455258,-14139.183602290344,0.15115032676506104
665,w160032050,605.1206229591743,mfh,175655.35519478846,195172.6168830983,219569.19399348556,r2,-289929.2653490931,-382732.7790067207,-92803.51365762757,0.1391375060352614
666,w160032051,604.9254235289991,mfh,152843.0834506673,169825.64827851922,191053.8543133341,r2,-252276.29894574863,-333027.4674299574,-80751.16848420879,0.1391375060352614
667,w160032052,558.9287057133391,mfh,166207.24421579932,184674.71579533257,207759.05526974914,r2,-274334.6148356639,-362146.43384609383,-87811.81901042996,0.1391375060352614
668,w160032053,914.9869650162756,mfh,118384.96876544278,131538.85418382531,147981.21095680346,r2,-195401.19903818629,-257947.20598171683,-62546.00694353055,0.1391375060352614
669,w160032054,558.7663555394857,mfh,140013.45078096946,155570.50086774383,175016.81347621183,r2,-231100.25241702553,-305073.17614254577,-73972.92372552023,0.1391375060352614
670,w160032055,915.1860893286764,mfh,117551.19343225891,130612.43714695434,146938.99179032363,r2,-194025.00490195781,-256130.5056028252,-62105.500700867386,0.1391375060352614
671,w160032056,579.5610938113182,mfh,116842.3330489817,129824.81449886855,146052.9163112271,r2,-192854.99007416773,-254585.98050640215,-61730.99043223442,0.1391375060352614
672,w160032057,300.306428108085,mfh,37313.43611538925,41459.37346154361,46641.79514423657,r1,-66905.33974498842,-88321.08266185524,-21415.742916866817,0.15115032676506104
673,w160032058,579.3688813976943,mfh,109670.41085297539,121856.01205886154,137088.01356621922,r2,-181017.32004627062,-238959.18842907803,-57941.86838280741,0.1391375060352614
674,w160032059,915.3225905947387,mfh,92194.63134061452,102438.47926734947,115243.28917576815,r2,-152172.5409628041,-200881.47852574213,-48708.93756293802,0.1391375060352614
675,w160032060,914.9022733874618,mfh,182147.17661418536,202385.75179353927,227683.9707677317,r2,-300644.3899339147,-396877.70985671296,-96233.31992279825,0.1391375060352614
676,w160032061,434.5004198986106,mfh,54507.02112981529,60563.35681090588,68133.77641226912,r2,-89966.9729682327,-118764.51844726449,-28797.54547903179,0.1391375060352614
677,w160032062,579.3681231357157,mfh,63760.568600850966,70845.07622316774,79700.7107510637,r2,-105240.48522281341,-138926.93214272335,-33686.44691990994,0.1391375060352614
678,w160032063,157.0142166607082,mfh,51887.28780825052,57652.54200916724,64859.10976031315,r2,-85642.95246518828,-113056.42139945675,-27413.468934268472,0.1391375060352614
679,w160032064,245.02896427586674,mfh,74242.27363014172,82491.41514460191,92802.84203767714,r2,-122541.14215626243,-161765.35964264505,-39224.21748638262,0.1391375060352614
680,w160032065,177.6155174203217,mfh,58386.98317384559,64874.42574871732,72983.72896730699,r2,-96371.0734510254,-127218.50867093613,-30847.435219910738,0.1391375060352614
681,w160032066,915.0334876678884,mfh,196785.17750857704,218650.19723175224,245981.4718857213,r2,-324805.2522132578,-428772.2271357376,-103966.97492247983,0.1391375060352614
682,w160032067,686.1767572972923,mfh,208672.0383064988,231857.82034055423,260840.0478831235,r2,-344425.1995506256,-454672.3271458376,-110247.12759521202,0.1391375060352614
683,w160032068,579.4084268193692,mfh,106087.62261479415,117875.13623866017,132609.52826849266,r2,-175103.72201992318,-231152.70568637384,-56048.98366645066,0.1391375060352614
684,w160032069,582.2339869499207,mfh,113772.82834525057,126414.25371694508,142216.0354315632,r2,-187788.59603937453,-247897.88344195203,-60109.287402577495,0.1391375060352614
685,w160032070,655.6557445708662,mfh,126481.71328949532,140535.23698832814,158102.14161186916,r2,-208765.34150326892,-275589.0793488092,-66823.73784554028,0.1391375060352614
686,w160032071,187.63290931591763,mfh,44822.51475552269,49802.794172802984,56028.14344440336,r1,-80369.5904249937,-106095.10790141411,-25725.517476420413,0.15115032676506104
687,w160032072,300.05888833065984,mfh,71600.48929692316,79556.0992188035,89500.61162115395,r2,-118180.72519037235,-156009.21598128087,-37828.490790908516,0.1391375060352614
688,w160032074,652.9879129000007,mfh,142328.92568103445,158143.25075670495,177911.15710129307,r2,-234922.0768980706,-310118.32914821093,-75196.25225014033,0.1391375060352614
689,w160032075,187.48918503960593,mfh,29809.11773282239,33121.24192535821,37261.397166027986,r1,-53449.62450644666,-70558.3249748404,-17108.70046839375,0.15115032676506104
690,w160032079,410.4375718038529,mfh,56450.435111772305,62722.70567974701,70563.04388971538,r2,-93174.68950743599,-122998.99358324938,-29824.304075813387,0.1391375060352614
691,w160032080,367.35827468354256,mfh,71168.27026353273,79075.8558483697,88960.3378294159,r2,-117467.32281967993,-155067.4605101444,-37600.13769046446,0.1391375060352614
692,w160032082,146.62608959153295,mfh,39843.43060518983,44270.478450210925,49804.288256487285,r1,-71441.77912220365,-94309.59178164537,-22867.812659441726,0.15115032676506104
693,w160032083,292.00384606306903,mfh,70958.4029590656,78842.66995451733,88698.00369883199,r2,-117120.92476459374,-154610.18383575958,-37489.25907116584,0.1391375060352614
694,w160032087,547.5336022242903,mfh,60767.66004008141,67519.62226675713,75959.57505010176,r2,-100300.51752687455,-132405.72924796343,-32105.211721088883,0.1391375060352614
695,w160032089,324.3052944285795,mfh,80225.85122803085,89139.83469781205,100282.31403503855,r2,-132417.38108556526,-174802.88576818167,-42385.50468261642,0.1391375060352614
696,w160032093,651.9691053661052,mfh,157120.4437098115,174578.27078867942,196400.55463726434,r2,-259336.3280361904,-342347.34257398447,-83011.01453779408,0.1391375060352614
697,w160032096,417.5862662355881,mfh,99761.42909774302,110846.03233082558,124701.78637217877,r2,-164661.97581286394,-217368.65895104766,-52706.683138183726,0.1391375060352614
698,w160032097,55.47504670508206,th,30326.745284288674,33696.38364920964,37908.43160536084,r1,-54377.763289621726,-71783.55187754991,-17405.788587928182,0.15115032676506104
699,w160032099,154.26596265360712,mfh,40170.97328365638,44634.414759618194,50213.71660457047,r1,-72029.08376270952,-95084.88687617026,-23055.803113460744,0.15115032676506104
700,w160032101,417.4909567882307,mfh,95809.37401431223,106454.86001590246,119761.71751789028,r2,-158138.88162260927,-208757.58630147332,-50618.704678864044,0.1391375060352614
701,w160032104,110.95144802480935,th,23217.322601340376,25797.02511260042,29021.65325167547,r1,-41630.12089822035,-54955.51420991269,-13325.393311692336,0.15115032676506104
702,w160032105,152.98637234792113,mfh,20848.956423449432,23165.507137166034,26061.19552931179,r1,-37383.491258368435,-49349.580081407774,-11966.08882303934,0.15115032676506104
703,w160032106,115.7174410201609,mfh,49997.22428140238,55552.471423780415,62496.53035175297,r1,-89648.17034028104,-118343.6702255313,-28695.49988525026,0.15115032676506104
704,w160032107,169.80155310891567,th,20257.197734231464,22507.997482479404,25321.49716778933,r1,-36322.430678829674,-47948.88441926972,-11626.453740440047,0.15115032676506104
705,w160032108,125.84912734059617,mfh,40330.07410854087,44811.193453934306,50412.59263567609,r1,-72314.3615567376,-95461.47929351662,-23147.117736779022,0.15115032676506104
706,w160032109,117.1162128248019,mfh,17028.88358269568,18920.98175855075,21286.104478369598,r1,-30533.860190598112,-40307.449303123096,-9773.589112524984,0.15115032676506104
707,w160032110,214.96215275530702,mfh,65959.80261416038,73288.66957128931,82449.75326770046,r2,-108870.4474354796,-143718.8096500536,-34848.362214573994,0.1391375060352614
708,w160032111,253.8681676615961,th,69929.77168637945,77699.74631819938,87412.21460797431,r2,-115423.10969442813,-152368.91481705062,-36945.80512262249,0.1391375060352614
709,w160032112,125.84912488418631,th,34498.60299221215,38331.78110245795,43123.25374026519,r1,-61858.166768229574,-81658.35912755929,-19800.192359329718,0.15115032676506104
710,w160032113,105.45346036842092,mfh,34893.95820829047,38771.0646758783,43617.44776036308,r1,-62567.06355730774,-82594.16682460619,-20027.10326729845,0.15115032676506104
711,w160032114,381.28189064939505,mfh,78514.11913885121,87237.91015427912,98142.648923564,r2,-129592.06883396904,-171073.21878091438,-41481.14994694534,0.1391375060352614
712,w160032115,139.91205219514669,mfh,38709.485322553875,43010.53924728208,48386.85665319234,r1,-69408.54385133841,-91625.53784643553,-22216.993995097117,0.15115032676506104
713,w160032116,192.1807412372902,mfh,25401.90433957016,28224.338155077952,31752.3804244627,r1,-45547.21346897611,-60126.42968623343,-14579.216217257323,0.15115032676506104
714,w160032117,302.6253065098543,mfh,38132.472874110405,42369.414304567115,47665.591092638,r1,-68373.92420974835,-90259.74660710026,-21885.822397351905,0.15115032676506104
715,w160032118,188.54685349911452,mfh,59239.686577529654,65821.87397503294,74049.60822191206,r2,-97778.5094561312,-129076.45113445273,-31297.941678321527,0.1391375060352614
716,w160032119,301.6826584111899,mfh,86774.96745952926,96416.63051058806,108468.70932441157,r2,-143227.07405267435,-189072.65541192418,-45845.58135924983,0.1391375060352614
717,w160032121,128.1140758719295,mfh,40995.73368931806,45550.8152103534,51244.66711164758,r1,-73507.93108672349,-97037.09872123881,-23529.167634515325,0.15115032676506104
718,w160032123,387.4767547928728,mfh,153731.94845816758,170813.27606463063,192164.93557270945,r2,-253743.42175753703,-334964.20186145336,-81220.78010391633,0.1391375060352614
719,w160032125,297.0948597435839,mfh,66153.6841583442,73504.09350927133,82692.10519793024,r2,-109190.46007390799,-144141.25519474706,-34950.79512083907,0.1391375060352614
720,w160032126,464.2806208854541,mfh,110488.03186896033,122764.47985440036,138110.0398362004,r2,-182366.85055295873,-240740.69041218125,-58373.83985922253,0.1391375060352614
721,w160032127,228.89082276217522,mfh,40432.88418235807,44925.42686928675,50541.10522794759,r1,-72498.70649073602,-95704.83123248038,-23206.124741744366,0.15115032676506104
722,w160032128,268.14993185095955,mfh,38304.45704397495,42560.50782663884,47880.57130496869,r1,-68682.30265230087,-90666.83396394846,-21984.531311647588,0.15115032676506104
723,w160032129,100.24086796883493,mfh,32289.507460447312,35877.230511608126,40361.884325559135,r1,-57897.11942258173,-76429.41938409599,-18532.29996151426,0.15115032676506104
724,w160032130,150.2635816658847,mfh,28436.163503282907,31595.737225869896,35545.204379103634,r1,-50987.831148751226,-67308.53571332319,-16320.704564571963,0.15115032676506104
725,w160032131,100.12314690686762,mfh,34789.771625745816,38655.30180638424,43487.21453218227,r1,-62380.25045651307,-82347.55668286725,-19967.306226354172,0.15115032676506104
726,w160032132,257.78643680289383,mfh,91092.6577783465,101214.06419816279,113865.82222293313,r2,-150353.67022591032,-198480.4051089307,-48126.73488302037,0.1391375060352614
727,w160032133,136.6476590367034,mfh,42553.842839482204,47282.04759942467,53192.30354935275,r1,-76301.71887215109,-100725.1505699691,-24423.431697818014,0.15115032676506104
728,w160032134,132.71697852164507,th,24056.438038250453,26729.37559805606,30070.547547813065,r1,-43134.70769687701,-56941.70448295506,-13806.996786078045,0.15115032676506104
729,w160032135,165.9338162511587,mfh,65722.88945965386,73025.43273294873,82153.61182456731,r2,-108479.40864954879,-143202.60318480252,-34723.19453525373,0.1391375060352614
730,w160032136,153.4784858365543,mfh,64169.744421509604,71299.71602389956,80212.180526887,r2,-105915.85344572137,-139818.47910848126,-33902.62566275989,0.1391375060352614
731,w160032137,244.7570460377261,mfh,73679.24716639257,81865.83018488063,92099.05895799071,r2,-121611.83459928032,-160538.58985309847,-38926.75525381815,0.1391375060352614
732,w160032138,345.56507694348693,mfh,69539.96744806832,77266.63049785368,86924.9593100854,r2,-114779.71538220704,-151519.57629712918,-36739.860914922145,0.1391375060352614
733,w160032139,170.051029805094,mfh,43447.68462383709,48275.20513759677,54309.605779796366,r1,-77904.43345666681,-102840.87837049906,-24936.444913832252,0.15115032676506104
734,w160032140,210.13578363517297,mfh,34609.490828365495,38454.989809294995,43261.86353545687,r1,-62056.99563857223,-81920.8311688049,-19863.835530232667,0.15115032676506104
735,w160032141,252.5825279586017,mfh,59767.37247387365,66408.19163763738,74709.21559234205,r2,-98649.48537424332,-130226.21789975533,-31576.73252551201,0.1391375060352614
736,w160032142,252.46278136584442,mfh,34459.97295454553,38288.858838383916,43074.96619318191,r1,-61788.90067902634,-81566.92164269637,-19778.02096367003,0.15115032676506104
737,w160032143,236.73276664549485,mfh,68813.16803571579,76459.07559523976,86016.46004464473,r2,-113580.0911552892,-149935.96412338322,-36355.872968094016,0.1391375060352614
738,w160032144,216.15235636769793,mfh,49460.51965860495,54956.1329540055,61825.64957325618,r1,-88685.82516735396,-117073.28780327184,-28387.46263591788,0.15115032676506104
739,w160032145,143.2480424195528,mfh,18000.89068230275,20000.989647003054,22501.113352878438,r1,-32276.73010567759,-42608.19478061879,-10331.464674941199,0.15115032676506104
740,w160032146,425.3107569515705,mfh,81778.57206375393,90865.0800708377,102223.21507969241,r2,-134980.2361189015,-178186.08555630612,-43205.84943740463,0.1391375060352614
741,w160032147,237.48158785337583,mfh,86156.41938675339,95729.35487417043,107695.52423344173,r2,-142206.1248870532,-187724.9104338093,-45518.78554675609,0.1391375060352614
742,w160032148,183.97369813346305,th,50006.21579904702,55562.46199894114,62507.76974880877,r2,-82538.13493718106,-108957.78223872156,-26419.64730154049,0.1391375060352614
743,w160032149,343.71558685973287,mfh,66199.1315218652,73554.59057985022,82748.9144023315,r2,-109265.47356098947,-144240.27976316764,-34974.806202178166,0.1391375060352614
744,w160032150,136.78365420317277,mfh,51662.93632292382,57403.262581026465,64578.670403654774,r2,-85272.6474366361,-112567.58536392482,-27294.937927288716,0.1391375060352614
745,w160032151,156.68413198292254,mfh,57922.11142190568,64357.9015798952,72402.6392773821,r2,-95603.7758905723,-126205.60668850366,-30601.830797931354,0.1391375060352614
746,w160032152,131.687454425171,th,16816.435705141692,18684.928561268545,21020.544631427114,r1,-30152.927773066374,-39804.584155653,-9651.656382586625,0.15115032676506104
747,w160032153,131.7784823913127,mfh,29566.60282765376,32851.78091961529,36958.2535345672,r1,-53014.78001575557,-69984.29102846533,-16969.511012709765,0.15115032676506104
748,w160032155,131.65618118494749,mfh,39313.2611323115,43681.401258123886,49141.57641538937,r1,-70491.1518844533,-93054.67809066083,-22563.526206207534,0.15115032676506104
749,w160032156,597.6746075108182,mfh,131761.0863573074,146401.20706367487,164701.35794663423,r2,-217479.2503582376,-287092.2249455732,-69612.9745873356,0.1391375060352614
750,w160032157,145.99030133634804,mfh,23007.382660062376,25563.75851118042,28759.22832507797,r1,-41253.68536829996,-54458.58535966424,-13204.899991364284,0.15115032676506104
751,w160032158,192.3817300193943,mfh,58348.97494600452,64832.19438444947,72936.21868250564,r2,-96308.33868519397,-127135.6931219846,-30827.35443679063,0.1391375060352614
752,w160032159,156.72131929650496,mfh,40458.15139260002,44953.501547333355,50572.68924075002,r1,-72544.01218920932,-95764.63884059004,-23220.62665138072,0.15115032676506104
753,w160032160,462.61881872685626,other,75105.28561600679,83450.31735111865,93881.60702000848,nr2,-115850.19845640259,-152939.9657186199,-37089.76726221731,0.1391375060352614
754,w160032161,876.0951372385025,trade,41598.98809684389,46221.0978853821,51998.73512105486,nr1,-69703.82227747847,-92019.69726090846,-22315.874983429996,0.1511442958961723
755,w160032162,197.75498196221892,mfh,51088.749816073236,56765.27757341471,63860.93727009154,r2,-84324.9195867226,-111316.4991263809,-26991.579539658313,0.1391375060352614
756,w160032163,355.37988740094,mfh,90971.44947639163,101079.3883071018,113714.31184548953,r2,-150153.6089530785,-198216.30618524895,-48062.69723217044,0.1391375060352614
757,w160032164,218.83437259588393,mfh,53103.58239103667,59003.98043448519,66379.47798879583,r2,-87650.51662082828,-115706.58714728916,-28056.070526460884,0.1391375060352614
758,w160032165,192.38173281145282,mfh,58784.81323691094,65316.459152123265,73481.01654613866,r2,-97027.71484855305,-128085.33453821795,-31057.619689664905,0.1391375060352614
759,w160032166,5513.669180350005,other,896549.3915510399,996165.9906122665,1120686.7394387997,nr2,-1382930.9626514313,-1825680.204585259,-442749.24193382775,0.1391375060352614
760,w160032167,119.51807446111924,mfh,37657.42018648339,41841.577984981544,47071.775233104236,r1,-67522.12483742127,-89135.2946117683,-21613.16977434703,0.15115032676506104
761,w160032168,107.41719602905214,th,13873.999853026246,15415.555392251383,17342.499816282805,r1,-24876.95507103948,-32839.82434853589,-7962.869277496411,0.15115032676506104
763,w160032170,37.81535124108195,sfh,14086.294460143807,15651.438289048674,17607.86807517976,r1,-25257.612665030705,-33342.32670414616,-8084.7140391154535,0.15115032676506104
764,w160032171,82.13437312801835,th,18045.438784192636,20050.48753799182,22556.798480240795,r1,-32356.607656560886,-42713.64035194806,-10357.032695387174,0.15115032676506104
765,w160032172,100.39566505721304,th,35026.762638130625,38918.625153478475,43783.453297663276,r1,-62805.19025972716,-82908.51554846801,-20103.325288740853,0.15115032676506104
766,w160032173,119.7984774223063,mfh,28506.2384098141,31673.598233126777,35632.79801226762,r1,-51113.479867206675,-67474.40335395333,-16360.923486746651,0.15115032676506104
767,w160032174,119.65868240431882,mfh,29900.973116695626,33223.303462995136,37376.21639586953,r1,-53614.326991804475,-70775.74711004437,-17161.42011823989,0.15115032676506104
768,w160032175,69.26172256879508,th,9593.062255957997,10658.958062175552,11991.327819947495,r1,-17200.96448488122,-22706.824476541537,-5505.859991660316,0.15115032676506104
769,w160032176,103.52918697646818,th,32391.429286288585,35990.4769847651,40489.286607860726,r1,-58079.871672046305,-76670.66883583067,-18590.797163784366,0.15115032676506104
770,w160032177,62.96843930834439,th,7111.322358229594,7901.469286921771,8889.152947786992,r1,-12751.048628760676,-16832.534208160345,-4081.4855793996685,0.15115032676506104
771,w160032178,300.84989367914386,mfh,75453.57648583635,83837.30720648484,94316.97060729544,r2,-124540.4671792733,-164404.64899231892,-39864.18181304562,0.1391375060352614
772,w160127708,318.335366258584,mfh,113599.65490243523,126221.83878048358,141999.568628044,r2,-187502.76331313772,-247520.55846404066,-60017.79515090294,0.1391375060352614
773,w160127710,130.057766958978,mfh,19160.41845180246,21289.353835336067,23950.523064753073,r1,-34355.83638584489,-45352.802585217716,-10996.96619937283,0.15115032676506104
774,w160127712,149.28690248169005,mfh,51621.798511126886,57357.5539012521,64527.2481389086,r2,-85204.7471125092,-112477.95081214109,-27273.203699631893,0.1391375060352614
775,w160127717,149.4986190713942,mfh,59698.67769326997,66331.8641036333,74623.34711658747,r2,-98536.10068835285,-130076.53988820512,-31540.439199852277,0.1391375060352614
776,w160127718,161.62649620659647,mfh,30986.327841109854,34429.25315678873,38732.909801387315,r1,-55560.436333120626,-73344.78696035419,-17784.350627233565,0.15115032676506104
777,w160127719,242.7560603125021,mfh,53656.28092585754,59618.089917619494,67070.35115732193,r2,-88562.77733717501,-116910.853569741,-28348.07623256599,0.1391375060352614
778,w164087844,70.24407002975931,other,23298.876208291324,25887.6402314348,29123.595260364153,nr1,-39039.909401328056,-51538.646329933494,-12498.736928605438,0.1511442958961723
779,w164087850,88.49543042890728,other,39843.370631234495,44270.41181248277,49804.21328904312,nr1,-66762.08611011822,-88136.15597583579,-21374.069865717567,0.1511442958961723
780,w164087857,77.59434223277493,other,24270.419437870198,26967.132708744663,30338.024297337746,nr1,-40667.84026473748,-53687.76384340772,-13019.923578670241,0.1511442958961723
786,w164088149,49.229225591477004,other,21270.940862087315,23634.37873565257,26588.676077609143,nr1,-35641.87374159178,-47052.7199850918,-11410.846243500018,0.1511442958961723
788,w164088153,80.69597001839429,other,27987.590700977962,31097.323001086625,34984.48837622245,nr1,-46896.38227867825,-61910.39112226879,-15014.008843590542,0.1511442958961723
791,w164088159,54.065223559696456,other,21341.59203461474,23712.880038460822,26676.990043268423,nr1,-35760.25779367694,-47209.00502481359,-11448.747231136651,0.1511442958961723
793,w164088169,56.479432658094446,other,21105.453760835582,23450.504178706204,26381.817201044476,nr1,-35364.581335632,-46686.65163452716,-11322.07029889516,0.1511442958961723
795,w164088175,32.08830586867407,other,12691.274034079426,14101.415593421585,15864.092542599283,nr1,-21265.668955379388,-28073.932754143643,-6808.263798764256,0.1511442958961723
799,w164088182,35.81288355943252,other,13052.522454425663,14502.802727139626,16315.65306803208,nr1,-21870.981652678965,-28873.038016003713,-7002.0563633247475,0.1511442958961723
800,w359788107,586.4023264580406,other,146448.46418695297,162720.5157632811,183060.5802336912,nr2,-225897.33199920063,-298218.99895050254,-72321.66695130192,0.1391375060352614
801,w377595955,68.13203878551721,other,5269.498540512313,5854.998378347015,6586.873175640391,nr1,-8829.642415921406,-11656.47729906034,-2826.834883138934,0.1511442958961723
802,w377595956,85.03076633159071,other,28267.306595759732,31408.118439733036,35334.13324469966,nr1,-47365.077982830095,-62529.14107592056,-15164.063093090466,0.1511442958961723
805,w377595969,38.68702136902139,other,13210.985853090617,14678.873170100685,16513.73231636327,nr1,-22136.505048399868,-29223.56947456075,-7087.064426160883,0.1511442958961723
814,w377595984,35.49371746703982,other,12044.391815934709,13382.657573260787,15055.489769918386,nr1,-20181.744436276927,-26642.98674799168,-6461.242311714752,0.1511442958961723
818,w377595990,36.364706988167015,other,11553.454485655837,12837.171650728707,14441.818107069796,nr1,-19359.123262428362,-25557.001088889363,-6197.877826461001,0.1511442958961723
819,w377595993,54.98309161569923,other,17992.688240944255,19991.875823271395,22490.860301180317,nr1,-30148.78968981479,-39801.009605981606,-9652.219916166818,0.1511442958961723
823,w377596001,68.93592455182224,other,20374.762221645513,22638.624690717235,25468.45277705689,nr1,-34140.224794343296,-45070.313898838845,-10930.08910449555,0.1511442958961723
825,w377596004,35.535723760165276,other,11646.700243681342,12940.778048534823,14558.375304601677,nr1,-19515.367104956626,-25763.266837575255,-6247.899732618629,0.1511442958961723
827,w377596008,41.66994294051546,other,13998.601039715508,15554.001155239454,17498.251299644384,nr1,-23456.24361664907,-30965.82606173036,-7509.582445081291,0.1511442958961723
831,w377596012,33.714099188242116,other,12242.593103107998,13602.881225675554,15303.241378884997,nr1,-20513.853170848346,-27081.4210291321,-6567.567858283754,0.1511442958961723
836,w377596021,41.97082374822348,other,14380.159647722914,15977.95516413657,17975.19955965364,nr1,-24095.588336743553,-31809.858794315,-7714.270457571449,0.1511442958961723
838,w377596023,32.13139781658538,other,10917.67630164897,12130.751446276632,13647.09537706121,nr1,-18293.804811827027,-24150.617936462615,-5856.813124635588,0.1511442958961723
844,w377596038,30.39147779517807,other,2398.685899783123,2665.2065553145812,2998.357374728904,nr0,-4928.301476333358,-6506.111071748377,-1577.8095954150194,0.1853283329119421
847,w377596043,50.74534401865676,other,16335.933556875763,18151.037285417515,20419.9169460947,nr1,-27372.709324906784,-36136.15929499192,-8763.449970085137,0.1511442958961723
848,w377596044,31.44567816138733,other,12038.33310123901,13375.925668043345,15047.916376548761,nr1,-20171.592372688363,-26629.584472657712,-6457.9920999693495,0.1511442958961723
861,w377596072,32.00744857888203,other,11577.988988744306,12864.432209715895,14472.486235930382,nr1,-19400.233604799272,-25611.273023134298,-6211.039418335025,0.1511442958961723
863,w377596074,30.798605113010854,other,11879.18583997191,13199.095377746566,14848.982299964886,nr1,-19904.923087621042,-26277.540265053238,-6372.617177432196,0.1511442958961723
877,w377596096,31.32093481458723,other,11219.387851584088,12465.986501760097,14024.234814480109,nr1,-18799.356730704974,-24818.023725769675,-6018.666995064701,0.1511442958961723
882,w377596101,34.10184732507914,other,11372.823539694798,12636.470599660886,14216.029424618497,nr1,-19056.455627202,-25157.433557953507,-6100.9779307515055,0.1511442958961723
886,w377596106,35.077698366669935,other,12012.953356694099,13347.725951882332,15016.191695867623,nr1,-20129.065732398754,-26573.442808727214,-6444.377076328459,0.1511442958961723
893,w377596115,40.14825235735625,other,13553.866705869179,15059.851895410198,16942.333382336474,nr1,-22711.04080318282,-29982.044469091667,-7271.003665908847,0.1511442958961723
895,w377596117,32.339281557500364,other,11378.101421622307,12642.334912913673,14222.626777027883,nr1,-19065.29931693359,-25169.108579855896,-6103.8092629223065,0.1511442958961723
899,w377596123,32.752713098051025,other,12329.70326009582,13699.670288995354,15412.129075119774,nr1,-20659.81611800241,-27274.11442483942,-6614.298306837009,0.1511442958961723
901,w377596125,37.63718191203661,other,12219.388662528083,13577.098513920091,15274.235828160103,nr1,-20474.97149905226,-27030.09128062231,-6555.119781570051,0.1511442958961723
909,w377596135,73.15242530554532,other,21801.99476471699,24224.43862746332,27252.493455896238,nr1,-36531.71478201527,-48227.44614033964,-11695.731358324374,0.1511442958961723
916,w377596142,40.572792674647644,other,13756.393494233684,15284.881660259649,17195.491867792105,nr1,-23050.39740555313,-30430.047043316303,-7379.649637763174,0.1511442958961723
917,w377596143,37.61386710904771,other,11901.118275090319,13223.464750100355,14876.397843862898,nr1,-19941.673370008844,-26326.056253833834,-6384.38288382499,0.1511442958961723
918,w377596145,32.806498026452026,other,11256.831818630073,12507.59090958897,14071.03977328759,nr1,-18862.098343992802,-24900.852243227782,-6038.75389923498,0.1511442958961723
919,w377596147,34.850180151499806,other,2595.9189583634725,2884.354398181636,3244.8986979543406,nr0,-5333.533346780074,-7041.079066624417,-1707.5457198443428,0.1853283329119421
929,w377596159,36.51154847629368,other,10808.444433628447,12009.382704031608,13510.555542035558,nr1,-18110.774429025074,-23908.98986120531,-5798.215432180237,0.1511442958961723
931,w377596161,32.13265920560807,other,11285.953908042351,12539.948786713723,14107.442385052938,nr1,-18910.895707525215,-24965.272220105202,-6054.376512579987,0.1511442958961723
934,w377596166,38.724472055921794,other,2981.905002903568,3313.227781003964,3727.38125362946,nr0,-6126.574066835591,-8088.0140063552635,-1961.4399395196724,0.1853283329119421
935,w377596167,41.94859704792034,other,13644.68095577657,15160.756617529521,17055.85119472071,nr1,-22863.21037810302,-30182.931561921905,-7319.721183818885,0.1511442958961723
936,w377596168,31.29673577034846,other,10806.083972832546,12006.75996981394,13507.604966040682,nr1,-18106.81920926282,-23903.768366698536,-5796.949157435716,0.1511442958961723
937,w377596169,36.7579496475868,other,12935.91476002989,14373.238622255432,16169.893450037362,nr1,-21675.59223629636,-28615.094127762695,-6939.501891466334,0.1511442958961723
940,w379327852,945.496160332486,other,150314.97311086906,167016.6367898545,187893.71638858633,nr2,-231861.4372215588,-306092.5292543196,-74231.09203276082,0.1391375060352614
941,w379327862,94.51021252730861,other,35231.108510581456,39145.67612286828,44038.88563822682,nr1,-59033.71785253705,-77933.52885802259,-18899.811005485542,0.1511442958961723
942,w387435839,3594.435384737421,other,612480.6982969497,680534.109218833,765600.8728711872,nr2,-944753.8860473384,-1247219.5030290638,-302465.61698172544,0.1391375060352614
943,w387435840,942.2609318409114,other,202426.40072438534,224918.22302709482,253033.00090548166,nr2,-312243.5192728607,-412209.1612249054,-99965.64195204468,0.1391375060352614
944,w390787314,132.5826213063672,other,36435.59621570424,40483.99579522693,45544.49526963029,nr1,-61051.97360284113,-80597.93487005956,-19545.96126721843,0.1511442958961723
945,w390787315,330.5195846647024,other,95914.57790913379,106571.75323237087,119893.22238641723,nr2,-147948.61366277872,-195314.7789403048,-47366.16527752607,0.1391375060352614
946,w390787316,150.59577141329646,other,12304.720854223664,13671.912060248515,15380.90106777958,nr1,-20617.955263720993,-27218.851700182444,-6600.896436461451,0.1511442958961723
947,w390789514,104.66224040389062,trade,66966.30176497165,74407.00196107962,83707.87720621456,nr2,-103295.78385505636,-136366.21993026196,-33070.436075205595,0.1391375060352614
948,w390789515,335.6007874913513,trade,76780.38985788339,85311.5442865371,95975.48732235424,nr2,-118434.05333778537,-156351.04901623967,-37916.9956784543,0.1391375060352614
949,w390790006,38.98714106846601,trade,20423.524031863217,22692.80447984802,25529.40503982902,nr1,-34221.930737416485,-45178.178229665384,-10956.247492248898,0.1511442958961723
950,w390793102,268.1788772383239,sfh,65081.30933515768,72312.56592795298,81351.6366689471,r2,-107420.4437580345,-141804.674019867,-34384.230261832505,0.1391375060352614
951,w390793103,629.0808588726446,th,190878.21940890737,212086.91045434153,238597.7742611342,r2,-315055.4781720053,-415901.6460683071,-100846.16789630178,0.1391375060352614
952,w390793104,761.76513240356,mfh,116746.78481807098,129718.64979785665,145933.48102258873,r2,-192697.28222425544,-254377.79192083312,-61680.509696577676,0.1391375060352614
953,w390793105,324.12222724705936,th,115306.70719754764,128118.56355283072,144133.38399693454,r2,-190320.3512955001,-251240.02871926673,-60919.67742376664,0.1391375060352614
954,w390793106,1475.9963392082602,mfh,234332.2441500108,260369.16016667866,292915.30518751347,r2,-386778.84496420226,-510582.95897076017,-123804.11400655791,0.1391375060352614
955,w390793107,895.6360460046678,mfh,90245.7910168643,100273.10112984922,112807.23877108037,r2,-148955.86793441267,-196635.1800162424,-47679.31208182973,0.1391375060352614
956,w390793108,286.70933025064875,mfh,46848.04655803811,52053.38506448679,58560.05819754764,r1,-84001.49644920681,-110889.5514152989,-26888.054966092095,0.15115032676506104
957,w390793793,117.72837251536548,mfh,22135.523635016718,24595.026261129686,27669.404543770896,r1,-39690.387254986934,-52394.89085609685,-12704.503601109915,0.15115032676506104
958,w390794364,96.81251710766227,sfh,56694.85220505993,62994.28022784436,70868.5652563249,r2,-93578.11397586201,-123531.55026645995,-29953.436290597936,0.1391375060352614
959,w475684695,267.0884538785554,mfh,70757.24663127349,78619.16292363721,88446.55828909186,r2,-116788.9046774611,-154171.88737582363,-37382.982698362524,0.1391375060352614
960,w620369477,3702.806372543797,other,329831.05954184383,366478.95504649315,412288.8244273048,nr2,-508765.70658915717,-671648.4802038319,-162882.77361467475,0.1391375060352614
961,w620369478,20480.360502976928,other,1687025.1117225294,1874472.3463583658,2108781.3896531616,nr2,-2602242.870005626,-3435358.25257957,-833115.3825739436,0.1391375060352614
962,w993163452,1412.2592688187956,other,219456.23066754482,243840.25629727202,274320.288334431,nr2,-338512.0989395538,-446887.7006424514,-108375.60170289763,0.1391375060352614
963,w993163453,1066.3710880815981,other,168538.70539177582,187265.22821308425,210673.38173971977,nr2,-259971.61593991847,-343202.2608457427,-83230.64490582424,0.1391375060352614
964,w993163454,1257.084109787643,other,195060.50799116978,216733.8977679664,243825.6349889622,nr2,-300881.6007613661,-397209.69250755425,-96328.09174618818,0.1391375060352614
965,w993163455,1355.0658122852444,mfh,137933.86271477625,153259.84746086248,172417.3283934703,r2,-227667.7727206819,-300541.9933677267,-72874.22064704477,0.1391375060352614
966,w993163456,1286.649396429956,mfh,247159.72221315524,274621.9135701725,308949.652766444,r2,-407951.3351909018,-538532.5556187575,-130581.22042785567,0.1391375060352614
967,w993163457,923.1744978809729,ab,179010.19212771326,198900.21347523696,223762.74015964157,r2,-295466.61663707567,-390042.58212105685,-94575.96548398118,0.1391375060352614
968,w993163458,923.3917086940259,ab,189578.2241455195,210642.47127279942,236972.78018189935,r2,-312909.76122956787,-413069.10618188995,-100159.34495232208,0.1391375060352614
969,w993163460,1313.604391914094,ab,245379.75645429146,272644.1738381016,306724.6955678643,r2,-405013.39934350527,-534654.2153275019,-129640.81598399661,0.1391375060352614
970,w993163461,1099.8535498690792,ab,238283.01711607818,264758.90790675353,297853.7713950977,r2,-393299.8229460165,-519191.23803433223,-125891.41508831573,0.1391375060352614
971,w993164648,226.1375619597733,ab,80518.68723860527,89465.20804289474,100648.35904825658,r2,-132900.72376145152,-175440.9416930699,-42540.21793161839,0.1391375060352614
972,w993164649,158.37299746889622,other,45705.056496500765,50783.396107223074,57131.32062062596,nr1,-76584.00554834434,-101102.59058007735,-24518.585031733004,0.1511442958961723
973,w993164650,163.5844805765897,other,42041.22380437142,46712.47089374602,52551.52975546427,nr1,-70444.83835917956,-92997.95172781781,-22553.113368638253,0.1511442958961723
974,w993164651,162.24389737509188,other,40307.84105282511,44786.490058694566,50384.801316031386,nr1,-67540.35897686025,-89163.59509242955,-21623.236115569292,0.1511442958961723
975,w993164652,173.63842588849366,other,44647.17229247326,49607.96921385918,55808.965365591575,nr1,-74811.4005903579,-98762.48115325467,-23951.08056289678,0.1511442958961723
976,w1006795433,259.34726619906723,mfh,68303.07904180315,75892.31004644795,85378.84880225394,r2,-112738.15993660392,-148824.5389808681,-36086.37904426418,0.1391375060352614
977,w1006849999,188.95288848243652,other,44821.0228985385,49801.13655393166,56026.278623173115,nr1,-75102.70699713372,-99147.05012645914,-24044.343129325425,0.1511442958961723
978,w1007159125,240.08975319266318,education,69893.91967217866,77659.91074686518,87367.39959022331,nr2,-107811.64599142462,-142327.84804595387,-34516.20205452925,0.1391375060352614
979,w1007160095,265.99824453517795,sfh,66191.08957937718,73545.65508819686,82738.86197422147,r2,-109252.19987243641,-144222.75729712244,-34970.557424686034,0.1391375060352614
980,w1007176059,713.9090096209663,trade,158757.7360382709,176397.48448696767,198447.17004783862,nr2,-244884.43224298256,-323284.872803734,-78400.44056075142,0.1391375060352614
981,w1029411791,412.32884333096445,trade,89326.49349025691,99251.65943361878,111658.11686282113,nr2,-137786.46753531948,-181899.19311421664,-44112.72557889717,0.1391375060352614
982,w1030080397,647.4037659055554,other,112142.32300889542,124602.5811209949,140177.90376111926,nr2,-172979.97430388152,-228360.00017729183,-55380.02587341031,0.1391375060352614
983,w1030080398,123.65970464986749,other,23480.75041155538,26089.722679505976,29350.938014444222,nr1,-39344.66025516284,-51940.96402778146,-12596.303772618623,0.1511442958961723
984,w1030080399,86.80603968682699,other,25835.146683608775,28705.718537343084,32293.933354510966,nr1,-43289.718219936236,-57149.043408996076,-13859.32518905984,0.1511442958961723
985,w1036126248,1409.4026292502879,trade,218679.86292202817,242977.6254689202,273349.8286525352,nr2,-337314.5486385922,-445306.75124041556,-107992.20260182337,0.1391375060352614
986,w1036126249,536.9865712554193,mfh,123235.89624283573,136928.77360315082,154044.87030354465,r2,-203407.9338070901,-268516.8180047823,-65108.88419769221,0.1391375060352614
987,w1036126250,784.2879224468953,mfh,152719.49523878298,169688.3280430922,190899.36904847872,r2,-252072.30949471428,-332758.18295676546,-80685.87346205118,0.1391375060352614
988,w1036126251,422.468481163308,mfh,131740.18052406833,146377.9783600759,164675.2256550854,r2,-217444.74407822243,-287046.6735438287,-69601.92946560628,0.1391375060352614
989,w1036680208,878.3984476357698,mfh,195723.4450164567,217470.49446272966,244654.30627057087,r2,-323052.8016768289,-426458.8343739837,-103406.03269715479,0.1391375060352614
990,w1075387093,82.43980132825672,other,25255.32593226266,28061.47325806962,31569.157415328325,nr1,-42318.1627938635,-55866.44177743116,-13548.27898356766,0.1511442958961723
991,w1075387094,82.56877346616238,other,18471.951114990337,20524.39012776704,23089.93889373792,nr1,-30951.848988250855,-40861.17060017318,-9909.321611922325,0.1511442958961723
992,w1075387095,130.11354850369972,other,17546.933519760307,19496.592799733673,21933.666899700384,nr1,-29401.877101642713,-38814.970849450416,-9413.093747807703,0.1511442958961723
993,w1075387096,86.78853361294604,other,19192.799696722424,21325.332996358247,23990.99962090303,nr1,-32159.71253803364,-42455.73506668179,-10296.022528648147,0.1511442958961723
994,w1075387097,130.27800867820625,other,18492.72523522246,20547.47248358051,23115.906544028076,nr1,-30986.658382682752,-40907.12432025337,-9920.465937570621,0.1511442958961723
995,w1075387098,130.18280181584413,other,17539.018200395993,19487.79800043999,21923.77275049499,nr1,-29388.614086375244,-38797.46164249731,-9408.847556122062,0.1511442958961723
996,w1075387099,86.85200681062415,other,27744.647424820705,30827.38602757856,34680.80928102588,nr1,-46489.30326739675,-61372.984619218296,-14883.68135182155,0.1511442958961723
997,w1107949539,145.45949292609,other,7234.128086910359,8037.920096567066,9042.660108637949,nr1,-12121.602028602521,-16002.367051679112,-3880.7650230765903,0.1511442958961723
998,w1107949540,113.13991883732378,other,28748.75876737973,31943.06529708859,35935.94845922466,nr1,-48171.80569763843,-63594.144940316015,-15422.339242677583,0.1511442958961723
999,w1108636740,113.13954655230044,other,30738.16352195462,34153.51502439402,38422.70440244327,nr1,-51505.27898136428,-67994.8390826642,-16489.560101299918,0.1511442958961723
1000,w1108636741,169.70950587596744,other,22435.53536817059,24928.372631300655,28044.419210213237,nr1,-37593.28391263667,-49628.87961743705,-12035.595704800384,0.1511442958961723
1001,w1108636742,113.35190696045755,other,24778.82711181561,27532.03012423957,30973.533889769515,nr1,-41519.73498070261,-54812.39505156754,-13292.660070864928,0.1511442958961723
1002,w1108636743,97.02220907397567,other,29852.23012320762,33169.1445813418,37315.287654009524,nr1,-50020.79709848338,-66035.09614477742,-16014.299046294036,0.1511442958961723
1003,w1108636744,97.02139693088829,other,21390.9331432008,23767.703492445333,26738.666429000998,nr1,-35842.934416864264,-47318.15080172617,-11475.21638486191,0.1511442958961723
1004,w1108636745,97.02220705058426,other,20564.73007540746,22849.700083786065,25705.912594259324,nr1,-34458.537477484286,-45490.53528383463,-11031.997806350344,0.1511442958961723
1005,w1108636746,96.97299731615931,other,20594.571221274768,22882.85691252752,25743.214026593458,nr1,-34508.539701654954,-45556.54586087645,-11048.006159221499,0.1511442958961723
1006,w1108636747,96.97299630921333,other,21237.913006776573,23597.681118640638,26547.391258470714,nr1,-35586.53182434545,-46979.660197199926,-11393.128372854473,0.1511442958961723
1007,w1108636748,93.15071205198764,other,25536.120008859092,28373.466676510103,31920.150011073863,nr1,-42788.665113921896,-56487.57674015926,-13698.911626237365,0.1511442958961723
1008,w1108636749,139.88183319568634,other,19436.592588740816,21596.213987489795,24295.740735926018,nr1,-32568.215177044993,-42995.02097588869,-10426.8057988437,0.1511442958961723
1009,w1108636750,139.7263257611543,other,19062.12837594123,21180.1426399347,23827.660469926534,nr1,-31940.75792069316,-42166.68151203821,-10225.92359134505,0.1511442958961723
1010,w1108636751,139.8837134392932,other,18077.1469860024,20085.718873336,22596.433732503,nr1,-30290.30989558533,-39987.837904141015,-9697.528008555684,0.1511442958961723
1011,w1108636752,93.1510556358844,other,19469.083244354304,21632.314715949226,24336.35405544288,nr1,-32622.656955275004,-43066.89244272344,-10444.235487448434,0.1511442958961723
1012,w1108636753,93.25489941500128,other,19379.091053198343,21532.323392442602,24223.863816497927,nr1,-32471.86483302211,-42867.823797910765,-10395.958964888654,0.1511442958961723
1013,w1108636754,139.72684112749994,other,25910.37615630671,28789.30684034079,32387.970195383386,nr1,-43415.773733179914,-57315.455949768606,-13899.682216588692,0.1511442958961723
1014,w1159236388,245.9913005110109,other,69645.03448735391,77383.37165261546,87056.29310919238,nr2,-107427.73961495172,-141821.03296199845,-34393.29334704674,0.1391375060352614
1015,w1159236389,122.96537718712352,other,45526.262556586495,50584.736173984995,56907.82819573311,nr1,-76284.41602508331,-100707.08662732027,-24422.67060223696,0.1511442958961723
1016,w1159236390,245.9301320978673,other,47719.789281556106,53021.988090617895,59649.73660194513,nr1,-79959.91881957992,-105559.31199144467,-25599.39317186475,0.1511442958961723
1017,w1219742100,99.15745026543736,other,24902.255561907554,27669.172846563946,31127.81945238444,nr1,-41726.55334679276,-55085.426899948136,-13358.873553155376,0.1511442958961723
1018,w1219742101,534.7382739499211,other,97380.9120977135,108201.0134419039,121726.14012214188,nr2,-150210.43991584555,-198300.73523744225,-48090.2953215967,0.1391375060352614
1019,w1219742102,331.85329187787136,other,59651.986323929385,66279.98480436599,74564.98290491173,nr2,-92013.42351959573,-121471.78016303251,-29458.356643436782,0.1391375060352614
1020,w1219742103,321.63751182574777,other,63594.9553748088,70661.06152756533,79493.694218511,nr2,-98095.46878851725,-129501.00935143138,-31405.54056291413,0.1391375060352614
1021,w1219742104,906.7466930493712,other,139944.3369520087,155493.7077244541,174930.42119001088,nr2,-215864.69015816628,-284974.3785728135,-69109.68841464724,0.1391375060352614
1022,w1219742105,1260.638449399173,ab,275916.17447946646,306573.52719940717,344895.21809933305,r2,-455415.513384458,-601189.5516326539,-145774.0382481959,0.1391375060352614
1023,w1219929093,501.3837405549362,other,115763.07895930854,128625.6432881206,144703.84869913565,nr2,-178565.00459804985,-235733.09364720943,-57168.08904915958,0.1391375060352614
1024,w1242595698,177.05818741209805,other,34357.4302496909,38174.92249965655,42946.787812113624,nr1,-57569.77084298389,-76000.89509098427,-18431.12424800038,0.1511442958961723
1025,w1242595699,175.70056665593293,other,34263.08094414638,38070.08993794042,42828.85118018297,nr1,-57411.67788143474,-75792.18822261592,-18380.51034118118,0.1511442958961723
