building_usage,npv_per_nfa
office,-28.434728601992717
education,-114.59087102468249
trade,-146.98332608320837
health,-148.5411570849547
mfh,-154.52551125189473
other,-170.1570531540497
ab,-200.28477100765875
th,-220.01648571233662
sfh,-252.39541925172702
