building_usage,savings_npv_25years_ir_0.05
sfh,-29186.134257807124
th,-39374.82604693603
mfh,-65607.20816403705
other,-84654.07905244532
ab,-95624.45583339703
education,-118482.30664567107
office,-159397.65284767642
health,-179870.0438542401
trade,-247386.8666713618
