building_usage,npv_per_nfa
office,-31.32271486561385
education,-126.22934544403986
trade,-161.91175507056653
health,-163.62780789313848
mfh,-170.22172863567368
other,-187.43913236941827
ab,-220.62907065713202
th,-242.3650711321671
sfh,-278.0329553138934
