building_usage,savings_npv_25years_ir_0.05
sfh,-28540.23479322481
th,-38503.44723269877
mfh,-64155.29746385392
other,-82780.86012390911
ab,-93508.25283514473
education,-115860.53930746872
office,-155870.51388614415
health,-175889.89340436447
trade,-241912.709176447
