building_usage,savings_npv_25years_ir_0.05
sfh,-31439.262441599963
th,-42414.5067910401
mfh,-70671.99161458306
other,-91188.53618352297
ab,-103006.52824473215
education,-127627.96816881736
office,-171701.57418243284
health,-193754.23117145651
trade,-266482.6845356628
