building_usage,npv_per_nfa
office,-29.07816806088835
education,-117.18390748648757
trade,-150.30936000199284
health,-151.9024426128136
mfh,-158.02260739371062
other,-174.00747718099262
ab,-204.81745363255948
th,-224.99572051367807
sfh,-258.10742783675875
