,full_id,NFA,building_usage,yearly_demand_useful_renovated,yearly_demand_delivered_renovated,yearly_demand_delivered_renovated_DH,consumer_size_renovated,npv_Gas_25years_ir_0.08578947368421053,npv_DH_25years_ir_0.08578947368421053,savings_npv_25years_ir_0.08578947368421053,operator_selling_price
0,w24853838,27974.42320393324,trade,1197392.8826751309,1330436.536305701,1496741.1033439136,nr2,-1332409.1306308217,-5887399.818468662,-4554990.68783784,0.13680147770224252
1,w24853840,937.1926232803613,trade,88019.54120636193,97799.49022929103,110024.4265079524,nr2,-97944.49430439081,-552660.1813468684,-454715.6870424776,0.13680147770224252
2,w24853841,8998.296452549099,trade,370411.49455784855,411568.3272864984,463014.36819731066,nr2,-412178.5460565414,-2365834.5066818027,-1953655.9606252613,0.13680147770224252
3,w25538793,404.8852469230536,trade,30724.044681390333,34137.827423767034,38405.05585173791,nr1,-37138.714137145456,-265372.8009582486,-228234.08682110315,0.1486066813618269
4,w27689586,5481.69515059907,office,239232.2588022705,265813.6208914117,299040.3235028381,nr2,-266207.73397069174,-345534.5261440874,-79326.79217339563,0.13680147770224252
5,w28994179,16672.165487814695,other,602602.7887910821,669558.6542123135,753253.4859888526,nr2,-670551.3867219769,-870367.8597547731,-199816.47303279617,0.13680147770224252
6,w28994181,2845.002712316811,trade,324149.90597616514,360166.56219573907,405187.3824702064,nr2,-360700.56926582323,-468185.1215295288,-107484.55226370558,0.13680147770224252
7,w29249266,23411.247439788887,trade,2697249.5326306587,2996943.9251451762,3371561.915788323,nr2,-3001387.3949523577,-3895765.745873777,-894378.3509214194,0.13680147770224252
8,w30213059,1747.46707642246,ab,186541.77691087977,207268.64101208863,233177.2211385997,r2,-222116.80482980405,-758940.7294209957,-536823.9245911916,0.13680147770224252
9,w50930444,8762.936898044496,other,330222.16830016905,366913.5203335212,412777.7103752113,nr2,-367457.53089567076,-2273449.741539837,-1905992.210644166,0.13680147770224252
10,w50930445,4934.112452852726,other,202146.16980193532,224606.85533548368,252682.71225241915,nr2,-224939.8725040051,-1570197.0846131917,-1345257.2121091867,0.13680147770224252
11,w50930458,1974.6456010334193,other,60554.61203303029,67282.90225892254,75693.26504128786,nr2,-67382.6603966103,-837574.7334779323,-770192.073081322,0.13680147770224252
12,w50930471,4724.4749339554455,other,258143.60911438576,286826.2323493175,322679.5113929822,nr2,-287251.50013382913,-1624940.250964019,-1337688.7508301898,0.13680147770224252
13,w50930472,9715.957844087014,other,1058464.4972369291,1176071.663596588,1323080.6215461614,nr2,-1177815.3862216352,-1528790.6000811912,-350975.213859556,0.13680147770224252
14,w50930478,6019.835157379508,trade,680901.6527717811,756557.3919686456,851127.0659647263,nr2,-757679.1146343276,-983458.6318715574,-225779.51723722985,0.13680147770224252
15,w50930479,4489.048651921749,other,185541.01142931575,206156.6793659064,231926.26428664467,nr2,-206462.34106769046,-1236142.629734307,-1029680.2886666167,0.13680147770224252
16,w50930480,4441.97852948606,other,168700.98991545063,187445.54435050068,210876.23739431327,nr2,-187723.46367018626,-1168632.3626607107,-980908.8989905245,0.13680147770224252
17,w50930481,1370.623297881335,other,62080.660377160784,68978.51153017864,77600.82547145098,nr2,-69080.78369174864,-534309.6069008543,-465228.82320910564,0.13680147770224252
18,w50930482,1573.369959426485,other,63379.87619939754,70422.08466599727,79224.84524924692,nr2,-70526.49716579304,-518957.1186460896,-448430.6214802966,0.13680147770224252
19,w50930483,704.9254127380437,other,45123.70064816985,50137.445164633165,56404.62581021231,nr1,-54544.778741243186,-346964.08641183283,-292419.30767058965,0.1486066813618269
20,w50930486,509.32494937628496,trade,30466.044901173256,33851.16100130362,38082.55612646657,nr1,-36826.848294471034,-249985.61955282645,-213158.7712583554,0.1486066813618269
21,w98916060,2713.01504517002,other,226605.19701500298,251783.55223889218,283256.4962687537,nr2,-252156.86339861446,-327296.66042689845,-75139.797028284,0.13680147770224252
22,w98916062,151.14776481509907,trade,11092.043274505519,12324.492527228354,13865.054093131897,nr1,-13407.87740157869,-110387.99123940819,-96980.1138378295,0.1486066813618269
23,w98916065,222.67857759937178,other,20948.500685227787,23276.111872475318,26185.625856534734,nr1,-25322.19916415199,-170460.1649623778,-145137.9657982258,0.1486066813618269
24,w98916067,43210.64675020873,trade,3034378.024269405,3371531.1380771166,3792972.530336756,nr2,-3376529.9959770995,-4382696.455767487,-1006166.4597903877,0.13680147770224252
25,w98916074,4745.314506876469,trade,491122.8611791089,545692.0679767877,613903.5764738861,nr2,-546501.1475887648,-709352.0997781141,-162850.95218934934,0.13680147770224252
26,w98916075,67.06430839556852,sfh,8538.96409194254,9487.737879936156,10673.705114928174,r1,-11045.245447511781,-88994.48237669097,-77949.23692917918,0.14861261097634507
27,w98916076,98.82164086105185,sfh,13728.213996145805,15253.571106828673,17160.267495182256,r1,-17757.598171244,-113394.12702656773,-95636.52885532373,0.14861261097634507
28,w98916079,3334.9361924076916,trade,133751.88480733606,148613.2053414845,167189.85600917006,nr2,-148833.5492342557,-1164585.47944339,-1015751.9302091342,0.13680147770224252
29,w98916080,2976.303781049745,other,104082.21116258297,115646.90129175886,130102.76395322871,nr2,-115818.36713396983,-846132.1568961624,-730313.7897621926,0.13680147770224252
30,w98916086,294.4025758753764,other,20686.516731325537,22985.018590361706,25858.14591415692,nr1,-25005.517318600963,-213820.8161252588,-188815.29880665784,0.1486066813618269
31,w98916091,1116.7099465291947,trade,65522.69205707044,72802.99117452271,81903.36507133805,nr2,-72910.93376578788,-94637.53953992228,-21726.605774134398,0.13680147770224252
32,w98916094,150.05011938810347,trade,13612.2294499376,15124.699388819556,17015.286812422,nr1,-16454.236528847166,-151881.30262908703,-135427.06610023987,0.1486066813618269
33,w98916098,15131.85493721813,trade,1389797.224493673,1544219.1383263033,1737246.5306170913,nr2,-1546508.7010569419,-2007350.2119072557,-460841.5108503138,0.13680147770224252
34,w98916102,1892.1415951219387,trade,73425.17962658805,81583.53291843117,91781.47453323506,nr2,-81704.49412903131,-713047.5592841643,-631343.065155133,0.13680147770224252
35,w98916109,81.43322088830173,sfh,9629.8057932929,10699.784214769888,12037.257241616126,r1,-12456.261374744137,-101609.66713071038,-89153.40575596625,0.14861261097634507
36,w98916113,559.2398283889517,trade,50271.6825643969,55857.425071552105,62839.60320549612,nr2,-55940.24303145116,-380218.32774038106,-324278.0847089299,0.13680147770224252
37,w98916116,6987.1012714248145,other,358101.17313169746,397890.1923685527,447626.4664146218,nr2,-398480.13101956627,-2076413.3428941937,-1677933.2118746275,0.13680147770224252
38,w98916121,458.57296650111675,other,22475.134293848154,24972.371437609057,28093.917867310192,nr1,-27167.568475733944,-196998.9915586848,-169831.42308295085,0.1486066813618269
39,w98916126,1235.1179318586364,trade,54455.49615433791,60506.10683815323,68069.37019292239,nr2,-60595.81724502126,-464723.3004858257,-404127.4832408044,0.13680147770224252
40,w99055014,379.03616306802724,mfh,51250.231128429565,56944.70125381063,64062.788910536954,r2,-61024.065351721285,-291737.69251315563,-230713.62716143436,0.13680147770224252
41,w99055018,363.825429549627,mfh,39011.950831555296,43346.61203506144,48764.93853944412,r1,-50462.394229692145,-219943.3045153695,-169480.91028567735,0.14861261097634507
42,w99055022,32.828185592684896,sfh,3912.1656857345315,4346.850761927257,4890.207107168164,r0,-6209.523299607987,-45681.22217575939,-39471.6988761514,0.18235870604520946
43,w99055023,57.57688737055287,sfh,7638.842228320924,8487.602475912137,9548.552785401154,r1,-9880.927761042774,-63462.83157670294,-53581.90381566017,0.14861261097634507
44,w99055025,2922.078992408514,trade,131771.14343422168,146412.38159357963,164713.9292927771,nr2,-146629.4623976448,-898875.9064265421,-752246.4440288973,0.13680147770224252
45,w99055028,168.94065034445376,ab,18863.996140229203,20959.99571136578,23579.9951752865,r1,-24400.789749936393,-118453.021519677,-94052.23176974061,0.14861261097634507
46,w99055030,502.22660109587014,other,33719.73290267432,37466.369891860355,42149.66612834289,nr1,-40759.85222778455,-291520.2657296974,-250760.41350191287,0.1486066813618269
47,w99055036,2513.4158389533286,other,94056.81089942587,104507.56766602874,117571.01362428232,nr2,-104662.51758606221,-785059.0697870874,-680396.5522010252,0.13680147770224252
48,w99055038,337.97397138923407,other,24561.514626422148,27290.57180713572,30701.893283027683,nr1,-29689.550316222583,-233616.8496266735,-203927.2993104509,0.1486066813618269
49,w99055039,2475.299022556655,other,95255.37369289662,105839.30410321847,119069.21711612078,nr2,-105996.22854489717,-677951.6722759705,-571955.4437310733,0.13680147770224252
50,w99055040,101.95110847079195,trade,7536.8851086504455,8374.316787389384,9421.106385813056,nr1,-9110.4613483465,-95588.82677070645,-86478.36542235996,0.1486066813618269
51,w99055041,189.90211718752977,ab,21595.11692946048,23994.5743660672,26993.8961618256,r1,-27933.52500201766,-159088.7633145046,-131155.23831248697,0.14861261097634507
52,w99055043,190.2007592998445,sfh,29155.98911223378,32395.543458037533,36444.98639029222,r1,-37713.597638088104,-202305.67885698695,-164592.08121889885,0.14861261097634507
53,w99055048,47.74609960326925,sfh,5769.180841789516,6410.2009353216845,7211.476052236895,r1,-7462.499870303547,-66398.93338645498,-58936.43351615144,0.14861261097634507
54,w99055050,194.95880112051967,trade,16984.909900636445,18872.122111818273,21231.137375795555,nr1,-20531.07655539198,-166401.73555043017,-145870.6589950382,0.1486066813618269
55,w99055053,122.33706042193808,ab,14174.508663259385,15749.454070288204,17718.13582907423,r1,-18334.885309017125,-134002.50679334707,-115667.62148432995,0.14861261097634507
56,w99055057,303.91877080444243,ab,36040.58788819037,40045.09765354486,45050.73486023796,r1,-46618.903067330255,-219850.1101271863,-173231.20705985604,0.14861261097634507
57,w99055067,194.8848727118224,sfh,21931.666176569037,24368.517973965598,27414.582720711296,r1,-28368.855212973463,-150495.56687341066,-122126.7116604372,0.14861261097634507
58,w99055068,348.37368724122643,ab,40200.04013772175,44666.71126413528,50250.05017215219,r1,-51999.20102017334,-333006.6431452292,-281007.4421250559,0.14861261097634507
59,w99055094,263.70872883694244,other,16614.595860209945,18460.66206689994,20768.24482526243,nr1,-20083.44710324822,-180706.73158398367,-160623.28448073546,0.1486066813618269
60,w99055100,85.6876405166462,sfh,12089.433153049305,13432.703503388117,15111.79144131163,r1,-15637.816842761635,-103537.86820006534,-87900.0513573037,0.14861261097634507
61,w99055110,94.65369866762775,sfh,12604.978915374657,14005.532128194063,15756.22364421832,r1,-16304.681045842348,-128839.85352799737,-112535.17248215503,0.14861261097634507
62,w99055113,801.3236896117684,education,39333.930829421224,43704.367588245805,49167.41353677653,nr1,-47546.20129324791,-338067.42711929954,-290521.2258260516,0.1486066813618269
63,w99055118,54.3237798044458,other,6219.479772060365,6910.533080067072,7774.349715075456,nr1,-7518.003691623845,-65902.836088219,-58384.83239659516,0.1486066813618269
64,w99055131,500.74276516167447,th,69240.53713621371,76933.93015134857,86550.67142026713,r2,-82445.26844376915,-435830.0856832141,-353384.817239445,0.13680147770224252
65,w99055135,663.0715527065098,ab,68880.52212837798,76533.91347597554,86100.65266047248,r2,-82016.5956576755,-325888.5643623359,-243871.9687046604,0.13680147770224252
66,w99055142,64.54166975589469,sfh,9032.758360397225,10036.398178219139,11290.947950496531,r1,-11683.973850270035,-75473.38380947676,-63789.40995920672,0.14861261097634507
67,w99055146,149.08371188635937,sfh,17342.70904751041,19269.67671945601,21678.38630938801,r1,-22432.98790017031,-103096.33923920941,-80663.3513390391,0.14861261097634507
68,w99055147,57.659734526090325,sfh,7330.462267285426,8144.958074761584,9163.077834106782,r1,-9482.034836320761,-75006.7674337722,-65524.73259745144,0.14861261097634507
69,w99055152,1635.3717537612654,other,76892.01538215307,85435.57264683674,96115.01922769133,nr2,-85562.2451495587,-581059.5182660812,-495497.2731165225,0.13680147770224252
70,w99055158,567.1104306213557,trade,39120.40099323338,43467.11221470375,48900.50124154172,nr1,-47288.08997918856,-339293.6818157517,-292005.59183656314,0.1486066813618269
71,w99055160,362.3993257842958,ab,41269.65009818708,45855.16677576342,51587.06262273384,r1,-53382.753453376674,-286939.4387581347,-233556.68530475805,0.14861261097634507
72,w99055171,150.93386064656082,sfh,16885.70894548665,18761.8988283185,21107.136181858314,r1,-21841.85316274315,-117227.25646003138,-95385.40329728823,0.14861261097634507
73,w99055172,71.28885925472714,sfh,9019.499646113589,10021.666273459543,11274.374557641986,r1,-11666.823555222023,-91817.0927750192,-80150.26921979718,0.14861261097634507
74,w99055173,413.9677898917347,ab,46033.80958093352,51148.67731214836,57542.2619761669,r1,-59545.246967979845,-257866.6915007006,-198321.44453272075,0.14861261097634507
75,w99055181,184.62117180265486,other,15209.502381678169,16899.44709075352,19011.87797709771,nr1,-18384.99347917943,-149924.0880741954,-131539.09459501598,0.1486066813618269
76,w99055182,84.81555104400032,sfh,9995.399856476368,11105.999840529297,12494.24982059546,r1,-12929.161379772253,-105894.68819474005,-92965.5268149678,0.14861261097634507
77,w99055185,136.9722994968528,education,10840.570650859518,12045.07850095502,13550.713313574397,nr1,-13103.901477192547,-130189.73197188777,-117085.83049469523,0.1486066813618269
78,w99055186,41.49024544628337,sfh,5137.404922484948,5708.227691649942,6421.756153106185,r1,-6645.290660683967,-55615.78489737351,-48970.49423668954,0.14861261097634507
79,w99055192,160.51305735595523,ab,18121.209085465063,20134.67676162785,22651.511356831328,r1,-23439.986396418848,-150799.42662293313,-127359.44022651427,0.14861261097634507
80,w99055193,133.23216011486946,other,9055.86994602939,10062.077717810433,11319.837432536737,nr1,-10946.584952483965,-96344.52926454123,-85397.94431205725,0.1486066813618269
81,w99055199,594.2030242990702,ab,69499.33638341566,77221.48487046185,86874.17047926957,r2,-82753.42280378856,-335089.34197082836,-252335.9191670398,0.13680147770224252
82,w99055201,119.5810925271362,sfh,16186.140935837673,17984.601039819638,20232.67616979709,r1,-20936.95412691147,-137463.4365853809,-116526.48245846943,0.14861261097634507
83,w99055202,635.4450178422034,ab,74224.65462412336,82471.83847124818,92780.8182801542,r2,-88379.89750994202,-427865.9461798286,-339486.0486698866,0.13680147770224252
84,w99055209,191.61494707558305,other,19092.937557201116,21214.375063556796,23866.171946501392,nr1,-23079.225321031947,-171796.75513067018,-148717.52980963822,0.1486066813618269
85,w99055216,463.1840371862054,education,30329.625776782435,33699.58419642493,37912.03222097804,nr1,-36661.94712614735,-249401.51298580668,-212739.56585965934,0.1486066813618269
86,w99055219,773.0541430711745,other,89363.99007406665,99293.3223045185,111704.9875925833,nr2,-99440.54123511411,-605407.375518668,-505966.8342835539,0.13680147770224252
87,w99055224,318.955577952601,ab,39326.77401159415,43696.415568437944,49158.46751449268,r1,-50869.62153017659,-234126.1302050595,-183256.50867488293,0.14861261097634507
88,w99055226,262.56915004737675,ab,28811.221455015977,32012.468283351085,36014.02681876997,r1,-37267.636821842534,-177300.5534368079,-140032.91661496536,0.14861261097634507
89,w99055235,1694.7837025728077,trade,149404.7926523063,166005.3251692292,186755.99081538286,nr2,-166251.45578383026,-916448.324363341,-750196.8685795107,0.13680147770224252
90,w99055245,424.4345906373113,ab,47895.25638616388,53216.95154018208,59869.07048270485,r1,-61953.04920603547,-277607.32573355525,-215654.27652751977,0.14861261097634507
91,w99055249,70.42309986636974,sfh,9527.919340341607,10586.577044824007,11909.899175427008,r1,-12324.470109608674,-104595.98226948606,-92271.51215987738,0.14861261097634507
92,w99055257,137.79457132667304,trade,8302.741753787854,9225.268615319837,10378.427192234816,nr1,-10036.21612148089,-100950.60684124652,-90914.39071976564,0.1486066813618269
93,w99055287,226.3710821658373,mfh,29327.158711257514,32585.731901397237,36658.94838907189,r1,-37935.00742667748,-178809.3370449305,-140874.32961825302,0.14861261097634507
94,w99055292,58.725108856521544,trade,5742.2884325185605,6380.320480576178,7177.8605406482,nr1,-6941.182738141146,-77158.27008916772,-70217.08735102658,0.1486066813618269
95,w99055300,847.1402418442303,other,76273.07353797425,84747.85948663806,95341.34192246781,nr2,-84873.51233976375,-556328.4170362843,-471454.9046965206,0.13680147770224252
96,w99389931,488.4274571448564,mfh,51882.65252404952,57647.39169338835,64853.315655061895,r2,-61777.09463034886,-263314.2437007685,-201537.14907041966,0.13680147770224252
97,w99389943,3490.8252122399163,ab,329651.0091598724,366278.89906652493,412063.7614498405,r2,-392518.1269099449,-1389884.0469244828,-997365.9200145379,0.13680147770224252
98,w99389949,2474.179022271931,ab,284257.7582638273,315841.9536264748,355322.1978297841,r2,-338468.0153647754,-1510816.799535069,-1172348.7841702935,0.13680147770224252
99,w99389956,671.7147096479312,education,46899.24791118664,52110.27545687404,58624.0598889833,nr1,-56691.030737749126,-73584.29505562248,-16893.264317873356,0.1486066813618269
100,w99389960,693.6997662768932,ab,80098.50062143736,88998.33402381929,100123.12577679669,r2,-95373.93351941474,-443401.49195359973,-348027.558434185,0.13680147770224252
101,w99389971,1612.9015118613836,education,79005.85520261421,87784.28355846023,98757.31900326777,nr2,-87914.43841730306,-665621.0278442638,-577706.5894269608,0.13680147770224252
102,w99389974,235.12884147074072,education,10047.192716967635,11163.547463297371,12558.990896209543,nr1,-12144.87942800978,-121073.32438470409,-108928.44495669431,0.1486066813618269
103,w99389975,1082.0712234761565,mfh,111466.82540481444,123852.0282275716,139333.53175601806,r2,-132724.4519347934,-496052.1843677638,-363327.7324329704,0.13680147770224252
104,w99389979,163.53384786918758,ab,21228.517390207166,23587.241544674627,26535.646737758954,r1,-27459.32440246035,-162915.8694596247,-135456.54505716433,0.14861261097634507
105,w99389992,2569.363114476204,other,222880.7619206125,247645.2910229028,278600.9524007656,nr2,-248012.46651935382,-321917.28173467005,-73904.81521531622,0.13680147770224252
106,w99390006,431.6004564465955,education,13943.155864366083,15492.395404851202,17428.944830457604,nr1,-16854.25487387106,-216047.71732106706,-199193.462447196,0.1486066813618269
107,w99390011,2554.974828636646,ab,247425.31787724234,274917.0198636026,309281.6473465529,r2,-294611.33023916406,-1052515.4916777806,-757904.1614386166,0.13680147770224252
108,w99390014,587.280543653667,trade,43622.5019390578,48469.44659895311,54528.12742382225,nr1,-52730.15471309453,-362316.4177443439,-309586.2630312494,0.1486066813618269
109,w99390021,1617.1983746248297,other,56431.07453005592,62701.19392228436,70538.8431625699,nr2,-62794.15891229645,-502707.13954194286,-439912.9806296464,0.13680147770224252
110,w99390022,5590.431437242403,education,501507.8998853299,557230.9998725888,626884.8748566624,nr2,-558057.187877905,-724351.7049580658,-166294.5170801608,0.13680147770224252
111,w99390025,237.89438336268066,education,22880.136119028128,25422.373465586807,28600.170148785157,nr1,-27657.127945079843,-35898.628700478286,-8241.500755398443,0.1486066813618269
112,w99390027,116.0190749399364,mfh,12111.38188864718,13457.090987385754,15139.227360808974,r1,-15666.207777461763,-66117.13214591525,-50450.92436845349,0.14861261097634507
113,w99390046,1095.085822885856,mfh,104637.32667388588,116263.69630431764,130796.65834235735,r2,-124592.51247424148,-439569.8592928648,-314977.3468186233,0.13680147770224252
114,w99390052,1678.6958267321402,education,80452.87476272321,89392.08306969245,100566.093453404,nr2,-89524.62175978556,-766327.1217960683,-676802.5000362827,0.13680147770224252
115,w99390065,2581.633286331594,education,86800.34062073754,96444.82291193059,108500.42577592192,nr2,-96587.81846652625,-755466.7825690466,-658878.9641025204,0.13680147770224252
116,w99390082,124.21957990797236,education,9140.033185312222,10155.592428124692,11425.041481640277,nr1,-11048.320076130447,-95452.70613179076,-84404.38605566032,0.1486066813618269
117,w99390107,332.09000708311794,education,26712.358260262183,29680.39806695798,33390.44782532773,nr1,-32289.45432297817,-41911.33417697686,-9621.87985399869,0.1486066813618269
118,w99390110,1066.5973296171287,mfh,111016.92938734422,123352.1437637158,138771.16173418026,r2,-132188.7571024563,-532878.9417564685,-400690.1846540122,0.13680147770224252
119,w99390116,694.0162199864862,ab,76366.64546448652,84851.8282938739,95458.30683060814,r2,-90930.38335453365,-390698.8078485309,-299768.42449399724,0.13680147770224252
120,w99390122,307.42072394330467,other,23978.9127918091,26643.236435343442,29973.640989761374,nr1,-28985.310909730117,-265405.0070196963,-236419.69610996617,0.1486066813618269
121,w99390129,1196.3697846690193,trade,62972.859261591475,69969.84362399053,78716.07407698935,nr2,-70073.58560092506,-422186.60078033345,-352113.01517940836,0.13680147770224252
122,w99390130,964.417538562417,education,49512.76423577884,55014.18248419871,61890.95529472355,nr1,-59850.2057968384,-396045.5913576675,-336195.38556082913,0.1486066813618269
123,w99390133,9252.387912133521,education,680645.1328091653,756272.3697879614,850806.4160114565,nr2,-757393.6698606666,-983088.1278928184,-225694.4580321518,0.13680147770224252
124,w99390139,1249.1388426542283,ab,101272.3942615666,112524.88251285178,126590.49282695825,r2,-120585.86019361226,-562031.4035412837,-441445.5433476714,0.13680147770224252
125,w99390141,112.67489476799965,other,7161.259483685899,7956.954981873221,8951.574354607374,nr1,-8656.41134116777,-92475.37713717921,-83818.96579601144,0.1486066813618269
126,w99758761,171.36210507287177,trade,18702.739494504167,20780.821660560185,23378.424368130207,nr1,-22607.560393524942,-186284.63902279708,-163677.07862927215,0.1486066813618269
127,w99758765,309.03573338240386,trade,17633.22369336,19592.4707704,22041.529616699998,nr1,-21314.747483774416,-166777.80944809434,-145463.06196431993,0.1486066813618269
128,w99758770,601.7205038767308,mfh,67803.20632134694,75336.89591260771,84754.00790168367,r2,-80733.82699956038,-359149.2747919376,-278415.4477923772,0.13680147770224252
129,w99758771,976.6668764967471,mfh,93790.2658837786,104211.40653753177,117237.83235472324,r2,-111676.8293259871,-437966.38099193363,-326289.55166594655,0.13680147770224252
130,w99758774,197.5460334163159,ab,21548.287941595398,23942.54215732822,26935.359926994246,r1,-27872.951183055662,-175473.8140585517,-147600.86287549604,0.14861261097634507
131,w99758775,265.071225726977,sfh,27414.764697100116,30460.849663444573,34268.45587137514,r1,-35461.30440470874,-197566.78429524347,-162105.47989053474,0.14861261097634507
132,w99758777,337.6781565959565,ab,38785.81336494016,43095.34818326684,48482.26670617519,r1,-50169.882890289795,-272098.85302364064,-221928.97013335084,0.14861261097634507
133,w99758783,333.3155570875853,th,46165.858494498185,51295.3983272202,57707.32311812273,r1,-59716.05371288408,-77507.06252816916,-17791.00881528508,0.14861261097634507
134,w99758786,182.17889552428386,mfh,24975.758120688377,27750.84235632042,31219.69765086047,r1,-32306.42215031639,-134737.2925661576,-102430.8704158412,0.14861261097634507
135,w99758788,349.08404515869915,other,29695.324703960447,32994.80522662272,37119.15587995056,nr1,-35895.214540489804,-245603.18868210327,-209707.97414161346,0.1486066813618269
136,w99758792,60.93018751584459,sfh,7098.129910688255,7886.811011875839,8872.662388360319,r1,-9181.510337519314,-81814.80209148231,-72633.291753963,0.14861261097634507
137,w99758793,126.39461716674268,ab,14533.912444621437,16148.79160513493,18167.390555776794,r1,-18799.778115353387,-117279.14503106676,-98479.36691571337,0.14861261097634507
138,w99758796,906.0679207786917,ab,92578.39928517047,102864.88809463385,115722.99910646307,r2,-110233.84995042665,-397487.1404777539,-287253.2905273272,0.13680147770224252
139,w99758800,420.9761067721993,ab,43617.35169245246,48463.724102724955,54521.68961556557,r1,-56419.531693332574,-245845.91743777733,-189426.38574444476,0.14861261097634507
140,w99758801,293.7319820257835,mfh,30453.792851169546,33837.547612410606,38067.241063961934,r1,-39392.32127305107,-173598.04209027888,-134205.7208172278,0.14861261097634507
141,w99758803,512.6721141899004,mfh,56071.10035591353,62301.2226176817,70088.8754448919,r2,-66764.31339182993,-278452.5355923845,-211688.2222005546,0.13680147770224252
142,w99758805,165.76912949401884,sfh,21149.48042883679,23499.42269870754,26436.850536045986,r1,-27357.089209952028,-174578.04596968743,-147220.95675973542,0.14861261097634507
143,w99758807,110.8734177275095,other,10633.353902934445,11814.837669927161,13291.692378668055,nr1,-12853.421319211277,-108874.46439623657,-96021.04307702529,0.1486066813618269
144,w99758813,43.0509613757953,other,4335.785169212401,4817.539076902668,5419.731461515501,nr0,-6426.378305112637,-50748.97526425257,-44322.59695913993,0.18221679060440832
145,w99758814,84.92593946289271,th,9884.973779293656,10983.304199215172,12356.217224117068,r1,-12786.324015291488,-71496.00155200814,-58709.67753671665,0.14861261097634507
146,w99758818,424.19755738042295,mfh,42981.25264898336,47756.94738775929,53726.5658112292,r1,-55596.7304743096,-246525.92492188115,-190929.19444757153,0.14861261097634507
147,w99758821,35.03456762442365,sfh,4362.174934958981,4846.861038843312,5452.718668698726,r0,-6923.793384918461,-69257.26582162091,-62333.47243670245,0.18235870604520946
148,w99758824,478.7830200769007,ab,54415.092655594315,60461.21406177146,68018.86581949289,r2,-64792.49160874386,-409276.2034040113,-344483.7117952675,0.13680147770224252
149,w99758826,392.0728006519377,ab,50422.93344994148,56025.48161104609,63028.666812426854,r2,-60038.99530450779,-293695.94980454294,-233656.95450003515,0.13680147770224252
152,w99758837,194.723237061128,mfh,27818.768765056746,30909.743072285273,34773.46095632093,r1,-35983.88818001528,-177005.72371626322,-141021.83553624793,0.14861261097634507
153,w99758838,478.1149431033991,ab,49879.55482966044,55421.727588511596,62349.443537075545,r1,-64519.76141064777,-299503.7120630443,-234983.95065239654,0.14861261097634507
154,w99758842,66.20839738831855,sfh,9098.77198804681,10109.746653385344,11373.464985058512,r1,-11769.36321511797,-70107.84194775387,-58338.4787326359,0.14861261097634507
155,w99758845,141.8255072105676,th,20597.68337727332,22886.31486363702,25747.104221591646,r1,-26643.333559253973,-187090.7310789867,-160447.3975197327,0.14861261097634507
156,w99758846,563.5821329504251,other,39110.73926488373,43456.37696098192,48888.424081104655,nr1,-47276.41104267583,-323764.5598299529,-276488.14878727705,0.1486066813618269
157,w99758847,385.25146163031457,sfh,48245.97195129891,53606.635501443234,60307.46493912364,r1,-62406.70370762011,-328228.7223406999,-265822.01863307983,0.14861261097634507
158,w99758850,177.17881421931088,ab,22322.486341848085,24802.762602053426,27903.107927310106,r1,-28874.385462880182,-147727.85229606903,-118853.46683318885,0.14861261097634507
159,w99758852,422.9061155930161,other,27630.39919965029,30700.443555166985,34537.99899956286,nr1,-33399.16693951992,-247206.0620162189,-213806.89507669897,0.1486066813618269
160,w99758858,57.38898355839774,sfh,6590.511049374096,7322.7900548601065,8238.13881171762,r1,-8524.899669453393,-75011.77144237903,-66486.87177292563,0.14861261097634507
161,w99758862,402.33381934519855,sfh,47385.93913186298,52651.04347984775,59232.42391482872,r1,-61294.241647667295,-394091.4238652396,-332797.1822175723,0.14861261097634507
162,w99758864,101.365438436158,other,10686.907379847416,11874.341533163795,13358.63422480927,nr1,-12918.15587127778,-108813.77637879507,-95895.62050751729,0.1486066813618269
163,w99758865,63.831228005420414,other,4034.3888558582253,4482.654284286917,5042.986069822781,nr0,-5979.657202984773,-56834.58838556,-50854.93118257522,0.18221679060440832
164,w99758868,445.0926624152809,ab,49002.607042031916,54447.341157813236,61253.258802539895,r1,-63385.41965036923,-273701.50438629166,-210316.08473592243,0.14861261097634507
165,w99758869,105.27734354436397,other,8736.207849217513,9706.897610241682,10920.259811521892,nr1,-10560.182727220714,-99785.65143982944,-89225.46871260872,0.1486066813618269
166,w99758874,732.9468768487684,ab,73910.07250364788,82122.30278183098,92387.59062955985,r2,-88005.3220308525,-393878.8630504858,-305873.5410196333,0.13680147770224252
167,w99758876,118.68904608124866,sfh,12352.210694951837,13724.678549946484,15440.263368689795,r1,-15977.722528879469,-123237.95113097463,-107260.22860209516,0.14861261097634507
168,w99758878,556.4759241774678,other,50045.05270888446,55605.61412098273,62556.31588610557,nr2,-55688.058729099466,-378948.75890772854,-323260.7001786291,0.13680147770224252
169,w99758879,141.26093079326674,other,12063.985867794016,13404.42874199335,15079.982334742519,nr1,-14582.745440737646,-175987.7921279034,-161405.04668716577,0.1486066813618269
170,w99758882,536.390386541374,other,53874.88809445505,59860.98677161672,67343.6101180688,nr2,-59949.74068026214,-373445.58914455445,-313495.8484642923,0.13680147770224252
171,w99758886,70.57262436598539,sfh,9862.178496867567,10957.97610763063,12327.723121084458,r1,-12756.838062811717,-101413.75827857593,-88656.92021576421,0.14861261097634507
172,w99758887,84.85345135740936,sfh,11592.59887534742,12880.665417052687,14490.748594184273,r1,-14995.156154080118,-118482.51255319506,-103487.35639911494,0.14861261097634507
173,w99758888,71.82869699064176,other,5611.650315189278,6235.167016876976,7014.562893986597,nr1,-6783.269554990306,-64373.09288707433,-57589.82333208402,0.1486066813618269
174,w99758891,1365.0763243824242,trade,109673.71393623555,121859.68215137284,137092.14242029443,nr2,-122040.35947863587,-913737.4248806804,-791697.0654020446,0.13680147770224252
175,w99758895,154.4283221337944,other,11343.022479982455,12603.358311091617,14178.778099978068,nr1,-13711.256890289742,-17797.05112905443,-4085.794238764689,0.1486066813618269
176,w99758899,158.4874060918577,th,20589.83452385864,22877.59391539849,25737.2931548233,r1,-26633.180979677196,-149181.7012269926,-122548.52024731539,0.14861261097634507
177,w99758900,82.77785695786588,sfh,10694.216001383687,11882.462223759652,13367.770001729608,r1,-13833.087870161018,-100388.24488177453,-86555.15701161351,0.14861261097634507
178,w99758903,400.34018093422054,trade,29613.781724427085,32904.20191603009,37017.22715553385,nr1,-35796.64674324223,-267567.9604686717,-231771.31372542947,0.1486066813618269
179,w99758905,110.54209396946244,sfh,14100.026680676654,15666.696311862948,17625.033350845817,r1,-18238.542032457404,-95434.34862647085,-77195.80659401344,0.14861261097634507
180,w99758908,248.9345047255978,ab,27512.151103074764,30569.05678119418,34390.18887884345,r1,-35587.27480880683,-171027.1310065467,-135439.85619773986,0.14861261097634507
181,w99758913,208.22132023065353,ab,22300.78576510543,24778.65085011714,27875.982206381785,r1,-28846.31552443163,-177144.13456409416,-148297.81903966254,0.14861261097634507
182,w99758915,71.10941483918579,ab,10013.713282288307,11126.348091431451,12517.141602860384,r1,-12952.850000651748,-77251.87176688577,-64299.02176623402,0.14861261097634507
183,w99758919,819.0798590054737,ab,94696.69321739217,105218.54801932463,118370.8665217402,r2,-112756.11969453993,-468764.52926063346,-356008.4095660935,0.13680147770224252
184,w99758922,83.9358181065414,th,11677.410484752485,12974.900538613872,14596.763105940605,r1,-15104.860918333827,-82107.63112800162,-67002.7702096678,0.14861261097634507
185,w99758926,36.12754547015065,sfh,4556.491211661925,5062.768012957695,5695.614014577406,r0,-7232.218831233234,-43041.242475647974,-35809.02364441474,0.18235870604520946
186,w99758928,119.38002583179623,sfh,17308.899478423707,19232.110531581897,21636.124348029633,r1,-22389.254844846935,-114348.16944461154,-91958.91459976461,0.14861261097634507
187,w99758931,65.79372537583113,th,8611.439252918039,9568.265836575598,10764.299066147547,r1,-11138.99287790298,-92712.68420838835,-81573.69133048537,0.14861261097634507
188,w99758935,355.7203856162727,ab,44548.24205703894,49498.046730043265,55685.30257129867,r1,-57623.64877953551,-260963.52155117816,-203339.87277164264,0.14861261097634507
189,w99758936,99.44306262517348,th,12820.809152675898,14245.343502973219,16026.011440844872,r1,-16583.859868978096,-137887.98252558502,-121304.12265660692,0.14861261097634507
190,w99758945,525.0721962768584,mfh,72696.76550898828,80774.18389887585,90870.95688623533,r2,-86560.62756404579,-112349.35257680199,-25788.7250127562,0.13680147770224252
191,w99758951,355.6037514369003,ab,38846.362119594094,43162.62457732677,48557.95264949262,r1,-50248.203380866034,-208270.46677980144,-158022.2633989354,0.14861261097634507
192,w99758953,525.4067761451006,other,30960.182478675506,34400.2027540839,38700.22809834438,nr1,-37424.15357851111,-299040.53716640937,-261616.38358789825,0.1486066813618269
193,w99758954,37.75478148937691,sfh,3643.787391156788,4048.6526568408754,4554.7342389459845,r0,-5783.54408319434,-51589.164549468594,-45805.62046627425,0.18235870604520946
194,w99758959,30.14875982720405,sfh,3902.3905445980445,4335.989493997827,4877.988180747555,r0,-6194.00786096864,-41078.230226766296,-34884.22236579766,0.18235870604520946
195,w99758962,201.50926117040217,mfh,21723.95521923704,24137.72802137449,27154.944024046297,r1,-28100.178769183938,-36471.97323834483,-8371.79446916089,0.14861261097634507
196,w99758966,155.61690238779408,th,21851.717362183943,24279.685957982158,27314.646702729926,r1,-28265.440528403677,-159233.88465243197,-130968.44412402829,0.14861261097634507
197,w99758967,90.83302856497467,ab,10128.948163735615,11254.386848595128,12661.185204669518,r1,-13101.907607171197,-102117.71366988431,-89015.80606271312,0.14861261097634507
198,w99758970,391.2386861808598,th,48443.52710272418,53826.14122524909,60554.40887840523,r1,-62662.24350301186,-284097.35623509117,-221435.11273207932,0.14861261097634507
199,w99758974,163.93810575278476,sfh,20363.139486646123,22625.710540717915,25453.924358307653,r1,-26339.94841647813,-120811.34842802312,-94471.40001154499,0.14861261097634507
200,w99758975,139.83927450878545,sfh,19017.06701210734,21130.074457897044,23771.333765134175,r1,-24598.788632769738,-131210.7516163775,-106611.96298360777,0.14861261097634507
201,w99758979,705.2831632008775,trade,40567.1544633245,45074.61607036056,50708.94307915562,nr1,-49036.901508068484,-315538.6611730133,-266501.7596649448,0.1486066813618269
202,w99758981,319.7999828794971,other,27092.453379920906,30102.725977689894,33865.56672490113,nr1,-32748.9069809962,-42507.69835507913,-9758.791374082928,0.1486066813618269
203,w99758984,336.42351993245535,ab,41356.19257743753,45951.325086041696,51695.24072179691,r1,-53494.69711711212,-241417.2570108988,-187922.55989378667,0.14861261097634507
204,w99758985,1446.6540044941007,ab,159203.44292933436,176892.71436592707,199004.30366166795,r2,-189564.82910668245,-678926.0052073599,-489361.17610067746,0.13680147770224252
205,w99758989,963.3213891830295,education,66773.88157928629,74193.20175476254,83467.35197410785,nr2,-74303.20556535419,-618236.1904300799,-543932.9848647257,0.13680147770224252
206,w99758991,346.04414169639347,ab,38927.20383955835,43252.44871062039,48659.00479944794,r1,-50352.773048777715,-281053.6402226523,-230700.86717387458,0.14861261097634507
207,w99758995,38.315451947040856,sfh,4605.429916486004,5117.144351651115,5756.787395607505,r0,-7309.896018824202,-50910.72618526789,-43600.83016644369,0.18235870604520946
208,w99758997,604.6954287230968,other,49421.63020499519,54912.92244999466,61777.03775624399,nr1,-59740.04449638015,-455531.4233213591,-395791.37882497895,0.1486066813618269
209,w99759000,505.76658869385716,other,34496.09632156219,38328.995912846876,43120.120401952736,nr1,-41698.30741425542,-54123.915479410934,-12425.608065155517,0.1486066813618269
210,w99759001,277.86601877255595,other,21620.245901575137,24022.495446194596,27025.30737696892,nr1,-26134.19360764497,-198327.3296269726,-172193.13601932765,0.1486066813618269
211,w99759005,200.24946516156197,th,21517.100210125434,23907.889122361594,26896.37526265679,r1,-27832.609503979875,-142282.64122009306,-114450.03171611318,0.14861261097634507
212,w99759006,478.86383471041916,sfh,50992.01233528256,56657.79148364729,63740.0154191032,r2,-60716.602143047,-264557.51873705286,-203840.91659400586,0.13680147770224252
213,w99759010,347.4218390390277,ab,42845.86231337848,47606.513681531644,53557.32789172309,r1,-55421.601562667034,-250484.76433210043,-195063.1627694334,0.14861261097634507
214,w99759011,1184.1155465334652,health,81096.3879180279,90107.09768669767,101370.48489753487,nr2,-90240.69650535566,-599645.1555312873,-509404.45902593166,0.13680147770224252
215,w99759013,1127.2734199425206,other,48346.56544700629,53718.406052229206,60433.20680875786,nr1,-58440.524099898845,-400573.8457187715,-342133.3216188727,0.1486066813618269
216,w99759015,262.8249901607633,mfh,34217.03964154063,38018.932935045144,42771.29955192578,r1,-44260.12303818927,-57446.396915629586,-13186.273877440319,0.14861261097634507
217,w99759016,162.4421672269469,other,8362.91554321064,9292.128381345156,10453.644429013299,nr1,-10108.953197184836,-128631.7937171881,-118522.84052000327,0.1486066813618269
218,w99759020,78.66829424034803,other,5363.4306045502435,5959.367338389159,6704.288255687804,nr1,-6483.225697736972,-72905.32012570766,-66422.09442797069,0.1486066813618269
219,w99759023,45.55874986834824,th,6763.263251708072,7514.736946342302,8454.079064635089,r1,-8748.35657310491,-47540.54108237481,-38792.1845092699,0.14861261097634507
220,w99759028,314.5253525768406,trade,33061.024403090545,36734.47155898949,41326.28050386318,nr1,-39963.6163506584,-284661.04608459363,-244697.42973393522,0.1486066813618269
221,w99759036,422.98085668310523,mfh,42631.70476229463,47368.56084699403,53289.63095286828,r1,-55144.58637784019,-223254.21474889273,-168109.62837105253,0.14861261097634507
222,w99759038,116.55152825303375,ab,12476.366237759883,13862.629153066537,15595.457797199853,r1,-16138.319110527813,-113964.52180690707,-97826.20269637926,0.14861261097634507
224,w99759044,415.2007402397692,trade,30727.523085082063,34141.69231675785,38409.403856352576,nr1,-37142.91877366714,-278896.35666728823,-241753.4378936211,0.1486066813618269
225,w99759045,941.2816024620085,trade,46874.11717738663,52082.35241931848,58592.646471733286,nr1,-56660.65312476445,-388588.4766472404,-331927.82352247596,0.1486066813618269
226,w99759047,442.628270605579,mfh,44840.233894655554,49822.482105172836,56050.29236831944,r1,-58001.34348353231,-220822.6219564267,-162821.2784728944,0.14861261097634507
227,w99759050,246.0824731603265,trade,22511.684368925235,25012.98263213915,28139.60546115654,nr1,-27211.749598501327,-219314.19036471102,-192102.44076620968,0.1486066813618269
228,w99759051,91.54405212756247,th,11301.573718027325,12557.30413114147,14126.967147534155,r1,-14618.711861846312,-85390.80777482547,-70772.09591297916,0.14861261097634507
229,w99759055,270.5142616614699,other,18027.259599334837,20030.288443705373,22534.074499168546,nr1,-21791.051532395802,-158226.4254347945,-136435.37390239871,0.1486066813618269
230,w99759057,194.30349186724052,th,26936.28423283178,29929.20470314642,33670.35529103972,r1,-34842.384578746474,-162409.8902836893,-127567.50570494283,0.14861261097634507
231,w99759061,534.3112589053809,trade,25116.553078843055,27907.281198714503,31395.691348553817,nr1,-30360.471564819436,-241815.77581025317,-211455.30424543374,0.1486066813618269
232,w99759062,137.67195288166403,th,17570.109600664895,19522.344000738773,21962.637000831117,r1,-22727.13305612211,-135793.13052983672,-113065.99747371461,0.14861261097634507
233,w99759063,182.5971095246263,sfh,23409.161696221272,26010.17966246808,29261.45212027659,r1,-30280.01217375246,-200814.29547800863,-170534.28330425615,0.14861261097634507
234,w99759067,347.13443305995315,other,14604.042087206286,16226.713430229207,18255.052609007857,nr1,-17653.12314664463,-143763.7665856267,-126110.64343898206,0.1486066813618269
235,w99759073,34.86947953915223,sfh,3369.323871661266,3743.69319073474,4211.654839576582,r0,-5347.906189478735,-57079.26249528142,-51731.356305802685,0.18235870604520946
236,w99759074,1179.944325777702,mfh,115106.04981104136,127895.61090115707,143882.5622638017,r2,-137057.70591444187,-528229.329452566,-391171.62353812414,0.13680147770224252
237,w99759077,212.39228247441352,sfh,25996.152531155218,28884.613923505796,32495.19066394402,r1,-33626.31371977624,-163633.66333027382,-130007.34961049758,0.14861261097634507
239,w99759083,341.51128259450195,trade,15755.53024255659,17506.144713951766,19694.412803195737,nr1,-19045.022874604816,-153246.56030330787,-134201.53742870304,0.1486066813618269
240,w99759085,319.12387123871594,other,16124.762320599133,17916.40257844348,20155.952900748915,nr1,-19491.344468616564,-175919.84525398628,-156428.50078536972,0.1486066813618269
241,w99759087,592.8829183824361,other,51137.99563470979,56819.99514967755,63922.494543387234,nr2,-56904.24028045008,-377029.8695739086,-320125.62929345854,0.13680147770224252
242,w99759088,334.1662621571682,ab,38269.47653436571,42521.64059373968,47836.84566795714,r1,-49501.99543159132,-222061.60903258258,-172559.61360099126,0.14861261097634507
243,w99759091,80.87078364617192,sfh,11524.131641001168,12804.590712223518,14405.164551251459,r1,-14906.593021559127,-19347.665586861716,-4441.072565302589,0.14861261097634507
244,w99759093,176.2003906674683,sfh,24764.95217261122,27516.61352512358,30956.190215764025,r1,-32033.742301421753,-179509.28913494994,-147475.54683352818,0.14861261097634507
245,w99759094,339.69808716569094,other,37582.71276836215,41758.56974262461,46978.390960452685,nr1,-45429.358031368625,-301171.43810612836,-255742.08007475972,0.1486066813618269
246,w99759096,246.47077107857913,mfh,23598.463882924807,26220.515425472007,29498.079853656007,r1,-30524.876667077155,-135427.14588736437,-104902.26922028721,0.14861261097634507
247,w99759099,50.23060751573648,th,7134.781015914094,7927.53446212677,8918.476269892617,r1,-9228.918951583399,-84355.39735859739,-75126.47840701399,0.14861261097634507
248,w99759102,1460.464218017459,other,128159.99370613102,142399.99300681223,160199.99213266376,nr2,-142611.12477479756,-819135.4784800495,-676524.3537052519,0.13680147770224252
249,w99759105,189.26809048298745,mfh,22334.256335775855,24815.840373084284,27917.820419719817,r1,-28889.61008151637,-132106.5879633859,-103216.97788186952,0.14861261097634507
250,w99759110,35.61810292806477,th,4375.3120568172735,4861.457840908081,5469.140071021591,r0,-6944.645074448461,-68793.45992639239,-61848.81485194393,0.18235870604520946
251,w99759111,238.72463138289748,th,34535.9950545772,38373.327838419114,43169.9938182215,r1,-44672.69542822024,-57981.885650120894,-13309.190221900652,0.14861261097634507
252,w99759113,635.4707306571305,th,86670.32318175596,96300.35909083995,108337.90397719495,r2,-103199.05587634268,-508561.56097376446,-405362.50509742176,0.13680147770224252
253,w99759120,160.90588292758912,th,23237.39167444857,25819.324082720632,29046.73959306071,r1,-30057.825731629553,-39012.855565497266,-8955.029833867713,0.14861261097634507
254,w99759121,33.129497365746644,ab,3818.7156608234063,4243.017400914896,4773.394576029257,r0,-6061.196221041111,-54127.72371101738,-48066.52748997627,0.18235870604520946
255,w99759126,310.54387535755524,ab,34300.81502744586,38112.016697162064,42876.01878430732,r1,-44368.48743576958,-201027.58773166846,-156659.10029589888,0.14861261097634507
256,w99759127,85.13879598667843,other,8496.79167350324,9440.879637225822,10620.989591879048,nr1,-10270.780436543579,-84199.21492466338,-73928.4344881198,0.1486066813618269
257,w99759131,184.6887545518577,ab,20787.501022478882,23097.223358309868,25984.3762780986,r1,-26888.86480390957,-168381.86465521096,-141492.99985130137,0.14861261097634507
258,w99759132,153.35469039995223,ab,17695.00512599379,19661.116806659767,22118.756407492237,r1,-22888.686813428023,-121792.65307736705,-98903.96626393903,0.14861261097634507
259,w99759137,162.2998407471925,mfh,21055.671207008436,23395.19023000937,26319.589008760544,r1,-27235.74593351034,-228135.1712265426,-200899.42529303225,0.14861261097634507
260,w99759138,557.9003615580499,mfh,56330.74901759959,62589.721130666214,70413.43627199948,r2,-67073.47915655616,-279487.4190733836,-212413.93991682745,0.13680147770224252
261,w99759140,160.4533356629312,ab,17634.05521702537,19593.394685583742,22042.56902128171,r1,-22809.84742526442,-140408.60821973532,-117598.7607944709,0.14861261097634507
262,w99759142,128.98004897348582,sfh,17650.096411774208,19611.218235304674,22062.620514717757,r1,-22830.596889879158,-105486.87916278455,-82656.28227290539,0.14861261097634507
263,w99759148,518.2482564277947,ab,59352.94618142581,65947.71797936202,74191.18272678225,r2,-70672.03380051393,-301725.7098354867,-231053.67603497277,0.13680147770224252
264,w99759152,155.39786574579776,ab,16837.00273483737,18707.780816485967,21046.253418546712,r1,-21778.85113513806,-120611.50008080374,-98832.64894566569,0.14861261097634507
265,w99759159,71.9146042395383,sfh,9767.034283888204,10852.260315431338,12208.792854860254,r1,-12633.767960402103,-105624.39306233986,-92990.62510193777,0.14861261097634507
266,w99759161,242.4930030848831,mfh,32388.127737790874,35986.808597545416,40485.15967223859,r1,-41894.40505866833,-195857.33509167435,-153962.930033006,0.14861261097634507
267,w99759162,714.1891373082996,mfh,77904.36715681193,86560.40795201325,97380.45894601491,r2,-92761.36102973817,-378198.5827129145,-285437.22168317635,0.13680147770224252
268,w99759164,595.7694656141102,mfh,71961.73720566227,79957.48578406918,89952.17150707783,r2,-85685.42340925615,-111213.40170710211,-25527.978297845955,0.13680147770224252
269,w99759165,160.50856082765387,mfh,22755.65774251579,25284.064158350877,28444.572178144736,r1,-29434.69750889662,-145222.31315967403,-115787.61565077741,0.14861261097634507
270,w99759170,93.69908212199807,sfh,11619.451405943726,12910.501562159696,14524.314257429656,r1,-15029.890202394348,-117833.66403616643,-102803.77383377208,0.14861261097634507
271,w99759172,204.59550149962305,other,17169.669362300792,19077.410402556434,21462.08670287599,nr1,-20754.410719303058,-163428.74816319265,-142674.33744388958,0.1486066813618269
272,w99759176,41.50382452430203,sfh,4163.668093659857,4626.297881844285,5204.585117074821,r0,-6608.716531023133,-39745.392957928125,-33136.67642690499,0.18235870604520946
273,w99759177,360.73507672324774,ab,44758.280247853094,49731.42249761455,55947.850309816364,r1,-57895.335525833325,-254012.06828236178,-196116.73275652845,0.14861261097634507
274,w99759180,347.1465133147314,education,19069.298725020304,21188.109694467003,23836.62340627538,nr1,-23050.651093907778,-164520.65121581752,-141470.00012190975,0.1486066813618269
275,w99759183,128.67689446713774,sfh,18376.72489710795,20418.583219008833,22970.906121384935,r1,-23770.498953320104,-152199.06134042426,-128428.56238710416,0.14861261097634507
276,w99759189,171.2441471248865,ab,18363.415474169808,20403.794971299787,22954.269342712258,r1,-23753.283066060983,-150901.57774070185,-127148.29467464087,0.14861261097634507
277,w99759190,369.99921465907244,other,20710.457907946584,23011.619897718425,25888.072384933228,nr1,-25034.457014655192,-188304.01267921113,-163269.55566455593,0.1486066813618269
278,w99759195,184.4751641433686,sfh,22818.050116989565,25353.389018877293,28522.562646236955,r1,-29515.402742306167,-139323.1806303149,-109807.77788800873,0.14861261097634507
279,w155463247,886.8482149265707,mfh,90574.02742084471,100637.808245383,113217.53427605589,r2,-107847.22813537072,-404043.8855914545,-296196.6574560838,0.13680147770224252
280,w155463249,403.549402025342,trade,23648.752708879776,26276.391898755304,29560.940886099717,nr1,-28586.218893474997,-234339.3404664814,-205753.1215730064,0.1486066813618269
281,w155463253,721.7602650925515,mfh,85711.09171490726,95234.54634989696,107138.86464363408,r2,-102056.89119861244,-132462.36741619708,-30405.47621758464,0.13680147770224252
282,w155463254,852.2730644002556,mfh,87014.59305688317,96682.88117431464,108768.24132110395,r2,-103608.98080537851,-134476.8660094788,-30867.885204100297,0.13680147770224252
283,w155463255,713.9319995328784,mfh,71073.4939418158,78970.54882423978,88841.86742726975,r2,-84627.78495987316,-109840.66448935731,-25212.879529484155,0.13680147770224252
284,w155463260,725.1058137452229,mfh,66389.32398774149,73765.91554193498,82986.65498467686,r2,-79050.30585193142,-268737.62566746265,-189687.31981553123,0.13680147770224252
285,w155463261,1003.1358517257496,mfh,96812.24176736335,107569.15751929261,121015.30220920418,r2,-115275.12048976886,-426228.6725044682,-310953.5520146993,0.13680147770224252
286,w155463268,907.8277638942003,mfh,88048.47049851796,97831.63388724218,110060.58812314743,r2,-104840.02704994839,-374708.04463495524,-269868.01758500683,0.13680147770224252
287,w155463269,646.430608794326,mfh,65800.13973759115,73111.26637510127,82250.17467198893,r2,-78348.75939265243,-326679.73757453,-248330.97818187758,0.13680147770224252
288,w155463275,531.2511221051216,mfh,56742.54191479465,63047.26879421628,70928.17739349332,r2,-67563.80429493132,-235413.22834228713,-167849.4240473558,0.13680147770224252
289,w155463277,722.3371928531676,mfh,75825.75026506544,84250.83362785049,94782.18783133179,r2,-90286.33505911838,-352740.13679264183,-262453.80173352343,0.13680147770224252
290,w155463281,852.691491766274,mfh,81167.2147222987,90185.79413588744,101459.01840287336,r2,-96646.46005631637,-379636.9752920795,-282990.51523576316,0.13680147770224252
291,w155463286,75.58565192222595,sfh,11379.481362010443,12643.868180011603,14224.351702513053,r1,-14719.48626969783,-99768.00842430878,-85048.52215461095,0.14861261097634507
292,w155463289,870.3151384696364,mfh,92029.85106537899,102255.39007264332,115037.31383172373,r2,-109580.68914166384,-404482.0978893119,-294901.40874764806,0.13680147770224252
293,w155463294,520.8021583877504,mfh,73954.39748668816,82171.55276298684,92442.9968583602,r2,-88058.10014720845,-114292.9622750491,-26234.86212784065,0.13680147770224252
294,w155463296,531.2875348292291,mfh,59600.264491446156,66222.51610160685,74500.33061430769,r2,-70966.51771563105,-309569.73487071804,-238603.21715508698,0.13680147770224252
295,w155463300,903.6974393147975,mfh,82377.16016846654,91530.17796496282,102971.45021058316,r2,-98087.15190010407,-376707.86055309745,-278620.7086529934,0.13680147770224252
296,w155463302,619.062746527791,mfh,73694.19011571503,81882.43346190559,92117.73764464378,r2,-87748.26912280831,-333654.3923899548,-245906.12326714653,0.13680147770224252
297,w155463304,1087.9011799693108,mfh,132782.97083749846,147536.6342638872,165978.71354687307,r2,-158105.75897068158,-205209.69127536836,-47103.93230468678,0.13680147770224252
298,w155463308,740.3594694465398,mfh,74398.41232336155,82664.90258151284,92998.01540420194,r2,-88586.79220993086,-344769.0328729436,-256182.24066301275,0.13680147770224252
299,w155463310,722.3160033598542,mfh,78437.63363840502,87152.92626489447,98047.04204800627,r2,-93396.32574904004,-121221.58799268198,-27825.262243641933,0.13680147770224252
300,w155463313,774.0583199881017,mfh,75098.58684319264,83442.87427021404,93873.2335539908,r2,-89420.49568238371,-332740.5497832727,-243320.054100889,0.13680147770224252
301,w155463314,1101.9502923069522,mfh,104359.84119134728,115955.37910149698,130449.8014891841,r2,-124262.10826244084,-451617.5402410671,-327355.4319786263,0.13680147770224252
302,w155463317,740.3064833164215,mfh,74649.75970721088,82944.17745245653,93312.1996340136,r2,-88886.07357589327,-336044.2746723632,-247158.20109646991,0.13680147770224252
303,w155463319,828.4481069911271,mfh,78474.43739685023,87193.8193298336,98093.04674606278,r2,-93440.14828234572,-320887.16367791477,-227447.01539556903,0.13680147770224252
304,w155463321,781.2118542082608,mfh,75955.85291213829,84395.3921245981,94944.81614017286,r2,-90441.24933487082,-331058.0152183394,-240616.76588346856,0.13680147770224252
305,w155463324,722.1055689860135,mfh,76230.77521241456,84700.86134712728,95288.4690155182,r2,-90768.60154478892,-345361.25909397536,-254592.65754918644,0.13680147770224252
306,w155463327,780.4636536210775,mfh,78934.78481367027,87705.31645963363,98668.48101708783,r2,-93988.28768054911,-377265.86474387173,-283277.57706332265,0.13680147770224252
307,w155463330,867.026127423346,mfh,92798.36038612344,103109.28931791494,115997.9504826543,r2,-110495.75941510306,-143415.40007417058,-32919.64065906752,0.13680147770224252
308,w155463331,701.7002469789237,mfh,75620.8436945795,84023.15966064388,94526.05461822437,r2,-90042.35114581666,-361125.93100592785,-271083.5798601112,0.13680147770224252
309,w155463336,356.26551316827533,mfh,37646.38639526564,41829.31821696182,47057.98299408205,r1,-48696.02137570101,-164649.4776987881,-115953.4563230871,0.14861261097634507
310,w155463337,437.0872274041176,trade,16347.364508861188,18163.7383431791,20434.205636076484,nr1,-19760.422290950773,-147812.7462040227,-128052.32391307192,0.1486066813618269
311,w155463339,868.4495440013707,mfh,96284.55889755068,106982.84321950076,120355.69862193835,r2,-114646.80422224342,-148803.15210097338,-34156.34787872997,0.13680147770224252
312,w155463342,722.9579402044416,mfh,72192.16091602764,80213.5121289196,90240.20114503455,r2,-85959.79078771119,-349822.06855784735,-263862.27777013613,0.13680147770224252
313,w155463343,844.8904670208692,mfh,87271.28425516972,96968.09361685524,109089.10531896215,r2,-103914.62509447832,-414857.9853369318,-310943.36024245346,0.13680147770224252
314,w155463347,1083.6851687338203,mfh,101563.78341079073,112848.64823421191,126954.7292634884,r2,-120932.81961396053,-397790.49192641984,-276857.6723124593,0.13680147770224252
315,w155463348,740.608741542697,mfh,73742.38733091138,81935.98592323487,92177.98416363922,r2,-87805.65793735908,-320522.8472729456,-232717.18933558656,0.13680147770224252
316,w155463352,356.4181080274284,mfh,38492.77211566138,42769.74679517931,48115.965144576716,r1,-49790.83076058429,-64624.85032324671,-14834.019562662419,0.14861261097634507
317,w155463353,722.1394314199686,mfh,96023.96050529758,106693.28945033065,120029.95063162198,r2,-114336.5076056378,-148400.40982699188,-34063.902221354074,0.13680147770224252
318,w155463354,696.3946817303076,mfh,75225.69127239037,83584.10141376707,94032.11409048796,r2,-89571.8399558255,-385488.9529044697,-295917.1129486442,0.13680147770224252
319,w155463358,865.4375973489136,mfh,87470.73329689098,97189.70366321219,109338.41662111372,r2,-104152.11068407178,-381899.7121548633,-277747.6014707915,0.13680147770224252
320,w155463359,1101.9756921548396,mfh,103923.56216152417,115470.62462391573,129904.4527019052,r2,-123742.62728759812,-446776.44978270115,-323033.822495103,0.13680147770224252
321,w155463364,740.593882034719,mfh,74624.72489312779,82916.3609923642,93280.90611640972,r2,-88856.26441997268,-337262.5104261961,-248406.24600622343,0.13680147770224252
322,w155463365,603.6562003400177,mfh,57345.292217422895,63716.9913526921,71681.61527177862,r2,-68281.50396278613,-244640.483492411,-176358.97952962486,0.13680147770224252
323,w155463369,722.4004129424691,mfh,76517.50006263371,85019.44451403746,95646.87507829214,r2,-91110.0071465293,-348382.24717974494,-257272.24003321564,0.13680147770224252
324,w155463370,696.1379145577084,mfh,67777.64861111336,75308.49845679261,84722.06076389168,r2,-80703.3952269577,-284295.8413906496,-203592.44616369193,0.13680147770224252
325,w155463373,865.3327697202564,mfh,87284.13642326384,96982.3738036265,109105.1705290798,r2,-103929.92827513564,-381547.44967463694,-277617.5213995013,0.13680147770224252
326,w155463376,746.0008564919234,mfh,78349.89022816702,87055.43358685223,97937.36278520877,r2,-93291.84895971337,-385503.8529644956,-292212.00400478224,0.13680147770224252
327,w155463378,701.7079005709849,mfh,75289.53058162499,83655.03397958331,94111.91322703123,r2,-89647.85393845476,-346456.2718498624,-256808.41791140765,0.13680147770224252
328,w155463380,903.4881653226912,mfh,80794.44802773364,89771.60891970404,100993.06003466704,r2,-96202.6037335404,-359826.4509156085,-263623.8471820681,0.13680147770224252
329,w155463382,654.6620004437864,mfh,67195.36451178146,74661.51612420162,83994.20563972682,r2,-80010.06483315218,-297869.4348800996,-217859.37004694744,0.13680147770224252
330,w155463388,654.8312545590103,mfh,81045.45395849762,90050.50439833068,101306.81744812202,r2,-96501.47852854816,-125251.84879655235,-28750.37026800419,0.13680147770224252
331,w155463390,658.415929133445,mfh,67307.170216775,74785.74468530556,84133.96277096875,r2,-80143.19279175835,-290135.69217847777,-209992.49938671943,0.13680147770224252
332,w155463392,746.3197361536323,mfh,74500.89326832342,82778.77029813713,93126.11658540426,r2,-88708.81710123307,-341459.7919396566,-252750.97483842354,0.13680147770224252
333,w155463395,740.6091377854347,mfh,81203.21252281987,90225.79169202207,101504.01565352484,r2,-96689.3229289933,-125495.65706561295,-28806.334136619655,0.13680147770224252
334,w155463397,721.9107812985777,mfh,69115.7372055503,76795.26356172255,86394.67150693786,r2,-82296.66815539951,-297667.99539189244,-215371.32723649294,0.13680147770224252
335,w155463400,957.7393607803388,mfh,132263.3739372203,146959.30437468924,165329.2174215254,r2,-157487.07073258044,-204406.6792714857,-46919.608538905246,0.13680147770224252
336,w155463402,519.368776667118,mfh,57328.60677905928,63698.45197673253,71660.7584738241,r2,-68261.63647616794,-288529.676744068,-220268.04026790004,0.13680147770224252
337,w155463405,658.592996231094,mfh,66453.3492473543,73837.05471928256,83066.68655919287,r2,-79126.54124718228,-287657.19673908164,-208530.65549189935,0.13680147770224252
338,w155463406,932.8967588515952,mfh,87329.94975847227,97033.27750941363,109162.43719809034,r2,-103984.4785844744,-411681.8439433216,-307697.3653588472,0.13680147770224252
339,w155463408,740.3845857441426,mfh,81123.65596148898,90137.39551276554,101404.56995186122,r2,-96594.59428697708,-125372.7062287197,-28778.111941742623,0.13680147770224252
340,w155463411,886.3585438661277,mfh,86630.34371086476,96255.9374565164,108287.92963858094,r2,-103151.45199650303,-376182.8804415572,-273031.42844505416,0.13680147770224252
341,w155463413,436.59599217027426,trade,16616.663351011164,18462.959278901293,20770.829188763953,nr1,-20085.946251737423,-150769.0583806778,-130683.11212894038,0.1486066813618269
342,w155463416,722.4005093876273,mfh,71360.79474582999,79289.7719398111,89200.99343228748,r2,-84969.87635446273,-345756.9130111553,-260787.0366566926,0.13680147770224252
343,w155463417,828.3400002270937,mfh,74807.01169807202,83118.90188674668,93508.76462259002,r2,-89073.31479521483,-328167.42402780015,-239094.10923258532,0.13680147770224252
344,w155463421,509.4774500131606,mfh,62634.51134401355,69593.90149334838,78293.13918001692,r2,-74579.42002158014,-96798.62300880814,-22219.202987227996,0.13680147770224252
345,w155463422,674.0859733853489,mfh,66828.4486191273,74253.83179903033,83535.56077390912,r2,-79573.17510760533,-294383.68914808176,-214810.5140404764,0.13680147770224252
346,w155463424,701.7858467099256,mfh,75354.80212003247,83727.55791114719,94193.50265004058,r2,-89725.57328796177,-357138.55943110504,-267412.98614314327,0.13680147770224252
347,w155463427,540.3469697440042,mfh,55711.525451732596,61901.69494636955,69639.40681466574,r2,-66336.16464072304,-266605.55840241094,-200269.3937616879,0.13680147770224252
348,w155463430,521.3457492198795,mfh,65819.9805171453,73133.31168571701,82274.97564643163,r2,-78372.38396958573,-101721.61231581471,-23349.228346228978,0.13680147770224252
349,w155463434,634.5610695700626,mfh,64418.57211226843,71576.19123585381,80523.21514033554,r2,-76703.71562993764,-281993.36396597326,-205289.6483360356,0.13680147770224252
350,w155463435,740.6094772338867,mfh,73569.89609015193,81744.3289890577,91962.37011268991,r2,-87600.27121973968,-328909.175075998,-241308.90385625832,0.13680147770224252
351,w155463436,830.3215000247583,mfh,74986.73881598086,83318.59868442318,93733.42351997607,r2,-89287.31733036951,-306417.958421003,-217130.64109063352,0.13680147770224252
352,w155463437,634.6341266736388,mfh,64166.464939277284,71296.07215475253,80208.0811740966,r2,-76403.52957688944,-285305.7052443635,-208902.17566747408,0.13680147770224252
353,w155463439,740.3900625675916,mfh,77902.86750022264,86558.74166691404,97378.5843752783,r2,-92759.57537648948,-378311.20766921324,-285551.63229272375,0.13680147770224252
354,w155463441,304.4361848443746,mfh,36817.49098632539,40908.32331813932,46021.863732906735,r1,-47623.83590408159,-61812.249767812864,-14188.413863731272,0.14861261097634507
355,w155463442,681.7836883433163,mfh,68711.68346108304,76346.31495675893,85889.6043263538,r2,-81815.55808886755,-320543.992685687,-238728.43459681942,0.13680147770224252
356,w155463445,701.5969566701912,mfh,73907.62346345419,82119.58162606022,92384.52932931774,r2,-88002.40593885572,-345806.6791149444,-257804.2731760887,0.13680147770224252
357,w155463446,527.3302180506289,mfh,52013.41474555332,57792.683050614796,65016.768431941644,r2,-61932.79426671905,-239938.16911047703,-178005.37484375798,0.13680147770224252
358,w155463447,540.1562461696565,mfh,59085.19228162839,65650.21364625376,73856.49035203549,r2,-70353.21706311285,-299530.38947170344,-229177.1724085906,0.13680147770224252
359,w155463448,488.2503870327026,mfh,51268.34796637681,56964.83107375201,64085.43495797101,r2,-61045.637217418596,-254718.88777302607,-193673.2505556075,0.13680147770224252
360,w155463452,416.2699146196246,mfh,40700.76121869014,45223.06802076682,50875.95152336267,r1,-52646.88933230221,-68331.80509568665,-15684.915763384437,0.14861261097634507
361,w155463453,826.68092449978,mfh,83117.14823153104,92352.38692392338,103896.4352894138,r2,-98968.26168099033,-365949.53448497475,-266981.2728039844,0.13680147770224252
362,w155463454,830.106713430956,mfh,73765.5043705863,81961.67152287367,92206.88046323288,r2,-87833.18358375717,-312018.4117810929,-224185.2281973357,0.13680147770224252
363,w155463458,653.3753796381876,mfh,58960.56636749198,65511.74040832442,73700.70795936497,r2,-70204.82397763153,-248863.08406054074,-178658.2600829092,0.13680147770224252
364,w155463459,716.456727950275,mfh,75283.97896378927,83648.8655153214,94104.97370473658,r2,-89641.24358212747,-350580.07547578414,-260938.83189365666,0.13680147770224252
365,w155463463,389.00259175430983,mfh,37000.96483362116,41112.18314846796,46251.206042026446,r1,-47861.16137526999,-62120.28084138927,-14259.119466119279,0.14861261097634507
366,w155463464,681.5525098629297,mfh,69179.35495120153,76865.94994577947,86474.19368900191,r2,-82372.41832047529,-314928.67986114067,-232556.26154066538,0.13680147770224252
367,w155463468,854.9059582386632,mfh,81699.0096870192,90776.67743002134,102123.762108774,r2,-97279.67262855818,-347705.4459241259,-250425.77329556772,0.13680147770224252
368,w155463469,716.6904537379742,mfh,100679.18201464991,111865.75779405545,125848.97751831239,r2,-119879.51756595525,-155594.83063808933,-35715.313072134086,0.13680147770224252
369,w155463470,608.2978411447257,mfh,64367.74654988399,71519.71838875998,80459.68318735498,r2,-76643.19722109936,-99477.25460788235,-22834.057386782995,0.13680147770224252
370,w155463473,376.1376306014136,mfh,43550.29606288637,48389.217847651526,54437.870078607964,r1,-56332.79448736473,-73115.83993328498,-16783.045445920252,0.14861261097634507
371,w155463474,720.4433401308954,mfh,67276.75041664802,74751.94490738669,84095.93802081002,r2,-80106.97168933476,-325030.32753063954,-244923.35584130476,0.13680147770224252
372,w155463478,851.8925360153429,mfh,87684.85616685112,97427.61796316791,109606.0702085639,r2,-104407.0685198131,-135512.7253896558,-31105.6568698427,0.13680147770224252
373,w155463479,376.5337288361043,mfh,37121.41584101446,41246.017601127176,46401.76980126807,r1,-48016.96609897347,-184103.88002522412,-136086.91392625065,0.14861261097634507
374,w155463480,664.0854127705097,mfh,73172.86575571459,81303.18417301621,91466.08219464324,r2,-87127.52398442273,-113085.14259588812,-25957.618611465383,0.13680147770224252
375,w155463484,531.1159037780716,mfh,68085.21955592721,75650.24395103024,85106.52444490901,r2,-81069.62244239364,-105222.43023607523,-24152.807793681597,0.13680147770224252
376,w155463485,716.6882258921862,mfh,74226.11389675422,82473.45988528247,92782.64237094278,r2,-88381.63507768426,-327338.6010695392,-238956.96599185496,0.13680147770224252
377,w155463490,790.5601109853014,mfh,73479.01625668757,81643.35139631951,91848.77032085945,r2,-87492.05986587112,-331101.6039471822,-243609.54408131106,0.13680147770224252
378,w155463491,681.5525530032813,mfh,68426.0537270324,76028.94858559156,85532.5671587905,r2,-81475.45645081988,-305710.9999111614,-224235.5434603415,0.13680147770224252
379,w155463494,531.001435648324,mfh,56124.10929184654,62360.12143538504,70155.13661480817,r2,-66827.43156123867,-244809.96116038822,-177982.52959914954,0.13680147770224252
380,w155463495,716.4590312853455,mfh,79038.97749810597,87821.08610900663,98798.72187263246,r2,-94112.35075390854,-396297.99390657974,-302185.64315267117,0.13680147770224252
381,w155463496,611.941689690575,mfh,60485.334200613484,67205.92688957053,75606.66775076685,r2,-72020.37738775056,-279200.110690539,-207179.73330278846,0.13680147770224252
382,w155463500,1108.025532820262,mfh,100906.99247980208,112118.88053311342,126133.7405997526,r2,-120150.7733321666,-442211.3668393725,-322060.5935072059,0.13680147770224252
383,w155463502,540.1563036605716,mfh,59609.47184418452,66232.74649353835,74511.83980523064,r2,-70977.48098511982,-290865.83563600166,-219888.35465088184,0.13680147770224252
384,w155463507,1267.198863344267,mfh,124829.28501538603,138699.20557265115,156036.60626923252,r2,-148635.24083429787,-567049.9615597173,-418414.72072541947,0.13680147770224252
385,w155463508,530.6506136165466,mfh,59404.70237854505,66005.22486505006,74255.87797318131,r2,-70733.66032366942,-286737.18173090403,-216003.5214072346,0.13680147770224252
386,w155463511,1747.3368958860635,mfh,164794.07162005454,183104.52402228283,205992.58952506818,r2,-196221.63597502196,-693356.5857769982,-497134.9498019762,0.13680147770224252
387,w155463513,612.2091895099729,mfh,81863.33408033723,90959.26008926358,102329.16760042153,r2,-97475.33501477438,-126515.84316453773,-29040.50814976335,0.13680147770224252
388,w155463514,830.106801855378,mfh,74653.97590525495,82948.86211694994,93317.46988156869,r2,-88891.09383705723,-315627.0942777536,-226736.00044069637,0.13680147770224252
389,w155463518,691.345141955465,mfh,72173.4858662746,80192.76207363844,90216.85733284324,r2,-85937.55425469496,-316312.28563842294,-230374.73138372798,0.13680147770224252
390,w155463519,507.32179623667616,mfh,55562.18913504426,61735.76570560473,69452.73641880532,r2,-66158.34867875914,-256297.4195689069,-190139.07089014776,0.13680147770224252
391,w155463522,1139.1653657640795,mfh,129564.6746402093,143960.74960023255,161955.84330026162,r2,-154273.7076190999,-200235.96938232053,-45962.261763220624,0.13680147770224252
392,w155463523,446.09937440417707,mfh,52022.345619720814,57802.60624413424,65027.93202465102,r2,-61943.4283309339,-80398.0315902724,-18454.603259338495,0.13680147770224252
393,w155463528,681.6119319483638,mfh,68495.57242516302,76106.19158351446,85619.46553145377,r2,-81558.23292781289,-306854.0512158213,-225295.8182880084,0.13680147770224252
394,w155463529,691.3949336603283,mfh,83645.16797269836,92939.0755252204,104556.45996587294,r2,-99596.97906396657,-129269.58169478123,-29672.602630814654,0.13680147770224252
395,w155463531,507.3216828555101,mfh,54061.208972385146,60068.00996931683,67576.51121548143,r2,-64371.11944054919,-247847.4266337082,-183476.307193159,0.13680147770224252
396,w155463534,640.8467616457492,mfh,62761.80582241785,69735.3398026865,78452.25727802231,r2,-74730.99058815168,-260896.73659321535,-186165.74600506367,0.13680147770224252
397,w155463535,684.7868416263722,mfh,63983.21967634138,71092.46630704598,79979.02459542672,r2,-76185.33795795271,-298774.32885511353,-222588.99089716084,0.13680147770224252
398,w155463536,691.6131192699074,mfh,70337.30683773482,78152.56315303869,87921.63354716853,r2,-83751.20101163778,-299507.70362538774,-215756.50261374997,0.13680147770224252
399,w155463537,507.3215693686623,mfh,56345.158000452444,62605.73111161382,70431.44750056555,r2,-67090.6360491575,-291037.2686789123,-223946.6326297548,0.13680147770224252
400,w155463538,643.413233704865,mfh,67471.69315381986,74968.54794868872,84339.61644227481,r2,-80339.09158559838,-104274.25470745403,-23935.163121855658,0.13680147770224252
401,w155463539,710.019569536671,mfh,70101.74839593095,77890.83155103438,87627.18549491368,r2,-83470.71966686557,-292416.67956778774,-208945.95990092217,0.13680147770224252
402,w155463540,840.6794232809916,mfh,76273.68228195352,84748.53586883724,95342.1028524419,r2,-90819.69134005315,-343657.50199802587,-252837.8106579727,0.13680147770224252
403,w155463541,696.2558067506179,mfh,69091.86352939304,76768.73725488115,86364.8294117413,r2,-82268.24157581289,-310652.92426903703,-228384.68269322414,0.13680147770224252
404,w155463542,640.557884996757,mfh,65685.4859572708,72983.87328585643,82106.85744658849,r2,-78212.24020768412,-101513.75744605252,-23301.517238368397,0.13680147770224252
405,w155463543,587.0278481058776,mfh,64620.647257978446,71800.7191755316,80775.80907247306,r2,-76944.32814282298,-315325.578444197,-238381.25030137404,0.13680147770224252
406,w155463544,825.5248426020145,mfh,98226.61890138821,109140.68766820912,122783.27362673526,r2,-116959.2308002653,-151804.512375654,-34845.28157538871,0.13680147770224252
407,w155463545,709.4769112125038,mfh,68799.48875180824,76443.87639089805,85999.3609397603,r2,-81920.10855979157,-317974.32896753127,-236054.2204077397,0.13680147770224252
408,w155463546,647.0489746004342,mfh,65167.88665066121,72408.76294517911,81459.8583133265,r2,-77595.93052054541,-273343.70884491835,-195747.77832437295,0.13680147770224252
409,w155463547,586.4484846569597,mfh,65038.9578364076,72265.50870711956,81298.6972955095,r2,-77442.41393703937,-100514.5793492953,-23072.165412255927,0.13680147770224252
410,w155463548,500.40091222245246,mfh,58521.66054916764,65024.06727685293,73152.07568645955,r2,-69682.21526444239,-90442.41003549789,-20760.194771055496,0.13680147770224252
411,w155463549,672.5395986035466,mfh,71071.92574614852,78968.80638460947,88839.90718268565,r2,-84625.9176965891,-328916.198528225,-244290.28083163593,0.13680147770224252
412,w155463551,586.1050742082298,mfh,58460.95059670617,64956.61177411796,73076.1882458827,r2,-69609.92743227194,-244701.9004006677,-175091.97296839577,0.13680147770224252
413,w155463552,667.035758360289,mfh,68669.64406031062,76299.60451145624,85837.05507538827,r2,-81765.50143383209,-326447.81017700955,-244682.30874317745,0.13680147770224252
414,w155463553,817.6307530952618,mfh,76749.54752122253,85277.27502358059,95936.93440152815,r2,-91386.30793514701,-356707.61105244176,-265321.30311729474,0.13680147770224252
415,w155463556,732.9133296664804,mfh,64357.9958795773,71508.88431064144,80447.49484947162,r2,-76631.58701898089,-269831.8930261939,-193200.30600721302,0.13680147770224252
416,w155463558,710.1379440590739,mfh,77163.4124884325,85737.12498714722,96454.26561054062,r2,-91879.10030407351,-331501.91492029966,-239622.81461622615,0.13680147770224252
417,w155463561,654.0662793286144,mfh,66767.48224207119,74186.09138007909,83459.35280258898,r2,-79500.58194859291,-103185.93063335615,-23685.348684763245,0.13680147770224252
418,w155463562,586.3292756803334,mfh,59654.3554106497,66282.61712294411,74567.94426331212,r2,-71030.92421128452,-279588.75677384244,-208557.83256255792,0.13680147770224252
419,w155463566,653.8032613813876,mfh,66481.29901255308,73868.11001394787,83101.62376569134,r2,-79159.82125900859,-298784.7074128438,-219624.88615383522,0.13680147770224252
420,w155463567,133.41999841853976,sfh,16572.97361038044,18414.415122644932,20716.217012975547,r1,-21437.32651300383,-160671.639950927,-139234.31343792318,0.14861261097634507
421,w155463569,886.7166110530495,mfh,90690.7250070177,100767.47223001966,113363.40625877211,r2,-107986.18089652341,-373816.662267411,-265830.4813708876,0.13680147770224252
422,w155463572,311.3570919752121,mfh,35890.06917924034,39877.854643600374,44862.58647405042,r1,-46424.205435756376,-60255.21731275095,-13831.011876994577,0.14861261097634507
423,w155463574,863.4385226266459,mfh,80266.77887142508,89185.30985713897,100333.47358928135,r2,-95574.30379479536,-359346.29710125545,-263771.9933064601,0.13680147770224252
424,w155463577,931.9227139726281,mfh,104741.59050899002,116379.54500998891,130926.98813623752,r2,-124716.6602672782,-161873.08746349352,-37156.427196215314,0.13680147770224252
425,w155463578,931.2066993936896,mfh,95901.79540846782,106557.55045385312,119877.24426058478,r2,-114191.0446352571,-425114.1865270006,-310923.1418917435,0.13680147770224252
426,w155463581,136.57608463019133,sfh,20238.058157433414,22486.731286037128,25297.572696791765,r1,-26178.154319772766,-143179.62349826083,-117001.46917848807,0.14861261097634507
427,w155463583,949.1963916398585,mfh,98696.62464541465,109662.91627268294,123370.7808067683,r2,-117518.87044690961,-461072.9788700017,-343554.10842309205,0.13680147770224252
428,w155463586,949.1754787907004,mfh,101711.11223859426,113012.34693177139,127138.89029824281,r2,-121108.24524264786,-157189.62913775913,-36081.38389511127,0.13680147770224252
429,w155463589,722.9646147996187,mfh,79863.38270239974,88737.09189155528,99829.22837799968,r2,-95093.97670866869,-123425.01455719651,-28331.03784852782,0.13680147770224252
430,w155463591,591.1442194825038,mfh,72104.48386231158,80116.0931803462,90130.60482788947,r2,-85855.39300963277,-358243.5038778708,-272388.110868238,0.13680147770224252
431,w155463593,535.6290349200369,mfh,57403.922688774626,63782.13632086069,71754.90336096828,r2,-68351.31573995457,-273213.58607271546,-204862.27033276088,0.13680147770224252
432,w155463596,724.8313003255054,mfh,67296.75836170698,74774.1759574522,84120.94795213372,r2,-80130.79531158872,-295205.0416766701,-215074.24636508134,0.13680147770224252
433,w155463597,752.1160736689344,mfh,96345.81377389302,107050.90419321446,120432.26721736627,r2,-114719.7408996929,-148897.81856448177,-34178.07766478887,0.13680147770224252
434,w155463600,535.4490051213652,mfh,64489.169061256325,71654.6322902848,80611.4613265704,r2,-76787.77598896067,-99664.90725577415,-22877.131266813478,0.13680147770224252
435,w155463601,907.8308945208788,mfh,90872.07987539202,100968.97763932447,113590.09984424003,r2,-108202.12160734275,-417536.5433520645,-309334.42174472177,0.13680147770224252
436,w155463605,389.4215188790113,mfh,42998.73447932191,47776.37164369101,53748.41809915238,r1,-55619.343417153956,-72189.83271627282,-16570.489299118868,0.14861261097634507
437,w155463606,690.2915003947913,mfh,72619.17804943162,80687.97561047958,90773.97256178952,r2,-86468.24354746265,-331667.8477914991,-245199.60424403645,0.13680147770224252
438,w155463610,725.1058211326599,mfh,66694.63523034648,74105.15025594053,83368.2940379331,r2,-79413.84242164275,-282935.9791477386,-203522.13672609587,0.13680147770224252
439,w155463611,1002.8680375270545,mfh,112403.2420384642,124892.49115384911,140504.05254808025,r2,-133839.45080582448,-173713.80118684424,-39874.35038101976,0.13680147770224252
440,w155463612,535.6290688522159,mfh,63516.22491576578,70573.58323973975,79395.28114470722,r2,-75629.28351369346,-98161.26890166143,-22531.985387967972,0.13680147770224252
441,w155463616,543.6235096465331,mfh,57717.03913082603,64130.04347869559,72146.29891353253,r2,-68724.14602387196,-247992.8980922859,-179268.75206841395,0.13680147770224252
442,w155463618,752.1486698825844,mfh,78276.75754478379,86974.17504975977,97845.94693097973,r2,-93204.76928120539,-344169.3143671545,-250964.54508594912,0.13680147770224252
443,w155463621,238.18491610530762,mfh,25941.058157091844,28823.39795232427,32426.322696364805,r1,-33555.04853142848,-137221.2986323495,-103666.25010092102,0.14861261097634507
444,w155463623,73.76475410088896,mfh,9386.532258258556,10429.48028695395,11733.165322823193,r1,-12141.584339402849,-60049.08915174976,-47907.50481234691,0.14861261097634507
445,w155463625,52.41574023310095,sfh,7168.165529890833,7964.628366545369,8960.206912363541,r1,-9272.102193373456,-50467.15650705988,-41195.05431368643,0.14861261097634507
446,w155463626,98.3909645654261,mfh,11326.695090576788,12585.216767307542,14158.368863220985,r1,-14651.206637887006,-62364.45826752224,-47713.25162963523,0.14861261097634507
447,w155463629,643.7923131911084,mfh,60925.212855087026,67694.68095009669,76156.51606885878,r2,-72544.14446482294,-257551.87674637642,-185007.7322815535,0.13680147770224252
448,w155463631,546.7249739198014,mfh,62732.02766693095,69702.25296325661,78415.03458366368,r2,-74695.5334971986,-96949.32979292338,-22253.79629572478,0.13680147770224252
449,w155463632,612.4270064728335,mfh,67447.16411095476,74941.2934566164,84308.95513869345,r2,-80309.88465556399,-104236.34625216137,-23926.46159659738,0.13680147770224252
450,w155463633,683.6260891854763,mfh,67343.37274848943,74825.96972054381,84179.21593561179,r2,-80186.29943952554,-294549.7534416547,-214363.4540021292,0.13680147770224252
451,w155463638,279.5906790524721,ab,31093.580676718997,34548.42297413222,38866.97584589874,r1,-40219.893972904865,-201517.79692766338,-161297.90295475852,0.14861261097634507
452,w155463639,282.758548167441,other,12733.875761949328,14148.750846610365,15917.34470243666,nr1,-15392.49720162693,-168741.79915768412,-153349.3019560572,0.1486066813618269
453,w155463640,56.80619836300611,sfh,8149.209288913908,9054.67698768212,10186.511611142383,r1,-10541.093255577864,-74032.74535869983,-63491.65210312197,0.14861261097634507
454,w155463643,240.41873629689215,ab,28483.777730710135,31648.64192301126,35604.72216338767,r1,-36844.08470635605,-205450.35781931804,-168606.273112962,0.14861261097634507
455,w155463644,98.43792371228336,mfh,11153.843250929993,12393.159167699992,13942.30406366249,r1,-14427.62085225824,-64297.4711591193,-49869.85030686106,0.14861261097634507
456,w155463645,98.39091195091605,mfh,11053.44919247696,12281.61021386329,13816.811490596201,r1,-14297.760016078835,-65849.97646025199,-51552.21644417315,0.14861261097634507
457,w155463647,97.66299930792302,mfh,9369.723502372359,10410.803891524843,11712.154377965448,r1,-12119.842025881993,-60383.42006529251,-48263.57803941051,0.14861261097634507
458,w155463653,376.11661268314344,mfh,49110.00769747382,54566.67521941535,61387.50962184227,r1,-63524.343598029205,-82449.94377870385,-18925.600180674643,0.14861261097634507
459,w155463654,482.5493668295443,mfh,52586.0148678914,58428.905408768216,65732.51858486424,r2,-62614.59387067399,-254109.08248163885,-191494.48861096485,0.13680147770224252
460,w155463656,73.78574474137277,mfh,10518.511422655341,11687.23491406149,13148.139278319177,r1,-13605.812034660374,-69573.36365491556,-55967.55162025519,0.14861261097634507
461,w155463657,470.15250823192764,mfh,44569.71600670739,49521.906674119324,55712.145008384236,r1,-57651.42557333176,-197062.3352195046,-139410.90964617283,0.14861261097634507
462,w155463660,49.947176152281465,mfh,6130.094348688484,6811.2159429872045,7662.617935860605,r1,-7929.345523487981,-38599.31219083232,-30669.966667344343,0.14861261097634507
463,w155463661,78.16354378722608,sfh,10628.335831745004,11809.262035272226,13285.419789681255,r1,-13747.87113474113,-88952.06329432888,-75204.19215958775,0.14861261097634507
464,w155463663,104.99722011834383,sfh,12659.813951807402,14066.45994645267,15824.767439759253,r1,-16375.610778067647,-91610.64416694193,-75235.03338887429,0.14861261097634507
465,w155463665,467.86907609552145,trade,25152.751602532997,27947.501780592218,31440.939503166246,nr1,-30404.227738117857,-224543.6170272493,-194139.38928913145,0.1486066813618269
466,w155463667,587.3173447391018,mfh,62170.68286456457,69078.53651618285,77713.3535807057,r2,-74027.13569390652,-286061.45474313496,-212034.31904922845,0.13680147770224252
467,w155463669,557.4523567564785,mfh,63822.83861379559,70914.26512643954,79778.54826724448,r2,-75994.37092762954,-335457.7248817705,-259463.35395414097,0.13680147770224252
468,w155463671,449.48969881236553,mfh,44460.06219337882,49400.06910375424,55575.07774172352,r1,-57509.58714077382,-242870.7825383159,-185361.19539754206,0.14861261097634507
469,w155576276,58.73152135126293,other,7036.542804460303,7818.380893844781,8795.678505575379,nr1,-8505.65589389754,-87635.24256219275,-79129.58666829522,0.1486066813618269
470,w159548666,1258.4072781499474,other,45034.07044829587,50037.85605366207,56292.58806036983,nr1,-54436.435246573325,-429745.90051755257,-375309.4652709792,0.1486066813618269
471,w159548667,15669.025621107221,trade,613413.7969842755,681570.8855380839,766767.2462303443,nr2,-682581.4281865238,-3890788.0419407715,-3208206.613754248,0.13680147770224252
472,w159548669,2256.2803165019486,trade,261494.21083095495,290549.1231455055,326867.76353869366,nr2,-290979.9107372812,-377688.5219462658,-86708.61120898463,0.13680147770224252
473,w159548670,188.14899220019578,mfh,23028.989782019133,25587.766424465703,28786.237227523914,r1,-29788.25555557259,-127821.94154799204,-98033.68599241946,0.14861261097634507
474,w159548671,318.3455893772654,other,12677.331192583715,14085.923547315238,15846.663990729643,nr1,-15324.147066758474,-103308.9356583523,-87984.78859159382,0.1486066813618269
475,w159548672,170.00981159284711,ab,21983.144401197525,24425.716001330584,27478.930501496907,r1,-28435.44287162872,-143567.8776113622,-115132.43473973348,0.14861261097634507
476,w159548674,118.95309109317604,trade,10044.893361266411,11160.992623629345,12556.116701583014,nr1,-12142.100005086373,-103258.34966233048,-91116.2496572441,0.1486066813618269
477,w159548675,865.047436706489,mfh,94066.05527670533,104517.83919633925,117582.56909588166,r2,-112005.21399014788,-472157.0604677395,-360151.8464775916,0.13680147770224252
478,w159548677,106.67055884185247,other,5052.772241354683,5614.191379282981,6315.965301693353,nr1,-6107.707035898099,-70444.33775131468,-64336.630715416584,0.1486066813618269
479,w159872586,633.9711885744706,mfh,61528.304105702184,68364.7823396691,76910.38013212773,r2,-73262.25010220757,-300943.80319624115,-227681.55309403356,0.13680147770224252
480,w159872589,1091.462102752924,mfh,104981.15974855874,116645.73305395416,131226.4496856984,r2,-125001.91730143806,-471949.74575884367,-346947.8284574056,0.13680147770224252
481,w159872591,2692.1037788091226,mfh,238842.17683578568,265380.1964842063,298552.7210447321,r2,-284391.3146742715,-942839.4629790327,-658448.1483047612,0.13680147770224252
482,w159872593,436.90541737405584,mfh,41771.57313857874,46412.85904286526,52214.46642322342,r1,-54031.99651344745,-196590.57449020728,-142558.5779767598,0.14861261097634507
483,w159872596,218.88012801047884,mfh,23926.839112240952,26585.376791378836,29908.54889030119,r1,-30949.63369470094,-141997.65275479446,-111048.01906009352,0.14861261097634507
484,w159872599,487.8712977081537,mfh,46825.5540892305,52028.39343247833,58531.94261153812,r1,-60569.37733457917,-221780.5607984399,-161211.1834638607,0.14861261097634507
485,w159872601,629.8896718598901,mfh,59138.13100415723,65709.03444906359,73922.66375519653,r2,-70416.2516288525,-275452.8618755474,-205036.61024669488,0.13680147770224252
486,w159872603,453.131132603623,mfh,41977.27905722256,46641.42117469173,52471.59882152819,r1,-54298.07941729415,-192502.97367158107,-138204.89425428692,0.14861261097634507
487,w159872608,317.054659525305,mfh,36148.8017943321,40165.33532703567,45186.00224291513,r1,-46758.878963855845,-197632.7270105626,-150873.84804670676,0.14861261097634507
488,w159872611,474.9952949794941,mfh,49392.47210315651,54880.52455906279,61740.59012894564,r1,-63889.71446238204,-250280.97395062778,-186391.25948824573,0.14861261097634507
489,w159872613,461.6615135567263,mfh,49483.41463924298,54981.57182138109,61854.26829905373,r1,-64007.34964879091,-268971.30801454984,-204963.95836575894,0.14861261097634507
490,w159872615,129.00588214695452,mfh,16719.873106670097,18577.636785188995,20899.841383337618,r1,-21627.342652568834,-107216.40613216127,-85589.06347959244,0.14861261097634507
491,w159872617,185.93316667452453,mfh,23274.884584316744,25860.98287146305,29093.605730395928,r1,-30106.32322940287,-124339.82034590414,-94233.49711650127,0.14861261097634507
492,w159872620,129.2747205838561,mfh,17497.094806705965,19441.216451895518,21871.368508382457,r1,-22632.687604438237,-95919.02762046646,-73286.34001602822,0.14861261097634507
493,w159872622,447.3657494872576,mfh,46366.44062561429,51518.26736179365,57958.05078201786,r1,-59975.50894032239,-254480.88892774167,-194505.3799874193,0.14861261097634507
494,w159872625,238.36158968657256,mfh,25116.058872769172,27906.732080854636,31395.073590961463,r1,-32487.902740528163,-142477.07286358808,-109989.17012305991,0.14861261097634507
495,w159872628,167.04002443812786,mfh,19006.772350224233,21118.635944693593,23758.46543778029,r1,-24585.47237261526,-129105.58873847856,-104520.1163658633,0.14861261097634507
496,w159872630,195.52493976540862,mfh,18074.7621351929,20083.069039103222,22593.452668991125,r1,-23379.90674735129,-89384.51093093237,-66004.60418358108,0.14861261097634507
497,w159872632,133.65780365467072,th,16477.88462317202,18308.760692413354,20597.355778965022,r1,-21314.327845745887,-27664.435915826314,-6350.108070080427,0.14861261097634507
498,w159872635,49.369007284846155,th,6739.6868476192685,7488.540941799187,8424.608559524086,r1,-8717.860231027973,-73947.98104897665,-65230.12081794868,0.14861261097634507
499,w159872640,133.91130499513818,mfh,16908.877072954834,18787.64119217204,21136.09634119354,r1,-21871.82139445019,-95658.91591561916,-73787.09452116897,0.14861261097634507
500,w159872643,87.82295271442271,other,9591.78852868142,10657.542809646022,11989.735660851775,nr1,-11594.394420550301,-90159.38583109477,-78564.99141054446,0.1486066813618269
501,w159872648,133.79360626488923,mfh,16965.31316645674,18850.347962729713,21206.641458070924,r1,-21944.822111880945,-107455.27565172537,-85510.45353984443,0.14861261097634507
502,w159872651,467.48304517045614,other,34799.30109969496,38665.890110772176,43499.126374618696,nr1,-42064.81630645574,-313597.71910847607,-271532.9028020203,0.1486066813618269
503,w159872654,134.11286987382917,mfh,15572.749109392586,17303.054565991763,19465.93638674073,r1,-20143.524946786845,-82412.4896020674,-62268.964655280564,0.14861261097634507
504,w159872660,131.42538360562176,mfh,16010.967487406166,17789.96387489574,20013.709359257708,r1,-20710.365314383405,-86633.4824092596,-65923.11709487619,0.14861261097634507
505,w159872663,509.8066861014813,other,40789.69983623175,45321.88870692417,50987.12479528969,nr1,-49305.910652946906,-63998.495533733825,-14692.584880786919,0.1486066813618269
506,w159872669,96.41428965386004,other,6140.942525975589,6823.26947330621,7676.178157469486,nr1,-7423.069174970579,-82422.13170300961,-74999.06252803904,0.1486066813618269
507,w159872671,385.8471666022902,mfh,41085.27500261371,45650.30555845967,51356.59375326713,r1,-53144.26220747274,-196940.36847328415,-143796.10626581142,0.14861261097634507
508,w159872676,450.3884779855609,trade,21572.307796555673,23969.230885061857,26965.38474569459,nr1,-26076.246823715417,-195303.30976445368,-169227.06294073825,0.1486066813618269
509,w159872680,74.82275880910456,trade,6347.627257792996,7052.919175325551,7934.534072241245,nr1,-7672.90624073063,-74526.29511090193,-66853.3888701713,0.1486066813618269
510,w159872682,128.20031198486686,mfh,17098.113549140475,18997.903943489415,21372.641936425593,r1,-22116.60089048588,-115743.68057706894,-93627.07968658306,0.14861261097634507
511,w159872688,74.73616111706941,trade,5317.786693607912,5908.651881786568,6647.23336700989,nr1,-6428.052097445494,-61943.07294653824,-55515.02084909275,0.1486066813618269
512,w159872690,271.2794532585889,mfh,37662.36732773164,41847.07480859071,47077.95915966455,r1,-48716.69289037967,-200546.01835540426,-151829.3254650246,0.14861261097634507
513,w159872699,406.91918786983007,mfh,43877.34349126553,48752.60387918392,54846.67936408191,r1,-56755.83398964276,-195576.56535403512,-138820.73136439236,0.14861261097634507
514,w159872700,406.7131608505966,mfh,40678.93594210743,45198.8177134527,50848.66992763429,r1,-52618.658093217455,-188787.0799106988,-136168.42181748134,0.14861261097634507
515,w159872708,435.5580747295171,mfh,46872.894326570284,52080.9936961892,58591.11790821285,r1,-60630.612460448225,-250740.7866540636,-190110.17419361536,0.14861261097634507
516,w159872710,142.59727319749075,mfh,15785.244708098155,17539.160786775727,19731.555885122692,r1,-20418.390377645566,-95486.56450593153,-75068.17412828596,0.14861261097634507
517,w159872717,364.7500545413,mfh,42624.77941045999,47360.86601162221,53280.97426307498,r1,-55135.628357874266,-203772.91870237835,-148637.2903445041,0.14861261097634507
518,w159872718,186.0198295045644,mfh,25865.705318047403,28739.672575608223,32332.131647559254,r1,-33457.57879230662,-155433.6783438714,-121976.09955156478,0.14861261097634507
519,w159872719,169.79583046399057,mfh,20853.61252597942,23170.680584421578,26067.015657474276,r1,-26974.380772264154,-143813.77245780407,-116839.39168553991,0.14861261097634507
520,w159872726,172.48843573874328,mfh,18695.70090016346,20773.001000181623,23369.626125204326,r1,-24183.0979767706,-111399.86927587622,-87216.77129910562,0.14861261097634507
521,w159872727,172.59632431017235,mfh,21043.444879268325,23381.60542140925,26304.306099085406,r1,-27219.931041989876,-35329.47618118935,-8109.545139199472,0.14861261097634507
522,w159872732,140.4957689295523,mfh,18976.199229647278,21084.665810719198,23720.249037059097,r1,-24545.925699595813,-122532.71789307104,-97986.79219347522,0.14861261097634507
523,w159872736,118.37831126665697,mfh,14679.616639748732,16310.68515527637,18349.520799685914,r1,-18988.248119511354,-90198.37139534442,-71210.12327583307,0.14861261097634507
524,w159872737,187.97203346798193,mfh,24944.26660849226,27715.85178721362,31180.333260615324,r1,-32265.687527477585,-149712.5388041879,-117446.85127671032,0.14861261097634507
525,w159872743,753.6066189933568,other,31827.00488865078,35363.33876516753,39783.75611081347,nr1,-38471.95408868426,-297580.9846793427,-259109.03059065845,0.1486066813618269
526,w159872746,394.377677144669,mfh,44537.18740147157,49485.76377941285,55671.484251839465,r1,-57609.349459060024,-74772.71475772579,-17163.36529866576,0.14861261097634507
527,w159872748,575.8923149108887,trade,55207.313642999135,61341.45960333237,69009.14205374892,nr2,-61432.40856016435,-79738.54803205442,-18306.139471890063,0.13680147770224252
528,w159872750,127.08080641776323,mfh,17865.116812482014,19850.129791646683,22331.396015602517,r1,-23108.72818033406,-205008.4532245441,-181899.72504421003,0.14861261097634507
529,w159872753,434.5401292324066,other,25725.96143987,28584.401599855555,32157.451799837498,nr1,-31097.114254532567,-234239.10202143822,-203141.98776690566,0.1486066813618269
530,w159872756,252.43327465518377,mfh,33635.93448393886,37373.260537709844,42044.91810492357,r1,-43508.45702490984,-186786.00066456545,-143277.5436396556,0.14861261097634507
531,w159872759,386.07803563163617,mfh,40885.04737063046,45427.83041181162,51106.30921328808,r1,-52885.265528623146,-212762.06325972703,-159876.7977311039,0.14861261097634507
532,w159872763,1345.7076428122818,trade,70170.62199602295,77967.35777335883,87713.27749502868,nr2,-78082.95740046726,-462613.1137712786,-384530.15637081134,0.13680147770224252
533,w159872767,486.0339612279087,mfh,45082.85482234876,50092.060913720845,56353.568527935946,r1,-58315.176363987106,-200236.0542373585,-141920.8778733714,0.14861261097634507
534,w159872769,563.4171857964247,other,35443.64525157622,39381.82805730691,44304.55656447027,nr1,-42843.68879902031,-303934.57277514663,-261090.88397612632,0.1486066813618269
535,w159872774,2747.8572637828997,other,119011.47723873041,132234.97470970044,148764.346548413,nr2,-132431.03514067683,-883351.4532963913,-750920.4181557144,0.13680147770224252
536,w159872776,80.53474041707815,sfh,12444.034937831644,13826.705486479605,15555.043672289554,r1,-16096.498212875664,-92313.66588196736,-76217.1676690917,0.14861261097634507
537,w159872779,530.1892838459462,trade,41088.84380523203,45654.270894702255,51361.054756540034,nr1,-49667.51090661668,-317624.5755120789,-267957.0646054622,0.1486066813618269
538,w159872782,386.9254036822822,mfh,34779.397511211064,38643.77501245674,43474.246889013826,r1,-44987.539225090775,-156373.9537737774,-111386.41454868663,0.14861261097634507
539,w159872787,649.6997715241275,sfh,73844.5187104147,82049.46523379411,92305.64838801838,r2,-87927.26659823819,-324302.1761680212,-236374.90956978302,0.13680147770224252
540,w159872789,103.62989482581615,mfh,13622.502345110554,15136.113716789503,17028.12793138819,r1,-17620.858969653043,-88619.85057717553,-70998.99160752249,0.14861261097634507
541,w159872791,7102.280937734339,other,341045.9633446604,378939.9592718449,426307.4541808255,nr2,-379501.8010379293,-2004174.5072729557,-1624672.7062350265,0.13680147770224252
542,w159872796,295.65545302389654,other,14692.2812732514,16324.756970279332,18365.35159156425,nr1,-17759.785206936733,-143631.8969847558,-125872.11177781905,0.1486066813618269
543,w159872797,3172.659030787088,other,124134.27925297005,137926.9769477445,155167.84906621257,nr2,-138131.47672250535,-976677.4198888147,-838545.9431663093,0.13680147770224252
544,w159872802,393.79842739673325,mfh,39710.81716874246,44123.130187491624,49638.521460928074,r1,-51366.385644355636,-182948.42914618988,-131582.04350183424,0.14861261097634507
545,w159872803,469.9664310747758,mfh,46940.21759095484,52155.79732328315,58675.271988693545,r1,-60717.69585504368,-78807.12064179603,-18089.42478675235,0.14861261097634507
546,w159872804,664.4021281981841,mfh,71285.2107419375,79205.78971326388,89106.51342742186,r2,-84879.87786876767,-110167.86261511661,-25287.984746348942,0.13680147770224252
547,w159872808,295.65545226749964,other,15824.74835213696,17583.053724596622,19780.935440171197,nr1,-19128.692574069093,-144500.4752508075,-125371.78267673841,0.1486066813618269
548,w159872809,678.8678823016584,other,34505.649287262946,38339.61031918105,43132.06160907868,nr1,-41709.85488028737,-303973.1100886541,-262263.2552083667,0.1486066813618269
549,w159872812,337.05531151816245,mfh,38041.70913462511,42268.56570513901,47552.136418281385,r1,-49207.37575548208,-197325.9282504419,-148118.55249495985,0.14861261097634507
550,w159872814,765.4437305399682,mfh,79399.36095195425,88221.51216883806,99249.2011899428,r2,-94541.46225165391,-352645.1486200417,-258103.68636838783,0.13680147770224252
551,w159872815,1229.117813373683,mfh,149792.9605537908,166436.62283754532,187241.2006922385,r2,-178359.69151350125,-739680.6595610752,-561320.9680475739,0.13680147770224252
552,w159872820,336.8380303993821,mfh,38637.43829336847,42930.48699263163,48296.797866710585,r1,-49977.95807761283,-218834.4872291116,-168856.52915149878,0.14861261097634507
553,w159872826,1791.1392054180615,th,178358.86709907744,198176.51899897493,222948.5838738468,r2,-212373.3478320918,-797231.1101021402,-584857.7622700485,0.13680147770224252
554,w159872827,157.03123329076917,th,22144.882072210334,24605.424524678147,27681.102590262915,r1,-28644.652355965478,-139559.94327645085,-110915.29092048538,0.14861261097634507
555,w159872832,35.670331929810345,sfh,3676.201183569743,4084.667981744159,4595.251479462178,r0,-5834.992364117316,-45202.57842734618,-39367.58606322887,0.18235870604520946
556,w159872833,162.84196072258055,mfh,21239.15922568886,23599.065806320956,26548.949032111075,r1,-27473.089735543108,-125881.26168839635,-98408.17195285324,0.14861261097634507
557,w159872834,33.79703346360475,sfh,4555.214293213258,5061.349214681398,5694.017866516572,r0,-7230.192062559398,-53427.91029207216,-46197.718229512764,0.18235870604520946
558,w159872835,42.916394099872555,th,6704.477568681241,7449.419520756934,8380.59696085155,r1,-8672.316635374797,-48147.14525025443,-39474.82861487963,0.14861261097634507
559,w159872839,58.88304680213332,other,5318.843004436388,5909.8255604848755,6648.553755545484,nr1,-6429.328948403938,-67242.62681890425,-60813.297870500304,0.1486066813618269
560,w159872840,318.65718863122163,other,26659.24765591642,29621.386284351578,33324.05956989552,nr1,-32225.25510790402,-219035.14180166277,-186809.88669375874,0.1486066813618269
561,w159872842,48.8293092939537,other,2375.76436505535,2639.7381833948334,2969.7054563191873,nr0,-3521.2908337948775,-27933.29277455836,-24412.001940763483,0.18221679060440832
562,w159872843,143.51003436879253,mfh,19080.71500207315,21200.794446747943,23850.893752591437,r1,-24681.118018845562,-132865.44517134092,-108184.32715249536,0.14861261097634507
563,w159872845,162.83680398128925,mfh,21498.13375395689,23886.81528217432,26872.667192446108,r1,-27808.07618103866,-140080.22261358326,-112272.1464325446,0.14861261097634507
564,w159872848,156.42925329236314,mfh,21291.72814453538,23657.47571615042,26614.660180669223,r1,-27541.088219354282,-35746.31466731963,-8205.22644796535,0.14861261097634507
565,w159872851,167.48750086340587,mfh,20694.65294755158,22994.058830612867,25868.316184439474,r1,-26768.76478172202,-131443.4515967277,-104674.6868150057,0.14861261097634507
566,w159872853,143.46053532976657,th,18641.830787650975,20713.145319612195,23302.288484563716,r1,-24113.416384415978,-31297.447759369756,-7184.031374953778,0.14861261097634507
567,w159872855,768.5454076524824,other,30902.518900127714,34336.13211125301,38628.14862515964,nr1,-37354.450803957196,-268802.8430728662,-231448.39226890903,0.1486066813618269
568,w159872857,315.41669200100006,mfh,33248.68266430212,36942.98073811347,41560.85333037765,r1,-43007.542469955864,-181204.467174751,-138196.92470479512,0.14861261097634507
569,w159872858,136.24142913175746,other,12600.205042488164,14000.227824986849,15750.256303110204,nr1,-15230.918259464353,-137065.26350572036,-121834.34524625601,0.1486066813618269
570,w159872860,131.01957194106652,other,10778.366395040914,11975.96266115657,13472.957993801141,nr1,-13028.710007484775,-98277.00322864155,-85248.29322115678,0.1486066813618269
571,w159872862,156.42902136784977,mfh,20547.76308719318,22830.847874659088,25684.703858991474,r1,-26578.761106341746,-105695.51944643761,-79116.75834009587,0.14861261097634507
572,w159872865,158.90607472276315,mfh,21250.92912058293,23612.143467314363,26563.66140072866,r1,-27488.314226078095,-35677.817890617254,-8189.503664539159,0.14861261097634507
573,w159872867,192.56274920739233,mfh,23626.608294376343,26251.78699375149,29533.260367970426,r1,-30561.281777710105,-130458.61540546459,-99897.33362775449,0.14861261097634507
574,w159872868,54.98272090442479,other,4338.732794656411,4820.814216284901,5423.415993320514,nr0,-6430.747192284328,-49435.23224686511,-43004.485054580786,0.18221679060440832
575,w159872870,315.09365436807275,mfh,33572.70898486998,37303.00998318887,41965.886231087476,r1,-43426.67413552913,-180654.21279655176,-137227.5386610226,0.14861261097634507
576,w159872874,56.548262861557305,th,6258.9085433516675,6954.342825946297,7823.635679189584,r1,-8095.968123355917,-73468.31808041694,-65372.34995706102,0.14861261097634507
577,w159872876,86.08918008172186,other,7937.8236826816055,8819.804091868451,9922.279603352006,nr1,-9595.10922729315,-83465.42203714521,-73870.31280985207,0.1486066813618269
578,w159872878,413.8979488207959,mfh,49390.03592714167,54877.81769682407,61737.544908927084,r1,-63886.56324149065,-267619.76208680845,-203733.1988453178,0.14861261097634507
579,w159872879,205.3686287334189,mfh,25436.2263636754,28262.47373741711,31795.282954594248,r1,-32902.04296682449,-153380.99090169318,-120478.94793486869,0.14861261097634507
580,w159872883,329.8948070596903,th,38258.33027645758,42509.25586273064,47822.91284557197,r1,-49487.5776224647,-249136.1852794554,-199648.6076569907,0.14861261097634507
581,w159872884,900.053558271192,other,37831.76819712391,42035.297996804344,47289.71024640488,nr1,-45730.41209078711,-376640.4594977315,-330910.04740694445,0.1486066813618269
582,w159872887,1008.3728146322071,other,88407.21114906944,98230.23461007715,110509.01393633679,nr2,-98375.87733564839,-571299.0191945918,-472923.1418589434,0.13680147770224252
583,w159872892,458.9937253634445,other,39649.09661200691,44054.55179111879,49561.370765008636,nr1,-47927.1684486677,-327878.2914356973,-279951.1229870296,0.1486066813618269
584,w159872895,353.7920229201671,th,49227.57275316536,54697.30305907262,61534.4659414567,r1,-63676.41531096552,-250605.92826462665,-186929.51295366112,0.14861261097634507
585,w159872899,2008.66189844124,other,87830.35072413228,97589.2785823692,109787.93840516535,nr2,-97733.97098360071,-638427.9203939198,-540693.9494103191,0.13680147770224252
587,w160025355,131.5437356668757,ab,15822.357973565722,17580.397748406358,19777.94746695715,r1,-20466.396801145438,-133248.3433110511,-112781.94650990567,0.14861261097634507
588,w160025360,102.43726858533918,mfh,14598.10513130861,16220.116812565122,18247.63141413576,r1,-18882.81207272347,-95402.68685715515,-76519.87478443168,0.14861261097634507
589,w160025362,106.2412323884666,mfh,12893.32495058692,14325.916611763245,16116.65618823365,r1,-16677.659863699373,-108779.3135086433,-92101.65364494393,0.14861261097634507
590,w160025367,104.2175793532282,mfh,14296.527182761089,15885.030203067876,17870.65897845136,r1,-18492.717627144575,-90745.88816136832,-72253.17053422374,0.14861261097634507
591,w160025369,103.97346241511406,mfh,13712.751918131698,15236.391020146331,17140.939897664623,r1,-17737.597800595344,-89225.89280117727,-71488.29500058191,0.14861261097634507
592,w160025373,103.9182820610702,mfh,12692.477684318626,14102.75298257625,15865.597105398283,r1,-16417.861680979717,-79783.68780524458,-63365.826124264866,0.14861261097634507
593,w160025375,104.46434533819556,mfh,15200.83881015165,16889.8209001685,19001.048512689562,r1,-19662.454819855422,-25520.42575531121,-5857.970935455789,0.14861261097634507
594,w160025376,101.26918978765606,other,6767.594541506047,7519.5494905622745,8459.493176882557,nr1,-8180.555707411027,-67676.19378402155,-59495.63807661053,0.1486066813618269
595,w160025380,128.15635424628857,th,16535.50385671767,18372.782063019633,20669.379820897087,r1,-21388.858968040895,-117483.39192340875,-96094.53295536786,0.14861261097634507
596,w160025381,64.08582323277369,th,8805.145795153388,9783.495327948209,11006.432243941736,r1,-11389.55445431213,-90415.82610196173,-79026.2716476496,0.14861261097634507
597,w160025384,125.48521707579494,mfh,13228.087159594033,14697.874621771149,16535.10894949254,r1,-17110.678520906735,-88793.31843858612,-71682.6399176794,0.14861261097634507
598,w160025385,125.6767025694251,mfh,12483.801305090501,13870.890338989446,15604.751631363126,r1,-16147.936453182172,-78703.54886188406,-62555.61240870189,0.14861261097634507
599,w160025388,125.67682776004075,mfh,12887.497210468891,14319.441344965435,16109.371513086113,r1,-16670.12161675105,-75343.12357497505,-58673.001958224,0.14861261097634507
600,w160025389,125.54291224256157,mfh,15947.091501286146,17718.990556984605,19933.864376607682,r1,-20627.741012735,-104819.92446023137,-84192.18344749637,0.14861261097634507
601,w160025392,101.23846836648882,other,7707.166695034264,8563.51855003807,9633.95836879283,nr1,-9316.29489744815,-79216.13379785843,-69899.83890041028,0.1486066813618269
602,w160025393,241.441205301648,mfh,29760.98461218925,33067.76068021028,37201.23076523656,r1,-38496.166076097325,-180894.09384060488,-142397.92776450756,0.14861261097634507
603,w160025394,520.9474028991534,mfh,62962.95736238052,69958.84151375612,78703.69670297565,r2,-74970.50335619209,-97306.22052379517,-22335.717167603085,0.13680147770224252
604,w160025395,347.3527018059045,mfh,41270.74084393225,45856.37871548028,51588.42605491531,r1,-53384.16434518352,-301130.529992006,-247746.3656468225,0.14861261097634507
605,w160025396,362.18757194392384,mfh,37666.70161233902,41851.89068037669,47083.37701542377,r1,-48722.29933594056,-206533.2147346192,-157810.91539867863,0.14861261097634507
606,w160025398,216.67090053744613,mfh,25759.482837806354,28621.647597562616,32199.353547257942,r1,-33320.17882743113,-161484.19354217476,-128164.01471474362,0.14861261097634507
607,w160025399,277.5212213275954,mfh,34672.16062353594,38524.62291503994,43340.20077941992,r1,-44848.827112866704,-58210.49167222545,-13361.664559358745,0.14861261097634507
608,w160025402,733.1297983160242,mfh,73752.53405858297,81947.26006509218,92190.66757322871,r2,-87817.73972819012,-363370.1509001301,-275552.41117194,0.13680147770224252
609,w160025403,118.93753181435167,th,13366.26539456982,14851.405993966466,16707.831743212275,r1,-17289.413611531094,-86827.16603916314,-69537.75242763205,0.14861261097634507
610,w160025405,118.80893169231713,mfh,11413.826109522666,12682.02901058074,14267.282636903332,r1,-14763.91158429346,-61386.12576515115,-46622.214180857685,0.14861261097634507
611,w160025406,118.8714888818562,mfh,12694.703117102687,14105.225685669651,15868.378896378357,r1,-16420.740303147726,-62509.176610353614,-46088.43630720589,0.14861261097634507
612,w160025409,118.87152101863175,mfh,13545.552141340295,15050.613490378106,16931.94017667537,r1,-17521.323021413074,-86105.28104786322,-68583.95802645014,0.14861261097634507
613,w160025412,678.325670054555,mfh,83112.16289052342,92346.84765613714,103890.20361315427,r2,-98962.32559506937,-128445.84799104313,-29483.522395973763,0.13680147770224252
614,w160025415,1309.668819526094,mfh,134843.0872649352,149825.65251659465,168553.85908116898,r2,-160558.75628858668,-617936.5075945769,-457377.75130599027,0.13680147770224252
615,w160025422,678.3786613484378,mfh,78555.95700031816,87284.39666702018,98194.9462503977,r2,-93537.21433453594,-357202.57665623305,-263665.3623216971,0.13680147770224252
616,w160025427,555.729584345687,mfh,68356.5049155554,75951.67212839489,85445.63114444424,r2,-81392.64411762138,-105641.6887038268,-24249.04458620542,0.13680147770224252
617,w160025428,926.2977557130158,mfh,100962.61735123128,112180.68594581253,126203.2716890391,r2,-120217.00631716078,-477048.5980614228,-356831.591744262,0.13680147770224252
618,w160025434,188.0208901744336,mfh,25126.424219116037,27918.249132351153,31408.030273895045,r1,-32501.31043182618,-146224.76418677578,-113723.4537549496,0.14861261097634507
619,w160025437,385.6369404070079,mfh,43222.04791881172,48024.497687568575,54027.55989851464,r1,-55908.201845920565,-227351.3848323903,-171443.18298646974,0.14861261097634507
620,w160025438,514.208815998584,mfh,66439.19135967275,73821.32373296973,83048.98919959094,r2,-79109.68333563536,-102678.57287354261,-23568.88953790725,0.13680147770224252
621,w160025439,231.99735509790483,mfh,23422.747428464972,26025.274920516636,29278.434285581214,r1,-30297.585470185157,-149819.84498655016,-119522.25951636501,0.14861261097634507
622,w160025441,239.19352681115268,mfh,29974.211052689745,33304.67894743305,37467.76381586218,r1,-38771.97685898251,-50323.185272732066,-11551.208413749555,0.14861261097634507
623,w160025442,258.45977183450015,mfh,26407.168715404667,29341.29857267185,33008.96089425583,r1,-34157.96774584466,-143565.95964709393,-109407.99190124928,0.14861261097634507
624,w160025445,358.2598954875022,mfh,37036.861616907394,41152.06846323044,46296.07702113424,r1,-47907.594265478154,-206237.36421905598,-158329.76995357784,0.14861261097634507
625,w160025446,282.03160609211767,mfh,32653.249972380814,36281.3888582009,40816.56246547602,r1,-42237.34363097148,-54820.977447194506,-12583.633816223024,0.14861261097634507
626,w160025449,151.84076374266294,mfh,15398.815708212785,17109.79523134754,19248.51963526598,r1,-19918.54014923227,-103591.79237328067,-83673.2522240484,0.14861261097634507
627,w160025451,187.46145662125198,mfh,22242.272514884975,24713.63612764997,27802.840643606218,r1,-28770.627981580095,-133546.40816824927,-104775.78018666917,0.14861261097634507
628,w160025452,105.00601281486452,mfh,13097.326417448377,14552.584908275974,16371.658021810472,r1,-16941.538040124007,-86766.91142298917,-69825.37338286516,0.14861261097634507
629,w160025453,104.94913844838739,mfh,14710.976976171565,16345.52997352396,18388.721220214455,r1,-19028.813065021965,-95922.40387455502,-76893.59080953305,0.14861261097634507
630,w160025454,86.96602670811116,mfh,9958.714429546208,11065.238255051341,12448.393036932759,r1,-12881.708370200198,-95289.35977716885,-82407.65140696865,0.14861261097634507
631,w160025455,103.15431486908346,mfh,14454.34817374303,16060.386859714477,18067.935217178787,r1,-18696.860842105503,-94632.72934908107,-75935.86850697556,0.14861261097634507
632,w160025456,162.83409464433788,mfh,15439.821255317227,17155.356950352474,19299.776569146532,r1,-19971.58128251277,-79312.85903256419,-59341.27775005142,0.14861261097634507
633,w160025457,103.20248084068298,mfh,13888.002639595677,15431.114043995196,17360.003299494594,r1,-17964.286566654177,-88301.9136200363,-70337.62705338212,0.14861261097634507
634,w160025458,101.69107806179672,mfh,14620.583473797502,16245.09274866389,18275.729342246876,r1,-18911.88805985373,-181170.87316211386,-162258.98510226014,0.14861261097634507
635,w160025459,108.44199563004076,mfh,13875.057936342178,15416.731040380198,17343.82242042772,r1,-17947.542448381682,-94462.1140412898,-76514.57159290812,0.14861261097634507
636,w160025462,124.9876569705084,mfh,15710.045915399749,17455.606572666387,19637.557394249685,r1,-20321.11989919325,-105430.13660178948,-85109.01670259623,0.14861261097634507
637,w160025465,103.21026510931551,mfh,13114.320013160435,14571.466681289372,16392.90001645054,r1,-16963.519446024588,-76299.2146843535,-59335.69523832892,0.14861261097634507
638,w160025467,105.14285953305661,mfh,14341.115732538854,15934.573036154281,17926.394665673568,r1,-18550.393414411174,-90211.45613951943,-71661.06272510826,0.14861261097634507
639,w160025469,108.37528205253183,mfh,12119.687617749969,13466.319575277743,15149.60952218746,r1,-15676.951330845177,-83924.73815883353,-68247.78682798836,0.14861261097634507
640,w160025471,48.55004379618913,sfh,6829.869385996844,7588.743762218715,8537.336732496055,r1,-8834.51235190993,-55440.51645439092,-46606.00410248099,0.14861261097634507
641,w160025472,101.69099241122603,mfh,13375.50809475645,14861.6756608405,16719.38511844556,r1,-17301.369147479,-22455.909541243975,-5154.540393764975,0.14861261097634507
642,w160025474,105.6897082787007,mfh,13340.076698786537,14822.307443096151,16675.09587348317,r1,-17255.538240963662,-97059.45929849466,-79803.921057531,0.14861261097634507
643,w160025476,96.35599186792969,mfh,11760.455718228655,13067.17302025406,14700.569647785818,r1,-15212.280855590117,-19744.42599873114,-4532.145143141024,0.14861261097634507
644,w160025477,108.4367577029392,mfh,13789.217767408181,15321.35307489798,17236.522209260227,r1,-17836.507230886564,-82150.66701521655,-64314.15978432998,0.14861261097634507
645,w160025481,105.0061043202877,mfh,13105.966754568803,14562.185282854225,16382.458443211002,r1,-16952.71441271637,-73711.64050222824,-56758.92608951187,0.14861261097634507
646,w160025482,103.2132654029876,mfh,14060.161845670413,15622.402050744902,17575.202307088013,r1,-18186.976423019605,-93723.61655302759,-75536.64013000799,0.14861261097634507
647,w160025484,128.51466068420558,mfh,13247.347808026228,14719.275342251365,16559.184760032786,r1,-17135.5923848276,-67882.40468737937,-50746.81230255177,0.14861261097634507
648,w160025486,101.26240085978061,mfh,13302.68360909849,14780.75956566499,16628.354511373112,r1,-17207.169861708495,-81299.23775200483,-64092.06789029634,0.14861261097634507
649,w160025487,105.13472320698202,mfh,14158.708934601254,15731.898816223616,17698.386168251567,r1,-18314.448183488304,-92915.65588785565,-74601.20770436735,0.14861261097634507
650,w160025490,87.12732640933245,mfh,12040.780464448602,13378.644960498446,15050.975580560753,r1,-15574.884046524303,-165337.6633787003,-149762.779332176,0.14861261097634507
651,w160025492,101.576605540514,mfh,13964.916070301266,15516.57341144585,17456.145087876583,r1,-18063.774948524184,-89435.06811245912,-71371.29316393494,0.14861261097634507
652,w160025494,105.68961535468698,mfh,14285.138779463909,15872.376421626564,17856.423474329884,r1,-18477.98660025206,-92179.22164848914,-73701.23504823708,0.14861261097634507
653,w160025496,100.3227494932711,mfh,13748.271791453237,15275.857546059151,17185.339739316543,r1,-17783.54315355345,-91186.53453286907,-73402.99137931562,0.14861261097634507
654,w160025498,53.38166442215442,th,6600.947610690868,7334.386234100964,8251.184513363583,r1,-8538.399478110572,-70880.66298278613,-62342.26350467556,0.14861261097634507
655,w160025500,108.55102695096282,mfh,13356.061664075802,14840.06851563978,16695.07708009475,r1,-17276.214972144255,-77599.45152172896,-60323.236549584704,0.14861261097634507
656,w160025504,103.15687311664223,mfh,13210.204122827778,14678.004580919753,16512.75515353472,r1,-17087.546613066,-75922.68680206852,-58835.14018900252,0.14861261097634507
657,w160025505,103.09466042611747,mfh,11999.591279695112,13332.879199661236,14999.48909961889,r1,-15521.605375893225,-81481.94774721359,-65960.34237132037,0.14861261097634507
658,w160025507,85.83866344131528,mfh,11973.740029139291,13304.155587932546,14967.175036424114,r1,-15488.166494497342,-87136.6729521737,-71648.50645767635,0.14861261097634507
659,w160025509,108.27769679883495,mfh,14945.057217444468,16605.61913049385,18681.321521805585,r1,-19331.598472178284,-102649.87539703306,-83318.27692485477,0.14861261097634507
660,w160025513,105.03020258601755,mfh,11679.227174263047,12976.919082514496,14599.03396782881,r1,-15107.210826511211,-70797.85131300344,-55690.64048649223,0.14861261097634507
661,w160025515,104.96566433478147,mfh,13255.429579015141,14728.255087794601,16569.286973768925,r1,-17146.04624588873,-73811.96724604763,-56665.921000158894,0.14861261097634507
662,w160025517,132.51887063886969,mfh,14316.368058185923,15907.07562020658,17895.460072732403,r1,-18518.382021162528,-78980.28692915973,-60461.9049079972,0.14861261097634507
663,w160032048,197.876624872908,mfh,22760.163304132715,25289.070337925237,28450.204130165894,r1,-29440.525503182813,-134963.72822862602,-105523.2027254432,0.14861261097634507
664,w160032049,177.6117346536368,mfh,20420.46582699145,22689.406474434945,25525.582283739313,r1,-26414.10067814641,-186918.51523446184,-160504.41455631543,0.14861261097634507
665,w160032050,605.1206229591743,mfh,68794.57954872533,76438.42172080593,85993.22443590667,r2,-81914.26313191428,-333159.91718932096,-251245.65405740667,0.13680147770224252
666,w160032051,604.9254235289991,mfh,66484.26842234895,73871.4093581655,83105.33552793619,r2,-79163.35695930594,-306651.6588615731,-227488.30190226715,0.13680147770224252
667,w160032052,558.9287057133391,mfh,63671.536875409336,70746.15208378815,79589.42109426166,r2,-75814.21472212924,-331460.28902755433,-255646.0743054251,0.13680147770224252
668,w160032053,914.9869650162756,mfh,118384.96876544278,131538.85418382531,147981.21095680346,r2,-140961.9412739853,-182958.2719739841,-41996.3306999988,0.13680147770224252
669,w160032054,558.7663555394857,mfh,60610.35153484233,67344.8350387137,75762.93941855291,r2,-72169.23654030662,-296545.34298624034,-224376.10644593372,0.13680147770224252
670,w160032055,915.1860893286764,mfh,117551.19343225891,130612.43714695434,146938.99179032363,r2,-139969.158230854,-181669.71232181997,-41700.554090965976,0.13680147770224252
671,w160032056,579.5610938113182,mfh,57693.31188162339,64103.67986847043,72116.63985202923,r2,-68695.89379604628,-242389.84059678693,-173693.94680074067,0.13680147770224252
672,w160032057,300.306428108085,mfh,37313.43611538925,41459.37346154361,46641.79514423657,r1,-48265.34646906655,-62644.88347987682,-14379.537010810272,0.14861261097634507
673,w160032058,579.3688813976943,mfh,57693.4417204568,64103.82413384089,72116.80215057099,r2,-68696.04839619697,-272687.2415425328,-203991.19314633583,0.13680147770224252
674,w160032059,915.3225905947387,mfh,92194.63134061452,102438.47926734947,115243.28917576815,r2,-109776.89435017208,-142482.3658886764,-32705.471538504324,0.13680147770224252
675,w160032060,914.9022733874618,mfh,89683.02969465003,99647.81077183336,112103.78711831254,r2,-106786.30992535749,-376242.8378928655,-269456.52796750795,0.13680147770224252
676,w160032061,434.5004198986106,mfh,54507.02112981529,60563.35681090588,68133.77641226912,r2,-64901.951587655705,-84237.9780166101,-19336.026428954392,0.13680147770224252
677,w160032062,579.3681231357157,mfh,63760.568600850966,70845.07622316774,79700.7107510637,r2,-75920.22551880468,-98538.89030796949,-22618.664789164803,0.13680147770224252
678,w160032063,157.0142166607082,mfh,21768.76703500984,24187.51892778871,27210.9587937623,r1,-28158.143353509375,-127543.82827557946,-99385.6849220701,0.14861261097634507
679,w160032064,245.02896427586674,mfh,31648.601750868154,35165.11305652017,39560.75218858519,r1,-40937.819932835264,-165878.48664622323,-124940.66671338797,0.14861261097634507
680,w160032065,177.6155174203217,mfh,23633.30432957042,26259.22703285602,29541.630411963022,r1,-30569.94317403961,-143354.6065433074,-112784.66336926779,0.14861261097634507
681,w160032066,915.0334876678884,mfh,90981.15204470573,101090.16893856191,113726.44005588215,r2,-108331.99472287217,-389269.3565808246,-280937.36185795243,0.13680147770224252
682,w160032067,686.1767572972923,mfh,82068.33429355826,91187.03810395363,102585.41786694783,r2,-97719.43042923932,-398627.1377483963,-300907.70731915697,0.13680147770224252
683,w160032068,579.4084268193692,mfh,55797.50842459628,61997.23158288475,69746.88553074535,r2,-66438.54526300784,-240265.86333300846,-173827.31807000062,0.13680147770224252
684,w160032069,582.2339869499207,mfh,56337.525071553566,62597.25007950396,70421.90633944195,r2,-67081.54745888787,-235331.36918571158,-168249.8217268237,0.13680147770224252
685,w160032070,655.6557445708662,mfh,64738.30461673968,71931.4495741552,80922.8807709246,r2,-77084.42371297102,-284492.9092197656,-207408.4855067946,0.13680147770224252
686,w160032071,187.63290931591763,mfh,21296.262178485253,23662.513531650282,26620.327723106566,r1,-27546.95304292122,-125059.2931444661,-97512.34010154488,0.14861261097634507
687,w160032072,300.05888833065984,mfh,31840.051021962732,35377.83446884748,39800.06377745341,r1,-41185.461703806315,-155700.45020810497,-114514.98850429866,0.14861261097634507
688,w160032074,652.9879129000007,mfh,66119.07190804384,73465.63545338204,82648.8398850548,r2,-78728.51451148692,-304519.01548131724,-225790.50096983032,0.13680147770224252
689,w160032075,187.48918503960593,mfh,19824.58853199762,22027.320591108466,24780.73566499702,r1,-25643.32674012075,-129944.19373903496,-104300.86699891422,0.14861261097634507
690,w160032079,410.4375718038529,mfh,56450.435111772305,62722.70567974701,70563.04388971538,r2,-67215.99035839223,-87241.43079931445,-20025.44044092222,0.13680147770224252
691,w160032080,367.35827468354256,mfh,37513.62238413698,41681.802649041085,46892.027980171224,r1,-48524.28964410889,-201004.50876539844,-152480.21912128956,0.14861261097634507
692,w160032082,146.62608959153295,mfh,18641.24062010344,20712.48957789271,23301.550775129297,r1,-24112.652996100078,-120929.41787308433,-96816.76487698425,0.14861261097634507
693,w160032083,292.00384606306903,mfh,30643.0030164966,34047.781129440664,38303.75377062075,r1,-39637.06673569725,-155201.42032686708,-115564.35359116984,0.14861261097634507
694,w160032087,547.5336022242903,mfh,60767.66004008141,67519.62226675713,75959.57505010176,r2,-72356.54505175578,-93913.49416042764,-21556.949108671863,0.13680147770224252
695,w160032089,324.3052944285795,mfh,36712.527765060455,40791.69751673384,45890.65970632557,r1,-47488.064804759764,-219747.31895579564,-172259.25415103586,0.14861261097634507
696,w160032093,651.9691053661052,mfh,70334.93715781553,78149.93017535059,87918.6714472694,r2,-83748.37941456256,-321220.45510098815,-237472.0756864256,0.13680147770224252
697,w160032096,417.5862662355881,mfh,47555.89860683755,52839.88734093061,59444.87325854694,r1,-61514.086127279974,-258764.40019771626,-197250.3140704363,0.14861261097634507
698,w160032097,55.47504670508206,th,7948.649698139474,8831.832997932748,9935.812122674342,r1,-10281.667184323338,-82237.97927663336,-71956.31209231002,0.14861261097634507
699,w160032099,154.26596265360712,mfh,19916.581628132146,22129.53514236905,24895.727035165182,r1,-25762.320837688298,-111371.79720537983,-85609.47636769153,0.14861261097634507
700,w160032101,417.4909567882307,mfh,46112.95125263289,51236.61250292543,57641.18906579111,r1,-59647.6176044685,-245026.41032070926,-185378.79271624074,0.14861261097634507
701,w160032104,110.95144802480935,th,12429.560392323068,13810.622658136743,15536.950490403835,r1,-16077.775226555312,-89041.2214260311,-72963.44619947579,0.14861261097634507
702,w160032105,152.98637234792113,mfh,20848.956423449432,23165.507137166034,26061.19552931179,r1,-26968.35805162512,-35002.95287158906,-8034.594819963942,0.14861261097634507
703,w160032106,115.7174410201609,mfh,13210.000451569256,14677.778279521395,16512.50056446157,r1,-17087.283162017746,-114609.51160803734,-97522.2284460196,0.14861261097634507
704,w160032107,169.80155310891567,th,20257.197734231464,22507.997482479404,25321.49716778933,r1,-26202.911576182294,-34009.45942811133,-7806.547851929037,0.14861261097634507
705,w160032108,125.84912734059617,mfh,15892.879065874109,17658.7545176379,19866.098832342635,r1,-20557.616621885492,-102742.22304771122,-82184.60642582572,0.14861261097634507
706,w160032109,117.1162128248019,mfh,12173.84675432335,13526.49639369261,15217.308442904186,r1,-15747.006779051448,-87088.30987907363,-71341.30310002218,0.14861261097634507
707,w160032110,214.96215275530702,mfh,27759.583627761367,30843.98180862374,34699.479534701706,r1,-35907.33154372622,-161355.22604676115,-125447.89450303493,0.14861261097634507
708,w160032111,253.8681676615961,th,29680.37219464188,32978.191327379864,37100.46524330235,r1,-38391.89301342358,-184526.95904195702,-146135.06602853345,0.14861261097634507
709,w160032112,125.84912488418631,th,14784.277193453934,16426.97465939326,18480.346491817418,r1,-19123.627714963368,-93651.08365722836,-74527.45594226499,0.14861261097634507
710,w160032113,105.45346036842092,mfh,13847.210707174945,15385.789674638827,17309.01338396868,r1,-17911.521746353497,-90478.81577436616,-72567.29402801266,0.14861261097634507
711,w160032114,381.28189064939505,mfh,38441.58971886041,42712.87746540045,48051.98714857551,r1,-49724.62575852882,-194279.59300568048,-144554.96724715165,0.14861261097634507
712,w160032115,139.91205219514669,mfh,18194.998750903073,20216.66527878119,22743.748438628838,r1,-23535.43415301753,-110653.52562693052,-87118.091473913,0.14861261097634507
713,w160032116,192.1807412372902,mfh,25401.90433957016,28224.338155077952,31752.3804244627,r1,-32857.64704520965,-42646.81849718599,-9789.17145197634,0.14861261097634507
714,w160032117,302.6253065098543,mfh,38132.472874110405,42369.414304567115,47665.591092638,r1,-49324.77966648986,-64019.95014908292,-14695.170482593057,0.14861261097634507
715,w160032118,188.54685349911452,mfh,24193.179771566014,26881.31085729557,30241.474714457516,r1,-31294.148313010828,-147803.45462808962,-116509.3063150788,0.14861261097634507
716,w160032119,301.6826584111899,mfh,37828.96424629396,42032.182495882174,47286.20530786744,r1,-48932.18786570769,-200175.90727667313,-151243.71941096545,0.14861261097634507
717,w160032121,128.1140758719295,mfh,17251.90075647625,19168.778618306944,21564.87594559531,r1,-22315.52636123636,-101557.30681910184,-79241.78045786548,0.14861261097634507
718,w160032123,387.4767547928728,mfh,54442.01474559972,60491.1274951108,68052.51843199965,r2,-64824.54795939284,-322636.9886116039,-257812.44065221108,0.13680147770224252
719,w160032125,297.0948597435839,mfh,31398.011390583837,34886.67932287093,39247.51423822979,r1,-40613.6785022919,-169054.28830585416,-128440.60980356226,0.14861261097634507
720,w160032126,464.2806208854541,mfh,50568.14004669606,56186.82227410674,63210.17505837008,r2,-60211.89397549422,-253087.73257742313,-192875.8386019289,0.13680147770224252
721,w160032127,228.89082276217522,mfh,26202.43345212795,29113.81494680883,32753.041815159933,r1,-33893.140395559145,-173051.21921074213,-139158.078815183,0.14861261097634507
722,w160032128,268.14993185095955,mfh,30473.596445371426,33859.55160596825,38091.99555671428,r1,-39417.937443390634,-262243.54102105467,-222825.60357766403,0.14861261097634507
723,w160032129,100.24086796883493,mfh,13847.774666178364,15386.416295753737,17309.718332722954,r1,-17912.251233624793,-89691.95679188278,-71779.70555825799,0.14861261097634507
724,w160032130,150.2635816658847,mfh,14029.486662093666,15588.318513437407,17536.858327617083,r1,-18147.29773036971,-78350.17518227326,-60202.87745190355,0.14861261097634507
725,w160032131,100.12314690686762,mfh,14135.939899488163,15706.599888320181,17669.924874360204,r1,-18284.996182201125,-91811.0444241057,-73526.04824190457,0.14861261097634507
726,w160032132,257.78643680289383,mfh,32040.0698986087,35600.07766512078,40050.087373260874,r1,-41444.18835529499,-189331.50128359845,-147887.31292830347,0.14861261097634507
727,w160032133,136.6476590367034,mfh,17304.298376071107,19226.998195634562,21630.372970088883,r1,-22383.303267551797,-101093.71888880136,-78710.41562124956,0.14861261097634507
728,w160032134,132.71697852164507,th,15243.003074861019,16936.67008317891,19053.753843576273,r1,-19716.99476730271,-105498.43418772341,-85781.4394204207,0.14861261097634507
729,w160032135,165.9338162511587,mfh,22655.11538553312,25172.350428370133,28318.8942319164,r1,-29304.644846912386,-137615.72706075036,-108311.08221383797,0.14861261097634507
730,w160032136,153.4784858365543,mfh,20651.507489251788,22946.119432501986,25814.384361564735,r1,-26712.955649403935,-143809.2807892779,-117096.32513987395,0.14861261097634507
731,w160032137,244.7570460377261,mfh,31882.694606522888,35425.21622946987,39853.368258153605,r1,-41240.6216568354,-172487.81665481604,-131247.19499798064,0.14861261097634507
732,w160032138,345.56507694348693,mfh,33660.554635708184,37400.61626189798,42075.693294635224,r1,-43540.303466271944,-173306.81929019754,-129766.5158239256,0.14861261097634507
733,w160032139,170.051029805094,mfh,20953.231302739754,23281.36811415528,26191.53912842469,r1,-27103.23877291285,-120962.37963637571,-93859.14086346286,0.14861261097634507
734,w160032140,210.13578363517297,mfh,25061.983224774885,27846.648027527648,31327.479030968607,r1,-32417.955285731652,-164699.53475587282,-132281.57947014118,0.14861261097634507
735,w160032141,252.5825279586017,mfh,26752.030081941455,29724.477868823837,33440.03760242682,r1,-34604.04977614122,-145326.63228791178,-110722.58251177057,0.14861261097634507
736,w160032142,252.46278136584442,mfh,34459.97295454553,38288.858838383916,43074.96619318191,r1,-44574.359992534606,-57854.25345930222,-13279.893466767615,0.14861261097634507
737,w160032143,236.73276664549485,mfh,29576.02728282697,32862.25253647441,36970.03410353371,r1,-38256.921704282904,-159471.6726467,-121214.7509424171,0.14861261097634507
738,w160032144,216.15235636769793,mfh,24178.437367510116,26864.93040834457,30223.046709387643,r1,-31275.078848667086,-144923.78954500632,-113648.71069633923,0.14861261097634507
739,w160032145,143.2480424195528,mfh,18000.89068230275,20000.989647003054,22501.113352878438,r1,-23284.35319776956,-30221.384485728762,-6937.031287959202,0.14861261097634507
740,w160032146,425.3107569515705,mfh,43179.60460429989,47977.3384492221,53974.50575537486,r1,-55853.30094443632,-233411.17087043537,-177557.86992599905,0.14861261097634507
741,w160032147,237.48158785337583,mfh,32014.72814949744,35571.92016610827,40018.4101868718,r1,-41411.40851970964,-192920.0998587745,-151508.69133906486,0.14861261097634507
742,w160032148,183.97369813346305,th,23560.800292201195,26178.66699133466,29451.000365251493,r1,-30476.15839171053,-139302.44733600455,-108826.28894429402,0.14861261097634507
743,w160032149,343.71558685973287,mfh,34361.6584028396,38179.620447599555,42952.0730035495,r1,-44447.18902156417,-185397.51067073146,-140950.32164916728,0.14861261097634507
744,w160032150,136.78365420317277,mfh,19017.245100468906,21130.27233385434,23771.556375586133,r1,-24599.018992054967,-118539.54654818021,-93940.52755612525,0.14861261097634507
745,w160032151,156.68413198292254,mfh,18994.198311231074,21104.66479025675,23742.74788903884,r1,-24569.207712704454,-146907.49935922876,-122338.2916465243,0.14861261097634507
746,w160032152,131.687454425171,th,16816.435705141692,18684.928561268545,21020.544631427114,r1,-21752.2474524584,-28232.82348046632,-6480.576028007919,0.14861261097634507
747,w160032153,131.7784823913127,mfh,14664.81319433541,16294.236882594898,18331.01649291926,r1,-18969.099697489844,-73948.70704725038,-54979.60734976054,0.14861261097634507
748,w160032155,131.65618118494749,mfh,16155.971644692994,17951.079605214436,20194.96455586624,r1,-20897.92981177412,-91079.99151984073,-70182.06170806661,0.14861261097634507
749,w160032156,597.6746075108182,mfh,62825.58869422202,69806.20966024668,78531.98586777752,r2,-74806.93737027532,-338651.3730293089,-263844.4356590336,0.13680147770224252
750,w160032157,145.99030133634804,mfh,18497.65764028637,20552.95293365152,23122.072050357958,r1,-23926.926807643427,-200004.56410329358,-176077.63729565014,0.14861261097634507
751,w160032158,192.3817300193943,mfh,24447.84564861781,27164.27294290868,30559.807060772262,r1,-31623.561470023305,-134396.28542783723,-102772.72395781393,0.14861261097634507
752,w160032159,156.72131929650496,mfh,19753.449044420944,21948.276716023272,24691.81130552618,r1,-25551.30701819265,-106960.64130906889,-81409.33429087624,0.14861261097634507
753,w160032160,462.61881872685626,other,21516.45961733097,23907.177352589966,26895.57452166371,nr1,-26008.738473665322,-168605.28517087147,-142596.54669720615,0.1486066813618269
754,w160032161,876.0951372385025,trade,41598.98809684389,46221.0978853821,51998.73512105486,nr1,-50284.16484041156,-65268.25803113479,-14984.09319072323,0.1486066813618269
755,w160032162,197.75498196221892,mfh,21819.024375477275,24243.36041719697,27273.78046934659,r1,-28223.151784862977,-123155.21366282522,-94932.06187796225,0.14861261097634507
756,w160032163,355.37988740094,mfh,43004.925360010486,47783.25040001165,53756.1567000131,r1,-55627.35139048718,-222969.52765519495,-167342.17626470776,0.14861261097634507
757,w160032164,218.83437259588393,mfh,24626.450963512878,27362.723292792085,30783.063704391097,r1,-31854.589440161697,-144282.31894473138,-112427.72950456968,0.14861261097634507
758,w160032165,192.38173281145282,mfh,24614.11645560697,27349.018284007743,30767.645569508713,r1,-31838.63461638822,-132865.00844897807,-101026.37383258986,0.14861261097634507
759,w160032166,5513.669180350005,other,296885.1769801247,329872.41886680527,371106.47122515587,nr2,-330361.5098108028,-1732353.909830237,-1401992.4000194343,0.13680147770224252
760,w160032167,119.51807446111924,mfh,13433.338114289052,14925.931238098947,16791.672642861315,r1,-17376.172923802955,-80027.1200283096,-62650.947104506646,0.14861261097634507
761,w160032168,107.41719602905214,th,13873.999853026246,15415.555392251383,17342.499816282805,r1,-17946.173805791954,-23292.81874510073,-5346.644939308775,0.14861261097634507
763,w160032170,37.81535124108195,sfh,4769.791538029326,5299.76837558814,5962.239422536657,r0,-7570.776411046901,-50295.97081150931,-42725.19440046241,0.18235870604520946
764,w160032171,82.13437312801835,th,9646.465808249995,10718.295342499994,12058.082260312494,r1,-12477.811290211514,-65240.51079347866,-52762.69950326714,0.14861261097634507
765,w160032172,100.39566505721304,th,14312.979822175337,15903.310913528152,17891.22477771917,r1,-18513.999300030548,-102532.05370890761,-84018.05440887707,0.14861261097634507
766,w160032173,119.7984774223063,mfh,12295.751901574888,13661.94655730543,15369.689876968609,r1,-15904.692448906748,-69362.71896061348,-53458.02651170673,0.14861261097634507
767,w160032174,119.65868240431882,mfh,13051.979082176204,14502.19898019578,16314.973852720253,r1,-16882.880755343478,-71947.732686783,-55064.85193143952,0.14861261097634507
768,w160032175,69.26172256879508,th,7386.415528105403,8207.128364561559,9233.019410131752,r1,-9554.411004283395,-65288.30458902167,-55733.893584738275,0.14861261097634507
769,w160032176,103.52918697646818,th,13372.589931875937,14858.433257639928,16715.73741484492,r1,-17297.594471192268,-89174.42776510291,-71876.83329391065,0.14861261097634507
770,w160032177,62.96843930834439,th,7111.322358229594,7901.469286921771,8889.152947786992,r1,-9198.574915795856,-11939.076292558388,-2740.5013767625314,0.14861261097634507
771,w160032178,300.84989367914386,mfh,31793.30178992664,35325.89087769627,39741.6272374083,r1,-41124.99104990012,-192336.26649760164,-151211.2754477015,0.14861261097634507
772,w160127708,318.335366258584,mfh,40928.439383668316,45476.04375963146,51160.54922958539,r1,-52941.39358224935,-248014.12328684854,-195072.7297045992,0.14861261097634507
773,w160127710,130.057766958978,mfh,19160.41845180246,21289.353835336067,23950.523064753073,r1,-24784.21532149195,-32168.09563254895,-7383.880311057001,0.14861261097634507
774,w160127712,149.28690248169005,mfh,19893.976263748034,22104.41807083115,24867.470329685042,r1,-25733.080546317527,-128384.03903923823,-102650.9584929207,0.14861261097634507
775,w160127717,149.4986190713942,mfh,20018.073736971855,22242.30415219095,25022.59217121482,r1,-25893.60201430994,-128608.8395318476,-102715.23751753765,0.14861261097634507
776,w160127718,161.62649620659647,mfh,19998.168014560528,22220.18668284503,24997.710018200658,r1,-25867.8537399905,-127993.63239630454,-102125.77865631404,0.14861261097634507
777,w160127719,242.7560603125021,mfh,26016.569220877962,28907.299134308847,32520.71152609745,r1,-33652.72293602136,-147589.41982444323,-113936.69688842187,0.14861261097634507
778,w164087844,70.24407002975931,other,5531.1032271675895,6145.670252408432,6913.879033959486,nr1,-6685.90557483606,-70579.40542960903,-63893.49985477297,0.1486066813618269
779,w164087850,88.49543042890728,other,9571.515035104732,10635.016705671924,11964.393793880914,nr1,-11569.888158750668,-115225.13569063444,-103655.24753188378,0.1486066813618269
780,w164087857,77.59434223277493,other,5732.685063821826,6369.65007091314,7165.856329777282,nr1,-6929.574345806083,-65930.3517740436,-59000.77742823751,0.1486066813618269
786,w164088149,49.229225591477004,other,5037.637509600219,5597.37501066691,6297.046887000274,nr1,-6089.412423909338,-66219.5242187102,-60130.11179480086,0.1486066813618269
788,w164088153,80.69597001839429,other,6314.859681225849,7016.51075691761,7893.574601532311,nr1,-7633.297339242755,-87171.93775250284,-79538.64041326009,0.1486066813618269
791,w164088159,54.065223559696456,other,5119.410322922457,5688.233692136064,6399.262903653072,nr1,-6188.258040417774,-60296.86213296559,-54108.604092547816,0.1486066813618269
793,w164088169,56.479432658094446,other,4565.7132450906565,5073.014716767396,5707.14155636332,nr0,-6767.171204413207,-64937.45662270597,-58170.28541829276,0.18221679060440832
795,w164088175,32.08830586867407,other,2825.594723491785,3139.54969276865,3531.993404364731,nr0,-4188.0166847350565,-41390.776102059535,-37202.75941732448,0.18221679060440832
799,w164088182,35.81288355943252,other,2845.4381235960636,3161.597915106737,3556.7976544950793,nr0,-4217.4280118541465,-42096.043272134084,-37878.61526027994,0.18221679060440832
800,w359788107,586.4023264580406,other,46109.15580262688,51232.39533625209,57636.4447532836,nr1,-55735.98053957036,-342680.2211303952,-286944.24059082486,0.1486066813618269
801,w377595955,68.13203878551721,other,5269.498540512313,5854.998378347015,6586.873175640391,nr1,-6369.682181224327,-8267.772995731591,-1898.0908145072644,0.1486066813618269
802,w377595956,85.03076633159071,other,6722.920315991011,7469.911462212234,8403.650394988763,nr1,-8126.554246734,-76402.15347535632,-68275.59922862232,0.1486066813618269
805,w377595969,38.68702136902139,other,3090.1691164444,3433.521240493778,3862.7113955555,nr0,-4580.161376550561,-41630.76504640805,-37050.60366985749,0.18221679060440832
814,w377595984,35.49371746703982,other,2841.029831970761,3156.699813300845,3551.287289963451,nr0,-4210.894166527903,-34350.459800660894,-30139.565634132992,0.18221679060440832
818,w377595990,36.364706988167015,other,2791.57936980043,3101.754855333811,3489.474212250537,nr0,-4137.600088323623,-32348.317333824663,-28210.71724550104,0.18221679060440832
819,w377595993,54.98309161569923,other,4220.0307815631595,4688.923090625733,5275.038476953949,nr0,-6254.810421446985,-47942.42670995898,-41687.61628851199,0.18221679060440832
823,w377596001,68.93592455182224,other,4836.798385703419,5374.220428559354,6045.997982129273,nr0,-7168.965942501838,-55811.765005637,-48642.79906313516,0.18221679060440832
825,w377596004,35.535723760165276,other,2630.7606042728767,2923.067338080974,3288.450755341096,nr0,-3899.2390566978347,-36755.21986637267,-32855.98080967483,0.18221679060440832
827,w377596008,41.66994294051546,other,3243.63691899437,3604.041021104855,4054.546148742962,nr0,-4807.627018493237,-42020.369308001995,-37212.74228950876,0.18221679060440832
831,w377596012,33.714099188242116,other,2925.7385905314077,3250.8206561460083,3657.1732381642596,nr0,-4336.447095702678,-38245.87092728083,-33909.42383157815,0.18221679060440832
836,w377596021,41.97082374822348,other,3488.321395519886,3875.9126616887625,4360.401744399857,nr0,-5170.291438009911,-40307.41108749042,-35137.11964948051,0.18221679060440832
838,w377596023,32.13139781658538,other,2490.0711216668888,2766.7456907409874,3112.5889020836107,nr0,-3690.713079627601,-34833.043926760525,-31142.330847132926,0.18221679060440832
844,w377596038,30.39147779517807,other,2398.685899783123,2665.2065553145812,2998.357374728904,nr0,-3555.2644851050054,-4614.691732858931,-1059.4272477539253,0.18221679060440832
847,w377596043,50.74534401865676,other,3919.317771017566,4354.797523352851,4899.1472137719575,nr0,-5809.102091440786,-45203.079144962205,-39393.97705352142,0.18221679060440832
848,w377596044,31.44567816138733,other,2904.869813374752,3227.633125971947,3631.08726671844,nr0,-4305.515983680326,-34646.1783724917,-30340.66238881137,0.18221679060440832
861,w377596072,32.00744857888203,other,2718.9974702297686,3021.108300255298,3398.7468377872106,nr0,-4030.021246997061,-37047.95682655004,-33017.935579552985,0.18221679060440832
863,w377596074,30.798605113010854,other,2855.316162411527,3172.5735137905854,3569.1452030144083,nr0,-4232.068961961987,-37570.21476630603,-33338.14580434404,0.18221679060440832
877,w377596096,31.32093481458723,other,2660.043472138398,2955.603857931553,3325.0543401729974,nr0,-3942.641296296493,-32285.41468779034,-28342.773391493847,0.18221679060440832
882,w377596101,34.10184732507914,other,2734.2308274665847,3038.0342527406497,3417.788534333231,nr0,-4052.5996987976355,-35027.771017641164,-30975.171318843528,0.18221679060440832
886,w377596106,35.077698366669935,other,2779.2898943774467,3088.099882641607,3474.112367971808,nr0,-4119.384974991838,-34465.920952114735,-30346.535977122898,0.18221679060440832
893,w377596115,40.14825235735625,other,3192.6172371227067,3547.352485691896,3990.771546403383,nr0,-4732.007087173309,-42202.913810187645,-37470.906723014334,0.18221679060440832
895,w377596117,32.339281557500364,other,2797.665055321845,3108.5167281353833,3497.081319152306,nr0,-4146.620119501428,-36066.53051080188,-31919.91039130045,0.18221679060440832
899,w377596123,32.752713098051025,other,2913.410473739367,3237.1227485992963,3641.7630921742084,nr0,-4318.174709225176,-39412.86841996101,-35094.69371073583,0.18221679060440832
901,w377596125,37.63718191203661,other,2922.0877489035165,3246.7641654483514,3652.6096861293954,nr0,-4331.035921366947,-37694.81720912037,-33363.781287753416,0.18221679060440832
909,w377596135,73.15242530554532,other,5088.204744337678,5653.560827041864,6360.255930422097,nr1,-6150.537256108203,-55242.44029877871,-49091.90304267051,0.1486066813618269
916,w377596142,40.572792674647644,other,3113.8461841117532,3459.8290934575034,3892.3077301396916,nr0,-4615.254857442234,-41215.40988925397,-36600.15503181174,0.18221679060440832
917,w377596143,37.61386710904771,other,2745.329396719578,3050.3659963550867,3431.6617458994724,nr0,-4069.0496846437245,-37061.69917655302,-32992.649491909295,0.18221679060440832
918,w377596145,32.806498026452026,other,2693.449218590027,2992.721353988919,3366.811523237534,nr0,-3992.154350076747,-31918.426274417507,-27926.27192434076,0.18221679060440832
919,w377596147,34.850180151499806,other,2595.9189583634725,2884.354398181636,3244.8986979543406,nr0,-3847.597753301042,-4994.136896962957,-1146.5391436619147,0.18221679060440832
929,w377596159,36.51154847629368,other,2488.2164818409556,2764.684979823284,3110.2706023011942,nr0,-3687.9641848655165,-34073.56649903702,-30385.602314171505,0.18221679060440832
931,w377596161,32.13265920560807,other,2649.7963962137605,2944.2182180152895,3312.2454952672006,nr0,-3927.453369809607,-35452.99744448122,-31525.544074671612,0.18221679060440832
934,w377596166,38.724472055921794,other,2981.905002903568,3313.227781003964,3727.38125362946,nr0,-4419.695365591018,-5736.712908644663,-1317.0175430536447,0.18221679060440832
935,w377596167,41.94859704792034,other,3114.8432704850466,3460.9369672056073,3893.554088106308,nr0,-4616.732710700085,-43870.0914863563,-39253.35877565622,0.18221679060440832
936,w377596168,31.29673577034846,other,2563.979256552608,2848.865840614009,3204.97407069076,nr0,-3800.257629476044,-33484.33712170723,-29684.079492231183,0.18221679060440832
937,w377596169,36.7579496475868,other,3082.2442820121273,3424.7158689023636,3852.805352515159,nr0,-4568.4154108074235,-36545.78044130121,-31977.36503049379,0.18221679060440832
940,w379327852,945.496160332486,other,38030.77627777757,42256.41808641952,47538.47034722196,nr1,-45970.96974831633,-429229.8433878983,-383258.87363958196,0.1486066813618269
941,w379327862,94.51021252730861,other,9084.066665311519,10093.407405901688,11355.083331639398,nr1,-10980.668677718832,-102462.65551077048,-91481.98683305165,0.1486066813618269
942,w387435839,3594.435384737421,other,196483.33588232234,218314.8176470248,245604.1698529029,nr2,-218638.5058190109,-1269014.639031415,-1050376.1332124043,0.13680147770224252
943,w387435840,942.2609318409114,other,56823.35165188755,63137.05739098616,71029.18956485944,nr2,-63230.66862137232,-472271.2359432763,-409040.567321904,0.13680147770224252
944,w390787314,132.5826213063672,other,9844.203167691367,10938.003519657073,12305.253959614207,nr1,-11899.509037438598,-89257.06147218759,-77357.552434749,0.1486066813618269
945,w390787315,330.5195846647024,other,28537.57339615315,31708.414884614613,35671.966745191436,nr1,-34495.74401802292,-216693.05116460664,-182197.30714658374,0.1486066813618269
946,w390787316,150.59577141329646,other,12304.720854223664,13671.912060248515,15380.90106777958,nr1,-14873.741887870003,-19305.943063924842,-4432.201176054839,0.1486066813618269
947,w390789514,104.66224040389062,trade,10397.319493968453,11552.577215520503,12996.649367460564,nr1,-12568.10685192606,-198160.8140627159,-185592.7072107898,0.1486066813618269
948,w390789515,335.6007874913513,trade,25636.797863414322,28485.330959349245,32045.997329267902,nr1,-30989.334806488787,-156684.0436693753,-125694.70886288652,0.1486066813618269
949,w390790006,38.98714106846601,trade,2776.3285059702725,3084.8094510780807,3470.4106324628406,nr0,-4114.995688744907,-63885.59506572219,-59770.59937697728,0.18221679060440832
950,w390793102,268.1788772383239,sfh,30059.790808766775,33399.76756529642,37574.738510958465,r1,-38882.6752295379,-162823.81389480774,-123941.13866526984,0.14861261097634507
951,w390793103,629.0808588726446,th,87553.79058492262,97281.98953880291,109442.23823115327,r2,-104251.00766972787,-448955.6027552215,-344704.59508549364,0.13680147770224252
952,w390793104,761.76513240356,mfh,80676.55852455663,89640.6205828407,100845.69815569579,r2,-96062.23174715602,-365675.22681591497,-269612.99506875896,0.13680147770224252
953,w390793105,324.12222724705936,th,47118.253767594215,52353.615297326905,58897.817209492765,r1,-60947.98763849012,-299488.0312158033,-238540.04357731316,0.14861261097634507
954,w390793106,1475.9963392082602,mfh,145242.0290743921,161380.03230488012,181552.53634299012,r2,-172940.86053664004,-491902.8705054669,-318962.00996882684,0.13680147770224252
955,w390793107,895.6360460046678,mfh,90245.7910168643,100273.10112984922,112807.23877108037,r2,-107456.39439030683,-139470.5269558723,-32014.13256556548,0.13680147770224252
956,w390793108,286.70933025064875,mfh,25575.074405456515,28416.749339396127,31968.843006820643,r1,-33081.64446003441,-122022.19057593452,-88940.54611590011,0.14861261097634507
957,w390793793,117.72837251536548,mfh,12242.925925452717,13603.251028280796,15303.657406815895,r1,-15836.36145863776,-78672.09049137542,-62835.72903273766,0.14861261097634507
958,w390794364,96.81251710766227,sfh,13040.642047928714,14489.602275476347,16300.802559910891,r1,-16868.216174890622,-127542.42372661765,-110674.20755172703,0.14861261097634507
959,w475684695,267.0884538785554,mfh,32327.72471892473,35919.69413213859,40409.65589865591,r1,-41816.273078961705,-188364.89907379955,-146548.62599483784,0.14861261097634507
960,w620369477,3702.806372543797,other,329831.05954184383,366478.95504649315,412288.8244273048,nr2,-367022.3212930397,-476390.6817457665,-109368.36045272677,0.13680147770224252
961,w620369478,20480.360502976928,other,1687025.1117225294,1874472.3463583658,2108781.3896531616,nr2,-1877251.5646165241,-2436650.5817010985,-559399.0170845743,0.13680147770224252
962,w993163452,1412.2592688187956,other,69902.24125333331,77669.15694814813,87377.80156666663,nr2,-77784.31444273879,-525950.4575421399,-448166.14309940115,0.13680147770224252
963,w993163453,1066.3710880815981,other,51293.74656664398,56993.051740715535,64117.183208304974,nr2,-57077.55345678177,-378412.77764189884,-321335.22418511705,0.13680147770224252
964,w993163454,1257.084109787643,other,59883.17288306017,66536.85875895574,74853.96610382521,nr2,-66635.51076257834,-423471.2088636251,-356835.6981010468,0.13680147770224252
965,w993163455,1355.0658122852444,mfh,137933.86271477625,153259.84746086248,172417.3283934703,r2,-164238.96765321342,-213170.14678605704,-48931.17913284362,0.13680147770224252
966,w993163456,1286.649396429956,mfh,130250.32129646631,144722.5792182959,162812.90162058288,r2,-155090.11264671365,-575098.4837455646,-420008.37109885097,0.13680147770224252
967,w993163457,923.1744978809729,ab,96260.7750734298,106956.41674825533,120325.96884178725,r2,-114618.48463020432,-429342.8274968032,-314724.34286659886,0.13680147770224252
968,w993163458,923.3917086940259,ab,96786.7143031862,107540.7936702069,120983.39287898275,r2,-115244.72473139061,-424953.28632023116,-309708.56158884056,0.13680147770224252
969,w993163460,1313.604391914094,ab,125644.15428679457,139604.6158742162,157055.1928584932,r2,-149605.51227652674,-568139.9904950327,-418534.478218506,0.13680147770224252
970,w993163461,1099.8535498690792,ab,118342.74284405124,131491.93649339027,147928.42855506405,r2,-140911.66252733776,-540387.0723376212,-399475.40981028345,0.13680147770224252
971,w993164648,226.1375619597733,ab,25333.36690212359,28148.18544680399,31666.708627654487,r1,-32768.993104194116,-201691.8931160398,-168922.9000118457,0.14861261097634507
972,w993164649,158.37299746889622,other,12554.80104281894,13949.778936465487,15693.501303523673,nr1,-15176.034659929042,-121223.67848066163,-106047.6438207326,0.1486066813618269
973,w993164650,163.5844805765897,other,11822.83966197053,13136.48851330059,14778.549577463164,nr1,-14291.251918442382,-110288.49086416153,-95997.23894571915,0.1486066813618269
974,w993164651,162.24389737509188,other,11008.365752407117,12231.517502674575,13760.457190508896,nr1,-13306.72940478517,-103886.83670524543,-90580.10730046025,0.1486066813618269
975,w993164652,173.63842588849366,other,12537.52789010725,13930.586544563612,15671.909862634062,nr1,-15155.155160258377,-118247.92232408561,-103092.76716382723,0.1486066813618269
976,w1006795433,259.34726619906723,mfh,31206.31317629144,34673.68130699049,39007.8914703643,r1,-40365.714720513366,-164730.9246368699,-124365.20991635653,0.14861261097634507
977,w1006849999,188.95288848243652,other,12692.659037467965,14102.954486075516,15865.823796834957,nr1,-15342.675110686214,-119829.06948810801,-104486.39437742179,0.1486066813618269
978,w1007159125,240.08975319266318,education,18188.745430473453,20209.717144970502,22735.931788091813,nr1,-21986.2529188685,-157240.33696652186,-135254.08404765336,0.1486066813618269
979,w1007160095,265.99824453517795,sfh,29700.45869061807,33000.5096562423,37125.57336327258,r1,-38417.87512036869,-175320.42007860797,-136902.54495823928,0.14861261097634507
980,w1007176059,713.9090096209663,trade,44584.74507920726,49538.60564356363,55730.93134900908,nr1,-53893.29821464287,-371648.6846348602,-317755.38642021734,0.1486066813618269
981,w1029411791,412.32884333096445,trade,24243.8769969841,26937.64110776011,30304.846246230125,nr1,-29305.595233445172,-221863.84821435166,-192558.2529809065,0.1486066813618269
982,w1030080397,647.4037659055554,other,30520.396752890152,33911.551947655724,38150.49594111269,nr1,-36892.5479087201,-298575.18889350654,-261682.64098478644,0.1486066813618269
983,w1030080398,123.65970464986749,other,6312.042173885407,7013.380193206007,7890.052717356758,nr1,-7629.891583236958,-62877.560397390735,-55247.668814153774,0.1486066813618269
984,w1030080399,86.80603968682699,other,6773.282403048039,7525.869336720043,8466.603003810047,nr1,-8187.431099829253,-72414.2481637856,-64226.81706395635,0.1486066813618269
985,w1036126248,1409.4026292502879,trade,62527.62490135226,69475.13877928029,78159.53112669032,nr2,-69578.1472736753,-515506.98849176464,-445928.84121808934,0.13680147770224252
986,w1036126249,536.9865712554193,mfh,58786.42745363585,65318.25272626206,73483.0343170448,r2,-69997.47536230911,-292667.4482721899,-222669.97290988077,0.13680147770224252
987,w1036126250,784.2879224468953,mfh,83022.8157791949,92247.57308799434,103778.51972399362,r2,-98855.93926586362,-359206.7817372738,-260350.84247141017,0.13680147770224252
988,w1036126251,422.468481163308,mfh,52845.09736255475,58716.77484728305,66056.37170319344,r2,-62923.085495740095,-286625.15402206883,-223702.06852632875,0.13680147770224252
989,w1036680208,878.3984476357698,mfh,87023.10356131091,96692.33729034546,108778.87945163864,r2,-103619.11433193907,-409359.7684800203,-305740.6541480812,0.13680147770224252
990,w1075387093,82.43980132825672,other,6640.5639729472905,7378.404414385878,8300.704966184112,nr1,-8027.00326920486,-69681.46061158169,-61654.45734237682,0.1486066813618269
991,w1075387094,82.56877346616238,other,5523.9930738652965,6137.770082072551,6904.99134233162,nr1,-6677.310939796844,-44010.730874274326,-37333.41993447748,0.1486066813618269
992,w1075387095,130.11354850369972,other,4922.185612555075,5469.095125061194,6152.732015693843,nr0,-7295.524478212888,-44070.70521749271,-36775.18073927982,0.18221679060440832
993,w1075387096,86.78853361294604,other,5651.038189360073,6278.931321511192,7063.797736700091,nr1,-6830.880962097293,-46353.87829590993,-39522.997333812644,0.1486066813618269
994,w1075387097,130.27800867820625,other,5001.394598025604,5557.105108917338,6251.743247532005,nr1,-6045.602595274284,-43205.97922888679,-37160.376633612505,0.1486066813618269
995,w1075387098,130.18280181584413,other,4914.504272727153,5460.56030303017,6143.1303409089405,nr0,-7284.139413294342,-43869.96687991751,-36585.827466623174,0.18221679060440832
996,w1075387099,86.85200681062415,other,7574.079042728552,8415.643380809503,9467.598803410689,nr1,-9155.420757164155,-75106.86318331557,-65951.4424261514,0.1486066813618269
997,w1107949539,145.45949292609,other,7234.128086910359,8037.920096567066,9042.660108637949,nr1,-8744.493696625528,-11350.250575988588,-2605.75687936306,0.1486066813618269
998,w1107949540,113.13991883732378,other,8157.082843669978,9063.42538185553,10196.353554587471,nr1,-9860.14605386793,-75814.20639388451,-65954.06034001659,0.1486066813618269
999,w1108636740,113.13954655230044,other,8437.78627390423,9375.318082115811,10547.232842380286,nr1,-10199.45569102324,-77382.18374515043,-67182.72805412719,0.1486066813618269
1000,w1108636741,169.70950587596744,other,6388.827258846157,7098.696954273508,7986.034073557696,nr1,-7722.708116669519,-53269.413535513624,-45546.7054188441,0.1486066813618269
1001,w1108636742,113.35190696045755,other,7307.257952288273,8119.1755025425255,9134.072440360342,nr1,-8832.891861428461,-58280.50394330486,-49447.612081876396,0.1486066813618269
1002,w1108636743,97.02220907397567,other,8465.714383767012,9406.34931529668,10582.142979708764,nr1,-10233.214725660138,-76848.63722445082,-66615.4224987907,0.1486066813618269
1003,w1108636744,97.02139693088829,other,6248.685707876577,6942.984119862863,7810.857134845721,nr1,-7553.307341017479,-52016.73120252922,-44463.42386151174,0.1486066813618269
1004,w1108636745,97.02220705058426,other,6051.606396825816,6724.00710758424,7564.507996032269,nr1,-7315.081148100467,-48976.83911534648,-41661.75796724602,0.1486066813618269
1005,w1108636746,96.97299731615931,other,6049.968200571248,6722.186889523609,7562.46025071406,nr1,-7313.100923718233,-48946.87348269389,-41633.77255897566,0.1486066813618269
1006,w1108636747,96.97299630921333,other,6204.737122419419,6894.152358243799,7755.921403024274,nr1,-7500.183021971885,-51162.099555438064,-43661.91653346618,0.1486066813618269
1007,w1108636748,93.15071205198764,other,7049.813241953456,7833.125824392729,8812.266552441819,nr1,-8521.696977994503,-64342.35033284149,-55820.65335484699,0.1486066813618269
1008,w1108636749,139.88183319568634,other,5418.6318681190805,6020.702075687867,6773.28983514885,nr1,-6549.95206690327,-47554.11315001873,-41004.16108311546,0.1486066813618269
1009,w1108636750,139.7263257611543,other,5255.293421448891,5839.2149127209905,6569.116776811114,nr1,-6352.511269593017,-45588.5538689159,-39236.042599322886,0.1486066813618269
1010,w1108636751,139.8837134392932,other,5137.657930030147,5708.508811144608,6422.072412537684,nr1,-6210.315444352938,-42685.262119630584,-36474.94667527765,0.1486066813618269
1011,w1108636752,93.1510556358844,other,5632.758798770266,6258.620887522518,7040.9484984628325,nr1,-6808.785138817645,-46217.14482388625,-39408.35968506861,0.1486066813618269
1012,w1108636753,93.25489941500128,other,5561.032789158997,6178.925321287774,6951.290986448746,nr1,-6722.083931513237,-46383.11192407062,-39661.02799255738,0.1486066813618269
1013,w1108636754,139.72684112749994,other,6793.787494520834,7548.652771689815,8492.234368151043,nr1,-8212.21731331323,-70505.08807879734,-62292.87076548411,0.1486066813618269
1014,w1159236388,245.9913005110109,other,17161.798074090097,19068.664526766774,21452.24759261262,nr1,-20744.896037047532,-198956.46589267292,-178211.5698556254,0.1486066813618269
1015,w1159236389,122.96537718712352,other,11214.556910810714,12460.618789789682,14018.19613851339,nr1,-13555.969847212866,-135753.49263287825,-122197.52278566538,0.1486066813618269
1016,w1159236390,245.9301320978673,other,9422.640053648083,10469.600059608982,11778.300067060103,nr1,-11389.930557600574,-149999.06647700362,-138609.13591940305,0.1486066813618269
1017,w1219742100,99.15745026543736,other,6796.05397685548,7551.171085394977,8495.06747106935,nr1,-8214.956999457947,-70274.75091108741,-62059.79391162946,0.1486066813618269
1018,w1219742101,534.7382739499211,other,26665.5596979286,29628.399664365108,33331.94962241074,nr1,-32232.884999291786,-251124.0084910312,-218891.12349173942,0.1486066813618269
1019,w1219742102,331.85329187787136,other,16686.177045042114,18540.19671671346,20857.72130630264,nr1,-20169.97324876871,-154581.99057583333,-134412.01732706462,0.1486066813618269
1020,w1219742103,321.63751182574777,other,17114.566871985295,19016.185413316995,21393.208589981616,nr1,-20687.803745602378,-161899.75864185664,-141211.95489625426,0.1486066813618269
1021,w1219742104,906.7466930493712,other,37559.58202112246,41732.868912358295,46949.477526403076,nr1,-45401.39796886965,-367760.7568402932,-322359.3588714235,0.1486066813618269
1022,w1219742105,1260.638449399173,ab,128554.44727096538,142838.2747455171,160693.0590887067,r2,-153070.82170730078,-610666.691917461,-457595.8702101602,0.13680147770224252
1023,w1219929093,501.3837405549362,other,33138.81990165809,36820.91100184232,41423.52487707261,nr1,-40057.654255251306,-308696.57715965516,-268638.9229044039,0.1486066813618269
1024,w1242595698,177.05818741209805,other,9156.077890481276,10173.419878312528,11445.097363101595,nr1,-11067.714648845973,-91990.39058282821,-80922.67593398225,0.1486066813618269
1025,w1242595699,175.70056665593293,other,9159.768067274865,10177.52007474985,11449.71008409358,nr1,-11072.175273170466,-91437.41196093794,-80365.23668776748,0.1486066813618269
