building_usage,npv_per_nfa
office,-45.509526309937854
education,-183.40165411007345
trade,-235.24548586819176
health,-237.73878031642664
mfh,-247.32710798522237
other,-272.33482674397777
ab,-320.5674764347325
th,-352.1492385267031
sfh,-403.97361320156745
