building_usage,savings_npv_25years_ir_0.05
sfh,-45680.313078666244
th,-61627.016628998426
mfh,-102684.30147952093
other,-132490.01896590326
ab,-149665.42132170906
education,-185433.7467292485
office,-249469.34967924713
health,-281510.185786585
trade,-387179.1061231483
