building_usage,npv_per_nfa
office,-48.14242128639326
education,-194.01212037798055
trade,-248.85531018844452
health,-251.49285097277325
mfh,-261.6369031596932
other,-288.0904070672012
ab,-339.11479607448706
th,-372.52380852516876
sfh,-427.34662600188983
