,full_id,NFA,building_usage,yearly_demand_useful_renovated,yearly_demand_delivered_renovated,yearly_demand_delivered_renovated_DH,consumer_size_renovated,npv_Gas_25years_ir_0.05,npv_DH_25years_ir_0.05,savings_npv_25years_ir_0.05,operator_selling_price
0,w24853838,27974.42320393324,trade,1197392.8826751309,1330436.536305701,1496741.1033439136,nr2,-5540949.69283894,-8879880.501694048,-3338930.808855108,0.2739960493917368
1,w24853840,937.1926232803613,trade,88019.54120636193,97799.49022929103,110024.4265079524,nr2,-407311.4654912631,-760647.2729134565,-353335.80742219347,0.2739960493917368
2,w24853841,8998.296452549099,trade,370411.49455784855,411568.3272864984,463014.36819731066,nr2,-1714083.5616200808,-3237095.705906009,-1523012.144285928,0.2739960493917368
3,w25538793,404.8852469230536,trade,30724.044681390333,34137.827423767034,38405.05585173791,nr1,-154444.86378836373,-338656.1596471394,-184211.29585877564,0.2976403785270643
4,w27689586,5481.69515059907,office,239232.2588022705,265813.6208914117,299040.3235028381,nr2,-1107050.100353113,-1026488.5075312306,80561.59282188234,0.2739960493917368
5,w28994179,16672.165487814695,other,602602.7887910821,669558.6542123135,753253.4859888526,nr2,-2788551.515352334,-2585624.699600273,202926.81575206108,0.2739960493917368
6,w28994181,2845.002712316811,trade,324149.90597616514,360166.56219573907,405187.3824702064,nr2,-1500007.514609313,-1390849.858074009,109157.65653530415,0.2739960493917368
7,w29249266,23411.247439788887,trade,2697249.5326306587,2996943.9251451762,3371561.915788323,nr2,-12481554.037593769,-11573253.795499744,908300.242094025,0.2739960493917368
8,w30213059,1747.46707642246,ab,186541.77691087977,207268.64101208863,233177.2211385997,r2,-923693.7913457435,-1280019.1166973324,-356325.3253515889,0.2739960493917368
9,w50930444,8762.936898044496,other,330222.16830016905,366913.5203335212,412777.7103752113,nr2,-1528106.9801613858,-3033749.2325337115,-1505642.2523723256,0.2739960493917368
10,w50930445,4934.112452852726,other,202146.16980193532,224606.85533548368,252682.71225241915,nr2,-935433.785918448,-2017765.9377963524,-1082332.1518779043,0.2739960493917368
11,w50930458,1974.6456010334193,other,60554.61203303029,67282.90225892254,75693.26504128786,nr2,-280217.18167789903,-934926.9285738238,-654709.7468959247,0.2739960493917368
12,w50930471,4724.4749339554455,other,258143.60911438576,286826.2323493175,322679.5113929822,nr2,-1194562.5970609414,-2234514.642919995,-1039952.0458590535,0.2739960493917368
13,w50930472,9715.957844087014,other,1058464.4972369291,1176071.663596588,1323080.6215461614,nr2,-4898056.949981983,-4541618.45682167,356438.493160313,0.2739960493917368
14,w50930478,6019.835157379508,trade,680901.6527717811,756557.3919686456,851127.0659647263,nr2,-3150880.4322857754,-2921586.431648157,229294.00063761836,0.2739960493917368
15,w50930479,4489.048651921749,other,185541.01142931575,206156.6793659064,231926.26428664467,nr2,-858593.2196218206,-1667453.4159766154,-808860.1963547948,0.2739960493917368
16,w50930480,4441.97852948606,other,168700.98991545063,187445.54435050068,210876.23739431327,nr2,-780665.8213678856,-1556328.223116173,-775662.4017482874,0.2739960493917368
17,w50930481,1370.623297881335,other,62080.660377160784,68978.51153017864,77600.82547145098,nr2,-287278.9883964891,-666552.4940019121,-379273.50560542295,0.2739960493917368
18,w50930482,1573.369959426485,other,63379.87619939754,70422.08466599727,79224.84524924692,nr2,-293291.1249435773,-656621.0122201791,-363329.8872766018,0.2739960493917368
19,w50930483,704.9254127380437,other,45123.70064816985,50137.445164633165,56404.62581021231,nr1,-226829.63367953687,-458871.9634283534,-232042.32974881656,0.2976403785270643
20,w50930486,509.32494937628496,trade,30466.044901173256,33851.16100130362,38082.55612646657,nr1,-153147.94011420992,-323969.47006360086,-170821.52994939094,0.2976403785270643
21,w98916060,2713.01504517002,other,226605.19701500298,251783.55223889218,283256.4962687537,nr2,-1048618.222943498,-972308.8000226801,76309.42292081797,0.2739960493917368
22,w98916062,151.14776481509907,trade,11092.043274505519,12324.492527228354,13865.054093131897,nr1,-55757.929349167935,-135386.59723483614,-79628.6678856682,0.2976403785270643
23,w98916065,222.67857759937178,other,20948.500685227787,23276.111872475318,26185.625856534734,nr1,-105304.76597243515,-221474.61191313123,-116169.84594069608,0.2976403785270643
24,w98916067,43210.64675020873,trade,3034378.024269405,3371531.1380771166,3792972.530336756,nr2,-14041620.110493407,-13019791.666107465,1021828.4443859421,0.2739960493917368
25,w98916074,4745.314506876469,trade,491122.8611791089,545692.0679767877,613903.5764738861,nr2,-2272676.8349556723,-2107290.9452520153,165385.889703657,0.2739960493917368
26,w98916075,67.06430839556852,sfh,8538.96409194254,9487.737879936156,10673.705114928174,r1,-45932.7003716537,-109780.79948923926,-63848.09911758556,0.2976522547946287
27,w98916076,98.82164086105185,sfh,13728.213996145805,15253.571106828673,17160.267495182256,r1,-73846.65555836269,-149780.94141411583,-75934.28585575314,0.2976522547946287
28,w98916079,3334.9361924076916,trade,133751.88480733606,148613.2053414845,167189.85600917006,nr2,-618938.4251091394,-1448158.5508571502,-829220.1257480108,0.2739960493917368
29,w98916080,2976.303781049745,other,104082.21116258297,115646.90129175886,130102.76395322871,nr2,-481641.6602400855,-1072813.062689132,-591171.4024490465,0.2739960493917368
30,w98916086,294.4025758753764,other,20686.516731325537,22985.018590361706,25858.14591415692,nr1,-103987.81449372317,-259648.02729189515,-155660.21279817197,0.2976403785270643
31,w98916091,1116.7099465291947,trade,65522.69205707044,72802.99117452271,81903.36507133805,nr2,-303207.0306084386,-281142.2285431864,22064.80206525221,0.2739960493917368
32,w98916094,150.05011938810347,trade,13612.2294499376,15124.699388819556,17015.286812422,nr1,-68426.50259928052,-180918.51616669397,-112492.01356741345,0.2976403785270643
33,w98916098,15131.85493721813,trade,1389797.224493673,1544219.1383263033,1737246.5306170913,nr2,-6431303.05481861,-5963288.086163477,468014.9686551327,0.2739960493917368
34,w98916102,1892.1415951219387,trade,73425.17962658805,81583.53291843117,91781.47453323506,nr2,-339775.8850792917,-861346.3891294589,-521570.5040501672,0.2739960493917368
35,w98916109,81.43322088830173,sfh,9629.8057932929,10699.784214769888,12037.257241616126,r1,-51800.54388071717,-124926.78418398347,-73126.2403032663,0.2976522547946287
36,w98916113,559.2398283889517,trade,50271.6825643969,55857.425071552105,62839.60320549612,nr2,-232632.80423161402,-492551.4795937372,-259918.6753621232,0.2739960493917368
37,w98916116,6987.1012714248145,other,358101.17313169746,397890.1923685527,447626.4664146218,nr2,-1657117.4039688106,-2939798.352556908,-1282680.9485880975,0.2739960493917368
38,w98916121,458.57296650111675,other,22475.134293848154,24972.371437609057,28093.917867310192,nr1,-112978.90921051355,-250319.499880061,-137340.59066954744,0.2976403785270643
39,w98916126,1235.1179318586364,trade,54455.49615433791,60506.10683815323,68069.37019292239,nr2,-251993.4509846553,-581119.107517684,-329125.6565330287,0.2739960493917368
40,w99055014,379.03616306802724,mfh,51250.231128429565,56944.70125381063,64062.788910536954,r2,-253774.36133773497,-426575.31561669474,-172800.95427895978,0.2739960493917368
41,w99055018,363.825429549627,mfh,39011.950831555296,43346.61203506144,48764.93853944412,r1,-209852.65064533942,-333574.2801044756,-123721.6294591362,0.2976522547946287
42,w99055022,32.828185592684896,sfh,3912.1656857345315,4346.850761927257,4890.207107168164,r0,-25822.89135421151,-57802.13167638725,-31979.24032217574,0.3652414130886055
43,w99055023,57.57688737055287,sfh,7638.842228320924,8487.602475912137,9548.552785401154,r1,-41090.774885783605,-83673.03413505109,-42582.25924926748,0.2976522547946287
44,w99055025,2922.078992408514,trade,131771.14343422168,146412.38159357963,164713.9292927771,nr2,-609772.5210339193,-1203095.837846776,-593323.3168128567,0.2739960493917368
45,w99055028,168.94065034445376,ab,18863.996140229203,20959.99571136578,23579.9951752865,r1,-101472.99756639035,-172188.52717490747,-70715.52960851713,0.2976522547946287
46,w99055030,502.22660109587014,other,33719.73290267432,37466.369891860355,42149.66612834289,nr1,-169503.70985132531,-371921.6951844003,-202417.985333075,0.2976403785270643
47,w99055036,2513.4158389533286,other,94056.81089942587,104507.56766602874,117571.01362428232,nr2,-435249.0022307766,-987862.8313035486,-552613.8290727721,0.2739960493917368
48,w99055038,337.97397138923407,other,24561.514626422148,27290.57180713572,30701.893283027683,nr1,-123466.80979836445,-290054.10080520465,-166587.29100684018,0.2976403785270643
49,w99055039,2475.299022556655,other,95255.37369289662,105839.30410321847,119069.21711612078,nr2,-440795.3656996263,-895050.893234523,-454255.52753489674,0.2739960493917368
50,w99055040,101.95110847079195,trade,7536.8851086504455,8374.316787389384,9421.106385813056,nr1,-37886.71726216843,-110516.84657650428,-72630.12931433585,0.2976403785270643
51,w99055041,189.90211718752977,ab,21595.11692946048,23994.5743660672,26993.8961618256,r1,-116164.2120439086,-218255.45434413358,-102091.24230022499,0.2976522547946287
52,w99055043,190.2007592998445,sfh,29155.98911223378,32395.543458037533,36444.98639029222,r1,-156835.57133061704,-283436.10066744784,-126600.5293368308,0.2976522547946287
53,w99055048,47.74609960326925,sfh,5769.180841789516,6410.2009353216845,7211.476052236895,r1,-31033.513215713603,-79815.63554209648,-48782.12232638288,0.2976522547946287
54,w99055050,194.95880112051967,trade,16984.909900636445,18872.122111818273,21231.137375795555,nr1,-85380.42836691772,-204944.5489218874,-119564.12055496969,0.2976403785270643
55,w99055053,122.33706042193808,ab,14174.508663259385,15749.454070288204,17718.13582907423,r1,-76247.35885225973,-169880.02957709495,-93632.67072483522,0.2976522547946287
56,w99055057,303.91877080444243,ab,36040.58788819037,40045.09765354486,45050.73486023796,r1,-193869.12825275757,-323160.4421575738,-129291.31390481626,0.2976522547946287
57,w99055067,194.8848727118224,sfh,21931.666176569037,24368.517973965598,27414.582720711296,r1,-117974.57399897641,-211691.5932388515,-93717.01923987508,0.2976522547946287
58,w99055068,348.37368724122643,ab,40200.04013772175,44666.71126413528,50250.05017215219,r1,-216243.60738520965,-439461.68523118214,-223218.0778459725,0.2976522547946287
59,w99055094,263.70872883694244,other,16614.595860209945,18460.66206689994,20768.24482526243,nr1,-83518.91885130269,-216615.91651766122,-133096.99766635854,0.2976403785270643
60,w99055100,85.6876405166462,sfh,12089.433153049305,13432.703503388117,15111.79144131163,r1,-65031.34393153589,-135213.07599044804,-70181.73205891214,0.2976522547946287
61,w99055110,94.65369866762775,sfh,12604.978915374657,14005.532128194063,15756.22364421832,r1,-67804.56194414134,-159777.16105068097,-91972.59910653962,0.2976522547946287
62,w99055113,801.3236896117684,education,39333.930829421224,43704.367588245805,49167.41353677653,nr1,-197725.38584057213,-432054.3438042018,-234328.95796362968,0.2976403785270643
63,w99055118,54.3237798044458,other,6219.479772060365,6910.533080067072,7774.349715075456,nr1,-31264.331118883096,-79519.28144993933,-48254.95033105623,0.2976403785270643
64,w99055131,500.74276516167447,th,69240.53713621371,76933.93015134857,86550.67142026713,r2,-342856.4652984968,-613831.188114324,-270974.7228158272,0.2739960493917368
65,w99055135,663.0715527065098,ab,68880.52212837798,76533.91347597554,86100.65266047248,r2,-341073.7888758958,-513731.6960686469,-172657.90719275112,0.2739960493917368
66,w99055142,64.54166975589469,sfh,9032.758360397225,10036.398178219139,11290.947950496531,r1,-48588.91299111784,-99328.4898310053,-50739.57683988746,0.2976522547946287
67,w99055146,149.08371188635937,sfh,17342.70904751041,19269.67671945601,21678.38630938801,r1,-93289.70701068311,-153078.7484458231,-59789.04143513998,0.2976522547946287
68,w99055147,57.659734526090325,sfh,7330.462267285426,8144.958074761584,9163.077834106782,r1,-39431.940840067,-92990.49142474133,-53558.550584674325,0.2976522547946287
69,w99055152,1635.3717537612654,other,76892.01538215307,85435.57264683674,96115.01922769133,nr2,-355818.7084440042,-752925.9326108955,-397107.2241668913,0.2739960493917368
70,w99055158,567.1104306213557,trade,39120.40099323338,43467.11221470375,48900.50124154172,nr1,-196652.0054700261,-432464.226980679,-235812.22151065292,0.2976403785270643
71,w99055160,362.3993257842958,ab,41269.65009818708,45855.16677576342,51587.06262273384,r1,-221997.2413505931,-401719.7074107936,-179722.46606020047,0.2976522547946287
72,w99055171,150.93386064656082,sfh,16885.70894548665,18761.8988283185,21107.136181858314,r1,-90831.4171607609,-164207.81005615345,-73376.39289539255,0.2976522547946287
73,w99055172,71.28885925472714,sfh,9019.499646113589,10021.666273459543,11274.374557641986,r1,-48517.591863174675,-113991.7338917705,-65474.14202859583,0.2976522547946287
74,w99055173,413.9677898917347,ab,46033.80958093352,51148.67731214836,57542.2619761669,r1,-247624.5548850599,-392116.8669469993,-144492.3120619394,0.2976522547946287
75,w99055181,184.62117180265486,other,15209.502381678169,16899.44709075352,19011.87797709771,nr1,-76455.73842853753,-184346.47016038376,-107890.73173184623,0.2976403785270643
76,w99055182,84.81555104400032,sfh,9995.399856476368,11105.999840529297,12494.24982059546,r1,-53767.14338635363,-130054.29332920653,-76287.1499428529,0.2976522547946287
77,w99055185,136.9722994968528,education,10840.570650859518,12045.07850095502,13550.713313574397,nr1,-54493.8166482437,-152391.1439284505,-97897.32728020681,0.2976403785270643
78,w99055186,41.49024544628337,sfh,5137.404922484948,5708.227691649942,6421.756153106185,r1,-27635.071239499466,-67914.42872451508,-40279.357485015615,0.2976522547946287
79,w99055192,160.51305735595523,ab,18121.209085465063,20134.67676162785,22651.511356831328,r1,-97477.40572889584,-198717.98764107467,-101240.58191217882,0.2976522547946287
80,w99055193,133.23216011486946,other,9055.86994602939,10062.077717810433,11319.837432536737,nr1,-45522.41134927143,-116132.07243717153,-70609.66108790011,0.2976403785270643
81,w99055199,594.2030242990702,ab,69499.33638341566,77221.48487046185,86874.17047926957,r2,-344137.9544201514,-523992.7301575822,-179854.77573743078,0.2739960493917368
82,w99055201,119.5810925271362,sfh,16186.140935837673,17984.601039819638,20232.67616979709,r1,-87068.30872854237,-179988.31933945048,-92920.01061090811,0.2976522547946287
83,w99055202,635.4450178422034,ab,74224.65462412336,82471.83847124818,92780.8182801542,r2,-367536.1829207824,-622613.6745086876,-255077.49158790516,0.2739960493917368
84,w99055209,191.61494707558305,other,19092.937557201116,21214.375063556796,23866.171946501392,nr1,-95977.14659384554,-216648.92610788305,-120671.77951403751,0.2976403785270643
85,w99055216,463.1840371862054,education,30329.625776782435,33699.58419642493,37912.03222097804,nr1,-152462.18297177777,-323000.55633218057,-170538.3733604028,0.2976403785270643
86,w99055219,773.0541430711745,other,89363.99007406665,99293.3223045185,111704.9875925833,nr2,-413532.9184899672,-812140.7905002335,-398607.87201026635,0.2739960493917368
87,w99055224,318.955577952601,ab,39326.77401159415,43696.415568437944,49158.46751449268,r1,-211546.14398283,-347433.3081005062,-135887.1641176762,0.2976522547946287
88,w99055226,262.56915004737675,ab,28811.221455015977,32012.468283351085,36014.02681876997,r1,-154981.00099558482,-259732.9007402828,-104751.89974469799,0.2976522547946287
89,w99055235,1694.7837025728077,trade,149404.7926523063,166005.3251692292,186755.99081538286,nr2,-691372.4408532898,-1271650.5866849944,-580278.1458317046,0.2739960493917368
90,w99055245,424.4345906373113,ab,47895.25638616388,53216.95154018208,59869.07048270485,r1,-257637.62877104772,-416354.76993187563,-158717.14116082792,0.2976522547946287
91,w99055249,70.42309986636974,sfh,9527.919340341607,10586.577044824007,11909.899175427008,r1,-51252.47740977856,-127260.25887883911,-76007.78146906054,0.2976522547946287
92,w99055257,137.79457132667304,trade,8302.741753787854,9225.268615319837,10378.427192234816,nr1,-41736.55625525206,-117830.67245062167,-76094.11619536961,0.2976403785270643
93,w99055287,226.3710821658373,mfh,29327.158711257514,32585.731901397237,36658.94838907189,r1,-157756.32492789617,-262884.4652838857,-105128.14035598954,0.2976522547946287
94,w99055292,58.725108856521544,trade,5742.2884325185605,6380.320480576178,7177.8605406482,nr1,-28865.56649655585,-88098.80507178507,-59233.23857522922,0.2976403785270643
95,w99055300,847.1402418442303,other,76273.07353797425,84747.85948663806,95341.34192246781,nr2,-352954.5477570576,-728816.7802395325,-375862.2324824749,0.2739960493917368
96,w99389931,488.4274571448564,mfh,51882.65252404952,57647.39169338835,64853.315655061895,r2,-256905.9049861449,-403018.09160504775,-146112.18661890287,0.2739960493917368
97,w99389943,3490.8252122399163,ab,329651.0091598724,366278.89906652493,412063.7614498405,r2,-1632323.84463297,-2305847.3919715947,-673523.5473386247,0.2739960493917368
98,w99389949,2474.179022271931,ab,284257.7582638273,315841.9536264748,355322.1978297841,r2,-1407551.331386737,-2269419.0311270477,-861867.6997403107,0.2739960493917368
99,w99389956,671.7147096479312,education,46899.24791118664,52110.27545687404,58624.0598889833,nr1,-235755.02608897214,-218598.8012609956,17156.224827976548,0.2976403785270643
100,w99389960,693.6997662768932,ab,80098.50062143736,88998.33402381929,100123.12577679669,r2,-396621.5447570861,-655393.193819312,-258771.64906222594,0.2739960493917368
101,w99389971,1612.9015118613836,education,79005.85520261421,87784.28355846023,98757.31900326777,nr2,-365600.5271547745,-835353.4658134031,-469752.9386586286,0.2739960493917368
102,w99389974,235.12884147074072,education,10047.192716967635,11163.547463297371,12558.990896209543,nr1,-50505.63253370737,-141608.7382187752,-91103.10568506783,0.2976403785270643
103,w99389975,1082.0712234761565,mfh,111466.82540481444,123852.0282275716,139333.53175601806,r2,-551947.216717233,-803163.9764398005,-251216.7597225675,0.2739960493917368
104,w99389979,163.53384786918758,ab,21228.517390207166,23587.241544674627,26535.646737758954,r1,-114192.20389261561,-220425.36414291372,-106233.16025029811,0.2976522547946287
105,w99389992,2569.363114476204,other,222880.7619206125,247645.2910229028,278600.9524007656,nr2,-1031383.3555989087,-956328.1382148691,75055.21738403966,0.2739960493917368
106,w99390006,431.6004564465955,education,13943.155864366083,15492.395404851202,17428.944830457604,nr1,-70090.01681202138,-239743.4501120157,-169653.43329999433,0.2976403785270643
107,w99390011,2554.974828636646,ab,247425.31787724234,274917.0198636026,309281.6473465529,r2,-1225169.1483251126,-1739076.388920184,-513907.24059507134,0.2739960493917368
108,w99390014,587.280543653667,trade,43622.5019390578,48469.44659895311,54528.12742382225,nr1,-219283.34761751615,-467811.75411031506,-248528.4064927989,0.2976403785270643
109,w99390021,1617.1983746248297,other,56431.07453005592,62701.19392228436,70538.8431625699,nr2,-261135.46322850458,-621213.2182205631,-360077.75499205856,0.2739960493917368
110,w99390022,5590.431437242403,education,501507.8998853299,557230.9998725888,626884.8748566624,nr2,-2320733.7241037,-2151850.6669867565,168883.0571169434,0.2739960493917368
111,w99390025,237.89438336268066,education,22880.136119028128,25422.373465586807,28600.170148785157,nr1,-115014.78867796685,-106645.00074243103,8369.787935535816,0.2976403785270643
112,w99390027,116.0190749399364,mfh,12111.38188864718,13457.090987385754,15139.227360808974,r1,-65149.410325175515,-101610.71846672226,-36461.308141546746,0.2976522547946287
113,w99390046,1095.085822885856,mfh,104637.32667388588,116263.69630431764,130796.65834235735,r2,-518129.7754972099,-730474.0683710258,-212344.29287381592,0.2739960493917368
114,w99390052,1678.6958267321402,education,80452.87476272321,89392.08306969245,100566.093453404,nr2,-372296.62724283,-930316.7666001088,-558020.1393572788,0.2739960493917368
115,w99390065,2581.633286331594,education,86800.34062073754,96444.82291193059,108500.42577592192,nr2,-401669.6003957133,-939526.7698134551,-537857.1694177417,0.2739960493917368
116,w99390082,124.21957990797236,education,9140.033185312222,10155.592428124692,11425.041481640277,nr1,-45945.486506263966,-115602.87309958843,-69657.38659332445,0.2976403785270643
117,w99390107,332.09000708311794,education,26712.358260262183,29680.39806695798,33390.44782532773,nr1,-134278.75710228505,-124507.10309055405,9771.654011730992,0.2976403785270643
118,w99390110,1066.5973296171287,mfh,111016.92938734422,123352.1437637158,138771.16173418026,r2,-549719.478968777,-834868.2973194779,-285148.8183507009,0.2739960493917368
119,w99390116,694.0162199864862,ab,76366.64546448652,84851.8282938739,95458.30683060814,r2,-378142.6201121047,-596018.0659284994,-217875.44581639476,0.2739960493917368
120,w99390122,307.42072394330467,other,23978.9127918091,26643.236435343442,29973.640989761374,nr1,-120538.16345890111,-316770.60289657913,-196232.43943767803,0.2976403785270643
121,w99390129,1196.3697846690193,trade,62972.859261591475,69969.84362399053,78716.07407698935,nr2,-291407.6492614116,-568310.2201573589,-276902.5708959473,0.2739960493917368
122,w99390130,964.417538562417,education,49512.76423577884,55014.18248419871,61890.95529472355,nr1,-248892.75508741988,-517305.13085426926,-268412.3757668494,0.2976403785270643
123,w99390133,9252.387912133521,education,680645.1328091653,756272.3697879614,850806.4160114565,nr2,-3149693.383132044,-2920485.7657308774,229207.61740116682,0.2739960493917368
124,w99390139,1249.1388426542283,ab,101272.3942615666,112524.88251285178,126590.49282695825,r2,-501467.73212532606,-829920.9750488104,-328453.2429234843,0.2739960493917368
125,w99390141,112.67489476799965,other,7161.259483685899,7956.954981873221,8951.574354607374,nr1,-35998.50725972017,-106494.35604188076,-70495.84878216058,0.2976403785270643
126,w99758761,171.36210507287177,trade,18702.739494504167,20780.821660560185,23378.424368130207,nr1,-94015.68327517594,-228420.29074154224,-134404.60746636632,0.2976403785270643
127,w99758765,309.03573338240386,trade,17633.22369336,19592.4707704,22041.529616699998,nr1,-88639.39822090816,-207389.34933190336,-118749.9511109952,0.2976403785270643
128,w99758770,601.7205038767308,mfh,67803.20632134694,75336.89591260771,84754.00790168367,r2,-335739.2737943298,-540218.7009446406,-204479.42715031077,0.2739960493917368
129,w99758771,976.6668764967471,mfh,93790.2658837786,104211.40653753177,117237.83235472324,r2,-464418.68261446815,-694318.0887291257,-229899.40611465753,0.2739960493917368
130,w99758774,197.5460334163159,ab,21548.287941595398,23942.54215732822,26935.359926994246,r1,-115912.31007486946,-232839.19872659614,-116926.88865172668,0.2976522547946287
131,w99758775,265.071225726977,sfh,27414.764697100116,30460.849663444573,34268.45587137514,r1,-147469.1963840809,-273117.71732382034,-125648.52093973945,0.2976522547946287
132,w99758777,337.6781565959565,ab,38785.81336494016,43095.34818326684,48482.26670617519,r1,-208636.21450800524,-379728.10535805376,-171091.8908500485,0.2976522547946287
133,w99758783,333.3155570875853,th,46165.858494498185,51295.3983272202,57707.32311812273,r1,-248334.87092759847,-230252.2697963146,18082.601131283882,0.2976522547946287
134,w99758786,182.17889552428386,mfh,24975.758120688377,27750.84235632042,31219.69765086047,r1,-134349.31942095768,-208091.95221378346,-73742.63279282578,0.2976522547946287
135,w99758788,349.08404515869915,other,29695.324703960447,32994.80522662272,37119.15587995056,nr1,-149273.6528219,-317521.25707077363,-168247.60424887363,0.2976403785270643
136,w99758792,60.93018751584459,sfh,7098.129910688255,7886.811011875839,8872.662388360319,r1,-38182.18121965966,-98310.01763666833,-60127.83641700867,0.2976522547946287
137,w99758793,126.39461716674268,ab,14533.912444621437,16148.79160513493,18167.390555776794,r1,-78180.6596629892,-156078.47362279374,-77897.81395980454,0.2976522547946287
138,w99758796,906.0679207786917,ab,92578.39928517047,102864.88809463385,115722.99910646307,r2,-458417.9160751401,-654008.5472552808,-195590.63118014066,0.2739960493917368
139,w99758800,420.9761067721993,ab,43617.35169245246,48463.724102724955,54521.68961556557,r1,-234625.97157247105,-372897.3383997857,-138271.36682731463,0.2976522547946287
140,w99758801,293.7319820257835,mfh,30453.792851169546,33837.547612410606,38067.241063961934,r1,-163816.70272312386,-262111.05089108815,-98294.34816796429,0.2976522547946287
141,w99758803,512.6721141899004,mfh,56071.10035591353,62301.2226176817,70088.8754448919,r2,-277645.72703424655,-430046.4579696774,-152400.73093543085,0.2739960493917368
142,w99758805,165.76912949401884,sfh,21149.48042883679,23499.42269870754,26436.850536045986,r1,-113767.04915185059,-230646.55048109152,-116879.50132924093,0.2976522547946287
143,w99758807,110.8734177275095,other,10633.353902934445,11814.837669927161,13291.692378668055,nr1,-53452.171163743405,-132534.16791756116,-79081.99675381776,0.2976403785270643
144,w99758813,43.0509613757953,other,4335.785169212401,4817.539076902668,5419.731461515501,nr0,-26724.70345420267,-62946.75942302816,-36222.05596882549,0.3649571744182322
145,w99758814,84.92593946289271,th,9884.973779293656,10983.304199215172,12356.217224117068,r1,-53173.140664028455,-98711.5783603759,-45538.43769634745,0.2976522547946287
146,w99758818,424.19755738042295,mfh,42981.25264898336,47756.94738775929,53726.5658112292,r1,-231204.27469498542,-371297.94258821465,-140093.66789322923,0.2976522547946287
147,w99758821,35.03456762442365,sfh,4362.174934958981,4846.861038843312,5452.718668698726,r0,-28793.25122252865,-80940.27969115964,-52147.02846863099,0.3652414130886055
148,w99758824,478.7830200769007,ab,54415.092655594315,60461.21406177146,68018.86581949289,r2,-269445.7192047061,-542488.190145533,-273042.47094082687,0.2739960493917368
149,w99758826,392.0728006519377,ab,50422.93344994148,56025.48161104609,63028.666812426854,r2,-249677.854153828,-425690.22264777106,-176012.36849394307,0.2739960493917368
152,w99758837,194.723237061128,mfh,27818.768765056746,30909.743072285273,34773.46095632093,r1,-149642.41055884145,-256017.28562690722,-106374.87506806577,0.2976522547946287
153,w99758838,478.1149431033991,ab,49879.55482966044,55421.727588511596,62349.443537075545,r1,-268311.5448189054,-442959.9443396868,-174648.39952078136,0.2976522547946287
154,w99758842,66.20839738831855,sfh,9098.77198804681,10109.746653385344,11373.464985058512,r1,-48944.01276043712,-94728.99897019961,-45784.98620976249,0.2976522547946287
155,w99758845,141.8255072105676,th,20597.68337727332,22886.31486363702,25747.104221591646,r1,-110798.82860864174,-239989.640966682,-129190.81235804026,0.2976522547946287
156,w99758846,563.5821329504251,other,39110.73926488373,43456.37696098192,48888.424081104655,nr1,-196603.43750528072,-418456.6267985552,-221853.18929327448,0.2976403785270643
157,w99758847,385.25146163031457,sfh,48245.97195129891,53606.635501443234,60307.46493912364,r1,-259524.1940259858,-463133.2918686683,-203609.09784268247,0.2976522547946287
158,w99758850,177.17881421931088,ab,22322.486341848085,24802.762602053426,27903.107927310106,r1,-120076.8694715504,-210559.3390182353,-90482.46954668491,0.2976522547946287
159,w99758852,422.9061155930161,other,27630.39919965029,30700.443555166985,34537.99899956286,nr1,-138893.60222786252,-312255.0198999003,-173361.4176720378,0.2976403785270643
160,w99758858,57.38898355839774,sfh,6590.511049374096,7322.7900548601065,8238.13881171762,r1,-35451.60350453087,-90422.54971136819,-54970.946206837325,0.2976522547946287
161,w99758862,402.33381934519855,sfh,47385.93913186298,52651.04347984775,59232.42391482872,r1,-254897.91507931417,-519419.8134347914,-264521.89835547726,0.2976522547946287
162,w99758864,101.365438436158,other,10686.907379847416,11874.341533163795,13358.63422480927,nr1,-53721.37593586857,-132653.54084157164,-78932.16490570307,0.2976403785270643
163,w99758865,63.831228005420414,other,4034.3888558582253,4482.654284286917,5042.986069822781,nr0,-24866.971398247635,-67223.12384145819,-42356.15244321055,0.3649571744182322
164,w99758868,445.0926624152809,ab,49002.607042031916,54447.341157813236,61253.258802539895,r1,-263594.2770640575,-416689.24262543797,-153094.9655613805,0.2976522547946287
165,w99758869,105.27734354436397,other,8736.207849217513,9706.897610241682,10920.259811521892,nr1,-43915.521061472944,-118190.51878685397,-74274.99772538102,0.2976403785270643
166,w99758874,732.9468768487684,ab,73910.07250364788,82122.30278183098,92387.59062955985,r2,-365978.4752782181,-591018.5715185109,-225040.09624029283,0.2739960493917368
167,w99758876,118.68904608124866,sfh,12352.210694951837,13724.678549946484,15440.263368689795,r1,-66444.87395305198,-153856.69849709823,-87411.82454404625,0.2976522547946287
168,w99758878,556.4759241774678,other,50045.05270888446,55605.61412098273,62556.31588610557,nr2,-231584.07190118267,-490731.05208888225,-259146.98018769958,0.2739960493917368
169,w99758879,141.26093079326674,other,12063.985867794016,13404.42874199335,15079.982334742519,nr1,-60643.729476957546,-197584.20313505144,-136940.4736580939,0.2976403785270643
170,w99758882,536.390386541374,other,53874.88809445505,59860.98677161672,67343.6101180688,nr2,-249306.68033684563,-497232.6565859108,-247925.9762490652,0.2739960493917368
171,w99758886,70.57262436598539,sfh,9862.178496867567,10957.97610763063,12327.723121084458,r1,-53050.52053513569,-125558.31146360972,-72507.79092847402,0.2976522547946287
172,w99758887,84.85345135740936,sfh,11592.59887534742,12880.665417052687,14490.748594184273,r1,-62358.77852824748,-146936.00824367747,-84577.22971542999,0.2976522547946287
173,w99758888,71.82869699064176,other,5611.650315189278,6235.167016876976,7014.562893986597,nr1,-28208.8695529822,-76167.7099253695,-47958.840372387305,0.2976403785270643
174,w99758891,1365.0763243824242,trade,109673.71393623555,121859.68215137284,137092.14242029443,nr2,-507516.4053003367,-1150381.1413624536,-642864.7360621169,0.2739960493917368
175,w99758895,154.4283221337944,other,11343.022479982455,12603.358311091617,14178.778099978068,nr1,-57019.56171579041,-52870.168014128234,4149.3937016621785,0.2976403785270643
176,w99758899,158.4874060918577,th,20589.83452385864,22877.59391539849,25737.2931548233,r1,-110756.60814392545,-205844.22750888776,-95087.61936496232,0.2976522547946287
177,w99758900,82.77785695786588,sfh,10694.216001383687,11882.462223759652,13367.770001729608,r1,-57526.20739614266,-127527.93331428974,-70001.72591814707,0.2976522547946287
178,w99758903,400.34018093422054,trade,29613.781724427085,32904.20191603009,37017.22715553385,nr1,-148863.74929202537,-337024.6232687106,-188160.87397668525,0.2976403785270643
179,w99758905,110.54209396946244,sfh,14100.026680676654,15666.696311862948,17625.033350845817,r1,-75846.70620256799,-134909.75012002053,-59063.04391745254,0.2976522547946287
180,w99758908,248.9345047255978,ab,27512.151103074764,30569.05678119418,34390.18887884345,r1,-147993.05625253104,-249570.5938508485,-101577.53759831746,0.2976522547946287
181,w99758913,208.22132023065353,ab,22300.78576510543,24778.65085011714,27875.982206381785,r1,-119960.13797125599,-236958.5508603562,-116998.4128891002,0.2976522547946287
182,w99758915,71.10941483918579,ab,10013.713282288307,11126.348091431451,12517.141602860384,r1,-53865.654762152946,-104339.42529054372,-50473.77052839077,0.2976522547946287
183,w99758919,819.0798590054737,ab,94696.69321739217,105218.54801932463,118370.8665217402,r2,-468907.0139375098,-724937.1780462201,-256030.1641087103,0.2739960493917368
184,w99758922,83.9358181065414,th,11677.410484752485,12974.900538613872,14596.763105940605,r1,-62814.99619129123,-114493.46308410869,-51678.46689281746,0.2976522547946287
185,w99758926,36.12754547015065,sfh,4556.491211661925,5062.768012957695,5695.614014577406,r0,-30075.86768224358,-58174.7986495516,-28098.93096730802,0.3652414130886055
186,w99758928,119.38002583179623,sfh,17308.899478423707,19232.110531581897,21636.124348029633,r1,-93107.83895387522,-163087.85643931557,-69980.01748544034,0.2976522547946287
187,w99758931,65.79372537583113,th,8611.439252918039,9568.265836575598,10764.299066147547,r1,-46322.5579489465,-113379.14151601326,-67056.58356706676,0.2976522547946287
188,w99758935,355.7203856162727,ab,44548.24205703894,49498.046730043265,55685.30257129867,r1,-239633.40663543815,-389739.42863390164,-150106.0219984635,0.2976522547946287
189,w99758936,99.44306262517348,th,12820.809152675898,14245.343502973219,16026.011440844872,r1,-68965.553548551,-168670.8124012429,-99705.2588526919,0.2976522547946287
190,w99758945,525.0721962768584,mfh,72696.76550898828,80774.18389887585,90870.95688623533,r2,-359970.57636933797,-333759.1775143506,26211.398854987347,0.2739960493917368
191,w99758951,355.6037514369003,ab,38846.362119594094,43162.62457732677,48557.95264949262,r1,-208961.91769347954,-322493.0558860963,-113531.13819261678,0.2976522547946287
192,w99758953,525.4067761451006,other,30960.182478675506,34400.2027540839,38700.22809834438,nr1,-155631.8907672394,-369724.32023887,-214092.42947163057,0.2976403785270643
193,w99758954,37.75478148937691,sfh,3643.787391156788,4048.6526568408754,4554.7342389459845,r0,-24051.41639649677,-61974.39633117523,-37922.97993467846,0.3652414130886055
194,w99758959,30.14875982720405,sfh,3902.3905445980445,4335.989493997827,4877.988180747555,r0,-25758.36893164131,-53617.73883758805,-27859.369905946736,0.3652414130886055
195,w99758962,201.50926117040217,mfh,21723.95521923704,24137.72802137449,27154.944024046297,r1,-116857.25753478814,-108348.25044527085,8509.007089517283,0.2976522547946287
196,w99758966,155.61690238779408,th,21851.717362183943,24279.685957982158,27314.646702729926,r1,-117544.51422864845,-219278.13665603322,-101733.62242738478,0.2976522547946287
197,w99758967,90.83302856497467,ab,10128.948163735615,11254.386848595128,12661.185204669518,r1,-54485.52495072499,-127119.29783356273,-72633.77288283774,0.2976522547946287
198,w99758970,391.2386861808598,th,48443.52710272418,53826.14122524909,60554.40887840523,r1,-260586.88049235192,-424101.8641689893,-163514.98367663738,0.2976522547946287
199,w99758974,163.93810575278476,sfh,20363.139486646123,22625.710540717915,25453.924358307653,r1,-109537.1727290548,-179522.80318806638,-69985.63045901158,0.2976522547946287
200,w99758975,139.83927450878545,sfh,19017.06701210734,21130.074457897044,23771.333765134175,r1,-102296.39469254066,-184202.63616415937,-81906.2414716187,0.2976522547946287
201,w99758979,705.2831632008775,trade,40567.1544633245,45074.61607036056,50708.94307915562,nr1,-203924.60401428313,-415785.1264964497,-211860.52248216656,0.2976403785270643
202,w99758981,319.7999828794971,other,27092.453379920906,30102.725977689894,33865.56672490113,nr1,-136189.43454046332,-126278.737844269,9910.696696194325,0.2976403785270643
203,w99758984,336.42351993245535,ab,41356.19257743753,45951.325086041696,51695.24072179691,r1,-222462.76968939728,-361050.6093418941,-138587.83965249683,0.2976522547946287
204,w99758985,1446.6540044941007,ab,159203.44292933436,176892.71436592707,199004.30366166795,r2,-788323.3141118202,-1120517.5136869121,-332194.19957509195,0.2739960493917368
205,w99758989,963.3213891830295,education,66773.88157928629,74193.20175476254,83467.35197410785,nr2,-308996.9248855087,-756123.1326061897,-447126.207720681,0.2739960493917368
206,w99758991,346.04414169639347,ab,38927.20383955835,43252.44871062039,48659.00479944794,r1,-209396.78057153654,-388278.95876077306,-178882.17818923653,0.2976522547946287
207,w99758995,38.315451947040856,sfh,4605.429916486004,5117.144351651115,5756.787395607505,r0,-30398.895631263258,-65466.103161773695,-35067.20753051044,0.3652414130886055
208,w99758997,604.6954287230968,other,49421.63020499519,54912.92244999466,61777.03775624399,nr1,-248434.6388752862,-570546.2904425077,-322111.6515672215,0.2976403785270643
209,w99759000,505.76658869385716,other,34496.09632156219,38328.995912846876,43120.120401952736,nr1,-173406.3647173701,-160787.3396681627,12619.025049207412,0.2976403785270643
210,w99759001,277.86601877255595,other,21620.245901575137,24022.495446194596,27025.30737696892,nr1,-108681.52184931005,-248737.52134941815,-140055.9995001081,0.2976403785270643
211,w99759005,200.24946516156197,th,21517.100210125434,23907.889122361594,26896.37526265679,r1,-115744.5453777169,-202858.71881649308,-87114.17343877618,0.2976522547946287
212,w99759006,478.86383471041916,sfh,50992.01233528256,56657.79148364729,63740.0154191032,r2,-252495.7464344759,-401286.8054074243,-148791.05897294838,0.2739960493917368
213,w99759010,347.4218390390277,ab,42845.86231337848,47606.513681531644,53557.32789172309,r1,-230475.9845122893,-374390.21265691414,-143914.22814462485,0.2976522547946287
214,w99759011,1184.1155465334652,health,81096.3879180279,90107.09768669767,101370.48489753487,nr2,-375274.4919619331,-782227.6472945142,-406953.15533258114,0.2739960493917368
215,w99759013,1127.2734199425206,other,48346.56544700629,53718.406052229206,60433.20680875786,nr1,-243030.4601015248,-517591.6475688939,-274561.18746736913,0.2976403785270643
216,w99759015,262.8249901607633,mfh,34217.03964154063,38018.932935045144,42771.29955192578,r1,-184059.91787024122,-170657.52268235481,13402.395187886403,0.2976522547946287
217,w99759016,162.4421672269469,other,8362.91554321064,9292.128381345156,10453.644429013299,nr1,-42039.040280627174,-142939.24178995905,-100900.20150933188,0.2976403785270643
218,w99759020,78.66829424034803,other,5363.4306045502435,5959.367338389159,6704.288255687804,nr1,-26961.10872602138,-83040.2630001716,-56079.15427415022,0.2976403785270643
219,w99759023,45.55874986834824,th,6763.263251708072,7514.736946342302,8454.079064635089,r1,-36380.87022387887,-66299.01656556696,-29918.146341688087,0.2976522547946287
220,w99759028,314.5253525768406,trade,33061.024403090545,36734.47155898949,41326.28050386318,nr1,-166192.48746672587,-363608.2918021251,-197415.80433539924,0.2976403785270643
221,w99759036,422.98085668310523,mfh,42631.70476229463,47368.56084699403,53289.63095286828,r1,-229323.99060291753,-349138.1978840327,-119814.20728111514,0.2976522547946287
222,w99759038,116.55152825303375,ab,12476.366237759883,13862.629153066537,15595.457797199853,r1,-67112.73006368526,-145942.23967419675,-78829.5096105115,0.2976522547946287
224,w99759044,415.2007402397692,trade,30727.523085082063,34141.69231675785,38409.403856352576,nr1,-154462.3491679725,-350838.66091707785,-196376.31174910534,0.2976403785270643
225,w99759045,941.2816024620085,trade,46874.11717738663,52082.35241931848,58592.646471733286,nr1,-235628.69790533307,-502020.9163972374,-266392.2184919043,0.2976403785270643
226,w99759047,442.628270605579,mfh,44840.233894655554,49822.482105172836,56050.29236831944,r1,-241204.085870507,-354627.7305604417,-113423.64468993468,0.2976522547946287
227,w99759050,246.0824731603265,trade,22511.684368925235,25012.98263213915,28139.60546115654,nr1,-113162.64059826778,-270521.92787904106,-157359.28728077328,0.2976403785270643
228,w99759051,91.54405212756247,th,11301.573718027325,12557.30413114147,14126.967147534155,r1,-60793.29924904415,-116141.72305179649,-55348.423802752346,0.2976522547946287
229,w99759055,270.5142616614699,other,18027.259599334837,20030.288443705373,22534.074499168546,nr1,-90620.15376455797,-200973.30351935464,-110353.14975479667,0.2976403785270643
230,w99759057,194.30349186724052,th,26936.28423283178,29929.20470314642,33670.35529103972,r1,-144895.3596092353,-239813.07220307484,-94917.71259383953,0.2976522547946287
231,w99759061,534.3112589053809,trade,25116.553078843055,27907.281198714503,31395.691348553817,nr1,-126256.89941938934,-299236.42210305657,-172979.52268366722,0.2976403785270643
232,w99759062,137.67195288166403,th,17570.109600664895,19522.344000738773,21962.637000831117,r1,-94512.93752903717,-183296.42013999226,-88783.48261095509,0.2976522547946287
233,w99759063,182.5971095246263,sfh,23409.161696221272,26010.17966246808,29261.45212027659,r1,-125922.30141343942,-262114.97196518385,-136192.67055174444,0.2976522547946287
234,w99759067,347.13443305995315,other,14604.042087206286,16226.713430229207,18255.052609007857,nr1,-73412.18626349293,-176835.07544832584,-103422.88918483291,0.2976403785270643
235,w99759073,34.86947953915223,sfh,3369.323871661266,3743.69319073474,4211.654839576582,r0,-22239.774913501482,-65744.64184681665,-43504.86693331517,0.3652414130886055
236,w99759074,1179.944325777702,mfh,115106.04981104136,127895.61090115707,143882.5622638017,r2,-569967.4642189586,-843769.681556062,-273802.2173371033,0.2739960493917368
237,w99759077,212.39228247441352,sfh,25996.152531155218,28884.613923505796,32495.19066394402,r1,-139838.21364890155,-237646.09384320496,-97807.8801943034,0.2976522547946287
239,w99759083,341.51128259450195,trade,15755.53024255659,17506.144713951766,19694.412803195737,nr1,-79200.53324551354,-189110.70801002256,-109910.17476450902,0.2976403785270643
240,w99759085,319.12387123871594,other,16124.762320599133,17916.40257844348,20155.952900748915,nr1,-81056.60390909109,-210716.2780670396,-129659.6741579485,0.2976403785270643
241,w99759087,592.8829183824361,other,51137.99563470979,56819.99514967755,63922.494543387234,nr2,-236641.67818627486,-492272.87836040993,-255631.20017413507,0.2739960493917368
242,w99759088,334.1662621571682,ab,38269.47653436571,42521.64059373968,47836.84566795714,r1,-205858.74118990044,-332899.53734698816,-127040.79615708772,0.2976522547946287
243,w99759091,80.87078364617192,sfh,11524.131641001168,12804.590712223518,14405.164551251459,r1,-61990.4803451611,-57476.61917926366,4513.8611658974405,0.2976522547946287
244,w99759093,176.2003906674683,sfh,24764.95217261122,27516.61352512358,30956.190215764025,r1,-133215.35441708472,-247653.88084780404,-114438.52643071933,0.2976522547946287
245,w99759094,339.69808716569094,other,37582.71276836215,41758.56974262461,46978.390960452685,nr1,-188922.29244226665,-393158.34780487395,-204236.0553626073,0.2976403785270643
246,w99759096,246.47077107857913,mfh,23598.463882924807,26220.515425472007,29498.079853656007,r1,-126940.59362405512,-203924.6476423319,-76984.05401827677,0.2976522547946287
247,w99759099,50.23060751573648,th,7134.781015914094,7927.53446212677,8918.476269892617,r1,-38379.33443596338,-100723.97118769218,-62344.6367517288,0.2976522547946287
248,w99759102,1460.464218017459,other,128159.99370613102,142399.99300681223,160199.99213266376,nr2,-593061.8830585573,-1120529.051074025,-527467.1680154677,0.2739960493917368
249,w99759105,189.26809048298745,mfh,22334.256335775855,24815.840373084284,27917.820419719817,r1,-120140.1824915654,-196541.11958084363,-76400.93708927823,0.2976522547946287
250,w99759110,35.61810292806477,th,4375.3120568172735,4861.457840908081,5469.140071021591,r0,-28879.964950347166,-80578.8964503845,-51698.93150003734,0.3652414130886055
251,w99759111,238.72463138289748,th,34535.9950545772,38373.327838419114,43169.9938182215,r1,-185775.6392693686,-172248.31315415428,13527.326115214324,0.2976522547946287
252,w99759113,635.4707306571305,th,86670.32318175596,96300.35909083995,108337.90397719495,r2,-429163.05796295777,-735068.4541329547,-305905.39616999694,0.2739960493917368
253,w99759120,160.90588292758912,th,23237.39167444857,25819.324082720632,29046.73959306071,r1,-124998.31802880812,-115896.51642296238,9101.801605845743,0.2976522547946287
254,w99759121,33.129497365746644,ab,3818.7156608234063,4243.017400914896,4773.394576029257,r0,-25206.059135390173,-65005.331632006375,-39799.272496616206,0.3652414130886055
255,w99759126,310.54387535755524,ab,34300.81502744586,38112.016697162064,42876.01878430732,r1,-184510.56149139607,-300171.8401020191,-115661.278610623,0.2976522547946287
256,w99759127,85.13879598667843,other,8496.79167350324,9440.879637225822,10620.989591879048,nr1,-42712.01419802541,-103384.87665749021,-60672.8624594648,0.2976403785270643
257,w99759131,184.6887545518577,ab,20787.501022478882,23097.223358309868,25984.3762780986,r1,-111819.89356788043,-223811.56348891577,-111991.66992103534,0.2976522547946287
258,w99759132,153.35469039995223,ab,17695.00512599379,19661.116806659767,22118.756407492237,r1,-95184.7741453904,-171130.19055567493,-75945.41641028452,0.2976522547946287
259,w99759137,162.2998407471925,mfh,21055.671207008436,23395.19023000937,26319.589008760544,r1,-113262.4316324485,-278521.83482983714,-165259.40319738863,0.2976522547946287
260,w99759138,557.9003615580499,mfh,56330.74901759959,62589.721130666214,70413.43627199948,r2,-278931.42217826366,-431808.7827898884,-152877.36061162472,0.2739960493917368
261,w99759140,160.4533356629312,ab,17634.05521702537,19593.394685583742,22042.56902128171,r1,-94856.91307510344,-187672.6574206712,-92815.74434556776,0.2976522547946287
262,w99759142,128.98004897348582,sfh,17650.096411774208,19611.218235304674,22062.620514717757,r1,-94943.20169092009,-156298.86858944682,-61355.66689852673,0.2976522547946287
263,w99759148,518.2482564277947,ab,59352.94618142581,65947.71797936202,74191.18272678225,r2,-293896.3528371084,-461494.90358631103,-167598.5507492026,0.2739960493917368
264,w99759152,155.39786574579776,ab,16837.00273483737,18707.780816485967,21046.253418546712,r1,-90569.41725586579,-167084.30185019784,-76514.88459433205,0.2976522547946287
265,w99759159,71.9146042395383,sfh,9767.034283888204,10852.260315431338,12208.792854860254,r1,-52538.72184622897,-129017.11328097452,-76478.39143474554,0.2976522547946287
266,w99759161,242.4930030848831,mfh,32388.127737790874,35986.808597545416,40485.15967223859,r1,-174221.85536329634,-288869.14266646316,-114647.28730316681,0.2976522547946287
267,w99759162,714.1891373082996,mfh,77904.36715681193,86560.40795201325,97380.45894601491,r2,-385756.9143658645,-589688.8923488416,-203931.97798297717,0.2739960493917368
268,w99759164,595.7694656141102,mfh,71961.73720566227,79957.48578406918,89952.17150707783,r2,-356330.95691524656,-330384.57837984676,25946.378535399796,0.2739960493917368
269,w99759165,160.50856082765387,mfh,22755.65774251579,25284.064158350877,28444.572178144736,r1,-122406.98023700189,-209810.27704544173,-87403.29680843985,0.2976522547946287
270,w99759170,93.69908212199807,sfh,11619.451405943726,12910.501562159696,14524.314257429656,r1,-62503.22336122959,-146445.3975792261,-83942.17421799651,0.2976522547946287
271,w99759172,204.59550149962305,other,17169.669362300792,19077.410402556434,21462.08670287599,nr1,-86309.18466141837,-202869.13304592384,-116559.94838450546,0.2976403785270643
272,w99759176,41.50382452430203,sfh,4163.668093659857,4626.297881844285,5204.585117074821,r0,-27482.974253783,-53532.7774816056,-26049.8032278226,0.3652414130886055
273,w99759177,360.73507672324774,ab,44758.280247853094,49731.42249761455,55947.850309816364,r1,-240763.241728008,-384213.31985663803,-143450.07812863003,0.2976522547946287
274,w99759180,347.1465133147314,education,19069.298725020304,21188.109694467003,23836.62340627538,nr1,-95858.31796128294,-210023.6313901129,-114165.31342882995,0.2976403785270643
275,w99759183,128.67689446713774,sfh,18376.72489710795,20418.583219008833,22970.906121384935,r1,-98851.87353202049,-200865.96130219498,-102014.08777017449,0.2976522547946287
276,w99759189,171.2441471248865,ab,18363.415474169808,20403.794971299787,22954.269342712258,r1,-98780.27963264877,-199651.9557652478,-100871.67613259904,0.2976522547946287
277,w99759190,369.99921465907244,other,20710.457907946584,23011.619897718425,25888.072384933228,nr1,-104108.1629634808,-236760.68768440143,-132652.52472092063,0.2976403785270643
278,w99759195,184.4751641433686,sfh,22818.050116989565,25353.389018877293,28522.562646236955,r1,-122742.60060164123,-204717.9652730586,-81975.36467141737,0.2976522547946287
279,w155463247,886.8482149265707,mfh,90574.02742084471,100637.808245383,113217.53427605589,r2,-448492.9229862712,-653495.2112680847,-205002.2882818135,0.2739960493917368
280,w155463249,403.549402025342,trade,23648.752708879776,26276.391898755304,29560.940886099717,nr1,-118878.50147216859,-287738.8320427299,-168860.3305705613,0.2976403785270643
281,w155463253,721.7602650925515,mfh,85711.09171490726,95234.54634989696,107138.86464363408,r2,-424413.25786421157,-393509.439853793,30903.81801041856,0.2739960493917368
282,w155463254,852.2730644002556,mfh,87014.59305688317,96682.88117431464,108768.24132110395,r2,-430867.76964453637,-399493.9638245733,31373.805819963047,0.2739960493917368
283,w155463255,713.9319995328784,mfh,71073.4939418158,78970.54882423978,88841.86742726975,r2,-351932.667150849,-326306.55181156157,25626.11533928744,0.2739960493917368
284,w155463260,725.1058137452229,mfh,66389.32398774149,73765.91554193498,82986.65498467686,r2,-328738.1914905586,-454323.49937905703,-125585.30788849841,0.2739960493917368
285,w155463261,1003.1358517257496,mfh,96812.24176736335,107569.15751929261,121015.30220920418,r2,-479382.5175660211,-693425.1020581692,-214042.58449214807,0.2739960493917368
286,w155463268,907.8277638942003,mfh,88048.47049851796,97831.63388724218,110060.58812314743,r2,-435987.19216567336,-619010.6472998929,-183023.4551342195,0.2739960493917368
287,w155463269,646.430608794326,mfh,65800.13973759115,73111.26637510127,82250.17467198893,r2,-325820.7440273956,-504585.88802858326,-178765.14400118764,0.2739960493917368
288,w155463275,531.2511221051216,mfh,56742.54191479465,63047.26879421628,70928.17739349332,r2,-280970.48575296666,-393459.83399715956,-112489.3482441929,0.2739960493917368
289,w155463277,722.3371928531676,mfh,75825.75026506544,84250.83362785049,94782.18783133179,r2,-375464.2842146576,-560124.2849109392,-184660.00069628155,0.2739960493917368
290,w155463281,852.691491766274,mfh,81167.2147222987,90185.79413588744,101459.01840287336,r2,-401913.4670065502,-601425.2360869198,-199511.76908036956,0.2739960493917368
291,w155463286,75.58565192222595,sfh,11379.481362010443,12643.868180011603,14224.351702513053,r1,-61212.37917831973,-129352.05007781649,-68139.67089949676,0.2976522547946287
292,w155463289,870.3151384696364,mfh,92029.85106537899,102255.39007264332,115037.31383172373,r2,-455701.6849269978,-658548.5406024999,-202846.85567550204,0.2739960493917368
293,w155463294,520.8021583877504,mfh,73954.39748668816,82171.55276298684,92442.9968583602,r2,-366197.9580788745,-339533.109979626,26664.848099248484,0.2739960493917368
294,w155463296,531.2875348292291,mfh,59600.264491446156,66222.51610160685,74500.33061430769,r2,-295120.99211756873,-469345.996117045,-174225.00399947626,0.2739960493917368
295,w155463300,903.6974393147975,mfh,82377.16016846654,91530.17796496282,102971.45021058316,r2,-407904.72062812495,-602661.1097457841,-194756.38911765913,0.2739960493917368
296,w155463302,619.062746527791,mfh,73694.19011571503,81882.43346190559,92117.73764464378,r2,-364909.49638943165,-536125.6794098788,-171216.18302044715,0.2739960493917368
297,w155463304,1087.9011799693108,mfh,132782.97083749846,147536.6342638872,165978.71354687307,r2,-657497.7883781851,-609621.8287615018,47875.95961668331,0.2739960493917368
298,w155463308,740.3594694465398,mfh,74398.41232336155,82664.90258151284,92998.01540420194,r2,-368396.57414596895,-548382.5132868909,-179985.93914092198,0.2739960493917368
299,w155463310,722.3160033598542,mfh,78437.63363840502,87152.92626489447,98047.04204800627,r2,-388397.4753508477,-360116.1606851573,28281.314665690414,0.2739960493917368
300,w155463313,774.0583199881017,mfh,75098.58684319264,83442.87427021404,93873.2335539908,r2,-371863.6090779641,-539797.5825061576,-167933.97342819348,0.2739960493917368
301,w155463314,1101.9502923069522,mfh,104359.84119134728,115955.37910149698,130449.8014891841,r2,-516755.75825745816,-740428.9700028512,-223673.21174539306,0.2739960493917368
302,w155463317,740.3064833164215,mfh,74649.75970721088,82944.17745245653,93312.1996340136,r2,-369641.16408060613,-541334.5947791201,-171693.43069851393,0.2739960493917368
303,w155463319,828.4481069911271,mfh,78474.43739685023,87193.8193298336,98093.04674606278,r2,-388579.71551032836,-539932.9584788281,-151353.24296849972,0.2739960493917368
304,w155463321,781.2118542082608,mfh,75955.85291213829,84395.3921245981,94944.81614017286,r2,-376108.5099174945,-541026.7310075084,-164918.22109001386,0.2739960493917368
305,w155463324,722.1055689860135,mfh,76230.77521241456,84700.86134712728,95288.4690155182,r2,-377469.8351180633,-554779.4590011213,-177309.62388305803,0.2739960493917368
306,w155463327,780.4636536210775,mfh,78934.78481367027,87705.31645963363,98668.48101708783,r2,-390859.2051657843,-592146.9968586672,-201287.79169288295,0.2739960493917368
307,w155463330,867.026127423346,mfh,92798.36038612344,103109.28931791494,115997.9504826543,r2,-459507.0914151225,-426047.9021356654,33459.18927945709,0.2739960493917368
308,w155463331,701.7002469789237,mfh,75620.8436945795,84023.15966064388,94526.05461822437,r2,-374449.65397955355,-567015.756085978,-192566.10210642446,0.2739960493917368
309,w155463336,356.26551316827533,mfh,37646.38639526564,41829.31821696182,47057.98299408205,r1,-202507.02166565257,-279062.44214170513,-76555.42047605256,0.2976522547946287
310,w155463337,437.0872274041176,trade,16347.364508861188,18163.7383431791,20434.205636076484,nr1,-82175.5895440114,-186143.1105179794,-103967.520973968,0.2976403785270643
311,w155463339,868.4495440013707,mfh,96284.55889755068,106982.84321950076,120355.69862193835,r2,-476769.6047980768,-442053.4388287917,34716.165969285066,0.2739960493917368
312,w155463342,722.9579402044416,mfh,72192.16091602764,80213.5121289196,90240.20114503455,r2,-357471.93967078783,-545869.7823139784,-188397.84264319058,0.2739960493917368
313,w155463343,844.8904670208692,mfh,87271.28425516972,96968.09361685524,109089.10531896215,r2,-432138.82039829675,-652658.4364089835,-220519.6160106868,0.2739960493917368
314,w155463347,1083.6851687338203,mfh,101563.78341079073,112848.64823421191,126954.7292634884,r2,-502910.5957693902,-683036.6604403642,-180126.06467097398,0.2739960493917368
315,w155463348,740.608741542697,mfh,73742.38733091138,81935.98592323487,92177.98416363922,r2,-365148.1532156625,-524461.5299113506,-159313.37669568806,0.2739960493917368
316,w155463352,356.4181080274284,mfh,38492.77211566138,42769.74679517931,48115.965144576716,r1,-207059.8902894319,-191982.74307927306,15077.147210158844,0.2976522547946287
317,w155463353,722.1394314199686,mfh,96023.96050529758,106693.28945033065,120029.95063162198,r2,-475479.2068993054,-440857.00175967335,34622.205139632046,0.2739960493917368
318,w155463354,696.3946817303076,mfh,75225.69127239037,83584.10141376707,94032.11409048796,r2,-372492.9885877271,-587677.9059082739,-215184.9173205468,0.2739960493917368
319,w155463358,865.4375973489136,mfh,87470.73329689098,97189.70366321219,109338.41662111372,r2,-433126.4267381667,-623634.2689356051,-190507.84219743835,0.2739960493917368
320,w155463359,1101.9756921548396,mfh,103923.56216152417,115470.62462391573,129904.4527019052,r2,-514595.4473725967,-734675.8050110283,-220080.3576384316,0.2739960493917368
321,w155463364,740.593882034719,mfh,74624.72489312779,82916.3609923642,93280.90611640972,r2,-369517.1998795624,-542350.8903488304,-172833.69046926795,0.2739960493917368
322,w155463365,603.6562003400177,mfh,57345.292217422895,63716.9913526921,71681.61527177862,r2,-283955.1078654464,-403693.2898868403,-119738.1820213939,0.2739960493917368
323,w155463369,722.4004129424691,mfh,76517.50006263371,85019.44451403746,95646.87507829214,r2,-378889.60268089996,-558415.9273969198,-179526.32471601985,0.2739960493917368
324,w155463370,696.1379145577084,mfh,67777.64861111336,75308.49845679261,84722.06076389168,r2,-335612.72038278455,-472768.8208983727,-137156.10051558813,0.2739960493917368
325,w155463373,865.3327697202564,mfh,87284.13642326384,96982.3738036265,109105.1705290798,r2,-432202.4601259249,-622720.0839222388,-190517.62379631388,0.2739960493917368
326,w155463376,746.0008564919234,mfh,78349.89022816702,87055.43358685223,97937.36278520877,r2,-387962.9987171922,-597689.4020089037,-209726.40329171147,0.2739960493917368
327,w155463378,701.7079005709849,mfh,75289.53058162499,83655.03397958331,94111.91322703123,r2,-372809.0999412283,-552752.7920181561,-179943.69207692787,0.2739960493917368
328,w155463380,903.4881653226912,mfh,80794.44802773364,89771.60891970404,100993.06003466704,r2,-400067.6484071342,-582402.8332431419,-182335.18483600765,0.2739960493917368
329,w155463382,654.6620004437864,mfh,67195.36451178146,74661.51612420162,83994.20563972682,r2,-332729.4402068421,-483121.62488891016,-150392.18468206807,0.2739960493917368
330,w155463388,654.8312545590103,mfh,81045.45395849762,90050.50439833068,101306.81744812202,r2,-401310.5475779103,-372088.9624878963,29221.585090013978,0.2739960493917368
331,w155463390,658.415929133445,mfh,67307.170216775,74785.74468530556,84133.96277096875,r2,-333283.0654443078,-476519.0579530819,-143235.9925087741,0.2739960493917368
332,w155463392,746.3197361536323,mfh,74500.89326832342,82778.77029813713,93126.11658540426,r2,-368904.0262253911,-545732.1567722416,-176828.1305468505,0.2739960493917368
333,w155463395,740.6091377854347,mfh,81203.21252281987,90225.79169202207,101504.01565352484,r2,-402091.7163263227,-372813.25012717966,29278.466199143033,0.2739960493917368
334,w155463397,721.9107812985777,mfh,69115.7372055503,76795.26356172255,86394.67150693786,r2,-342238.4969108084,-489085.9211334123,-146847.4242226039,0.2739960493917368
335,w155463400,957.7393607803388,mfh,132263.3739372203,146959.30437468924,165329.2174215254,r2,-654924.9146834165,-607236.2998750149,47688.61480840156,0.2739960493917368
336,w155463402,519.368776667118,mfh,57328.60677905928,63698.45197673253,71660.7584738241,r2,-283872.48703874706,-443140.1669423749,-159267.67990362784,0.2739960493917368
337,w155463405,658.592996231094,mfh,66453.3492473543,73837.05471928256,83066.68655919287,r2,-329055.2236094384,-471556.0074824043,-142500.7838729659,0.2739960493917368
338,w155463406,932.8967588515952,mfh,87329.94975847227,97033.27750941363,109162.43719809034,r2,-432429.3127591187,-649987.6509593662,-217558.33820024756,0.2739960493917368
339,w155463408,740.3845857441426,mfh,81123.65596148898,90137.39551276554,101404.56995186122,r2,-401697.7782874604,-372447.9968412906,29249.78144616977,0.2739960493917368
340,w155463411,886.3585438661277,mfh,86630.34371086476,96255.9374565164,108287.92963858094,r2,-428965.09271541366,-615799.6990370844,-186834.6063216707,0.2739960493917368
341,w155463413,436.59599217027426,trade,16616.663351011164,18462.959278901293,20770.829188763953,nr1,-83529.31179723442,-189678.72779235835,-106149.41599512393,0.2976403785270643
342,w155463416,722.4005093876273,mfh,71360.79474582999,79289.7719398111,89200.99343228748,r2,-353355.28664826765,-539550.5977716462,-186195.31112337857,0.2739960493917368
343,w155463417,828.3400002270937,mfh,74807.01169807202,83118.90188674668,93508.76462259002,r2,-370419.8244431296,-534748.6682557715,-164328.84381264192,0.2739960493917368
344,w155463421,509.4774500131606,mfh,62634.51134401355,69593.90149334838,78293.13918001692,r2,-310145.5888890782,-287562.21606044547,22583.37282863271,0.2739960493917368
345,w155463422,674.0859733853489,mfh,66828.4486191273,74253.83179903033,83535.56077390912,r2,-330912.5928624928,-478810.2466073881,-147897.6537448953,0.2739960493917368
346,w155463424,701.7858467099256,mfh,75354.80212003247,83727.55791114719,94193.50265004058,r2,-373132.30322457326,-562575.733331356,-189443.4301067827,0.2739960493917368
347,w155463427,540.3469697440042,mfh,55711.525451732596,61901.69494636955,69639.40681466574,r2,-275865.2298608206,-418233.4640649889,-142368.23420416832,0.2739960493917368
348,w155463430,521.3457492198795,mfh,65819.9805171453,73133.31168571701,82274.97564643163,r2,-325918.9890703728,-302187.0699143673,23731.91915600549,0.2739960493917368
349,w155463434,634.5610695700626,mfh,64418.57211226843,71576.19123585381,80523.21514033554,r2,-318979.6735767557,-459946.8482106847,-140967.17463392904,0.2739960493917368
350,w155463435,740.6094772338867,mfh,73569.89609015193,81744.3289890577,91962.37011268991,r2,-364294.0330781281,-531457.2171100728,-167163.18403194472,0.2739960493917368
351,w155463436,830.3215000247583,mfh,74986.73881598086,83318.59868442318,93733.42351997607,r2,-371309.77427473315,-515749.31334458815,-144439.539069855,0.2739960493917368
352,w155463437,634.6341266736388,mfh,64166.464939277284,71296.07215475253,80208.0811740966,r2,-317731.3214151007,-462121.16000530275,-144389.83859020204,0.2739960493917368
353,w155463439,740.3900625675916,mfh,77902.86750022264,86558.74166691404,97378.5843752783,r2,-385749.48855753546,-589785.4555967101,-204035.96703917463,0.2739960493917368
354,w155463441,304.4361848443746,mfh,36817.49098632539,40908.32331813932,46021.863732906735,r1,-198048.23673011,-183627.27661215398,14420.960117956012,0.2976522547946287
355,w155463442,681.7836883433163,mfh,68711.68346108304,76346.31495675893,85889.6043263538,r2,-340237.7550860282,-508381.2627299392,-168143.507643911,0.2739960493917368
356,w155463445,701.5969566701912,mfh,73907.62346345419,82119.58162606022,92384.52932931774,r2,-365966.3484331804,-547745.7685388527,-181779.42010567227,0.2739960493917368
357,w155463446,527.3302180506289,mfh,52013.41474555332,57792.683050614796,65016.768431941644,r2,-257553.3966855691,-382398.0907625033,-124844.69407693422,0.2739960493917368
358,w155463447,540.1562461696565,mfh,59085.19228162839,65650.21364625376,73856.49035203549,r2,-292570.5232082331,-458662.2471249035,-166091.72391667037,0.2739960493917368
359,w155463448,488.2503870327026,mfh,51268.34796637681,56964.83107375201,64085.43495797101,r2,-253864.0699864238,-393316.3689977297,-139452.29901130588,0.2739960493917368
360,w155463452,416.2699146196246,mfh,40700.76121869014,45223.06802076682,50875.95152336267,r1,-218937.08063726305,-202995.09114853918,15941.989488723862,0.2976522547946287
361,w155463453,826.68092449978,mfh,83117.14823153104,92352.38692392338,103896.4352894138,r2,-411568.8991882403,-595346.731898334,-183777.8327100937,0.2739960493917368
362,w155463454,830.106713430956,mfh,73765.5043705863,81961.67152287367,92206.88046323288,r2,-365262.6212258618,-516881.5173006924,-151618.8960748306,0.2739960493917368
363,w155463458,653.3753796381876,mfh,58960.56636749198,65511.74040832442,73700.70795936497,r2,-291953.41649340006,-412662.8434251921,-120709.42693179206,0.2739960493917368
364,w155463459,716.456727950275,mfh,75283.97896378927,83648.8655153214,94104.97370473658,r2,-372781.61014772626,-556446.4489504661,-183664.83880273986,0.2739960493917368
365,w155463463,389.00259175430983,mfh,37000.96483362116,41112.18314846796,46251.206042026446,r1,-199035.17720241196,-184542.35262645895,14492.824575953011,0.2976522547946287
366,w155463464,681.5525098629297,mfh,69179.35495120153,76865.94994577947,86474.19368900191,r2,-342553.5111540013,-504824.12716524396,-162270.61601124267,0.2739960493917368
367,w155463468,854.9059582386632,mfh,81699.0096870192,90776.67743002134,102123.762108774,r2,-404546.74152186676,-574388.7140804284,-169841.9725585616,0.2739960493917368
368,w155463469,716.6904537379742,mfh,100679.18201464991,111865.75779405545,125848.97751831239,r2,-498530.33934124745,-462229.65694219916,36300.682399048295,0.2739960493917368
369,w155463470,608.2978411447257,mfh,64367.74654988399,71519.71838875998,80459.68318735498,r2,-318728.00203596946,-295519.6974242994,23208.304611670086,0.2739960493917368
370,w155463473,376.1376306014136,mfh,43550.29606288637,48389.217847651526,54437.870078607964,r1,-234265.26667806844,-217207.1493044178,17058.11737365063,0.2976522547946287
371,w155463474,720.4433401308954,mfh,67276.75041664802,74751.94490738669,84095.93802081002,r2,-333132.4365558273,-507826.8800866382,-174694.44353081088,0.2739960493917368
372,w155463478,851.8925360153429,mfh,87684.85616685112,97427.61796316791,109606.0702085639,r2,-434186.693070152,-402571.2185378308,31615.474532321212,0.2739960493917368
373,w155463479,376.5337288361043,mfh,37121.41584101446,41246.017601127176,46401.76980126807,r1,-199683.10591747484,-294746.34061870823,-95063.23470123339,0.2976522547946287
374,w155463480,664.0854127705097,mfh,73172.86575571459,81303.18417301621,91466.08219464324,r2,-362328.0688798193,-335945.0082820497,26383.060597769625,0.2739960493917368
375,w155463484,531.1159037780716,mfh,68085.21955592721,75650.24395103024,85106.52444490901,r2,-337135.71097946266,-312587.0418135815,24548.669165881176,0.2739960493917368
376,w155463485,716.6882258921862,mfh,74226.11389675422,82473.45988528247,92782.64237094278,r2,-367543.40876097395,-532143.7338851666,-164600.32512419263,0.2739960493917368
377,w155463490,790.5601109853014,mfh,73479.01625668757,81643.35139631951,91848.77032085945,r2,-363844.02590375836,-533139.5687369995,-169295.54283324117,0.2739960493917368
378,w155463491,681.5525530032813,mfh,68426.0537270324,76028.94858559156,85532.5671587905,r2,-338823.410179834,-494117.49471362744,-155294.08453379344,0.2739960493917368
379,w155463494,531.001435648324,mfh,56124.10929184654,62360.12143538504,70155.13661480817,r2,-277908.2099258433,-399937.78059417015,-122029.57066832687,0.2739960493917368
380,w155463495,716.4590312853455,mfh,79038.97749810597,87821.08610900663,98798.72187263246,r2,-391375.1332185275,-609609.3513525275,-218234.21813400002,0.2739960493917368
381,w155463496,611.941689690575,mfh,60485.334200613484,67205.92688957053,75606.66775076685,r2,-299503.5674784575,-444845.7413925784,-145342.17391412088,0.2739960493917368
382,w155463500,1108.025532820262,mfh,100906.99247980208,112118.88053311342,126133.7405997526,r2,-499658.3821622676,-720913.5803639501,-221255.19820168254,0.2739960493917368
383,w155463502,540.1563036605716,mfh,59609.47184418452,66232.74649353835,74511.83980523064,r2,-295166.58391314384,-452541.95224838017,-157375.36833523633,0.2739960493917368
384,w155463507,1267.198863344267,mfh,124829.28501538603,138699.20557265115,156036.60626923252,r2,-618113.7408266823,-909824.624153566,-291710.88332688366,0.2739960493917368
385,w155463508,530.6506136165466,mfh,59404.70237854505,66005.22486505006,74255.87797318131,r2,-294152.63257634104,-448170.85888088087,-154018.22630453983,0.2739960493917368
386,w155463511,1747.3368958860635,mfh,164794.07162005454,183104.52402228283,205992.58952506818,r2,-816006.2765926844,-1151396.2100638815,-335389.93347119703,0.2739960493917368
387,w155463513,612.2091895099729,mfh,81863.33408033723,90959.26008926358,102329.16760042153,r2,-405360.42210531596,-375843.94381147076,29516.478293845197,0.2739960493917368
388,w155463514,830.106801855378,mfh,74653.97590525495,82948.86211694994,93317.46988156869,r2,-369662.0413126176,-522972.6251340807,-153310.5838214631,0.2739960493917368
389,w155463518,691.345141955465,mfh,72173.4858662746,80192.76207363844,90216.85733284324,r2,-357379.46694003756,-515651.2136455379,-158271.74670550035,0.2739960493917368
390,w155463519,507.32179623667616,mfh,55562.18913504426,61735.76570560473,69452.73641880532,r2,-275125.7653246092,-408478.2318607621,-133352.46653615293,0.2739960493917368
391,w155463522,1139.1653657640795,mfh,129564.6746402093,143960.74960023255,161955.84330026162,r2,-641561.839523319,-594846.2622794965,46715.57724382251,0.2739960493917368
392,w155463523,446.09937440417707,mfh,52022.345619720814,57802.60624413424,65027.93202465102,r2,-257597.61944980136,-238840.54764800417,18757.071801797196,0.2739960493917368
393,w155463528,681.6119319483638,mfh,68495.57242516302,76106.19158351446,85619.46553145377,r2,-339167.64400728577,-495368.7151718208,-156201.071164535,0.2739960493917368
394,w155463529,691.3949336603283,mfh,83645.16797269836,92939.0755252204,104556.45996587294,r2,-414183.4800328156,-384024.54731174785,30158.932721067744,0.2739960493917368
395,w155463531,507.3216828555101,mfh,54061.208972385146,60068.00996931683,67576.51121548143,r2,-267693.40309379523,-396069.7897086202,-128376.386614825,0.2739960493917368
396,w155463534,640.8467616457492,mfh,62761.80582241785,69735.3398026865,78452.25727802231,r2,-310775.90946027567,-435657.88707641524,-124881.97761613957,0.2739960493917368
397,w155463535,684.7868416263722,mfh,63983.21967634138,71092.46630704598,79979.02459542672,r2,-316823.95088143053,-473656.49832468433,-156832.5474432538,0.2739960493917368
398,w155463536,691.6131192699074,mfh,70337.30683773482,78152.56315303869,87921.63354716853,r2,-348287.309694898,-494650.9352789337,-146363.6255840357,0.2739960493917368
399,w155463537,507.3215693686623,mfh,56345.158000452444,62605.73111161382,70431.44750056555,r2,-279002.7707427578,-442249.7591750083,-163246.98843225045,0.2739960493917368
400,w155463538,643.413233704865,mfh,67471.69315381986,74968.54794868872,84339.61644227481,r2,-334097.7291512741,-309770.2718250271,24327.45732624695,0.2739960493917368
401,w155463539,710.019569536671,mfh,70101.74839593095,77890.83155103438,87627.18549491368,r2,-347120.9014307735,-487515.1776507373,-140394.2762199638,0.2739960493917368
402,w155463540,840.6794232809916,mfh,76273.68228195352,84748.53586883724,95342.1028524419,r2,-377682.29687539354,-553383.3891558468,-175701.09228045325,0.2739960493917368
403,w155463541,696.2558067506179,mfh,69091.86352939304,76768.73725488115,86364.8294117413,r2,-342120.2822845287,-500695.9563968172,-158575.67411228846,0.2739960493917368
404,w155463542,640.557884996757,mfh,65685.4859572708,72983.87328585643,82106.85744658849,r2,-325253.0160535872,-301569.5899842825,23683.426069304696,0.2739960493917368
405,w155463543,587.0278481058776,mfh,64620.647257978446,71800.7191755316,80775.80907247306,r2,-319980.28352359246,-490592.52371018863,-170612.24018659617,0.2739960493917368
406,w155463544,825.5248426020145,mfh,98226.61890138821,109140.68766820912,122783.27362673526,r2,-486386.04995943396,-450969.6587599823,35416.39119945164,0.2739960493917368
407,w155463545,709.4769112125038,mfh,68799.48875180824,76443.87639089805,85999.3609397603,r2,-340672.5381315919,-506349.5605649062,-165677.0224333143,0.2739960493917368
408,w155463546,647.0489746004342,mfh,65167.88665066121,72408.76294517911,81459.8583133265,r2,-322690.0337885015,-454560.12087522383,-131870.0870867223,0.2739960493917368
409,w155463547,586.4484846569597,mfh,65038.9578364076,72265.50870711956,81298.6972955095,r2,-322051.6205213839,-298601.305324733,23450.31519665086,0.2739960493917368
410,w155463548,500.40091222245246,mfh,58521.66054916764,65024.06727685293,73152.07568645955,r2,-289780.09861209034,-268679.64695415844,21100.451657931902,0.2739960493917368
411,w155463549,672.5395986035466,mfh,71071.92574614852,78968.80638460947,88839.90718268565,r2,-351924.90195945074,-523469.51389444596,-171544.61193499522,0.2739960493917368
412,w155463551,586.1050742082298,mfh,58460.95059670617,64956.61177411796,73076.1882458827,r2,-289479.4828085411,-407318.9038159168,-117839.4210073757,0.2739960493917368
413,w155463552,667.035758360289,mfh,68669.64406031062,76299.60451145624,85837.05507538827,r2,-340029.58974028943,-513560.163651454,-173530.57391116454,0.2739960493917368
414,w155463553,817.6307530952618,mfh,76749.54752122253,85277.27502358059,95936.93440152815,r2,-380038.62570590543,-566651.3549826313,-186612.72927672585,0.2739960493917368
415,w155463556,732.9133296664804,mfh,64357.9958795773,71508.88431064144,80447.49484947162,r2,-318679.71990971925,-448807.6678290486,-130127.94791932934,0.2739960493917368
416,w155463558,710.1379440590739,mfh,77163.4124884325,85737.12498714722,96454.26561054062,r2,-382087.9494927696,-545290.6823837042,-163202.73289093463,0.2739960493917368
417,w155463561,654.0662793286144,mfh,66767.48224207119,74186.09138007909,83459.35280258898,r2,-330610.7073283238,-306537.15886523784,24073.548463085957,0.2739960493917368
418,w155463562,586.3292756803334,mfh,59654.3554106497,66282.61712294411,74567.94426331212,r2,-295388.8326359978,-442536.2180145104,-147147.3853785126,0.2739960493917368
419,w155463566,653.8032613813876,mfh,66481.29901255308,73868.11001394787,83101.62376569134,r2,-329193.6216938311,-481660.212146994,-152466.5904531629,0.2739960493917368
420,w155463567,133.41999841853976,sfh,16572.97361038044,18414.415122644932,20716.217012975547,r1,-89149.15473543732,-202220.52872941818,-113071.37399398086,0.2976522547946287
421,w155463569,886.7166110530495,mfh,90690.7250070177,100767.47223001966,113363.40625877211,r2,-449070.7712173649,-626664.1668086654,-177593.3955913005,0.2739960493917368
422,w155463572,311.3570919752121,mfh,35890.06917924034,39877.854643600374,44862.58647405042,r1,-193059.45969295487,-179001.7593337223,14057.700359232578,0.2976522547946287
423,w155463574,863.4385226266459,mfh,80266.77887142508,89185.30985713897,100333.47358928135,r2,-397454.8035439714,-580282.0438300559,-182827.24028608447,0.2739960493917368
424,w155463577,931.9227139726281,mfh,104741.59050899002,116379.54500998891,130926.98813623752,r2,-518646.0558647632,-480880.6396689428,37765.416195820435,0.2739960493917368
425,w155463578,931.2066993936896,mfh,95901.79540846782,106557.55045385312,119877.24426058478,r2,-474874.2853459166,-689508.4470868969,-214634.1617409803,0.2739960493917368
426,w155463581,136.57608463019133,sfh,20238.058157433414,22486.731286037128,25297.572696791765,r1,-108864.33663852284,-199219.40467993944,-90355.0680414166,0.2976522547946287
427,w155463583,949.1963916398585,mfh,98696.62464541465,109662.91627268294,123370.7808067683,r2,-488713.36448834755,-730815.3946799892,-242102.03019164165,0.2739960493917368
428,w155463586,949.1754787907004,mfh,101711.11223859426,113012.34693177139,127138.89029824281,r2,-503640.11987804814,-466967.3668029396,36672.753075108514,0.2739960493917368
429,w155463589,722.9646147996187,mfh,79863.38270239974,88737.09189155528,99829.22837799968,r2,-395457.3178174396,-366661.9379506107,28795.37986682891,0.2739960493917368
430,w155463591,591.1442194825038,mfh,72104.48386231158,80116.0931803462,90130.60482788947,r2,-357037.791612899,-553168.4893057767,-196130.69769287767,0.2739960493917368
431,w155463593,535.6290349200369,mfh,57403.922688774626,63782.13632086069,71754.90336096828,r2,-284245.42675951996,-429596.7119042219,-145351.28514470195,0.2739960493917368
432,w155463596,724.8313003255054,mfh,67296.75836170698,74774.1759574522,84120.94795213372,r2,-333231.50934764155,-481048.1524010554,-147816.64305341383,0.2739960493917368
433,w155463597,752.1160736689344,mfh,96345.81377389302,107050.90419321446,120432.26721736627,r2,-477072.9188862346,-442334.6669825289,34738.25190370565,0.2739960493917368
434,w155463600,535.4490051213652,mfh,64489.169061256325,71654.6322902848,80611.4613265704,r2,-319329.24654935166,-296077.1620823707,23252.084466980945,0.2739960493917368
435,w155463601,907.8308945208788,mfh,90872.07987539202,100968.97763932447,113590.09984424003,r2,-449968.7811362246,-666592.4330596171,-216623.65192339243,0.2739960493917368
436,w155463605,389.4215188790113,mfh,42998.73447932191,47776.37164369101,53748.41809915238,r1,-231298.31276169265,-214456.2353023896,16842.07745930305,0.2976522547946287
437,w155463606,690.2915003947913,mfh,72619.17804943162,80687.97561047958,90773.97256178952,r2,-359586.38867762854,-530897.527209863,-171311.1385322344,0.2739960493917368
438,w155463610,725.1058211326599,mfh,66694.63523034648,74105.15025594053,83368.2940379331,r2,-330249.9927818962,-468079.0769488669,-137829.0841669707,0.2739960493917368
439,w155463611,1002.8680375270545,mfh,112403.2420384642,124892.49115384911,140504.05254808025,r2,-556584.0452332839,-516056.15944585373,40527.88578743016,0.2739960493917368
440,w155463612,535.6290688522159,mfh,63516.22491576578,70573.58323973975,79395.28114470722,r2,-314511.54575654125,-291610.2640643814,22901.281692159828,0.2739960493917368
441,w155463616,543.6235096465331,mfh,57717.03913082603,64130.04347869559,72146.29891353253,r2,-285795.8768425023,-407900.1304199943,-122104.25357749203,0.2739960493917368
442,w155463618,752.1486698825844,mfh,78276.75754478379,86974.17504975977,97845.94693097973,r2,-387600.8696182623,-560254.2774832952,-172653.4078650329,0.2739960493917368
443,w155463621,238.18491610530762,mfh,25941.058157091844,28823.39795232427,32426.322696364805,r1,-139541.85060664394,-213683.42965790632,-74141.57905126238,0.2976522547946287
444,w155463623,73.76475410088896,mfh,9386.532258258556,10429.48028695395,11733.165322823193,r1,-50491.92959533452,-86676.52194343865,-36184.59234810413,0.2976522547946287
445,w155463625,52.41574023310095,sfh,7168.165529890833,7964.628366545369,8960.206912363541,r1,-38558.91604106626,-70340.61590576639,-31781.69986470013,0.2976522547946287
446,w155463626,98.3909645654261,mfh,11326.695090576788,12585.216767307542,14158.368863220985,r1,-60928.431855975716,-95505.34311365607,-34576.91125768035,0.2976522547946287
447,w155463629,643.7923131911084,mfh,60925.212855087026,67694.68095009669,76156.51606885878,r2,-301681.70252579777,-426770.03396921593,-125088.33144341817,0.2739960493917368
448,w155463631,546.7249739198014,mfh,62732.02766693095,69702.25296325661,78415.03458366368,r2,-310628.45778592967,-288009.924668982,22618.533116947685,0.2739960493917368
449,w155463632,612.4270064728335,mfh,67447.16411095476,74941.2934566164,84308.95513869345,r2,-333976.26936367404,-309657.65617955045,24318.61318412359,0.2739960493917368
450,w155463633,683.6260891854763,mfh,67343.37274848943,74825.96972054381,84179.21593561179,r2,-333462.3285259048,-480607.56871639437,-147145.24019048957,0.2739960493917368
451,w155463638,279.5906790524721,ab,31093.580676718997,34548.42297413222,38866.97584589874,r1,-167258.2422560193,-289463.05686738837,-122204.81461136907,0.2976522547946287
452,w155463639,282.758548167441,other,12733.875761949328,14148.750846610365,15917.34470243666,nr1,-64011.15894560057,-193239.24286583596,-129228.0839202354,0.2976403785270643
453,w155463640,56.80619836300611,sfh,8149.209288913908,9054.67698768212,10186.511611142383,r1,-43836.135683810586,-94960.25101299182,-51124.11532918124,0.2976522547946287
454,w155463643,240.41873629689215,ab,28483.777730710135,31648.64192301126,35604.72216338767,r1,-153219.61936718435,-283929.36440330866,-130709.74503612431,0.2976522547946287
455,w155463644,98.43792371228336,mfh,11153.843250929993,12393.159167699992,13942.30406366249,r1,-59998.629168706284,-96644.13414811142,-36645.50497940514,0.2976522547946287
456,w155463645,98.39091195091605,mfh,11053.44919247696,12281.61021386329,13816.811490596201,r1,-59458.590569601656,-97692.36830846859,-38233.777738866935,0.2976522547946287
457,w155463647,97.66299930792302,mfh,9369.723502372359,10410.803891524843,11712.154377965448,r1,-50401.5121232117,-86918.98401420648,-36517.47189099478,0.2976522547946287
458,w155463653,376.11661268314344,mfh,49110.00769747382,54566.67521941535,61387.50962184227,r1,-264172.00547150994,-244936.21717021518,19235.788301294757,0.2976522547946287
459,w155463654,482.5493668295443,mfh,52586.0148678914,58428.905408768216,65732.51858486424,r2,-260388.72497870622,-396984.3522072492,-136595.627228543,0.2739960493917368
460,w155463656,73.78574474137277,mfh,10518.511422655341,11687.23491406149,13148.139278319177,r1,-56581.05928663458,-99183.70207578012,-42602.64278914554,0.2976522547946287
461,w155463657,470.15250823192764,mfh,44569.71600670739,49521.906674119324,55712.145008384236,r1,-239748.91906590355,-332303.0152639692,-92554.09619806564,0.2976522547946287
462,w155463660,49.947176152281465,mfh,6130.094348688484,6811.2159429872045,7662.617935860605,r1,-32974.935125206815,-56050.69466863828,-23075.759543431464,0.2976522547946287
463,w155463661,78.16354378722608,sfh,10628.335831745004,11809.262035272226,13285.419789681255,r1,-57171.82552266659,-117006.33703850451,-59834.51151583792,0.2976522547946287
464,w155463663,104.99722011834383,sfh,12659.813951807402,14066.45994645267,15824.767439759253,r1,-68099.5299603098,-126461.50699390336,-58361.97703359356,0.2976522547946287
465,w155463665,467.86907609552145,trade,25152.751602532997,27947.501780592218,31440.939503166246,nr1,-126438.86361448828,-283809.0861018473,-157370.22248735902,0.2976403785270643
466,w155463667,587.3173447391018,mfh,62170.68286456457,69078.53651618285,77713.3535807057,r2,-307848.86215144745,-456414.41707688407,-148565.55492543662,0.2739960493917368
467,w155463669,557.4523567564785,mfh,63822.83861379559,70914.26512643954,79778.54826724448,r2,-316029.7963806199,-506158.30201212555,-190128.50563150563,0.2739960493917368
468,w155463671,449.48969881236553,mfh,44460.06219337882,49400.06910375424,55575.07774172352,r1,-239159.07049668618,-373149.405640943,-133990.3351442568,0.2976522547946287
469,w155576276,58.73152135126293,other,7036.542804460303,7818.380893844781,8795.678505575379,nr1,-35371.57643941703,-101733.0376687416,-66361.46122932457,0.2976403785270643
470,w159548666,1258.4072781499474,other,45034.07044829587,50037.85605366207,56292.58806036983,nr1,-226379.07698511682,-533084.3928038015,-306705.31581868464,0.2976403785270643
471,w159548667,15669.025621107221,trade,613413.7969842755,681570.8855380839,766767.2462303443,nr2,-2838579.583327418,-5336336.9508266775,-2497757.3674992593,0.2739960493917368
472,w159548669,2256.2803165019486,trade,261494.21083095495,290549.1231455055,326867.76353869366,nr2,-1210067.5460387333,-1122009.2288046246,88058.31723410869,0.2739960493917368
473,w159548670,188.14899220019578,mfh,23028.989782019133,25587.766424465703,28786.237227523914,r1,-123877.28489425266,-195100.18324473337,-71222.89835048071,0.2976522547946287
474,w159548671,318.3455893772654,other,12677.331192583715,14085.923547315238,15846.663990729643,nr1,-63726.91842960713,-134165.95569087222,-70439.03726126508,0.2976403785270643
475,w159548672,170.00981159284711,ab,21983.144401197525,24425.716001330584,27478.930501496907,r1,-118251.48509054034,-205635.63729265894,-87384.1522021186,0.2976522547946287
476,w159548674,118.95309109317604,trade,10044.893361266411,11160.992623629345,12556.116701583014,nr1,-50494.0740399687,-125567.7904953575,-75073.71645538881,0.2976403785270643
477,w159548675,865.047436706489,mfh,94066.05527670533,104517.83919633925,117582.56909588166,r2,-465784.30137389025,-725972.2836396048,-260187.98226571456,0.2739960493917368
478,w159548677,106.67055884185247,other,5052.772241354683,5614.191379282981,6315.965301693353,nr1,-25399.47876857259,-79816.06786332937,-54416.58909475678,0.2976403785270643
479,w159872586,633.9711885744706,mfh,61528.304105702184,68364.7823396691,76910.38013212773,r2,-304668.01290105656,-467752.78513309016,-163084.7722320336,0.2739960493917368
480,w159872589,1091.462102752924,mfh,104981.15974855874,116645.73305395416,131226.4496856984,r2,-519832.32428598,-760716.3034976362,-240883.9792116562,0.2739960493917368
481,w159872591,2692.1037788091226,mfh,238842.17683578568,265380.1964842063,298552.7210447321,r2,-1182668.2446587668,-1612900.1276885837,-430231.8830298169,0.2739960493917368
482,w159872593,436.90541737405584,mfh,41771.57313857874,46412.85904286526,52214.46642322342,r1,-224697.18016936549,-322150.66835151805,-97453.48818215256,0.2976522547946287
483,w159872596,218.88012801047884,mfh,23926.839112240952,26585.376791378836,29908.54889030119,r1,-128706.98599381388,-210979.70248760426,-82272.71649379037,0.2976522547946287
484,w159872599,487.8712977081537,mfh,46825.5540892305,52028.39343247833,58531.94261153812,r1,-251883.49811036556,-362391.8543539313,-110508.35624356577,0.2976522547946287
485,w159872601,629.8896718598901,mfh,59138.13100415723,65709.03444906359,73922.66375519653,r2,-292832.6584260456,-437161.88720416476,-144329.22877811914,0.2739960493917368
486,w159872603,453.131132603623,mfh,41977.27905722256,46641.42117469173,52471.59882152819,r1,-225803.71115181313,-319186.9656064664,-93383.25445465327,0.2976522547946287
487,w159872608,317.054659525305,mfh,36148.8017943321,40165.33532703567,45186.00224291513,r1,-194451.23128930092,-303541.0037156753,-109089.7724263744,0.2976522547946287
488,w159872611,474.9952949794941,mfh,49392.47210315651,54880.52455906279,61740.59012894564,r1,-265691.43485102017,-396966.1337063984,-131274.69885537826,0.2976522547946287
489,w159872613,461.6615135567263,mfh,49483.41463924298,54981.57182138109,61854.26829905373,r1,-266180.63192646403,-414103.59669434075,-147922.96476787672,0.2976522547946287
490,w159872615,129.00588214695452,mfh,16719.873106670097,18577.636785188995,20899.841383337618,r1,-89939.35486687794,-154621.51536654928,-64682.16049967134,0.2976522547946287
491,w159872617,185.93316667452453,mfh,23274.884584316744,25860.98287146305,29093.605730395928,r1,-125199.99947125165,-192821.12907537614,-67621.1296041245,0.2976522547946287
492,w159872620,129.2747205838561,mfh,17497.094806705965,19441.216451895518,21871.368508382457,r1,-94120.17716402073,-147155.89110566353,-53035.713941642796,0.2976522547946287
493,w159872622,447.3657494872576,mfh,46366.44062561429,51518.26736179365,57958.05078201786,r1,-249413.84008934465,-390226.03866628814,-140812.19857694348,0.2976522547946287
494,w159872625,238.36158968657256,mfh,25116.058872769172,27906.732080854636,31395.073590961463,r1,-135104.0236611741,-215545.5109774444,-80441.4873162703,0.2976522547946287
495,w159872628,167.04002443812786,mfh,19006.772350224233,21118.635944693593,23758.46543778029,r1,-102241.01776219961,-182272.20011367416,-80031.18235147455,0.2976522547946287
496,w159872630,195.52493976540862,mfh,18074.7621351929,20083.069039103222,22593.452668991125,r1,-97227.55881221405,-143283.090387322,-46055.53157510796,0.2976522547946287
497,w159872632,133.65780365467072,th,16477.88462317202,18308.760692413354,20597.355778965022,r1,-88637.65311638148,-82183.46760256405,6454.185513817429,0.2976522547946287
498,w159872635,49.369007284846155,th,6739.6868476192685,7488.540941799187,8424.608559524086,r1,-36254.04829405322,-89983.74901018564,-53729.70071613242,0.2976522547946287
499,w159872640,133.91130499513818,mfh,16908.877072954834,18787.64119217204,21136.09634119354,r1,-90956.0428935442,-144876.84771512361,-53920.80482157941,0.2976522547946287
500,w159872643,87.82295271442271,other,9591.78852868142,10657.542809646022,11989.735660851775,nr1,-48216.38843977735,-112306.6117320164,-64090.223292239054,0.2976403785270643
501,w159872648,133.79360626488923,mfh,16965.31316645674,18850.347962729713,21206.641458070924,r1,-91259.62329803563,-155689.7719313208,-64430.14863328518,0.2976522547946287
502,w159872651,467.48304517045614,other,34799.30109969496,38665.890110772176,43499.126374618696,nr1,-174930.52669357831,-395298.8576687436,-220368.33097516527,0.2976403785270643
503,w159872654,134.11286987382917,mfh,15572.749109392586,17303.054565991763,19465.93638674073,r1,-83768.75825952122,-128310.00629792613,-44541.24803840491,0.2976522547946287
504,w159872660,131.42538360562176,mfh,16010.967487406166,17789.96387489574,20013.709359257708,r1,-86126.01766920107,-133632.36892460755,-47506.35125540648,0.2976522547946287
505,w159872663,509.8066861014813,other,40789.69983623175,45321.88870692417,50987.12479528969,nr1,-205043.30404749225,-190122.01442721346,14921.289620278782,0.2976403785270643
506,w159872669,96.41428965386004,other,6140.942525975589,6823.26947330621,7676.178157469486,nr1,-30869.536930824146,-94131.48454687998,-63261.947616055826,0.2976403785270643
507,w159872671,385.8471666022902,mfh,41085.27500261371,45650.30555845967,51356.59375326713,r1,-221005.4528936117,-320079.56291072187,-99074.11001711016,0.2976522547946287
508,w159872676,450.3884779855609,trade,21572.307796555673,23969.230885061857,26965.38474569459,nr1,-108440.54465451745,-245860.15535096225,-137419.6106964448,0.2976403785270643
509,w159872680,74.82275880910456,trade,6347.627257792996,7052.919175325551,7934.534072241245,nr1,-31908.508055352188,-87696.73831731624,-55788.230261964054,0.2976403785270643
510,w159872682,128.20031198486686,mfh,17098.113549140475,18997.903943489415,21372.641936425593,r1,-91973.98163487518,-163611.01777610456,-71637.03614122939,0.2976522547946287
511,w159872688,74.73616111706941,trade,5317.786693607912,5908.651881786568,6647.23336700989,nr1,-26731.66407830784,-73025.9461201945,-46294.282041886654,0.2976403785270643
512,w159872690,271.2794532585889,mfh,37662.36732773164,41847.07480859071,47077.95915966455,r1,-202592.98611926968,-311424.88655046467,-108831.90043119498,0.2976522547946287
513,w159872699,406.91918786983007,mfh,43877.34349126553,48752.60387918392,54846.67936408191,r1,-236024.51655584163,-328558.7847389063,-92534.26818306468,0.2976522547946287
514,w159872700,406.7131608505966,mfh,40678.93594210743,45198.8177134527,50848.66992763429,r1,-218819.6783529803,-311328.9627631267,-92509.28441014641,0.2976522547946287
515,w159872708,435.5580747295171,mfh,46872.894326570284,52080.9936961892,58591.11790821285,r1,-252138.15018687485,-388620.63627336523,-136482.4860864904,0.2976522547946287
516,w159872710,142.59727319749075,mfh,15785.244708098155,17539.160786775727,19731.555885122692,r1,-84911.81221320256,-140815.41607092257,-55903.60385772001,0.2976522547946287
517,w159872717,364.7500545413,mfh,42624.77941045999,47360.86601162221,53280.97426307498,r1,-229286.73782759684,-331580.95541054383,-102294.21758294699,0.2976522547946287
518,w159872718,186.0198295045644,mfh,25865.705318047403,28739.672575608223,32332.131647559254,r1,-139136.51345558977,-229812.60675311997,-90676.0932975302,0.2976522547946287
519,w159872719,169.79583046399057,mfh,20853.61252597942,23170.680584421578,26067.015657474276,r1,-112175.51982988509,-201930.11759204007,-89754.59776215498,0.2976522547946287
520,w159872726,172.48843573874328,mfh,18695.70090016346,20773.001000181623,23369.626125204326,r1,-100567.70568874798,-165255.6106361966,-64687.90494744861,0.2976522547946287
521,w159872727,172.59632431017235,mfh,21043.444879268325,23381.60542140925,26304.306099085406,r1,-113196.66390668163,-104954.20437946808,8242.459527213548,0.2976522547946287
522,w159872732,140.4957689295523,mfh,18976.199229647278,21084.665810719198,23720.249037059097,r1,-102076.55917310531,-176250.32869616675,-74173.76952306143,0.2976522547946287
523,w159872736,118.37831126665697,mfh,14679.616639748732,16310.68515527637,18349.520799685914,r1,-78964.43004375357,-132212.31895223822,-53247.888908484645,0.2976522547946287
524,w159872737,187.97203346798193,mfh,24944.26660849226,27715.85178721362,31180.333260615324,r1,-134179.92062991235,-221460.19337680948,-87280.27274689713,0.2976522547946287
525,w159872743,753.6066189933568,other,31827.00488865078,35363.33876516753,39783.75611081347,nr1,-159989.26852871693,-371226.9787238017,-211237.71019508474,0.2976403785270643
526,w159872746,394.377677144669,mfh,44537.18740147157,49485.76377941285,55671.484251839465,r1,-239573.9415555502,-222129.2709363299,17444.6706192203,0.2976522547946287
527,w159872748,575.8923149108887,trade,55207.313642999135,61341.45960333237,69009.14205374892,nr2,-255472.49528426852,-236881.40249116308,18591.092793105432,0.2739960493917368
528,w159872750,127.08080641776323,mfh,17865.116812482014,19850.129791646683,22331.396015602517,r1,-96099.83703136192,-246615.80509547045,-150515.9680641085,0.2976522547946287
529,w159872753,434.5401292324066,other,25725.96143987,28584.401599855555,32157.451799837498,nr1,-129320.29788421796,-294397.3481046686,-165077.05022045065,0.2976403785270643
530,w159872756,252.43327465518377,mfh,33635.93448393886,37373.260537709844,42044.91810492357,r1,-180934.04349003025,-285042.95011841867,-104108.90662838842,0.2976522547946287
531,w159872759,386.07803563163617,mfh,40885.04737063046,45427.83041181162,51106.30921328808,r1,-219928.39064964582,-333622.9955267509,-113694.6048771051,0.2976522547946287
532,w159872763,1345.7076428122818,trade,70170.62199602295,77967.35777335883,87713.27749502868,nr2,-324715.3812427251,-626221.4994744456,-301506.11823172047,0.2739960493917368
533,w159872767,486.0339612279087,mfh,45082.85482234876,50092.060913720845,56353.568527935946,r1,-242509.18965776154,-336943.29287900694,-94434.1032212454,0.2976522547946287
534,w159872769,563.4171857964247,other,35443.64525157622,39381.82805730691,44304.55656447027,nr1,-178169.5417972898,-388695.46273805824,-210525.92094076844,0.2976403785270643
535,w159872774,2747.8572637828997,other,119011.47723873041,132234.97470970044,148764.346548413,nr2,-550727.0151606255,-1150961.6019757804,-600234.586815155,0.2739960493917368
536,w159872776,80.53474041707815,sfh,12444.034937831644,13826.705486479605,15555.043672289554,r1,-66938.81389584107,-126344.06936292422,-59405.255467083145,0.2976522547946287
537,w159872779,530.1892838459462,trade,41088.84380523203,45654.270894702255,51361.054756540034,nr1,-206547.05298499277,-419357.38780885335,-212810.33482386058,0.2976403785270643
538,w159872782,386.9254036822822,mfh,34779.397511211064,38643.77501245674,43474.246889013826,r1,-187084.94704838094,-261647.364721722,-74562.41767334106,0.2976522547946287
539,w159872787,649.6997715241275,sfh,73844.5187104147,82049.46523379411,92305.64838801838,r2,-365653.8743614082,-528189.7675601003,-162535.89319869212,0.2739960493917368
540,w159872789,103.62989482581615,mfh,13622.502345110554,15136.113716789503,17028.12793138819,r1,-73278.0126245697,-127116.58535308848,-53838.572728518775,0.2976522547946287
541,w159872791,7102.280937734339,other,341045.9633446604,378939.9592718449,426307.4541808255,nr2,-1578194.2194417263,-2823773.8524871003,-1245579.633045374,0.2739960493917368
542,w159872796,295.65545302389654,other,14692.2812732514,16324.756970279332,18365.35159156425,nr1,-73855.75055363953,-177003.0768040082,-103147.32625036866,0.2976403785270643
543,w159872797,3172.659030787088,other,124134.27925297005,137926.9769477445,155167.84906621257,nr2,-574432.8419264064,-1250276.4964494128,-675843.6545230064,0.2739960493917368
544,w159872802,393.79842739673325,mfh,39710.81716874246,44123.130187491624,49638.521460928074,r1,-213611.98464888026,-302708.5057327601,-89096.52108387987,0.2976522547946287
545,w159872803,469.9664310747758,mfh,46940.21759095484,52155.79732328315,58675.271988693545,r1,-252500.29473950685,-234114.38663787226,18385.908101634588,0.2976522547946287
546,w159872804,664.4021281981841,mfh,71285.2107419375,79205.78971326388,89106.51342742186,r2,-352981.0194129239,-327278.56789205485,25702.451520869043,0.2739960493917368
547,w159872808,295.65545226749964,other,15824.74835213696,17583.053724596622,19780.935440171197,nr1,-79548.48162329673,-181464.11708526866,-101915.63546197194,0.2976403785270643
548,w159872809,678.8678823016584,other,34505.649287262946,38339.61031918105,43132.06160907868,nr1,-173454.38594965666,-385682.65184784983,-212228.26589819317,0.2976403785270643
549,w159872812,337.05531151816245,mfh,38041.70913462511,42268.56570513901,47552.136418281385,r1,-204633.53733448335,-309845.58976586495,-105212.0524313816,0.2976522547946287
550,w159872814,765.4437305399682,mfh,79399.36095195425,88221.51216883806,99249.2011899428,r2,-393159.6340651257,-571475.0925553542,-178315.4584902285,0.2739960493917368
551,w159872815,1229.117813373683,mfh,149792.9605537908,166436.62283754532,187241.2006922385,r2,-741725.6870933378,-1145081.2029643664,-403355.51587102865,0.2739960493917368
552,w159872820,336.8380303993821,mfh,38637.43829336847,42930.48699263163,48296.797866710585,r1,-207838.07697847096,-331274.34922169393,-123436.27224322298,0.2976522547946287
553,w159872826,1791.1392054180615,th,178358.86709907744,198176.51899897493,222948.5838738468,r2,-883174.701662605,-1288293.4470335844,-405118.7453709793,0.2739960493917368
554,w159872827,157.03123329076917,th,22144.882072210334,24605.424524678147,27681.102590262915,r1,-119121.50256589787,-202590.77847818506,-83469.2759122872,0.2976522547946287
555,w159872832,35.670331929810345,sfh,3676.201183569743,4084.667981744159,4595.251479462178,r0,-24265.368950426127,-56364.74384669654,-32099.374896270412,0.3652414130886055
556,w159872833,162.84196072258055,mfh,21239.15922568886,23599.065806320956,26548.949032111075,r1,-114249.44833530464,-187131.2135605045,-72881.76522519985,0.2976522547946287
557,w159872834,33.79703346360475,sfh,4555.214293213258,5061.349214681398,5694.017866516572,r0,-30067.439172559447,-67517.35243741103,-37449.91326485158,0.3652414130886055
558,w159872835,42.916394099872555,th,6704.477568681241,7449.419520756934,8380.59696085155,r1,-36064.65093363002,-66640.59149937626,-30575.940565746234,0.2976522547946287
559,w159872839,58.88304680213332,other,5318.843004436388,5909.8255604848755,6648.553755545484,nr1,-26736.973984074288,-77798.97649792615,-51062.00251385187,0.2976403785270643
560,w159872840,318.65718863122163,other,26659.24765591642,29621.386284351578,33324.05956989552,nr1,-134011.77857979687,-283745.9766803421,-149734.19810054524,0.2976403785270643
561,w159872842,48.8293092939537,other,2375.76436505535,2639.7381833948334,2969.7054563191873,nr0,-14643.621779051298,-34604.413426040905,-19960.791646989608,0.3649571744182322
562,w159872843,143.51003436879253,mfh,19080.71500207315,21200.794446747943,23850.893752591437,r1,-102638.76925002546,-185913.1330232598,-83274.36377323435,0.2976522547946287
563,w159872845,162.83680398128925,mfh,21498.13375395689,23886.81528217432,26872.667192446108,r1,-115642.52122830936,-200810.60505985847,-85168.08383154911,0.2976522547946287
564,w159872848,156.42925329236314,mfh,21291.72814453538,23657.47571615042,26614.660180669223,r1,-114532.22647703701,-106192.51743687592,8339.709040161091,0.2976522547946287
565,w159872851,167.48750086340587,mfh,20694.65294755158,22994.058830612867,25868.316184439474,r1,-111320.44623916464,-190244.2047874386,-78923.75854827395,0.2976522547946287
566,w159872853,143.46053532976657,th,18641.830787650975,20713.145319612195,23302.288484563716,r1,-100277.92818056546,-92976.15146758278,7301.7767129826825,0.2976522547946287
567,w159872855,768.5454076524824,other,30902.518900127714,34336.13211125301,38628.14862515964,nr1,-155342.02517087286,-342323.0499331998,-186981.02476232697,0.2976403785270643
568,w159872857,315.41669200100006,mfh,33248.68266430212,36942.98073811347,41560.85333037765,r1,-178850.94282252225,-278673.28645590786,-99822.34363338561,0.2976522547946287
569,w159872858,136.24142913175746,other,12600.205042488164,14000.227824986849,15750.256303110204,nr1,-63339.21759563317,-164296.07236614006,-100956.85477050688,0.2976403785270643
570,w159872860,131.01957194106652,other,10778.366395040914,11975.96266115657,13472.957993801141,nr1,-54181.12579270736,-123467.59004101178,-69286.46424830442,0.2976403785270643
571,w159872862,156.42902136784977,mfh,20547.76308719318,22830.847874659088,25684.703858991474,r1,-110530.29794121794,-166560.40227753614,-56030.104336318196,0.2976522547946287
572,w159872865,158.90607472276315,mfh,21250.92912058293,23612.143467314363,26563.66140072866,r1,-114312.76082259866,-105989.03226023515,8323.72856236351,0.2976522547946287
573,w159872867,192.56274920739233,mfh,23626.608294376343,26251.78699375149,29533.260367970426,r1,-127091.98772811977,-199550.81444186563,-72458.82671374586,0.2976522547946287
574,w159872868,54.98272090442479,other,4338.732794656411,4820.814216284901,5423.415993320514,nr0,-26742.871885711822,-61776.133308554236,-35033.26142284241,0.3649571744182322
575,w159872870,315.09365436807275,mfh,33572.70898486998,37303.00998318887,41965.886231087476,r1,-180593.94159086433,-279304.5371699809,-98710.59557911655,0.2976522547946287
576,w159872874,56.548262861557305,th,6258.9085433516675,6954.342825946297,7823.635679189584,r1,-33667.851003921314,-87880.6233721239,-54212.77236820258,0.2976522547946287
577,w159872876,86.08918008172186,other,7937.8236826816055,8819.804091868451,9922.279603352006,nr1,-39902.17141528812,-100908.40848379285,-61006.237068504735,0.2976403785270643
578,w159872878,413.8979488207959,mfh,49390.03592714167,54877.81769682407,61737.544908927084,r1,-265678.33020018233,-412562.5736468733,-146884.24344669096,0.2976522547946287
579,w159872879,205.3686287334189,mfh,25436.2263636754,28262.47373741711,31795.282954594248,r1,-136826.26505605437,-226472.1016192564,-89645.83656320203,0.2976522547946287
580,w159872883,329.8948070596903,th,38258.33027645758,42509.25586273064,47822.91284557197,r1,-205798.78336372308,-357227.9059295634,-151429.1225658403,0.2976522547946287
581,w159872884,900.053558271192,other,37831.76819712391,42035.297996804344,47289.71024640488,nr1,-190174.25429070648,-461889.63369698304,-271715.37940627657,0.2976403785270643
582,w159872887,1008.3728146322071,other,88407.21114906944,98230.23461007715,110509.01393633679,nr2,-409105.4127253314,-778581.6890294555,-369476.27630412416,0.2739960493917368
583,w159872892,458.9937253634445,other,39649.09661200691,44054.55179111879,49561.370765008636,nr1,-199309.67387513822,-423908.07703295915,-224598.40315782093,0.2976403785270643
584,w159872895,353.7920229201671,th,49227.57275316536,54697.30305907262,61534.4659414567,r1,-264804.41010737815,-396685.3189040947,-131880.90879671654,0.2976522547946287
585,w159872899,2008.66189844124,other,87830.35072413228,97589.2785823692,109787.93840516535,nr2,-406435.98430245195,-837272.3979924461,-430836.41368999414,0.2739960493917368
587,w160025355,131.5437356668757,ab,15822.357973565722,17580.397748406358,19777.94746695715,r1,-85111.45147672214,-174930.04150929887,-89818.59003257673,0.2976522547946287
588,w160025360,102.43726858533918,mfh,14598.10513130861,16220.116812565122,18247.63141413576,r1,-78525.96424700026,-136612.82756767437,-58086.86332067411,0.2976522547946287
589,w160025362,106.2412323884666,mfh,12893.32495058692,14325.916611763245,16116.65618823365,r1,-69355.62971959398,-142725.11193881783,-73369.48221922385,0.2976522547946287
590,w160025367,104.2175793532282,mfh,14296.527182761089,15885.030203067876,17870.65897845136,r1,-76903.71951096693,-131373.2710013627,-54469.55149039578,0.2976522547946287
591,w160025369,103.97346241511406,mfh,13712.751918131698,15236.391020146331,17140.939897664623,r1,-73763.48212082412,-127975.77659440578,-54212.294473581656,0.2976522547946287
592,w160025373,103.9182820610702,mfh,12692.477684318626,14102.75298257625,15865.597105398283,r1,-68275.23434579534,-115930.80195128408,-47655.567605488744,0.2976522547946287
593,w160025375,104.46434533819556,mfh,15200.83881015165,16889.8209001685,19001.048512689562,r1,-81768.18252735652,-75814.200211666,5953.982315690519,0.2976522547946287
594,w160025376,101.26918978765606,other,6767.594541506047,7519.5494905622745,8459.493176882557,nr1,-34019.61649179833,-82896.09646446699,-48876.479972668654,0.2976403785270643
595,w160025380,128.15635424628857,th,16535.50385671767,18372.782063019633,20669.379820897087,r1,-88947.59785459559,-163220.841657306,-74273.24380271042,0.2976522547946287
596,w160025381,64.08582323277369,th,8805.145795153388,9783.495327948209,11006.432243941736,r1,-47364.54201969827,-111985.39130020111,-64620.84928050284,0.2976522547946287
597,w160025384,125.48521707579494,mfh,13228.087159594033,14697.874621771149,16535.10894949254,r1,-71156.37885924503,-125901.51941764625,-54745.140558401225,0.2976522547946287
598,w160025385,125.6767025694251,mfh,12483.801305090501,13870.890338989446,15604.751631363126,r1,-67152.72469491491,-114233.2120846075,-47080.487389692586,0.2976522547946287
599,w160025388,125.67682776004075,mfh,12887.497210468891,14319.441344965435,16109.371513086113,r1,-69324.28120497287,-112612.28082130957,-43287.9996163367,0.2976522547946287
600,w160025389,125.54291224256157,mfh,15947.091501286146,17718.990556984605,19933.864376607682,r1,-85782.41667734733,-149778.10148070514,-63995.68480335781,0.2976522547946287
601,w160025392,101.23846836648882,other,7707.166695034264,8563.51855003807,9633.95836879283,nr1,-38742.69559078493,-96334.65789660564,-57591.96230582071,0.2976403785270643
602,w160025393,241.441205301648,mfh,29760.98461218925,33067.76068021028,37201.23076523656,r1,-160089.9563738655,-266268.94502446736,-106178.98865060185,0.2976522547946287
603,w160025394,520.9474028991534,mfh,62962.95736238052,69958.84151375612,78703.69670297565,r2,-311771.94601391,-289070.14935266966,22701.79666124034,0.2739960493917368
604,w160025395,347.3527018059045,mfh,41270.74084393225,45856.37871548028,51588.42605491531,r1,-222003.10867793573,-414495.4815061015,-192492.37282816577,0.2976522547946287
605,w160025396,362.18757194392384,mfh,37666.70161233902,41851.89068037669,47083.37701542377,r1,-202616.30105467082,-316828.43146096816,-114212.13040629734,0.2976522547946287
606,w160025398,216.67090053744613,mfh,25759.482837806354,28621.647597562616,32199.353547257942,r1,-138565.12267503247,-234888.7872738937,-96323.66459886121,0.2976522547946287
607,w160025399,277.5212213275954,mfh,34672.16062353594,38524.62291503994,43340.20077941992,r1,-186508.09957867226,-172927.43907844735,13580.660500224913,0.2976522547946287
608,w160025402,733.1297983160242,mfh,73752.53405858297,81947.26006509218,92190.66757322871,r2,-365198.3964882846,-563056.5748134388,-197858.17832515424,0.2739960493917368
609,w160025403,118.93753181435167,th,13366.26539456982,14851.405993966466,16707.831743212275,r1,-71899.66567913171,-124612.35980933349,-52712.69413020178,0.2976522547946287
610,w160025405,118.80893169231713,mfh,11413.826109522666,12682.02901058074,14267.282636903332,r1,-61397.12606094309,-94927.7554272931,-33530.62936635001,0.2976522547946287
611,w160025406,118.8714888818562,mfh,12694.703117102687,14105.225685669651,15868.378896378357,r1,-68287.20536899757,-100391.47860772918,-32104.273238731606,0.2976522547946287
612,w160025409,118.87152101863175,mfh,13545.552141340295,15050.613490378106,16931.94017667537,r1,-72864.0829470047,-124585.9548824782,-51721.87193547349,0.2976522547946287
613,w160025412,678.325670054555,mfh,83112.16289052342,92346.84765613714,103890.20361315427,r2,-411544.2134121491,-381577.45992633066,29966.75348581845,0.2739960493917368
614,w160025415,1309.668819526094,mfh,134843.0872649352,149825.65251659465,168553.85908116898,r2,-667698.8102885844,-987668.7642271955,-319969.9539386111,0.2739960493917368
615,w160025422,678.3786613484378,mfh,78555.95700031816,87284.39666702018,98194.9462503977,r2,-388983.3738910045,-572877.7098348711,-183894.33594386664,0.2739960493917368
616,w160025427,555.729584345687,mfh,68356.5049155554,75951.67212839489,85445.63114444424,r2,-338479.0272409523,-313832.5439740592,24646.483266893076,0.2739960493917368
617,w160025428,926.2977557130158,mfh,100962.61735123128,112180.68594581253,126203.2716890391,r2,-499933.8183097858,-752445.0996144145,-252511.2813046287,0.2739960493917368
618,w160025434,188.0208901744336,mfh,25126.424219116037,27918.249132351153,31408.030273895045,r1,-135159.78081659396,-218954.46836369694,-83794.68754710298,0.2976522547946287
619,w160025437,385.6369404070079,mfh,43222.04791881172,48024.497687568575,54027.55989851464,r1,-232499.55792382278,-354877.98286171304,-122378.42493789026,0.2976522547946287
620,w160025438,514.208815998584,mfh,66439.19135967275,73821.32373296973,83048.98919959094,r2,-328985.1183860049,-305029.93782001536,23955.180565989518,0.2739960493917368
621,w160025439,231.99735509790483,mfh,23422.747428464972,26025.274920516636,29278.434285581214,r1,-125995.38163274471,-216267.19741120323,-90271.81577845852,0.2976522547946287
622,w160025441,239.19352681115268,mfh,29974.211052689745,33304.67894743305,37467.76381586218,r1,-161236.9416635759,-149496.41044925214,11740.531214323768,0.2976522547946287
623,w160025442,258.45977183450015,mfh,26407.168715404667,29341.29857267185,33008.96089425583,r1,-142049.14732138824,-221014.06102135297,-78964.91369996473,0.2976522547946287
624,w160025445,358.2598954875022,mfh,37036.861616907394,41152.06846323044,46296.07702113424,r1,-199228.27277855438,-314372.5230717488,-115144.2502931944,0.2976522547946287
625,w160025446,282.03160609211767,mfh,32653.249972380814,36281.3888582009,40816.56246547602,r1,-175647.99792955612,-162858.1199949557,12789.87793460043,0.2976522547946287
626,w160025449,151.84076374266294,mfh,15398.815708212785,17109.79523134754,19248.51963526598,r1,-82833.13764852074,-146766.6981681868,-63933.56051966605,0.2976522547946287
627,w160025451,187.46145662125198,mfh,22242.272514884975,24713.63612764997,27802.840643606218,r1,-119645.38414851957,-197517.1754012733,-77871.79125275373,0.2976522547946287
628,w160025452,105.00601281486452,mfh,13097.326417448377,14552.584908275974,16371.658021810472,r1,-70452.99213403098,-123623.16251550482,-53170.17038147384,0.2976522547946287
629,w160025453,104.94913844838739,mfh,14710.976976171565,16345.52997352396,18388.721220214455,r1,-79133.12321554283,-137472.9726012824,-58339.84938573958,0.2976522547946287
630,w160025454,86.96602670811116,mfh,9958.714429546208,11065.238255051341,12448.393036932759,r1,-53569.80554712095,-120381.96062313931,-66812.15507601836,0.2976522547946287
631,w160025455,103.15431486908346,mfh,14454.34817374303,16060.386859714477,18067.935217178787,r1,-77752.66842480194,-135420.09379312283,-57667.42536832088,0.2976522547946287
632,w160025456,162.83409464433788,mfh,15439.821255317227,17155.356950352474,19299.776569146532,r1,-83053.71422999405,-125058.21421825944,-42004.499988265394,0.2976522547946287
633,w160025457,103.20248084068298,mfh,13888.002639595677,15431.114043995196,17360.003299494594,r1,-74706.18884639953,-127753.4556279229,-53047.26678152337,0.2976522547946287
634,w160025458,101.69107806179672,mfh,14620.583473797502,16245.09274866389,18275.729342246876,r1,-78646.87949611903,-213882.34134901877,-135235.46185289975,0.2976522547946287
635,w160025459,108.44199563004076,mfh,13875.057936342178,15416.731040380198,17343.82242042772,r1,-74636.55684308617,-133252.6336602589,-58616.076817172725,0.2976522547946287
636,w160025462,124.9876569705084,mfh,15710.045915399749,17455.606572666387,19637.557394249685,r1,-84507.30370653427,-149503.20185518332,-64995.89814864905,0.2976522547946287
637,w160025465,103.21026510931551,mfh,13114.320013160435,14571.466681289372,16392.90001645054,r1,-70544.40389448279,-114261.31379903504,-43716.909904552245,0.2976522547946287
638,w160025467,105.14285953305661,mfh,14341.115732538854,15934.573036154281,17926.394665673568,r1,-77143.56974044397,-131047.2945709952,-53903.72483055123,0.2976522547946287
639,w160025469,108.37528205253183,mfh,12119.687617749969,13466.319575277743,15149.60952218746,r1,-65194.08841049578,-117666.4388007108,-52472.350390215026,0.2976522547946287
640,w160025471,48.55004379618913,sfh,6829.869385996844,7588.743762218715,8537.336732496055,r1,-36739.157198300876,-73640.55106839079,-36901.393870089916,0.2976522547946287
641,w160025472,101.69099241122603,mfh,13375.50809475645,14861.6756608405,16719.38511844556,r1,-71949.38390885213,-66710.3612697613,5239.022639090836,0.2976522547946287
642,w160025474,105.6897082787007,mfh,13340.076698786537,14822.307443096151,16675.09587348317,r1,-71758.79173896926,-133730.37856799178,-61971.58682902252,0.2976522547946287
643,w160025476,96.35599186792969,mfh,11760.455718228655,13067.17302025406,14700.569647785818,r1,-63261.712184646254,-58655.28577322796,4606.426411418295,0.2976522547946287
644,w160025477,108.4367577029392,mfh,13789.217767408181,15321.35307489798,17236.522209260227,r1,-74174.80636410031,-121873.90741965738,-47699.10105555707,0.2976522547946287
645,w160025481,105.0061043202877,mfh,13105.966754568803,14562.185282854225,16382.458443211002,r1,-70499.47013906644,-111903.4568761767,-41403.98673711026,0.2976522547946287
646,w160025482,103.2132654029876,mfh,14060.161845670413,15622.402050744902,17575.202307088013,r1,-75632.26572688608,-133231.50089038594,-57599.23516349986,0.2976522547946287
647,w160025484,128.51466068420558,mfh,13247.347808026228,14719.275342251365,16559.184760032786,r1,-71259.98552439478,-107148.6568136935,-35888.67128929871,0.2976522547946287
648,w160025486,101.26240085978061,mfh,13302.68360909849,14780.75956566499,16628.354511373112,r1,-71557.64724812495,-119416.18185162221,-47858.53460349726,0.2976522547946287
649,w160025487,105.13472320698202,mfh,14158.708934601254,15731.898816223616,17698.386168251567,r1,-76162.3691281441,-132846.9359005887,-56684.566772444596,0.2976522547946287
650,w160025490,87.12732640933245,mfh,12040.780464448602,13378.644960498446,15050.975580560753,r1,-64769.63193184729,-190663.7502563259,-125894.11832447862,0.2976522547946287
651,w160025492,101.576605540514,mfh,13964.916070301266,15516.57341144585,17456.145087876583,r1,-75119.92071470537,-129040.68472352925,-53920.764008823884,0.2976522547946287
652,w160025494,105.68961535468698,mfh,14285.138779463909,15872.376421626564,17856.423474329884,r1,-76842.45913901449,-132623.6792801086,-55781.220141094105,0.2976522547946287
653,w160025496,100.3227494932711,mfh,13748.271791453237,15275.857546059151,17185.339739316543,r1,-73954.55022708971,-129863.83922832384,-55909.28900123412,0.2976522547946287
654,w160025498,53.38166442215442,th,6600.947610690868,7334.386234100964,8251.184513363583,r1,-35507.743738722274,-86740.83487243384,-51233.09113371157,0.2976522547946287
655,w160025500,108.55102695096282,mfh,13356.061664075802,14840.06851563978,16695.07708009475,r1,-71844.7778859043,-116271.94340684442,-44427.16552094012,0.2976522547946287
656,w160025504,103.15687311664223,mfh,13210.204122827778,14678.004580919753,16512.75515353472,r1,-71060.18262739824,-114255.78044874879,-43195.597821350544,0.2976522547946287
657,w160025505,103.09466042611747,mfh,11999.591279695112,13332.879199661236,14999.48909961889,r1,-64548.067528781125,-115050.41171376438,-50502.34418498325,0.2976522547946287
658,w160025507,85.83866344131528,mfh,11973.740029139291,13304.155587932546,14967.175036424114,r1,-64409.008770221226,-120049.79235406168,-55640.78358384045,0.2976522547946287
659,w160025509,108.27769679883495,mfh,14945.057217444468,16605.61913049385,18681.321521805585,r1,-80392.28503769617,-144341.47848420302,-63949.19344650685,0.2976522547946287
660,w160025513,105.03020258601755,mfh,11679.227174263047,12976.919082514496,14599.03396782881,r1,-62824.768507237124,-104320.97698375362,-41496.20847651649,0.2976522547946287
661,w160025515,104.96566433478147,mfh,13255.429579015141,14728.255087794601,16569.286973768925,r1,-71303.45889672765,-112513.35944698742,-41209.90055025977,0.2976522547946287
662,w160025517,132.51887063886969,mfh,14316.368058185923,15907.07562020658,17895.460072732403,r1,-77010.44732668174,-120853.20682749992,-43842.75950081818,0.2976522547946287
663,w160032048,197.876624872908,mfh,22760.163304132715,25289.070337925237,28450.204130165894,r1,-122431.21650378182,-200593.21422236922,-78161.9977185874,0.2976522547946287
664,w160032049,177.6117346536368,mfh,20420.46582699145,22689.406474434945,25525.582283739313,r1,-109845.5419394336,-239218.54871662374,-129373.00677719014,0.2976522547946287
665,w160032050,605.1206229591743,mfh,68794.57954872533,76438.42172080593,85993.22443590667,r2,-340648.2293655705,-520000.879494237,-179352.6501286665,0.2739960493917368
666,w160032051,604.9254235289991,mfh,66484.26842234895,73871.4093581655,83105.33552793619,r2,-329208.32523873035,-488749.9711794113,-159541.64594068093,0.2739960493917368
667,w160032052,558.9287057133391,mfh,63671.536875409336,70746.15208378815,79589.42109426166,r2,-315280.59971978853,-502076.412731297,-186795.8130115085,0.2739960493917368
668,w160032053,914.9869650162756,mfh,118384.96876544278,131538.85418382531,147981.21095680346,r2,-586203.5971145588,-543518.9520272532,42684.64508730557,0.2739960493917368
669,w160032054,558.7663555394857,mfh,60610.35153484233,67344.8350387137,75762.93941855291,r2,-300122.61237740767,-460856.53191403,-160733.91953662236,0.2739960493917368
670,w160032055,915.1860893286764,mfh,117551.19343225891,130612.43714695434,146938.99179032363,r2,-582075.0147058733,-539690.9939676777,42384.02073819563,0.2739960493917368
671,w160032056,579.5610938113182,mfh,57693.31188162339,64103.67986847043,72116.63985202923,r2,-285678.3872745506,-402781.44654471055,-117103.05927015992,0.2739960493917368
672,w160032057,300.306428108085,mfh,37313.43611538925,41459.37346154361,46641.79514423657,r1,-200716.01923496526,-186100.80348645628,14615.215748508985,0.2976522547946287
673,w160032058,579.3688813976943,mfh,57693.4417204568,64103.82413384089,72116.80215057099,r2,-285679.0301939347,-430049.5229071368,-144370.49271320214,0.2739960493917368
674,w160032059,915.3225905947387,mfh,92194.63134061452,102438.47926734947,115243.28917576815,r2,-456517.6228884122,-423276.11293349427,33241.50995491794,0.2739960493917368
675,w160032060,914.9022733874618,mfh,89683.02969465003,99647.81077183336,112103.78711831254,r2,-444080.9940263451,-625622.8904149899,-181541.89638864482,0.2739960493917368
676,w160032061,434.5004198986106,mfh,54507.02112981529,60563.35681090588,68133.77641226912,r2,-269900.91890469816,-250247.97752239997,19652.941382298188,0.2739960493917368
677,w160032062,579.3681231357157,mfh,63760.568600850966,70845.07622316774,79700.7107510637,r2,-315721.4556684402,-292732.0739109939,22989.381757446332,0.2739960493917368
678,w160032063,157.0142166607082,mfh,21768.76703500984,24187.51892778871,27210.9587937623,r1,-117098.30875421462,-190468.7085537924,-73370.39979957779,0.2976522547946287
679,w160032064,245.02896427586674,mfh,31648.601750868154,35165.11305652017,39560.75218858519,r1,-170243.8054255497,-259317.21206279253,-89073.40663724282,0.2976522547946287
680,w160032065,177.6155174203217,mfh,23633.30432957042,26259.22703285602,29541.630411963022,r1,-127128.0069659261,-211180.48527672695,-84052.47831080084,0.2976522547946287
681,w160032066,915.0334876678884,mfh,90981.15204470573,101090.16893856191,113726.44005588215,r2,-450508.8708001705,-641501.0185787713,-190992.14777860075,0.2739960493917368
682,w160032067,686.1767572972923,mfh,82068.33429355826,91187.03810395363,102585.41786694783,r2,-406375.51602857845,-621400.1522300786,-215024.63620150014,0.2739960493917368
683,w160032068,579.4084268193692,mfh,55797.50842459628,61997.23158288475,69746.88553074535,r2,-276290.98938509903,-394802.9018878944,-118511.91250279534,0.2739960493917368
684,w160032069,582.2339869499207,mfh,56337.525071553566,62597.25007950396,70421.90633944195,r2,-278964.9749784501,-392090.02267208986,-113125.04769363976,0.2739960493917368
685,w160032070,655.6557445708662,mfh,64738.30461673968,71931.4495741552,80922.8807709246,r2,-320562.8842342408,-463219.6494121984,-142656.7651779576,0.2739960493917368
686,w160032071,187.63290931591763,mfh,21296.262178485253,23662.513531650282,26620.327723106566,r1,-114556.61590187266,-186589.960665433,-72033.34476356034,0.2976522547946287
687,w160032072,300.05888833065984,mfh,31840.051021962732,35377.83446884748,39800.06377745341,r1,-171273.6472085661,-250822.5539303525,-79548.90672178639,0.2976522547946287
688,w160032074,652.9879129000007,mfh,66119.07190804384,73465.63545338204,82648.8398850548,r2,-327399.99169291084,-485661.8873825775,-158261.89568966668,0.2739960493917368
689,w160032075,187.48918503960593,mfh,19824.58853199762,22027.320591108466,24780.73566499702,r1,-106640.20544258034,-185870.08799905513,-79229.8825564748,0.2976522547946287
690,w160032079,410.4375718038529,mfh,56450.435111772305,62722.70567974701,70563.04388971538,r2,-279524.06852230796,-259170.41372222878,20353.65480007918,0.2739960493917368
691,w160032080,367.35827468354256,mfh,37513.62238413698,41681.802649041085,46892.027980171224,r1,-201792.8589782762,-311320.4151356325,-109527.5561573563,0.2976522547946287
692,w160032082,146.62608959153295,mfh,18641.24062010344,20712.48957789271,23301.550775129297,r1,-100274.75355787843,-173642.87284852916,-73368.11929065073,0.2976522547946287
693,w160032083,292.00384606306903,mfh,30643.0030164966,34047.781129440664,38303.75377062075,r1,-164834.4999333779,-246211.8816998192,-81377.3817664413,0.2976522547946287
694,w160032087,547.5336022242903,mfh,60767.66004008141,67519.62226675713,75959.57505010176,r2,-300901.5525806236,-278991.28788531304,21910.264695310558,0.2739960493917368
695,w160032089,324.3052944285795,mfh,36712.527765060455,40791.69751673384,45890.65970632557,r1,-197483.61974138705,-325403.933545829,-127920.31380444192,0.2976522547946287
696,w160032093,651.9691053661052,mfh,70334.93715781553,78149.93017535059,87918.6714472694,r2,-348275.5758159506,-514184.82813867653,-165909.25232272595,0.2739960493917368
697,w160032096,417.5862662355881,mfh,47555.89860683755,52839.88734093061,59444.87325854694,r1,-255812.15919080976,-398216.357377019,-142404.19818620925,0.2976522547946287
698,w160032097,55.47504670508206,th,7948.649698139474,8831.832997932748,9935.812122674342,r1,-42757.28777081885,-101647.71479042116,-58890.427019602306,0.2976522547946287
699,w160032099,154.26596265360712,mfh,19916.581628132146,22129.53514236905,24895.727035165182,r1,-107135.05367891325,-169474.74572815894,-62339.6920492457,0.2976522547946287
700,w160032101,417.4909567882307,mfh,46112.95125263289,51236.61250292543,57641.18906579111,r1,-248050.27288245835,-380835.75043203944,-132785.4775495811,0.2976522547946287
701,w160032104,110.95144802480935,th,12429.560392323068,13810.622658136743,15536.950490403835,r1,-66860.95258213808,-123348.548499034,-56487.59591689592,0.2976522547946287
702,w160032105,152.98637234792113,mfh,20848.956423449432,23165.507137166034,26061.19552931179,r1,-112150.47377510529,-103984.19299309222,8166.280782013069,0.2976522547946287
703,w160032106,115.7174410201609,mfh,13210.000451569256,14677.778279521395,16512.50056446157,r1,-71059.08704123684,-149073.2147096384,-78014.12766840158,0.2976522547946287
704,w160032107,169.80155310891567,th,20257.197734231464,22507.997482479404,25321.49716778933,r1,-108967.29203648903,-101032.79588259841,7934.496153890621,0.2976522547946287
705,w160032108,125.84912734059617,mfh,15892.879065874109,17658.7545176379,19866.098832342635,r1,-85490.79774964292,-147719.70031784626,-62228.90256820334,0.2976522547946287
706,w160032109,117.1162128248019,mfh,12173.84675432335,13526.49639369261,15217.308442904186,r1,-65485.42063368195,-120701.93794675125,-55216.5173130693,0.2976522547946287
707,w160032110,214.96215275530702,mfh,27759.583627761367,30843.98180862374,34699.479534701706,r1,-149324.04252864807,-241726.08020165667,-92402.0376730086,0.2976522547946287
708,w160032111,253.8681676615961,th,29680.37219464188,32978.191327379864,37100.46524330235,r1,-159656.32695681104,-269258.27410094783,-109601.9471441368,0.2976522547946287
709,w160032112,125.84912488418631,th,14784.277193453934,16426.97465939326,18480.346491817418,r1,-79527.41892651615,-135683.6130976626,-56156.194171146446,0.2976522547946287
710,w160032113,105.45346036842092,mfh,13847.210707174945,15385.789674638827,17309.01338396868,r1,-74486.76133864946,-129570.85414296827,-55084.0928043188,0.2976522547946287
711,w160032114,381.28189064939505,mfh,38441.58971886041,42712.87746540045,48051.98714857551,r1,-206784.57051161712,-308494.0755512186,-101709.50503960147,0.2976522547946287
712,w160032115,139.91205219514669,mfh,18194.998750903073,20216.66527878119,22743.748438628838,r1,-97874.33427392706,-162843.2070064087,-64968.87273248163,0.2976522547946287
713,w160032116,192.1807412372902,mfh,25401.90433957016,28224.338155077952,31752.3804244627,r1,-136641.64040692835,-126692.02571055664,9949.614696371704,0.2976522547946287
714,w160032117,302.6253065098543,mfh,38132.472874110405,42369.414304567115,47665.591092638,r1,-205121.77262924504,-190185.7502174834,14936.02241176163,0.2976522547946287
715,w160032118,188.54685349911452,mfh,24193.179771566014,26881.31085729557,30241.474714457516,r1,-130139.68269681453,-217130.85924377426,-86991.17654695973,0.2976522547946287
716,w160032119,301.6826584111899,mfh,37828.96424629396,42032.182495882174,47286.20530786744,r1,-203489.14240482953,-311670.96187291614,-108181.81946808661,0.2976522547946287
717,w160032121,128.1140758719295,mfh,17251.90075647625,19168.778618306944,21564.87594559531,r1,-92801.2320647269,-151377.92364112934,-58576.691576402445,0.2976522547946287
718,w160032123,387.4767547928728,mfh,54442.01474559972,60491.1274951108,68052.51843199965,r2,-269579.02857808,-464599.0531163413,-195020.0245382613,0.2739960493917368
719,w160032125,297.0948597435839,mfh,31398.011390583837,34886.67932287093,39247.51423822979,r1,-168895.83255541843,-261304.254505427,-92408.42195000857,0.2976522547946287
720,w160032126,464.2806208854541,mfh,50568.14004669606,56186.82227410674,63210.17505837008,r2,-250396.8696693108,-389607.51843525516,-139210.64876594435,0.2739960493917368
721,w160032127,228.89082276217522,mfh,26202.43345212795,29113.81494680883,32753.041815159933,r1,-140947.83767746142,-246839.03112675177,-105891.19344929035,0.2976522547946287
722,w160032128,268.14993185095955,mfh,30473.596445371426,33859.55160596825,38091.99555671428,r1,-163923.2299961001,-341960.8472554923,-178037.6172593922,0.2976522547946287
723,w160032129,100.24086796883493,mfh,13847.774666178364,15386.416295753737,17309.718332722954,r1,-74489.79498062842,-128864.64166595235,-54374.84668532394,0.2976522547946287
724,w160032130,150.2635816658847,mfh,14029.486662093666,15588.318513437407,17536.858327617083,r1,-75467.25812164204,-119288.76117737002,-43821.50305572798,0.2976522547946287
725,w160032131,100.12314690686762,mfh,14135.939899488163,15706.599888320181,17669.924874360204,r1,-76039.89018850456,-131773.6288814944,-55733.738692989835,0.2976522547946287
726,w160032132,257.78643680289383,mfh,32040.0698986087,35600.07766512078,40050.087373260874,r1,-172349.58651815087,-281785.86685075035,-109436.28033259948,0.2976522547946287
727,w160032133,136.6476590367034,mfh,17304.298376071107,19226.998195634562,21630.372970088883,r1,-93083.08875543594,-151142.85517621384,-58059.7664207779,0.2976522547946287
728,w160032134,132.71697852164507,th,15243.003074861019,16936.67008317891,19053.753843576273,r1,-81994.99206964212,-147940.99214700004,-65946.00007735792,0.2976522547946287
729,w160032135,165.9338162511587,mfh,22655.11538553312,25172.350428370133,28318.8942319164,r1,-121866.14391210125,-202614.81338492548,-80748.66947282423,0.2976522547946287
730,w160032136,153.4784858365543,mfh,20651.507489251788,22946.119432501986,25814.384361564735,r1,-111088.35867126491,-201223.45558854018,-90135.09691727527,0.2976522547946287
731,w160032137,244.7570460377261,mfh,31882.694606522888,35425.21622946987,39853.368258153605,r1,-171503.0351028451,-266079.43443719856,-94576.39933435345,0.2976522547946287
732,w160032138,345.56507694348693,mfh,33660.554635708184,37400.61626189798,42075.693294635224,r1,-181066.47993573354,-272997.2790025507,-91930.79906681716,0.2976522547946287
733,w160032139,170.051029805094,mfh,20953.231302739754,23281.36811415528,26191.53912842469,r1,-112711.38804235842,-181710.18939146554,-68998.80134910712,0.2976522547946287
734,w160032140,210.13578363517297,mfh,25061.983224774885,27846.648027527648,31327.479030968607,r1,-134813.14053882108,-235357.73233127577,-100544.59179245468,0.2976522547946287
735,w160032141,252.5825279586017,mfh,26752.030081941455,29724.477868823837,33440.03760242682,r1,-143904.22173654364,-223797.57922816245,-79893.35749161881,0.2976522547946287
736,w160032142,252.46278136584442,mfh,34459.97295454553,38288.858838383916,43074.96619318191,r1,-185366.70203707903,-171869.1528469965,13497.54919008253,0.2976522547946287
737,w160032143,236.73276664549485,mfh,29576.02728282697,32862.25253647441,36970.03410353371,r1,-159095.035971383,-246345.76056661457,-87250.72459523156,0.2976522547946287
738,w160032144,216.15235636769793,mfh,24178.437367510116,26864.93040834457,30223.046709387643,r1,-130060.38052140235,-214487.90860343384,-84427.5280820315,0.2976522547946287
739,w160032145,143.2480424195528,mfh,18000.89068230275,20000.989647003054,22501.113352878438,r1,-96830.19031703279,-89779.46199028203,7050.728326750759,0.2976522547946287
740,w160032146,425.3107569515705,mfh,43179.60460429989,47977.3384492221,53974.50575537486,r1,-232271.24731995328,-360184.2358313,-127912.98851134669,0.2976522547946287
741,w160032147,237.48158785337583,mfh,32014.72814949744,35571.92016610827,40018.4101868718,r1,-172213.26846407694,-284927.5048093963,-112714.23634531934,0.2976522547946287
742,w160032148,183.97369813346305,th,23560.800292201195,26178.66699133466,29451.000365251493,r1,-126737.99405705839,-207281.48122293357,-80543.48716587518,0.2976522547946287
743,w160032149,343.71558685973287,mfh,34361.6584028396,38179.620447599555,42952.0730035495,r1,-184837.84949746673,-286316.29314563144,-101478.44364816471,0.2976522547946287
744,w160032150,136.78365420317277,mfh,19017.245100468906,21130.27233385434,23771.556375586133,r1,-102297.35266346823,-172799.17072815305,-70501.81806468482,0.2976522547946287
745,w160032151,156.68413198292254,mfh,18994.198311231074,21104.66479025675,23742.74788903884,r1,-102173.37963193987,-198250.20594231883,-96076.82631037896,0.2976522547946287
746,w160032152,131.687454425171,th,16816.435705141692,18684.928561268545,21020.544631427114,r1,-90458.78331919915,-83871.99149462608,6586.791824573069,0.2976522547946287
747,w160032153,131.7784823913127,mfh,14664.81319433541,16294.236882594898,18331.01649291926,r1,-78884.7995153526,-117536.15676270379,-38651.35724735119,0.2976522547946287
748,w160032155,131.65618118494749,mfh,16155.971644692994,17951.079605214436,20194.96455586624,r1,-86906.0224142245,-138138.33503952564,-51232.31262530114,0.2976522547946287
749,w160032156,597.6746075108182,mfh,62825.58869422202,69806.20966024668,78531.98586777752,r2,-311091.7413541031,-505841.1783164197,-194749.43696231663,0.2739960493917368
750,w160032157,145.99030133634804,mfh,18497.65764028637,20552.95293365152,23122.072050357958,r1,-99502.3935948438,-244311.33727323028,-144808.94367838648,0.2976522547946287
751,w160032158,192.3817300193943,mfh,24447.84564861781,27164.27294290868,30559.807060772262,r1,-131509.57854126976,-205949.75457567736,-74440.1760344076,0.2976522547946287
752,w160032159,156.72131929650496,mfh,19753.449044420944,21948.276716023272,24691.81130552618,r1,-106257.53270473199,-164937.573911277,-58680.04120654501,0.2976522547946287
753,w160032160,462.61881872685626,other,21516.45961733097,23907.177352589966,26895.57452166371,nr1,-108159.80478049912,-221650.4857223415,-113490.68094184237,0.2976403785270643
754,w160032161,876.0951372385025,trade,41598.98809684389,46221.0978853821,51998.73512105486,nr1,-209111.46683243546,-193894.1312845973,15217.335547838156,0.2976403785270643
755,w160032162,197.75498196221892,mfh,21819.024375477275,24243.36041719697,27273.78046934659,r1,-117368.65247932116,-186693.6753800741,-69325.02290075294,0.2976522547946287
756,w160032163,355.37988740094,mfh,43004.925360010486,47783.25040001165,53756.1567000131,r1,-231331.6146780192,-350179.48338523053,-118847.86870721134,0.2976522547946287
757,w160032164,218.83437259588393,mfh,24626.450963512878,27362.723292792085,30783.063704391097,r1,-132470.3302584015,-215468.10730375827,-82997.77704535678,0.2976522547946287
758,w160032165,192.38173281145282,mfh,24614.11645560697,27349.018284007743,30767.645569508713,r1,-132403.98061109375,-205149.64685896467,-72745.66624787092,0.2976522547946287
759,w160032166,5513.669180350005,other,296885.1769801247,329872.41886680527,371106.47122515587,nr2,-1373839.659478563,-2447057.0946799875,-1073217.4352014246,0.2739960493917368
760,w160032167,119.51807446111924,mfh,13433.338114289052,14925.931238098947,16791.672642861315,r1,-72260.46250469543,-118725.49715492103,-46465.0346502256,0.2976522547946287
761,w160032168,107.41719602905214,th,13873.999853026246,15415.555392251383,17342.499816282805,r1,-74630.86521311845,-69196.58946001697,5434.2757531014795,0.2976522547946287
763,w160032170,37.81535124108195,sfh,4769.791538029326,5299.76837558814,5962.239422536657,r0,-31483.791475882463,-65613.97878135598,-34130.18730547352,0.3652414130886055
764,w160032171,82.13437312801835,th,9646.465808249995,10718.295342499994,12058.082260312494,r1,-51890.161247293705,-92252.46213306818,-40362.30088577448,0.2976522547946287
765,w160032172,100.39566505721304,th,14312.979822175337,15903.310913528152,17891.22477771917,r1,-76992.22136533714,-142038.01770428993,-65045.79633895279,0.2976522547946287
766,w160032173,119.7984774223063,mfh,12295.751901574888,13661.94655730543,15369.689876968609,r1,-66141.17144164599,-105172.71017380532,-39031.53873215933,0.2976522547946287
767,w160032174,119.65868240431882,mfh,13051.979082176204,14502.19898019578,16314.973852720253,r1,-70209.06025408843,-110128.2513408144,-39919.19108672597,0.2976522547946287
768,w160032175,69.26172256879508,th,7386.415528105403,8207.128364561559,9233.019410131752,r1,-39732.92399638291,-84438.39674714347,-44705.472750760564,0.2976522547946287
769,w160032176,103.52918697646818,th,13372.589931875937,14858.433257639928,16715.73741484492,r1,-71933.68655964408,-126746.88265860848,-54813.1960989644,0.2976522547946287
770,w160032177,62.96843930834439,th,7111.322358229594,7901.469286921771,8889.152947786992,r1,-38253.14588628203,-35467.72804909025,2785.4178371917806,0.2976522547946287
771,w160032178,300.84989367914386,mfh,31793.30178992664,35325.89087769627,39741.6272374083,r1,-171022.17426119244,-283632.2645753886,-112610.09031419613,0.2976522547946287
772,w160127708,318.335366258584,mfh,40928.439383668316,45476.04375963146,51160.54922958539,r1,-220161.80448204163,-365500.7021725374,-145338.89769049577,0.2976522547946287
773,w160127710,130.057766958978,mfh,19160.41845180246,21289.353835336067,23950.523064753073,r1,-103067.50915753465,-95562.60801042989,7504.901147104756,0.2976522547946287
774,w160127712,149.28690248169005,mfh,19893.976263748034,22104.41807083115,24867.470329685042,r1,-107013.4551550329,-184707.17567928796,-77693.72052425506,0.2976522547946287
775,w160127717,149.4986190713942,mfh,20018.073736971855,22242.30415219095,25022.59217121482,r1,-107680.99889840664,-185340.9218121007,-77659.92291369407,0.2976522547946287
776,w160127718,161.62649620659647,mfh,19998.168014560528,22220.18668284503,24997.710018200658,r1,-107573.92225850557,-184718.03301400793,-77144.11075550236,0.2976522547946287
777,w160127719,242.7560603125021,mfh,26016.569220877962,28907.299134308847,32520.71152609745,r1,-139948.03887846318,-223277.25344531154,-83329.21456684836,0.2976522547946287
778,w164087844,70.24407002975931,other,5531.1032271675895,6145.670252408432,6913.879033959486,nr1,-27803.97221062173,-81491.69839742321,-53687.72618680148,0.2976403785270643
779,w164087850,88.49543042890728,other,9571.515035104732,10635.016705671924,11964.393793880914,nr1,-48114.476826692684,-134799.91920109178,-86685.44237439909,0.2976403785270643
780,w164087857,77.59434223277493,other,5732.685063821826,6369.65007091314,7165.856329777282,nr1,-28817.29189646145,-77962.47780039514,-49145.185903933685,0.2976403785270643
786,w164088149,49.229225591477004,other,5037.637509600219,5597.37501066691,6297.046887000274,nr1,-25323.39889014085,-75964.56381852187,-50641.164928381026,0.2976403785270643
788,w164088153,80.69597001839429,other,6314.859681225849,7016.51075691761,7893.574601532311,nr1,-31743.790683272175,-98971.35673942635,-67227.56605615417,0.2976403785270643
791,w164088159,54.065223559696456,other,5119.410322922457,5688.233692136064,6399.262903653072,nr1,-25734.457757751275,-70899.84306797311,-45165.385310221835,0.2976403785270643
793,w164088169,56.479432658094446,other,4565.7132450906565,5073.014716767396,5707.14155636332,nr0,-28141.923035854124,-76632.36848626053,-48490.445450406405,0.3649571744182322
795,w164088175,32.08830586867407,other,2825.594723491785,3139.54969276865,3531.993404364731,nr0,-17416.26444116344,-48508.15985364247,-31091.895412479033,0.3649571744182322
799,w164088182,35.81288355943252,other,2845.4381235960636,3161.597915106737,3556.7976544950793,nr0,-17538.57423341873,-49221.95144051277,-31683.37720709404,0.3649571744182322
800,w359788107,586.4023264580406,other,46109.15580262688,51232.39533625209,57636.4447532836,nr1,-231783.35929339938,-458218.17130296555,-226434.81200956617,0.2976403785270643
801,w377595955,68.13203878551721,other,5269.498540512313,5854.998378347015,6586.873175640391,nr1,-26488.927247764226,-24561.29075638757,1927.6364913766556,0.2976403785270643
802,w377595956,85.03076633159071,other,6722.920315991011,7469.911462212234,8403.650394988763,nr1,-33795.04629779977,-90604.31621964283,-56809.269921843064,0.2976403785270643
805,w377595969,38.68702136902139,other,3090.1691164444,3433.521240493778,3862.7113955555,nr0,-19047.035320551524,-49778.14798998712,-30731.112669435595,0.3649571744182322
814,w377595984,35.49371746703982,other,2841.029831970761,3156.699813300845,3551.287289963451,nr0,-17511.402618168413,-42233.36478694875,-24721.962168780334,0.3649571744182322
818,w377595990,36.364706988167015,other,2791.57936980043,3101.754855333811,3489.474212250537,nr0,-17206.602245087335,-40234.43831644017,-23027.83607135284,0.3649571744182322
819,w377595993,54.98309161569923,other,4220.0307815631595,4688.923090625733,5275.038476953949,nr0,-26011.222143962674,-59959.72924864664,-33948.507104683966,0.3649571744182322
823,w377596001,68.93592455182224,other,4836.798385703419,5374.220428559354,6045.997982129273,nr0,-29812.824547571072,-69499.18130459257,-39686.356757021495,0.3649571744182322
825,w377596004,35.535723760165276,other,2630.7606042728767,2923.067338080974,3288.450755341096,nr0,-16215.355296527028,-43559.988930647014,-27344.633634119986,0.3649571744182322
827,w377596008,41.66994294051546,other,3243.63691899437,3604.041021104855,4054.546148742962,nr0,-19992.972758143966,-50740.16909595523,-30747.196337811263,0.3649571744182322
831,w377596012,33.714099188242116,other,2925.7385905314077,3250.8206561460083,3657.1732381642596,nr0,-18033.52637757003,-46076.69326931886,-28043.166891748828,0.3649571744182322
836,w377596021,41.97082374822348,other,3488.321395519886,3875.9126616887625,4360.401744399857,nr0,-21501.147130210247,-50173.26834074822,-28672.12121053797,0.3649571744182322
838,w377596023,32.13139781658538,other,2490.0711216668888,2766.7456907409874,3112.5889020836107,nr0,-15348.180250939331,-41269.55893922258,-25921.37868828325,0.3649571744182322
844,w377596038,30.39147779517807,other,2398.685899783123,2665.2065553145812,2998.357374728904,nr0,-14784.904429000075,-13708.986139358418,1075.9182896416569,0.3649571744182322
847,w377596043,50.74534401865676,other,3919.317771017566,4354.797523352851,4899.1472137719575,nr0,-24157.70179689453,-56296.35115657533,-32138.6493596808,0.3649571744182322
848,w377596044,31.44567816138733,other,2904.869813374752,3227.633125971947,3631.08726671844,nr0,-17904.89641570668,-42753.83399096017,-24848.93757525349,0.3649571744182322
861,w377596072,32.00744857888203,other,2718.9974702297686,3021.108300255298,3398.7468377872106,nr0,-16759.225434090724,-44174.96575903842,-27415.7403249477,0.3649571744182322
863,w377596074,30.798605113010854,other,2855.316162411527,3172.5735137905854,3569.1452030144083,nr0,-17599.460012522108,-45188.057416742486,-27588.597404220378,0.3649571744182322
877,w377596096,31.32093481458723,other,2660.043472138398,2955.603857931553,3325.0543401729974,nr0,-16395.847624779726,-39653.81987801497,-23257.972253235243,0.3649571744182322
882,w377596101,34.10184732507914,other,2734.2308274665847,3038.0342527406497,3417.788534333231,nr0,-16853.120066522384,-42417.48440919005,-25564.364342667668,0.3649571744182322
886,w377596106,35.077698366669935,other,2779.2898943774467,3088.099882641607,3474.112367971808,nr0,-17130.85296935774,-42091.323382221824,-24960.470412864084,0.3649571744182322
893,w377596115,40.14825235735625,other,3192.6172371227067,3547.352485691896,3990.771546403383,nr0,-19678.500104371855,-50701.20951947969,-31022.709415107838,0.3649571744182322
895,w377596117,32.339281557500364,other,2797.665055321845,3108.5167281353833,3497.081319152306,nr0,-17244.112899911797,-43605.07402193096,-26360.961122019162,0.3649571744182322
899,w377596123,32.752713098051025,other,2913.410473739367,3237.1227485992963,3641.7630921742084,nr0,-17957.53892603402,-47077.878884519734,-29120.339958485714,0.3649571744182322
901,w377596125,37.63718191203661,other,2922.0877489035165,3246.7641654483514,3652.6096861293954,nr0,-18011.023496072008,-45566.200884729784,-27555.177388657776,0.3649571744182322
909,w377596135,73.15242530554532,other,5088.204744337678,5653.560827041864,6360.255930422097,nr1,-25577.592299965938,-66249.47830270317,-40671.88600273723,0.2976403785270643
916,w377596142,40.572792674647644,other,3113.8461841117532,3459.8290934575034,3892.3077301396916,nr0,-19192.974887984023,-49498.65185331091,-30305.67696532689,0.3649571744182322
917,w377596143,37.61386710904771,other,2745.329396719578,3050.3659963550867,3431.6617458994724,nr0,-16921.528892254417,-44292.23367111736,-27370.704778862946,0.3649571744182322
918,w377596145,32.806498026452026,other,2693.449218590027,2992.721353988919,3366.811523237534,nr0,-16601.752353160962,-39456.61042927813,-22854.85807611717,0.3649571744182322
919,w377596147,34.850180151499806,other,2595.9189583634725,2884.354398181636,3244.8986979543406,nr0,-16000.600040340223,-14836.213871236841,1164.3861691033817,0.3649571744182322
929,w377596159,36.51154847629368,other,2488.2164818409556,2764.684979823284,3110.2706023011942,nr0,-15336.748711453847,-40578.64083392684,-25241.892122472993,0.3649571744182322
931,w377596161,32.13265920560807,other,2649.7963962137605,2944.2182180152895,3312.2454952672006,nr0,-16332.687192546326,-42463.82257618941,-26131.13538364308,0.3649571744182322
934,w377596166,38.724472055921794,other,2981.905002903568,3313.227781003964,3727.38125362946,nr0,-18379.72220050678,-17042.203965673285,1337.5182348334965,0.3649571744182322
935,w377596167,41.94859704792034,other,3114.8432704850466,3460.9369672056073,3893.554088106308,nr0,-19199.12068086918,-51891.83743297168,-32692.716752102504,0.3649571744182322
936,w377596168,31.29673577034846,other,2563.979256552608,2848.865840614009,3204.97407069076,nr0,-15803.731647189172,-40350.15430470617,-24546.422657517,0.3649571744182322
937,w377596169,36.7579496475868,other,3082.2442820121273,3424.7158689023636,3852.805352515159,nr0,-18998.188608396587,-45170.091290759134,-26171.902682362546,0.3649571744182322
940,w379327852,945.496160332486,other,38030.77627777757,42256.41808641952,47538.47034722196,nr1,-191174.63611634402,-509866.64490717876,-318692.00879083475,0.2976403785270643
941,w379327862,94.51021252730861,other,9084.066665311519,10093.407405901688,11355.083331639398,nr1,-45664.151752072146,-121729.9955639574,-76065.84381188525,0.2976403785270643
942,w387435839,3594.435384737421,other,196483.33588232234,218314.8176470248,245604.1698529029,nr2,-909228.9551386158,-1729765.058637101,-820536.1034984852,0.2739960493917368
943,w387435840,942.2609318409114,other,56823.35165188755,63137.05739098616,71029.18956485944,nr2,-262950.73023833067,-594994.1464094223,-332043.4161710916,0.2739960493917368
944,w390787314,132.5826213063672,other,9844.203167691367,10938.003519657073,12305.253959614207,nr1,-49485.23650142898,-112314.60032788577,-62829.363826456785,0.2976403785270643
945,w390787315,330.5195846647024,other,28537.57339615315,31708.414884614613,35671.966745191436,nr1,-143453.82197315103,-287740.6664702526,-144286.84449710159,0.2976403785270643
946,w390787316,150.59577141329646,other,12304.720854223664,13671.912060248515,15380.90106777958,nr1,-61853.86579116298,-57352.67298269154,4501.192808471438,0.2976403785270643
947,w390789514,104.66224040389062,trade,10397.319493968453,11552.577215520503,12996.649367460564,nr1,-52265.66390142973,-212125.02051565802,-159859.35661422828,0.2976403785270643
948,w390789515,335.6007874913513,trade,25636.797863414322,28485.330959349245,32045.997329267902,nr1,-128872.08683116859,-224308.10830052834,-95436.02146935975,0.2976403785270643
949,w390790006,38.98714106846601,trade,2776.3285059702725,3084.8094510780807,3470.4106324628406,nr0,-17112.59970636021,-68557.23265509713,-51444.63294873692,0.3649571744182322
950,w390793102,268.1788772383239,sfh,30059.790808766775,33399.76756529642,37574.738510958465,r1,-161697.29133262706,-251044.4947992299,-89347.20346660283,0.2976522547946287
951,w390793103,629.0808588726446,th,87553.79058492262,97281.98953880291,109442.23823115327,r2,-433537.6992292478,-684250.3710617073,-250712.67183245945,0.2739960493917368
952,w390793104,761.76513240356,mfh,80676.55852455663,89640.6205828407,100845.69815569579,r2,-399483.89819336066,-587289.4606390364,-187805.56244567572,0.2739960493917368
953,w390793105,324.12222724705936,th,47118.253767594215,52353.615297326905,58897.817209492765,r1,-253457.9849544836,-433346.1501044309,-179888.1651499473,0.2976522547946287
954,w390793106,1475.9963392082602,mfh,145242.0290743921,161380.03230488012,181552.53634299012,r2,-719190.9647272655,-907517.2661350954,-188326.30140782986,0.2739960493917368
955,w390793107,895.6360460046678,mfh,90245.7910168643,100273.10112984922,112807.23877108037,r2,-446867.6038032381,-414328.76377693174,32538.840026306338,0.2739960493917368
956,w390793108,286.70933025064875,mfh,25575.074405456515,28416.749339396127,31968.843006820643,r1,-137573.15489323507,-198731.88746504672,-61158.73257181165,0.2976522547946287
957,w390793793,117.72837251536548,mfh,12242.925925452717,13603.251028280796,15303.657406815895,r1,-65857.01054028451,-113367.49469482538,-47510.48415454087,0.2976522547946287
958,w390794364,96.81251710766227,sfh,13040.642047928714,14489.602275476347,16300.802559910891,r1,-70148.07620595495,-160124.06000184504,-89975.98379589009,0.2976522547946287
959,w475684695,267.0884538785554,mfh,32327.72471892473,35919.69413213859,40409.65589865591,r1,-173896.9361181458,-281915.9587543116,-108019.02263616581,0.2976522547946287
960,w620369477,3702.806372543797,other,329831.05954184383,366478.95504649315,412288.8244273048,nr2,-1526297.1197674714,-1415226.3316895897,111070.78807788179,0.2739960493917368
961,w620369478,20480.360502976928,other,1687025.1117225294,1874472.3463583658,2108781.3896531616,nr2,-7806728.610016879,-7238621.989232046,568106.6207848331,0.2739960493917368
962,w993163452,1412.2592688187956,other,69902.24125333331,77669.15694814813,87377.80156666663,nr2,-323473.4461892549,-682422.4227359296,-358948.97654667473,0.2739960493917368
963,w993163453,1066.3710880815981,other,51293.74656664398,56993.051740715535,64117.183208304974,nr2,-237362.41746153435,-493983.3230572886,-256620.90559575424,0.2739960493917368
964,w993163454,1257.084109787643,other,59883.17288306017,66536.85875895574,74853.96610382521,nr2,-277110.0890889777,-560225.5836699625,-283115.49458098476,0.2739960493917368
965,w993163455,1355.0658122852444,mfh,137933.86271477625,153259.84746086248,172417.3283934703,r2,-683003.3181620458,-633270.1633798145,49733.154782231315,0.2739960493917368
966,w993163456,1286.649396429956,mfh,130250.32129646631,144722.5792182959,162812.90162058288,r2,-644956.9372324191,-934416.7370232247,-289459.79979080555,0.2739960493917368
967,w993163457,923.1744978809729,ab,96260.7750734298,106956.41674825533,120325.96884178725,r2,-476651.83508965676,-694463.033504206,-217811.19841454923,0.2739960493917368
968,w993163458,923.3917086940259,ab,96786.7143031862,107540.7936702069,120983.39287898275,r2,-479256.1139230426,-692195.5613009144,-212939.44737787178,0.2739960493917368
969,w993163460,1313.604391914094,ab,125644.15428679457,139604.6158742162,157055.1928584932,r2,-622148.706608734,-913413.4012405303,-291264.69463179633,0.2739960493917368
970,w993163461,1099.8535498690792,ab,118342.74284405124,131491.93649339027,147928.42855506405,r2,-585994.508179795,-865069.7406291002,-279075.23244930524,0.2739960493917368
971,w993164648,226.1375619597733,ab,25333.36690212359,28148.18544680399,31666.708627654487,r1,-136272.964588108,-269594.322011267,-133321.357423159,0.2976522547946287
972,w993164649,158.37299746889622,other,12554.80104281894,13949.778936465487,15693.501303523673,nr1,-63110.97894355857,-149891.130882671,-86780.15193911242,0.2976403785270643
973,w993164650,163.5844805765897,other,11822.83966197053,13136.48851330059,14778.549577463164,nr1,-59431.52602856043,-137671.36196450845,-78239.83593594802,0.2976403785270643
974,w993164651,162.24389737509188,other,11008.365752407117,12231.517502674575,13760.457190508896,nr1,-55337.2958148578,-129263.69473915183,-73926.39892429403,0.2976403785270643
975,w993164652,173.63842588849366,other,12537.52789010725,13930.586544563612,15671.909862634062,nr1,-63024.14956463346,-147156.83087065475,-84132.68130602129,0.2976403785270643
976,w1006795433,259.34726619906723,mfh,31206.31317629144,34673.68130699049,39007.8914703643,r1,-167864.65165992983,-256746.78708879495,-88882.13542886512,0.2976522547946287
977,w1006849999,188.95288848243652,other,12692.659037467965,14102.954486075516,15865.823796834957,nr1,-63803.969056888345,-149083.87541647145,-85279.90635958311,0.2976403785270643
978,w1007159125,240.08975319266318,education,18188.745430473453,20209.717144970502,22735.931788091813,nr1,-91431.91723686738,-200610.4819950478,-109178.56475818042,0.2976403785270643
979,w1007160095,265.99824453517795,sfh,29700.45869061807,33000.5096562423,37125.57336327258,r1,-159764.3760118552,-261042.21987053598,-101277.84385868078,0.2976522547946287
980,w1007176059,713.9090096209663,trade,44584.74507920726,49538.60564356363,55730.93134900908,nr1,-224120.3901440715,-479337.0664517923,-255216.6763077208,0.2976403785270643
981,w1029411791,412.32884333096445,trade,24243.8769969841,26937.64110776011,30304.846246230125,nr1,-121870.09618460217,-278444.4133030908,-156574.3171184886,0.2976403785270643
982,w1030080397,647.4037659055554,other,30520.396752890152,33911.551947655724,38150.49594111269,nr1,-153421.15818891695,-367876.66848334286,-214455.5102944259,0.2976403785270643
983,w1030080398,123.65970464986749,other,6312.042173885407,7013.380193206007,7890.052717356758,nr1,-31729.62752402898,-77097.26320192758,-45367.635677898594,0.2976403785270643
984,w1030080399,86.80603968682699,other,6773.282403048039,7525.869336720043,8466.603003810047,nr1,-34048.20846301208,-87178.8249384363,-53130.61647542422,0.2976403785270643
985,w1036126248,1409.4026292502879,trade,62527.62490135226,69475.13877928029,78159.53112669032,nr2,-289347.3220060022,-650966.9405947895,-361619.61858878727,0.2739960493917368
986,w1036126249,536.9865712554193,mfh,58786.42745363585,65318.25272626206,73483.0343170448,r2,-291091.13761826395,-451529.49049526104,-160438.3528769971,0.2739960493917368
987,w1036126250,784.2879224468953,mfh,83022.8157791949,92247.57308799434,103778.51972399362,r2,-411101.7957758666,-588976.3709702217,-177874.5751943551,0.2739960493917368
988,w1036126251,422.468481163308,mfh,52845.09736255475,58716.77484728305,66056.37170319344,r2,-261671.61664903295,-427077.93442879326,-165406.3177797603,0.2739960493917368
989,w1036680208,878.3984476357698,mfh,87023.10356131091,96692.33729034546,108778.87945163864,r2,-430909.9108754783,-646915.8114312015,-216005.90055572323,0.2739960493917368
990,w1075387093,82.43980132825672,other,6640.5639729472905,7378.404414385878,8300.704966184112,nr1,-33381.05411951084,-84288.12166141135,-50907.06754190051,0.2976403785270643
991,w1075387094,82.56877346616238,other,5523.9930738652965,6137.770082072551,6904.99134233162,nr1,-27768.230605970573,-57556.790822022085,-29788.56021605151,0.2976403785270643
992,w1075387095,130.11354850369972,other,4922.185612555075,5469.095125061194,6152.732015693843,nr0,-30339.130217093385,-59272.38881134068,-28933.258594247294,0.3649571744182322
993,w1075387096,86.78853361294604,other,5651.038189360073,6278.931321511192,7063.797736700091,nr1,-28406.866103381253,-60078.38571150511,-31671.519608123854,0.2976403785270643
994,w1075387097,130.27800867820625,other,5001.394598025604,5557.105108917338,6251.743247532005,nr1,-25141.211564237572,-55134.62221052443,-29993.41064628686,0.2976403785270643
995,w1075387098,130.18280181584413,other,4914.504272727153,5460.56030303017,6143.1303409089405,nr0,-30291.784345233806,-59061.12377438181,-28769.339429148007,0.3649571744182322
996,w1075387099,86.85200681062415,other,7574.079042728552,8415.643380809503,9467.598803410689,nr1,-38073.685226250505,-92203.92028195129,-54130.23505570078,0.2976403785270643
997,w1107949539,145.45949292609,other,7234.128086910359,8037.920096567066,9042.660108637949,nr1,-36364.80608580756,-33718.48800138024,2646.318084427323,0.2976403785270643
998,w1107949540,113.13991883732378,other,8157.082843669978,9063.42538185553,10196.353554587471,nr1,-41004.3521862239,-94734.67469909112,-53730.32251286722,0.2976403785270643
999,w1108636740,113.13954655230044,other,8437.78627390423,9375.318082115811,10547.232842380286,nr1,-42415.40348161909,-97057.84347569456,-54642.439994075474,0.2976403785270643
1000,w1108636741,169.70950587596744,other,6388.827258846157,7098.696954273508,7986.034073557696,nr1,-32115.613878062766,-68699.40131276473,-36583.78743470197,0.2976403785270643
1001,w1108636742,113.35190696045755,other,7307.257952288273,8119.1755025425255,9134.072440360342,nr1,-36732.41823499815,-76193.310722116,-39460.89248711785,0.2976403785270643
1002,w1108636743,97.02220907397567,other,8465.714383767012,9406.34931529668,10582.142979708764,nr1,-42555.79362778485,-96668.38841582376,-54112.594788038914,0.2976403785270643
1003,w1108636744,97.02139693088829,other,6248.685707876577,6942.984119862863,7810.857134845721,nr1,-31411.144691956655,-67116.67544396987,-35705.53075201322,0.2976403785270643
1004,w1108636745,97.02220705058426,other,6051.606396825816,6724.00710758424,7564.507996032269,nr1,-30420.458482950602,-63740.473317006596,-33320.014834056,0.2976403785270643
1005,w1108636746,96.97299731615931,other,6049.968200571248,6722.186889523609,7562.46025071406,nr1,-30412.22353211587,-63708.18184302439,-33295.95831090852,0.2976403785270643
1006,w1108636747,96.97299630921333,other,6204.737122419419,6894.152358243799,7755.921403024274,nr1,-31190.22217459249,-66204.72055701412,-35014.49838242163,0.2976403785270643
1007,w1108636748,93.15071205198764,other,7049.813241953456,7833.125824392729,8812.266552441819,nr1,-35438.28480845815,-80812.54954388668,-45374.26473542853,0.2976403785270643
1008,w1108636749,139.88183319568634,other,5418.6318681190805,6020.702075687867,6773.28983514885,nr1,-27238.596658396335,-60403.522425011775,-33164.925766615444,0.2976403785270643
1009,w1108636750,139.7263257611543,other,5255.293421448891,5839.2149127209905,6569.116776811114,nr1,-26417.520383804782,-58103.841934493874,-31686.321550689092,0.2976403785270643
1010,w1108636751,139.8837134392932,other,5137.657930030147,5708.508811144608,6422.072412537684,nr1,-25826.185563235093,-55108.68847287132,-29282.502909636227,0.2976403785270643
1011,w1108636752,93.1510556358844,other,5632.758798770266,6258.620887522518,7040.9484984628325,nr1,-28314.978527410927,-59895.93690709452,-31580.95837968359,0.2976403785270643
1012,w1108636753,93.25489941500128,other,5561.032789158997,6178.925321287774,6951.290986448746,nr1,-27954.423336863205,-59812.2736530537,-31857.850316190496,0.2976403785270643
1013,w1108636754,139.72684112749994,other,6793.787494520834,7548.652771689815,8492.234368151043,nr1,-34151.28428171773,-85527.20071458601,-51375.91643286828,0.2976403785270643
1014,w1159236388,245.9913005110109,other,17161.798074090097,19068.664526766774,21452.24759261262,nr1,-86269.6169531903,-234818.50564369428,-148548.88869050398,0.2976403785270643
1015,w1159236389,122.96537718712352,other,11214.556910810714,12460.618789789682,14018.19613851339,nr1,-56373.78582469356,-158613.58818596663,-102239.80236127306,0.2976403785270643
1016,w1159236390,245.9301320978673,other,9422.640053648083,10469.600059608982,11778.300067060103,nr1,-47366.10608088089,-165612.77073071263,-118246.66464983174,0.2976403785270643
1017,w1219742100,99.15745026543736,other,6796.05397685548,7551.171085394977,8495.06747106935,nr1,-34162.67752629484,-85327.26093326756,-51164.58340697272,0.2976403785270643
1018,w1219742101,534.7382739499211,other,26665.5596979286,29628.399664365108,33331.94962241074,nr1,-134043.50820650804,-312646.46415909263,-178602.9559525846,0.2976403785270643
1019,w1219742102,331.85329187787136,other,16686.177045042114,18540.19671671346,20857.72130630264,nr1,-83878.74603082474,-193336.21272722707,-109457.46669640233,0.2976403785270643
1020,w1219742103,321.63751182574777,other,17114.566871985295,19016.185413316995,21393.208589981616,nr1,-86032.19324640685,-201314.0176823313,-115281.82443592444,0.2976403785270643
1021,w1219742104,906.7466930493712,other,37559.58202112246,41732.868912358295,46949.477526403076,nr1,-188806.01787152563,-453013.58420971775,-264207.5663381921,0.2976403785270643
1022,w1219742105,1260.638449399173,ab,128554.44727096538,142838.2747455171,160693.0590887067,r2,-636559.5244158353,-961000.9749962274,-324441.45058039215,0.2739960493917368
1023,w1219929093,501.3837405549362,other,33138.81990165809,36820.91100184232,41423.52487707261,nr1,-166583.55300852575,-385493.02283139864,-218909.4698228729,0.2976403785270643
1024,w1242595698,177.05818741209805,other,9156.077890481276,10173.419878312528,11445.097363101595,nr1,-46026.140675663075,-112538.91742181954,-66512.77674615647,0.2976403785270643
1025,w1242595699,175.70056665593293,other,9159.768067274865,10177.52007474985,11449.71008409358,nr1,-46044.690604819574,-112053.2258324435,-66008.53522762391,0.2976403785270643
