,full_id,NFA,building_usage,yearly_demand_useful_renovated,yearly_demand_delivered_renovated,yearly_demand_delivered_renovated_DH,consumer_size_renovated,npv_Gas_25years_ir_0.05,npv_DH_25years_ir_0.05,savings_npv_25years_ir_0.05,operator_selling_price
0,w24853838,27974.42320393324,trade,1197392.8826751309,1330436.536305701,1496741.1033439136,nr2,-5540949.69283894,-3636913.1831498323,1904036.5096891075,0.11262781117628023
1,w24853840,937.1926232803613,trade,88019.54120636193,97799.49022929103,110024.4265079524,nr2,-407311.4654912631,-315299.58959653473,92011.87589472835,0.11262781117628023
2,w24853841,8998.296452549099,trade,370411.49455784855,411568.3272864984,463014.36819731066,nr2,-1714083.5616200808,-1342903.9078493624,371179.6537707185,0.11262781117628023
3,w25538793,404.8852469230536,trade,30724.044681390333,34137.827423767034,38405.05585173791,nr1,-154444.86378836373,-141881.45995410433,12563.4038342594,0.12234696239453793
4,w27689586,5481.69515059907,office,239232.2588022705,265813.6208914117,299040.3235028381,nr2,-1107050.100353113,-394340.74881873734,712709.3515343756,0.11262781117628023
5,w28994179,16672.165487814695,other,602602.7887910821,669558.6542123135,753253.4859888526,nr2,-2788551.515352334,-993305.9870848799,1795245.528267454,0.11262781117628023
6,w28994181,2845.002712316811,trade,324149.90597616514,360166.56219573907,405187.3824702064,nr2,-1500007.514609313,-534315.552978222,965691.9616310911,0.11262781117628023
7,w29249266,23411.247439788887,trade,2697249.5326306587,2996943.9251451762,3371561.915788323,nr2,-12481554.037593769,-4446036.691597164,8035517.345996605,0.11262781117628023
8,w30213059,1747.46707642246,ab,186541.77691087977,207268.64101208863,233177.2211385997,r2,-923693.7913457435,-517271.8052678589,406421.98607788456,0.11262781117628023
9,w50930444,8762.936898044496,other,330222.16830016905,366913.5203335212,412777.7103752113,nr2,-1528106.9801613858,-1262922.4889449766,265184.49121640925,0.11262781117628023
10,w50930445,4934.112452852726,other,202146.16980193532,224606.85533548368,252682.71225241915,nr2,-935433.785918448,-844500.6484952241,90933.13742322393,0.11262781117628023
11,w50930458,1974.6456010334193,other,60554.61203303029,67282.90225892254,75693.26504128786,nr2,-280217.18167789903,-399860.8967906075,-119643.71511270845,0.11262781117628023
12,w50930471,4724.4749339554455,other,258143.60911438576,286826.2323493175,322679.5113929822,nr2,-1194562.5970609414,-926349.9163206902,268212.6807402512,0.11262781117628023
13,w50930472,9715.957844087014,other,1058464.4972369291,1176071.663596588,1323080.6215461614,nr2,-4898056.949981983,-1744729.9311897713,3153327.0187922115,0.11262781117628023
14,w50930478,6019.835157379508,trade,680901.6527717811,756557.3919686456,851127.0659647263,nr2,-3150880.4322857754,-1122370.6575786916,2028509.7747070838,0.11262781117628023
15,w50930479,4489.048651921749,other,185541.01142931575,206156.6793659064,231926.26428664467,nr2,-858593.2196218206,-693101.0451232931,165492.17449852754,0.11262781117628023
16,w50930480,4441.97852948606,other,168700.98991545063,187445.54435050068,210876.23739431327,nr2,-780665.8213678856,-648067.6676015337,132598.15376635187,0.11262781117628023
17,w50930481,1370.623297881335,other,62080.660377160784,68978.51153017864,77600.82547145098,nr2,-287278.9883964891,-280188.6646595474,7090.323736941733,0.11262781117628023
18,w50930482,1573.369959426485,other,63379.87619939754,70422.08466599727,79224.84524924692,nr2,-293291.1249435773,-275438.63633043115,17852.488613146124,0.11262781117628023
19,w50930483,704.9254127380437,other,45123.70064816985,50137.445164633165,56404.62581021231,nr1,-226829.63367953687,-191264.9031952848,35564.73048425207,0.12234696239453793
20,w50930486,509.32494937628496,trade,30466.044901173256,33851.16100130362,38082.55612646657,nr1,-153147.94011420992,-135426.53133318704,17721.40878102288,0.12234696239453793
21,w98916060,2713.01504517002,other,226605.19701500298,251783.55223889218,283256.4962687537,nr2,-1048618.222943498,-373526.81249802123,675091.4104454769,0.11262781117628023
22,w98916062,151.14776481509907,trade,11092.043274505519,12324.492527228354,13865.054093131897,nr1,-55757.929349167935,-57055.34232385347,-1297.4129746855324,0.12234696239453793
23,w98916065,222.67857759937178,other,20948.500685227787,23276.111872475318,26185.625856534734,nr1,-105304.76597243515,-92547.36019787718,12757.405774557978,0.12234696239453793
24,w98916067,43210.64675020873,trade,3034378.024269405,3371531.1380771166,3792972.530336756,nr2,-14041620.110493407,-5001745.618589466,9039874.49190394,0.11262781117628023
25,w98916074,4745.314506876469,trade,491122.8611791089,545692.0679767877,613903.5764738861,nr2,-2272676.8349556723,-809546.9975871521,1463129.8373685202,0.11262781117628023
26,w98916075,67.06430839556852,sfh,8538.96409194254,9487.737879936156,10673.705114928174,r1,-45932.7003716537,-46224.27121035689,-291.57083870319184,0.12235184420952645
27,w98916076,98.82164086105185,sfh,13728.213996145805,15253.571106828673,17160.267495182256,r1,-73846.65555836269,-62441.991019053705,11404.664539308986,0.12235184420952645
28,w98916079,3334.9361924076916,trade,133751.88480733606,148613.2053414845,167189.85600917006,nr2,-618938.4251091394,-609031.6891685594,9906.735940580023,0.11262781117628023
29,w98916080,2976.303781049745,other,104082.21116258297,115646.90129175886,130102.76395322871,nr2,-481641.6602400855,-449885.402067303,31756.258172782487,0.11262781117628023
30,w98916086,294.4025758753764,other,20686.516731325537,22985.018590361706,25858.14591415692,nr1,-103987.81449372317,-109586.93097454571,-5599.116480822544,0.12234696239453793
31,w98916091,1116.7099465291947,trade,65522.69205707044,72802.99117452271,81903.36507133805,nr2,-303207.0306084386,-108004.94707430094,195202.08353413764,0.11262781117628023
32,w98916094,150.05011938810347,trade,13612.2294499376,15124.699388819556,17015.286812422,nr1,-68426.50259928052,-76583.66600877953,-8157.163409499015,0.12234696239453793
33,w98916098,15131.85493721813,trade,1389797.224493673,1544219.1383263033,1737246.5306170913,nr2,-6431303.05481861,-2290885.3553316714,4140417.6994869383,0.11262781117628023
34,w98916102,1892.1415951219387,trade,73425.17962658805,81583.53291843117,91781.47453323506,nr2,-339775.8850792917,-363829.5194324542,-24053.634353162488,0.11262781117628023
35,w98916109,81.43322088830173,sfh,9629.8057932929,10699.784214769888,12037.257241616126,r1,-51800.54388071717,-52627.864068519426,-827.3201878022592,0.12235184420952645
36,w98916113,559.2398283889517,trade,50271.6825643969,55857.425071552105,62839.60320549612,nr2,-232632.80423161402,-205909.22035951624,26723.583872097777,0.11262781117628023
37,w98916116,6987.1012714248145,other,358101.17313169746,397890.1923685527,447626.4664146218,nr2,-1657117.4039688106,-1213955.7609949089,443161.6429739017,0.11262781117628023
38,w98916121,458.57296650111675,other,22475.134293848154,24972.371437609057,28093.917867310192,nr1,-112978.90921051355,-104938.37941770865,8040.529792804897,0.12234696239453793
39,w98916126,1235.1179318586364,trade,54455.49615433791,60506.10683815323,68069.37019292239,nr2,-251993.4509846553,-244190.485667475,7802.965317180293,0.11262781117628023
40,w99055014,379.03616306802724,mfh,51250.231128429565,56944.70125381063,64062.788910536954,r2,-253774.36133773497,-175405.48836361486,78368.87297412011,0.11262781117628023
41,w99055018,363.825429549627,mfh,39011.950831555296,43346.61203506144,48764.93853944412,r1,-209852.65064533942,-136526.49509174927,73326.15555359016,0.12235184420952645
42,w99055022,32.828185592684896,sfh,3912.1656857345315,4346.850761927257,4890.207107168164,r0,-25822.89135421151,-24246.585567369795,1576.3057868417163,0.15013479573308705
43,w99055023,57.57688737055287,sfh,7638.842228320924,8487.602475912137,9548.552785401154,r1,-41090.774885783605,-34891.43690768105,6199.337978102558,0.12235184420952645
44,w99055025,2922.078992408514,trade,131771.14343422168,146412.38159357963,164713.9292927771,nr2,-609772.5210339193,-500627.2378261565,109145.28320776281,0.11262781117628023
45,w99055028,168.94065034445376,ab,18863.996140229203,20959.99571136578,23579.9951752865,r1,-101472.99756639035,-70856.87178158021,30616.125784810138,0.12235184420952645
46,w99055030,502.22660109587014,other,33719.73290267432,37466.369891860355,42149.66612834289,nr1,-169503.70985132531,-155824.45813649808,13679.25171482723,0.12234696239453793
47,w99055036,2513.4158389533286,other,94056.81089942587,104507.56766602874,117571.01362428232,nr2,-435249.0022307766,-414722.7691104642,20526.23312031239,0.11262781117628023
48,w99055038,337.97397138923407,other,24561.514626422148,27290.57180713572,30701.893283027683,nr1,-123466.80979836445,-122012.00168731158,1454.8081110528728,0.12234696239453793
49,w99055039,2475.299022556655,other,95255.37369289662,105839.30410321847,119069.21711612078,nr2,-440795.3656996263,-373163.0158921522,67632.34980747406,0.11262781117628023
50,w99055040,101.95110847079195,trade,7536.8851086504455,8374.316787389384,9421.106385813056,nr1,-37886.71726216843,-47000.99569836453,-9114.278436196102,0.12234696239453793
51,w99055041,189.90211718752977,ab,21595.11692946048,23994.5743660672,26993.8961618256,r1,-116164.2120439086,-90509.96434627134,25654.247697637256,0.12235184420952645
52,w99055043,190.2007592998445,sfh,29155.98911223378,32395.543458037533,36444.98639029222,r1,-156835.57133061704,-117206.0035159727,39629.56781464434,0.12235184420952645
53,w99055048,47.74609960326925,sfh,5769.180841789516,6410.2009353216845,7211.476052236895,r1,-31033.513215713603,-33739.14152366362,-2705.6283079500135,0.12235184420952645
54,w99055050,194.95880112051967,trade,16984.909900636445,18872.122111818273,21231.137375795555,nr1,-85380.42836691772,-86314.29679570394,-933.8684287862125,0.12234696239453793
55,w99055053,122.33706042193808,ab,14174.508663259385,15749.454070288204,17718.13582907423,r1,-76247.35885225973,-71240.74291649369,5006.615935766036,0.12235184420952645
56,w99055057,303.91877080444243,ab,36040.58788819037,40045.09765354486,45050.73486023796,r1,-193869.12825275757,-132791.4475157688,61077.680736988754,0.12235184420952645
57,w99055067,194.8848727118224,sfh,21931.666176569037,24368.517973965598,27414.582720711296,r1,-117974.57399897641,-87491.51095977516,30483.063039201254,0.12235184420952645
58,w99055068,348.37368724122643,ab,40200.04013772175,44666.71126413528,50250.05017215219,r1,-216243.60738520965,-183230.37115431015,33013.23623089949,0.12235184420952645
59,w99055094,263.70872883694244,other,16614.595860209945,18460.66206689994,20768.24482526243,nr1,-83518.91885130269,-91605.61665825173,-8086.697806949043,0.12234696239453793
60,w99055100,85.6876405166462,sfh,12089.433153049305,13432.703503388117,15111.79144131163,r1,-65031.34393153589,-56460.075117814216,8571.268813721676,0.12235184420952645
61,w99055110,94.65369866762775,sfh,12604.978915374657,14005.532128194063,15756.22364421832,r1,-67804.56194414134,-67222.45009840064,582.1118457406992,0.12235184420952645
62,w99055113,801.3236896117684,education,39333.930829421224,43704.367588245805,49167.41353677653,nr1,-197725.38584057213,-180972.6852426329,16752.700597939227,0.12234696239453793
63,w99055118,54.3237798044458,other,6219.479772060365,6910.533080067072,7774.349715075456,nr1,-31264.331118883096,-33594.445201289156,-2330.1140824060603,0.12234696239453793
64,w99055131,500.74276516167447,th,69240.53713621371,76933.93015134857,86550.67142026713,r2,-342856.4652984968,-253651.48958956386,89204.97570893297,0.11262781117628023
65,w99055135,663.0715527065098,ab,68880.52212837798,76533.91347597554,86100.65266047248,r2,-341073.7888758958,-209262.460887882,131811.32798801377,0.11262781117628023
66,w99055142,64.54166975589469,sfh,9032.758360397225,10036.398178219139,11290.947950496531,r1,-48588.91299111784,-41430.34356756924,7158.569423548601,0.12235184420952645
67,w99055146,149.08371188635937,sfh,17342.70904751041,19269.67671945601,21678.38630938801,r1,-93289.70701068311,-62821.00385844763,30468.70315223548,0.12235184420952645
68,w99055147,57.659734526090325,sfh,7330.462267285426,8144.958074761584,9163.077834106782,r1,-39431.940840067,-39125.241870947,306.6989691199997,0.12235184420952645
69,w99055152,1635.3717537612654,other,76892.01538215307,85435.57264683674,96115.01922769133,nr2,-355818.7084440042,-314745.9681339284,41072.74031007575,0.11262781117628023
70,w99055158,567.1104306213557,trade,39120.40099323338,43467.11221470375,48900.50124154172,nr1,-196652.0054700261,-181214.85000628367,15437.155463742441,0.12234696239453793
71,w99055160,362.3993257842958,ab,41269.65009818708,45855.16677576342,51587.06262273384,r1,-221997.2413505931,-166134.58610732097,55862.65524327214,0.12235184420952645
72,w99055171,150.93386064656082,sfh,16885.70894548665,18761.8988283185,21107.136181858314,r1,-90831.4171607609,-67904.64817146897,22926.76898929193,0.12235184420952645
73,w99055172,71.28885925472714,sfh,9019.499646113589,10021.666273459543,11274.374557641986,r1,-48517.591863174675,-47951.32709153401,566.2647716406645,0.12235184420952645
74,w99055173,413.9677898917347,ab,46033.80958093352,51148.67731214836,57542.2619761669,r1,-247624.5548850599,-160434.33719410512,87190.21769095477,0.12235184420952645
75,w99055181,184.62117180265486,other,15209.502381678169,16899.44709075352,19011.87797709771,nr1,-76455.73842853753,-77658.4229345819,-1202.6845060443738,0.12234696239453793
76,w99055182,84.81555104400032,sfh,9995.399856476368,11105.999840529297,12494.24982059546,r1,-53767.14338635363,-54796.84306461926,-1029.6996782656279,0.12235184420952645
77,w99055185,136.9722994968528,education,10840.570650859518,12045.07850095502,13550.713313574397,nr1,-54493.8166482437,-64683.57369974008,-10189.75705149638,0.12234696239453793
78,w99055186,41.49024544628337,sfh,5137.404922484948,5708.227691649942,6421.756153106185,r1,-27635.071239499466,-28639.656422056378,-1004.5851825569116,0.12235184420952645
79,w99055192,160.51305735595523,ab,18121.209085465063,20134.67676162785,22651.511356831328,r1,-97477.40572889584,-82871.05817215575,14606.34755674009,0.12235184420952645
80,w99055193,133.23216011486946,other,9055.86994602939,10062.077717810433,11319.837432536737,nr1,-45522.41134927143,-49069.86968764097,-3547.4583383695353,0.12234696239453793
81,w99055199,594.2030242990702,ab,69499.33638341566,77221.48487046185,86874.17047926957,r2,-344137.9544201514,-213651.66316294266,130486.29125720877,0.11262781117628023
82,w99055201,119.5810925271362,sfh,16186.140935837673,17984.601039819638,20232.67616979709,r1,-87068.30872854237,-75128.52934364534,11939.779384897032,0.12235184420952645
83,w99055202,635.4450178422034,ab,74224.65462412336,82471.83847124818,92780.8182801542,r2,-367536.1829207824,-256175.4585358571,111360.72438492533,0.11262781117628023
84,w99055209,191.61494707558305,other,19092.937557201116,21214.375063556796,23866.171946501392,nr1,-95977.14659384554,-90923.95970219324,5053.186891652294,0.12234696239453793
85,w99055216,463.1840371862054,education,30329.625776782435,33699.58419642493,37912.03222097804,nr1,-152462.18297177777,-135034.23204098127,17427.950930796505,0.12234696239453793
86,w99055219,773.0541430711745,other,89363.99007406665,99293.3223045185,111704.9875925833,nr2,-413532.9184899672,-337837.8616596071,75695.05683036009,0.11262781117628023
87,w99055224,318.955577952601,ab,39326.77401159415,43696.415568437944,49158.46751449268,r1,-211546.14398283,-142591.41313512312,68954.73084770687,0.12235184420952645
88,w99055226,262.56915004737675,ab,28811.221455015977,32012.468283351085,36014.02681876997,r1,-154981.00099558482,-106774.90059927519,48206.10039630963,0.12235184420952645
89,w99055235,1694.7837025728077,trade,149404.7926523063,166005.3251692292,186755.99081538286,nr2,-691372.4408532898,-526535.149709142,164837.29114414775,0.11262781117628023
90,w99055245,424.4345906373113,ab,47895.25638616388,53216.95154018208,59869.07048270485,r1,-257637.62877104772,-170647.1042013148,86990.52456973292,0.12235184420952645
91,w99055249,70.42309986636974,sfh,9527.919340341607,10586.577044824007,11909.899175427008,r1,-51252.47740977856,-53695.59556609679,-2443.1181563182254,0.12235184420952645
92,w99055257,137.79457132667304,trade,8302.741753787854,9225.268615319837,10378.427192234816,nr1,-41736.55625525206,-50036.4058749003,-8299.849619648245,0.12234696239453793
93,w99055287,226.3710821658373,mfh,29327.158711257514,32585.731901397237,36658.94838907189,r1,-157756.32492789617,-108020.48209407901,49735.842833817165,0.12235184420952645
94,w99055292,58.725108856521544,trade,5742.2884325185605,6380.320480576178,7177.8605406482,nr1,-28865.56649655585,-37541.640993194,-8676.07449663815,0.12234696239453793
95,w99055300,847.1402418442303,other,76273.07353797425,84747.85948663806,95341.34192246781,nr2,-352954.5477570576,-304190.87587269244,48763.67188436515,0.11262781117628023
96,w99389931,488.4274571448564,mfh,51882.65252404952,57647.39169338835,64853.315655061895,r2,-256905.9049861449,-164760.5879184836,92145.3170676613,0.11262781117628023
97,w99389943,3490.8252122399163,ab,329651.0091598724,366278.89906652493,412063.7614498405,r2,-1632323.84463297,-933589.8933062438,698733.9513267261,0.11262781117628023
98,w99389949,2474.179022271931,ab,284257.7582638273,315841.9536264748,355322.1978297841,r2,-1407551.331386737,-929962.1277334816,477589.2036532555,0.11262781117628023
99,w99389956,671.7147096479312,education,46899.24791118664,52110.27545687404,58624.0598889833,nr1,-235755.02608897214,-83977.96404702238,151777.06204194977,0.12234696239453793
100,w99389960,693.6997662768932,ab,80098.50062143736,88998.33402381929,100123.12577679669,r2,-396621.5447570861,-269118.54239708825,127503.00235999783,0.11262781117628023
101,w99389971,1612.9015118613836,education,79005.85520261421,87784.28355846023,98757.31900326777,nr2,-365600.5271547745,-350833.6920147764,14766.835139998118,0.11262781117628023
102,w99389974,235.12884147074072,education,10047.192716967635,11163.547463297371,12558.990896209543,nr1,-50505.63253370737,-60114.305010848984,-9608.672477141612,0.12234696239453793
103,w99389975,1082.0712234761565,mfh,111466.82540481444,123852.0282275716,139333.53175601806,r2,-551947.216717233,-326113.2378249738,225833.97889225913,0.11262781117628023
104,w99389979,163.53384786918758,ab,21228.517390207166,23587.241544674627,26535.646737758954,r1,-114192.20389261561,-91584.58494977845,22607.618942837158,0.12235184420952645
105,w99389992,2569.363114476204,other,222880.7619206125,247645.2910229028,278600.9524007656,nr2,-1031383.3555989087,-367387.6048033658,663995.750795543,0.11262781117628023
106,w99390006,431.6004564465955,education,13943.155864366083,15492.395404851202,17428.944830457604,nr1,-70090.01681202138,-102635.10227408748,-32545.085462066098,0.12234696239453793
107,w99390011,2554.974828636646,ab,247425.31787724234,274917.0198636026,309281.6473465529,r2,-1225169.1483251126,-704447.6928985496,520721.45542656304,0.11262781117628023
108,w99390014,587.280543653667,trade,43622.5019390578,48469.44659895311,54528.12742382225,nr1,-219283.34761751615,-195659.92816326945,23623.4194542467,0.12234696239453793
109,w99390021,1617.1983746248297,other,56431.07453005592,62701.19392228436,70538.8431625699,nr2,-261135.46322850458,-261499.11581521027,-363.65258670569165,0.11262781117628023
110,w99390022,5590.431437242403,education,501507.8998853299,557230.9998725888,626884.8748566624,nr2,-2320733.7241037,-826665.2740287399,1494068.45007496,0.11262781117628023
111,w99390025,237.89438336268066,education,22880.136119028128,25422.373465586807,28600.170148785157,nr1,-115014.78867796685,-40969.25503013053,74045.53364783632,0.12234696239453793
112,w99390027,116.0190749399364,mfh,12111.38188864718,13457.090987385754,15139.227360808974,r1,-65149.410325175515,-41519.09522273457,23630.315102440945,0.12235184420952645
113,w99390046,1095.085822885856,mfh,104637.32667388588,116263.69630431764,130796.65834235735,r2,-518129.7754972099,-295696.6810320562,222433.0944651537,0.11262781117628023
114,w99390052,1678.6958267321402,education,80452.87476272321,89392.08306969245,100566.093453404,nr2,-372296.62724283,-392665.33826633065,-20368.711023500655,0.11262781117628023
115,w99390065,2581.633286331594,education,86800.34062073754,96444.82291193059,108500.42577592192,nr2,-401669.6003957133,-395116.92905782955,6552.671337883745,0.11262781117628023
116,w99390082,124.21957990797236,education,9140.033185312222,10155.592428124692,11425.041481640277,nr1,-45945.486506263966,-48811.02303680293,-2865.536530538964,0.12234696239453793
117,w99390107,332.09000708311794,education,26712.358260262183,29680.39806695798,33390.44782532773,nr1,-134278.75710228505,-47831.24594747303,86447.51115481202,0.12234696239453793
118,w99390110,1066.5973296171287,mfh,111016.92938734422,123352.1437637158,138771.16173418026,r2,-549719.478968777,-340328.5561729606,209390.92279581638,0.11262781117628023
119,w99390116,694.0162199864862,ab,76366.64546448652,84851.8282938739,95458.30683060814,r2,-378142.6201121047,-243762.39044672437,134380.22966538032,0.11262781117628023
120,w99390122,307.42072394330467,other,23978.9127918091,26643.236435343442,29973.640989761374,nr1,-120538.16345890111,-134049.693484706,-13511.530025804881,0.12234696239453793
121,w99390129,1196.3697846690193,trade,62972.859261591475,69969.84362399053,78716.07407698935,nr2,-291407.6492614116,-236294.66854439172,55112.980717019906,0.11262781117628023
122,w99390130,964.417538562417,education,49512.76423577884,55014.18248419871,61890.95529472355,nr1,-248892.75508741988,-216002.025497575,32890.72958984488,0.12234696239453793
123,w99390133,9252.387912133521,education,680645.1328091653,756272.3697879614,850806.4160114565,nr2,-3149693.383132044,-1121947.8204803364,2027745.5626517078,0.11262781117628023
124,w99390139,1249.1388426542283,ab,101272.3942615666,112524.88251285178,126590.49282695825,r2,-501467.73212532606,-340826.55384987866,160641.1782754474,0.11262781117628023
125,w99390141,112.67489476799965,other,7161.259483685899,7956.954981873221,8951.574354607374,nr1,-35998.50725972017,-45318.75987361538,-9320.252613895209,0.12234696239453793
126,w99758761,171.36210507287177,trade,18702.739494504167,20780.821660560185,23378.424368130207,nr1,-94015.68327517594,-96265.30941190266,-2249.626136726729,0.12234696239453793
127,w99758765,309.03573338240386,trade,17633.22369336,19592.4707704,22041.529616699998,nr1,-88639.39822090816,-87218.72111132799,1420.6771095801669,0.12234696239453793
128,w99758770,601.7205038767308,mfh,67803.20632134694,75336.89591260771,84754.00790168367,r2,-335739.2737943298,-221332.61103142635,114406.66276290343,0.11262781117628023
129,w99758771,976.6668764967471,mfh,93790.2658837786,104211.40653753177,117237.83235472324,r2,-464418.68261446815,-282629.28914555185,181789.3934689163,0.11262781117628023
130,w99758774,197.5460334163159,ab,21548.287941595398,23942.54215732822,26935.359926994246,r1,-115912.31007486946,-97005.70740837157,18906.602666497885,0.12235184420952645
131,w99758775,265.071225726977,sfh,27414.764697100116,30460.849663444573,34268.45587137514,r1,-147469.1963840809,-113143.54544513157,34325.650938949315,0.12235184420952645
132,w99758777,337.6781565959565,ab,38785.81336494016,43095.34818326684,48482.26670617519,r1,-208636.21450800524,-157107.29337104197,51528.92113696327,0.12235184420952645
133,w99758783,333.3155570875853,th,46165.858494498185,51295.3983272202,57707.32311812273,r1,-248334.87092759847,-88454.81641783519,159880.0545097633,0.12235184420952645
134,w99758786,182.17889552428386,mfh,24975.758120688377,27750.84235632042,31219.69765086047,r1,-134349.31942095768,-84976.48006277705,49372.83935818063,0.12235184420952645
135,w99758788,349.08404515869915,other,29695.324703960447,32994.80522662272,37119.15587995056,nr1,-149273.6528219,-132777.2044818864,16496.448340013594,0.12234696239453793
136,w99758792,60.93018751584459,sfh,7098.129910688255,7886.811011875839,8872.662388360319,r1,-38182.18121965966,-41559.32525991068,-3377.1440402510198,0.12235184420952645
137,w99758793,126.39461716674268,ab,14533.912444621437,16148.79160513493,18167.390555776794,r1,-78180.6596629892,-64998.66516667916,13181.994496310042,0.12235184420952645
138,w99758796,906.0679207786917,ab,92578.39928517047,102864.88809463385,115722.99910646307,r2,-458417.9160751401,-265049.32239067147,193368.59368446865,0.11262781117628023
139,w99758800,420.9761067721993,ab,43617.35169245246,48463.724102724955,54521.68961556557,r1,-234625.97157247105,-152618.82002702705,82007.15154544401,0.12235184420952645
140,w99758801,293.7319820257835,mfh,30453.792851169546,33837.547612410606,38067.241063961934,r1,-163816.70272312386,-107338.02565803118,56478.67706509268,0.12235184420952645
141,w99758803,512.6721141899004,mfh,56071.10035591353,62301.2226176817,70088.8754448919,r2,-277645.72703424655,-175614.03903954904,102031.68799469751,0.11262781117628023
142,w99758805,165.76912949401884,sfh,21149.48042883679,23499.42269870754,26436.850536045986,r1,-113767.04915185059,-96151.0964855758,17615.95266627478,0.12235184420952645
143,w99758807,110.8734177275095,other,10633.353902934445,11814.837669927161,13291.692378668055,nr1,-53452.171163743405,-55916.471732829814,-2464.3005690864084,0.12234696239453793
144,w99758813,43.0509613757953,other,4335.785169212401,4817.539076902668,5419.731461515501,nr0,-26724.70345420267,-26482.613324026926,242.09013017574398,0.15001795762769513
145,w99758814,84.92593946289271,th,9884.973779293656,10983.304199215172,12356.217224117068,r1,-53173.140664028455,-40899.94654981063,12273.194114217826,0.12235184420952645
146,w99758818,424.19755738042295,mfh,42981.25264898336,47756.94738775929,53726.5658112292,r1,-231204.27469498542,-152099.2173195969,79105.05737538851,0.12235184420952645
147,w99758821,35.03456762442365,sfh,4362.174934958981,4846.861038843312,5452.718668698726,r0,-28793.25122252865,-34364.19242038754,-5570.9411978588905,0.15013479573308705
148,w99758824,478.7830200769007,ab,54415.092655594315,60461.21406177146,68018.86581949289,r2,-269445.7192047061,-226046.44363086793,43399.27557383815,0.11262781117628023
149,w99758826,392.0728006519377,ab,50422.93344994148,56025.48161104609,63028.666812426854,r2,-249677.854153828,-175241.06897823274,74436.78517559526,0.11262781117628023
152,w99758837,194.723237061128,mfh,27818.768765056746,30909.743072285273,34773.46095632093,r1,-149642.41055884145,-105421.89185395179,44220.51870488966,0.12235184420952645
153,w99758838,478.1149431033991,ab,49879.55482966044,55421.727588511596,62349.443537075545,r1,-268311.5448189054,-181875.0571336062,86436.48768529922,0.12235184420952645
154,w99758842,66.20839738831855,sfh,9098.77198804681,10109.746653385344,11373.464985058512,r1,-48944.01276043712,-39366.27875272867,9577.734007708452,0.12235184420952645
155,w99758845,141.8255072105676,th,20597.68337727332,22886.31486363702,25747.104221591646,r1,-110798.82860864174,-100469.4760650656,10329.35254357614,0.12235184420952645
156,w99758846,563.5821329504251,other,39110.73926488373,43456.37696098192,48888.424081104655,nr1,-196603.43750528072,-174991.96453522408,21611.47297005664,0.12234696239453793
157,w99758847,385.25146163031457,sfh,48245.97195129891,53606.635501443234,60307.46493912364,r1,-259524.1940259858,-191332.11758131764,68192.07644466817,0.12235184420952645
158,w99758850,177.17881421931088,ab,22322.486341848085,24802.762602053426,27903.107927310106,r1,-120076.8694715504,-86870.7888077421,33206.0806638083,0.12235184420952645
159,w99758852,422.9061155930161,other,27630.39919965029,30700.443555166985,34537.99899956286,nr1,-138893.60222786252,-131016.82693085408,7876.77529700844,0.12234696239453793
160,w99758858,57.38898355839774,sfh,6590.511049374096,7322.7900548601065,8238.13881171762,r1,-35451.60350453087,-38206.396935430916,-2754.7934309000484,0.12235184420952645
161,w99758862,402.33381934519855,sfh,47385.93913186298,52651.04347984775,59232.42391482872,r1,-254897.91507931417,-216606.91379129962,38291.00128801455,0.12235184420952645
162,w99758864,101.365438436158,other,10686.907379847416,11874.341533163795,13358.63422480927,nr1,-53721.37593586857,-55954.479699898024,-2233.1037640294526,0.12234696239453793
163,w99758865,63.831228005420414,other,4034.3888558582253,4482.654284286917,5042.986069822781,nr0,-24866.971398247635,-28487.053974153423,-3620.082575905788,0.15001795762769513
164,w99758868,445.0926624152809,ab,49002.607042031916,54447.341157813236,61253.258802539895,r1,-263594.2770640575,-170462.83950525048,93131.437558807,0.12235184420952645
165,w99758869,105.27734354436397,other,8736.207849217513,9706.897610241682,10920.259811521892,nr1,-43915.521061472944,-50074.54867167364,-6159.027610200697,0.12234696239453793
166,w99758874,732.9468768487684,ab,73910.07250364788,82122.30278183098,92387.59062955985,r2,-365978.4752782181,-242220.25138350646,123758.22389471164,0.11262781117628023
167,w99758876,118.68904608124866,sfh,12352.210694951837,13724.678549946484,15440.263368689795,r1,-66444.87395305198,-64667.12686129413,1777.747091757854,0.12235184420952645
168,w99758878,556.4759241774678,other,50045.05270888446,55605.61412098273,62556.31588610557,nr2,-231584.07190118267,-205158.75827823736,26425.31362294531,0.11262781117628023
169,w99758879,141.26093079326674,other,12063.985867794016,13404.42874199335,15079.982334742519,nr1,-60643.729476957546,-84425.64063394023,-23781.911156982685,0.12234696239453793
170,w99758882,536.390386541374,other,53874.88809445505,59860.98677161672,67343.6101180688,nr2,-249306.68033684563,-207057.790293406,42248.890043439635,0.11262781117628023
171,w99758886,70.57262436598539,sfh,9862.178496867567,10957.97610763063,12327.723121084458,r1,-53050.52053513569,-52838.68121235894,211.83932277675194,0.12235184420952645
172,w99758887,84.85345135740936,sfh,11592.59887534742,12880.665417052687,14490.748594184273,r1,-62358.77852824748,-61819.637876932975,539.1406513145048,0.12235184420952645
173,w99758888,71.82869699064176,other,5611.650315189278,6235.167016876976,7014.562893986597,nr1,-28208.8695529822,-32275.636810029166,-4066.767257046966,0.12234696239453793
174,w99758891,1365.0763243824242,trade,109673.71393623555,121859.68215137284,137092.14242029443,nr2,-507516.4053003367,-482913.88623812544,24602.51906221127,0.11262781117628023
175,w99758895,154.4283221337944,other,11343.022479982455,12603.358311091617,14178.778099978068,nr1,-57019.56171579041,-20310.857347060417,36708.704368729996,0.12234696239453793
176,w99758899,158.4874060918577,th,20589.83452385864,22877.59391539849,25737.2931548233,r1,-110756.60814392545,-85296.09646752688,25460.51167639857,0.12235184420952645
177,w99758900,82.77785695786588,sfh,10694.216001383687,11882.462223759652,13367.770001729608,r1,-57526.20739614266,-53463.92094484359,4062.286451299071,0.12235184420952645
178,w99758903,400.34018093422054,trade,29613.781724427085,32904.20191603009,37017.22715553385,nr1,-148863.74929202537,-141468.27797984498,7395.471312180394,0.12234696239453793
179,w99758905,110.54209396946244,sfh,14100.026680676654,15666.696311862948,17625.033350845817,r1,-75846.70620256799,-55720.789112562,20125.91709000599,0.12235184420952645
180,w99758908,248.9345047255978,ab,27512.151103074764,30569.05678119418,34390.18887884345,r1,-147993.05625253104,-102648.87851748902,45344.177735042016,0.12235184420952645
181,w99758913,208.22132023065353,ab,22300.78576510543,24778.65085011714,27875.982206381785,r1,-119960.13797125599,-98610.2960144368,21349.84195681919,0.12235184420952645
182,w99758915,71.10941483918579,ab,10013.713282288307,11126.348091431451,12517.141602860384,r1,-53865.654762152946,-43362.50698880642,10503.147773346529,0.12235184420952645
183,w99758919,819.0798590054737,ab,94696.69321739217,105218.54801932463,118370.8665217402,r2,-468907.0139375098,-295986.91882622195,172920.09511128784,0.11262781117628023
184,w99758922,83.9358181065414,th,11677.410484752485,12974.900538613872,14596.763105940605,r1,-62814.99619129123,-47375.230747005866,15439.765444285367,0.12235184420952645
185,w99758926,36.12754547015065,sfh,4556.491211661925,5062.768012957695,5695.614014577406,r0,-30075.86768224358,-24174.51494871614,5901.352733527441,0.15013479573308705
186,w99758928,119.38002583179623,sfh,17308.899478423707,19232.110531581897,21636.124348029633,r1,-93107.83895387522,-67279.66097144355,25828.177982431676,0.12235184420952645
187,w99758931,65.79372537583113,th,8611.439252918039,9568.265836575598,10764.299066147547,r1,-46322.5579489465,-47801.74505243184,-1479.1871034853393,0.12235184420952645
188,w99758935,355.7203856162727,ab,44548.24205703894,49498.046730043265,55685.30257129867,r1,-239633.40663543815,-159824.32610846093,79809.08052697722,0.12235184420952645
189,w99758936,99.44306262517348,th,12820.809152675898,14245.343502973219,16026.011440844872,r1,-68965.553548551,-71110.29579149303,-2144.7422429420258,0.12235184420952645
190,w99758945,525.0721962768584,mfh,72696.76550898828,80774.18389887585,90870.95688623533,r2,-359970.57636933797,-128218.52657919851,231752.04979013946,0.11262781117628023
191,w99758951,355.6037514369003,ab,38846.362119594094,43162.62457732677,48557.95264949262,r1,-208961.91769347954,-131651.28993694356,77310.62775653598,0.12235184420952645
192,w99758953,525.4067761451006,other,30960.182478675506,34400.2027540839,38700.22809834438,nr1,-155631.8907672394,-155623.18481385705,8.705953382363077,0.12234696239453793
193,w99758954,37.75478148937691,sfh,3643.787391156788,4048.6526568408754,4554.7342389459845,r0,-24051.41639649677,-26199.933789750346,-2148.5173932535763,0.15013479573308705
194,w99758959,30.14875982720405,sfh,3902.3905445980445,4335.989493997827,4877.988180747555,r0,-25758.36893164131,-22390.461598315887,3367.9073333254237,0.15013479573308705
195,w99758962,201.50926117040217,mfh,21723.95521923704,24137.72802137449,27154.944024046297,r1,-116857.25753478814,-41623.58360596479,75233.67392882335,0.12235184420952645
196,w99758966,155.61690238779408,th,21851.717362183943,24279.685957982158,27314.646702729926,r1,-117544.51422864845,-90887.34423011645,26657.169998532,0.12235184420952645
197,w99758967,90.83302856497467,ab,10128.948163735615,11254.386848595128,12661.185204669518,r1,-54485.52495072499,-53452.25001676977,1033.2749339552174,0.12235184420952645
198,w99758970,391.2386861808598,th,48443.52710272418,53826.14122524909,60554.40887840523,r1,-260586.88049235192,-173925.42245067406,86661.45804167786,0.12235184420952645
199,w99758974,163.93810575278476,sfh,20363.139486646123,22625.710540717915,25453.924358307653,r1,-109537.1727290548,-73665.84034445883,35871.33238459597,0.12235184420952645
200,w99758975,139.83927450878545,sfh,19017.06701210734,21130.074457897044,23771.333765134175,r1,-102296.39469254066,-76150.45581374921,26145.93887879145,0.12235184420952645
201,w99758979,705.2831632008775,trade,40567.1544633245,45074.61607036056,50708.94307915562,nr1,-203924.60401428313,-173395.42901283223,30529.1750014509,0.12234696239453793
202,w99758981,319.7999828794971,other,27092.453379920906,30102.725977689894,33865.56672490113,nr1,-136189.43454046332,-48511.84565247459,87677.58888798874,0.12234696239453793
203,w99758984,336.42351993245535,ab,41356.19257743753,45951.325086041696,51695.24072179691,r1,-222462.76968939728,-148033.4128628793,74429.35682651796,0.12235184420952645
204,w99758985,1446.6540044941007,ab,159203.44292933436,176892.71436592707,199004.30366166795,r2,-788323.3141118202,-453948.1088414666,334375.2052703536,0.11262781117628023
205,w99758989,963.3213891830295,education,66773.88157928629,74193.20175476254,83467.35197410785,nr2,-308996.9248855087,-318783.95646626357,-9787.031580754847,0.11262781117628023
206,w99758991,346.04414169639347,ab,38927.20383955835,43252.44871062039,48659.00479944794,r1,-209396.78057153654,-160865.1643488897,48531.616222646844,0.12235184420952645
207,w99758995,38.315451947040856,sfh,4605.429916486004,5117.144351651115,5756.787395607505,r0,-30398.895631263258,-27397.04058307458,3001.8550481886778,0.15013479573308705
208,w99758997,604.6954287230968,other,49421.63020499519,54912.92244999466,61777.03775624399,nr1,-248434.6388752862,-239690.36858774335,8744.270287542866,0.12234696239453793
209,w99759000,505.76658869385716,other,34496.09632156219,38328.995912846876,43120.120401952736,nr1,-173406.3647173701,-61768.83565682478,111637.52906054532,0.12234696239453793
210,w99759001,277.86601877255595,other,21620.245901575137,24022.495446194596,27025.30737696892,nr1,-108681.52184931005,-104475.47177613678,4206.050073173275,0.12234696239453793
211,w99759005,200.24946516156197,th,21517.100210125434,23907.889122361594,26896.37526265679,r1,-115744.5453777169,-83690.42610012196,32054.119277594946,0.12235184420952645
212,w99759006,478.86383471041916,sfh,50992.01233528256,56657.79148364729,63740.0154191032,r2,-252495.7464344759,-164237.6127420144,88258.1336924615,0.11262781117628023
213,w99759010,347.4218390390277,ab,42845.86231337848,47606.513681531644,53557.32789172309,r1,-230475.9845122893,-153514.26397395367,76961.72053833562,0.12235184420952645
214,w99759011,1184.1155465334652,health,81096.3879180279,90107.09768669767,101370.48489753487,nr2,-375274.4919619331,-326681.5100768615,48592.98188507161,0.11262781117628023
215,w99759013,1127.2734199425206,other,48346.56544700629,53718.406052229206,60433.20680875786,nr1,-243030.4601015248,-216457.02758942806,26573.43251209674,0.12234696239453793
216,w99759015,262.8249901607633,mfh,34217.03964154063,38018.932935045144,42771.29955192578,r1,-184059.91787024122,-65560.61250794173,118499.30536229949,0.12235184420952645
217,w99759016,162.4421672269469,other,8362.91554321064,9292.128381345156,10453.644429013299,nr1,-42039.040280627174,-61178.86328215737,-19139.823001530196,0.12234696239453793
218,w99759020,78.66829424034803,other,5363.4306045502435,5959.367338389159,6704.288255687804,nr1,-26961.10872602138,-35399.84595538424,-8438.737229362861,0.12234696239453793
219,w99759023,45.55874986834824,th,6763.263251708072,7514.736946342302,8454.079064635089,r1,-36380.87022387887,-27432.88959551644,8947.980628362428,0.12235184420952645
220,w99759028,314.5253525768406,trade,33061.024403090545,36734.47155898949,41326.28050386318,nr1,-166192.48746672587,-152314.68638457527,13877.801082150603,0.12234696239453793
221,w99759036,422.98085668310523,mfh,42631.70476229463,47368.56084699403,53289.63095286828,r1,-229323.99060291753,-142355.53165317973,86968.4589497378,0.12235184420952645
222,w99759038,116.55152825303375,ab,12476.366237759883,13862.629153066537,15595.457797199853,r1,-67112.73006368526,-61112.262887205456,6000.467176479804,0.12235184420952645
224,w99759044,415.2007402397692,trade,30727.523085082063,34141.69231675785,38409.403856352576,nr1,-154462.3491679725,-147294.9276524163,7167.421515556198,0.12234696239453793
225,w99759045,941.2816024620085,trade,46874.11717738663,52082.35241931848,58592.646471733286,nr1,-235628.69790533307,-209950.4094148279,25678.28849050516,0.12234696239453793
226,w99759047,442.628270605579,mfh,44840.233894655554,49822.482105172836,56050.29236831944,r1,-241204.085870507,-144131.34113442292,97072.74473608407,0.12235184420952645
227,w99759050,246.0824731603265,trade,22511.684368925235,25012.98263213915,28139.60546115654,nr1,-113162.64059826778,-113906.96700530186,-744.3264070340811,0.12234696239453793
228,w99759051,91.54405212756247,th,11301.573718027325,12557.30413114147,14126.967147534155,r1,-60793.29924904415,-48220.78410562847,12572.51514341568,0.12235184420952645
229,w99759055,270.5142616614699,other,18027.259599334837,20030.288443705373,22534.074499168546,nr1,-90620.15376455797,-84256.43479930851,6363.718965249456,0.12234696239453793
230,w99759057,194.30349186724052,th,26936.28423283178,29929.20470314642,33670.35529103972,r1,-144895.3596092353,-98485.33361485893,46410.02599437638,0.12235184420952645
231,w99759061,534.3112589053809,trade,25116.553078843055,27907.281198714503,31395.691348553817,nr1,-126256.89941938934,-125937.08685981462,319.81255957472604,0.12234696239453793
232,w99759062,137.67195288166403,th,17570.109600664895,19522.344000738773,21962.637000831117,r1,-94512.93752903717,-76182.71337107568,18330.224157961493,0.12235184420952645
233,w99759063,182.5971095246263,sfh,23409.161696221272,26010.17966246808,29261.45212027659,r1,-125922.30141343942,-109457.70014636483,16464.601267074584,0.12235184420952645
234,w99759067,347.13443305995315,other,14604.042087206286,16226.713430229207,18255.052609007857,nr1,-73412.18626349293,-74490.13858547487,-1077.9523219819384,0.12234696239453793
235,w99759073,34.86947953915223,sfh,3369.323871661266,3743.69319073474,4211.654839576582,r0,-22239.774913501482,-27976.851760795766,-5737.076847294284,0.15013479573308705
236,w99759074,1179.944325777702,mfh,115106.04981104136,127895.61090115707,143882.5622638017,r2,-569967.4642189586,-343153.0597291165,226814.40448984213,0.11262781117628023
237,w99759077,212.39228247441352,sfh,25996.152531155218,28884.613923505796,32495.19066394402,r1,-139838.21364890155,-97804.87783755963,42033.33581134192,0.12235184420952645
239,w99759083,341.51128259450195,trade,15755.53024255659,17506.144713951766,19694.412803195737,nr1,-79200.53324551354,-79622.44712650575,-421.9138809922151,0.12234696239453793
240,w99759085,319.12387123871594,other,16124.762320599133,17916.40257844348,20155.952900748915,nr1,-81056.60390909109,-89121.18132569257,-8064.577416601474,0.12234696239453793
241,w99759087,592.8829183824361,other,51137.99563470979,56819.99514967755,63922.494543387234,nr2,-236641.67818627486,-205561.3295451255,31080.34864114935,0.11262781117628023
242,w99759088,334.1662621571682,ab,38269.47653436571,42521.64059373968,47836.84566795714,r1,-205858.74118990044,-136449.8304650926,69408.91072480785,0.12235184420952645
243,w99759091,80.87078364617192,sfh,11524.131641001168,12804.590712223518,14405.164551251459,r1,-61990.4803451611,-22080.49372245957,39909.98662270153,0.12235184420952645
244,w99759093,176.2003906674683,sfh,24764.95217261122,27516.61352512358,30956.190215764025,r1,-133215.35441708472,-102622.93716969115,30592.41724739356,0.12235184420952645
245,w99759094,339.69808716569094,other,37582.71276836215,41758.56974262461,46978.390960452685,nr1,-188922.29244226665,-164177.60732326176,24744.68511900489,0.12234696239453793
246,w99759096,246.47077107857913,mfh,23598.463882924807,26220.515425472007,29498.079853656007,r1,-126940.59362405512,-83538.42106086976,43402.17256318536,0.12235184420952645
247,w99759099,50.23060751573648,th,7134.781015914094,7927.53446212677,8918.476269892617,r1,-38379.33443596338,-42621.17454027636,-4241.840104312985,0.12235184420952645
248,w99759102,1460.464218017459,other,128159.99370613102,142399.99300681223,160199.99213266376,nr2,-593061.8830585573,-464864.8960548056,128196.98700375168,0.11262781117628023
249,w99759105,189.26809048298745,mfh,22334.256335775855,24815.840373084284,27917.820419719817,r1,-120140.1824915654,-80636.93047021274,39503.25202135266,0.12235184420952645
250,w99759110,35.61810292806477,th,4375.3120568172735,4861.457840908081,5469.140071021591,r0,-28879.964950347166,-34198.73118511329,-5318.766234766124,0.15013479573308705
251,w99759111,238.72463138289748,th,34535.9950545772,38373.327838419114,43169.9938182215,r1,-185775.6392693686,-66171.73820614546,119603.90106322315,0.12235184420952645
252,w99759113,635.4707306571305,th,86670.32318175596,96300.35909083995,108337.90397719495,r2,-429163.05796295777,-302711.0122657078,126452.04569725,0.11262781117628023
253,w99759120,160.90588292758912,th,23237.39167444857,25819.324082720632,29046.73959306071,r1,-124998.31802880812,-44523.36167078188,80474.95635802625,0.12235184420952645
254,w99759121,33.129497365746644,ab,3818.7156608234063,4243.017400914896,4773.394576029257,r0,-25206.059135390173,-27482.48274557353,-2276.423610183356,0.15013479573308705
255,w99759126,310.54387535755524,ab,34300.81502744586,38112.016697162064,42876.01878430732,r1,-184510.56149139607,-123097.34472622341,61413.21676517266,0.12235184420952645
256,w99759127,85.13879598667843,other,8496.79167350324,9440.879637225822,10620.989591879048,nr1,-42712.01419802541,-43561.53090559751,-849.5167075720965,0.12234696239453793
257,w99759131,184.6887545518577,ab,20787.501022478882,23097.223358309868,25984.3762780986,r1,-111819.89356788043,-93222.15171857462,18597.741849305807,0.12235184420952645
258,w99759132,153.35469039995223,ab,17695.00512599379,19661.116806659767,22118.756407492237,r1,-95184.7741453904,-70737.95103112065,24446.823114269748,0.12235184420952645
259,w99759137,162.2998407471925,mfh,21055.671207008436,23395.19023000937,26319.589008760544,r1,-113262.4316324485,-117457.20389616191,-4194.772263713414,0.12235184420952645
260,w99759138,557.9003615580499,mfh,56330.74901759959,62589.721130666214,70413.43627199948,r2,-278931.42217826366,-176325.43654879637,102605.9856294673,0.11262781117628023
261,w99759140,160.4533356629312,ab,17634.05521702537,19593.394685583742,22042.56902128171,r1,-94856.91307510344,-78108.48280042082,16748.430274682614,0.12235184420952645
262,w99759142,128.98004897348582,sfh,17650.096411774208,19611.218235304674,22062.620514717757,r1,-94943.20169092009,-64159.75395127703,30783.44773964306,0.12235184420952645
263,w99759148,518.2482564277947,ab,59352.94618142581,65947.71797936202,74191.18272678225,r2,-293896.3528371084,-188682.87262924694,105213.48020786149,0.11262781117628023
264,w99759152,155.39786574579776,ab,16837.00273483737,18707.780816485967,21046.253418546712,r1,-90569.41725586579,-69197.7322382245,21371.685017641285,0.12235184420952645
265,w99759159,71.9146042395383,sfh,9767.034283888204,10852.260315431338,12208.792854860254,r1,-52538.72184622897,-54404.53107826891,-1865.8092320399446,0.12235184420952645
266,w99759161,242.4930030848831,mfh,32388.127737790874,35986.808597545416,40485.15967223859,r1,-174221.85536329634,-118648.96314881391,55572.89221448243,0.12235184420952645
267,w99759162,714.1891373082996,mfh,77904.36715681193,86560.40795201325,97380.45894601491,r2,-385756.9143658645,-240523.85875276802,145233.05561309645,0.11262781117628023
268,w99759164,595.7694656141102,mfh,71961.73720566227,79957.48578406918,89952.17150707783,r2,-356330.95691524656,-126922.12438872119,229408.83252652537,0.11262781117628023
269,w99759165,160.50856082765387,mfh,22755.65774251579,25284.064158350877,28444.572178144736,r1,-122406.98023700189,-86407.64164232956,35999.33859467233,0.12235184420952645
270,w99759170,93.69908212199807,sfh,11619.451405943726,12910.501562159696,14524.314257429656,r1,-62503.22336122959,-61593.51561879748,909.7077424321105,0.12235184420952645
271,w99759172,204.59550149962305,other,17169.669362300792,19077.410402556434,21462.08670287599,nr1,-86309.18466141837,-85339.97875208707,969.2059093313001,0.12234696239453793
272,w99759176,41.50382452430203,sfh,4163.668093659857,4626.297881844285,5204.585117074821,r0,-27482.974253783,-22256.312180725326,5226.662073057672,0.15013479573308705
273,w99759177,360.73507672324774,ab,44758.280247853094,49731.42249761455,55947.850309816364,r1,-240763.241728008,-157305.1308712301,83458.1108567779,0.12235184420952645
274,w99759180,347.1465133147314,education,19069.298725020304,21188.109694467003,23836.62340627538,nr1,-95858.31796128294,-87986.02596237656,7872.291998906381,0.12234696239453793
275,w99759183,128.67689446713774,sfh,18376.72489710795,20418.583219008833,22970.906121384935,r1,-98851.87353202049,-83748.89363024113,15102.979901779356,0.12235184420952645
276,w99759189,171.2441471248865,ab,18363.415474169808,20403.794971299787,22954.269342712258,r1,-98780.27963264877,-83213.33702273856,15566.942609910213,0.12235184420952645
277,w99759190,369.99921465907244,other,20710.457907946584,23011.619897718425,25888.072384933228,nr1,-104108.1629634808,-99408.05339929837,4700.109564182436,0.12234696239453793
278,w99759195,184.4751641433686,sfh,22818.050116989565,25353.389018877293,28522.562646236955,r1,-122742.60060164123,-84125.63402220205,38616.96657943918,0.12235184420952645
279,w155463247,886.8482149265707,mfh,90574.02742084471,100637.808245383,113217.53427605589,r2,-448492.9229862712,-265375.8845148369,183117.03847143432,0.11262781117628023
280,w155463249,403.549402025342,trade,23648.752708879776,26276.391898755304,29560.940886099717,nr1,-118878.50147216859,-121239.44772531191,-2360.9462531433237,0.12234696239453793
281,w155463253,721.7602650925515,mfh,85711.09171490726,95234.54634989696,107138.86464363408,r2,-424413.25786421157,-151172.4739640745,273240.78390013706,0.11262781117628023
282,w155463254,852.2730644002556,mfh,87014.59305688317,96682.88117431464,108768.24132110395,r2,-430867.76964453637,-153471.51739870288,277396.2522458335,0.11262781117628023
283,w155463255,713.9319995328784,mfh,71073.4939418158,78970.54882423978,88841.86742726975,r2,-351932.667150849,-125355.49014114645,226577.17700970254,0.11262781117628023
284,w155463260,725.1058137452229,mfh,66389.32398774149,73765.91554193498,82986.65498467686,r2,-328738.1914905586,-183548.25891214746,145189.93257841116,0.11262781117628023
285,w155463261,1003.1358517257496,mfh,96812.24176736335,107569.15751929261,121015.30220920418,r2,-479382.5175660211,-281396.07203553285,197986.44553048827,0.11262781117628023
286,w155463268,907.8277638942003,mfh,88048.47049851796,97831.63388724218,110060.58812314743,r2,-435987.19216567336,-250748.36145670456,185238.8307089688,0.11262781117628023
287,w155463269,646.430608794326,mfh,65800.13973759115,73111.26637510127,82250.17467198893,r2,-325820.7440273956,-206050.15550536508,119770.58852203054,0.11262781117628023
288,w155463275,531.2511221051216,mfh,56742.54191479465,63047.26879421628,70928.17739349332,r2,-280970.48575296666,-159167.49530723365,121802.99044573301,0.11262781117628023
289,w155463277,722.3371928531676,mfh,75825.75026506544,84250.83362785049,94782.18783133179,r2,-375464.2842146576,-227959.2920449412,147504.99216971642,0.11262781117628023
290,w155463281,852.691491766274,mfh,81167.2147222987,90185.79413588744,101459.01840287336,r2,-401913.4670065502,-244837.01595726222,157076.451049288,0.11262781117628023
291,w155463286,75.58565192222595,sfh,11379.481362010443,12643.868180011603,14224.351702513053,r1,-61212.37917831973,-54068.618032884886,7143.761145434844,0.12235184420952645
292,w155463289,870.3151384696364,mfh,92029.85106537899,102255.39007264332,115037.31383172373,r2,-455701.6849269978,-267218.9083524958,188482.776574502,0.11262781117628023
293,w155463294,520.8021583877504,mfh,73954.39748668816,82171.55276298684,92442.9968583602,r2,-366197.9580788745,-130436.6681709262,235761.2899079483,0.11262781117628023
294,w155463296,531.2875348292291,mfh,59600.264491446156,66222.51610160685,74500.33061430769,r2,-295120.99211756873,-192103.8015552359,103017.19056233283,0.11262781117628023
295,w155463300,903.6974393147975,mfh,82377.16016846654,91530.17796496282,102971.45021058316,r2,-407904.72062812495,-245051.4398081192,162853.28082000575,0.11262781117628023
296,w155463302,619.062746527791,mfh,73694.19011571503,81882.43346190559,92117.73764464378,r2,-364909.49638943165,-217883.15606288682,147026.34032654483,0.11262781117628023
297,w155463304,1087.9011799693108,mfh,132782.97083749846,147536.6342638872,165978.71354687307,r2,-657497.7883781851,-234195.24591486438,423302.5424633208,0.11262781117628023
298,w155463308,740.3594694465398,mfh,74398.41232336155,82664.90258151284,92998.01540420194,r2,-368396.57414596895,-223135.7437495464,145260.83039642253,0.11262781117628023
299,w155463310,722.3160033598542,mfh,78437.63363840502,87152.92626489447,98047.04204800627,r2,-388397.4753508477,-138343.95166084517,250053.52369000253,0.11262781117628023
300,w155463313,774.0583199881017,mfh,75098.58684319264,83442.87427021404,93873.2335539908,r2,-371863.6090779641,-219126.44512236197,152737.16395560213,0.11262781117628023
301,w155463314,1101.9502923069522,mfh,104359.84119134728,115955.37910149698,130449.8014891841,r2,-516755.75825745816,-300197.8760775748,216557.88217988337,0.11262781117628023
302,w155463317,740.3064833164215,mfh,74649.75970721088,82944.17745245653,93312.1996340136,r2,-369641.16408060613,-219933.77494248102,149707.38913812512,0.11262781117628023
303,w155463319,828.4481069911271,mfh,78474.43739685023,87193.8193298336,98093.04674606278,r2,-388579.71551032836,-218252.3429896355,170327.37252069285,0.11262781117628023
304,w155463321,781.2118542082608,mfh,75955.85291213829,84395.3921245981,94944.81614017286,r2,-376108.5099174945,-219435.48430265184,156673.02561484266,0.11262781117628023
305,w155463324,722.1055689860135,mfh,76230.77521241456,84700.86134712728,95288.4690155182,r2,-377469.8351180633,-225471.7228977643,151998.11222029902,0.11262781117628023
306,w155463327,780.4636536210775,mfh,78934.78481367027,87705.31645963363,98668.48101708783,r2,-390859.2051657843,-241331.1807686424,149528.02439714188,0.11262781117628023
307,w155463330,867.026127423346,mfh,92798.36038612344,103109.28931791494,115997.9504826543,r2,-459507.0914151225,-163672.60571177784,295834.4857033447,0.11262781117628023
308,w155463331,701.7002469789237,mfh,75620.8436945795,84023.15966064388,94526.05461822437,r2,-374449.65397955355,-231078.8761733841,143370.77780616944,0.11262781117628023
309,w155463336,356.26551316827533,mfh,37646.38639526564,41829.31821696182,47057.98299408205,r1,-202507.02166565257,-112709.56141199767,89797.4602536549,0.12235184420952645
310,w155463337,437.0872274041176,trade,16347.364508861188,18163.7383431791,20434.205636076484,nr1,-82175.5895440114,-78137.23004748204,4038.3594965293596,0.12234696239453793
311,w155463339,868.4495440013707,mfh,96284.55889755068,106982.84321950076,120355.69862193835,r2,-476769.6047980768,-169821.36946169368,306948.2353363831,0.11262781117628023
312,w155463342,722.9579402044416,mfh,72192.16091602764,80213.5121289196,90240.20114503455,r2,-357471.93967078783,-222629.55619853025,134842.38347225758,0.11262781117628023
313,w155463343,844.8904670208692,mfh,87271.28425516972,96968.09361685524,109089.10531896215,r2,-432138.82039829675,-265918.0212834155,166220.79911488126,0.11262781117628023
314,w155463347,1083.6851687338203,mfh,101563.78341079073,112848.64823421191,126954.7292634884,r2,-502910.5957693902,-275463.99407543585,227446.60169395432,0.11262781117628023
315,w155463348,740.608741542697,mfh,73742.38733091138,81935.98592323487,92177.98416363922,r2,-365148.1532156625,-212685.75100279954,152462.40221286297,0.11262781117628023
316,w155463352,356.4181080274284,mfh,38492.77211566138,42769.74679517931,48115.965144576716,r1,-207059.8902894319,-73753.01146647513,133306.87882295676,0.12235184420952645
317,w155463353,722.1394314199686,mfh,96023.96050529758,106693.28945033065,120029.95063162198,r2,-475479.2068993054,-169361.740458262,306117.4664410434,0.11262781117628023
318,w155463354,696.3946817303076,mfh,75225.69127239037,83584.10141376707,94032.11409048796,r2,-372492.9885877271,-240371.41260830272,132121.57597942435,0.11262781117628023
319,w155463358,865.4375973489136,mfh,87470.73329689098,97189.70366321219,109338.41662111372,r2,-433126.4267381667,-252963.19361987375,180163.23311829296,0.11262781117628023
320,w155463359,1101.9756921548396,mfh,103923.56216152417,115470.62462391573,129904.4527019052,r2,-514595.4473725967,-297761.6544153346,216833.79295726214,0.11262781117628023
321,w155463364,740.593882034719,mfh,74624.72489312779,82916.3609923642,93280.90611640972,r2,-369517.1998795624,-220392.39026636397,149124.80961319845,0.11262781117628023
322,w155463365,603.6562003400177,mfh,57345.292217422895,63716.9913526921,71681.61527177862,r2,-283955.1078654464,-163548.88631600607,120406.22154944035,0.11262781117628023
323,w155463369,722.4004129424691,mfh,76517.50006263371,85019.44451403746,95646.87507829214,r2,-378889.60268089996,-227008.57975131524,151881.02292958472,0.11262781117628023
324,w155463370,696.1379145577084,mfh,67777.64861111336,75308.49845679261,84722.06076389168,r2,-335612.72038278455,-191361.9596823411,144250.76070044344,0.11262781117628023
325,w155463373,865.3327697202564,mfh,87284.13642326384,96982.3738036265,109105.1705290798,r2,-432202.4601259249,-252608.52999747812,179593.93012844678,0.11262781117628023
326,w155463376,746.0008564919234,mfh,78349.89022816702,87055.43358685223,97937.36278520877,r2,-387962.9987171922,-243956.34197197008,144006.65674522214,0.11262781117628023
327,w155463378,701.7079005709849,mfh,75289.53058162499,83655.03397958331,94111.91322703123,r2,-372809.0999412283,-224831.47219042302,147977.62775080526,0.11262781117628023
328,w155463380,903.4881653226912,mfh,80794.44802773364,89771.60891970404,100993.06003466704,r2,-400067.6484071342,-236485.77816218036,163581.87024495387,0.11262781117628023
329,w155463382,654.6620004437864,mfh,67195.36451178146,74661.51612420162,83994.20563972682,r2,-332729.4402068421,-196124.3534717511,136605.086735091,0.11262781117628023
330,w155463388,654.8312545590103,mfh,81045.45395849762,90050.50439833068,101306.81744812202,r2,-401310.5475779103,-142943.48063141847,258367.06694649183,0.11262781117628023
331,w155463390,658.415929133445,mfh,67307.170216775,74785.74468530556,84133.96277096875,r2,-333283.0654443078,-193158.93696338177,140124.12848092604,0.11262781117628023
332,w155463392,746.3197361536323,mfh,74500.89326832342,82778.77029813713,93126.11658540426,r2,-368904.0262253911,-221929.44584064095,146974.58038475012,0.11262781117628023
333,w155463395,740.6091377854347,mfh,81203.21252281987,90225.79169202207,101504.01565352484,r2,-402091.7163263227,-143221.7264451218,258869.9898812009,0.11262781117628023
334,w155463397,721.9107812985777,mfh,69115.7372055503,76795.26356172255,86394.67150693786,r2,-342238.4969108084,-198243.68718575378,143994.8097250546,0.11262781117628023
335,w155463400,957.7393607803388,mfh,132263.3739372203,146959.30437468924,165329.2174215254,r2,-654924.9146834165,-233278.80969514634,421646.10498827015,0.11262781117628023
336,w155463402,519.368776667118,mfh,57328.60677905928,63698.45197673253,71660.7584738241,r2,-283872.48703874706,-181085.4493818947,102787.03765685236,0.11262781117628023
337,w155463405,658.592996231094,mfh,66453.3492473543,73837.05471928256,83066.68655919287,r2,-329055.2236094384,-191189.43236278676,137865.79124665164,0.11262781117628023
338,w155463406,932.8967588515952,mfh,87329.94975847227,97033.27750941363,109162.43719809034,r2,-432429.3127591187,-264714.76980496524,167714.54295415344,0.11262781117628023
339,w155463408,740.3845857441426,mfh,81123.65596148898,90137.39551276554,101404.56995186122,r2,-401697.7782874604,-143081.4089908013,258616.36929665908,0.11262781117628023
340,w155463411,886.3585438661277,mfh,86630.34371086476,96255.9374565164,108287.92963858094,r2,-428965.09271541366,-249713.7410167965,179251.35169861716,0.11262781117628023
341,w155463413,436.59599217027426,trade,16616.663351011164,18462.959278901293,20770.829188763953,nr1,-83529.31179723442,-79632.95188727739,3896.3599099570274,0.12234696239453793
342,w155463416,722.4005093876273,mfh,71360.79474582999,79289.7719398111,89200.99343228748,r2,-353355.28664826765,-220051.11096094744,133304.1756873202,0.11262781117628023
343,w155463417,828.3400002270937,mfh,74807.01169807202,83118.90188674668,93508.76462259002,r2,-370419.8244431296,-216963.17687849762,153456.64756463197,0.11262781117628023
344,w155463421,509.4774500131606,mfh,62634.51134401355,69593.90149334838,78293.13918001692,r2,-310145.5888890782,-110471.28027373605,199674.30861534213,0.11262781117628023
345,w155463422,674.0859733853489,mfh,66828.4486191273,74253.83179903033,83535.56077390912,r2,-330912.5928624928,-194309.72960153024,136602.86326096253,0.11262781117628023
346,w155463424,701.7858467099256,mfh,75354.80212003247,83727.55791114719,94193.50265004058,r2,-373132.30322457326,-229179.15993682834,143953.14328774493,0.11262781117628023
347,w155463427,540.3469697440042,mfh,55711.525451732596,61901.69494636955,69639.40681466574,r2,-275865.2298608206,-170463.33215706004,105401.89770376054,0.11262781117628023
348,w155463430,521.3457492198795,mfh,65819.9805171453,73133.31168571701,82274.97564643163,r2,-325918.9890703728,-116089.63428141076,209829.354788962,0.11262781117628023
349,w155463434,634.5610695700626,mfh,64418.57211226843,71576.19123585381,80523.21514033554,r2,-318979.6735767557,-186592.9321536274,132386.7414231283,0.11262781117628023
350,w155463435,740.6094772338867,mfh,73569.89609015193,81744.3289890577,91962.37011268991,r2,-364294.0330781281,-215842.68239661003,148451.3506815181,0.11262781117628023
351,w155463436,830.3215000247583,mfh,74986.73881598086,83318.59868442318,93733.42351997607,r2,-371309.77427473315,-208469.279522372,162840.49475236115,0.11262781117628023
352,w155463437,634.6341266736388,mfh,64166.464939277284,71296.07215475253,80208.0811740966,r2,-317731.3214151007,-187629.06380485298,130102.25761024773,0.11262781117628023
353,w155463439,740.3900625675916,mfh,77902.86750022264,86558.74166691404,97378.5843752783,r2,-385749.48855753546,-240567.19078293265,145182.2977746028,0.11262781117628023
354,w155463441,304.4361848443746,mfh,36817.49098632539,40908.32331813932,46021.863732906735,r1,-198048.23673011,-70543.1353897346,127505.10134037539,0.12235184420952645
355,w155463442,681.7836883433163,mfh,68711.68346108304,76346.31495675893,85889.6043263538,r2,-340237.7550860282,-206931.2167458807,133306.5383401475,0.11262781117628023
356,w155463445,701.5969566701912,mfh,73907.62346345419,82119.58162606022,92384.52932931774,r2,-365966.3484331804,-222988.5722774115,142977.77615576892,0.11262781117628023
357,w155463446,527.3302180506289,mfh,52013.41474555332,57792.683050614796,65016.768431941644,r2,-257553.3966855691,-155559.95455441377,101993.44213115535,0.11262781117628023
358,w155463447,540.1562461696565,mfh,59085.19228162839,65650.21364625376,73856.49035203549,r2,-292570.5232082331,-187498.01529922482,105072.5079090083,0.11262781117628023
359,w155463448,488.2503870327026,mfh,51268.34796637681,56964.83107375201,64085.43495797101,r2,-253864.0699864238,-160618.72046193495,93245.34952448885,0.11262781117628023
360,w155463452,416.2699146196246,mfh,40700.76121869014,45223.06802076682,50875.95152336267,r1,-218937.08063726305,-77983.56792378145,140953.5127134816,0.12235184420952645
361,w155463453,826.68092449978,mfh,83117.14823153104,92352.38692392338,103896.4352894138,r2,-411568.8991882403,-241595.81294485833,169973.08624338196,0.11262781117628023
362,w155463454,830.106713430956,mfh,73765.5043705863,81961.67152287367,92206.88046323288,r2,-365262.6212258618,-209310.45885070134,155952.16237516043,0.11262781117628023
363,w155463458,653.3753796381876,mfh,58960.56636749198,65511.74040832442,73700.70795936497,r2,-291953.41649340006,-167088.32619451854,124865.09029888152,0.11262781117628023
364,w155463459,716.456727950275,mfh,75283.97896378927,83648.8655153214,94104.97370473658,r2,-372781.61014772626,-226474.6339081688,146306.97623955747,0.11262781117628023
365,w155463463,389.00259175430983,mfh,37000.96483362116,41112.18314846796,46251.206042026446,r1,-199035.17720241196,-70894.67538074237,128140.50182166959,0.12235184420952645
366,w155463464,681.5525098629297,mfh,69179.35495120153,76865.94994577947,86474.19368900191,r2,-342553.5111540013,-205220.8391621878,137332.6719918135,0.11262781117628023
367,w155463468,854.9059582386632,mfh,81699.0096870192,90776.67743002134,102123.762108774,r2,-404546.74152186676,-232673.60928973785,171873.1322321289,0.11262781117628023
368,w155463469,716.6904537379742,mfh,100679.18201464991,111865.75779405545,125848.97751831239,r2,-498530.33934124745,-177572.36219156522,320957.97714968224,0.11262781117628023
369,w155463470,608.2978411447257,mfh,64367.74654988399,71519.71838875998,80459.68318735498,r2,-318728.00203596946,-113528.26448418795,205199.73755178152,0.11262781117628023
370,w155463473,376.1376306014136,mfh,43550.29606288637,48389.217847651526,54437.870078607964,r1,-234265.26667806844,-83443.3403560355,150821.92632203293,0.12235184420952645
371,w155463474,720.4433401308954,mfh,67276.75041664802,74751.94490738669,84095.93802081002,r2,-333132.4365558273,-207081.94328132801,126050.49327449931,0.11262781117628023
372,w155463478,851.8925360153429,mfh,87684.85616685112,97427.61796316791,109606.0702085639,r2,-434186.693070152,-154653.69033003994,279533.0027401121,0.11262781117628023
373,w155463479,376.5337288361043,mfh,37121.41584101446,41246.017601127176,46401.76980126807,r1,-199683.10591747484,-119838.01262939657,79845.09328807826,0.12235184420952645
374,w155463480,664.0854127705097,mfh,73172.86575571459,81303.18417301621,91466.08219464324,r2,-362328.0688798193,-129058.24581170954,233269.82306810975,0.11262781117628023
375,w155463484,531.1159037780716,mfh,68085.21955592721,75650.24395103024,85106.52444490901,r2,-337135.71097946266,-120084.93737184032,217050.77360762234,0.11262781117628023
376,w155463485,716.6882258921862,mfh,74226.11389675422,82473.45988528247,92782.64237094278,r2,-367543.40876097395,-215966.19218169386,151577.2165792801,0.11262781117628023
377,w155463490,790.5601109853014,mfh,73479.01625668757,81643.35139631951,91848.77032085945,r2,-363844.02590375836,-216615.54529446125,147228.4806092971,0.11262781117628023
378,w155463491,681.5525530032813,mfh,68426.0537270324,76028.94858559156,85532.5671587905,r2,-338823.410179834,-200670.81254230597,138152.59763752803,0.11262781117628023
379,w155463494,531.001435648324,mfh,56124.10929184654,62360.12143538504,70155.13661480817,r2,-277908.2099258433,-162217.7343867309,115690.47553911238,0.11262781117628023
380,w155463495,716.4590312853455,mfh,79038.97749810597,87821.08610900663,98798.72187263246,r2,-391375.1332185275,-249063.39180497252,142311.74141355496,0.11262781117628023
381,w155463496,611.941689690575,mfh,60485.334200613484,67205.92688957053,75606.66775076685,r2,-299503.5674784575,-180969.85573416966,118533.71174428787,0.11262781117628023
382,w155463500,1108.025532820262,mfh,100906.99247980208,112118.88053311342,126133.7405997526,r2,-499658.3821622676,-292479.94810237916,207178.43405988842,0.11262781117628023
383,w155463502,540.1563036605716,mfh,59609.47184418452,66232.74649353835,74511.83980523064,r2,-295166.58391314384,-184632.78947167014,110533.7944414737,0.11262781117628023
384,w155463507,1267.198863344267,mfh,124829.28501538603,138699.20557265115,156036.60626923252,r2,-618113.7408266823,-369819.89918928547,248293.84163739684,0.11262781117628023
385,w155463508,530.6506136165466,mfh,59404.70237854505,66005.22486505006,74255.87797318131,r2,-294152.63257634104,-182746.75141511342,111405.88116122762,0.11262781117628023
386,w155463511,1747.3368958860635,mfh,164794.07162005454,183104.52402228283,205992.58952506818,r2,-816006.2765926844,-466124.76311693137,349881.5134757531,0.11262781117628023
387,w155463513,612.2091895099729,mfh,81863.33408033723,90959.26008926358,102329.16760042153,r2,-405360.42210531596,-144386.01226823142,260974.40983708453,0.11262781117628023
388,w155463514,830.106801855378,mfh,74653.97590525495,82948.86211694994,93317.46988156869,r2,-369662.0413126176,-211771.73270864112,157890.30860397647,0.11262781117628023
389,w155463518,691.345141955465,mfh,72173.4858662746,80192.76207363844,90216.85733284324,r2,-357379.46694003756,-209204.24956913118,148175.21737090638,0.11262781117628023
390,w155463519,507.32179623667616,mfh,55562.18913504426,61735.76570560473,69452.73641880532,r2,-275125.7653246092,-166169.00233988513,108956.76298472405,0.11262781117628023
391,w155463522,1139.1653657640795,mfh,129564.6746402093,143960.74960023255,161955.84330026162,r2,-641561.839523319,-228518.99342106067,413042.84610225837,0.11262781117628023
392,w155463523,446.09937440417707,mfh,52022.345619720814,57802.60624413424,65027.93202465102,r2,-257597.61944980136,-91754.1304328005,165843.48901700086,0.11262781117628023
393,w155463528,681.6119319483638,mfh,68495.57242516302,76106.19158351446,85619.46553145377,r2,-339167.64400728577,-201207.67117066195,137959.9728366238,0.11262781117628023
394,w155463529,691.3949336603283,mfh,83645.16797269836,92939.0755252204,104556.45996587294,r2,-414183.4800328156,-147528.71214886336,266654.76788395224,0.11262781117628023
395,w155463531,507.3216828555101,mfh,54061.208972385146,60068.00996931683,67576.51121548143,r2,-267693.40309379523,-161069.53657317403,106623.8665206212,0.11262781117628023
396,w155463534,640.8467616457492,mfh,62761.80582241785,69735.3398026865,78452.25727802231,r2,-310775.90946027567,-176256.34965845902,134519.55980181665,0.11262781117628023
397,w155463535,684.7868416263722,mfh,63983.21967634138,71092.46630704598,79979.02459542672,r2,-316823.95088143053,-192806.59410284756,124017.35677858297,0.11262781117628023
398,w155463536,691.6131192699074,mfh,70337.30683773482,78152.56315303869,87921.63354716853,r2,-348287.309694898,-200378.9564727234,147908.35322217463,0.11262781117628023
399,w155463537,507.3215693686623,mfh,56345.158000452444,62605.73111161382,70431.44750056555,r2,-279002.7707427578,-180961.88280067514,98040.88794208269,0.11262781117628023
400,w155463538,643.413233704865,mfh,67471.69315381986,74968.54794868872,84339.61644227481,r2,-334097.7291512741,-119002.8335018144,215094.89564945968,0.11262781117628023
401,w155463539,710.019569536671,mfh,70101.74839593095,77890.83155103438,87627.18549491368,r2,-347120.9014307735,-197272.6996175298,149848.20181324368,0.11262781117628023
402,w155463540,840.6794232809916,mfh,76273.68228195352,84748.53586883724,95342.1028524419,r2,-377682.29687539354,-224839.37284654946,152842.92402884408,0.11262781117628023
403,w155463541,696.2558067506179,mfh,69091.86352939304,76768.73725488115,86364.8294117413,r2,-342120.2822845287,-203410.30991657774,138709.97236795098,0.11262781117628023
404,w155463542,640.557884996757,mfh,65685.4859572708,72983.87328585643,82106.85744658849,r2,-325253.0160535872,-115852.42022959855,209400.59582398867,0.11262781117628023
405,w155463543,587.0278481058776,mfh,64620.647257978446,71800.7191755316,80775.80907247306,r2,-319980.28352359246,-200157.30792396114,119822.97559963132,0.11262781117628023
406,w155463544,825.5248426020145,mfh,98226.61890138821,109140.68766820912,122783.27362673526,r2,-486386.04995943396,-173246.6672789625,313139.38268047146,0.11262781117628023
407,w155463545,709.4769112125038,mfh,68799.48875180824,76443.87639089805,85999.3609397603,r2,-340672.5381315919,-206003.93782426722,134668.6003073247,0.11262781117628023
408,w155463546,647.0489746004342,mfh,65167.88665066121,72408.76294517911,81459.8583133265,r2,-322690.0337885015,-183991.45774204534,138698.57604645618,0.11262781117628023
409,w155463547,586.4484846569597,mfh,65038.9578364076,72265.50870711956,81298.6972955095,r2,-322051.6205213839,-114712.10975679154,207339.51076459233,0.11262781117628023
410,w155463548,500.40091222245246,mfh,58521.66054916764,65024.06727685293,73152.07568645955,r2,-289780.09861209034,-103217.2619516963,186562.83666039404,0.11262781117628023
411,w155463549,672.5395986035466,mfh,71071.92574614852,78968.80638460947,88839.90718268565,r2,-351924.90195945074,-212983.90728844955,138940.9946710012,0.11262781117628023
412,w155463551,586.1050742082298,mfh,58460.95059670617,64956.61177411796,73076.1882458827,r2,-289479.4828085411,-164851.51097174978,124627.97183679132,0.11262781117628023
413,w155463552,667.035758360289,mfh,68669.64406031062,76299.60451145624,85837.05507538827,r2,-340029.58974028943,-209244.58492520516,130785.00481508428,0.11262781117628023
414,w155463553,817.6307530952618,mfh,76749.54752122253,85277.27502358059,95936.93440152815,r2,-380038.62570590543,-230604.55047714824,149434.0752287572,0.11262781117628023
415,w155463556,732.9133296664804,mfh,64357.9958795773,71508.88431064144,80447.49484947162,r2,-318679.71990971925,-181658.94983623415,137020.7700734851,0.11262781117628023
416,w155463558,710.1379440590739,mfh,77163.4124884325,85737.12498714722,96454.26561054062,r2,-382087.9494927696,-220996.38076364165,161091.56872912796,0.11262781117628023
417,w155463561,654.0662793286144,mfh,66767.48224207119,74186.09138007909,83459.35280258898,r2,-330610.7073283238,-117760.78531888331,212849.9220094405,0.11262781117628023
418,w155463562,586.3292756803334,mfh,59654.3554106497,66282.61712294411,74567.94426331212,r2,-295388.8326359978,-180173.37491737172,115215.45771862607,0.11262781117628023
419,w155463566,653.8032613813876,mfh,66481.29901255308,73868.11001394787,83101.62376569134,r2,-329193.6216938311,-195672.4548725231,133521.166821308,0.11262781117628023
420,w155463567,133.41999841853976,sfh,16572.97361038044,18414.415122644932,20716.217012975547,r1,-89149.15473543732,-84893.21205915183,4255.9426762854855,0.12235184420952645
421,w155463569,886.7166110530495,mfh,90690.7250070177,100767.47223001966,113363.40625877211,r2,-449070.7712173649,-253418.67971966724,195652.09149769763,0.11262781117628023
422,w155463572,311.3570919752121,mfh,35890.06917924034,39877.854643600374,44862.58647405042,r1,-193059.45969295487,-68766.17448479698,124293.28520815789,0.12235184420952645
423,w155463574,863.4385226266459,mfh,80266.77887142508,89185.30985713897,100333.47358928135,r2,-397454.8035439714,-235689.2379336923,161765.5656102791,0.11262781117628023
424,w155463577,931.9227139726281,mfh,104741.59050899002,116379.54500998891,130926.98813623752,r2,-518646.0558647632,-184737.41317918737,333908.6426855759,0.11262781117628023
425,w155463578,931.2066993936896,mfh,95901.79540846782,106557.55045385312,119877.24426058478,r2,-474874.2853459166,-279907.30322133744,194966.98212457914,0.11262781117628023
426,w155463581,136.57608463019133,sfh,20238.058157433414,22486.731286037128,25297.572696791765,r1,-108864.33663852284,-82457.49050430069,26406.846134222156,0.12235184420952645
427,w155463583,949.1963916398585,mfh,98696.62464541465,109662.91627268294,123370.7808067683,r2,-488713.36448834755,-297492.4754596878,191220.88902865973,0.11262781117628023
428,w155463586,949.1754787907004,mfh,101711.11223859426,113012.34693177139,127138.89029824281,r2,-503640.11987804814,-179392.42353707762,324247.6963409705,0.11262781117628023
429,w155463589,722.9646147996187,mfh,79863.38270239974,88737.09189155528,99829.22837799968,r2,-395457.3178174396,-140858.60885332333,254598.7089641163,0.11262781117628023
430,w155463591,591.1442194825038,mfh,72104.48386231158,80116.0931803462,90130.60482788947,r2,-357037.791612899,-225897.6906645709,131140.1009483281,0.11262781117628023
431,w155463593,535.6290349200369,mfh,57403.922688774626,63782.13632086069,71754.90336096828,r2,-284245.42675951996,-175045.29229578574,109200.13446373423,0.11262781117628023
432,w155463596,724.8313003255054,mfh,67296.75836170698,74774.1759574522,84120.94795213372,r2,-333231.50934764155,-195174.74931802892,138056.76002961263,0.11262781117628023
433,w155463597,752.1160736689344,mfh,96345.81377389302,107050.90419321446,120432.26721736627,r2,-477072.9188862346,-169929.4074182027,307143.5114680319,0.11262781117628023
434,w155463600,535.4490051213652,mfh,64489.169061256325,71654.6322902848,80611.4613265704,r2,-319329.24654935166,-113742.42278122775,205586.82376812393,0.11262781117628023
435,w155463601,907.8308945208788,mfh,90872.07987539202,100968.97763932447,113590.09984424003,r2,-449968.7811362246,-271114.3857321888,178854.3954040358,0.11262781117628023
436,w155463605,389.4215188790113,mfh,42998.73447932191,47776.37164369101,53748.41809915238,r1,-231298.31276169265,-82386.53603768542,148911.7767240072,0.12235184420952645
437,w155463606,690.2915003947913,mfh,72619.17804943162,80687.97561047958,90773.97256178952,r2,-359586.38867762854,-215857.0432772958,143729.34540033274,0.11262781117628023
438,w155463610,725.1058211326599,mfh,66694.63523034648,74105.15025594053,83368.2940379331,r2,-330249.9927818962,-189577.35382245664,140672.63895943956,0.11262781117628023
439,w155463611,1002.8680375270545,mfh,112403.2420384642,124892.49115384911,140504.05254808025,r2,-556584.0452332839,-198250.60958337926,358333.43564990466,0.11262781117628023
440,w155463612,535.6290688522159,mfh,63516.22491576578,70573.58323973975,79395.28114470722,r2,-314511.54575654125,-112026.39781223197,202485.14794430928,0.11262781117628023
441,w155463616,543.6235096465331,mfh,57717.03913082603,64130.04347869559,72146.29891353253,r2,-285795.8768425023,-165315.71197602994,120480.16486647233,0.11262781117628023
442,w155463618,752.1486698825844,mfh,78276.75754478379,86974.17504975977,97845.94693097973,r2,-387600.8696182623,-227338.74837573306,160262.12124252922,0.11262781117628023
443,w155463621,238.18491610530762,mfh,25941.058157091844,28823.39795232427,32426.322696364805,r1,-139541.85060664394,-87171.36870388838,52370.481902755564,0.12235184420952645
444,w155463623,73.76475410088896,mfh,9386.532258258556,10429.48028695395,11733.165322823193,r1,-50491.92959533452,-35700.886442664836,14791.043152669685,0.12235184420952645
445,w155463625,52.41574023310095,sfh,7168.165529890833,7964.628366545369,8960.206912363541,r1,-38558.91604106626,-29107.42420081137,9451.49184025489,0.12235184420952645
446,w155463626,98.3909645654261,mfh,11326.695090576788,12585.216767307542,14158.368863220985,r1,-60928.431855975716,-39041.507078422794,21886.924777552922,0.12235184420952645
447,w155463629,643.7923131911084,mfh,60925.212855087026,67694.68095009669,76156.51606885878,r2,-301681.70252579777,-172814.47123522047,128867.2312905773,0.11262781117628023
448,w155463631,546.7249739198014,mfh,62732.02766693095,69702.25296325661,78415.03458366368,r2,-310628.45778592967,-110643.27416031888,199985.18362561078,0.11262781117628023
449,w155463632,612.4270064728335,mfh,67447.16411095476,74941.2934566164,84308.95513869345,r2,-333976.26936367404,-118959.57053526373,215016.6988284103,0.11262781117628023
450,w155463633,683.6260891854763,mfh,67343.37274848943,74825.96972054381,84179.21593561179,r2,-333462.3285259048,-194966.03377974988,138496.29474615492,0.11262781117628023
451,w155463638,279.5906790524721,ab,31093.580676718997,34548.42297413222,38866.97584589874,r1,-167258.2422560193,-119302.1238699344,47956.1183860849,0.12235184420952645
452,w155463639,282.758548167441,other,12733.875761949328,14148.750846610365,15917.34470243666,nr1,-64011.15894560057,-82306.33140192187,-18295.1724563213,0.12234696239453793
453,w155463640,56.80619836300611,sfh,8149.209288913908,9054.67698768212,10186.511611142383,r1,-43836.135683810586,-39754.53853482018,4081.597148990404,0.12235184420952645
454,w155463643,240.41873629689215,ab,28483.777730710135,31648.64192301126,35604.72216338767,r1,-153219.61936718435,-117627.32870549269,35592.29066169166,0.12235184420952645
455,w155463644,98.43792371228336,mfh,11153.843250929993,12393.159167699992,13942.30406366249,r1,-59998.629168706284,-39599.60343540222,20399.025733304064,0.12235184420952645
456,w155463645,98.39091195091605,mfh,11053.44919247696,12281.61021386329,13816.811490596201,r1,-59458.590569601656,-40095.668236987905,19362.92233261375,0.12235184420952645
457,w155463647,97.66299930792302,mfh,9369.723502372359,10410.803891524843,11712.154377965448,r1,-50401.5121232117,-35813.70082821065,14587.811295001055,0.12235184420952645
458,w155463653,376.11661268314344,mfh,49110.00769747382,54566.67521941535,61387.50962184227,r1,-264172.00547150994,-94095.87207559928,170076.13339591067,0.12235184420952645
459,w155463654,482.5493668295443,mfh,52586.0148678914,58428.905408768216,65732.51858486424,r2,-260388.72497870622,-161884.26989541747,98504.45508328875,0.11262781117628023
460,w155463656,73.78574474137277,mfh,10518.511422655341,11687.23491406149,13148.139278319177,r1,-56581.05928663458,-40919.309508368504,15661.74977826608,0.12235184420952645
461,w155463657,470.15250823192764,mfh,44569.71600670739,49521.906674119324,55712.145008384236,r1,-239748.91906590355,-134290.57524588125,105458.3438200223,0.12235184420952645
462,w155463660,49.947176152281465,mfh,6130.094348688484,6811.2159429872045,7662.617935860605,r1,-32974.935125206815,-23068.438807522376,9906.49631768444,0.12235184420952645
463,w155463661,78.16354378722608,sfh,10628.335831745004,11809.262035272226,13285.419789681255,r1,-57171.82552266659,-48807.46246440777,8364.363058258823,0.12235184420952645
464,w155463663,104.99722011834383,sfh,12659.813951807402,14066.45994645267,15824.767439759253,r1,-68099.5299603098,-52399.00687077268,15700.523089537113,0.12235184420952645
465,w155463665,467.86907609552145,trade,25152.751602532997,27947.501780592218,31440.939503166246,nr1,-126438.86361448828,-119070.322554379,7368.5410601092735,0.12234696239453793
466,w155463667,587.3173447391018,mfh,62170.68286456457,69078.53651618285,77713.3535807057,r2,-307848.86215144745,-185645.0678353848,122203.79431606265,0.11262781117628023
467,w155463669,557.4523567564785,mfh,63822.83861379559,70914.26512643954,79778.54826724448,r2,-316029.7963806199,-207296.22576830685,108733.57061231308,0.11262781117628023
468,w155463671,449.48969881236553,mfh,44460.06219337882,49400.06910375424,55575.07774172352,r1,-239159.07049668618,-152477.4933743111,86681.57712237508,0.12235184420952645
469,w155576276,58.73152135126293,other,7036.542804460303,7818.380893844781,8795.678505575379,nr1,-35371.57643941703,-43237.65942692545,-7866.082987508416,0.12234696239453793
470,w159548666,1258.4072781499474,other,45034.07044829587,50037.85605366207,56292.58806036983,nr1,-226379.07698511682,-224273.38811110234,2105.6888740144786,0.12234696239453793
471,w159548667,15669.025621107221,trade,613413.7969842755,681570.8855380839,766767.2462303443,nr2,-2838579.583327418,-2213048.545954532,625531.0373728862,0.11262781117628023
472,w159548669,2256.2803165019486,trade,261494.21083095495,290549.1231455055,326867.76353869366,nr2,-1210067.5460387333,-431036.4472881233,779031.09875061,0.11262781117628023
473,w159548670,188.14899220019578,mfh,23028.989782019133,25587.766424465703,28786.237227523914,r1,-123877.28489425266,-79787.64631651156,44089.638577741105,0.12235184420952645
474,w159548671,318.3455893772654,other,12677.331192583715,14085.923547315238,15846.663990729643,nr1,-63726.91842960713,-56067.42416079069,7659.494268816445,0.12234696239453793
475,w159548672,170.00981159284711,ab,21983.144401197525,24425.716001330584,27478.930501496907,r1,-118251.48509054034,-84784.49832267353,33466.98676786681,0.12235184420952645
476,w159548674,118.95309109317604,trade,10044.893361266411,11160.992623629345,12556.116701583014,nr1,-50494.0740399687,-52985.640950592926,-2491.5669106242276,0.12234696239453793
477,w159548675,865.047436706489,mfh,94066.05527670533,104517.83919633925,117582.56909588166,r2,-465784.30137389025,-296621.4952907151,169162.80608317518,0.11262781117628023
478,w159548677,106.67055884185247,other,5052.772241354683,5614.191379282981,6315.965301693353,nr1,-25399.47876857259,-34054.15454250713,-8654.675773934541,0.12234696239453793
479,w159872586,633.9711885744706,mfh,61528.304105702184,68364.7823396691,76910.38013212773,r2,-304668.01290105656,-190862.12134157296,113805.8915594836,0.11262781117628023
480,w159872589,1091.462102752924,mfh,104981.15974855874,116645.73305395416,131226.4496856984,r2,-519832.32428598,-309042.5183543532,210789.80593162682,0.11262781117628023
481,w159872591,2692.1037788091226,mfh,238842.17683578568,265380.1964842063,298552.7210447321,r2,-1182668.2446587668,-650744.7454441806,531923.4992145862,0.11262781117628023
482,w159872593,436.90541737405584,mfh,41771.57313857874,46412.85904286526,52214.46642322342,r1,-224697.18016936549,-130619.66819098323,94077.51197838226,0.12235184420952645
483,w159872596,218.88012801047884,mfh,23926.839112240952,26585.376791378836,29908.54889030119,r1,-128706.98599381388,-86575.27668397212,42131.70930984177,0.12235184420952645
484,w159872599,487.8712977081537,mfh,46825.5540892305,52028.39343247833,58531.94261153812,r1,-251883.49811036556,-146985.18660952465,104898.31150084091,0.12235184420952645
485,w159872601,629.8896718598901,mfh,59138.13100415723,65709.03444906359,73922.66375519653,r2,-292832.6584260456,-177927.64894680618,114905.00947923944,0.11262781117628023
486,w159872603,453.131132603623,mfh,41977.27905722256,46641.42117469173,52471.59882152819,r1,-225803.71115181313,-129240.62255431955,96563.08859749358,0.12235184420952645
487,w159872608,317.054659525305,mfh,36148.8017943321,40165.33532703567,45186.00224291513,r1,-194451.23128930092,-124039.16314799369,70412.06814130723,0.12235184420952645
488,w159872611,474.9952949794941,mfh,49392.47210315651,54880.52455906279,61740.59012894564,r1,-265691.43485102017,-161579.80241213544,104111.63243888473,0.12235184420952645
489,w159872613,461.6615135567263,mfh,49483.41463924298,54981.57182138109,61854.26829905373,r1,-266180.63192646403,-169169.1112275982,97011.52069886585,0.12235184420952645
490,w159872615,129.00588214695452,mfh,16719.873106670097,18577.636785188995,20899.841383337618,r1,-89939.35486687794,-63693.930437969524,26245.424428908416,0.12235184420952645
491,w159872617,185.93316667452453,mfh,23274.884584316744,25860.98287146305,29093.605730395928,r1,-125199.99947125165,-78700.80635645818,46499.19311479347,0.12235184420952645
492,w159872620,129.2747205838561,mfh,17497.094806705965,19441.216451895518,21871.368508382457,r1,-94120.17716402073,-60142.20754127614,33977.96962274459,0.12235184420952645
493,w159872622,447.3657494872576,mfh,46366.44062561429,51518.26736179365,57958.05078201786,r1,-249413.84008934465,-159493.96527241694,89919.87481692771,0.12235184420952645
494,w159872625,238.36158968657256,mfh,25116.058872769172,27906.732080854636,31395.073590961463,r1,-135104.0236611741,-88246.99215380092,46857.03150737319,0.12235184420952645
495,w159872628,167.04002443812786,mfh,19006.772350224233,21118.635944693593,23758.46543778029,r1,-102241.01776219961,-75295.57927241236,26945.43848978725,0.12235184420952645
496,w159872630,195.52493976540862,mfh,18074.7621351929,20083.069039103222,22593.452668991125,r1,-97227.55881221405,-58247.290093874486,38980.26871833956,0.12235184420952645
497,w159872632,133.65780365467072,th,16477.88462317202,18308.760692413354,20597.355778965022,r1,-88637.65311638148,-31571.995124289817,57065.65799209166,0.12235184420952645
498,w159872635,49.369007284846155,th,6739.6868476192685,7488.540941799187,8424.608559524086,r1,-36254.04829405322,-37966.52547218675,-1712.4771781335367,0.12235184420952645
499,w159872640,133.91130499513818,mfh,16908.877072954834,18787.64119217204,21136.09634119354,r1,-90956.0428935442,-59306.14397597371,31649.898917570492,0.12235184420952645
500,w159872643,87.82295271442271,other,9591.78852868142,10657.542809646022,11989.735660851775,nr1,-48216.38843977735,-47219.09043327991,997.2980064974399,0.12234696239453793
501,w159872648,133.79360626488923,mfh,16965.31316645674,18850.347962729713,21206.641458070924,r1,-91259.62329803563,-64094.920853504285,27164.702444531344,0.12235184420952645
502,w159872651,467.48304517045614,other,34799.30109969496,38665.890110772176,43499.126374618696,nr1,-174930.52669357831,-165910.98698528123,9019.539708297089,0.12234696239453793
503,w159872654,134.11286987382917,mfh,15572.749109392586,17303.054565991763,19465.93638674073,r1,-83768.75825952122,-52344.80328264198,31423.954976879235,0.12235184420952645
504,w159872660,131.42538360562176,mfh,16010.967487406166,17789.96387489574,20013.709359257708,r1,-86126.01766920107,-54578.549702788754,31547.467966412318,0.12235184420952645
505,w159872663,509.8066861014813,other,40789.69983623175,45321.88870692417,50987.12479528969,nr1,-205043.30404749225,-73038.1850221281,132005.11902536414,0.12234696239453793
506,w159872669,96.41428965386004,other,6140.942525975589,6823.26947330621,7676.178157469486,nr1,-30869.536930824146,-40110.823925499884,-9241.286994675738,0.12234696239453793
507,w159872671,385.8471666022902,mfh,41085.27500261371,45650.30555845967,51356.59375326713,r1,-221005.4528936117,-129905.50885603327,91099.94403757845,0.12235184420952645
508,w159872676,450.3884779855609,trade,21572.307796555673,23969.230885061857,26965.38474569459,nr1,-108440.54465451745,-103210.11138496852,5230.433269548928,0.12234696239453793
509,w159872680,74.82275880910456,trade,6347.627257792996,7052.919175325551,7934.534072241245,nr1,-31908.508055352188,-37192.86548580098,-5284.357430448796,0.12234696239453793
510,w159872682,128.20031198486686,mfh,17098.113549140475,18997.903943489415,21372.641936425593,r1,-91973.98163487518,-67575.54881659718,24398.432818278,0.12235184420952645
511,w159872688,74.73616111706941,trade,5317.786693607912,5908.651881786568,6647.23336700989,nr1,-26731.66407830784,-30961.86280584732,-4230.198727539479,0.12234696239453793
512,w159872690,271.2794532585889,mfh,37662.36732773164,41847.07480859071,47077.95915966455,r1,-202592.98611926968,-127088.0654537226,75504.92066554709,0.12235184420952645
513,w159872699,406.91918786983007,mfh,43877.34349126553,48752.60387918392,54846.67936408191,r1,-236024.51655584163,-132834.63099302645,103189.88556281518,0.12235184420952645
514,w159872700,406.7131608505966,mfh,40678.93594210743,45198.8177134527,50848.66992763429,r1,-218819.6783529803,-126138.51696415423,92681.16138882606,0.12235184420952645
515,w159872708,435.5580747295171,mfh,46872.894326570284,52080.9936961892,58591.11790821285,r1,-252138.15018687485,-158628.1904215443,93509.95976533054,0.12235184420952645
516,w159872710,142.59727319749075,mfh,15785.244708098155,17539.160786775727,19731.555885122692,r1,-84911.81221320256,-57838.8774830448,27072.934730157758,0.12235184420952645
517,w159872717,364.7500545413,mfh,42624.77941045999,47360.86601162221,53280.97426307498,r1,-229286.73782759684,-134554.39484715374,94732.34298044309,0.12235184420952645
518,w159872718,186.0198295045644,mfh,25865.705318047403,28739.672575608223,32332.131647559254,r1,-139136.51345558977,-94362.54629722609,44773.96715836368,0.12235184420952645
519,w159872719,169.79583046399057,mfh,20853.61252597942,23170.680584421578,26067.015657474276,r1,-112175.51982988509,-83477.18857294752,28698.33125693757,0.12235184420952645
520,w159872726,172.48843573874328,mfh,18695.70090016346,20773.001000181623,23369.626125204326,r1,-100567.70568874798,-67826.17263247458,32741.5330562734,0.12235184420952645
521,w159872727,172.59632431017235,mfh,21043.444879268325,23381.60542140925,26304.306099085406,r1,-113196.66390668163,-40319.710589078415,72876.95331760321,0.12235184420952645
522,w159872732,140.4957689295523,mfh,18976.199229647278,21084.665810719198,23720.249037059097,r1,-102076.55917310531,-72628.38362574171,29448.1755473636,0.12235184420952645
523,w159872736,118.37831126665697,mfh,14679.616639748732,16310.68515527637,18349.520799685914,r1,-78964.43004375357,-54347.68010317031,24616.749940583264,0.12235184420952645
524,w159872737,187.97203346798193,mfh,24944.26660849226,27715.85178721362,31180.333260615324,r1,-134179.92062991235,-90927.38833934987,43252.53229056248,0.12235184420952645
525,w159872743,753.6066189933568,other,31827.00488865078,35363.33876516753,39783.75611081347,nr1,-159989.26852871693,-156047.48605755778,3941.782471159153,0.12234696239453793
526,w159872746,394.377677144669,mfh,44537.18740147157,49485.76377941285,55671.484251839465,r1,-239573.9415555502,-85334.24621213063,154239.69534341956,0.12235184420952645
527,w159872748,575.8923149108887,trade,55207.313642999135,61341.45960333237,69009.14205374892,nr2,-255472.49528426852,-91001.49583190137,164470.99945236713,0.11262781117628023
528,w159872750,127.08080641776323,mfh,17865.116812482014,19850.129791646683,22331.396015602517,r1,-96099.83703136192,-104235.96985329819,-8136.132821936262,0.12235184420952645
529,w159872753,434.5401292324066,other,25725.96143987,28584.401599855555,32157.451799837498,nr1,-129320.29788421796,-123615.16473478742,5705.133149430534,0.12234696239453793
530,w159872756,252.43327465518377,mfh,33635.93448393886,37373.260537709844,42044.91810492357,r1,-180934.04349003025,-116573.2865064757,64360.756983554544,0.12235184420952645
531,w159872759,386.07803563163617,mfh,40885.04737063046,45427.83041181162,51106.30921328808,r1,-219928.39064964582,-135985.00963912852,83943.3810105173,0.12235184420952645
532,w159872763,1345.7076428122818,trade,70170.62199602295,77967.35777335883,87713.27749502868,nr2,-324715.3812427251,-260171.34541124332,64544.0358314818,0.11262781117628023
533,w159872767,486.0339612279087,mfh,45082.85482234876,50092.060913720845,56353.568527935946,r1,-242509.18965776154,-136198.6483312961,106310.54132646543,0.12235184420952645
534,w159872769,563.4171857964247,other,35443.64525157622,39381.82805730691,44304.55656447027,nr1,-178169.5417972898,-162795.10648059912,15374.43531669068,0.12234696239453793
535,w159872774,2747.8572637828997,other,119011.47723873041,132234.97470970044,148764.346548413,nr2,-550727.0151606255,-480756.69755471166,69970.31760591379,0.11262781117628023
536,w159872776,80.53474041707815,sfh,12444.034937831644,13826.705486479605,15555.043672289554,r1,-66938.81389584107,-52411.685208579096,14527.128687261975,0.12235184420952645
537,w159872779,530.1892838459462,trade,41088.84380523203,45654.270894702255,51361.054756540034,nr1,-206547.05298499277,-174836.52413284843,31710.528852144344,0.12234696239453793
538,w159872782,386.9254036822822,mfh,34779.397511211064,38643.77501245674,43474.246889013826,r1,-187084.94704838094,-105831.47232884499,81253.47471953595,0.12235184420952645
539,w159872787,649.6997715241275,sfh,73844.5187104147,82049.46523379411,92305.64838801838,r2,-365653.8743614082,-214314.4805756916,151339.3937857166,0.11262781117628023
540,w159872789,103.62989482581615,mfh,13622.502345110554,15136.113716789503,17028.12793138819,r1,-73278.0126245697,-52400.725539964136,20877.287084605567,0.12235184420952645
541,w159872791,7102.280937734339,other,341045.9633446604,378939.9592718449,426307.4541808255,nr2,-1578194.2194417263,-1166800.5710974212,411393.6483443051,0.11262781117628023
542,w159872796,295.65545302389654,other,14692.2812732514,16324.756970279332,18365.35159156425,nr1,-73855.75055363953,-74540.01371003597,-684.2631563964387,0.12234696239453793
543,w159872797,3172.659030787088,other,124134.27925297005,137926.9769477445,155167.84906621257,nr2,-574432.8419264064,-523571.660570746,50861.181355660374,0.11262781117628023
544,w159872802,393.79842739673325,mfh,39710.81716874246,44123.130187491624,49638.521460928074,r1,-213611.98464888026,-122598.26261223694,91013.72203664332,0.12235184420952645
545,w159872803,469.9664310747758,mfh,46940.21759095484,52155.79732328315,58675.271988693545,r1,-252500.29473950685,-89938.50574913435,162561.7889903725,0.12235184420952645
546,w159872804,664.4021281981841,mfh,71285.2107419375,79205.78971326388,89106.51342742186,r2,-352981.0194129239,-125728.90450110596,227252.11491181795,0.11262781117628023
547,w159872808,295.65545226749964,other,15824.74835213696,17583.053724596622,19780.935440171197,nr1,-79548.48162329673,-76204.51438786031,3343.9672354364156,0.12234696239453793
548,w159872809,678.8678823016584,other,34505.649287262946,38339.61031918105,43132.06160907868,nr1,-173454.38594965666,-161719.62368532573,11734.76226433093,0.12234696239453793
549,w159872812,337.05531151816245,mfh,38041.70913462511,42268.56570513901,47552.136418281385,r1,-204633.53733448335,-126272.1086265624,78361.42870792095,0.12235184420952645
550,w159872814,765.4437305399682,mfh,79399.36095195425,88221.51216883806,99249.2011899428,r2,-393159.6340651257,-232015.0959421153,161144.53812301042,0.11262781117628023
551,w159872815,1229.117813373683,mfh,149792.9605537908,166436.62283754532,187241.2006922385,r2,-741725.6870933378,-467469.6622958704,274256.02479746734,0.11262781117628023
552,w159872820,336.8380303993821,mfh,38637.43829336847,42930.48699263163,48296.797866710585,r1,-207838.07697847096,-135616.8988388383,72221.17813963266,0.12235184420952645
553,w159872826,1791.1392054180615,th,178358.86709907744,198176.51899897493,222948.5838738468,r2,-883174.701662605,-523213.91198810627,359960.7896744988,0.11262781117628023
554,w159872827,157.03123329076917,th,22144.882072210334,24605.424524678147,27681.102590262915,r1,-119121.50256589787,-83382.60214723754,35738.90041866033,0.12235184420952645
555,w159872832,35.670331929810345,sfh,3676.201183569743,4084.667981744159,4595.251479462178,r0,-24265.368950426127,-23694.797022172843,570.5719282532846,0.15013479573308705
556,w159872833,162.84196072258055,mfh,21239.15922568886,23599.065806320956,26548.949032111075,r1,-114249.44833530464,-76783.98527833307,37465.46305697157,0.12235184420952645
557,w159872834,33.79703346360475,sfh,4555.214293213258,5061.349214681398,5694.017866516572,r0,-30067.439172559447,-28327.232149106963,1740.2070234524836,0.15013479573308705
558,w159872835,42.916394099872555,th,6704.477568681241,7449.419520756934,8380.59696085155,r1,-36064.65093363002,-27602.374287660674,8462.276645969348,0.12235184420952645
559,w159872839,58.88304680213332,other,5318.843004436388,5909.8255604848755,6648.553755545484,nr1,-26736.973984074288,-33082.912853762755,-6345.938869688467,0.12234696239453793
560,w159872840,318.65718863122163,other,26659.24765591642,29621.386284351578,33324.05956989552,nr1,-134011.77857979687,-118619.00088807098,15392.777691725889,0.12234696239453793
561,w159872842,48.8293092939537,other,2375.76436505535,2639.7381833948334,2969.7054563191873,nr0,-14643.621779051298,-14561.263158145857,82.35862090544106,0.15001795762769513
562,w159872843,143.51003436879253,mfh,19080.71500207315,21200.794446747943,23850.893752591437,r1,-102638.76925002546,-76891.54120222341,25747.228047802055,0.12235184420952645
563,w159872845,162.83680398128925,mfh,21498.13375395689,23886.81528217432,26872.667192446108,r1,-115642.52122830936,-82785.85548598948,32856.66574231988,0.12235184420952645
564,w159872848,156.42925329236314,mfh,21291.72814453538,23657.47571615042,26614.660180669223,r1,-114532.22647703701,-40795.42687303824,73736.79960399878,0.12235184420952645
565,w159872851,167.48750086340587,mfh,20694.65294755158,22994.058830612867,25868.316184439474,r1,-111320.44623916464,-78331.23992079073,32989.20631837391,0.12235184420952645
566,w159872853,143.46053532976657,th,18641.830787650975,20713.145319612195,23302.288484563716,r1,-100277.92818056546,-35718.164327227445,64559.763853338016,0.12235184420952645
567,w159872855,768.5454076524824,other,30902.518900127714,34336.13211125301,38628.14862515964,nr1,-155342.02517087286,-143461.0439173245,11880.98125354835,0.12234696239453793
568,w159872857,315.41669200100006,mfh,33248.68266430212,36942.98073811347,41560.85333037765,r1,-178850.94282252225,-113858.75012808014,64992.192694442114,0.12235184420952645
569,w159872858,136.24142913175746,other,12600.205042488164,14000.227824986849,15750.256303110204,nr1,-63339.21759563317,-69480.25689532593,-6141.039299692762,0.12234696239453793
570,w159872860,131.01957194106652,other,10778.366395040914,11975.96266115657,13472.957993801141,nr1,-54181.12579270736,-51846.13809492876,2334.987697778597,0.12234696239453793
571,w159872862,156.42902136784977,mfh,20547.76308719318,22830.847874659088,25684.703858991474,r1,-110530.29794121794,-67849.26714597088,42681.03079524706,0.12235184420952645
572,w159872865,158.90607472276315,mfh,21250.92912058293,23612.143467314363,26563.66140072866,r1,-114312.76082259866,-40717.25503152096,73595.50579107771,0.12235184420952645
573,w159872867,192.56274920739233,mfh,23626.608294376343,26251.78699375149,29533.260367970426,r1,-127091.98772811977,-81586.03372278788,45505.95400533189,0.12235184420952645
574,w159872868,54.98272090442479,other,4338.732794656411,4820.814216284901,5423.415993320514,nr0,-26742.871885711822,-25961.319562549048,781.552323162774,0.15001795762769513
575,w159872870,315.09365436807275,mfh,33572.70898486998,37303.00998318887,41965.886231087476,r1,-180593.94159086433,-114041.88916971204,66552.05242115229,0.12235184420952645
576,w159872874,56.548262861557305,th,6258.9085433516675,6954.342825946297,7823.635679189584,r1,-33667.851003921314,-37176.346467885865,-3508.495463964551,0.12235184420952645
577,w159872876,86.08918008172186,other,7937.8236826816055,8819.804091868451,9922.279603352006,nr1,-39902.17141528812,-42617.92896310955,-2715.757547821435,0.12234696239453793
578,w159872878,413.8979488207959,mfh,49390.03592714167,54877.81769682407,61737.544908927084,r1,-265678.33020018233,-168512.28592046385,97166.04427971848,0.12235184420952645
579,w159872879,205.3686287334189,mfh,25436.2263636754,28262.47373741711,31795.282954594248,r1,-136826.26505605437,-93006.99796709044,43819.26708896393,0.12235184420952645
580,w159872883,329.8948070596903,th,38258.33027645758,42509.25586273064,47822.91284557197,r1,-205798.78336372308,-147265.78978859587,58532.99357512721,0.12235184420952645
581,w159872884,900.053558271192,other,37831.76819712391,42035.297996804344,47289.71024640488,nr1,-190174.25429070648,-194654.8695776747,-4480.615286968212,0.12234696239453793
582,w159872887,1008.3728146322071,other,88407.21114906944,98230.23461007715,110509.01393633679,nr2,-409105.4127253314,-323170.1720875884,85935.24063774297,0.11262781117628023
583,w159872892,458.9937253634445,other,39649.09661200691,44054.55179111879,49561.370765008636,nr1,-199309.67387513822,-177263.57160149596,22046.10227364226,0.12234696239453793
584,w159872895,353.7920229201671,th,49227.57275316536,54697.30305907262,61534.4659414567,r1,-264804.41010737815,-161504.571966932,103299.83814044614,0.12235184420952645
585,w159872899,2008.66189844124,other,87830.35072413228,97589.2785823692,109787.93840516535,nr2,-406435.98430245195,-349404.1340242109,57031.850278241036,0.11262781117628023
587,w160025355,131.5437356668757,ab,15822.357973565722,17580.397748406358,19777.94746695715,r1,-85111.45147672214,-72989.77532282281,12121.67615389933,0.12235184420952645
588,w160025360,102.43726858533918,mfh,14598.10513130861,16220.116812565122,18247.63141413576,r1,-78525.96424700026,-56327.967721924986,22197.996525075272,0.12235184420952645
589,w160025362,106.2412323884666,mfh,12893.32495058692,14325.916611763245,16116.65618823365,r1,-69355.62971959398,-59557.07186552909,9798.557854064893,0.12235184420952645
590,w160025367,104.2175793532282,mfh,14296.527182761089,15885.030203067876,17870.65897845136,r1,-76903.71951096693,-54089.94375944417,22813.775751522757,0.12235184420952645
591,w160025369,103.97346241511406,mfh,13712.751918131698,15236.391020146331,17140.939897664623,r1,-73763.48212082412,-52755.455248230915,21008.026872593204,0.12235184420952645
592,w160025373,103.9182820610702,mfh,12692.477684318626,14102.75298257625,15865.597105398283,r1,-68275.23434579534,-47708.87333687223,20566.361008923108,0.12235184420952645
593,w160025375,104.46434533819556,mfh,15200.83881015165,16889.8209001685,19001.048512689562,r1,-81768.18252735652,-29125.146811887174,52643.03571546935,0.12235184420952645
594,w160025376,101.26918978765606,other,6767.594541506047,7519.5494905622745,8459.493176882557,nr1,-34019.61649179833,-34941.25067327313,-921.6341814747939,0.12234696239453793
595,w160025380,128.15635424628857,th,16535.50385671767,18372.782063019633,20669.379820897087,r1,-88947.59785459559,-67571.28289181662,21376.314962778968,0.12235184420952645
596,w160025381,64.08582323277369,th,8805.145795153388,9783.495327948209,11006.432243941736,r1,-47364.54201969827,-47124.06364565978,240.47837403848825,0.12235184420952645
597,w160025384,125.48521707579494,mfh,13228.087159594033,14697.874621771149,16535.10894949254,r1,-71156.37885924503,-51979.27511347756,19177.10374576747,0.12235184420952645
598,w160025385,125.6767025694251,mfh,12483.801305090501,13870.890338989446,15604.751631363126,r1,-67152.72469491491,-47017.12642187863,20135.59827303628,0.12235184420952645
599,w160025388,125.67682776004075,mfh,12887.497210468891,14319.441344965435,16109.371513086113,r1,-69324.28120497287,-46175.343448673986,23148.93775629888,0.12235184420952645
600,w160025389,125.54291224256157,mfh,15947.091501286146,17718.990556984605,19933.864376607682,r1,-85782.41667734733,-61773.634822485044,24008.78185486228,0.12235184420952645
601,w160025392,101.23846836648882,other,7707.166695034264,8563.51855003807,9633.95836879283,nr1,-38742.69559078493,-40649.9575216802,-1907.2619308952635,0.12234696239453793
602,w160025393,241.441205301648,mfh,29760.98461218925,33067.76068021028,37201.23076523656,r1,-160089.9563738655,-109394.26780694851,50695.688566917,0.12235184420952645
603,w160025394,520.9474028991534,mfh,62962.95736238052,69958.84151375612,78703.69670297565,r2,-311771.94601391,-111050.57516039246,200721.37085351755,0.11262781117628023
604,w160025395,347.3527018059045,mfh,41270.74084393225,45856.37871548028,51588.42605491531,r1,-222003.10867793573,-171812.38000041153,50190.728677524196,0.12235184420952645
605,w160025396,362.18757194392384,mfh,37666.70161233902,41851.89068037669,47083.37701542377,r1,-202616.30105467082,-129488.33788933356,73127.96316533726,0.12235184420952645
606,w160025398,216.67090053744613,mfh,25759.482837806354,28621.647597562616,32199.353547257942,r1,-138565.12267503247,-96650.56176597488,41914.56090905759,0.12235184420952645
607,w160025399,277.5212213275954,mfh,34672.16062353594,38524.62291503994,43340.20077941992,r1,-186508.09957867226,-66432.63447879057,120075.4650998817,0.12235184420952645
608,w160025402,733.1297983160242,mfh,73752.53405858297,81947.26006509218,92190.66757322871,r2,-365198.3964882846,-229836.29617794586,135362.10031033872,0.11262781117628023
609,w160025403,118.93753181435167,th,13366.26539456982,14851.405993966466,16707.831743212275,r1,-71899.66567913171,-51364.772718485176,20534.89296064653,0.12235184420952645
610,w160025405,118.80893169231713,mfh,11413.826109522666,12682.02901058074,14267.282636903332,r1,-61397.12606094309,-38758.60595148187,22638.52010946122,0.12235184420952645
611,w160025406,118.8714888818562,mfh,12694.703117102687,14105.225685669651,15868.378896378357,r1,-68287.20536899757,-40801.83834158887,27485.367027408705,0.12235184420952645
612,w160025409,118.87152101863175,mfh,13545.552141340295,15050.613490378106,16931.94017667537,r1,-72864.0829470047,-51299.135565682016,21564.947381322687,0.12235184420952645
613,w160025412,678.325670054555,mfh,83112.16289052342,92346.84765613714,103890.20361315427,r2,-411544.2134121491,-146588.6273209181,264955.586091231,0.11262781117628023
614,w160025415,1309.668819526094,mfh,134843.0872649352,149825.65251659465,168553.85908116898,r2,-667698.8102885844,-401645.9673194063,266052.84296917816,0.11262781117628023
615,w160025422,678.3786613484378,mfh,78555.95700031816,87284.39666702018,98194.9462503977,r2,-388983.3738910045,-232871.89409060637,156111.4798003981,0.11262781117628023
616,w160025427,555.729584345687,mfh,68356.5049155554,75951.67212839489,85445.63114444424,r2,-338479.0272409523,-120563.41545611953,217915.61178483278,0.11262781117628023
617,w160025428,926.2977557130158,mfh,100962.61735123128,112180.68594581253,126203.2716890391,r2,-499933.8183097858,-306478.56243228086,193455.25587750494,0.11262781117628023
618,w160025434,188.0208901744336,mfh,25126.424219116037,27918.249132351153,31408.030273895045,r1,-135159.78081659396,-89758.96803789503,45400.812778698935,0.12235184420952645
619,w160025437,385.6369404070079,mfh,43222.04791881172,48024.497687568575,54027.55989851464,r1,-232499.55792382278,-144729.06359322288,87770.4943305999,0.12235184420952645
620,w160025438,514.208815998584,mfh,66439.19135967275,73821.32373296973,83048.98919959094,r2,-328985.1183860049,-117181.76405245149,211803.3543335534,0.11262781117628023
621,w160025439,231.99735509790483,mfh,23422.747428464972,26025.274920516636,29278.434285581214,r1,-125995.38163274471,-89076.8269758299,36918.554656914814,0.12235184420952645
622,w160025441,239.19352681115268,mfh,29974.211052689745,33304.67894743305,37467.76381586218,r1,-161236.9416635759,-57431.25812879868,103805.68353477723,0.12235184420952645
623,w160025442,258.45977183450015,mfh,26407.168715404667,29341.29857267185,33008.96089425583,r1,-142049.14732138824,-90289.29336782057,51759.85395356767,0.12235184420952645
624,w160025445,358.2598954875022,mfh,37036.861616907394,41152.06846323044,46296.07702113424,r1,-199228.27277855438,-128586.18117486846,70642.09160368593,0.12235184420952645
625,w160025446,282.03160609211767,mfh,32653.249972380814,36281.3888582009,40816.56246547602,r1,-175647.99792955612,-62564.356560093955,113083.64136946216,0.12235184420952645
626,w160025449,151.84076374266294,mfh,15398.815708212785,17109.79523134754,19248.51963526598,r1,-82833.13764852074,-60600.0696213955,22233.068027125242,0.12235184420952645
627,w160025451,187.46145662125198,mfh,22242.272514884975,24713.63612764997,27802.840643606218,r1,-119645.38414851957,-81098.3875153421,38546.99663317748,0.12235184420952645
628,w160025452,105.00601281486452,mfh,13097.326417448377,14552.584908275974,16371.658021810472,r1,-70452.99213403098,-51005.98458421888,19447.0075498121,0.12235184420952645
629,w160025453,104.94913844838739,mfh,14710.976976171565,16345.52997352396,18388.721220214455,r1,-79133.12321554283,-56676.32006927736,22456.80314626547,0.12235184420952645
630,w160025454,86.96602670811116,mfh,9958.714429546208,11065.238255051341,12448.393036932759,r1,-53569.80554712095,-50509.05781176541,3060.747735355544,0.12235184420952645
631,w160025455,103.15431486908346,mfh,14454.34817374303,16060.386859714477,18067.935217178787,r1,-77752.66842480194,-55841.08360518793,21911.584819614014,0.12235184420952645
632,w160025456,162.83409464433788,mfh,15439.821255317227,17155.356950352474,19299.776569146532,r1,-83053.71422999405,-50939.52642765779,32114.18780233626,0.12235184420952645
633,w160025457,103.20248084068298,mfh,13888.002639595677,15431.114043995196,17360.003299494594,r1,-74706.18884639953,-52603.95771009552,22102.231136304006,0.12235184420952645
634,w160025458,101.69107806179672,mfh,14620.583473797502,16245.09274866389,18275.729342246876,r1,-78646.87949611903,-90663.21584998057,-12016.336353861538,0.12235184420952645
635,w160025459,108.44199563004076,mfh,13875.057936342178,15416.731040380198,17343.82242042772,r1,-74636.55684308617,-55051.92859341666,19584.628249669513,0.12235184420952645
636,w160025462,124.9876569705084,mfh,15710.045915399749,17455.606572666387,19637.557394249685,r1,-84507.30370653427,-61722.72373605801,22784.579970476254,0.12235184420952645
637,w160025465,103.21026510931551,mfh,13114.320013160435,14571.466681289372,16392.90001645054,r1,-70544.40389448279,-46840.05389611579,23704.349998367004,0.12235184420952645
638,w160025467,105.14285953305661,mfh,14341.115732538854,15934.573036154281,17926.394665673568,r1,-77143.56974044397,-53931.66002991168,23211.909710532287,0.12235184420952645
639,w160025469,108.37528205253183,mfh,12119.687617749969,13466.319575277743,15149.60952218746,r1,-65194.08841049578,-48652.473852388976,16541.614558106805,0.12235184420952645
640,w160025471,48.55004379618913,sfh,6829.869385996844,7588.743762218715,8537.336732496055,r1,-36739.157198300876,-30675.769030465784,6063.388167835092,0.12235184420952645
641,w160025472,101.69099241122603,mfh,13375.50809475645,14861.6756608405,16719.38511844556,r1,-71949.38390885213,-25627.77237550883,46321.611533343304,0.12235184420952645
642,w160025474,105.6897082787007,mfh,13340.076698786537,14822.307443096151,16675.09587348317,r1,-71758.79173896926,-55425.09899555531,16333.69274341395,0.12235184420952645
643,w160025476,96.35599186792969,mfh,11760.455718228655,13067.17302025406,14700.569647785818,r1,-63261.712184646254,-22533.29593491627,40728.416249729984,0.12235184420952645
644,w160025477,108.4367577029392,mfh,13789.217767408181,15321.35307489798,17236.522209260227,r1,-74174.80636410031,-50020.52433212906,24154.28203197125,0.12235184420952645
645,w160025481,105.0061043202877,mfh,13105.966754568803,14562.185282854225,16382.458443211002,r1,-70499.47013906644,-45794.62884979117,24704.841289275275,0.12235184420952645
646,w160025482,103.2132654029876,mfh,14060.161845670413,15622.402050744902,17575.202307088013,r1,-75632.26572688608,-54986.885721767845,20645.380005118233,0.12235184420952645
647,w160025484,128.51466068420558,mfh,13247.347808026228,14719.275342251365,16559.184760032786,r1,-71259.98552439478,-43638.87889774982,27621.106626644963,0.12235184420952645
648,w160025486,101.26240085978061,mfh,13302.68360909849,14780.75956566499,16628.354511373112,r1,-71557.64724812495,-49074.47582659077,22483.171421534178,0.12235184420952645
649,w160025487,105.13472320698202,mfh,14158.708934601254,15731.898816223616,17698.386168251567,r1,-76162.3691281441,-54786.340277785996,21376.028850358103,0.12235184420952645
650,w160025490,87.12732640933245,mfh,12040.780464448602,13378.644960498446,15050.975580560753,r1,-64769.63193184729,-81119.44641425856,-16349.814482411275,0.12235184420952645
651,w160025492,101.576605540514,mfh,13964.916070301266,15516.57341144585,17456.145087876583,r1,-75119.92071470537,-53152.935906673556,21966.98480803181,0.12235184420952645
652,w160025494,105.68961535468698,mfh,14285.138779463909,15872.376421626564,17856.423474329884,r1,-76842.45913901449,-54649.104636555334,22193.35450245916,0.12235184420952645
653,w160025496,100.3227494932711,mfh,13748.271791453237,15275.857546059151,17185.339739316543,r1,-73954.55022708971,-53583.91533110506,20370.63489598465,0.12235184420952645
654,w160025498,53.38166442215442,th,6600.947610690868,7334.386234100964,8251.184513363583,r1,-35507.743738722274,-36566.94153125317,-1059.1977925308965,0.12235184420952645
655,w160025500,108.55102695096282,mfh,13356.061664075802,14840.06851563978,16695.07708009475,r1,-71844.7778859043,-47660.98868265205,24183.78920325225,0.12235184420952645
656,w160025504,103.15687311664223,mfh,13210.204122827778,14678.004580919753,16512.75515353472,r1,-71060.18262739824,-46808.76756947556,24251.415057922684,0.12235184420952645
657,w160025505,103.09466042611747,mfh,11999.591279695112,13332.879199661236,14999.48909961889,r1,-64548.067528781125,-47525.90148770716,17022.166041073964,0.12235184420952645
658,w160025507,85.83866344131528,mfh,11973.740029139291,13304.155587932546,14967.175036424114,r1,-64409.008770221226,-49755.62048323866,14653.388286982568,0.12235184420952645
659,w160025509,108.27769679883495,mfh,14945.057217444468,16605.61913049385,18681.321521805585,r1,-80392.28503769617,-59658.61434112462,20733.67069657155,0.12235184420952645
660,w160025513,105.03020258601755,mfh,11679.227174263047,12976.919082514496,14599.03396782881,r1,-62824.768507237124,-42853.57963524362,19971.1888719935,0.12235184420952645
661,w160025515,104.96566433478147,mfh,13255.429579015141,14728.255087794601,16569.286973768925,r1,-71303.45889672765,-46020.76143671767,25282.69746000998,0.12235184420952645
662,w160025517,132.51887063886969,mfh,14316.368058185923,15907.07562020658,17895.460072732403,r1,-77010.44732668174,-49408.39462596743,27602.05270071431,0.12235184420952645
663,w160032048,197.876624872908,mfh,22760.163304132715,25289.070337925237,28450.204130165894,r1,-122431.21650378182,-82309.81470280733,40121.40180097449,0.12235184420952645
664,w160032049,177.6117346536368,mfh,20420.46582699145,22689.406474434945,25525.582283739313,r1,-109845.5419394336,-100180.0479349461,9665.494004487511,0.12235184420952645
665,w160032050,605.1206229591743,mfh,68794.57954872533,76438.42172080593,85993.22443590667,r2,-340648.2293655705,-212072.54930746858,128575.68005810195,0.11262781117628023
666,w160032051,604.9254235289991,mfh,66484.26842234895,73871.4093581655,83105.33552793619,r2,-329208.32523873035,-198822.63710049068,130385.68813823967,0.11262781117628023
667,w160032052,558.9287057133391,mfh,63671.536875409336,70746.15208378815,79589.42109426166,r2,-315280.59971978853,-205523.92562682775,109756.67409296078,0.11262781117628023
668,w160032053,914.9869650162756,mfh,118384.96876544278,131538.85418382531,147981.21095680346,r2,-586203.5971145588,-208800.84771244397,377402.74940211483,0.11262781117628023
669,w160032054,558.7663555394857,mfh,60610.35153484233,67344.8350387137,75762.93941855291,r2,-300122.61237740767,-188051.16398939388,112071.44838801379,0.11262781117628023
670,w160032055,915.1860893286764,mfh,117551.19343225891,130612.43714695434,146938.99179032363,r2,-582075.0147058733,-207330.28098268076,374744.7337231926,0.11262781117628023
671,w160032056,579.5610938113182,mfh,57693.31188162339,64103.67986847043,72116.63985202923,r2,-285678.3872745506,-163047.3078992202,122631.07937533042,0.11262781117628023
672,w160032057,300.306428108085,mfh,37313.43611538925,41459.37346154361,46641.79514423657,r1,-200716.01923496526,-71493.37733855248,129222.64189641278,0.12235184420952645
673,w160032058,579.3688813976943,mfh,57693.4417204568,64103.82413384089,72116.80215057099,r2,-285679.0301939347,-175166.4170161906,110512.61317774409,0.11262781117628023
674,w160032059,915.3225905947387,mfh,92194.63134061452,102438.47926734947,115243.28917576815,r2,-456517.6228884122,-162607.78187640858,293909.8410120036,0.11262781117628023
675,w160032060,914.9022733874618,mfh,89683.02969465003,99647.81077183336,112103.78711831254,r2,-444080.9940263451,-253234.7706624712,190846.2233638739,0.11262781117628023
676,w160032061,434.5004198986106,mfh,54507.02112981529,60563.35681090588,68133.77641226912,r2,-269900.91890469816,-96136.4634114575,173764.45549324068,0.11262781117628023
677,w160032062,579.3681231357157,mfh,63760.568600850966,70845.07622316774,79700.7107510637,r2,-315721.4556684402,-112457.35766390077,203264.09800453944,0.11262781117628023
678,w160032063,157.0142166607082,mfh,21768.76703500984,24187.51892778871,27210.9587937623,r1,-117098.30875421462,-78108.09254773163,38990.21620648299,0.12235184420952645
679,w160032064,245.02896427586674,mfh,31648.601750868154,35165.11305652017,39560.75218858519,r1,-170243.8054255497,-105737.10641856513,64506.69900698458,0.12235184420952645
680,w160032065,177.6155174203217,mfh,23633.30432957042,26259.22703285602,29541.630411963022,r1,-127128.0069659261,-86752.76318783696,40375.24377808915,0.12235184420952645
681,w160032066,915.0334876678884,mfh,90981.15204470573,101090.16893856191,113726.44005588215,r2,-450508.8708001705,-259932.4601563535,190576.410643817,0.11262781117628023
682,w160032067,686.1767572972923,mfh,82068.33429355826,91187.03810395363,102585.41786694783,r2,-406375.51602857845,-253465.37093237712,152910.14509620133,0.11262781117628023
683,w160032068,579.4084268193692,mfh,55797.50842459628,61997.23158288475,69746.88553074535,r2,-276290.98938509903,-160025.95311350832,116265.03627159071,0.11262781117628023
684,w160032069,582.2339869499207,mfh,56337.525071553566,62597.25007950396,70421.90633944195,r2,-278964.9749784501,-158670.77899608682,120294.19598236328,0.11262781117628023
685,w160032070,655.6557445708662,mfh,64738.30461673968,71931.4495741552,80922.8807709246,r2,-320562.8842342408,-187959.024249404,132603.8599848368,0.11262781117628023
686,w160032071,187.63290931591763,mfh,21296.262178485253,23662.513531650282,26620.327723106566,r1,-114556.61590187266,-76526.26072973672,38030.35517213594,0.12235184420952645
687,w160032072,300.05888833065984,mfh,31840.051021962732,35377.83446884748,39800.06377745341,r1,-171273.6472085661,-101904.14457458745,69369.50263397866,0.12235184420952645
688,w160032074,652.9879129000007,mfh,66119.07190804384,73465.63545338204,82648.8398850548,r2,-327399.99169291084,-197551.22382863145,129848.76786427939,0.11262781117628023
689,w160032075,187.48918503960593,mfh,19824.58853199762,22027.320591108466,24780.73566499702,r1,-106640.20544258034,-76648.76836495848,29991.437077621857,0.12235184420952645
690,w160032079,410.4375718038529,mfh,56450.435111772305,62722.70567974701,70563.04388971538,r2,-279524.06852230796,-99564.149300304,179959.91922200395,0.11262781117628023
691,w160032080,367.35827468354256,mfh,37513.62238413698,41681.802649041085,46892.027980171224,r1,-201792.8589782762,-127086.35310896827,74706.50586930793,0.12235184420952645
692,w160032082,146.62608959153295,mfh,18641.24062010344,20712.48957789271,23301.550775129297,r1,-100274.75355787843,-71570.21792734662,28704.535630531813,0.12235184420952645
693,w160032083,292.00384606306903,mfh,30643.0030164966,34047.781129440664,38303.75377062075,r1,-164834.4999333779,-100214.8431856555,64619.6567477224,0.12235184420952645
694,w160032087,547.5336022242903,mfh,60767.66004008141,67519.62226675713,75959.57505010176,r2,-300901.5525806236,-107178.63139373824,193722.92118688536,0.11262781117628023
695,w160032089,324.3052944285795,mfh,36712.527765060455,40791.69751673384,45890.65970632557,r1,-197483.61974138705,-133586.53956343178,63897.08017795527,0.12235184420952645
696,w160032093,651.9691053661052,mfh,70334.93715781553,78149.93017535059,87918.6714472694,r2,-348275.5758159506,-209061.34244334555,139214.23337260503,0.11262781117628023
697,w160032096,417.5862662355881,mfh,47555.89860683755,52839.88734093061,59444.87325854694,r1,-255812.15919080976,-162687.61366504847,93124.54552576129,0.12235184420952645
698,w160032097,55.47504670508206,th,7948.649698139474,8831.832997932748,9935.812122674342,r1,-42757.28777081885,-42787.04185800298,-29.754087184126547,0.12235184420952645
699,w160032099,154.26596265360712,mfh,19916.581628132146,22129.53514236905,24895.727035165182,r1,-107135.05367891325,-69334.29233106798,37800.76134784527,0.12235184420952645
700,w160032101,417.4909567882307,mfh,46112.95125263289,51236.61250292543,57641.18906579111,r1,-248050.27288245835,-155396.7140991211,92653.55878333724,0.12235184420952645
701,w160032104,110.95144802480935,th,12429.560392323068,13810.622658136743,15536.950490403835,r1,-66860.95258213808,-51084.69429937685,15776.258282761228,0.12235184420952645
702,w160032105,152.98637234792113,mfh,20848.956423449432,23165.507137166034,26061.19552931179,r1,-112150.47377510529,-39947.06636202697,72203.40741307833,0.12235184420952645
703,w160032106,115.7174410201609,mfh,13210.000451569256,14677.778279521395,16512.50056446157,r1,-71059.08704123684,-62283.24402924426,8775.843011992576,0.12235184420952645
704,w160032107,169.80155310891567,th,20257.197734231464,22507.997482479404,25321.49716778933,r1,-108967.29203648903,-38813.2434910698,70154.04854541924,0.12235184420952645
705,w160032108,125.84912734059617,mfh,15892.879065874109,17658.7545176379,19866.098832342635,r1,-85490.79774964292,-60875.08854850954,24615.70920113338,0.12235184420952645
706,w160032109,117.1162128248019,mfh,12173.84675432335,13526.49639369261,15217.308442904186,r1,-65485.42063368195,-49985.301920686565,15500.118712995383,0.12235184420952645
707,w160032110,214.96215275530702,mfh,27759.583627761367,30843.98180862374,34699.479534701706,r1,-149324.04252864807,-99088.03870258843,50236.00382605965,0.12235184420952645
708,w160032111,253.8681676615961,th,29680.37219464188,32978.191327379864,37100.46524330235,r1,-159656.32695681104,-110747.09421249083,48909.23274432021,0.12235184420952645
709,w160032112,125.84912488418631,th,14784.277193453934,16426.97465939326,18480.346491817418,r1,-79527.41892651615,-55859.011848948074,23668.40707756808,0.12235184420952645
710,w160032113,105.45346036842092,mfh,13847.210707174945,15385.789674638827,17309.01338396868,r1,-74486.76133864946,-53423.95426618432,21062.80707246514,0.12235184420952645
711,w160032114,381.28189064939505,mfh,38441.58971886041,42712.87746540045,48051.98714857551,r1,-206784.57051161712,-125551.21362036627,81233.35689125085,0.12235184420952645
712,w160032115,139.91205219514669,mfh,18194.998750903073,20216.66527878119,22743.748438628838,r1,-97874.33427392706,-66904.52674353642,30969.807530390637,0.12235184420952645
713,w160032116,192.1807412372902,mfh,25401.90433957016,28224.338155077952,31752.3804244627,r1,-136641.64040692835,-48670.616301608825,87971.02410531952,0.12235184420952645
714,w160032117,302.6253065098543,mfh,38132.472874110405,42369.414304567115,47665.591092638,r1,-205121.77262924504,-73062.67006904018,132059.10256020486,0.12235184420952645
715,w160032118,188.54685349911452,mfh,24193.179771566014,26881.31085729557,30241.474714457516,r1,-130139.68269681453,-89229.05019448133,40910.6325023332,0.12235184420952645
716,w160032119,301.6826584111899,mfh,37828.96424629396,42032.182495882174,47286.20530786744,r1,-203489.14240482953,-127147.34576492378,76341.79663990575,0.12235184420952645
717,w160032121,128.1140758719295,mfh,17251.90075647625,19168.778618306944,21564.87594559531,r1,-92801.2320647269,-62092.38276435056,30708.849300376336,0.12235184420952645
718,w160032123,387.4767547928728,mfh,54442.01474559972,60491.1274951108,68052.51843199965,r2,-269579.02857808,-191421.59868659996,78157.42989148005,0.11262781117628023
719,w160032125,297.0948597435839,mfh,31398.011390583837,34886.67932287093,39247.51423822979,r1,-168895.83255541843,-106695.57508409847,62200.25747131996,0.12235184420952645
720,w160032126,464.2806208854541,mfh,50568.14004669606,56186.82227410674,63210.17505837008,r2,-250396.8696693108,-159164.1255133499,91232.74415596091,0.11262781117628023
721,w160032127,228.89082276217522,mfh,26202.43345212795,29113.81494680883,32753.041815159933,r1,-140947.83767746142,-101828.61045325211,39119.2272242093,0.12235184420952645
722,w160032128,268.14993185095955,mfh,30473.596445371426,33859.55160596825,38091.99555671428,r1,-163923.2299961001,-142820.8701944125,21102.35980168759,0.12235184420952645
723,w160032129,100.24086796883493,mfh,13847.774666178364,15386.416295753737,17309.718332722954,r1,-74489.79498062842,-53109.91250283033,21379.882477798084,0.12235184420952645
724,w160032130,150.2635816658847,mfh,14029.486662093666,15588.318513437407,17536.858327617083,r1,-75467.25812164204,-48799.33485069345,26667.923270948588,0.12235184420952645
725,w160032131,100.12314690686762,mfh,14135.939899488163,15706.599888320181,17669.924874360204,r1,-76039.89018850456,-54316.16032818119,21723.729860323372,0.12235184420952645
726,w160032132,257.78643680289383,mfh,32040.0698986087,35600.07766512078,40050.087373260874,r1,-172349.58651815087,-115605.48234666824,56744.10417148263,0.12235184420952645
727,w160032133,136.6476590367034,mfh,17304.298376071107,19226.998195634562,21630.372970088883,r1,-93083.08875543594,-61972.15481871456,31110.933936721376,0.12235184420952645
728,w160032134,132.71697852164507,th,15243.003074861019,16936.67008317891,19053.753843576273,r1,-81994.99206964212,-61168.82231583248,20826.169753809634,0.12235184420952645
729,w160032135,165.9338162511587,mfh,22655.11538553312,25172.350428370133,28318.8942319164,r1,-121866.14391210125,-83239.88533093236,38626.25858116889,0.12235184420952645
730,w160032136,153.4784858365543,mfh,20651.507489251788,22946.119432501986,25814.384361564735,r1,-111088.35867126491,-83223.87840157647,27864.480269688444,0.12235184420952645
731,w160032137,244.7570460377261,mfh,31882.694606522888,35425.21622946987,39853.368258153605,r1,-171503.0351028451,-108672.15978306864,62830.875319776474,0.12235184420952645
732,w160032138,345.56507694348693,mfh,33660.554635708184,37400.61626189798,42075.693294635224,r1,-181066.47993573354,-111212.25297859465,69854.22695713889,0.12235184420952645
733,w160032139,170.051029805094,mfh,20953.231302739754,23281.36811415528,26191.53912842469,r1,-112711.38804235842,-74460.60394901506,38250.78409334336,0.12235184420952645
734,w160032140,210.13578363517297,mfh,25061.983224774885,27846.648027527648,31327.479030968607,r1,-134813.14053882108,-97068.68142948285,37744.45910933823,0.12235184420952645
735,w160032141,252.5825279586017,mfh,26752.030081941455,29724.477868823837,33440.03760242682,r1,-143904.22173654364,-91422.73179113978,52481.48994540385,0.12235184420952645
736,w160032142,252.46278136584442,mfh,34459.97295454553,38288.858838383916,43074.96619318191,r1,-185366.70203707903,-66026.0781638265,119340.62387325252,0.12235184420952645
737,w160032143,236.73276664549485,mfh,29576.02728282697,32862.25253647441,36970.03410353371,r1,-159095.035971383,-100595.12561999107,58499.91035139194,0.12235184420952645
738,w160032144,216.15235636769793,mfh,24178.437367510116,26864.93040834457,30223.046709387643,r1,-130060.38052140235,-88058.83769269414,42001.5428287082,0.12235184420952645
739,w160032145,143.2480424195528,mfh,18000.89068230275,20000.989647003054,22501.113352878438,r1,-96830.19031703279,-34490.1087640419,62340.08155299089,0.12235184420952645
740,w160032146,425.3107569515705,mfh,43179.60460429989,47977.3384492221,53974.50575537486,r1,-232271.24731995328,-147100.15860856138,85171.0887113919,0.12235184420952645
741,w160032147,237.48158785337583,mfh,32014.72814949744,35571.92016610827,40018.4101868718,r1,-172213.26846407694,-117009.38474916792,55203.883714909025,0.12235184420952645
742,w160032148,183.97369813346305,th,23560.800292201195,26178.66699133466,29451.000365251493,r1,-126737.99405705839,-85041.67045973572,41696.32359732267,0.12235184420952645
743,w160032149,343.71558685973287,mfh,34361.6584028396,38179.620447599555,42952.0730035495,r1,-184837.84949746673,-116921.03161173771,67916.81788572902,0.12235184420952645
744,w160032150,136.78365420317277,mfh,19017.245100468906,21130.27233385434,23771.556375586133,r1,-102297.35266346823,-71082.19541196046,31215.15725150777,0.12235184420952645
745,w160032151,156.68413198292254,mfh,18994.198311231074,21104.66479025675,23742.74788903884,r1,-102173.37963193987,-82400.69551580714,19772.684116132732,0.12235184420952645
746,w160032152,131.687454425171,th,16816.435705141692,18684.928561268545,21020.544631427114,r1,-90458.78331919915,-32220.666562020277,58238.116757178876,0.12235184420952645
747,w160032153,131.7784823913127,mfh,14664.81319433541,16294.236882594898,18331.01649291926,r1,-78884.7995153526,-47829.39193128638,31055.40758406622,0.12235184420952645
748,w160032155,131.65618118494749,mfh,16155.971644692994,17951.079605214436,20194.96455586624,r1,-86906.0224142245,-56537.60656223331,30368.415851991187,0.12235184420952645
749,w160032156,597.6746075108182,mfh,62825.58869422202,69806.20966024668,78531.98586777752,r2,-311091.7413541031,-207431.27158418033,103660.46976992275,0.11262781117628023
750,w160032157,145.99030133634804,mfh,18497.65764028637,20552.95293365152,23122.072050357958,r1,-99502.3935948438,-103021.59181588149,-3519.198221037688,0.12235184420952645
751,w160032158,192.3817300193943,mfh,24447.84564861781,27164.27294290868,30559.807060772262,r1,-131509.57854126976,-84183.10636800416,47326.4721732656,0.12235184420952645
752,w160032159,156.72131929650496,mfh,19753.449044420944,21948.276716023272,24691.81130552618,r1,-106257.53270473199,-67366.81648805217,38890.71621667982,0.12235184420952645
753,w160032160,462.61881872685626,other,21516.45961733097,23907.177352589966,26895.57452166371,nr1,-108159.80478049912,-92465.94961411796,15693.855166381167,0.12234696239453793
754,w160032161,876.0951372385025,trade,41598.98809684389,46221.0978853821,51998.73512105486,nr1,-209111.46683243546,-74487.29952780342,134624.16730463202,0.12234696239453793
755,w160032162,197.75498196221892,mfh,21819.024375477275,24243.36041719697,27273.78046934659,r1,-117368.65247932116,-76415.19041754853,40953.46206177263,0.12235184420952645
756,w160032163,355.37988740094,mfh,43004.925360010486,47783.25040001165,53756.1567000131,r1,-231331.6146780192,-142706.1183739164,88625.4963041028,0.12235184420952645
757,w160032164,218.83437259588393,mfh,24626.450963512878,27362.723292792085,30783.063704391097,r1,-132470.3302584015,-88359.78859746207,44110.541660939416,0.12235184420952645
758,w160032165,192.38173281145282,mfh,24614.11645560697,27349.018284007743,30767.645569508713,r1,-132403.98061109375,-83777.51448332849,48626.46612776526,0.12235184420952645
759,w160032166,5513.669180350005,other,296885.1769801247,329872.41886680527,371106.47122515587,nr2,-1373839.659478563,-1010792.8930355081,363046.7664430548,0.11262781117628023
760,w160032167,119.51807446111924,mfh,13433.338114289052,14925.931238098947,16791.672642861315,r1,-72260.46250469543,-48728.224251508494,23532.238253186937,0.12235184420952645
761,w160032168,107.41719602905214,th,13873.999853026246,15415.555392251383,17342.499816282805,r1,-74630.86521311845,-26582.893722787874,48047.97149033057,0.12235184420952645
763,w160032170,37.81535124108195,sfh,4769.791538029326,5299.76837558814,5962.239422536657,r0,-31483.791475882463,-27402.127859700733,4081.6636161817296,0.15013479573308705
764,w160032171,82.13437312801835,th,9646.465808249995,10718.295342499994,12058.082260312494,r1,-51890.161247293705,-38100.934409985195,13789.22683730851,0.12235184420952645
765,w160032172,100.39566505721304,th,14312.979822175337,15903.310913528152,17891.22477771917,r1,-76992.22136533714,-58824.88478233156,18167.336583005585,0.12235184420952645
766,w160032173,119.7984774223063,mfh,12295.751901574888,13661.94655730543,15369.689876968609,r1,-66141.17144164599,-43046.77276076504,23094.39868088095,0.12235184420952645
767,w160032174,119.65868240431882,mfh,13051.979082176204,14502.19898019578,16314.973852720253,r1,-70209.06025408843,-45021.87972531238,25187.18052877605,0.12235184420952645
768,w160032175,69.26172256879508,th,7386.415528105403,8207.128364561559,9233.019410131752,r1,-39732.92399638291,-35307.48884570818,4425.435150674726,0.12235184420952645
769,w160032176,103.52918697646818,th,13372.589931875937,14858.433257639928,16715.73741484492,r1,-71933.68655964408,-52311.54810107414,19622.138458569934,0.12235184420952645
770,w160032177,62.96843930834439,th,7111.322358229594,7901.469286921771,8889.152947786992,r1,-38253.14588628203,-13625.452535670061,24627.693350611968,0.12235184420952645
771,w160032178,300.84989367914386,mfh,31793.30178992664,35325.89087769627,39741.6272374083,r1,-171022.17426119244,-116500.29310854439,54521.88115264806,0.12235184420952645
772,w160127708,318.335366258584,mfh,40928.439383668316,45476.04375963146,51160.54922958539,r1,-220161.80448204163,-150139.83367600202,70021.97080603961,0.12235184420952645
773,w160127710,130.057766958978,mfh,19160.41845180246,21289.353835336067,23950.523064753073,r1,-103067.50915753465,-36711.78987920414,66355.7192783305,0.12235184420952645
774,w160127712,149.28690248169005,mfh,19893.976263748034,22104.41807083115,24867.470329685042,r1,-107013.4551550329,-76111.05738369623,30902.397771336677,0.12235184420952645
775,w160127717,149.4986190713942,mfh,20018.073736971855,22242.30415219095,25022.59217121482,r1,-107680.99889840664,-76355.41307046625,31325.58582794039,0.12235184420952645
776,w160127718,161.62649620659647,mfh,19998.168014560528,22220.18668284503,24997.710018200658,r1,-107573.92225850557,-76084.55815676153,31489.36410174404,0.12235184420952645
777,w160127719,242.7560603125021,mfh,26016.569220877962,28907.299134308847,32520.71152609745,r1,-139948.03887846318,-91412.5883778229,48535.450500640276,0.12235184420952645
778,w164087844,70.24407002975931,other,5531.1032271675895,6145.670252408432,6913.879033959486,nr1,-27803.97221062173,-34664.484841135854,-6860.512630514124,0.12234696239453793
779,w164087850,88.49543042890728,other,9571.515035104732,10635.016705671924,11964.393793880914,nr1,-48114.476826692684,-57221.81212220514,-9107.335295512457,0.12234696239453793
780,w164087857,77.59434223277493,other,5732.685063821826,6369.65007091314,7165.856329777282,nr1,-28817.29189646145,-33039.30486320418,-4222.012966742732,0.12234696239453793
786,w164088149,49.229225591477004,other,5037.637509600219,5597.37501066691,6297.046887000274,nr1,-25323.39889014085,-32346.627300670592,-7023.228410529744,0.12234696239453793
788,w164088153,80.69597001839429,other,6314.859681225849,7016.51075691761,7893.574601532311,nr1,-31743.790683272175,-42213.013556956146,-10469.222873683972,0.12234696239453793
791,w164088159,54.065223559696456,other,5119.410322922457,5688.233692136064,6399.262903653072,nr1,-25734.457757751275,-30072.664981799702,-4338.207224048427,0.12234696239453793
793,w164088169,56.479432658094446,other,4565.7132450906565,5073.014716767396,5707.14155636332,nr0,-28141.923035854124,-32485.8935685322,-4343.970532678075,0.15001795762769513
795,w164088175,32.08830586867407,other,2825.594723491785,3139.54969276865,3531.993404364731,nr0,-17416.26444116344,-20585.734662527684,-3169.470221364245,0.15001795762769513
799,w164088182,35.81288355943252,other,2845.4381235960636,3161.597915106737,3556.7976544950793,nr0,-17538.57423341873,-20896.139104996033,-3357.5648715773023,0.15001795762769513
800,w359788107,586.4023264580406,other,46109.15580262688,51232.39533625209,57636.4447532836,nr1,-231783.35929339938,-190697.45026725027,41085.90902614911,0.12234696239453793
801,w377595955,68.13203878551721,other,5269.498540512313,5854.998378347015,6586.873175640391,nr1,-26488.927247764226,-9435.58327031141,17053.343977452816,0.12234696239453793
802,w377595956,85.03076633159071,other,6722.920315991011,7469.911462212234,8403.650394988763,nr1,-33795.04629779977,-38379.67802478827,-4584.631726988504,0.12234696239453793
805,w377595969,38.68702136902139,other,3090.1691164444,3433.521240493778,3862.7113955555,nr0,-19047.035320551524,-21059.025136291104,-2011.98981573958,0.15001795762769513
814,w377595984,35.49371746703982,other,2841.029831970761,3156.699813300845,3551.287289963451,nr0,-17511.402618168413,-17791.619295745062,-280.2166775766491,0.15001795762769513
818,w377595990,36.364706988167015,other,2791.57936980043,3101.754855333811,3489.474212250537,nr0,-17206.602245087335,-16920.243742286555,286.3585028007801,0.15001795762769513
819,w377595993,54.98309161569923,other,4220.0307815631595,4688.923090625733,5275.038476953949,nr0,-26011.222143962674,-25194.92297777649,816.2991661861852,0.15001795762769513
823,w377596001,68.93592455182224,other,4836.798385703419,5374.220428559354,6045.997982129273,nr0,-29812.824547571072,-29222.196434558187,590.6281130128846,0.15001795762769513
825,w377596004,35.535723760165276,other,2630.7606042728767,2923.067338080974,3288.450755341096,nr0,-16215.355296527028,-18453.67001606175,-2238.314719534723,0.15001795762769513
827,w377596008,41.66994294051546,other,3243.63691899437,3604.041021104855,4054.546148742962,nr0,-19992.972758143966,-21433.718778789873,-1440.7460206459073,0.15001795762769513
831,w377596012,33.714099188242116,other,2925.7385905314077,3250.8206561460083,3657.1732381642596,nr0,-18033.52637757003,-19470.582217842955,-1437.0558402729257,0.15001795762769513
836,w377596021,41.97082374822348,other,3488.321395519886,3875.9126616887625,4360.401744399857,nr0,-21501.147130210247,-21097.466477817714,403.6806523925334,0.15001795762769513
838,w377596023,32.13139781658538,other,2490.0711216668888,2766.7456907409874,3112.5889020836107,nr0,-15348.180250939331,-17484.17015707184,-2135.9899061325086,0.15001795762769513
844,w377596038,30.39147779517807,other,2398.685899783123,2665.2065553145812,2998.357374728904,nr0,-14784.904429000075,-5266.509873298132,9518.394555701943,0.15001795762769513
847,w377596043,50.74534401865676,other,3919.317771017566,4354.797523352851,4899.1472137719575,nr0,-24157.70179689453,-23670.353773691757,487.3480232027723,0.15001795762769513
848,w377596044,31.44567816138733,other,2904.869813374752,3227.633125971947,3631.08726671844,nr0,-17904.89641570668,-18000.94538803508,-96.04897232840085,0.15001795762769513
861,w377596072,32.00744857888203,other,2718.9974702297686,3021.108300255298,3398.7468377872106,nr0,-16759.225434090724,-18696.594510238672,-1937.3690761479484,0.15001795762769513
863,w377596074,30.798605113010854,other,2855.316162411527,3172.5735137905854,3569.1452030144083,nr0,-17599.460012522108,-19099.894227011366,-1500.434214489258,0.15001795762769513
877,w377596096,31.32093481458723,other,2660.043472138398,2955.603857931553,3325.0543401729974,nr0,-16395.847624779726,-16707.506621511006,-311.65899673127933,0.15001795762769513
882,w377596101,34.10184732507914,other,2734.2308274665847,3038.0342527406497,3417.788534333231,nr0,-16853.120066522384,-17910.243634173654,-1057.1235676512697,0.15001795762769513
886,w377596106,35.077698366669935,other,2779.2898943774467,3088.099882641607,3474.112367971808,nr0,-17130.85296935774,-17749.759848997404,-618.9068796396641,0.15001795762769513
893,w377596115,40.14825235735625,other,3192.6172371227067,3547.352485691896,3990.771546403383,nr0,-19678.500104371855,-21433.98023558969,-1755.4801312178352,0.15001795762769513
895,w377596117,32.339281557500364,other,2797.665055321845,3108.5167281353833,3497.081319152306,nr0,-17244.112899911797,-18416.20747232066,-1172.0945724088633,0.15001795762769513
899,w377596123,32.752713098051025,other,2913.410473739367,3237.1227485992963,3641.7630921742084,nr0,-17957.53892603402,-19919.800769992453,-1962.261843958433,0.15001795762769513
901,w377596125,37.63718191203661,other,2922.0877489035165,3246.7641654483514,3652.6096861293954,nr0,-18011.023496072008,-19244.95446742902,-1233.930971357011,0.15001795762769513
909,w377596135,73.15242530554532,other,5088.204744337678,5653.560827041864,6360.255930422097,nr1,-25577.592299965938,-28014.60388030496,-2437.0115803390217,0.12234696239453793
916,w377596142,40.572792674647644,other,3113.8461841117532,3459.8290934575034,3892.3077301396916,nr0,-19192.974887984023,-20926.64762896342,-1733.6727409793966,0.15001795762769513
917,w377596143,37.61386710904771,other,2745.329396719578,3050.3659963550867,3431.6617458994724,nr0,-16921.528892254417,-18739.641952978294,-1818.1130607238774,0.15001795762769513
918,w377596145,32.806498026452026,other,2693.449218590027,2992.721353988919,3366.811523237534,nr0,-16601.752353160962,-16608.34934196985,-6.596988808887545,0.15001795762769513
919,w377596147,34.850180151499806,other,2595.9189583634725,2884.354398181636,3244.8986979543406,nr0,-16000.600040340223,-5699.55108575872,10301.048954581503,0.15001795762769513
929,w377596159,36.51154847629368,other,2488.2164818409556,2764.684979823284,3110.2706023011942,nr0,-15336.748711453847,-17177.734386792014,-1840.9856753381664,0.15001795762769513
931,w377596161,32.13265920560807,other,2649.7963962137605,2944.2182180152895,3312.2454952672006,nr0,-16332.687192546326,-17959.926936447802,-1627.2397439014767,0.15001795762769513
934,w377596166,38.724472055921794,other,2981.905002903568,3313.227781003964,3727.38125362946,nr0,-18379.72220050678,-6547.0148219275525,11832.707378579229,0.15001795762769513
935,w377596167,41.94859704792034,other,3114.8432704850466,3460.9369672056073,3893.554088106308,nr0,-19199.12068086918,-21989.94215748665,-2790.8214766174715,0.15001795762769513
936,w377596168,31.29673577034846,other,2563.979256552608,2848.865840614009,3204.97407069076,nr0,-15803.731647189172,-17050.08373495635,-1246.35208776718,0.15001795762769513
937,w377596169,36.7579496475868,other,3082.2442820121273,3424.7158689023636,3852.805352515159,nr0,-18998.188608396587,-19013.730126551218,-15.541518154630467,0.15001795762769513
940,w379327852,945.496160332486,other,38030.77627777757,42256.41808641952,47538.47034722196,nr1,-191174.63611634402,-215922.0713167197,-24747.43520037568,0.12234696239453793
941,w379327862,94.51021252730861,other,9084.066665311519,10093.407405901688,11355.083331639398,nr1,-45664.151752072146,-51549.91322359307,-5885.76147152092,0.12234696239453793
942,w387435839,3594.435384737421,other,196483.33588232234,218314.8176470248,245604.1698529029,nr2,-909228.9551386158,-717964.9247049561,191264.03043365967,0.11262781117628023
943,w387435840,942.2609318409114,other,56823.35165188755,63137.05739098616,71029.18956485944,nr2,-262950.73023833067,-249744.73426769825,13205.995970632415,0.11262781117628023
944,w390787314,132.5826213063672,other,9844.203167691367,10938.003519657073,12305.253959614207,nr1,-49485.23650142898,-47151.72117914075,2333.515322288229,0.12234696239453793
945,w390787315,330.5195846647024,other,28537.57339615315,31708.414884614613,35671.966745191436,nr1,-143453.82197315103,-119866.674318439,23587.147654712026,0.12234696239453793
946,w390787316,150.59577141329646,other,12304.720854223664,13671.912060248515,15380.90106777958,nr1,-61853.86579116298,-22032.87795705072,39820.98783411225,0.12234696239453793
947,w390789514,104.66224040389062,trade,10397.319493968453,11552.577215520503,12996.649367460564,nr1,-52265.66390142973,-91356.50146447583,-39090.8375630461,0.12234696239453793
948,w390789515,335.6007874913513,trade,25636.797863414322,28485.330959349245,32045.997329267902,nr1,-128872.08683116859,-92489.44335471316,36382.64347645543,0.12234696239453793
949,w390790006,38.98714106846601,trade,2776.3285059702725,3084.8094510780807,3470.4106324628406,nr0,-17112.59970636021,-29513.406422363372,-12400.80671600316,0.15001795762769513
950,w390793102,268.1788772383239,sfh,30059.790808766775,33399.76756529642,37574.738510958465,r1,-161697.29133262706,-102538.0109526938,59159.28037993326,0.12235184420952645
951,w390793103,629.0808588726446,th,87553.79058492262,97281.98953880291,109442.23823115327,r2,-433537.6992292478,-279880.69728548767,153657.00194376014,0.11262781117628023
952,w390793104,761.76513240356,mfh,80676.55852455663,89640.6205828407,100845.69815569579,r2,-399483.89819336066,-238690.23857084013,160793.65962252053,0.11262781117628023
953,w390793105,324.12222724705936,th,47118.253767594215,52353.615297326905,58897.817209492765,r1,-253457.9849544836,-178432.43052637792,75025.55442810568,0.12235184420952645
954,w390793106,1475.9963392082602,mfh,145242.0290743921,161380.03230488012,181552.53634299012,r2,-719190.9647272655,-363145.1641515149,356045.80057575065,0.11262781117628023
955,w390793107,895.6360460046678,mfh,90245.7910168643,100273.10112984922,112807.23877108037,r2,-446867.6038032381,-159170.52530660306,287697.078496635,0.11262781117628023
956,w390793108,286.70933025064875,mfh,25575.074405456515,28416.749339396127,31968.843006820643,r1,-137573.15489323507,-80636.26995553808,56936.88493769699,0.12235184420952645
957,w390793793,117.72837251536548,mfh,12242.925925452717,13603.251028280796,15303.657406815895,r1,-65857.01054028451,-46704.78107005833,19152.22947022618,0.12235184420952645
958,w390794364,96.81251710766227,sfh,13040.642047928714,14489.602275476347,16300.802559910891,r1,-70148.07620595495,-67245.64755071198,2902.4286552429694,0.12235184420952645
959,w475684695,267.0884538785554,mfh,32327.72471892473,35919.69413213859,40409.65589865591,r1,-173896.9361181458,-115576.81904193357,58320.11707621222,0.12235184420952645
960,w620369477,3702.806372543797,other,329831.05954184383,366478.95504649315,412288.8244273048,nr2,-1526297.1197674714,-543680.136009207,982616.9837582645,0.11262781117628023
961,w620369478,20480.360502976928,other,1687025.1117225294,1874472.3463583658,2108781.3896531616,nr2,-7806728.610016879,-2780823.744938709,5025904.86507817,0.11262781117628023
962,w993163452,1412.2592688187956,other,69902.24125333331,77669.15694814813,87377.80156666663,nr2,-323473.4461892549,-285218.9490195347,38254.49716972018,0.11262781117628023
963,w993163453,1066.3710880815981,other,51293.74656664398,56993.051740715535,64117.183208304974,nr2,-237362.41746153435,-206281.24289850824,31081.174563026114,0.11262781117628023
964,w993163454,1257.084109787643,other,59883.17288306017,66536.85875895574,74853.96610382521,nr2,-277110.0890889777,-233500.63048865832,43609.4586003194,0.11262781117628023
965,w993163455,1355.0658122852444,mfh,137933.86271477625,153259.84746086248,172417.3283934703,r2,-683003.3181620458,-243280.10357598902,439723.21458605677,0.11262781117628023
966,w993163456,1286.649396429956,mfh,130250.32129646631,144722.5792182959,162812.90162058288,r2,-644956.9372324191,-379249.4511799201,265707.48605249904,0.11262781117628023
967,w993163457,923.1744978809729,ab,96260.7750734298,106956.41674825533,120325.96884178725,r2,-476651.83508965676,-282009.9937312351,194641.84135842166,0.11262781117628023
968,w993163458,923.3917086940259,ab,96786.7143031862,107540.7936702069,120983.39287898275,r2,-479256.1139230426,-280856.67422205635,198399.43970098626,0.11262781117628023
969,w993163460,1313.604391914094,ab,125644.15428679457,139604.6158742162,157055.1928584932,r2,-622148.706608734,-371189.3955316615,250959.31107707246,0.11262781117628023
970,w993163461,1099.8535498690792,ab,118342.74284405124,131491.93649339027,147928.42855506405,r2,-585994.508179795,-351723.99536941835,234270.51281037665,0.11262781117628023
971,w993164648,226.1375619597733,ab,25333.36690212359,28148.18544680399,31666.708627654487,r1,-136272.964588108,-112203.35341561052,24069.61117249749,0.12235184420952645
972,w993164649,158.37299746889622,other,12554.80104281894,13949.778936465487,15693.501303523673,nr1,-63110.97894355857,-63090.817626396,20.16131716257223,0.12234696239453793
973,w993164650,163.5844805765897,other,11822.83966197053,13136.48851330059,14778.549577463164,nr1,-59431.52602856043,-57865.46492789772,1566.0611006627078,0.12234696239453793
974,w993164651,162.24389737509188,other,11008.365752407117,12231.517502674575,13760.457190508896,nr1,-55337.2958148578,-54357.56280136876,979.7330134890435,0.12234696239453793
975,w993164652,173.63842588849366,other,12537.52789010725,13930.586544563612,15671.909862634062,nr1,-63024.14956463346,-61880.42633221516,1143.7232324182987,0.12234696239453793
976,w1006795433,259.34726619906723,mfh,31206.31317629144,34673.68130699049,39007.8914703643,r1,-167864.65165992983,-104727.66708307993,63136.98457684991,0.12235184420952645
977,w1006849999,188.95288848243652,other,12692.659037467965,14102.954486075516,15865.823796834957,nr1,-63803.969056888345,-62693.30411378994,1110.6649430984035,0.12234696239453793
978,w1007159125,240.08975319266318,education,18188.745430473453,20209.717144970502,22735.931788091813,nr1,-91431.91723686738,-84049.80888220291,7382.108354664466,0.12234696239453793
979,w1007160095,265.99824453517795,sfh,29700.45869061807,33000.5096562423,37125.57336327258,r1,-159764.3760118552,-107089.47565378185,52674.900358073355,0.12235184420952645
980,w1007176059,713.9090096209663,trade,44584.74507920726,49538.60564356363,55730.93134900908,nr1,-224120.3901440715,-200511.93232315616,23608.457820915355,0.12234696239453793
981,w1029411791,412.32884333096445,trade,24243.8769969841,26937.64110776011,30304.846246230125,nr1,-121870.09618460217,-116941.38571001624,4928.710474585925,0.12234696239453793
982,w1030080397,647.4037659055554,other,30520.396752890152,33911.551947655724,38150.49594111269,nr1,-153421.15818891695,-154925.57076056258,-1504.4125716456329,0.12234696239453793
983,w1030080398,123.65970464986749,other,6312.042173885407,7013.380193206007,7890.052717356758,nr1,-31729.62752402898,-32491.98582860026,-762.3583045712803,0.12234696239453793
984,w1030080399,86.80603968682699,other,6773.282403048039,7525.869336720043,8466.603003810047,nr1,-34048.20846301208,-36843.087459174356,-2794.878996162275,0.12234696239453793
985,w1036126248,1409.4026292502879,trade,62527.62490135226,69475.13877928029,78159.53112669032,nr2,-289347.3220060022,-273146.14663685556,16201.17536914663,0.11262781117628023
986,w1036126249,536.9865712554193,mfh,58786.42745363585,65318.25272626206,73483.0343170448,r2,-291091.13761826395,-184410.58463705497,106680.55298120898,0.11262781117628023
987,w1036126250,784.2879224468953,mfh,83022.8157791949,92247.57308799434,103778.51972399362,r2,-411101.7957758666,-238790.64799983706,172311.14777602954,0.11262781117628023
988,w1036126251,422.468481163308,mfh,52845.09736255475,58716.77484728305,66056.37170319344,r2,-261671.61664903295,-175187.49404797086,86484.12260106209,0.11262781117628023
989,w1036680208,878.3984476357698,mfh,87023.10356131091,96692.33729034546,108778.87945163864,r2,-430909.9108754783,-263434.4277130166,167475.48316246172,0.11262781117628023
990,w1075387093,82.43980132825672,other,6640.5639729472905,7378.404414385878,8300.704966184112,nr1,-33381.05411951084,-35595.6197135509,-2214.565594040061,0.12234696239453793
991,w1075387094,82.56877346616238,other,5523.9930738652965,6137.770082072551,6904.99134233162,nr1,-27768.230605970573,-24028.745846930626,3739.4847590399477,0.12234696239453793
992,w1075387095,130.11354850369972,other,4922.185612555075,5469.095125061194,6152.732015693843,nr0,-30339.130217093385,-24647.538516822933,5691.591700270452,0.15001795762769513
993,w1075387096,86.78853361294604,other,5651.038189360073,6278.931321511192,7063.797736700091,nr1,-28406.866103381253,-25113.75942454823,3293.1066788330245,0.12234696239453793
994,w1075387097,130.27800867820625,other,5001.394598025604,5557.105108917338,6251.743247532005,nr1,-25141.211564237572,-23099.058473467267,2042.1530907703054,0.12234696239453793
995,w1075387098,130.18280181584413,other,4914.504272727153,5460.56030303017,6143.1303409089405,nr0,-30291.784345233806,-24556.28924827209,5735.495096961717,0.15001795762769513
996,w1075387099,86.85200681062415,other,7574.079042728552,8415.643380809503,9467.598803410689,nr1,-38073.685226250505,-38851.46714238473,-777.7819161342268,0.12234696239453793
997,w1107949539,145.45949292609,other,7234.128086910359,8037.920096567066,9042.660108637949,nr1,-36364.80608580756,-12953.456088348217,23411.349997459343,0.12234696239453793
998,w1107949540,113.13991883732378,other,8157.082843669978,9063.42538185553,10196.353554587471,nr1,-41004.3521862239,-39812.443076872674,1191.9091093512252,0.12234696239453793
999,w1108636740,113.13954655230044,other,8437.78627390423,9375.318082115811,10547.232842380286,nr1,-42415.40348161909,-40766.09462475784,1649.3088568612511,0.12234696239453793
1000,w1108636741,169.70950587596744,other,6388.827258846157,7098.696954273508,7986.034073557696,nr1,-32115.613878062766,-28738.028826450136,3377.58505161263,0.12234696239453793
1001,w1108636742,113.35190696045755,other,7307.257952288273,8119.1755025425255,9134.072440360342,nr1,-36732.41823499815,-31810.608124711904,4921.810110286246,0.12234696239453793
1002,w1108636743,97.02220907397567,other,8465.714383767012,9406.34931529668,10582.142979708764,nr1,-42555.79362778485,-40585.156658774176,1970.636969010673,0.12234696239453793
1003,w1108636744,97.02139693088829,other,6248.685707876577,6942.984119862863,7810.857134845721,nr1,-31411.144691956655,-28073.970012355825,3337.17467960083,0.12234696239453793
1004,w1108636745,97.02220705058426,other,6051.606396825816,6724.00710758424,7564.507996032269,nr1,-30420.458482950602,-26628.80817085444,3791.6503120961606,0.12234696239453793
1005,w1108636746,96.97299731615931,other,6049.968200571248,6722.186889523609,7562.46025071406,nr1,-30412.22353211587,-26614.916680854098,3797.306851261772,0.12234696239453793
1006,w1108636747,96.97299630921333,other,6204.737122419419,6894.152358243799,7755.921403024274,nr1,-31190.22217459249,-27681.00475439719,3509.217420195302,0.12234696239453793
1007,w1108636748,93.15071205198764,other,7049.813241953456,7833.125824392729,8812.266552441819,nr1,-35438.28480845815,-33935.93617303034,1502.3486354278066,0.12234696239453793
1008,w1108636749,139.88183319568634,other,5418.6318681190805,6020.702075687867,6773.28983514885,nr1,-27238.596658396335,-25323.562729815516,1915.0339285808186,0.12234696239453793
1009,w1108636750,139.7263257611543,other,5255.293421448891,5839.2149127209905,6569.116776811114,nr1,-26417.520383804782,-24347.37493868906,2070.1454451157224,0.12234696239453793
1010,w1108636751,139.8837134392932,other,5137.657930030147,5708.508811144608,6422.072412537684,nr1,-25826.185563235093,-23049.247107219908,2776.938456015185,0.12234696239453793
1011,w1108636752,93.1510556358844,other,5632.758798770266,6258.620887522518,7040.9484984628325,nr1,-28314.978527410927,-25037.80694050973,3277.171586901197,0.12234696239453793
1012,w1108636753,93.25489941500128,other,5561.032789158997,6178.925321287774,6951.290986448746,nr1,-27954.423336863205,-25020.77578799603,2933.647548867175,0.12234696239453793
1013,w1108636754,139.72684112749994,other,6793.787494520834,7548.652771689815,8492.234368151043,nr1,-34151.28428171773,-36103.27103050037,-1951.9867487826414,0.12234696239453793
1014,w1159236388,245.9913005110109,other,17161.798074090097,19068.664526766774,21452.24759261262,nr1,-86269.6169531903,-99541.9114650817,-13272.294511891407,0.12234696239453793
1015,w1159236389,122.96537718712352,other,11214.556910810714,12460.618789789682,14018.19613851339,nr1,-56373.78582469356,-67344.02733925827,-10970.241514564717,0.12234696239453793
1016,w1159236390,245.9301320978673,other,9422.640053648083,10469.600059608982,11778.300067060103,nr1,-47366.10608088089,-70958.24149785361,-23592.13541697272,0.12234696239453793
1017,w1219742100,99.15745026543736,other,6796.05397685548,7551.171085394977,8495.06747106935,nr1,-34162.67752629484,-36013.772102702795,-1851.0945764079515,0.12234696239453793
1018,w1219742101,534.7382739499211,other,26665.5596979286,29628.399664365108,33331.94962241074,nr1,-134043.50820650804,-131461.8885252999,2581.6196812081325,0.12234696239453793
1019,w1219742102,331.85329187787136,other,16686.177045042114,18540.19671671346,20857.72130630264,nr1,-83878.74603082474,-81238.96981506184,2639.776215762904,0.12234696239453793
1020,w1219742103,321.63751182574777,other,17114.566871985295,19016.185413316995,21393.208589981616,nr1,-86032.19324640685,-84664.29825302551,1367.894993381342,0.12234696239453793
1021,w1219742104,906.7466930493712,other,37559.58202112246,41732.868912358295,46949.477526403076,nr1,-188806.01787152563,-190786.43355039632,-1980.4156788706896,0.12234696239453793
1022,w1219742105,1260.638449399173,ab,128554.44727096538,142838.2747455171,160693.0590887067,r2,-636559.5244158353,-391534.0024949514,245025.52192088385,0.11262781117628023
1023,w1219929093,501.3837405549362,other,33138.81990165809,36820.91100184232,41423.52487707261,nr1,-166583.55300852575,-162019.37567728912,4564.177331236628,0.12234696239453793
1024,w1242595698,177.05818741209805,other,9156.077890481276,10173.419878312528,11445.097363101595,nr1,-46026.140675663075,-47444.75695325662,-1418.6162775935445,0.12234696239453793
1025,w1242595699,175.70056665593293,other,9159.768067274865,10177.52007474985,11449.71008409358,nr1,-46044.690604819574,-47227.857213213756,-1183.1666083941818,0.12234696239453793
