,full_id,NFA,building_usage,yearly_demand_useful_renovated,yearly_demand_delivered_renovated,yearly_demand_delivered_renovated_DH,consumer_size_renovated,npv_Gas_25years_ir_0.05,npv_DH_25years_ir_0.05,savings_npv_25years_ir_0.05,operator_selling_price
0,w24853838,27974.42320393324,trade,1197392.8826751309,1330436.536305701,1496741.1033439136,nr2,-2770474.84641947,-3794751.3286229568,-1024276.4822034868,0.06932832767187397
1,w24853840,937.1926232803613,trade,88019.54120636193,97799.49022929103,110024.4265079524,nr2,-203655.73274563154,-350878.44522390474,-147222.7124782732,0.06932832767187397
2,w24853841,8998.296452549099,trade,370411.49455784855,411568.3272864984,463014.36819731066,nr2,-857041.7808100404,-1500646.3104556354,-643604.529645595,0.06932832767187397
3,w25538793,404.8852469230536,trade,30724.044681390333,34137.827423767034,38405.05585173791,nr1,-77222.43189418186,-166535.18067638934,-89312.74878220748,0.07531097523746716
4,w27689586,5481.69515059907,office,239232.2588022705,265813.6208914117,299040.3235028381,nr2,-553525.0501765565,-259729.04266146047,293796.007515096,0.06932832767187397
5,w28994179,16672.165487814695,other,602602.7887910821,669558.6542123135,753253.4859888526,nr2,-1394275.757676167,-654232.1935236795,740043.5641524874,0.06932832767187397
6,w28994181,2845.002712316811,trade,324149.90597616514,360166.56219573907,405187.3824702064,nr2,-750003.7573046566,-351922.20806466235,398081.5492399942,0.06932832767187397
7,w29249266,23411.247439788887,trade,2697249.5326306587,2996943.9251451762,3371561.915788323,nr2,-6240777.018796884,-2928342.7010913794,3312434.317705505,0.06932832767187397
8,w30213059,1747.46707642246,ab,186541.77691087977,207268.64101208863,233177.2211385997,r2,-461846.89567287173,-499090.5072969485,-37243.61162407679,0.06932832767187397
9,w50930444,8762.936898044496,other,330222.16830016905,366913.5203335212,412777.7103752113,nr2,-764053.4900806929,-1436411.2233705914,-672357.7332898985,0.06932832767187397
10,w50930445,4934.112452852726,other,202146.16980193532,224606.85533548368,252682.71225241915,nr2,-467716.892959224,-986402.1722455849,-518685.2792863609,0.06932832767187397
11,w50930458,1974.6456010334193,other,60554.61203303029,67282.90225892254,75693.26504128786,nr2,-140108.59083894952,-515810.46706850687,-375701.8762295573,0.06932832767187397
12,w50930471,4724.4749339554455,other,258143.60911438576,286826.2323493175,322679.5113929822,nr2,-597281.2985304707,-1031515.3646191448,-434234.0660886741,0.06932832767187397
13,w50930472,9715.957844087014,other,1058464.4972369291,1176071.663596588,1323080.6215461614,nr2,-2449028.4749909914,-1149150.9210959412,1299877.5538950502,0.06932832767187397
14,w50930478,6019.835157379508,trade,680901.6527717811,756557.3919686456,851127.0659647263,nr2,-1575440.2161428877,-739239.4959878311,836200.7201550566,0.06932832767187397
15,w50930479,4489.048651921749,other,185541.01142931575,206156.6793659064,231926.26428664467,nr2,-429296.6098109103,-782331.8269833402,-353035.2171724299,0.06932832767187397
16,w50930480,4441.97852948606,other,168700.98991545063,187445.54435050068,210876.23739431327,nr2,-390332.9106839428,-738136.54321469,-347803.6325307473,0.06932832767187397
17,w50930481,1370.623297881335,other,62080.660377160784,68978.51153017864,77600.82547145098,nr2,-143639.49419824456,-334185.70072163973,-190546.20652339517,0.06932832767187397
18,w50930482,1573.369959426485,other,63379.87619939754,70422.08466599727,79224.84524924692,nr2,-146645.56247178864,-325258.82543683203,-178613.2629650434,0.06932832767187397
19,w50930483,704.9254127380437,other,45123.70064816985,50137.445164633165,56404.62581021231,nr1,-113414.81683976843,-218916.68456638374,-105501.86772661531,0.07531097523746716
20,w50930486,509.32494937628496,trade,30466.044901173256,33851.16100130362,38082.55612646657,nr1,-76573.97005710496,-157241.47479251883,-80667.50473541387,0.07531097523746716
21,w98916060,2713.01504517002,other,226605.19701500298,251783.55223889218,283256.4962687537,nr2,-524309.111471749,-246020.12779331655,278288.9836784325,0.06932832767187397
22,w98916062,151.14776481509907,trade,11092.043274505519,12324.492527228354,13865.054093131897,nr1,-27878.964674583967,-68872.40409090799,-40993.43941632402,0.07531097523746716
23,w98916065,222.67857759937178,other,20948.500685227787,23276.111872475318,26185.625856534734,nr1,-52652.38298621758,-107261.28131501896,-54608.898328801384,0.07531097523746716
24,w98916067,43210.64675020873,trade,3034378.024269405,3371531.1380771166,3792972.530336756,nr2,-7020810.055246703,-3294355.465530498,3726454.5897162054,0.06932832767187397
25,w98916074,4745.314506876469,trade,491122.8611791089,545692.0679767877,613903.5764738861,nr2,-1136338.4174778361,-533200.9621187286,603137.4553591076,0.06932832767187397
26,w98916075,67.06430839556852,sfh,8538.96409194254,9487.737879936156,10673.705114928174,r1,-22966.35018582685,-55571.06417468308,-32604.71398885623,0.07531398025075493
27,w98916076,98.82164086105185,sfh,13728.213996145805,15253.571106828673,17160.267495182256,r1,-36923.327779181345,-71532.24941935578,-34608.921640174434,0.07531398025075493
28,w98916079,3334.9361924076916,trade,133751.88480733606,148613.2053414845,167189.85600917006,nr2,-309469.2125545697,-728052.1543116985,-418582.9417571288,0.06932832767187397
29,w98916080,2976.303781049745,other,104082.21116258297,115646.90129175886,130102.76395322871,nr2,-240820.83012004275,-530480.4605949307,-289659.6304748879,0.06932832767187397
30,w98916086,294.4025758753764,other,20686.516731325537,22985.018590361706,25858.14591415692,nr1,-51993.907246861585,-133215.32684545606,-81221.41959859448,0.07531097523746716
31,w98916091,1116.7099465291947,trade,65522.69205707044,72802.99117452271,81903.36507133805,nr2,-151603.5153042193,-71136.50209962015,80467.01320459915,0.06932832767187397
32,w98916094,150.05011938810347,trade,13612.2294499376,15124.699388819556,17015.286812422,nr1,-34213.25129964026,-94368.12776497843,-60154.87646533817,0.07531097523746716
33,w98916098,15131.85493721813,trade,1389797.224493673,1544219.1383263033,1737246.5306170913,nr2,-3215651.527409305,-1508871.3554706892,1706780.1719386156,0.06932832767187397
34,w98916102,1892.1415951219387,trade,73425.17962658805,81583.53291843117,91781.47453323506,nr2,-169887.94253964585,-443913.7025180274,-274025.75997838157,0.06932832767187397
35,w98916109,81.43322088830173,sfh,9629.8057932929,10699.784214769888,12037.257241616126,r1,-25900.271940358583,-63417.948610010826,-37517.67666965224,0.07531398025075493
36,w98916113,559.2398283889517,trade,50271.6825643969,55857.425071552105,62839.60320549612,nr2,-116316.40211580701,-239143.95447278107,-122827.55235697406,0.06932832767187397
37,w98916116,6987.1012714248145,other,358101.17313169746,397890.1923685527,447626.4664146218,nr2,-828558.7019844053,-1324296.804680189,-495738.1026957836,0.06932832767187397
38,w98916121,458.57296650111675,other,22475.134293848154,24972.371437609057,28093.917867310192,nr1,-56489.454605256775,-123547.87520118596,-67058.42059592919,0.07531097523746716
39,w98916126,1235.1179318586364,trade,54455.49615433791,60506.10683815323,68069.37019292239,nr2,-125996.72549232765,-290763.4811971474,-164766.75570481975,0.06932832767187397
40,w99055014,379.03616306802724,mfh,51250.231128429565,56944.70125381063,64062.788910536954,r2,-126887.18066886748,-187055.85571993137,-60168.67505106388,0.06932832767187397
41,w99055018,363.825429549627,mfh,39011.950831555296,43346.61203506144,48764.93853944412,r1,-104926.32532266971,-141900.04495272896,-36973.71963005925,0.07531398025075493
42,w99055022,32.828185592684896,sfh,3912.1656857345315,4346.850761927257,4890.207107168164,r0,-12911.445677105756,-28631.144407870554,-15719.698730764798,0.0924158447618434
43,w99055023,57.57688737055287,sfh,7638.842228320924,8487.602475912137,9548.552785401154,r1,-20545.387442891802,-40022.86530009938,-19477.477857207577,0.07531398025075493
44,w99055025,2922.078992408514,trade,131771.14343422168,146412.38159357963,164713.9292927771,nr2,-304886.26051695965,-568192.4918400567,-263306.2313230971,0.06932832767187397
45,w99055028,168.94065034445376,ab,18863.996140229203,20959.99571136578,23579.9951752865,r1,-50736.49878319517,-75875.36945855389,-25138.870675358718,0.07531398025075493
46,w99055030,502.22660109587014,other,33719.73290267432,37466.369891860355,42149.66612834289,nr1,-84751.85492566266,-182936.5531364701,-98184.69821080743,0.07531097523746716
47,w99055036,2513.4158389533286,other,94056.81089942587,104507.56766602874,117571.01362428232,nr2,-217624.5011153883,-491640.35579365556,-274015.85467826726,0.06932832767187397
48,w99055038,337.97397138923407,other,24561.514626422148,27290.57180713572,30701.893283027683,nr1,-61733.40489918223,-146015.09270533122,-84281.68780614898,0.07531097523746716
49,w99055039,2475.299022556655,other,95255.37369289662,105839.30410321847,119069.21711612078,nr2,-220397.68284981314,-427638.48501549655,-207240.80216568342,0.06932832767187397
50,w99055040,101.95110847079195,trade,7536.8851086504455,8374.316787389384,9421.106385813056,nr1,-18943.358631084215,-59146.87294358947,-40203.51431250526,0.07531097523746716
51,w99055041,189.90211718752977,ab,21595.11692946048,23994.5743660672,26993.8961618256,r1,-58082.1060219543,-100952.27126951399,-42870.16524755969,0.07531398025075493
52,w99055043,190.2007592998445,sfh,29155.98911223378,32395.543458037533,36444.98639029222,r1,-78417.78566530852,-128807.73253859681,-50389.946873288296,0.07531398025075493
53,w99055048,47.74609960326925,sfh,5769.180841789516,6410.2009353216845,7211.476052236895,r1,-15516.756607856802,-41308.43297887439,-25791.67637101759,0.07531398025075493
54,w99055050,194.95880112051967,trade,16984.909900636445,18872.122111818273,21231.137375795555,nr1,-42690.21418345886,-103882.9951729003,-61192.78098944143,0.07531097523746716
55,w99055053,122.33706042193808,ab,14174.508663259385,15749.454070288204,17718.13582907423,r1,-38123.679426129864,-84010.9224293723,-45887.24300324243,0.07531398025075493
56,w99055057,303.91877080444243,ab,36040.58788819037,40045.09765354486,45050.73486023796,r1,-96934.56412637878,-141087.4959597792,-44152.931833400406,0.07531398025075493
57,w99055067,194.8848727118224,sfh,21931.666176569037,24368.517973965598,27414.582720711296,r1,-58987.286999488206,-95882.05281484655,-36894.76581535835,0.07531398025075493
58,w99055068,348.37368724122643,ab,40200.04013772175,44666.71126413528,50250.05017215219,r1,-108121.80369260482,-210040.58499093313,-101918.78129832831,0.07531398025075493
59,w99055094,263.70872883694244,other,16614.595860209945,18460.66206689994,20768.24482526243,nr1,-41759.459425651345,-112377.86796532106,-70618.4085396697,0.07531097523746716
60,w99055100,85.6876405166462,sfh,12089.433153049305,13432.703503388117,15111.79144131163,r1,-32515.671965767946,-65201.19248762791,-32685.520521859962,0.07531398025075493
61,w99055110,94.65369866762775,sfh,12604.978915374657,14005.532128194063,15756.22364421832,r1,-33902.28097207067,-80513.66303810183,-46611.38206603116,0.07531398025075493
62,w99055113,801.3236896117684,education,39333.930829421224,43704.367588245805,49167.41353677653,nr1,-98862.69292028606,-212200.8787755721,-113338.18585528605,0.07531097523746716
63,w99055118,54.3237798044458,other,6219.479772060365,6910.533080067072,7774.349715075456,nr1,-15632.165559441548,-41021.7713330757,-25389.605773634154,0.07531097523746716
64,w99055131,500.74276516167447,th,69240.53713621371,76933.93015134857,86550.67142026713,r2,-171428.2326492484,-277728.28465401736,-106300.05200476895,0.06932832767187397
65,w99055135,663.0715527065098,ab,68880.52212837798,76533.91347597554,86100.65266047248,r2,-170536.8944379479,-211678.98303681886,-41142.08859887096,0.06932832767187397
66,w99055142,64.54166975589469,sfh,9032.758360397225,10036.398178219139,11290.947950496531,r1,-24294.45649555892,-47584.14555472729,-23289.689059168373,0.07531398025075493
67,w99055146,149.08371188635937,sfh,17342.70904751041,19269.67671945601,21678.38630938801,r1,-46644.853505341554,-66273.97724098788,-19629.123735646324,0.07531398025075493
68,w99055147,57.659734526090325,sfh,7330.462267285426,8144.958074761584,9163.077834106782,r1,-19715.9704200335,-46870.70047402014,-27154.730053986637,0.07531398025075493
69,w99055152,1635.3717537612654,other,76892.01538215307,85435.57264683674,96115.01922769133,nr2,-177909.3542220021,-365480.3535011294,-187570.99927912728,0.06932832767187397
70,w99055158,567.1104306213557,trade,39120.40099323338,43467.11221470375,48900.50124154172,nr1,-98326.00273501305,-212885.81720897235,-114559.8144739593,0.07531097523746716
71,w99055160,362.3993257842958,ab,41269.65009818708,45855.16677576342,51587.06262273384,r1,-110998.62067529655,-182672.62945893803,-71674.00878364148,0.07531398025075493
72,w99055171,150.93386064656082,sfh,16885.70894548665,18761.8988283185,21107.136181858314,r1,-45415.70858038045,-74636.1563753732,-29220.447794992753,0.07531398025075493
73,w99055172,71.28885925472714,sfh,9019.499646113589,10021.666273459543,11274.374557641986,r1,-24258.795931587338,-57386.99471496719,-33128.198783379856,0.07531398025075493
74,w99055173,413.9677898917347,ab,46033.80958093352,51148.67731214836,57542.2619761669,r1,-123812.27744252994,-166442.1338905032,-42629.85644797326,0.07531398025075493
75,w99055181,184.62117180265486,other,15209.502381678169,16899.44709075352,19011.87797709771,nr1,-38227.869214268765,-93573.9072281991,-55346.03801393033,0.07531097523746716
76,w99055182,84.81555104400032,sfh,9995.399856476368,11105.999840529297,12494.24982059546,r1,-26883.571693176815,-66082.05667437136,-39198.484981194546,0.07531398025075493
77,w99055185,136.9722994968528,education,10840.570650859518,12045.07850095502,13550.713313574397,nr1,-27246.90832412185,-80693.60477829982,-53446.696454177974,0.07531097523746716
78,w99055186,41.49024544628337,sfh,5137.404922484948,5708.227691649942,6421.756153106185,r1,-13817.535619749733,-34677.667508506565,-20860.131888756834,0.07531398025075493
79,w99055192,160.51305735595523,ab,18121.209085465063,20134.67676162785,22651.511356831328,r1,-48738.70286444792,-95094.06809992838,-46355.36523548046,0.07531398025075493
80,w99055193,133.23216011486946,other,9055.86994602939,10062.077717810433,11319.837432536737,nr1,-22761.205674635716,-59961.772165487746,-37200.56649085203,0.07531097523746716
81,w99055199,594.2030242990702,ab,69499.33638341566,77221.48487046185,86874.17047926957,r2,-172068.9772100757,-217344.5019095571,-45275.52469948138,0.06932832767187397
82,w99055201,119.5810925271362,sfh,16186.140935837673,17984.601039819638,20232.67616979709,r1,-43534.154364271184,-86599.72539310725,-43065.571028836064,0.07531398025075493
83,w99055202,635.4450178422034,ab,74224.65462412336,82471.83847124818,92780.8182801542,r2,-183768.0914603912,-274118.0961832257,-90350.00472283448,0.06932832767187397
84,w99055209,191.61494707558305,other,19092.937557201116,21214.375063556796,23866.171946501392,nr1,-47988.57329692277,-107621.66106797199,-59633.08777104922,0.07531097523746716
85,w99055216,463.1840371862054,education,30329.625776782435,33699.58419642493,37912.03222097804,nr1,-76231.09148588889,-156858.5467528642,-80627.45526697532,0.07531097523746716
86,w99055219,773.0541430711745,other,89363.99007406665,99293.3223045185,111704.9875925833,nr2,-206766.4592449836,-382821.288544616,-176054.82929963243,0.06932832767187397
87,w99055224,318.955577952601,ab,39326.77401159415,43696.415568437944,49158.46751449268,r1,-105773.071991415,-150489.907417909,-44716.83542649401,0.07531398025075493
88,w99055226,262.56915004737675,ab,28811.221455015977,32012.468283351085,36014.02681876997,r1,-77490.50049779241,-113716.86512810341,-36226.364630311,0.07531398025075493
89,w99055235,1694.7837025728077,trade,149404.7926523063,166005.3251692292,186755.99081538286,nr2,-345686.2204266449,-582598.9252057814,-236912.70477913646,0.06932832767187397
90,w99055245,424.4345906373113,ab,47895.25638616388,53216.95154018208,59869.07048270485,r1,-128818.81438552386,-178760.5160638687,-49941.70167834485,0.07531398025075493
91,w99055249,70.42309986636974,sfh,9527.919340341607,10586.577044824007,11909.899175427008,r1,-25626.23870488928,-65183.79317258925,-39557.55446769997,0.07531398025075493
92,w99055257,137.79457132667304,trade,8302.741753787854,9225.268615319837,10378.427192234816,nr1,-20868.27812762603,-62546.19436422613,-41677.916236600104,0.07531097523746716
93,w99055287,226.3710821658373,mfh,29327.158711257514,32585.731901397237,36658.94838907189,r1,-78878.16246394809,-114753.5143372954,-35875.35187334732,0.07531398025075493
94,w99055292,58.725108856521544,trade,5742.2884325185605,6380.320480576178,7177.8605406482,nr1,-14432.783248277925,-47661.47297002357,-33228.68972174564,0.07531097523746716
95,w99055300,847.1402418442303,other,76273.07353797425,84747.85948663806,95341.34192246781,nr2,-176477.2738785288,-350506.1019081106,-174028.8280295818,0.06932832767187397
96,w99389931,488.4274571448564,mfh,51882.65252404952,57647.39169338835,64853.315655061895,r2,-128452.95249307244,-170150.0283032875,-41697.07581021504,0.06932832767187397
97,w99389943,3490.8252122399163,ab,329651.0091598724,366278.89906652493,412063.7614498405,r2,-816161.922316485,-911201.8213168855,-95039.89900040056,0.06932832767187397
98,w99389949,2474.179022271931,ab,284257.7582638273,315841.9536264748,355322.1978297841,r2,-703775.6656933685,-973121.1300981877,-269345.4644048192,0.06932832767187397
99,w99389956,671.7147096479312,education,46899.24791118664,52110.27545687404,58624.0598889833,nr1,-117877.51304448607,-55311.342466962626,62566.170577523444,0.07531097523746716
100,w99389960,693.6997662768932,ab,80098.50062143736,88998.33402381929,100123.12577679669,r2,-198310.77237854304,-284816.2744709982,-86505.50209245516,0.06932832767187397
101,w99389971,1612.9015118613836,education,79005.85520261421,87784.28355846023,98757.31900326777,nr2,-182800.26357738726,-416680.3356284493,-233880.07205106202,0.06932832767187397
102,w99389974,235.12884147074072,education,10047.192716967635,11163.547463297371,12558.990896209543,nr1,-25252.816266853686,-75034.95751774317,-49782.14125088949,0.07531097523746716
103,w99389975,1082.0712234761565,mfh,111466.82540481444,123852.0282275716,139333.53175601806,r2,-275973.6083586165,-323759.53911402245,-47785.93075540598,0.06932832767187397
104,w99389979,163.53384786918758,ab,21228.517390207166,23587.241544674627,26535.646737758954,r1,-57096.101946307805,-103155.18349469404,-46059.08154838623,0.07531398025075493
105,w99389992,2569.363114476204,other,222880.7619206125,247645.2910229028,278600.9524007656,nr2,-515691.67779945437,-241976.59300263305,273715.08479682135,0.06932832767187397
106,w99390006,431.6004564465955,education,13943.155864366083,15492.395404851202,17428.944830457604,nr1,-35045.00840601069,-132946.7282073612,-97901.7198013505,0.07531097523746716
107,w99390011,2554.974828636646,ab,247425.31787724234,274917.0198636026,309281.6473465529,r2,-612584.5741625563,-689506.6876574564,-76922.11349490006,0.06932832767187397
108,w99390014,587.280543653667,trade,43622.5019390578,48469.44659895311,54528.12742382225,nr1,-109641.67380875807,-227770.83826265688,-118129.1644538988,0.07531097523746716
109,w99390021,1617.1983746248297,other,56431.07453005592,62701.19392228436,70538.8431625699,nr2,-130567.73161425229,-313986.57224063977,-183418.84062638748,0.06932832767187397
110,w99390022,5590.431437242403,education,501507.8998853299,557230.9998725888,626884.8748566624,nr2,-1160366.86205185,-544475.7633293729,615891.0987224771,0.06932832767187397
111,w99390025,237.89438336268066,education,22880.136119028128,25422.373465586807,28600.170148785157,nr1,-57507.394338983424,-26984.037078096197,30523.357260887227,0.07531097523746716
112,w99390027,116.0190749399364,mfh,12111.38188864718,13457.090987385754,15139.227360808974,r1,-32574.705162587758,-42754.33991441197,-10179.634751824211,0.07531398025075493
113,w99390046,1095.085822885856,mfh,104637.32667388588,116263.69630431764,130796.65834235735,r2,-259064.88774860496,-288269.2847758468,-29204.397027241852,0.06932832767187397
114,w99390052,1678.6958267321402,education,80452.87476272321,89392.08306969245,100566.093453404,nr2,-186148.313621415,-477420.98885700037,-291272.67523558537,0.06932832767187397
115,w99390065,2581.633286331594,education,86800.34062073754,96444.82291193059,108500.42577592192,nr2,-200834.80019785665,-472295.3171320699,-271460.5169342132,0.06932832767187397
116,w99390082,124.21957990797236,education,9140.033185312222,10155.592428124692,11425.041481640277,nr1,-22972.743253131983,-59446.70688359977,-36473.963630467784,0.07531097523746716
117,w99390107,332.09000708311794,education,26712.358260262183,29680.39806695798,33390.44782532773,nr1,-67139.37855114252,-31503.626638779,35635.75191236353,0.07531097523746716
118,w99390110,1066.5973296171287,mfh,111016.92938734422,123352.1437637158,138771.16173418026,r2,-274859.7394843885,-345750.1362876525,-70890.39680326398,0.06932832767187397
119,w99390116,694.0162199864862,ab,76366.64546448652,84851.8282938739,95458.30683060814,r2,-189071.31005605235,-252319.9036127377,-63248.593556685344,0.06932832767187397
120,w99390122,307.42072394330467,other,23978.9127918091,26643.236435343442,29973.640989761374,nr1,-60269.081729450554,-164949.3435017073,-104680.26177225675,0.07531097523746716
121,w99390129,1196.3697846690193,trade,62972.859261591475,69969.84362399053,78716.07407698935,nr2,-145703.8246307058,-267107.3499999288,-121403.52536922297,0.06932832767187397
122,w99390130,964.417538562417,education,49512.76423577884,55014.18248419871,61890.95529472355,nr1,-124446.37754370994,-249410.06716535278,-124963.68962164284,0.07531097523746716
123,w99390133,9252.387912133521,education,680645.1328091653,756272.3697879614,850806.4160114565,nr2,-1574846.691566022,-738960.9980768583,835885.6934891638,0.06932832767187397
124,w99390139,1249.1388426542283,ab,101272.3942615666,112524.88251285178,126590.49282695825,r2,-250733.86606266303,-360957.45895293006,-110223.59289026703,0.06932832767187397
125,w99390141,112.67489476799965,other,7161.259483685899,7956.954981873221,8951.574354607374,nr1,-17999.253629860086,-57189.414320841526,-39190.16069098144,0.07531097523746716
126,w99758761,171.36210507287177,trade,18702.739494504167,20780.821660560185,23378.424368130207,nr1,-47007.84163758797,-116221.53471056411,-69213.69307297614,0.07531097523746716
127,w99758765,309.03573338240386,trade,17633.22369336,19592.4707704,22041.529616699998,nr1,-44319.69911045408,-104262.92083775054,-59943.22172729646,0.07531097523746716
128,w99758770,601.7205038767308,mfh,67803.20632134694,75336.89591260771,84754.00790168367,r2,-167869.6368971649,-231382.88255881442,-63513.24566164953,0.06932832767187397
129,w99758771,976.6668764967471,mfh,93790.2658837786,104211.40653753177,117237.83235472324,r2,-232209.34130723408,-284764.60737185,-52555.26606461592,0.06932832767187397
130,w99758774,197.5460334163159,ab,21548.287941595398,23942.54215732822,26935.359926994246,r1,-57956.15503743473,-110771.37711154962,-52815.22207411489,0.07531398025075493
131,w99758775,265.071225726977,sfh,27414.764697100116,30460.849663444573,34268.45587137514,r1,-73734.59819204044,-125521.00777938956,-51786.40958734912,0.07531398025075493
132,w99758777,337.6781565959565,ab,38785.81336494016,43095.34818326684,48482.26670617519,r1,-104318.10725400262,-173135.7900707066,-68817.68281670398,0.07531398025075493
133,w99758783,333.3155570875853,th,46165.858494498185,51295.3983272202,57707.32311812273,r1,-124167.43546379924,-58259.98164232307,65907.45382147617,0.07531398025075493
134,w99758786,182.17889552428386,mfh,24975.758120688377,27750.84235632042,31219.69765086047,r1,-67174.65971047884,-87202.24041343504,-20027.5807029562,0.07531398025075493
135,w99758788,349.08404515869915,other,29695.324703960447,32994.80522662272,37119.15587995056,nr1,-74636.82641095,-154428.60549658356,-79791.77908563356,0.07531097523746716
136,w99758792,60.93018751584459,sfh,7098.129910688255,7886.811011875839,8872.662388360319,r1,-19091.09060982983,-50896.359805494,-31805.269195664172,0.07531398025075493
137,w99758793,126.39461716674268,ab,14533.912444621437,16148.79160513493,18167.390555776794,r1,-39090.3298314946,-74068.42449520863,-34978.09466371403,0.07531398025075493
138,w99758796,906.0679207786917,ab,92578.39928517047,102864.88809463385,115722.99910646307,r2,-229208.95803757006,-260192.9971336189,-30984.03909604883,0.06932832767187397
139,w99758800,420.9761067721993,ab,43617.35169245246,48463.724102724955,54521.68961556557,r1,-117312.98578623553,-158614.33895629103,-41301.3531700555,0.07531398025075493
140,w99758801,293.7319820257835,mfh,30453.792851169546,33837.547612410606,38067.241063961934,r1,-81908.35136156193,-111913.62518818367,-30005.273826621735,0.07531398025075493
141,w99758803,512.6721141899004,mfh,56071.10035591353,62301.2226176817,70088.8754448919,r2,-138822.86351712327,-180214.7908138824,-41391.927296759124,0.06932832767187397
142,w99758805,165.76912949401884,sfh,21149.48042883679,23499.42269870754,26436.850536045986,r1,-56883.524575925294,-110132.36330918653,-53248.83873326124,0.07531398025075493
143,w99758807,110.8734177275095,other,10633.353902934445,11814.837669927161,13291.692378668055,nr1,-26726.085581871703,-67855.13219443287,-41129.046612561164,0.07531097523746716
144,w99758813,43.0509613757953,other,4335.785169212401,4817.539076902668,5419.731461515501,nr0,-13362.351727101335,-31714.546506254985,-18352.19477915365,0.092343924777156
145,w99758814,84.92593946289271,th,9884.973779293656,10983.304199215172,12356.217224117068,r1,-26586.570332014227,-45414.72562519768,-18828.155293183452,0.07531398025075493
146,w99758818,424.19755738042295,mfh,42981.25264898336,47756.94738775929,53726.5658112292,r1,-115602.13734749271,-158860.36622294976,-43258.22887545705,0.07531398025075493
147,w99758821,35.03456762442365,sfh,4362.174934958981,4846.861038843312,5452.718668698726,r0,-14396.625611264324,-42917.38230425431,-28520.756692989984,0.0924158447618434
148,w99758824,478.7830200769007,ab,54415.092655594315,60461.21406177146,68018.86581949289,r2,-134722.85960235304,-258320.81728468635,-123597.9576823333,0.06932832767187397
149,w99758826,392.0728006519377,ab,50422.93344994148,56025.48161104609,63028.666812426854,r2,-124838.927076914,-188036.88851588088,-63197.961438966886,0.06932832767187397
152,w99758837,194.723237061128,mfh,27818.768765056746,30909.743072285273,34773.46095632093,r1,-74821.20527942073,-113287.2476397317,-38466.04236031097,0.07531398025075493
153,w99758838,478.1149431033991,ab,49879.55482966044,55421.727588511596,62349.443537075545,r1,-134155.7724094527,-192403.6326224423,-58247.86021298959,0.07531398025075493
154,w99758842,66.20839738831855,sfh,9098.77198804681,10109.746653385344,11373.464985058512,r1,-24472.00638021856,-44381.63024781616,-19909.6238675976,0.07531398025075493
155,w99758845,141.8255072105676,th,20597.68337727332,22886.31486363702,25747.104221591646,r1,-55399.41430432087,-117499.4639378571,-62100.04963353623,0.07531398025075493
156,w99758846,563.5821329504251,other,39110.73926488373,43456.37696098192,48888.424081104655,nr1,-98301.71875264036,-203566.044784806,-105264.32603216564,0.07531097523746716
157,w99758847,385.25146163031457,sfh,48245.97195129891,53606.635501443234,60307.46493912364,r1,-129762.0970129929,-209222.66077082168,-79460.56375782877,0.07531398025075493
158,w99758850,177.17881421931088,ab,22322.486341848085,24802.762602053426,27903.107927310106,r1,-60038.4347357752,-94320.94310722701,-34282.50837145181,0.07531398025075493
159,w99758852,422.9061155930161,other,27630.39919965029,30700.443555166985,34537.99899956286,nr1,-69446.80111393126,-154898.93250844703,-85452.13139451577,0.07531097523746716
160,w99758858,57.38898355839774,sfh,6590.511049374096,7322.7900548601065,8238.13881171762,r1,-17725.801752265434,-46685.28058039614,-28959.478828130705,0.07531398025075493
161,w99758862,402.33381934519855,sfh,47385.93913186298,52651.04347984775,59232.42391482872,r1,-127448.95753965709,-248521.2816258811,-121072.324086224,0.07531398025075493
162,w99758864,101.365438436158,other,10686.907379847416,11874.341533163795,13358.63422480927,nr1,-26860.687967934286,-67831.46367775943,-40970.775709825146,0.07531097523746716
163,w99758865,63.831228005420414,other,4034.3888558582253,4482.654284286917,5042.986069822781,nr0,-12433.485699123818,-35277.968378231184,-22844.482679107365,0.092343924777156
164,w99758868,445.0926624152809,ab,49002.607042031916,54447.341157813236,61253.258802539895,r1,-131797.13853202874,-176699.00070360795,-44901.86217157921,0.07531398025075493
165,w99758869,105.27734354436397,other,8736.207849217513,9706.897610241682,10920.259811521892,nr1,-21957.760530736472,-61950.37444949457,-39992.6139187581,0.07531097523746716
166,w99758874,732.9468768487684,ab,73910.07250364788,82122.30278183098,92387.59062955985,r2,-182989.23763910905,-253652.10711466474,-70662.8694755557,0.06932832767187397
167,w99758876,118.68904608124866,sfh,12352.210694951837,13724.678549946484,15440.263368689795,r1,-33222.43697652599,-77088.1563174212,-43865.719340895215,0.07531398025075493
168,w99758878,556.4759241774678,other,50045.05270888446,55605.61412098273,62556.31588610557,nr2,-115792.03595059134,-238332.5656397445,-122540.52968915318,0.06932832767187397
169,w99758879,141.26093079326674,other,12063.985867794016,13404.42874199335,15079.982334742519,nr1,-30321.864738478773,-108463.58094072109,-78141.71620224231,0.07531097523746716
170,w99758882,536.390386541374,other,53874.88809445505,59860.98677161672,67343.6101180688,nr2,-124653.34016842282,-235869.66127386873,-111216.32110544591,0.06932832767187397
171,w99758886,70.57262436598539,sfh,9862.178496867567,10957.97610763063,12327.723121084458,r1,-26525.260267567846,-63359.57503589782,-36834.314768329976,0.07531398025075493
172,w99758887,84.85345135740936,sfh,11592.59887534742,12880.665417052687,14490.748594184273,r1,-31179.38926412374,-74041.46446657421,-42862.07520245047,0.07531398025075493
173,w99758888,71.82869699064176,other,5611.650315189278,6235.167016876976,7014.562893986597,nr1,-14104.4347764911,-39959.2782742384,-25854.8434977473,0.07531097523746716
174,w99758891,1365.0763243824242,trade,109673.71393623555,121859.68215137284,137092.14242029443,nr2,-253758.20265016836,-572268.5452613363,-318510.34261116793,0.06932832767187397
175,w99758895,154.4283221337944,other,11343.022479982455,12603.358311091617,14178.778099978068,nr1,-28509.780857895206,-13377.566356477017,15132.21450141819,0.07531097523746716
176,w99758899,158.4874060918577,th,20589.83452385864,22877.59391539849,25737.2931548233,r1,-55378.304071962724,-94752.04738273997,-39373.743310777245,0.07531398025075493
177,w99758900,82.77785695786588,sfh,10694.216001383687,11882.462223759652,13367.770001729608,r1,-28763.10369807133,-62956.13828809119,-34193.03459001986,0.07531398025075493
178,w99758903,400.34018093422054,trade,29613.781724427085,32904.20191603009,37017.22715553385,nr1,-74431.87464601269,-167588.06352243412,-93156.18887642144,0.07531097523746716
179,w99758905,110.54209396946244,sfh,14100.026680676654,15666.696311862948,17625.033350845817,r1,-37923.353101283996,-60851.061324398404,-22927.70822311441,0.07531398025075493
180,w99758908,248.9345047255978,ab,27512.151103074764,30569.05678119418,34390.18887884345,r1,-73996.52812626552,-109622.01442808098,-35625.48630181546,0.07531398025075493
181,w99758913,208.22132023065353,ab,22300.78576510543,24778.65085011714,27875.982206381785,r1,-59980.06898562799,-111965.18660031473,-51985.11761468674,0.07531398025075493
182,w99758915,71.10941483918579,ab,10013.713282288307,11126.348091431451,12517.141602860384,r1,-26932.827381076473,-48901.03017614331,-21968.202795066834,0.07531398025075493
183,w99758919,819.0798590054737,ab,94696.69321739217,105218.54801932463,118370.8665217402,r2,-234453.5069687549,-303455.9661903505,-69002.45922159558,0.06932832767187397
184,w99758922,83.9358181065414,th,11677.410484752485,12974.900538613872,14596.763105940605,r1,-31407.498095645617,-52238.132168124575,-20830.63407247896,0.07531398025075493
185,w99758926,36.12754547015065,sfh,4556.491211661925,5062.768012957695,5695.614014577406,r0,-15037.93384112179,-27248.485145879604,-12210.551304757813,0.0924158447618434
186,w99758928,119.38002583179623,sfh,17308.899478423707,19232.110531581897,21636.124348029633,r1,-46553.91947693761,-73016.4660443522,-26462.54656741459,0.07531398025075493
187,w99758931,65.79372537583113,th,8611.439252918039,9568.265836575598,10764.299066147547,r1,-23161.27897447325,-57820.440458456236,-34659.161483982985,0.07531398025075493
188,w99758935,355.7203856162727,ab,44548.24205703894,49498.046730043265,55685.30257129867,r1,-119816.70331771908,-167921.94475660712,-48105.24143888804,0.07531398025075493
189,w99758936,99.44306262517348,th,12820.809152675898,14245.343502973219,16026.011440844872,r1,-34482.7767742755,-85997.49977515663,-51514.723000881124,0.07531398025075493
190,w99758945,525.0721962768584,mfh,72696.76550898828,80774.18389887585,90870.95688623533,r2,-179985.28818466899,-84449.99726666817,95535.29091800081,0.06932832767187397
191,w99758951,355.6037514369003,ab,38846.362119594094,43162.62457732677,48557.95264949262,r1,-104480.95884673977,-134854.17655098945,-30373.217704249677,0.07531398025075493
192,w99758953,525.4067761451006,other,30960.182478675506,34400.2027540839,38700.22809834438,nr1,-77815.9453836197,-186792.0168752462,-108976.07149162648,0.07531097523746716
193,w99758954,37.75478148937691,sfh,3643.787391156788,4048.6526568408754,4554.7342389459845,r0,-12025.708198248385,-32092.051265436865,-20066.343067188478,0.0924158447618434
194,w99758959,30.14875982720405,sfh,3902.3905445980445,4335.989493997827,4877.988180747555,r0,-12879.184465820656,-25866.29485836587,-12987.110392545213,0.0924158447618434
195,w99758962,201.50926117040217,mfh,21723.95521923704,24137.72802137449,27154.944024046297,r1,-58428.62876739407,-27415.00480105294,31013.62396634113,0.07531398025075493
196,w99758966,155.61690238779408,th,21851.717362183943,24279.685957982158,27314.646702729926,r1,-58772.257114324224,-101104.68519508152,-42332.428080757294,0.07531398025075493
197,w99758967,90.83302856497467,ab,10128.948163735615,11254.386848595128,12661.185204669518,r1,-27242.762475362495,-63849.8789026779,-36607.1164273154,0.07531398025075493
198,w99758970,391.2386861808598,th,48443.52710272418,53826.14122524909,60554.40887840523,r1,-130293.44024617596,-182794.14685041344,-52500.70660423748,0.07531398025075493
199,w99758974,163.93810575278476,sfh,20363.139486646123,22625.710540717915,25453.924358307653,r1,-54768.5863645274,-77672.10973575193,-22903.52337122453,0.07531398025075493
200,w99758975,139.83927450878545,sfh,19017.06701210734,21130.074457897044,23771.333765134175,r1,-51148.19734627033,-83568.9857152157,-32420.788368945374,0.07531398025075493
201,w99758979,705.2831632008775,trade,40567.1544633245,45074.61607036056,50708.94307915562,nr1,-101962.30200714157,-198977.09341726356,-97014.791410122,0.07531097523746716
202,w99758981,319.7999828794971,other,27092.453379920906,30102.725977689894,33865.56672490113,nr1,-68094.71727023166,-31951.897608353538,36142.81966187812,0.07531097523746716
203,w99758984,336.42351993245535,ab,41356.19257743753,45951.325086041696,51695.24072179691,r1,-111231.38484469864,-155381.35771858168,-44149.972873883045,0.07531398025075493
204,w99758985,1446.6540044941007,ab,159203.44292933436,176892.71436592707,199004.30366166795,r2,-394161.6570559101,-444673.4680468367,-50511.81099092658,0.06932832767187397
205,w99758989,963.3213891830295,education,66773.88157928629,74193.20175476254,83467.35197410785,nr2,-154498.46244275436,-385569.7892372259,-231071.32679447153,0.06932832767187397
206,w99758991,346.04414169639347,ab,38927.20383955835,43252.44871062039,48659.00479944794,r1,-104698.39028576827,-178544.66627470683,-73846.27598893856,0.07531398025075493
207,w99758995,38.315451947040856,sfh,4605.429916486004,5117.144351651115,5756.787395607505,r0,-15199.447815631629,-31985.46695716209,-16786.01914153046,0.0924158447618434
208,w99758997,604.6954287230968,other,49421.63020499519,54912.92244999466,61777.03775624399,nr1,-124217.3194376431,-285079.8788840476,-160862.5594464045,0.07531097523746716
209,w99759000,505.76658869385716,other,34496.09632156219,38328.995912846876,43120.120401952736,nr1,-86703.18235868505,-40683.49669547994,46019.68566320511,0.07531097523746716
210,w99759001,277.86601877255595,other,21620.245901575137,24022.495446194596,27025.30737696892,nr1,-54340.76092465503,-124141.43749155269,-69800.67656689766,0.07531097523746716
211,w99759005,200.24946516156197,th,21517.100210125434,23907.889122361594,26896.37526265679,r1,-57872.27268885845,-90848.73171729894,-32976.45902844049,0.07531398025075493
212,w99759006,478.86383471041916,sfh,50992.01233528256,56657.79148364729,63740.0154191032,r2,-126247.87321723795,-170687.2240318359,-44439.35081459796,0.06932832767187397
213,w99759010,347.4218390390277,ab,42845.86231337848,47606.513681531644,53557.32789172309,r1,-115237.99225614464,-161201.19386897364,-45963.201612829,0.07531398025075493
214,w99759011,1184.1155465334652,health,81096.3879180279,90107.09768669767,101370.48489753487,nr2,-187637.24598096655,-377552.7827612355,-189915.53678026894,0.06932832767187397
215,w99759013,1127.2734199425206,other,48346.56544700629,53718.406052229206,60433.20680875786,nr1,-121515.2300507624,-251849.49569132878,-130334.26564056637,0.07531097523746716
216,w99759015,262.8249901607633,mfh,34217.03964154063,38018.932935045144,42771.29955192578,r1,-92029.95893512061,-43180.91694554692,48849.04198957369,0.07531398025075493
217,w99759016,162.4421672269469,other,8362.91554321064,9292.128381345156,10453.644429013299,nr1,-21019.520140313587,-79169.22624072335,-58149.70610040976,0.07531097523746716
218,w99759020,78.66829424034803,other,5363.4306045502435,5959.367338389159,6704.288255687804,nr1,-13480.55436301069,-45019.544971532356,-31538.990608521664,0.07531097523746716
219,w99759023,45.55874986834824,th,6763.263251708072,7514.736946342302,8454.079064635089,r1,-18190.435111939434,-30246.53224682984,-12056.097134890406,0.07531398025075493
220,w99759028,314.5253525768406,trade,33061.024403090545,36734.47155898949,41326.28050386318,nr1,-83096.24373336294,-178664.26636120654,-95568.0226278436,0.07531097523746716
221,w99759036,422.98085668310523,mfh,42631.70476229463,47368.56084699403,53289.63095286828,r1,-114661.99530145877,-144808.33071589854,-30146.335414439774,0.07531398025075493
222,w99759038,116.55152825303375,ab,12476.366237759883,13862.629153066537,15595.457797199853,r1,-33556.36503184263,-71555.71387843542,-37999.34884659279,0.07531398025075493
224,w99759044,415.2007402397692,trade,30727.523085082063,34141.69231675785,38409.403856352576,nr1,-77231.17458398626,-174650.14186876922,-97418.96728478296,0.07531097523746716
225,w99759045,941.2816024620085,trade,46874.11717738663,52082.35241931848,58592.646471733286,nr1,-117814.34895266654,-244307.87098007964,-126493.5220274131,0.07531097523746716
226,w99759047,442.628270605579,mfh,44840.233894655554,49822.482105172836,56050.29236831944,r1,-120602.0429352535,-143911.7582435098,-23309.7153082563,0.07531398025075493
227,w99759050,246.0824731603265,trade,22511.684368925235,25012.98263213915,28139.60546115654,nr1,-56581.32029913389,-136945.692424165,-80364.3721250311,0.07531097523746716
228,w99759051,91.54405212756247,th,11301.573718027325,12557.30413114147,14126.967147534155,r1,-30396.649624522073,-54112.33451273366,-23715.684888211585,0.07531398025075493
229,w99759055,270.5142616614699,other,18027.259599334837,20030.288443705373,22534.074499168546,nr1,-45310.07688227898,-99225.8604264095,-53915.78354413052,0.07531097523746716
230,w99759057,194.30349186724052,th,26936.28423283178,29929.20470314642,33670.35529103972,r1,-72447.67980461766,-104305.03038237513,-31857.350577757476,0.07531398025075493
231,w99759061,534.3112589053809,trade,25116.553078843055,27907.281198714503,31395.691348553817,nr1,-63128.44970969467,-151066.53270787158,-87938.0829981769,0.07531097523746716
232,w99759062,137.67195288166403,th,17570.109600664895,19522.344000738773,21962.637000831117,r1,-47256.468764518584,-85949.95763661858,-38693.488872099995,0.07531398025075493
233,w99759063,182.5971095246263,sfh,23409.161696221272,26010.17966246808,29261.45212027659,r1,-62961.15070671971,-126449.52167440265,-63488.370967682946,0.07531398025075493
234,w99759067,347.13443305995315,other,14604.042087206286,16226.713430229207,18255.052609007857,nr1,-36706.093131746464,-89733.63099413205,-53027.53786238559,0.07531097523746716
235,w99759073,34.86947953915223,sfh,3369.323871661266,3743.69319073474,4211.654839576582,r0,-11119.887456750741,-35300.350052292204,-24180.462595541463,0.0924158447618434
236,w99759074,1179.944325777702,mfh,115106.04981104136,127895.61090115707,143882.5622638017,r2,-284983.7321094793,-343918.8735759089,-58935.14146642957,0.06932832767187397
237,w99759077,212.39228247441352,sfh,25996.152531155218,28884.613923505796,32495.19066394402,r1,-69919.10682445078,-104799.89764997759,-34880.79082552681,0.07531398025075493
239,w99759083,341.51128259450195,trade,15755.53024255659,17506.144713951766,19694.412803195737,nr1,-39600.26662275677,-95697.3305785002,-56097.06395574343,0.07531097523746716
240,w99759085,319.12387123871594,other,16124.762320599133,17916.40257844348,20155.952900748915,nr1,-40528.301954545546,-109389.1688985371,-68860.86694399155,0.07531097523746716
241,w99759087,592.8829183824361,other,51137.99563470979,56819.99514967755,63922.494543387234,nr2,-118320.83909313743,-237420.66174892595,-119099.82265578852,0.06932832767187397
242,w99759088,334.1662621571682,ab,38269.47653436571,42521.64059373968,47836.84566795714,r1,-102929.37059495022,-142981.96288354008,-40052.59228858986,0.07531398025075493
243,w99759091,80.87078364617192,sfh,11524.131641001168,12804.590712223518,14405.164551251459,r1,-30995.24017258055,-14543.121686526332,16452.11848605422,0.07531398025075493
244,w99759093,176.2003906674683,sfh,24764.95217261122,27516.61352512358,30956.190215764025,r1,-66607.67720854236,-114011.75840882561,-47404.08120028325,0.07531398025075493
245,w99759094,339.69808716569094,other,37582.71276836215,41758.56974262461,46978.390960452685,nr1,-94461.14622113333,-189646.54235209792,-95185.3961309646,0.07531097523746716
246,w99759096,246.47077107857913,mfh,23598.463882924807,26220.515425472007,29498.079853656007,r1,-63470.29681202756,-87265.43611553722,-23795.139303509655,0.07531398025075493
247,w99759099,50.23060751573648,th,7134.781015914094,7927.53446212677,8918.476269892617,r1,-19189.66721798169,-52430.04985870599,-33240.3826407243,0.07531398025075493
248,w99759102,1460.464218017459,other,128159.99370613102,142399.99300681223,160199.99213266376,nr2,-296530.94152927864,-519557.1447875439,-223026.20325826528,0.06932832767187397
249,w99759105,189.26809048298745,mfh,22334.256335775855,24815.840373084284,27917.820419719817,r1,-60070.0912457827,-84951.18163669658,-24881.09039091388,0.07531398025075493
250,w99759110,35.61810292806477,th,4375.3120568172735,4861.457840908081,5469.140071021591,r0,-14439.982475173583,-42643.20364531086,-28203.221170137276,0.0924158447618434
251,w99759111,238.72463138289748,th,34535.9950545772,38373.327838419114,43169.9938182215,r1,-92887.8196346843,-43583.429475676625,49304.39015900768,0.07531398025075493
252,w99759113,635.4707306571305,th,86670.32318175596,96300.35909083995,108337.90397719495,r2,-214581.52898147888,-325452.77494659205,-110871.24596511316,0.06932832767187397
253,w99759120,160.90588292758912,th,23237.39167444857,25819.324082720632,29046.73959306071,r1,-62499.15901440406,-29324.9179484052,33174.24106599886,0.07531398025075493
254,w99759121,33.129497365746644,ab,3818.7156608234063,4243.017400914896,4773.394576029257,r0,-12603.029567695086,-33669.84555653389,-21066.815988838804,0.0924158447618434
255,w99759126,310.54387535755524,ab,34300.81502744586,38112.016697162064,42876.01878430732,r1,-92255.28074569804,-129350.96412631533,-37095.683380617294,0.07531398025075493
256,w99759127,85.13879598667843,other,8496.79167350324,9440.879637225822,10620.989591879048,nr1,-21356.007099012706,-52541.537900136005,-31185.5308011233,0.07531097523746716
257,w99759131,184.6887545518577,ab,20787.501022478882,23097.223358309868,25984.3762780986,r1,-55909.94678394021,-106322.47953624644,-50412.53275230622,0.07531398025075493
258,w99759132,153.35469039995223,ab,17695.00512599379,19661.116806659767,22118.756407492237,r1,-47592.3870726952,-77581.47475086132,-29989.08767816612,0.07531398025075493
259,w99759137,162.2998407471925,mfh,21055.671207008436,23395.19023000937,26319.589008760544,r1,-56631.21581622425,-142242.7507409788,-85611.53492475455,0.07531398025075493
260,w99759138,557.9003615580499,mfh,56330.74901759959,62589.721130666214,70413.43627199948,r2,-139465.71108913183,-180896.58349129147,-41430.87240215964,0.06932832767187397
261,w99759140,160.4533356629312,ab,17634.05521702537,19593.394685583742,22042.56902128171,r1,-47428.45653755172,-88735.52745915367,-41307.07092160195,0.07531398025075493
262,w99759142,128.98004897348582,sfh,17650.096411774208,19611.218235304674,22062.620514717757,r1,-47471.600845460045,-67786.57477910853,-20314.973933648485,0.07531398025075493
263,w99759148,518.2482564277947,ab,59352.94618142581,65947.71797936202,74191.18272678225,r2,-146948.1764185542,-194947.9719341645,-47999.79551561028,0.06932832767187397
264,w99759152,155.39786574579776,ab,16837.00273483737,18707.780816485967,21046.253418546712,r1,-45284.708627932894,-76654.29992459112,-31369.591296658225,0.07531398025075493
265,w99759159,71.9146042395383,sfh,9767.034283888204,10852.260315431338,12208.792854860254,r1,-26269.360923114484,-65861.7282396668,-39592.36731655232,0.07531398025075493
266,w99759161,242.4930030848831,mfh,32388.127737790874,35986.808597545416,40485.15967223859,r1,-87110.92768164817,-125761.76295410832,-38650.83527246014,0.07531398025075493
267,w99759162,714.1891373082996,mfh,77904.36715681193,86560.40795201325,97380.45894601491,r2,-192878.45718293224,-245180.21607789453,-52301.75889496229,0.06932832767187397
268,w99759164,595.7694656141102,mfh,71961.73720566227,79957.48578406918,89952.17150707783,r2,-178165.47845762328,-83596.13344243614,94569.34501518714,0.06932832767187397
269,w99759165,160.50856082765387,mfh,22755.65774251579,25284.064158350877,28444.572178144736,r1,-61203.490118500944,-92927.92304689587,-31724.432928394926,0.07531398025075493
270,w99759170,93.69908212199807,sfh,11619.451405943726,12910.501562159696,14524.314257429656,r1,-31251.611680614795,-73658.99312541632,-42407.38144480153,0.07531398025075493
271,w99759172,204.59550149962305,other,17169.669362300792,19077.410402556434,21462.08670287599,nr1,-43154.59233070919,-102143.1705461221,-58988.57821541291,0.07531097523746716
272,w99759176,41.50382452430203,sfh,4163.668093659857,4626.297881844285,5204.585117074821,r0,-13741.4871268915,-25148.232336078367,-11406.745209186867,0.0924158447618434
273,w99759177,360.73507672324774,ab,44758.280247853094,49731.42249761455,55947.850309816364,r1,-120381.620864004,-163804.55723832987,-43422.93637432587,0.07531398025075493
274,w99759180,347.1465133147314,education,19069.298725020304,21188.109694467003,23836.62340627538,nr1,-47929.15898064147,-103250.3733098514,-55321.214329209935,0.07531097523746716
275,w99759183,128.67689446713774,sfh,18376.72489710795,20418.583219008833,22970.906121384935,r1,-49425.93676601024,-95998.91386367958,-46572.97709766934,0.07531398025075493
276,w99759189,171.2441471248865,ab,18363.415474169808,20403.794971299787,22954.269342712258,r1,-49390.13981632439,-95217.03457223195,-45826.89475590756,0.07531398025075493
277,w99759190,369.99921465907244,other,20710.457907946584,23011.619897718425,25888.072384933228,nr1,-52054.0814817404,-117910.942136919,-65856.86065517859,0.07531097523746716
278,w99759195,184.4751641433686,sfh,22818.050116989565,25353.389018877293,28522.562646236955,r1,-61371.300300820614,-89404.3312180099,-28033.030917189288,0.07531398025075493
279,w155463247,886.8482149265707,mfh,90574.02742084471,100637.808245383,113217.53427605589,r2,-224246.4614931356,-263657.21216108114,-39410.75066794554,0.06932832767187397
280,w155463249,403.549402025342,trade,23648.752708879776,26276.391898755304,29560.940886099717,nr1,-59439.250736084294,-146231.37430896444,-86792.12357288014,0.07531097523746716
281,w155463253,721.7602650925515,mfh,85711.09171490726,95234.54634989696,107138.86464363408,r2,-212206.62893210578,-99568.4114742645,112638.21745784128,0.06932832767187397
282,w155463254,852.2730644002556,mfh,87014.59305688317,96682.88117431464,108768.24132110395,r2,-215433.88482226818,-101082.65607643122,114351.22874583697,0.06932832767187397
283,w155463255,713.9319995328784,mfh,71073.4939418158,78970.54882423978,88841.86742726975,r2,-175966.3335754245,-82564.2836664692,93402.0499089553,0.06932832767187397
284,w155463260,725.1058137452229,mfh,66389.32398774149,73765.91554193498,82986.65498467686,r2,-164369.0957452793,-176804.47393281682,-12435.378187537513,0.06932832767187397
285,w155463261,1003.1358517257496,mfh,96812.24176736335,107569.15751929261,121015.30220920418,r2,-239691.25878301056,-278430.34439609,-38739.08561307946,0.06932832767187397
286,w155463268,907.8277638942003,mfh,88048.47049851796,97831.63388724218,110060.58812314743,r2,-217993.59608283668,-245463.70787695484,-27470.11179411816,0.06932832767187397
287,w155463269,646.430608794326,mfh,65800.13973759115,73111.26637510127,82250.17467198893,r2,-162910.3720136978,-211431.63415011542,-48521.262136417616,0.06932832767187397
288,w155463275,531.2511221051216,mfh,56742.54191479465,63047.26879421628,70928.17739349332,r2,-140485.24287648333,-154548.59480252184,-14063.351926038507,0.06932832767187397
289,w155463277,722.3371928531676,mfh,75825.75026506544,84250.83362785049,94782.18783133179,r2,-187732.1421073288,-229417.91318104003,-41685.77107371122,0.06932832767187397
290,w155463281,852.691491766274,mfh,81167.2147222987,90185.79413588744,101459.01840287336,r2,-200956.7335032751,-246808.07493870176,-45851.34143542664,0.06932832767187397
291,w155463286,75.58565192222595,sfh,11379.481362010443,12643.868180011603,14224.351702513053,r1,-30606.189589159865,-62758.49342287894,-32152.303833719077,0.07531398025075493
292,w155463289,870.3151384696364,mfh,92029.85106537899,102255.39007264332,115037.31383172373,r2,-227850.8424634989,-264261.3898866346,-36410.54742313569,0.06932832767187397
293,w155463294,520.8021583877504,mfh,73954.39748668816,82171.55276298684,92442.9968583602,r2,-183098.97903943725,-85910.95658632454,97188.02245311272,0.06932832767187397
294,w155463296,531.2875348292291,mfh,59600.264491446156,66222.51610160685,74500.33061430769,r2,-147560.49605878437,-199712.35926492405,-52151.86320613968,0.06932832767187397
295,w155463300,903.6974393147975,mfh,82377.16016846654,91530.17796496282,102971.45021058316,r2,-203952.36031406248,-245334.22169993003,-41381.86138586755,0.06932832767187397
296,w155463302,619.062746527791,mfh,73694.19011571503,81882.43346190559,92117.73764464378,r2,-182454.74819471582,-217466.8211029734,-35012.07290825757,0.06932832767187397
297,w155463304,1087.9011799693108,mfh,132782.97083749846,147536.6342638872,165978.71354687307,r2,-328748.89418909256,-154250.62512444766,174498.2690646449,0.06932832767187397
298,w155463308,740.3594694465398,mfh,74398.41232336155,82664.90258151284,92998.01540420194,r2,-184198.28707298447,-224300.6776345271,-40102.39056154262,0.06932832767187397
299,w155463310,722.3160033598542,mfh,78437.63363840502,87152.92626489447,98047.04204800627,r2,-194198.73767542385,-91119.01884476855,103079.7188306553,0.06932832767187397
300,w155463313,774.0583199881017,mfh,75098.58684319264,83442.87427021404,93873.2335539908,r2,-185931.80453898205,-217247.71122976815,-31315.906690786098,0.06932832767187397
301,w155463314,1101.9502923069522,mfh,104359.84119134728,115955.37910149698,130449.8014891841,r2,-258377.87912872908,-295432.849740404,-37054.970611674915,0.06932832767187397
302,w155463317,740.3064833164215,mfh,74649.75970721088,82944.17745245653,93312.1996340136,r2,-184820.58204030307,-219124.73945333034,-34304.15741302728,0.06932832767187397
303,w155463319,828.4481069911271,mfh,78474.43739685023,87193.8193298336,98093.04674606278,r2,-194289.85775516418,-210926.99119048344,-16637.133435319265,0.06932832767187397
304,w155463321,781.2118542082608,mfh,75955.85291213829,84395.3921245981,94944.81614017286,r2,-188054.25495874725,-216439.13676919788,-28384.881810450635,0.06932832767187397
305,w155463324,722.1055689860135,mfh,76230.77521241456,84700.86134712728,95288.4690155182,r2,-188734.91755903166,-225085.52587971717,-36350.60832068551,0.06932832767187397
306,w155463327,780.4636536210775,mfh,78934.78481367027,87705.31645963363,98668.48101708783,r2,-195429.60258289214,-244862.1189355962,-49432.51635270406,0.06932832767187397
307,w155463330,867.026127423346,mfh,92798.36038612344,103109.28931791494,115997.9504826543,r2,-229753.54570756125,-107801.51257197907,121952.03313558218,0.06932832767187397
308,w155463331,701.7002469789237,mfh,75620.8436945795,84023.15966064388,94526.05461822437,r2,-187224.82698977678,-234401.35886509003,-47176.53187531326,0.06932832767187397
309,w155463336,356.26551316827533,mfh,37646.38639526564,41829.31821696182,47057.98299408205,r1,-101253.51083282629,-108376.01946657033,-7122.508633744044,0.07531398025075493
310,w155463337,437.0872274041176,trade,16347.364508861188,18163.7383431791,20434.205636076484,nr1,-41087.7947720057,-92577.88282994213,-51490.08805793643,0.07531097523746716
311,w155463339,868.4495440013707,mfh,96284.55889755068,106982.84321950076,120355.69862193835,r2,-238384.8023990384,-111851.34137384909,126533.4610251893,0.06932832767187397
312,w155463342,722.9579402044416,mfh,72192.16091602764,80213.5121289196,90240.20114503455,r2,-178735.96983539392,-226815.3457070184,-48079.37587162448,0.06932832767187397
313,w155463343,844.8904670208692,mfh,87271.28425516972,96968.09361685524,109089.10531896215,r2,-216069.41019914838,-269371.4970215564,-53302.08682240805,0.06932832767187397
314,w155463347,1083.6851687338203,mfh,101563.78341079073,112848.64823421191,126954.7292634884,r2,-251455.2978846951,-262481.2146583165,-11025.91677362143,0.06932832767187397
315,w155463348,740.608741542697,mfh,73742.38733091138,81935.98592323487,92177.98416363922,r2,-182574.07660783126,-209599.19163496315,-27025.11502713189,0.06932832767187397
316,w155463352,356.4181080274284,mfh,38492.77211566138,42769.74679517931,48115.965144576716,r1,-103529.94514471595,-48576.76798294172,54953.177161774234,0.07531398025075493
317,w155463353,722.1394314199686,mfh,96023.96050529758,106693.28945033065,120029.95063162198,r2,-237739.6034496527,-111548.61080035818,126190.99264929452,0.06932832767187397
318,w155463354,696.3946817303076,mfh,75225.69127239037,83584.10141376707,94032.11409048796,r2,-186246.49429386354,-248926.54684207236,-62680.05254820883,0.06932832767187397
319,w155463358,865.4375973489136,mfh,87470.73329689098,97189.70366321219,109338.41662111372,r2,-216563.21336908336,-249643.28469168386,-33080.0713226005,0.06932832767187397
320,w155463359,1101.9756921548396,mfh,103923.56216152417,115470.62462391573,129904.4527019052,r2,-257297.72368629836,-292425.9300771249,-35128.206390826555,0.06932832767187397
321,w155463364,740.593882034719,mfh,74624.72489312779,82916.3609923642,93280.90611640972,r2,-184758.5999397812,-219849.812654334,-35091.21271455279,0.06932832767187397
322,w155463365,603.6562003400177,mfh,57345.292217422895,63716.9913526921,71681.61527177862,r2,-141977.5539327232,-160226.2347514828,-18248.680818759603,0.06932832767187397
323,w155463369,722.4004129424691,mfh,76517.50006263371,85019.44451403746,95646.87507829214,r2,-189444.80134044998,-226965.32807686576,-37520.52673641578,0.06932832767187397
324,w155463370,696.1379145577084,mfh,67777.64861111336,75308.49845679261,84722.06076389168,r2,-167806.36019139228,-186464.83169798978,-18658.471506597503,0.06932832767187397
325,w155463373,865.3327697202564,mfh,87284.13642326384,96982.3738036265,109105.1705290798,r2,-216101.23006296245,-249388.1882190334,-33286.95815607096,0.06932832767187397
326,w155463376,746.0008564919234,mfh,78349.89022816702,87055.43358685223,97937.36278520877,r2,-193981.4993585961,-249667.8104539932,-55686.311095397105,0.06932832767187397
327,w155463378,701.7079005709849,mfh,75289.53058162499,83655.03397958331,94111.91322703123,r2,-186404.54997061414,-225521.9023751258,-39117.35240451165,0.06932832767187397
328,w155463380,903.4881653226912,mfh,80794.44802773364,89771.60891970404,100993.06003466704,r2,-200033.8242035671,-234834.38244649034,-34800.55824292323,0.06932832767187397
329,w155463382,654.6620004437864,mfh,67195.36451178146,74661.51612420162,83994.20563972682,r2,-166364.72010342104,-194472.49828511698,-28107.778181695932,0.06932832767187397
330,w155463388,654.8312545590103,mfh,81045.45395849762,90050.50439833068,101306.81744812202,r2,-200655.27378895515,-94148.45787636553,106506.81591258962,0.06932832767187397
331,w155463390,658.415929133445,mfh,67307.170216775,74785.74468530556,84133.96277096875,r2,-166641.5327221539,-189858.4603272429,-23216.927605089004,0.06932832767187397
332,w155463392,746.3197361536323,mfh,74500.89326832342,82778.77029813713,93126.11658540426,r2,-184452.01311269554,-222339.15498005415,-37887.141867358616,0.06932832767187397
333,w155463395,740.6091377854347,mfh,81203.21252281987,90225.79169202207,101504.01565352484,r2,-201045.85816316135,-94331.72201793398,106714.13614522737,0.06932832767187397
334,w155463397,721.9107812985777,mfh,69115.7372055503,76795.26356172255,86394.67150693786,r2,-171119.2484554042,-194801.77692245983,-23682.528467055643,0.06932832767187397
335,w155463400,957.7393607803388,mfh,132263.3739372203,146959.30437468924,165329.2174215254,r2,-327462.45734170824,-153647.02252258454,173815.4348191237,0.06932832767187397
336,w155463402,519.368776667118,mfh,57328.60677905928,63698.45197673253,71660.7584738241,r2,-141936.24351937353,-186555.83957515733,-44619.5960557838,0.06932832767187397
337,w155463405,658.592996231094,mfh,66453.3492473543,73837.05471928256,83066.68655919287,r2,-164527.6118047192,-188171.2243290497,-23643.6125243305,0.06932832767187397
338,w155463406,932.8967588515952,mfh,87329.94975847227,97033.27750941363,109162.43719809034,r2,-216214.65637955934,-267479.563592317,-51264.90721275765,0.06932832767187397
339,w155463408,740.3845857441426,mfh,81123.65596148898,90137.39551276554,101404.56995186122,r2,-200848.8891437302,-94239.30316903614,106609.58597469406,0.06932832767187397
340,w155463411,886.3585438661277,mfh,86630.34371086476,96255.9374565164,108287.92963858094,r2,-214482.54635770683,-246016.19529416744,-31533.64893646061,0.06932832767187397
341,w155463413,436.59599217027426,trade,16616.663351011164,18462.959278901293,20770.829188763953,nr1,-41764.65589861721,-94415.75605079814,-52651.10015218093,0.07531097523746716
342,w155463416,722.4005093876273,mfh,71360.79474582999,79289.7719398111,89200.99343228748,r2,-176677.64332413382,-224181.37713089515,-47503.73380676133,0.06932832767187397
343,w155463417,828.3400002270937,mfh,74807.01169807202,83118.90188674668,93508.76462259002,r2,-185209.9122215648,-214435.48950406647,-29225.577282501676,0.06932832767187397
344,w155463421,509.4774500131606,mfh,62634.51134401355,69593.90149334838,78293.13918001692,r2,-155072.7944445391,-72760.93062416987,82311.86382036922,0.06932832767187397
345,w155463422,674.0859733853489,mfh,66828.4486191273,74253.83179903033,83535.56077390912,r2,-165456.2964312464,-192295.04442878353,-26838.74799753714,0.06932832767187397
346,w155463424,701.7858467099256,mfh,75354.80212003247,83727.55791114719,94193.50265004058,r2,-186566.15161228663,-231946.5748094063,-45380.42319711967,0.06932832767187397
347,w155463427,540.3469697440042,mfh,55711.525451732596,61901.69494636955,69639.40681466574,r2,-137932.6149304103,-173022.318837121,-35089.703906710725,0.06932832767187397
348,w155463430,521.3457492198795,mfh,65819.9805171453,73133.31168571701,82274.97564643163,r2,-162959.4945351864,-76461.40974563465,86498.08478955174,0.06932832767187397
349,w155463434,634.5610695700626,mfh,64418.57211226843,71576.19123585381,80523.21514033554,r2,-159489.83678837784,-184295.96551859088,-24806.128730213037,0.06932832767187397
350,w155463435,740.6094772338867,mfh,73569.89609015193,81744.3289890577,91962.37011268991,r2,-182147.01653906406,-214590.55574382676,-32443.539204762696,0.06932832767187397
351,w155463436,830.3215000247583,mfh,74986.73881598086,83318.59868442318,93733.42351997607,r2,-185654.88713736658,-201427.93882882566,-15773.051691459084,0.06932832767187397
352,w155463437,634.6341266736388,mfh,64166.464939277284,71296.07215475253,80208.0811740966,r2,-158865.66070755036,-186224.2754491407,-27358.61474159034,0.06932832767187397
353,w155463439,740.3900625675916,mfh,77902.86750022264,86558.74166691404,97378.5843752783,r2,-192874.74427876773,-245247.4395267256,-52372.69524795786,0.06932832767187397
354,w155463441,304.4361848443746,mfh,36817.49098632539,40908.32331813932,46021.863732906735,r1,-99024.118365055,-46462.61152568713,52561.50683936787,0.07531398025075493
355,w155463442,681.7836883433163,mfh,68711.68346108304,76346.31495675893,85889.6043263538,r2,-170118.8775430141,-208432.66363434048,-38313.78609132639,0.06932832767187397
356,w155463445,701.5969566701912,mfh,73907.62346345419,82119.58162606022,92384.52932931774,r2,-182983.1742165902,-224808.22268942863,-41825.04847283842,0.06932832767187397
357,w155463446,527.3302180506289,mfh,52013.41474555332,57792.683050614796,65016.768431941644,r2,-128776.69834278456,-156155.03468849277,-27378.336345708216,0.06932832767187397
358,w155463447,540.1562461696565,mfh,59085.19228162839,65650.21364625376,73856.49035203549,r2,-146285.26160411656,-193568.01722985003,-47282.755625733465,0.06932832767187397
359,w155463448,488.2503870327026,mfh,51268.34796637681,56964.83107375201,64085.43495797101,r2,-126932.0349932119,-164848.81952843163,-37916.78453521973,0.06932832767187397
360,w155463452,416.2699146196246,mfh,40700.76121869014,45223.06802076682,50875.95152336267,r1,-109468.54031863152,-51363.18653560949,58105.35378302203,0.07531398025075493
361,w155463453,826.68092449978,mfh,83117.14823153104,92352.38692392338,103896.4352894138,r2,-205784.44959412015,-239052.68194715492,-33268.23235303478,0.06932832767187397
362,w155463454,830.106713430956,mfh,73765.5043705863,81961.67152287367,92206.88046323288,r2,-182631.3106129309,-204501.94905786487,-21870.638444933982,0.06932832767187397
363,w155463458,653.3753796381876,mfh,58960.56636749198,65511.74040832442,73700.70795936497,r2,-145976.70824670003,-163138.4212164936,-17161.71296979356,0.06932832767187397
364,w155463459,716.456727950275,mfh,75283.97896378927,83648.8655153214,94104.97370473658,r2,-186390.80507386313,-227994.8832313061,-41604.07815744297,0.06932832767187397
365,w155463463,389.00259175430983,mfh,37000.96483362116,41112.18314846796,46251.206042026446,r1,-99517.58860120598,-46694.15022818026,52823.43837302572,0.07531398025075493
366,w155463464,681.5525098629297,mfh,69179.35495120153,76865.94994577947,86474.19368900191,r2,-171276.75557700064,-205173.0998345184,-33896.34425751775,0.06932832767187397
367,w155463468,854.9059582386632,mfh,81699.0096870192,90776.67743002134,102123.762108774,r2,-202273.37076093338,-227773.8119880467,-25500.441227113333,0.06932832767187397
368,w155463469,716.6904537379742,mfh,100679.18201464991,111865.75779405545,125848.97751831239,r2,-249265.16967062373,-116956.46410700813,132308.7055636156,0.06932832767187397
369,w155463470,608.2978411447257,mfh,64367.74654988399,71519.71838875998,80459.68318735498,r2,-159364.00101798473,-74774.38620741937,84589.61481056536,0.06932832767187397
370,w155463473,376.1376306014136,mfh,43550.29606288637,48389.217847651526,54437.870078607964,r1,-117132.63333903422,-54959.217306526865,62173.41603250735,0.07531398025075493
371,w155463474,720.4433401308954,mfh,67276.75041664802,74751.94490738669,84095.93802081002,r2,-166566.21827791366,-210788.111026968,-44221.89274905433,0.06932832767187397
372,w155463478,851.8925360153429,mfh,87684.85616685112,97427.61796316791,109606.0702085639,r2,-217093.346535076,-101861.28381053229,115232.06272454372,0.06932832767187397
373,w155463479,376.5337288361043,mfh,37121.41584101446,41246.017601127176,46401.76980126807,r1,-99841.55295873742,-119914.98156542734,-20073.428606689922,0.07531398025075493
374,w155463480,664.0854127705097,mfh,73172.86575571459,81303.18417301621,91466.08219464324,r2,-181164.03443990965,-85003.07090417032,96160.96353573933,0.06932832767187397
375,w155463484,531.1159037780716,mfh,68085.21955592721,75650.24395103024,85106.52444490901,r2,-168567.85548973133,-79092.88075117521,89474.97473855612,0.06932832767187397
376,w155463485,716.6882258921862,mfh,74226.11389675422,82473.45988528247,92782.64237094278,r2,-183771.70438048698,-213802.0311758538,-30030.326795366826,0.06932832767187397
377,w155463490,790.5601109853014,mfh,73479.01625668757,81643.35139631951,91848.77032085945,r2,-181922.01295187918,-215884.71050368444,-33962.697551805264,0.06932832767187397
378,w155463491,681.5525530032813,mfh,68426.0537270324,76028.94858559156,85532.5671587905,r2,-169411.705089917,-199465.9153231433,-30054.210233226302,0.06932832767187397
379,w155463494,531.001435648324,mfh,56124.10929184654,62360.12143538504,70155.13661480817,r2,-138954.10496292164,-160041.67164168684,-21087.5666787652,0.06932832767187397
380,w155463495,716.4590312853455,mfh,79038.97749810597,87821.08610900663,98798.72187263246,r2,-195687.56660926374,-256305.81957666643,-60618.25296740269,0.06932832767187397
381,w155463496,611.941689690575,mfh,60485.334200613484,67205.92688957053,75606.66775076685,r2,-149751.78373922876,-181698.04830939998,-31946.264570171217,0.06932832767187397
382,w155463500,1108.025532820262,mfh,100906.99247980208,112118.88053311342,126133.7405997526,r2,-249829.1910811338,-288979.78542774916,-39150.59434661537,0.06932832767187397
383,w155463502,540.1563036605716,mfh,59609.47184418452,66232.74649353835,74511.83980523064,r2,-147583.29195657192,-188492.1779609983,-40908.88600442637,0.06932832767187397
384,w155463507,1267.198863344267,mfh,124829.28501538603,138699.20557265115,156036.60626923252,r2,-309056.87041334115,-369490.41446690966,-60433.544053568505,0.06932832767187397
385,w155463508,530.6506136165466,mfh,59404.70237854505,66005.22486505006,74255.87797318131,r2,-147076.31628817052,-185966.98691189184,-38890.67062372132,0.06932832767187397
386,w155463511,1747.3368958860635,mfh,164794.07162005454,183104.52402228283,205992.58952506818,r2,-408003.1382963422,-454642.2800474006,-46639.1417510584,0.06932832767187397
387,w155463513,612.2091895099729,mfh,81863.33408033723,90959.26008926358,102329.16760042153,r2,-202680.21105265798,-95098.56856657607,107581.64248608191,0.06932832767187397
388,w155463514,830.106801855378,mfh,74653.97590525495,82948.86211694994,93317.46988156869,r2,-184831.0206563088,-206875.41950869065,-22044.398852381855,0.06932832767187397
389,w155463518,691.345141955465,mfh,72173.4858662746,80192.76207363844,90216.85733284324,r2,-178689.73347001878,-206705.09845591223,-28015.36498589345,0.06932832767187397
390,w155463519,507.32179623667616,mfh,55562.18913504426,61735.76570560473,69452.73641880532,r2,-137562.8826623046,-166802.43056230422,-29239.547899999627,0.06932832767187397
391,w155463522,1139.1653657640795,mfh,129564.6746402093,143960.74960023255,161955.84330026162,r2,-320780.9197616595,-150512.01167773528,170268.90808392424,0.06932832767187397
392,w155463523,446.09937440417707,mfh,52022.345619720814,57802.60624413424,65027.93202465102,r2,-128798.80972490068,-60433.045605693434,68365.76411920725,0.06932832767187397
393,w155463528,681.6119319483638,mfh,68495.57242516302,76106.19158351446,85619.46553145377,r2,-169583.82200364288,-200168.04154113022,-30584.21953748734,0.06932832767187397
394,w155463529,691.3949336603283,mfh,83645.16797269836,92939.0755252204,104556.45996587294,r2,-207091.7400164078,-97168.48001705109,109923.25999935671,0.06932832767187397
395,w155463531,507.3216828555101,mfh,54061.208972385146,60068.00996931683,67576.51121548143,r2,-133846.70154689762,-161380.59960258182,-27533.8980556842,0.06932832767187397
396,w155463534,640.8467616457492,mfh,62761.80582241785,69735.3398026865,78452.25727802231,r2,-155387.95473013783,-171249.63706262418,-15861.68233248635,0.06932832767187397
397,w155463535,684.7868416263722,mfh,63983.21967634138,71092.46630704598,79979.02459542672,r2,-158411.97544071526,-194262.4962607882,-35850.52082007294,0.06932832767187397
398,w155463536,691.6131192699074,mfh,70337.30683773482,78152.56315303869,87921.63354716853,r2,-174143.654847449,-196191.942218572,-22048.287371122977,0.06932832767187397
399,w155463537,507.3215693686623,mfh,56345.158000452444,62605.73111161382,70431.44750056555,r2,-139501.3853713789,-187829.87077249322,-48328.4854011143,0.06932832767187397
400,w155463538,643.413233704865,mfh,67471.69315381986,74968.54794868872,84339.61644227481,r2,-167048.86457563704,-78380.16261828125,88668.70195735579,0.06932832767187397
401,w155463539,710.019569536671,mfh,70101.74839593095,77890.83155103438,87627.18549491368,r2,-173560.45071538675,-191882.1120301889,-18321.661314802157,0.06932832767187397
402,w155463540,840.6794232809916,mfh,76273.68228195352,84748.53586883724,95342.1028524419,r2,-188841.14843769677,-224073.32919499764,-35232.18075730087,0.06932832767187397
403,w155463541,696.2558067506179,mfh,69091.86352939304,76768.73725488115,86364.8294117413,r2,-171060.14114226436,-202587.13817239524,-31526.99703013088,0.06932832767187397
404,w155463542,640.557884996757,mfh,65685.4859572708,72983.87328585643,82106.85744658849,r2,-162626.5080267936,-76305.17081073487,86321.33721605873,0.06932832767187397
405,w155463543,587.0278481058776,mfh,64620.647257978446,71800.7191755316,80775.80907247306,r2,-159990.14176179623,-204342.66135320126,-44352.51959140503,0.06932832767187397
406,w155463544,825.5248426020145,mfh,98226.61890138821,109140.68766820912,122783.27362673526,r2,-243193.02497971698,-114107.3834531285,129085.64152658849,0.06932832767187397
407,w155463545,709.4769112125038,mfh,68799.48875180824,76443.87639089805,85999.3609397603,r2,-170336.26906579596,-206911.44728232146,-36575.1782165255,0.06932832767187397
408,w155463546,647.0489746004342,mfh,65167.88665066121,72408.76294517911,81459.8583133265,r2,-161345.01689425076,-179281.81449372796,-17936.7975994772,0.06932832767187397
409,w155463547,586.4484846569597,mfh,65038.9578364076,72265.50870711956,81298.6972955095,r2,-161025.81026069194,-75554.1154142885,85471.69484640344,0.06932832767187397
410,w155463548,500.40091222245246,mfh,58521.66054916764,65024.06727685293,73152.07568645955,r2,-144890.04930604517,-67983.13568444857,76906.9136215966,0.06932832767187397
411,w155463549,672.5395986035466,mfh,71071.92574614852,78968.80638460947,88839.90718268565,r2,-175962.45097972537,-214009.23649903294,-38046.78551930757,0.06932832767187397
412,w155463551,586.1050742082298,mfh,58460.95059670617,64956.61177411796,73076.1882458827,r2,-144739.74140427055,-160524.59927031965,-15784.857866049104,0.06932832767187397
413,w155463552,667.035758360289,mfh,68669.64406031062,76299.60451145624,85837.05507538827,r2,-170014.79487014472,-211965.0999409923,-41950.30507084759,0.06932832767187397
414,w155463553,817.6307530952618,mfh,76749.54752122253,85277.27502358059,95936.93440152815,r2,-190019.31285295272,-232014.93916709672,-41995.626314144,0.06932832767187397
415,w155463556,732.9133296664804,mfh,64357.9958795773,71508.88431064144,80447.49484947162,r2,-159339.85995485962,-176984.883665892,-17645.02371103238,0.06932832767187397
416,w155463558,710.1379440590739,mfh,77163.4124884325,85737.12498714722,96454.26561054062,r2,-191043.9747463848,-216988.5329384326,-25944.558192047785,0.06932832767187397
417,w155463561,654.0662793286144,mfh,66767.48224207119,74186.09138007909,83459.35280258898,r2,-165305.3536641619,-77562.09857986156,87743.25508430034,0.06932832767187397
418,w155463562,586.3292756803334,mfh,59654.3554106497,66282.61712294411,74567.94426331212,r2,-147694.4163179989,-181736.4515146071,-34042.035196608194,0.06932832767187397
419,w155463566,653.8032613813876,mfh,66481.29901255308,73868.11001394787,83101.62376569134,r2,-164596.81084691556,-194854.2822597256,-30257.47141281003,0.06932832767187397
420,w155463567,133.41999841853976,sfh,16572.97361038044,18414.415122644932,20716.217012975547,r1,-44574.57736771866,-100623.15107054017,-56048.573702821515,0.07531398025075493
421,w155463569,886.7166110530495,mfh,90690.7250070177,100767.47223001966,113363.40625877211,r2,-224535.38560868244,-245548.23250445988,-21012.846895777446,0.06932832767187397
422,w155463572,311.3570919752121,mfh,35890.06917924034,39877.854643600374,44862.58647405042,r1,-96529.72984647744,-45292.231959109704,51237.49788736773,0.07531398025075493
423,w155463574,863.4385226266459,mfh,80266.77887142508,89185.30985713897,100333.47358928135,r2,-198727.4017719857,-234422.60259222967,-35695.200820243976,0.06932832767187397
424,w155463577,931.9227139726281,mfh,104741.59050899002,116379.54500998891,130926.98813623752,r2,-259323.0279323816,-121675.66149964447,137647.36643273715,0.06932832767187397
425,w155463578,931.2066993936896,mfh,95901.79540846782,106557.55045385312,119877.24426058478,r2,-237437.1426729583,-277548.24087821395,-40111.098205255665,0.06932832767187397
426,w155463581,136.57608463019133,sfh,20238.058157433414,22486.731286037128,25297.572696791765,r1,-54432.16831926142,-91061.22387878767,-36629.05555952625,0.07531398025075493
427,w155463583,949.1963916398585,mfh,98696.62464541465,109662.91627268294,123370.7808067683,r2,-244356.68224417377,-299778.63440223207,-55421.952158058295,0.06932832767187397
428,w155463586,949.1754787907004,mfh,101711.11223859426,113012.34693177139,127138.89029824281,r2,-251820.05993902407,-118155.23139715279,133664.82854187128,0.06932832767187397
429,w155463589,722.9646147996187,mfh,79863.38270239974,88737.09189155528,99829.22837799968,r2,-197728.6589087198,-92775.27553946871,104953.3833692511,0.06932832767187397
430,w155463591,591.1442194825038,mfh,72104.48386231158,80116.0931803462,90130.60482788947,r2,-178518.8958064495,-231847.65507937848,-53328.75927292899,0.06932832767187397
431,w155463593,535.6290349200369,mfh,57403.922688774626,63782.13632086069,71754.90336096828,r2,-142122.71337975998,-177383.83949497572,-35261.12611521574,0.06932832767187397
432,w155463596,724.8313003255054,mfh,67296.75836170698,74774.1759574522,84120.94795213372,r2,-166615.75467382077,-192897.6294495359,-26281.874775715114,0.06932832767187397
433,w155463597,752.1160736689344,mfh,96345.81377389302,107050.90419321446,120432.26721736627,r2,-238536.4594431173,-111922.49961732062,126613.95982579667,0.06932832767187397
434,w155463600,535.4490051213652,mfh,64489.169061256325,71654.6322902848,80611.4613265704,r2,-159664.62327467583,-74915.4396735772,84749.18360109863,0.06932832767187397
435,w155463601,907.8308945208788,mfh,90872.07987539202,100968.97763932447,113590.09984424003,r2,-224984.3905681123,-271822.67139470717,-46838.280826594855,0.06932832767187397
436,w155463605,389.4215188790113,mfh,42998.73447932191,47776.37164369101,53748.41809915238,r1,-115649.15638084633,-54263.16249933843,61385.99388150789,0.07531398025075493
437,w155463606,690.2915003947913,mfh,72619.17804943162,80687.97561047958,90773.97256178952,r2,-179793.19433881427,-216022.90761332816,-36229.713274513895,0.06932832767187397
438,w155463610,725.1058211326599,mfh,66694.63523034648,74105.15025594053,83368.2940379331,r2,-165124.9963909481,-185395.0520845121,-20270.055693564005,0.06932832767187397
439,w155463611,1002.8680375270545,mfh,112403.2420384642,124892.49115384911,140504.05254808025,r2,-278292.02261664195,-130576.0086635394,147716.01395310255,0.06932832767187397
440,w155463612,535.6290688522159,mfh,63516.22491576578,70573.58323973975,79395.28114470722,r2,-157255.77287827063,-73785.19502167257,83470.57785659806,0.06932832767187397
441,w155463616,543.6235096465331,mfh,57717.03913082603,64130.04347869559,72146.29891353253,r2,-142897.93842125114,-162324.82233733038,-19426.88391607924,0.06932832767187397
442,w155463618,752.1486698825844,mfh,78276.75754478379,86974.17504975977,97845.94693097973,r2,-193800.43480913114,-224849.94472913584,-31049.509920004697,0.06932832767187397
443,w155463621,238.18491610530762,mfh,25941.058157091844,28823.39795232427,32426.322696364805,r1,-69770.92530332197,-88938.44951637083,-19167.524213048862,0.07531398025075493
444,w155463623,73.76475410088896,mfh,9386.532258258556,10429.48028695395,11733.165322823193,r1,-25245.96479766726,-38419.654281234536,-13173.689483567276,0.07531398025075493
445,w155463625,52.41574023310095,sfh,7168.165529890833,7964.628366545369,8960.206912363541,r1,-19279.45802053313,-32105.60643098351,-12826.14841045038,0.07531398025075493
446,w155463626,98.3909645654261,mfh,11326.695090576788,12585.216767307542,14158.368863220985,r1,-30464.215927987858,-40302.92175270413,-9838.705824716275,0.07531398025075493
447,w155463629,643.7923131911084,mfh,60925.212855087026,67694.68095009669,76156.51606885878,r2,-150840.85126289888,-168812.21709624655,-17971.365833347663,0.06932832767187397
448,w155463631,546.7249739198014,mfh,62732.02766693095,69702.25296325661,78415.03458366368,r2,-155314.22889296483,-72874.21287470979,82440.01601825505,0.06932832767187397
449,w155463632,612.4270064728335,mfh,67447.16411095476,74941.2934566164,84308.95513869345,r2,-166988.13468183702,-78351.66784841896,88636.46683341806,0.06932832767187397
450,w155463633,683.6260891854763,mfh,67343.37274848943,74825.96972054381,84179.21593561179,r2,-166731.1642629524,-192515.38308999615,-25784.218827043747,0.06932832767187397
451,w155463638,279.5906790524721,ab,31093.580676718997,34548.42297413222,38866.97584589874,r1,-83629.12112800965,-128828.39463147357,-45199.27350346392,0.07531398025075493
452,w155463639,282.758548167441,other,12733.875761949328,14148.750846610365,15917.34470243666,nr1,-32005.579472800284,-104275.40101935464,-72269.82154655436,0.07531097523746716
453,w155463640,56.80619836300611,sfh,8149.209288913908,9054.67698768212,10186.511611142383,r1,-21918.067841905293,-46494.774210559925,-24576.70636865463,0.07531398025075493
454,w155463643,240.41873629689215,ab,28483.777730710135,31648.64192301126,35604.72216338767,r1,-76609.80968359218,-130523.36699173739,-53913.55730814522,0.07531398025075493
455,w155463644,98.43792371228336,mfh,11153.843250929993,12393.159167699992,13942.30406366249,r1,-29999.314584353142,-41418.71423342986,-11419.39964907672,0.07531398025075493
456,w155463645,98.39091195091605,mfh,11053.44919247696,12281.61021386329,13816.811490596201,r1,-29729.295284800828,-42324.65291901778,-12595.357634216954,0.07531398025075493
457,w155463647,97.66299930792302,mfh,9369.723502372359,10410.803891524843,11712.154377965448,r1,-25200.75606160585,-38615.97262230438,-13415.216560698533,0.07531398025075493
458,w155463653,376.11661268314344,mfh,49110.00769747382,54566.67521941535,61387.50962184227,r1,-132086.00273575497,-61975.413004615664,70110.5897311393,0.07531398025075493
459,w155463654,482.5493668295443,mfh,52586.0148678914,58428.905408768216,65732.51858486424,r2,-130194.36248935311,-164791.80225837306,-34597.439769019955,0.06932832767187397
460,w155463656,73.78574474137277,mfh,10518.511422655341,11687.23491406149,13148.139278319177,r1,-28290.52964331729,-44422.4678719431,-16131.938228625811,0.07531398025075493
461,w155463657,470.15250823192764,mfh,44569.71600670739,49521.906674119324,55712.145008384236,r1,-119874.45953295178,-129586.70111666892,-9712.241583717143,0.07531398025075493
462,w155463660,49.947176152281465,mfh,6130.094348688484,6811.2159429872045,7662.617935860605,r1,-16487.467562603408,-24720.56382350254,-8233.096260899132,0.07531398025075493
463,w155463661,78.16354378722608,sfh,10628.335831745004,11809.262035272226,13285.419789681255,r1,-28585.912761333297,-56077.653509451215,-27491.740748117918,0.07531398025075493
464,w155463663,104.99722011834383,sfh,12659.813951807402,14066.45994645267,15824.767439759253,r1,-34049.7649801549,-58190.10069819371,-24140.335718038812,0.07531398025075493
465,w155463665,467.86907609552145,trade,25152.751602532997,27947.501780592218,31440.939503166246,nr1,-63219.43180724414,-140711.85171761404,-77492.4199103699,0.07531097523746716
466,w155463667,587.3173447391018,mfh,62170.68286456457,69078.53651618285,77713.3535807057,r2,-153924.43107572373,-186209.90658551114,-32285.475509787415,0.06932832767187397
467,w155463669,557.4523567564785,mfh,63822.83861379559,70914.26512643954,79778.54826724448,r2,-158014.89819030996,-216234.9399735472,-58220.04178323725,0.06932832767187397
468,w155463671,449.48969881236553,mfh,44460.06219337882,49400.06910375424,55575.07774172352,r1,-119579.53524834309,-157043.8470948586,-37464.3118465155,0.07531398025075493
469,w155576276,58.73152135126293,other,7036.542804460303,7818.380893844781,8795.678505575379,nr1,-17685.788219708516,-54255.65434506263,-36569.86612535411,0.07531097523746716
470,w159548666,1258.4072781499474,other,45034.07044829587,50037.85605366207,56292.58806036983,nr1,-113189.53849255841,-268564.4434417921,-155374.9049492337,0.07531097523746716
471,w159548667,15669.025621107221,trade,613413.7969842755,681570.8855380839,766767.2462303443,nr2,-1419289.791663709,-2468852.6575678512,-1049562.8659041421,0.06932832767187397
472,w159548669,2256.2803165019486,trade,261494.21083095495,290549.1231455055,326867.76353869366,nr2,-605033.7730193667,-283898.3395494882,321135.43346987845,0.06932832767187397
473,w159548670,188.14899220019578,mfh,23028.989782019133,25587.766424465703,28786.237227523914,r1,-61938.64244712633,-82557.3017643883,-20618.659317261976,0.07531398025075493
474,w159548671,318.3455893772654,other,12677.331192583715,14085.923547315238,15846.663990729643,nr1,-31863.459214803566,-65002.22682603679,-33138.76761123323,0.07531097523746716
475,w159548672,170.00981159284711,ab,21983.144401197525,24425.716001330584,27478.930501496907,r1,-59125.74254527017,-91738.54775070086,-32612.80520543069,0.07531398025075493
476,w159548674,118.95309109317604,trade,10044.893361266411,11160.992623629345,12556.116701583014,nr1,-25247.03701998435,-64345.425499219615,-39098.38847923526,0.07531097523746716
477,w159548675,865.047436706489,mfh,94066.05527670533,104517.83919633925,117582.56909588166,r2,-232892.15068694513,-305343.661092136,-72451.51040519087,0.06932832767187397
478,w159548677,106.67055884185247,other,5052.772241354683,5614.191379282981,6315.965301693353,nr1,-12699.739384286295,-43469.02717328653,-30769.287789000235,0.07531097523746716
479,w159872586,633.9711885744706,mfh,61528.304105702184,68364.7823396691,76910.38013212773,r2,-152334.00645052828,-194988.7397444978,-42654.73329396953,0.06932832767187397
480,w159872589,1091.462102752924,mfh,104981.15974855874,116645.73305395416,131226.4496856984,r2,-259916.16214299,-307777.8123762327,-47861.65023324269,0.06932832767187397
481,w159872591,2692.1037788091226,mfh,238842.17683578568,265380.1964842063,298552.7210447321,r2,-591334.1223293834,-621689.1510217579,-30355.02869237447,0.06932832767187397
482,w159872593,436.90541737405584,mfh,41771.57313857874,46412.85904286526,52214.46642322342,r1,-112348.59008468274,-128591.12134135138,-16242.531256668633,0.07531398025075493
483,w159872596,218.88012801047884,mfh,23926.839112240952,26585.376791378836,29908.54889030119,r1,-64353.49299690694,-91291.35820171397,-26937.86520480703,0.07531398025075493
484,w159872599,487.8712977081537,mfh,46825.5540892305,52028.39343247833,58531.94261153812,r1,-125941.74905518278,-144992.0664898398,-19050.31743465703,0.07531398025075493
485,w159872601,629.8896718598901,mfh,59138.13100415723,65709.03444906359,73922.66375519653,r2,-146416.3292130228,-179133.90970088184,-32717.580487859028,0.06932832767187397
486,w159872603,453.131132603623,mfh,41977.27905722256,46641.42117469173,52471.59882152819,r1,-112901.85557590656,-126190.94211684157,-13289.086540935008,0.07531398025075493
487,w159872608,317.054659525305,mfh,36148.8017943321,40165.33532703567,45186.00224291513,r1,-97225.61564465046,-127784.62184275532,-30559.006198104864,0.07531398025075493
488,w159872611,474.9952949794941,mfh,49392.47210315651,54880.52455906279,61740.59012894564,r1,-132845.71742551008,-162745.95827182656,-29900.240846316476,0.07531398025075493
489,w159872613,461.6615135567263,mfh,49483.41463924298,54981.57182138109,61854.26829905373,r1,-133090.31596323202,-173983.3164553017,-40893.000492069696,0.07531398025075493
490,w159872615,129.00588214695452,mfh,16719.873106670097,18577.636785188995,20899.841383337618,r1,-44969.67743343897,-68587.41748949583,-23617.740056056857,0.07531398025075493
491,w159872617,185.93316667452453,mfh,23274.884584316744,25860.98287146305,29093.605730395928,r1,-62599.999735625825,-80530.64406800133,-17930.64433237551,0.07531398025075493
492,w159872620,129.2747205838561,mfh,17497.094806705965,19441.216451895518,21871.368508382457,r1,-47060.088582010365,-62006.90329328153,-14946.814711271167,0.07531398025075493
493,w159872622,447.3657494872576,mfh,46366.44062561429,51518.26736179365,57958.05078201786,r1,-124706.92004467233,-164495.35401971647,-39788.43397504414,0.07531398025075493
494,w159872625,238.36158968657256,mfh,25116.058872769172,27906.732080854636,31395.073590961463,r1,-67552.01183058706,-91881.83498788925,-24329.82315730219,0.07531398025075493
495,w159872628,167.04002443812786,mfh,19006.772350224233,21118.635944693593,23758.46543778029,r1,-51120.508881099806,-82303.26654018313,-31182.757659083327,0.07531398025075493
496,w159872630,195.52493976540862,mfh,18074.7621351929,20083.069039103222,22593.452668991125,r1,-48613.77940610702,-58233.29136296656,-9619.51195685954,0.07531398025075493
497,w159872632,133.65780365467072,th,16477.88462317202,18308.760692413354,20597.355778965022,r1,-44318.82655819074,-20794.61504576434,23524.2115124264,0.07531398025075493
498,w159872635,49.369007284846155,th,6739.6868476192685,7488.540941799187,8424.608559524086,r1,-18127.02414702661,-46084.99269554722,-27957.96854852061,0.07531398025075493
499,w159872640,133.91130499513818,mfh,16908.877072954834,18787.64119217204,21136.09634119354,r1,-45478.0214467721,-61701.051615792596,-16223.030169020494,0.07531398025075493
500,w159872643,87.82295271442271,other,9591.78852868142,10657.542809646022,11989.735660851775,nr1,-24108.194219888675,-56378.220380677514,-32270.02616078884,0.07531097523746716
501,w159872648,133.79360626488923,mfh,16965.31316645674,18850.347962729713,21206.641458070924,r1,-45629.811649017814,-68793.23842977836,-23163.426780760543,0.07531398025075493
502,w159872651,467.48304517045614,other,34799.30109969496,38665.890110772176,43499.126374618696,nr1,-87465.26334678916,-196439.93349282874,-108974.67014603959,0.07531097523746716
503,w159872654,134.11286987382917,mfh,15572.749109392586,17303.054565991763,19465.93638674073,r1,-41884.37912976061,-53412.96217944874,-11528.583049688132,0.07531398025075493
504,w159872660,131.42538360562176,mfh,16010.967487406166,17789.96387489574,20013.709359257708,r1,-43063.008834600536,-56057.146455224974,-12994.137620624439,0.07531398025075493
505,w159872663,509.8066861014813,other,40789.69983623175,45321.88870692417,50987.12479528969,nr1,-102521.65202374612,-48105.9538745456,54415.69814920052,0.07531097523746716
506,w159872669,96.41428965386004,other,6140.942525975589,6823.26947330621,7676.178157469486,nr1,-15434.768465412073,-50914.65893995192,-35479.89047453985,0.07531097523746716
507,w159872671,385.8471666022902,mfh,41085.27500261371,45650.30555845967,51356.59375326713,r1,-110502.72644680586,-128626.23773445397,-18123.511287648114,0.07531398025075493
508,w159872676,450.3884779855609,trade,21572.307796555673,23969.230885061857,26965.38474569459,nr1,-54220.272327258725,-122315.61758842786,-68095.34526116913,0.07531097523746716
509,w159872680,74.82275880910456,trade,6347.627257792996,7052.919175325551,7934.534072241245,nr1,-15954.254027676094,-46226.34241757286,-30272.088389896766,0.07531097523746716
510,w159872682,128.20031198486686,mfh,17098.113549140475,18997.903943489415,21372.641936425593,r1,-45986.99081743759,-73800.09787555778,-27813.107058120193,0.07531398025075493
511,w159872688,74.73616111706941,trade,5317.786693607912,5908.651881786568,6647.23336700989,nr1,-13365.83203915392,-38431.33463518828,-25065.50259603436,0.07531097523746716
512,w159872690,271.2794532585889,mfh,37662.36732773164,41847.07480859071,47077.95915966455,r1,-101296.49305963484,-129918.01326938639,-28621.520209751543,0.07531398025075493
513,w159872699,406.91918786983007,mfh,43877.34349126553,48752.60387918392,54846.67936408191,r1,-118012.25827792082,-128518.9324114541,-10506.674133533277,0.07531398025075493
514,w159872700,406.7131608505966,mfh,40678.93594210743,45198.8177134527,50848.66992763429,r1,-109409.83917649015,-123630.7938031333,-14220.954626643157,0.07531398025075493
515,w159872708,435.5580747295171,mfh,46872.894326570284,52080.9936961892,58591.11790821285,r1,-126069.07509343742,-162380.2567929472,-36311.18169950979,0.07531398025075493
516,w159872710,142.59727319749075,mfh,15785.244708098155,17539.160786775727,19731.555885122692,r1,-42455.90610660128,-61311.51732284706,-18855.61121624578,0.07531398025075493
517,w159872717,364.7500545413,mfh,42624.77941045999,47360.86601162221,53280.97426307498,r1,-114643.36891379842,-133117.78960591025,-18474.42069211183,0.07531398025075493
518,w159872718,186.0198295045644,mfh,25865.705318047403,28739.672575608223,32332.131647559254,r1,-69568.25672779488,-99846.68938222753,-30278.432654432647,0.07531398025075493
519,w159872719,169.79583046399057,mfh,20853.61252597942,23170.680584421578,26067.015657474276,r1,-56087.759914942544,-91598.45895117978,-35510.69903623724,0.07531398025075493
520,w159872726,172.48843573874328,mfh,18695.70090016346,20773.001000181623,23369.626125204326,r1,-50283.85284437399,-71600.62315745927,-21316.770313085275,0.07531398025075493
521,w159872727,172.59632431017235,mfh,21043.444879268325,23381.60542140925,26304.306099085406,r1,-56598.331953340814,-26556.220383154305,30042.11157018651,0.07531398025075493
522,w159872732,140.4957689295523,mfh,18976.199229647278,21084.665810719198,23720.249037059097,r1,-51038.27958655266,-78351.75884721178,-27313.47926065912,0.07531398025075493
523,w159872736,118.37831126665697,mfh,14679.616639748732,16310.68515527637,18349.520799685914,r1,-39482.215021876786,-57857.062650692045,-18374.84762881526,0.07531398025075493
524,w159872737,187.97203346798193,mfh,24944.26660849226,27715.85178721362,31180.333260615324,r1,-67089.96031495617,-96179.3691098936,-29089.408794937422,0.07531398025075493
525,w159872743,753.6066189933568,other,31827.00488865078,35363.33876516753,39783.75611081347,nr1,-79994.63426435846,-186122.56591033214,-106127.93164597367,0.07531097523746716
526,w159872746,394.377677144669,mfh,44537.18740147157,49485.76377941285,55671.484251839465,r1,-119786.9707777751,-56204.64570629968,63582.325071475425,0.07531398025075493
527,w159872748,575.8923149108887,trade,55207.313642999135,61341.45960333237,69009.14205374892,nr2,-127736.24764213426,-59937.32948974297,67798.91815239128,0.06932832767187397
528,w159872750,127.08080641776323,mfh,17865.116812482014,19850.129791646683,22331.396015602517,r1,-48049.91851568096,-127554.2723366498,-79504.35382096883,0.07531398025075493
529,w159872753,434.5401292324066,other,25725.96143987,28584.401599855555,32157.451799837498,nr1,-64660.14894210898,-146665.55130965236,-82005.40236754339,0.07531097523746716
530,w159872756,252.43327465518377,mfh,33635.93448393886,37373.260537709844,42044.91810492357,r1,-90467.02174501512,-120636.70569749057,-30169.683952475447,0.07531398025075493
531,w159872759,386.07803563163617,mfh,40885.04737063046,45427.83041181162,51106.30921328808,r1,-109964.19532482291,-138068.26833886595,-28104.07301404304,0.07531398025075493
532,w159872763,1345.7076428122818,trade,70170.62199602295,77967.35777335883,87713.27749502868,nr2,-162357.69062136256,-292940.0631332206,-130582.37251185803,0.06932832767187397
533,w159872767,486.0339612279087,mfh,45082.85482234876,50092.060913720845,56353.568527935946,r1,-121254.59482888077,-131621.59897254704,-10367.004143666272,0.07531398025075493
534,w159872769,563.4171857964247,other,35443.64525157622,39381.82805730691,44304.55656447027,nr1,-89084.7708986449,-190795.38235083615,-101710.61145219125,0.07531097523746716
535,w159872774,2747.8572637828997,other,119011.47723873041,132234.97470970044,148764.346548413,nr2,-275363.5075803127,-556082.5750338229,-280719.0674535102,0.06932832767187397
536,w159872776,80.53474041707815,sfh,12444.034937831644,13826.705486479605,15555.043672289554,r1,-33469.406947920535,-58556.967432291975,-25087.56048437144,0.07531398025075493
537,w159872779,530.1892838459462,trade,41088.84380523203,45654.270894702255,51361.054756540034,nr1,-103273.52649249638,-200352.79011760332,-97079.26362510693,0.07531097523746716
538,w159872782,386.9254036822822,mfh,34779.397511211064,38643.77501245674,43474.246889013826,r1,-93542.47352419047,-102680.65072006182,-9138.17719587135,0.07531398025075493
539,w159872787,649.6997715241275,sfh,73844.5187104147,82049.46523379411,92305.64838801838,r2,-182826.9371807041,-211890.72893809536,-29063.79175739127,0.06932832767187397
540,w159872789,103.62989482581615,mfh,13622.502345110554,15136.113716789503,17028.12793138819,r1,-36639.00631228485,-56640.764974800106,-20001.758662515254,0.07531398025075493
541,w159872791,7102.280937734339,other,341045.9633446604,378939.9592718449,426307.4541808255,nr2,-789097.1097208632,-1277217.2387433718,-488120.1290225086,0.06932832767187397
542,w159872796,295.65545302389654,other,14692.2812732514,16324.756970279332,18365.35159156425,nr1,-36927.87527681977,-89675.50779758145,-52747.63252076168,0.07531097523746716
543,w159872797,3172.659030787088,other,124134.27925297005,137926.9769477445,155167.84906621257,nr2,-287216.4209632032,-613200.4011459395,-325983.9801827363,0.06932832767187397
544,w159872802,393.79842739673325,mfh,39710.81716874246,44123.130187491624,49638.521460928074,r1,-106805.99232444013,-119881.08011375843,-13075.087789318306,0.07531398025075493
545,w159872803,469.9664310747758,mfh,46940.21759095484,52155.79732328315,58675.271988693545,r1,-126250.14736975342,-59237.20048359095,67012.94688616248,0.07531398025075493
546,w159872804,664.4021281981841,mfh,71285.2107419375,79205.78971326388,89106.51342742186,r2,-176490.50970646195,-82810.2297283937,93680.27997806825,0.06932832767187397
547,w159872808,295.65545226749964,other,15824.74835213696,17583.053724596622,19780.935440171197,nr1,-39774.240811648364,-90466.15160399856,-50691.910792350194,0.07531097523746716
548,w159872809,678.8678823016584,other,34505.649287262946,38339.61031918105,43132.06160907868,nr1,-86727.19297482833,-190595.2868111142,-103868.09383628587,0.07531097523746716
549,w159872812,337.05531151816245,mfh,38041.70913462511,42268.56570513901,47552.136418281385,r1,-102316.76866724167,-128082.55537863102,-25765.786711389344,0.07531398025075493
550,w159872814,765.4437305399682,mfh,79399.36095195425,88221.51216883806,99249.2011899428,r2,-196579.81703256286,-230198.58759449795,-33618.77056193509,0.06932832767187397
551,w159872815,1229.117813373683,mfh,149792.9605537908,166436.62283754532,187241.2006922385,r2,-370862.8435466689,-478920.40943070245,-108057.56588403357,0.06932832767187397
552,w159872820,336.8380303993821,mfh,38637.43829336847,42930.48699263163,48296.797866710585,r1,-103919.03848923548,-141139.38814104954,-37220.34965181406,0.07531398025075493
553,w159872826,1791.1392054180615,th,178358.86709907744,198176.51899897493,222948.5838738468,r2,-441587.3508313025,-520146.63194223406,-78559.28111093154,0.06932832767187397
554,w159872827,157.03123329076917,th,22144.882072210334,24605.424524678147,27681.102590262915,r1,-59560.751282948935,-89374.97227525312,-29814.22099230419,0.07531398025075493
555,w159872832,35.670331929810345,sfh,3676.201183569743,4084.667981744159,4595.251479462178,r0,-12132.684475213064,-28270.227736751334,-16137.54326153827,0.0924158447618434
556,w159872833,162.84196072258055,mfh,21239.15922568886,23599.065806320956,26548.949032111075,r1,-57124.72416765232,-80937.12868506121,-23812.40451740889,0.07531398025075493
557,w159872834,33.79703346360475,sfh,4555.214293213258,5061.349214681398,5694.017866516572,r0,-15033.719586279723,-33480.086844634585,-18446.36725835486,0.0924158447618434
558,w159872835,42.916394099872555,th,6704.477568681241,7449.419520756934,8380.59696085155,r1,-18032.32546681501,-30595.525472200494,-12563.200005385483,0.07531398025075493
559,w159872839,58.88304680213332,other,5318.843004436388,5909.8255604848755,6648.553755545484,nr1,-13368.486992037144,-41611.31833230591,-28242.83134026877,0.07531097523746716
560,w159872840,318.65718863122163,other,26659.24765591642,29621.386284351578,33324.05956989552,nr1,-67005.88928989843,-137765.2723116137,-70759.38302171526,0.07531097523746716
561,w159872842,48.8293092939537,other,2375.76436505535,2639.7381833948334,2969.7054563191873,nr0,-7321.810889525649,-17453.212328595197,-10131.401439069548,0.092343924777156
562,w159872843,143.51003436879253,mfh,19080.71500207315,21200.794446747943,23850.893752591437,r1,-51319.38462501273,-84578.00926875381,-33258.62464374108,0.07531398025075493
563,w159872845,162.83680398128925,mfh,21498.13375395689,23886.81528217432,26872.667192446108,r1,-57821.26061415468,-89522.45090626954,-31701.190292114865,0.07531398025075493
564,w159872848,156.42925329236314,mfh,21291.72814453538,23657.47571615042,26614.660180669223,r1,-57266.113238518505,-26869.546701526106,30396.5665369924,0.07531398025075493
565,w159872851,167.48750086340587,mfh,20694.65294755158,22994.058830612867,25868.316184439474,r1,-55660.22311958232,-84135.78872673816,-28475.56560715584,0.07531398025075493
566,w159872853,143.46053532976657,th,18641.830787650975,20713.145319612195,23302.288484563716,r1,-50138.96409028273,-23525.452680518687,26613.511409764043,0.07531398025075493
567,w159872855,768.5454076524824,other,30902.518900127714,34336.13211125301,38628.14862515964,nr1,-77671.01258543643,-168635.67803117385,-90964.66544573742,0.07531097523746716
568,w159872857,315.41669200100006,mfh,33248.68266430212,36942.98073811347,41560.85333037765,r1,-89425.47141126113,-117189.17521375514,-27763.703802494012,0.07531398025075493
569,w159872858,136.24142913175746,other,12600.205042488164,14000.227824986849,15750.256303110204,nr1,-31669.608797816585,-85237.66957552759,-53568.060777711,0.07531097523746716
570,w159872860,131.01957194106652,other,10778.366395040914,11975.96266115657,13472.957993801141,nr1,-27090.56289635368,-61531.16458477653,-34440.60168842285,0.07531097523746716
571,w159872862,156.42902136784977,mfh,20547.76308719318,22830.847874659088,25684.703858991474,r1,-55265.14897060897,-68649.62518005713,-13384.476209448163,0.07531398025075493
572,w159872865,158.90607472276315,mfh,21250.92912058293,23612.143467314363,26563.66140072866,r1,-57156.38041129933,-26818.05951025514,30338.32090104419,0.07531398025075493
573,w159872867,192.56274920739233,mfh,23626.608294376343,26251.78699375149,29533.260367970426,r1,-63545.993864059885,-84291.48456195419,-20745.490697894304,0.07531398025075493
574,w159872868,54.98272090442479,other,4338.732794656411,4820.814216284901,5423.415993320514,nr0,-13371.435942855911,-30927.160798810495,-17555.724855954584,0.092343924777156
575,w159872870,315.09365436807275,mfh,33572.70898486998,37303.00998318887,41965.886231087476,r1,-90296.97079543216,-116941.53313984416,-26644.562344412,0.07531398025075493
576,w159872874,56.548262861557305,th,6258.9085433516675,6954.342825946297,7823.635679189584,r1,-16833.925501960657,-45674.76879887197,-28840.843296911313,0.07531398025075493
577,w159872876,86.08918008172186,other,7937.8236826816055,8819.804091868451,9922.279603352006,nr1,-19951.08570764406,-51968.242750293335,-32017.157042649276,0.07531097523746716
578,w159872878,413.8979488207959,mfh,49390.03592714167,54877.81769682407,61737.544908927084,r1,-132839.16510009117,-173148.610801985,-40309.44570189383,0.07531398025075493
579,w159872879,205.3686287334189,mfh,25436.2263636754,28262.47373741711,31795.282954594248,r1,-68413.13252802718,-98505.71374553166,-30092.58121750447,0.07531398025075493
580,w159872883,329.8948070596903,th,38258.33027645758,42509.25586273064,47822.91284557197,r1,-102899.39168186154,-159223.870331669,-56324.47864980745,0.07531398025075493
581,w159872884,900.053558271192,other,37831.76819712391,42035.297996804344,47289.71024640488,nr1,-95087.12714535324,-234987.2237114855,-139900.09656613227,0.07531097523746716
582,w159872887,1008.3728146322071,other,88407.21114906944,98230.23461007715,110509.01393633679,nr2,-204552.7063626657,-362146.67432673636,-157593.96796407067,0.06932832767187397
583,w159872892,458.9937253634445,other,39649.09661200691,44054.55179111879,49561.370765008636,nr1,-99654.83693756911,-206162.3983841648,-106507.56144659568,0.07531097523746716
584,w159872895,353.7920229201671,th,49227.57275316536,54697.30305907262,61534.4659414567,r1,-132402.20505368907,-162898.94064000345,-30496.735586314375,0.07531398025075493
585,w159872899,2008.66189844124,other,87830.35072413228,97589.2785823692,109787.93840516535,nr2,-203217.99215122598,-402297.6429177564,-199079.65076653042,0.06932832767187397
587,w160025355,131.5437356668757,ab,15822.357973565722,17580.397748406358,19777.94746695715,r1,-42555.72573836107,-83978.03518404569,-41422.309445684616,0.07531398025075493
588,w160025360,102.43726858533918,mfh,14598.10513130861,16220.116812565122,18247.63141413576,r1,-39262.98212350013,-60958.89571381979,-21695.91359031966,0.07531398025075493
589,w160025362,106.2412323884666,mfh,12893.32495058692,14325.916611763245,16116.65618823365,r1,-34677.81485979699,-68550.76389759709,-33872.9490378001,0.07531398025075493
590,w160025367,104.2175793532282,mfh,14296.527182761089,15885.030203067876,17870.65897845136,r1,-38451.85975548346,-58088.02223078851,-19636.16247530505,0.07531398025075493
591,w160025369,103.97346241511406,mfh,13712.751918131698,15236.391020146331,17140.939897664623,r1,-36881.74106041206,-57027.371597158606,-20145.630536746547,0.07531398025075493
592,w160025373,103.9182820610702,mfh,12692.477684318626,14102.75298257625,15865.597105398283,r1,-34137.61717289767,-51102.24442349131,-16964.627250593643,0.07531398025075493
593,w160025375,104.46434533819556,mfh,15200.83881015165,16889.8209001685,19001.048512689562,r1,-40884.09126367826,-19183.020069536637,21701.071194141623,0.07531398025075493
594,w160025376,101.26918978765606,other,6767.594541506047,7519.5494905622745,8459.493176882557,nr1,-17009.808245899167,-42216.222591759964,-25206.414345860798,0.07531097523746716
595,w160025380,128.15635424628857,th,16535.50385671767,18372.782063019633,20669.379820897087,r1,-44473.798927297794,-74700.66089920845,-30226.861971910657,0.07531398025075493
596,w160025381,64.08582323277369,th,8805.145795153388,9783.495327948209,11006.432243941736,r1,-23682.271009849133,-56491.65132188442,-32809.38031203528,0.07531398025075493
597,w160025384,125.48521707579494,mfh,13228.087159594033,14697.874621771149,16535.10894949254,r1,-35578.189429622515,-56644.41121146311,-21066.2217818406,0.07531398025075493
598,w160025385,125.6767025694251,mfh,12483.801305090501,13870.890338989446,15604.751631363126,r1,-33576.362347457456,-50401.02338822711,-16824.661040769657,0.07531398025075493
599,w160025388,125.67682776004075,mfh,12887.497210468891,14319.441344965435,16109.371513086113,r1,-34662.14060248643,-48487.56595282637,-13825.425350339938,0.07531398025075493
600,w160025389,125.54291224256157,mfh,15947.091501286146,17718.990556984605,19933.864376607682,r1,-42891.20833867366,-66952.74620796199,-24061.537869288324,0.07531398025075493
601,w160025392,101.23846836648882,other,7707.166695034264,8563.51855003807,9633.95836879283,nr1,-19371.347795392467,-49363.77961872453,-29992.431823332066,0.07531097523746716
602,w160025393,241.441205301648,mfh,29760.98461218925,33067.76068021028,37201.23076523656,r1,-80044.97818693276,-116114.83849914443,-36069.86031221168,0.07531398025075493
603,w160025394,520.9474028991534,mfh,62962.95736238052,69958.84151375612,78703.69670297565,r2,-155885.973006955,-73142.47807210838,82743.49493484662,0.06932832767187397
604,w160025395,347.3527018059045,mfh,41270.74084393225,45856.37871548028,51588.42605491531,r1,-111001.55433896786,-191187.56194840927,-80186.00760944141,0.07531398025075493
605,w160025396,362.18757194392384,mfh,37666.70161233902,41851.89068037669,47083.37701542377,r1,-101308.15052733541,-133511.43478571204,-32203.284258376632,0.07531398025075493
606,w160025398,216.67090053744613,mfh,25759.482837806354,28621.647597562616,32199.353547257942,r1,-69282.56133751624,-103449.94984796659,-34167.38851045036,0.07531398025075493
607,w160025399,277.5212213275954,mfh,34672.16062353594,38524.62291503994,43340.20077941992,r1,-93254.04978933613,-43755.266495642325,49498.78329369381,0.07531398025075493
608,w160025402,733.1297983160242,mfh,73752.53405858297,81947.26006509218,92190.66757322871,r2,-182599.1982441423,-235309.95224107217,-52710.75399692988,0.06932832767187397
609,w160025403,118.93753181435167,th,13366.26539456982,14851.405993966466,16707.831743212275,r1,-35949.832839565854,-55499.90568683505,-19550.0728472692,0.07531398025075493
610,w160025405,118.80893169231713,mfh,11413.826109522666,12682.02901058074,14267.282636903332,r1,-30698.563030471545,-39738.109425906136,-9039.54639543459,0.07531398025075493
611,w160025406,118.8714888818562,mfh,12694.703117102687,14105.225685669651,15868.378896378357,r1,-34143.60268449879,-40738.10439413128,-6594.5017096324955,0.07531398025075493
612,w160025409,118.87152101863175,mfh,13545.552141340295,15050.613490378106,16931.94017667537,r1,-36432.04147350235,-55112.42854078325,-18680.3870672809,0.07531398025075493
613,w160025412,678.325670054555,mfh,83112.16289052342,92346.84765613714,103890.20361315427,r2,-205772.10670607456,-96549.30146876717,109222.80523730739,0.06932832767187397
614,w160025415,1309.668819526094,mfh,134843.0872649352,149825.65251659465,168553.85908116898,r2,-333849.4051442922,-402369.6136846738,-68520.20854038157,0.06932832767187397
615,w160025422,678.3786613484378,mfh,78555.95700031816,87284.39666702018,98194.9462503977,r2,-194491.68694550224,-232735.34746843897,-38243.66052293673,0.06932832767187397
616,w160025427,555.729584345687,mfh,68356.5049155554,75951.67212839489,85445.63114444424,r2,-169239.51362047615,-79408.02610487398,89831.48751560217,0.06932832767187397
617,w160025428,926.2977557130158,mfh,100962.61735123128,112180.68594581253,126203.2716890391,r2,-249966.9091548929,-309895.1628327577,-59928.25367786479,0.06932832767187397
618,w160025434,188.0208901744336,mfh,25126.424219116037,27918.249132351153,31408.030273895045,r1,-67579.89040829698,-94133.08922929398,-26553.198820997,0.07531398025075493
619,w160025437,385.6369404070079,mfh,43222.04791881172,48024.497687568575,54027.55989851464,r1,-116249.77896191139,-147416.95864144972,-31167.179679538327,0.07531398025075493
620,w160025438,514.208815998584,mfh,66439.19135967275,73821.32373296973,83048.98919959094,r2,-164492.55919300244,-77180.7313494613,87311.82784354113,0.06932832767187397
621,w160025439,231.99735509790483,mfh,23422.747428464972,26025.274920516636,29278.434285581214,r1,-62997.69081637236,-95856.31087096172,-32858.620054589366,0.07531398025075493
622,w160025441,239.19352681115268,mfh,29974.211052689745,33304.67894743305,37467.76381586218,r1,-80618.47083178796,-37826.58966216207,42791.881169625885,0.07531398025075493
623,w160025442,258.45977183450015,mfh,26407.168715404667,29341.29857267185,33008.96089425583,r1,-71024.57366069412,-92863.93722371264,-21839.363563018516,0.07531398025075493
624,w160025445,358.2598954875022,mfh,37036.861616907394,41152.06846323044,46296.07702113424,r1,-99614.13638927719,-133173.54106604212,-33559.40467676493,0.07531398025075493
625,w160025446,282.03160609211767,mfh,32653.249972380814,36281.3888582009,40816.56246547602,r1,-87823.99896477806,-41207.45949476512,46616.53947001294,0.07531398025075493
626,w160025449,151.84076374266294,mfh,15398.815708212785,17109.79523134754,19248.51963526598,r1,-41416.56882426037,-66076.25317747744,-24659.684353217068,0.07531398025075493
627,w160025451,187.46145662125198,mfh,22242.272514884975,24713.63612764997,27802.840643606218,r1,-59822.69207425979,-85791.65086015308,-25968.958785893294,0.07531398025075493
628,w160025452,105.00601281486452,mfh,13097.326417448377,14552.584908275974,16371.658021810472,r1,-35226.49606701549,-55395.26988868728,-20168.77382167179,0.07531398025075493
629,w160025453,104.94913844838739,mfh,14710.976976171565,16345.52997352396,18388.721220214455,r1,-39566.561607771415,-61299.467781780455,-21732.90617400904,0.07531398025075493
630,w160025454,86.96602670811116,mfh,9958.714429546208,11065.238255051341,12448.393036932759,r1,-26784.902773560476,-59709.51799115493,-32924.61521759445,0.07531398025075493
631,w160025455,103.15431486908346,mfh,14454.34817374303,16060.386859714477,18067.935217178787,r1,-38876.33421240097,-60460.314719580325,-21583.980507179353,0.07531398025075493
632,w160025456,162.83409464433788,mfh,15439.821255317227,17155.356950352474,19299.776569146532,r1,-41526.85711499702,-51519.33488766529,-9992.477772668266,0.07531398025075493
633,w160025457,103.20248084068298,mfh,13888.002639595677,15431.114043995196,17360.003299494594,r1,-37353.094423199764,-56517.61019760554,-19164.51577440578,0.07531398025075493
634,w160025458,101.69107806179672,mfh,14620.583473797502,16245.09274866389,18275.729342246876,r1,-39323.439748059514,-112425.53141596992,-73102.0916679104,0.07531398025075493
635,w160025459,108.44199563004076,mfh,13875.057936342178,15416.731040380198,17343.82242042772,r1,-37318.27842154309,-60210.434191516375,-22892.155769973288,0.07531398025075493
636,w160025462,124.9876569705084,mfh,15710.045915399749,17455.606572666387,19637.557394249685,r1,-42253.65185326713,-67258.51184590024,-25004.859992633108,0.07531398025075493
637,w160025465,103.21026510931551,mfh,13114.320013160435,14571.466681289372,16392.90001645054,r1,-35272.201947241396,-49118.97912045485,-13846.777173213457,0.07531398025075493
638,w160025467,105.14285953305661,mfh,14341.115732538854,15934.573036154281,17926.394665673568,r1,-38571.784870221985,-57778.71711352413,-19206.932243302144,0.07531398025075493
639,w160025469,108.37528205253183,mfh,12119.687617749969,13466.319575277743,15149.60952218746,r1,-32597.04420524789,-53441.01850560072,-20843.974300352827,0.07531398025075493
640,w160025471,48.55004379618913,sfh,6829.869385996844,7588.743762218715,8537.336732496055,r1,-18369.578599150438,-35003.47815695007,-16633.899557799632,0.07531398025075493
641,w160025472,101.69099241122603,mfh,13375.50809475645,14861.6756608405,16719.38511844556,r1,-35974.69195442607,-16879.505363257183,19095.186591168884,0.07531398025075493
642,w160025474,105.6897082787007,mfh,13340.076698786537,14822.307443096151,16675.09587348317,r1,-35879.39586948463,-61632.612913276826,-25753.217043792196,0.07531398025075493
643,w160025476,96.35599186792969,mfh,11760.455718228655,13067.17302025406,14700.569647785818,r1,-31630.856092323127,-14841.355854586984,16789.500237736145,0.07531398025075493
644,w160025477,108.4367577029392,mfh,13789.217767408181,15321.35307489798,17236.522209260227,r1,-37087.403182050155,-52801.70750524975,-15714.304323199598,0.07531398025075493
645,w160025481,105.0061043202877,mfh,13105.966754568803,14562.185282854225,16382.458443211002,r1,-35249.73506953322,-47564.3075247609,-12314.57245522768,0.07531398025075493
646,w160025482,103.2132654029876,mfh,14060.161845670413,15622.402050744902,17575.202307088013,r1,-37816.13286344304,-59814.470838371,-21998.337974927963,0.07531398025075493
647,w160025484,128.51466068420558,mfh,13247.347808026228,14719.275342251365,16559.184760032786,r1,-35629.99276219739,-44102.76752142617,-8472.774759228778,0.07531398025075493
648,w160025486,101.26240085978061,mfh,13302.68360909849,14780.75956566499,16628.354511373112,r1,-35778.823624062476,-52166.95815239279,-16388.134528330316,0.07531398025075493
649,w160025487,105.13472320698202,mfh,14158.708934601254,15731.898816223616,17698.386168251567,r1,-38081.18456407205,-59354.78861924318,-21273.604055171134,0.07531398025075493
650,w160025490,87.12732640933245,mfh,12040.780464448602,13378.644960498446,15050.975580560753,r1,-32384.815965923644,-102268.68060049893,-69883.8646345753,0.07531398025075493
651,w160025492,101.576605540514,mfh,13964.916070301266,15516.57341144585,17456.145087876583,r1,-37559.960357352684,-57217.0882455398,-19657.12788818712,0.07531398025075493
652,w160025494,105.68961535468698,mfh,14285.138779463909,15872.376421626564,17856.423474329884,r1,-38421.229569507246,-58945.122362797614,-20523.892793290368,0.07531398025075493
653,w160025496,100.3227494932711,mfh,13748.271791453237,15275.857546059151,17185.339739316543,r1,-36977.275113544856,-58212.80147051126,-21235.526356966402,0.07531398025075493
654,w160025498,53.38166442215442,th,6600.947610690868,7334.386234100964,8251.184513363583,r1,-17753.871869361137,-44209.27308642033,-26455.401217059196,0.07531398025075493
655,w160025500,108.55102695096282,mfh,13356.061664075802,14840.06851563978,16695.07708009475,r1,-35922.38894295215,-49960.678682987964,-14038.289740035812,0.07531398025075493
656,w160025504,103.15687311664223,mfh,13210.204122827778,14678.004580919753,16512.75515353472,r1,-35530.09131369912,-48917.47846598645,-13387.38715228733,0.07531398025075493
657,w160025505,103.09466042611747,mfh,11999.591279695112,13332.879199661236,14999.48909961889,r1,-32274.033764390562,-51944.762745220054,-19670.72898082949,0.07531398025075493
658,w160025507,85.83866344131528,mfh,11973.740029139291,13304.155587932546,14967.175036424114,r1,-32204.504385110613,-55331.015066602755,-23126.510681492142,0.07531398025075493
659,w160025509,108.27769679883495,mfh,14945.057217444468,16605.61913049385,18681.321521805585,r1,-40196.142518848086,-65395.557242420524,-25199.414723572438,0.07531398025075493
660,w160025513,105.03020258601755,mfh,11679.227174263047,12976.919082514496,14599.03396782881,r1,-31412.384253618562,-45452.726883694006,-14040.342630075444,0.07531398025075493
661,w160025515,104.96566433478147,mfh,13255.429579015141,14728.255087794601,16569.286973768925,r1,-35651.729448363825,-47662.563011031605,-12010.83356266778,0.07531398025075493
662,w160025517,132.51887063886969,mfh,14316.368058185923,15907.07562020658,17895.460072732403,r1,-38505.22366334087,-51033.713802030616,-12528.490138689747,0.07531398025075493
663,w160032048,197.876624872908,mfh,22760.163304132715,25289.070337925237,28450.204130165894,r1,-61215.60825189091,-86773.91939130088,-25558.31113940997,0.07531398025075493
664,w160032049,177.6117346536368,mfh,20420.46582699145,22689.406474434945,25525.582283739313,r1,-54922.7709697168,-117351.0074857417,-62428.2365160249,0.07531398025075493
665,w160032050,605.1206229591743,mfh,68794.57954872533,76438.42172080593,85993.22443590667,r2,-170324.11468278526,-216021.6494803725,-45697.53479758723,0.06932832767187397
666,w160032051,604.9254235289991,mfh,66484.26842234895,73871.4093581655,83105.33552793619,r2,-164604.16261936518,-199575.14916939815,-34970.986550032976,0.06932832767187397
667,w160032052,558.9287057133391,mfh,63671.536875409336,70746.15208378815,79589.42109426166,r2,-157640.29985989426,-213801.0127843227,-56160.71292442843,0.06932832767187397
668,w160032053,914.9869650162756,mfh,118384.96876544278,131538.85418382531,147981.21095680346,r2,-293101.7985572794,-137524.8295939677,155576.9689633117,0.06932832767187397
669,w160032054,558.7663555394857,mfh,60610.35153484233,67344.8350387137,75762.93941855291,r2,-150061.30618870383,-192134.49220377018,-42073.18601506634,0.06932832767187397
670,w160032055,915.1860893286764,mfh,117551.19343225891,130612.43714695434,146938.99179032363,r2,-291037.50735293666,-136556.2538380121,154481.25351492455,0.06932832767187397
671,w160032056,579.5610938113182,mfh,57693.31188162339,64103.67986847043,72116.63985202923,r2,-142839.1936372753,-158957.42608668935,-16118.232449414034,0.06932832767187397
672,w160032057,300.306428108085,mfh,37313.43611538925,41459.37346154361,46641.79514423657,r1,-100358.00961748263,-47088.479971701265,53269.52964578137,0.07531398025075493
673,w160032058,579.3688813976943,mfh,57693.4417204568,64103.82413384089,72116.80215057099,r2,-142839.51509696734,-177135.8970888307,-34296.38199186337,0.06932832767187397
674,w160032059,915.3225905947387,mfh,92194.63134061452,102438.47926734947,115243.28917576815,r2,-228258.8114442061,-107100.17578091189,121158.63566329422,0.06932832767187397
675,w160032060,914.9022733874618,mfh,89683.02969465003,99647.81077183336,112103.78711831254,r2,-222040.49701317254,-246767.73044063477,-24727.233427462226,0.06932832767187397
676,w160032061,434.5004198986106,mfh,54507.02112981529,60563.35681090588,68133.77641226912,r2,-134950.45945234908,-63319.43042029833,71631.02903205075,0.06932832767187397
677,w160032062,579.3681231357157,mfh,63760.568600850966,70845.07622316774,79700.7107510637,r2,-157860.7278342201,-74069.0429121956,83791.6849220245,0.06932832767187397
678,w160032063,157.0142166607082,mfh,21768.76703500984,24187.51892778871,27210.9587937623,r1,-58549.15437710731,-82069.5287720298,-23520.37439492248,0.07531398025075493
679,w160032064,245.02896427586674,mfh,31648.601750868154,35165.11305652017,39560.75218858519,r1,-85121.90271277486,-107586.13986951251,-22464.237156737654,0.07531398025075493
680,w160032065,177.6155174203217,mfh,23633.30432957042,26259.22703285602,29541.630411963022,r1,-63564.00348296305,-92030.78433320289,-28466.780850239833,0.07531398025075493
681,w160032066,915.0334876678884,mfh,90981.15204470573,101090.16893856191,113726.44005588215,r2,-225254.43540008526,-254887.9262443763,-29633.490844291024,0.06932832767187397
682,w160032067,686.1767572972923,mfh,82068.33429355826,91187.03810395363,102585.41786694783,r2,-203187.75801428923,-258413.3981110098,-55225.64009672057,0.06932832767187397
683,w160032068,579.4084268193692,mfh,55797.50842459628,61997.23158288475,69746.88553074535,r2,-138145.49469254952,-157238.65651643227,-19093.16182388275,0.06932832767187397
684,w160032069,582.2339869499207,mfh,56337.525071553566,62597.25007950396,70421.90633944195,r2,-139482.48748922505,-154404.54189033178,-14922.054401106725,0.06932832767187397
685,w160032070,655.6557445708662,mfh,64738.30461673968,71931.4495741552,80922.8807709246,r2,-160281.4421171204,-185870.63913052581,-25589.197013405414,0.06932832767187397
686,w160032071,187.63290931591763,mfh,21296.262178485253,23662.513531650282,26620.327723106566,r1,-57278.30795093633,-80458.4883410858,-23180.18039014947,0.07531398025075493
687,w160032072,300.05888833065984,mfh,31840.051021962732,35377.83446884748,39800.06377745341,r1,-85636.82360428305,-101528.0689389838,-15891.24533470074,0.07531398025075493
688,w160032074,652.9879129000007,mfh,66119.07190804384,73465.63545338204,82648.8398850548,r2,-163699.99584645542,-198209.9597526482,-34509.963906192774,0.06932832767187397
689,w160032075,187.48918503960593,mfh,19824.58853199762,22027.320591108466,24780.73566499702,r1,-53320.10272129017,-83014.67949162971,-29694.57677033954,0.07531398025075493
690,w160032079,410.4375718038529,mfh,56450.435111772305,62722.70567974701,70563.04388971538,r2,-139762.03426115398,-65577.04538177805,74184.98887937593,0.06932832767187397
691,w160032080,367.35827468354256,mfh,37513.62238413698,41681.802649041085,46892.027980171224,r1,-100896.4294891381,-130155.23087767109,-29258.801388532986,0.07531398025075493
692,w160032082,146.62608959153295,mfh,18641.24062010344,20712.48957789271,23301.550775129297,r1,-50137.376778939215,-77304.48446758933,-27167.10768865011,0.07531398025075493
693,w160032083,292.00384606306903,mfh,30643.0030164966,34047.781129440664,38303.75377062075,r1,-82417.24996668895,-100923.83289319504,-18506.58292650609,0.07531398025075493
694,w160032087,547.5336022242903,mfh,60767.66004008141,67519.62226675713,75959.57505010176,r2,-150450.7762903118,-70592.25659293181,79858.51969737999,0.06932832767187397
695,w160032089,324.3052944285795,mfh,36712.527765060455,40791.69751673384,45890.65970632557,r1,-98741.80987069353,-141196.9250448467,-42455.115174153165,0.07531398025075493
696,w160032093,651.9691053661052,mfh,70334.93715781553,78149.93017535059,87918.6714472694,r2,-174137.7879079753,-209219.03764235735,-35081.24973438206,0.06932832767187397
697,w160032096,417.5862662355881,mfh,47555.89860683755,52839.88734093061,59444.87325854694,r1,-127906.07959540488,-167368.34616347894,-39462.26656807406,0.07531398025075493
698,w160032097,55.47504670508206,th,7948.649698139474,8831.832997932748,9935.812122674342,r1,-21378.643885409427,-51366.8437633769,-29988.199877967472,0.07531398025075493
699,w160032099,154.26596265360712,mfh,19916.581628132146,22129.53514236905,24895.727035165182,r1,-53567.52683945662,-71894.66683276025,-18327.13999330363,0.07531398025075493
700,w160032101,417.4909567882307,mfh,46112.95125263289,51236.61250292543,57641.18906579111,r1,-124025.13644122917,-158758.11793765027,-34732.9814964211,0.07531398025075493
701,w160032104,110.95144802480935,th,12429.560392323068,13810.622658136743,15536.950490403835,r1,-33430.47629106904,-56589.81493854015,-23159.338647471108,0.07531398025075493
702,w160032105,152.98637234792113,mfh,20848.956423449432,23165.507137166034,26061.19552931179,r1,-56075.236887552644,-26310.781562450844,29764.4553251018,0.07531398025075493
703,w160032106,115.7174410201609,mfh,13210.000451569256,14677.778279521395,16512.50056446157,r1,-35529.54352061842,-72129.52148641001,-36599.97796579159,0.07531398025075493
704,w160032107,169.80155310891567,th,20257.197734231464,22507.997482479404,25321.49716778933,r1,-54483.646018244515,-25563.99916752078,28919.646850723737,0.07531398025075493
705,w160032108,125.84912734059617,mfh,15892.879065874109,17658.7545176379,19866.098832342635,r1,-42745.39887482146,-65692.32062379163,-22946.92174897017,0.07531398025075493
706,w160032109,117.1162128248019,mfh,12173.84675432335,13526.49639369261,15217.308442904186,r1,-32742.710316840974,-55352.95270230606,-22610.242385465084,0.07531398025075493
707,w160032110,214.96215275530702,mfh,27759.583627761367,30843.98180862374,34699.479534701706,r1,-74662.02126432404,-103881.87804503343,-29219.856780709393,0.07531398025075493
708,w160032111,253.8681676615961,th,29680.37219464188,32978.191327379864,37100.46524330235,r1,-79828.16347840552,-118274.03035186359,-38445.86687345807,0.07531398025075493
709,w160032112,125.84912488418631,th,14784.277193453934,16426.97465939326,18480.346491817418,r1,-39763.70946325808,-59955.340929726735,-20191.631466468658,0.07531398025075493
710,w160032113,105.45346036842092,mfh,13847.210707174945,15385.789674638827,17309.01338396868,r1,-37243.38066932473,-57813.3641707523,-20569.983501427567,0.07531398025075493
711,w160032114,381.28189064939505,mfh,38441.58971886041,42712.87746540045,48051.98714857551,r1,-103392.28525580856,-126356.58042936464,-22964.29517355608,0.07531398025075493
712,w160032115,139.91205219514669,mfh,18194.998750903073,20216.66527878119,22743.748438628838,r1,-48937.16713696353,-71025.31741448872,-22088.150277525187,0.07531398025075493
713,w160032116,192.1807412372902,mfh,25401.90433957016,28224.338155077952,31752.3804244627,r1,-68320.82020346417,-32056.470490628326,36264.34971283584,0.07531398025075493
714,w160032117,302.6253065098543,mfh,38132.472874110405,42369.414304567115,47665.591092638,r1,-102560.88631462252,-48122.08073390022,54438.8055807223,0.07531398025075493
715,w160032118,188.54685349911452,mfh,24193.179771566014,26881.31085729557,30241.474714457516,r1,-65069.841348407266,-94842.66071455558,-29772.81936614831,0.07531398025075493
716,w160032119,301.6826584111899,mfh,37828.96424629396,42032.182495882174,47286.20530786744,r1,-101744.57120241477,-129738.36911380212,-27993.79791138736,0.07531398025075493
717,w160032121,128.1140758719295,mfh,17251.90075647625,19168.778618306944,21564.87594559531,r1,-46400.61603236345,-65327.43422816486,-18926.81819580141,0.07531398025075493
718,w160032123,387.4767547928728,mfh,54442.01474559972,60491.1274951108,68052.51843199965,r2,-134789.51428904,-206343.59904486485,-71554.08475582485,0.06932832767187397
719,w160032125,297.0948597435839,mfh,31398.011390583837,34886.67932287093,39247.51423822979,r1,-84447.91627770921,-109427.81015642818,-24979.89387871897,0.07531398025075493
720,w160032126,464.2806208854541,mfh,50568.14004669606,56186.82227410674,63210.17505837008,r2,-125198.4348346554,-163705.99513298023,-38507.560298324825,0.06932832767187397
721,w160032127,228.89082276217522,mfh,26202.43345212795,29113.81494680883,32753.041815159933,r1,-70473.91883873071,-110502.95886438838,-40029.04002565767,0.07531398025075493
722,w160032128,268.14993185095955,mfh,30473.596445371426,33859.55160596825,38091.99555671428,r1,-81961.61499805005,-165105.96736386936,-83144.35236581932,0.07531398025075493
723,w160032129,100.24086796883493,mfh,13847.774666178364,15386.416295753737,17309.718332722954,r1,-37244.89749031421,-57341.39238863702,-20096.49489832281,0.07531398025075493
724,w160032130,150.2635816658847,mfh,14029.486662093666,15588.318513437407,17536.858327617083,r1,-37733.62906082102,-50582.594840714744,-12848.965779893726,0.07531398025075493
725,w160032131,100.12314690686762,mfh,14135.939899488163,15706.599888320181,17669.924874360204,r1,-38019.94509425228,-58686.2237994082,-20666.27870515592,0.07531398025075493
726,w160032132,257.78643680289383,mfh,32040.0698986087,35600.07766512078,40050.087373260874,r1,-86174.79325907544,-121757.63269395844,-35582.839434883004,0.07531398025075493
727,w160032133,136.6476590367034,mfh,17304.298376071107,19226.998195634562,21630.372970088883,r1,-46541.54437771797,-65062.624079194626,-18521.079701476658,0.07531398025075493
728,w160032134,132.71697852164507,th,15243.003074861019,16936.67008317891,19053.753843576273,r1,-40997.49603482106,-67180.56190120752,-26183.06586638646,0.07531398025075493
729,w160032135,165.9338162511587,mfh,22655.11538553312,25172.350428370133,28318.8942319164,r1,-60933.071956050626,-88338.36912948781,-27405.297173437182,0.07531398025075493
730,w160032136,153.4784858365543,mfh,20651.507489251788,22946.119432501986,25814.384361564735,r1,-55544.179335632456,-91544.29961742282,-36000.12028179036,0.07531398025075493
731,w160032137,244.7570460377261,mfh,31882.694606522888,35425.21622946987,39853.368258153605,r1,-85751.51755142256,-111611.34763396671,-25859.830082544155,0.07531398025075493
732,w160032138,345.56507694348693,mfh,33660.554635708184,37400.61626189798,42075.693294635224,r1,-90533.23996786677,-112555.4661856037,-22022.226217736927,0.07531398025075493
733,w160032139,170.051029805094,mfh,20953.231302739754,23281.36811415528,26191.53912842469,r1,-56355.69402117921,-77912.99033451009,-21557.29631333088,0.07531398025075493
734,w160032140,210.13578363517297,mfh,25061.983224774885,27846.648027527648,31327.479030968607,r1,-67406.57026941054,-105201.54221835702,-37794.97194894648,0.07531398025075493
735,w160032141,252.5825279586017,mfh,26752.030081941455,29724.477868823837,33440.03760242682,r1,-71952.11086827182,-94008.1568288722,-22056.045960600386,0.07531398025075493
736,w160032142,252.46278136584442,mfh,34459.97295454553,38288.858838383916,43074.96619318191,r1,-92683.35101853951,-43487.49177849756,49195.85924004195,0.07531398025075493
737,w160032143,236.73276664549485,mfh,29576.02728282697,32862.25253647441,36970.03410353371,r1,-79547.5179856915,-103214.287968334,-23666.769982642494,0.07531398025075493
738,w160032144,216.15235636769793,mfh,24178.437367510116,26864.93040834457,30223.046709387643,r1,-65030.19026070117,-93111.10763660939,-28080.91737590822,0.07531398025075493
739,w160032145,143.2480424195528,mfh,18000.89068230275,20000.989647003054,22501.113352878438,r1,-48415.09515851639,-22716.604757201796,25698.490401314597,0.07531398025075493
740,w160032146,425.3107569515705,mfh,43179.60460429989,47977.3384492221,53974.50575537486,r1,-116135.62365997664,-151042.0224343889,-34906.39877441226,0.07531398025075493
741,w160032147,237.48158785337583,mfh,32014.72814949744,35571.92016610827,40018.4101868718,r1,-86106.63423203847,-123904.33877769017,-37797.70454565169,0.07531398025075493
742,w160032148,183.97369813346305,th,23560.800292201195,26178.66699133466,29451.000365251493,r1,-63368.99702852919,-89581.02627093779,-26212.029242408593,0.07531398025075493
743,w160032149,343.71558685973287,mfh,34361.6584028396,38179.620447599555,42952.0730035495,r1,-92418.92474873336,-119988.41113901093,-27569.48639027757,0.07531398025075493
744,w160032150,136.78365420317277,mfh,19017.245100468906,21130.27233385434,23771.556375586133,r1,-51148.67633173412,-75966.30802298745,-24817.63169125333,0.07531398025075493
745,w160032151,156.68413198292254,mfh,18994.198311231074,21104.66479025675,23742.74788903884,r1,-51086.689815969934,-92981.21104030061,-41894.521224330674,0.07531398025075493
746,w160032152,131.687454425171,th,16816.435705141692,18684.928561268545,21020.544631427114,r1,-45229.391659599576,-21221.856744798104,24007.534914801472,0.07531398025075493
747,w160032153,131.7784823913127,mfh,14664.81319433541,16294.236882594898,18331.01649291926,r1,-39442.3997576763,-48103.4944700757,-8661.094712399397,0.07531398025075493
748,w160032155,131.65618118494749,mfh,16155.971644692994,17951.079605214436,20194.96455586624,r1,-43453.01120711225,-58761.97599979455,-15308.964792682302,0.07531398025075493
749,w160032156,597.6746075108182,mfh,62825.58869422202,69806.20966024668,78531.98586777752,r2,-155545.87067705154,-217917.3698609596,-62371.49918390805,0.06932832767187397
750,w160032157,145.99030133634804,mfh,18497.65764028637,20552.95293365152,23122.072050357958,r1,-49751.1967974219,-124713.01001827727,-74961.81322085537,0.07531398025075493
751,w160032158,192.3817300193943,mfh,24447.84564861781,27164.27294290868,30559.807060772262,r1,-65754.78927063488,-86863.20769902915,-21108.418428394274,0.07531398025075493
752,w160032159,156.72131929650496,mfh,19753.449044420944,21948.276716023272,24691.81130552618,r1,-53128.766352365994,-69206.43296679252,-16077.666614426525,0.07531398025075493
753,w160032160,462.61881872685626,other,21516.45961733097,23907.177352589966,26895.57452166371,nr1,-54079.90239024956,-106283.51246076981,-52203.61007052025,0.07531097523746716
754,w160032161,876.0951372385025,trade,41598.98809684389,46221.0978853821,51998.73512105486,nr1,-104555.73341621773,-49060.40031304667,55495.333103171055,0.07531097523746716
755,w160032162,197.75498196221892,mfh,21819.024375477275,24243.36041719697,27273.78046934659,r1,-58684.32623966058,-79449.15760966881,-20764.83137000823,0.07531398025075493
756,w160032163,355.37988740094,mfh,43004.925360010486,47783.25040001165,53756.1567000131,r1,-115665.8073390096,-144732.55591792637,-29066.74857891677,0.07531398025075493
757,w160032164,218.83437259588393,mfh,24626.450963512878,27362.723292792085,30783.063704391097,r1,-66235.16512920074,-92840.30813704901,-26605.143007848266,0.07531398025075493
758,w160032165,192.38173281145282,mfh,24614.11645560697,27349.018284007743,30767.645569508713,r1,-66201.99030554687,-85986.78096182321,-19784.79065627634,0.07531398025075493
759,w160032166,5513.669180350005,other,296885.1769801247,329872.41886680527,371106.47122515587,nr2,-686919.8297392814,-1104450.6292262597,-417530.7994869782,0.06932832767187397
760,w160032167,119.51807446111924,mfh,13433.338114289052,14925.931238098947,16791.672642861315,r1,-36130.231252347716,-51436.95757925416,-15306.726326906442,0.07531398025075493
761,w160032168,107.41719602905214,th,13873.999853026246,15415.555392251383,17342.499816282805,r1,-37315.432606559225,-17508.587581864875,19806.84502469435,0.07531398025075493
763,w160032170,37.81535124108195,sfh,4769.791538029326,5299.76837558814,5962.239422536657,r0,-15741.895737941231,-31667.970829493646,-15926.075091552415,0.0924158447618434
764,w160032171,82.13437312801835,th,9646.465808249995,10718.295342499994,12058.082260312494,r1,-25945.080623646852,-41600.69713911212,-15655.616515465266,0.07531398025075493
765,w160032172,100.39566505721304,th,14312.979822175337,15903.310913528152,17891.22477771917,r1,-38496.11068266857,-65163.911084330095,-26667.800401661523,0.07531398025075493
766,w160032173,119.7984774223063,mfh,12295.751901574888,13661.94655730543,15369.689876968609,r1,-33070.58572082299,-44748.64026255194,-11678.054541728947,0.07531398025075493
767,w160032174,119.65868240431882,mfh,13051.979082176204,14502.19898019578,16314.973852720253,r1,-35104.530127044214,-46492.21533283114,-11387.685205786926,0.07531398025075493
768,w160032175,69.26172256879508,th,7386.415528105403,8207.128364561559,9233.019410131752,r1,-19866.461998191455,-41053.87079024647,-21187.408792055012,0.07531398025075493
769,w160032176,103.52918697646818,th,13372.589931875937,14858.433257639928,16715.73741484492,r1,-35966.84327982204,-56909.873212157094,-20943.029932335055,0.07531398025075493
770,w160032177,62.96843930834439,th,7111.322358229594,7901.469286921771,8889.152947786992,r1,-19126.572943141015,-8974.283670961573,10152.289272179441,0.07531398025075493
771,w160032178,300.84989367914386,mfh,31793.30178992664,35325.89087769627,39741.6272374083,r1,-85511.08713059622,-123497.65441743427,-37986.56728683805,0.07531398025075493
772,w160127708,318.335366258584,mfh,40928.439383668316,45476.04375963146,51160.54922958539,r1,-110080.90224102081,-159230.55376305614,-49149.65152203533,0.07531398025075493
773,w160127710,130.057766958978,mfh,19160.41845180246,21289.353835336067,23950.523064753073,r1,-51533.75457876732,-24179.89535262889,27353.859226138433,0.07531398025075493
774,w160127712,149.28690248169005,mfh,19893.976263748034,22104.41807083115,24867.470329685042,r1,-53506.72757751645,-82096.25566885262,-28589.52809133617,0.07531398025075493
775,w160127717,149.4986190713942,mfh,20018.073736971855,22242.30415219095,25022.59217121482,r1,-53840.49944920332,-82262.73633294608,-28422.236883742757,0.07531398025075493
776,w160127718,161.62649620659647,mfh,19998.168014560528,22220.18668284503,24997.710018200658,r1,-53786.961129252784,-81888.54322831814,-28101.58209906536,0.07531398025075493
777,w160127719,242.7560603125021,mfh,26016.569220877962,28907.299134308847,32520.71152609745,r1,-69974.01943923159,-95178.5504832714,-25204.531044039817,0.07531398025075493
778,w164087844,70.24407002975931,other,5531.1032271675895,6145.670252408432,6913.879033959486,nr1,-13901.986105310865,-43663.89774918683,-29761.911643875963,0.07531097523746716
779,w164087850,88.49543042890728,other,9571.515035104732,10635.016705671924,11964.393793880914,nr1,-24057.238413346342,-71412.84574768452,-47355.60733433818,0.07531097523746716
780,w164087857,77.59434223277493,other,5732.685063821826,6369.65007091314,7165.856329777282,nr1,-14408.645948230725,-40922.43663629709,-26513.790688066365,0.07531097523746716
786,w164088149,49.229225591477004,other,5037.637509600219,5597.37501066691,6297.046887000274,nr1,-12661.699445070424,-40930.53739274769,-28268.837947677268,0.07531097523746716
788,w164088153,80.69597001839429,other,6314.859681225849,7016.51075691761,7893.574601532311,nr1,-15871.895341636087,-53805.93019655184,-37934.03485491575,0.07531097523746716
791,w164088159,54.065223559696456,other,5119.410322922457,5688.233692136064,6399.262903653072,nr1,-12867.228878875638,-37396.39988168018,-24529.171002804545,0.07531097523746716
793,w164088169,56.479432658094446,other,4565.7132450906565,5073.014716767396,5707.14155636332,nr0,-14070.961517927062,-40294.727232711055,-26223.765714783993,0.092343924777156
795,w164088175,32.08830586867407,other,2825.594723491785,3139.54969276865,3531.993404364731,nr0,-8708.13222058172,-25658.960669388078,-16950.82844880636,0.092343924777156
799,w164088182,35.81288355943252,other,2845.4381235960636,3161.597915106737,3556.7976544950793,nr0,-8769.287116709365,-26087.91118055046,-17318.624063841096,0.092343924777156
800,w359788107,586.4023264580406,other,46109.15580262688,51232.39533625209,57636.4447532836,nr1,-115891.67964669969,-216580.87734204205,-100689.19769534236,0.07531097523746716
801,w377595955,68.13203878551721,other,5269.498540512313,5854.998378347015,6586.873175640391,nr1,-13244.463623882113,-6214.663377020063,7029.80024686205,0.07531097523746716
802,w377595956,85.03076633159071,other,6722.920315991011,7469.911462212234,8403.650394988763,nr1,-16897.523148899883,-47441.16713689003,-30543.643987990145,0.07531097523746716
805,w377595969,38.68702136902139,other,3090.1691164444,3433.521240493778,3862.7113955555,nr0,-9523.517660275762,-25880.15557677752,-16356.637916501759,0.092343924777156
814,w377595984,35.49371746703982,other,2841.029831970761,3156.699813300845,3551.287289963451,nr0,-8755.701309084207,-21439.274779282194,-12683.573470197987,0.092343924777156
818,w377595990,36.364706988167015,other,2791.57936980043,3101.754855333811,3489.474212250537,nr0,-8603.301122543668,-20223.559891144225,-11620.258768600557,0.092343924777156
819,w377595993,54.98309161569923,other,4220.0307815631595,4688.923090625733,5275.038476953949,nr0,-13005.611071981337,-29996.84079772651,-16991.229725745172,0.092343924777156
823,w377596001,68.93592455182224,other,4836.798385703419,5374.220428559354,6045.997982129273,nr0,-14906.412273785536,-34898.413608236384,-19992.001334450848,0.092343924777156
825,w377596004,35.535723760165276,other,2630.7606042728767,2923.067338080974,3288.450755341096,nr0,-8107.677648263514,-22820.775265075325,-14713.09761681181,0.092343924777156
827,w377596008,41.66994294051546,other,3243.63691899437,3604.041021104855,4054.546148742962,nr0,-9996.486379071983,-26158.699303539517,-16162.212924467534,0.092343924777156
831,w377596012,33.714099188242116,other,2925.7385905314077,3250.8206561460083,3657.1732381642596,nr0,-9016.763188785015,-23801.239065320235,-14784.47587653522,0.092343924777156
836,w377596021,41.97082374822348,other,3488.321395519886,3875.9126616887625,4360.401744399857,nr0,-10750.573565105124,-25202.32212965504,-14451.748564549916,0.092343924777156
838,w377596023,32.13139781658538,other,2490.0711216668888,2766.7456907409874,3112.5889020836107,nr0,-7674.0901254696655,-21626.417184064932,-13952.327058595267,0.092343924777156
844,w377596038,30.39147779517807,other,2398.685899783123,2665.2065553145812,2998.357374728904,nr0,-7392.452214500037,-3468.740097634714,3923.7121168653234,0.092343924777156
847,w377596043,50.74534401865676,other,3919.317771017566,4354.797523352851,4899.1472137719575,nr0,-12078.850898447265,-28265.485642407286,-16186.634743960021,0.092343924777156
848,w377596044,31.44567816138733,other,2904.869813374752,3227.633125971947,3631.08726671844,nr0,-8952.44820785334,-21635.334123215893,-12682.885915362553,0.092343924777156
861,w377596072,32.00744857888203,other,2718.9974702297686,3021.108300255298,3398.7468377872106,nr0,-8379.612717045362,-23022.164536089458,-14642.551819044096,0.092343924777156
863,w377596074,30.798605113010854,other,2855.316162411527,3172.5735137905854,3569.1452030144083,nr0,-8799.730006261054,-23375.29644147268,-14575.566435211627,0.092343924777156
877,w377596096,31.32093481458723,other,2660.043472138398,2955.603857931553,3325.0543401729974,nr0,-8197.923812389863,-20147.436758529395,-11949.512946139532,0.092343924777156
882,w377596101,34.10184732507914,other,2734.2308274665847,3038.0342527406497,3417.788534333231,nr0,-8426.560033261192,-21814.498071431186,-13387.938038169994,0.092343924777156
886,w377596106,35.077698366669935,other,2779.2898943774467,3088.099882641607,3474.112367971808,nr0,-8565.42648467887,-21490.536052045838,-12925.109567366968,0.092343924777156
893,w377596115,40.14825235735625,other,3192.6172371227067,3547.352485691896,3990.771546403383,nr0,-9839.250052185927,-26253.33870602105,-16414.088653835126,0.092343924777156
895,w377596117,32.339281557500364,other,2797.665055321845,3108.5167281353833,3497.081319152306,nr0,-8622.056449955899,-22456.26357122052,-13834.20712126462,0.092343924777156
899,w377596123,32.752713098051025,other,2913.410473739367,3237.1227485992963,3641.7630921742084,nr0,-8978.76946301701,-24497.840275489467,-15519.070812472457,0.092343924777156
901,w377596125,37.63718191203661,other,2922.0877489035165,3246.7641654483514,3652.6096861293954,nr0,-9005.511748036004,-23469.541536321314,-14464.02978828531,0.092343924777156
909,w377596135,73.15242530554532,other,5088.204744337678,5653.560827041864,6360.255930422097,nr1,-12788.796149982969,-34356.32068888905,-21567.52453890608,0.07531097523746716
916,w377596142,40.572792674647644,other,3113.8461841117532,3459.8290934575034,3892.3077301396916,nr0,-9596.487443992011,-25637.851337437663,-16041.363893445652,0.092343924777156
917,w377596143,37.61386710904771,other,2745.329396719578,3050.3659963550867,3431.6617458994724,nr0,-8460.764446127208,-23038.093476133745,-14577.329030006536,0.092343924777156
918,w377596145,32.806498026452026,other,2693.449218590027,2992.721353988919,3366.811523237534,nr0,-8300.876176580481,-19936.99134733556,-11636.115170755078,0.092343924777156
919,w377596147,34.850180151499806,other,2595.9189583634725,2884.354398181636,3244.8986979543406,nr0,-8000.300020170112,-3753.958858014575,4246.341162155537,0.092343924777156
929,w377596159,36.51154847629368,other,2488.2164818409556,2764.684979823284,3110.2706023011942,nr0,-7668.374355726924,-21170.189552411754,-13501.81519668483,0.092343924777156
931,w377596161,32.13265920560807,other,2649.7963962137605,2944.2182180152895,3312.2454952672006,nr0,-8166.343596273163,-22044.996364863768,-13878.652768590604,0.092343924777156
934,w377596166,38.724472055921794,other,2981.905002903568,3313.227781003964,3727.38125362946,nr0,-9189.86110025339,-4312.133344280035,4877.727755973356,0.092343924777156
935,w377596167,41.94859704792034,other,3114.8432704850466,3460.9369672056073,3893.554088106308,nr0,-9599.56034043459,-27230.95124072761,-17631.39090029302,0.092343924777156
936,w377596168,31.29673577034846,other,2563.979256552608,2848.865840614009,3204.97407069076,nr0,-7901.865823594586,-20838.75914083636,-12936.893317241773,0.092343924777156
937,w377596169,36.7579496475868,other,3082.2442820121273,3424.7158689023636,3852.805352515159,nr0,-9499.094304198294,-22826.852384979204,-13327.75808078091,0.092343924777156
940,w379327852,945.496160332486,other,38030.77627777757,42256.41808641952,47538.47034722196,nr1,-95587.31805817201,-266588.21264101064,-171000.89458283863,0.07531097523746716
941,w379327862,94.51021252730861,other,9084.066665311519,10093.407405901688,11355.083331639398,nr1,-22832.075876036073,-63639.35797754235,-40807.28210150628,0.07531097523746716
942,w387435839,3594.435384737421,other,196483.33588232234,218314.8176470248,245604.1698529029,nr2,-454614.4775693079,-804452.1545913465,-349837.6770220386,0.06932832767187397
943,w387435840,942.2609318409114,other,56823.35165188755,63137.05739098616,71029.18956485944,nr2,-131475.36511916533,-295810.9657648995,-164335.60064573417,0.06932832767187397
944,w390787314,132.5826213063672,other,9844.203167691367,10938.003519657073,12305.253959614207,nr1,-24742.61825071449,-55896.893691866455,-31154.275441151964,0.07531097523746716
945,w390787315,330.5195846647024,other,28537.57339615315,31708.414884614613,35671.966745191436,nr1,-71726.91098657552,-136807.00916971613,-65080.09818314061,0.07531097523746716
946,w390787316,150.59577141329646,other,12304.720854223664,13671.912060248515,15380.90106777958,nr1,-30926.93289558149,-14511.759984236423,16415.172911345064,0.07531097523746716
947,w390789514,104.66224040389062,trade,10397.319493968453,11552.577215520503,12996.649367460564,nr1,-26132.831950714866,-121370.77212401225,-95237.94017329738,0.07531097523746716
948,w390789515,335.6007874913513,trade,25636.797863414322,28485.330959349245,32045.997329267902,nr1,-64436.043415584296,-100111.2977542724,-35675.2543386881,0.07531097523746716
949,w390790006,38.98714106846601,trade,2776.3285059702725,3084.8094510780807,3470.4106324628406,nr0,-8556.299853180106,-39141.4764012556,-30585.17654807549,0.092343924777156
950,w390793102,268.1788772383239,sfh,30059.790808766775,33399.76756529642,37574.738510958465,r1,-80848.64566631353,-105348.75899410584,-24500.113327792307,0.07531398025075493
951,w390793103,629.0808588726446,th,87553.79058492262,97281.98953880291,109442.23823115327,r2,-216768.8496146239,-289896.2879817068,-73127.43836708288,0.06932832767187397
952,w390793104,761.76513240356,mfh,80676.55852455663,89640.6205828407,100845.69815569579,r2,-199741.94909668033,-238316.0142591971,-38574.06516251678,0.06932832767187397
953,w390793105,324.12222724705936,th,47118.253767594215,52353.615297326905,58897.817209492765,r1,-126728.9924772418,-191691.08222965128,-64962.089752409476,0.07531398025075493
954,w390793106,1475.9963392082602,mfh,145242.0290743921,161380.03230488012,181552.53634299012,r2,-359595.48236363276,-329186.98113893426,30408.5012246985,0.06932832767187397
955,w390793107,895.6360460046678,mfh,90245.7910168643,100273.10112984922,112807.23877108037,r2,-223433.80190161904,-104836.25717515864,118597.5447264604,0.06932832767187397
956,w390793108,286.70933025064875,mfh,25575.074405456515,28416.749339396127,31968.843006820643,r1,-68786.57744661754,-79725.79002572155,-10939.212579104016,0.07531398025075493
957,w390793793,117.72837251536548,mfh,12242.925925452717,13603.251028280796,15303.657406815895,r1,-32928.505270142254,-50320.811494444206,-17392.306224301952,0.07531398025075493
958,w390794364,96.81251710766227,sfh,13040.642047928714,14489.602275476347,16300.802559910891,r1,-35074.03810297747,-79846.14307716119,-44772.10497418372,0.07531398025075493
959,w475684695,267.0884538785554,mfh,32327.72471892473,35919.69413213859,40409.65589865591,r1,-86948.4680590729,-121250.92022717878,-34302.45216810588,0.07531398025075493
960,w620369477,3702.806372543797,other,329831.05954184383,366478.95504649315,412288.8244273048,nr2,-763148.5598837357,-358090.10776269616,405058.45212103956,0.06932832767187397
961,w620369478,20480.360502976928,other,1687025.1117225294,1874472.3463583658,2108781.3896531616,nr2,-3903364.3050084393,-1831564.937802516,2071799.3672059234,0.06932832767187397
962,w993163452,1412.2592688187956,other,69902.24125333331,77669.15694814813,87377.80156666663,nr2,-161736.72309462744,-330883.6755449956,-169146.95245036815,0.06932832767187397
963,w993163453,1066.3710880815981,other,51293.74656664398,56993.051740715535,64117.183208304974,nr2,-118681.20873076718,-238284.52676150764,-119603.31803074047,0.06932832767187397
964,w993163454,1257.084109787643,other,59883.17288306017,66536.85875895574,74853.96610382521,nr2,-138555.04454448886,-267201.2609223149,-128646.21637782603,0.06932832767187397
965,w993163455,1355.0658122852444,mfh,137933.86271477625,153259.84746086248,172417.3283934703,r2,-341501.6590810229,-160234.28618435035,181267.37289667255,0.06932832767187397
966,w993163456,1286.649396429956,mfh,130250.32129646631,144722.5792182959,162812.90162058288,r2,-322478.4686162096,-375590.23836076824,-53111.76974455867,0.06932832767187397
967,w993163457,923.1744978809729,ab,96260.7750734298,106956.41674825533,120325.96884178725,r2,-238325.91754482838,-280169.57159663906,-41843.65405181068,0.06932832767187397
968,w993163458,923.3917086940259,ab,96786.7143031862,107540.7936702069,120983.39287898275,r2,-239628.0569615213,-277659.1289552814,-38031.071993760095,0.06932832767187397
969,w993163460,1313.604391914094,ab,125644.15428679457,139604.6158742162,157055.1928584932,r2,-311074.353304367,-370335.4401432479,-59261.0868388809,0.06932832767187397
970,w993163461,1099.8535498690792,ab,118342.74284405124,131491.93649339027,147928.42855506405,r2,-292997.2540898975,-351972.21190289804,-58974.95781300054,0.06932832767187397
971,w993164648,226.1375619597733,ab,25333.36690212359,28148.18544680399,31666.708627654487,r1,-68136.482294054,-127466.062785069,-59329.580491015004,0.07531398025075493
972,w993164649,158.37299746889622,other,12554.80104281894,13949.778936465487,15693.501303523673,nr1,-31555.489471779285,-75721.91362411012,-44166.42415233084,0.07531097523746716
973,w993164650,163.5844805765897,other,11822.83966197053,13136.48851330059,14778.549577463164,nr1,-29715.763014280215,-68986.61384136678,-39270.850827086564,0.07531097523746716
974,w993164651,162.24389737509188,other,11008.365752407117,12231.517502674575,13760.457190508896,nr1,-27668.6479074289,-64951.7983603345,-37283.1504529056,0.07531097523746716
975,w993164652,173.63842588849366,other,12537.52789010725,13930.586544563612,15671.909862634062,nr1,-31512.07478231673,-73932.34938224955,-42420.27459993282,0.07531097523746716
976,w1006795433,259.34726619906723,mfh,31206.31317629144,34673.68130699049,39007.8914703643,r1,-83932.32582996492,-106784.97763142243,-22852.651801457512,0.07531398025075493
977,w1006849999,188.95288848243652,other,12692.659037467965,14102.954486075516,15865.823796834957,nr1,-31901.984528444173,-74917.95474062131,-43015.97021217714,0.07531097523746716
978,w1007159125,240.08975319266318,education,18188.745430473453,20209.717144970502,22735.931788091813,nr1,-45715.95861843369,-98672.63665001815,-52956.67803158446,0.07531097523746716
979,w1007160095,265.99824453517795,sfh,29700.45869061807,33000.5096562423,37125.57336327258,r1,-79882.1880059276,-112755.22182961063,-32873.03382368303,0.07531398025075493
980,w1007176059,713.9090096209663,trade,44584.74507920726,49538.60564356363,55730.93134900908,nr1,-112060.19507203576,-233599.1865035057,-121538.99143146996,0.07531097523746716
981,w1029411791,412.32884333096445,trade,24243.8769969841,26937.64110776011,30304.846246230125,nr1,-60935.048092301084,-138887.7026058087,-77952.65451350762,0.07531097523746716
982,w1030080397,647.4037659055554,other,30520.396752890152,33911.551947655724,38150.49594111269,nr1,-76710.57909445847,-186408.1506825479,-109697.57158808941,0.07531097523746716
983,w1030080398,123.65970464986749,other,6312.042173885407,7013.380193206007,7890.052717356758,nr1,-15864.81376201449,-39228.6332921668,-23363.81953015231,0.07531097523746716
984,w1030080399,86.80603968682699,other,6773.282403048039,7525.869336720043,8466.603003810047,nr1,-17024.10423150604,-45060.40877839206,-28036.304546886022,0.07531097523746716
985,w1036126248,1409.4026292502879,trade,62527.62490135226,69475.13877928029,78159.53112669032,nr2,-144673.6610030011,-323002.0456639683,-178328.38466096722,0.06932832767187397
986,w1036126249,536.9865712554193,mfh,58786.42745363585,65318.25272626206,73483.0343170448,r2,-145545.56880913198,-189380.22094996047,-43834.65214082849,0.06932832767187397
987,w1036126250,784.2879224468953,mfh,83022.8157791949,92247.57308799434,103778.51972399362,r2,-205550.8978879333,-234984.91842928508,-29434.020541351783,0.06932832767187397
988,w1036126251,422.468481163308,mfh,52845.09736255475,58716.77484728305,66056.37170319344,r2,-130835.80832451647,-184362.17505983537,-53526.366735318894,0.06932832767187397
989,w1036680208,878.3984476357698,mfh,87023.10356131091,96692.33729034546,108778.87945163864,r2,-215454.95543773915,-266014.3924518866,-50559.437014147465,0.06932832767187397
990,w1075387093,82.43980132825672,other,6640.5639729472905,7378.404414385878,8300.704966184112,nr1,-16690.52705975542,-43389.15281379433,-26698.625754038912,0.07531097523746716
991,w1075387094,82.56877346616238,other,5523.9930738652965,6137.770082072551,6904.99134233162,nr1,-13884.115302985287,-27721.00098985044,-13836.885686865153,0.07531097523746716
992,w1075387095,130.11354850369972,other,4922.185612555075,5469.095125061194,6152.732015693843,nr0,-15169.565108546692,-27878.693319213926,-12709.128210667233,0.092343924777156
993,w1075387096,86.78853361294604,other,5651.038189360073,6278.931321511192,7063.797736700091,nr1,-14203.433051690627,-29157.12277911484,-14953.689727424215,0.07531097523746716
994,w1075387097,130.27800867820625,other,5001.394598025604,5557.105108917338,6251.743247532005,nr1,-12570.605782118786,-27113.785556180675,-14543.17977406189,0.07531097523746716
995,w1075387098,130.18280181584413,other,4914.504272727153,5460.56030303017,6143.1303409089405,nr0,-15145.892172616903,-27756.008938494015,-12610.116765877112,0.092343924777156
996,w1075387099,86.85200681062415,other,7574.079042728552,8415.643380809503,9467.598803410689,nr1,-19036.842613125253,-46866.545951723325,-27829.703338598072,0.07531097523746716
997,w1107949539,145.45949292609,other,7234.128086910359,8037.920096567066,9042.660108637949,nr1,-18182.40304290378,-8531.67916088333,9650.723882020451,0.07531097523746716
998,w1107949540,113.13991883732378,other,8157.082843669978,9063.42538185553,10196.353554587471,nr1,-20502.17609311195,-47429.6911747272,-26927.515081615253,0.07531097523746716
999,w1108636740,113.13954655230044,other,8437.78627390423,9375.318082115811,10547.232842380286,nr1,-21207.701740809545,-48437.27748699435,-27229.575746184808,0.07531097523746716
1000,w1108636741,169.70950587596744,other,6388.827258846157,7098.696954273508,7986.034073557696,nr1,-16057.806939031383,-33482.01796959938,-17424.211030567996,0.07531097523746716
1001,w1108636742,113.35190696045755,other,7307.257952288273,8119.1755025425255,9134.072440360342,nr1,-18366.209117499075,-36707.2341314274,-18341.025013928327,0.07531097523746716
1002,w1108636743,97.02220907397567,other,8465.714383767012,9406.34931529668,10582.142979708764,nr1,-21277.896813892425,-48123.79571704094,-26845.898903148518,0.07531097523746716
1003,w1108636744,97.02139693088829,other,6248.685707876577,6942.984119862863,7810.857134845721,nr1,-15705.572345978328,-32697.05863249561,-16991.486286517284,0.07531097523746716
1004,w1108636745,97.02220705058426,other,6051.606396825816,6724.00710758424,7564.507996032269,nr1,-15210.229241475301,-30826.223780290118,-15615.994538814817,0.07531097523746716
1005,w1108636746,96.97299731615931,other,6049.968200571248,6722.186889523609,7562.46025071406,nr1,-15206.111766057935,-30807.854553847163,-15601.742787789228,0.07531097523746716
1006,w1108636747,96.97299630921333,other,6204.737122419419,6894.152358243799,7755.921403024274,nr1,-15595.111087296245,-32173.82105747734,-16578.709970181095,0.07531097523746716
1007,w1108636748,93.15071205198764,other,7049.813241953456,7833.125824392729,8812.266552441819,nr1,-17719.142404229075,-40283.077016304,-22563.934612074925,0.07531097523746716
1008,w1108636749,139.88183319568634,other,5418.6318681190805,6020.702075687867,6773.28983514885,nr1,-13619.298329198167,-29821.957209020617,-16202.65887982245,0.07531097523746716
1009,w1108636750,139.7263257611543,other,5255.293421448891,5839.2149127209905,6569.116776811114,nr1,-13208.760191902391,-28603.751462887743,-15394.991270985352,0.07531097523746716
1010,w1108636751,139.8837134392932,other,5137.657930030147,5708.508811144608,6422.072412537684,nr1,-12913.092781617546,-26833.782315652632,-13920.689534035086,0.07531097523746716
1011,w1108636752,93.1510556358844,other,5632.758798770266,6258.620887522518,7040.9484984628325,nr1,-14157.489263705464,-29070.732690309327,-14913.243426603864,0.07531097523746716
1012,w1108636753,93.25489941500128,other,5561.032789158997,6178.925321287774,6951.290986448746,nr1,-13977.211668431602,-29153.2440803546,-15176.032411922999,0.07531097523746716
1013,w1108636754,139.72684112749994,other,6793.787494520834,7548.652771689815,8492.234368151043,nr1,-17075.642140858865,-43919.792390214934,-26844.15024935607,0.07531097523746716
1014,w1159236388,245.9913005110109,other,17161.798074090097,19068.664526766774,21452.24759261262,nr1,-43134.80847659515,-123457.9280279433,-80323.11955134815,0.07531097523746716
1015,w1159236389,122.96537718712352,other,11214.556910810714,12460.618789789682,14018.19613851339,nr1,-28186.89291234678,-84120.85989254102,-55933.96698019424,0.07531097523746716
1016,w1159236390,245.9301320978673,other,9422.640053648083,10469.600059608982,11778.300067060103,nr1,-23683.053040440445,-92241.77595954514,-68558.7229191047,0.07531097523746716
1017,w1219742100,99.15745026543736,other,6796.05397685548,7551.171085394977,8495.06747106935,nr1,-17081.33876314742,-43782.129451707195,-26700.790688559773,0.07531097523746716
1018,w1219742101,534.7382739499211,other,26665.5596979286,29628.399664365108,33331.94962241074,nr1,-67021.75410325402,-157020.09442225,-89998.34031899598,0.07531097523746716
1019,w1219742102,331.85329187787136,other,16686.177045042114,18540.19671671346,20857.72130630264,nr1,-41939.37301541237,-96720.05776607596,-54780.68475066359,0.07531097523746716
1020,w1219742103,321.63751182574777,other,17114.566871985295,19016.185413316995,21393.208589981616,nr1,-43016.096623203426,-101212.66391580885,-58196.567292605425,0.07531097523746716
1021,w1219742104,906.7466930493712,other,37559.58202112246,41732.868912358295,46949.477526403076,nr1,-94403.00893576282,-229594.62909400155,-135191.62015823874,0.07531097523746716
1022,w1219742105,1260.638449399173,ab,128554.44727096538,142838.2747455171,160693.0590887067,r2,-318279.76220791764,-396533.64423639874,-78253.88202848111,0.06932832767187397
1023,w1219929093,501.3837405549362,other,33138.81990165809,36820.91100184232,41423.52487707261,nr1,-83291.77650426287,-193104.09825219034,-109812.32174792746,0.07531097523746716
1024,w1242595698,177.05818741209805,other,9156.077890481276,10173.419878312528,11445.097363101595,nr1,-23013.070337831537,-57373.13576450957,-34360.06542667803,0.07531097523746716
1025,w1242595699,175.70056665593293,other,9159.768067274865,10177.52007474985,11449.71008409358,nr1,-23022.345302409787,-57042.226754660245,-34019.881452250454,0.07531097523746716
