,full_id,NFA,building_usage,yearly_demand_useful_renovated,yearly_demand_delivered_renovated,yearly_demand_delivered_renovated_DH,consumer_size_renovated,npv_Gas_25years_ir_0.05,npv_DH_25years_ir_0.05,savings_npv_25years_ir_0.05,operator_selling_price
0,w24853838,27974.42320393324,trade,1197392.8826751309,1330436.536305701,1496741.1033439136,nr2,-7387932.923785254,-5300092.521422988,2087840.4023622666,0.11262781117628023
1,w24853840,937.1926232803613,trade,88019.54120636193,97799.49022929103,110024.4265079524,nr2,-543081.9539883508,-485511.33876647125,57570.61522187956,0.11262781117628023
2,w24853841,8998.296452549099,trade,370411.49455784855,411568.3272864984,463014.36819731066,nr2,-2285444.748826775,-2075236.5371165264,210208.21171024838,0.11262781117628023
3,w25538793,404.8852469230536,trade,30724.044681390333,34137.827423767034,38405.05585173791,nr1,-205926.48505115163,-228748.333650473,-22821.848599321384,0.12234696239453792
4,w27689586,5481.69515059907,office,239232.2588022705,265813.6208914117,299040.3235028381,nr2,-1476066.8004708174,-394340.74881873734,1081726.05165208,0.11262781117628023
5,w28994179,16672.165487814695,other,602602.7887910821,669558.6542123135,753253.4859888526,nr2,-3718068.6871364457,-993305.9870848799,2724762.7000515657,0.11262781117628023
6,w28994181,2845.002712316811,trade,324149.90597616514,360166.56219573907,405187.3824702064,nr2,-2000010.019479084,-534315.552978222,1465694.466500862,0.11262781117628023
7,w29249266,23411.247439788887,trade,2697249.5326306587,2996943.9251451762,3371561.915788323,nr2,-16642072.050125027,-4446036.691597164,12196035.358527863,0.11262781117628023
8,w30213059,1747.46707642246,ab,186541.77691087977,207268.64101208863,233177.2211385997,r2,-1231591.721794325,-705531.5614642731,526060.1603300518,0.11262781117628023
9,w50930444,8762.936898044496,other,330222.16830016905,366913.5203335212,412777.7103752113,nr2,-2037475.9735485145,-1981520.1540723387,55955.81947617582,0.11262781117628023
10,w50930445,4934.112452852726,other,202146.16980193532,224606.85533548368,252682.71225241915,nr2,-1247245.0478912639,-1355791.7525517936,-108546.70466052974,0.11262781117628023
11,w50930458,1974.6456010334193,other,60554.61203303029,67282.90225892254,75693.26504128786,nr2,-373622.90890386543,-699906.0280440523,-326283.1191401869,0.11262781117628023
12,w50930471,4724.4749339554455,other,258143.60911438576,286826.2323493175,322679.5113929822,nr2,-1592750.1294145887,-1427186.3812757984,165563.74813879025,0.11262781117628023
13,w50930472,9715.957844087014,other,1058464.4972369291,1176071.663596588,1323080.6215461614,nr2,-6530742.599975979,-1744729.9311897713,4786012.668786207,0.11262781117628023
14,w50930478,6019.835157379508,trade,680901.6527717811,756557.3919686456,851127.0659647263,nr2,-4201173.909714367,-1122370.6575786916,3078803.2521356754,0.11262781117628023
15,w50930479,4489.048651921749,other,185541.01142931575,206156.6793659064,231926.26428664467,nr2,-1144790.9594957607,-1080363.8151329628,64427.14436279796,0.11262781117628023
16,w50930480,4441.97852948606,other,168700.98991545063,187445.54435050068,210876.23739431327,nr2,-1040887.7618238475,-1018055.4682871862,22832.29353666131,0.11262781117628023
17,w50930481,1370.623297881335,other,62080.660377160784,68978.51153017864,77600.82547145098,nr2,-383038.65119531885,-458046.0876092333,-75007.43641391443,0.11262781117628023
18,w50930482,1573.369959426485,other,63379.87619939754,70422.08466599727,79224.84524924692,nr2,-391054.833258103,-446404.4563039066,-55349.62304580363,0.11262781117628023
19,w50930483,704.9254127380437,other,45123.70064816985,50137.445164633165,56404.62581021231,nr1,-302439.5115727158,-301731.1437366053,708.3678361105267,0.12234696239453792
20,w50930486,509.32494937628496,trade,30466.044901173256,33851.16100130362,38082.55612646657,nr1,-204197.25348561327,-216300.4517543463,-12103.198268733016,0.12234696239453792
21,w98916060,2713.01504517002,other,226605.19701500298,251783.55223889218,283256.4962687537,nr2,-1398157.630591331,-373526.81249802123,1024630.8180933099,0.11262781117628023
22,w98916062,151.14776481509907,trade,11092.043274505519,12324.492527228354,13865.054093131897,nr1,-74343.90579889057,-94249.2315796662,-19905.32578077563,0.12234696239453792
23,w98916065,222.67857759937178,other,20948.500685227787,23276.111872475318,26185.625856534734,nr1,-140406.35462991355,-147584.25880552776,-7177.9041756142105,0.12234696239453792
24,w98916067,43210.64675020873,trade,3034378.024269405,3371531.1380771166,3792972.530336756,nr2,-18722160.147324547,-5001745.618589466,13720414.52873508,0.11262781117628023
25,w98916074,4745.314506876469,trade,491122.8611791089,545692.0679767877,613903.5764738861,nr2,-3030235.779940896,-809546.9975871521,2220688.782353744,0.11262781117628023
26,w98916075,67.06430839556852,sfh,8538.96409194254,9487.737879936156,10673.705114928174,r1,-61243.600495538274,-76087.69642363829,-14844.095928100018,0.12235184420952645
27,w98916076,98.82164086105185,sfh,13728.213996145805,15253.571106828673,17160.267495182256,r1,-98462.20741115026,-98580.41727458093,-118.20986343067489,0.12235184420952645
28,w98916079,3334.9361924076916,trade,133751.88480733606,148613.2053414845,167189.85600917006,nr2,-825251.2334788528,-997592.198259201,-172340.96478034824,0.11262781117628023
29,w98916080,2976.303781049745,other,104082.21116258297,115646.90129175886,130102.76395322871,nr2,-642188.8803201139,-728205.9102776854,-86017.02995757153,0.11262781117628023
30,w98916086,294.4025758753764,other,20686.516731325537,22985.018590361706,25858.14591415692,nr1,-138650.4193249642,-182132.50978047776,-43482.090455513564,0.12234696239453792
31,w98916091,1116.7099465291947,trade,65522.69205707044,72802.99117452271,81903.36507133805,nr2,-404276.0408112515,-108004.94707430094,296271.09373695054,0.11262781117628023
32,w98916094,150.05011938810347,trade,13612.2294499376,15124.699388819556,17015.286812422,nr1,-91235.33679904068,-128793.22440902286,-37557.88760998218,0.12234696239453792
33,w98916098,15131.85493721813,trade,1389797.224493673,1544219.1383263033,1737246.5306170913,nr2,-8575070.739758145,-2290885.3553316714,6284185.384426474,0.11262781117628023
34,w98916102,1892.1415951219387,trade,73425.17962658805,81583.53291843117,91781.47453323506,nr2,-453034.51343905565,-606627.9519159263,-153593.43847687065,0.11262781117628023
35,w98916109,81.43322088830173,sfh,9629.8057932929,10699.784214769888,12037.257241616126,r1,-69067.39184095623,-86804.80506611531,-17737.413225159078,0.12235184420952645
36,w98916113,559.2398283889517,trade,50271.6825643969,55857.425071552105,62839.60320549612,nr2,-310177.07230881875,-328952.63889919035,-18775.5665903716,0.11262781117628023
37,w98916116,6987.1012714248145,other,358101.17313169746,397890.1923685527,447626.4664146218,nr2,-2209489.871958414,-1837632.0777684702,371857.79418994393,0.11262781117628023
38,w98916121,458.57296650111675,other,22475.134293848154,24972.371437609057,28093.917867310192,nr1,-150638.54561401808,-169632.70154786785,-18994.155933849775,0.12234696239453792
39,w98916126,1235.1179318586364,trade,54455.49615433791,60506.10683815323,68069.37019292239,nr2,-335991.2679795405,-398618.7409471739,-62627.472967633395,0.11262781117628023
40,w99055014,379.03616306802724,mfh,51250.231128429565,56944.70125381063,64062.788910536954,r2,-338365.81511698,-260418.65904814203,77947.15606883797,0.11262781117628023
41,w99055018,363.825429549627,mfh,39011.950831555296,43346.61203506144,48764.93853944412,r1,-279803.53419378586,-198305.22069670164,81498.31349708422,0.12235184420952645
42,w99055022,32.828185592684896,sfh,3912.1656857345315,4346.850761927257,4890.207107168164,r0,-34430.52180561535,-39295.27192073662,-4864.750115121264,0.15013479573308705
43,w99055023,57.57688737055287,sfh,7638.842228320924,8487.602475912137,9548.552785401154,r1,-54787.69984771147,-55146.68142155098,-358.98157383951184,0.12235184420952645
44,w99055025,2922.078992408514,trade,131771.14343422168,146412.38159357963,164713.9292927771,nr2,-813030.0280452259,-784048.2692873917,28981.758757834206,0.11262781117628023
45,w99055028,168.94065034445376,ab,18863.996140229203,20959.99571136578,23579.9951752865,r1,-135297.33008852045,-105569.90545627062,29727.424632249837,0.12235184420952645
46,w99055030,502.22660109587014,other,33719.73290267432,37466.369891860355,42149.66612834289,nr1,-226004.94646843377,-251270.23978039197,-25265.2933119582,0.12234696239453792
47,w99055036,2513.4158389533286,other,94056.81089942587,104507.56766602874,117571.01362428232,nr2,-580332.0029743689,-674406.1073879909,-94074.10441362206,0.11262781117628023
48,w99055038,337.97397138923407,other,24561.514626422148,27290.57180713572,30701.893283027683,nr1,-164622.41306448597,-200044.06586807503,-35421.652803589066,0.12234696239453792
49,w99055039,2475.299022556655,other,95255.37369289662,105839.30410321847,119069.21711612078,nr2,-587727.1542661684,-589310.9386730028,-1583.7844068343984,0.11262781117628023
50,w99055040,101.95110847079195,trade,7536.8851086504455,8374.316787389384,9421.106385813056,nr1,-50515.62301622456,-80506.41748306263,-29990.794466838066,0.12234696239453792
51,w99055041,189.90211718752977,ab,21595.11692946048,23994.5743660672,26993.8961618256,r1,-154885.61605854478,-139643.2021285872,15242.413929957576,0.12235184420952645
52,w99055043,190.2007592998445,sfh,29155.98911223378,32395.543458037533,36444.98639029222,r1,-209114.0951074894,-178548.4804236318,30565.614683857624,0.12235184420952645
53,w99055048,47.74609960326925,sfh,5769.180841789516,6410.2009353216845,7211.476052236895,r1,-41378.01762095147,-56424.40364632789,-15046.386025376421,0.12235184420952645
54,w99055050,194.95880112051967,trade,16984.909900636445,18872.122111818273,21231.137375795555,nr1,-113840.57115589027,-142215.3520895683,-28374.780933678034,0.12234696239453792
55,w99055053,122.33706042193808,ab,14174.508663259385,15749.454070288204,17718.13582907423,r1,-101663.14513634628,-115322.81051514305,-13659.665378796766,0.12235184420952645
56,w99055057,303.91877080444243,ab,36040.58788819037,40045.09765354486,45050.73486023796,r1,-258492.17100367672,-196528.3233371618,61963.84766651492,0.12235184420952645
57,w99055067,194.8848727118224,sfh,21931.666176569037,24368.517973965598,27414.582720711296,r1,-157299.43199863523,-132961.45947818787,24337.972520447365,0.12235184420952645
58,w99055068,348.37368724122643,ab,40200.04013772175,44666.71126413528,50250.05017215219,r1,-288324.80984694615,-289436.56716422085,-1111.7573172746925,0.12235184420952645
59,w99055094,263.70872883694244,other,16614.595860209945,18460.66206689994,20768.24482526243,nr1,-111358.55846840357,-153461.07748358417,-42102.5190151806,0.12234696239453792
60,w99055100,85.6876405166462,sfh,12089.433153049305,13432.703503388117,15111.79144131163,r1,-86708.4585753812,-89756.5261848354,-3048.0676094541996,0.12235184420952645
61,w99055110,94.65369866762775,sfh,12604.978915374657,14005.532128194063,15756.22364421832,r1,-90406.08259218847,-110293.47894589951,-19887.39635371104,0.12235184420952645
62,w99055113,801.3236896117684,education,39333.930829421224,43704.367588245805,49167.41353677653,nr1,-263633.8477874295,-291513.8907464765,-27880.042959046958,0.12234696239453792
63,w99055118,54.3237798044458,other,6219.479772060365,6910.533080067072,7774.349715075456,nr1,-41685.77482517746,-56052.267280639346,-14366.492455461885,0.12234696239453792
64,w99055131,500.74276516167447,th,69240.53713621371,76933.93015134857,86550.67142026713,r2,-457141.95373132924,-385180.3566800576,71961.59705127164,0.11262781117628023
65,w99055135,663.0715527065098,ab,68880.52212837798,76533.91347597554,86100.65266047248,r2,-454765.05183452764,-297037.2737976082,157727.77803691942,0.11262781117628023
66,w99055142,64.54166975589469,sfh,9032.758360397225,10036.398178219139,11290.947950496531,r1,-64785.217321490454,-65553.72028623166,-768.5029647412084,0.12235184420952645
67,w99055146,149.08371188635937,sfh,17342.70904751041,19269.67671945601,21678.38630938801,r1,-124386.27601424414,-92412.98967170321,31973.28634254093,0.12235184420952645
68,w99055147,57.659734526090325,sfh,7330.462267285426,8144.958074761584,9163.077834106782,r1,-52575.92112008934,-64205.15424395181,-11629.233123862468,0.12235184420952645
69,w99055152,1635.3717537612654,other,76892.01538215307,85435.57264683674,96115.01922769133,nr2,-474424.94459200563,-502746.2579225237,-28321.31333051808,0.11262781117628023
70,w99055158,567.1104306213557,trade,39120.40099323338,43467.11221470375,48900.50124154172,nr1,-262202.6739600348,-292380.5675758136,-30177.893615778827,0.12234696239453792
71,w99055160,362.3993257842958,ab,41269.65009818708,45855.16677576342,51587.06262273384,r1,-295996.32180079084,-253195.6004863379,42800.72131445294,0.12235184420952645
72,w99055171,150.93386064656082,sfh,16885.70894548665,18761.8988283185,21107.136181858314,r1,-121108.55621434787,-103455.9007045568,17652.655509791075,0.12235184420952645
73,w99055172,71.28885925472714,sfh,9019.499646113589,10021.666273459543,11274.374557641986,r1,-64690.12248423291,-78621.09132698494,-13930.96884275203,0.12235184420952645
74,w99055173,413.9677898917347,ab,46033.80958093352,51148.67731214836,57542.2619761669,r1,-330166.07318007975,-232666.86663930144,97499.20654077831,0.12235184420952645
75,w99055181,184.62117180265486,other,15209.502381678169,16899.44709075352,19011.87797709771,nr1,-101940.98457138336,-128082.65553416249,-26141.670962779128,0.12234696239453792
76,w99055182,84.81555104400032,sfh,9995.399856476368,11105.999840529297,12494.24982059546,r1,-71689.52451513818,-90442.27666432322,-18752.752149185035,0.12235184420952645
77,w99055185,136.9722994968528,education,10840.570650859518,12045.07850095502,13550.713313574397,nr1,-72658.42219765826,-109955.98212682894,-37297.559929170675,0.12234696239453792
78,w99055186,41.49024544628337,sfh,5137.404922484948,5708.227691649942,6421.756153106185,r1,-36846.761652665955,-47435.93022107228,-10589.168568406327,0.12235184420952645
79,w99055192,160.51305735595523,ab,18121.209085465063,20134.67676162785,22651.511356831328,r1,-129969.87430519443,-131021.4748313838,-1051.6005261893733,0.12235184420952645
80,w99055193,133.23216011486946,other,9055.86994602939,10062.077717810433,11319.837432536737,nr1,-60696.54846569524,-81924.26568192299,-21227.71721622775,0.12234696239453792
81,w99055199,594.2030242990702,ab,69499.33638341566,77221.48487046185,86874.17047926957,r2,-458850.60589353525,-304724.24805572664,154126.3578378086,0.11262781117628023
82,w99055201,119.5810925271362,sfh,16186.140935837673,17984.601039819638,20232.67616979709,r1,-116091.07830472314,-119244.05098673298,-3152.972682009844,0.12235184420952645
83,w99055202,635.4450178422034,ab,74224.65462412336,82471.83847124818,92780.8182801542,r2,-490048.2438943765,-381437.5843378349,108610.65955654159,0.11262781117628023
84,w99055209,191.61494707558305,other,19092.937557201116,21214.375063556796,23866.171946501392,nr1,-127969.52879179407,-147660.03590640333,-19690.507114609252,0.12234696239453792
85,w99055216,463.1840371862054,education,30329.625776782435,33699.58419642493,37912.03222097804,nr1,-203282.91062903704,-215760.12575070435,-12477.215121667308,0.12234696239453792
86,w99055219,773.0541430711745,other,89363.99007406665,99293.3223045185,111704.9875925833,nr2,-551377.2246532897,-528371.7479286544,23005.476724635228,0.11262781117628023
87,w99055224,318.955577952601,ab,39326.77401159415,43696.415568437944,49158.46751449268,r1,-282061.52531044,-209831.8485360009,72229.67677443908,0.12235184420952645
88,w99055226,262.56915004737675,ab,28811.221455015977,32012.468283351085,36014.02681876997,r1,-206641.3346607797,-158346.85712504745,48294.477535732265,0.12235184420952645
89,w99055235,1694.7837025728077,trade,149404.7926523063,166005.3251692292,186755.99081538286,nr2,-921829.9211377198,-806797.5011485739,115032.41998914583,0.11262781117628023
90,w99055245,424.4345906373113,ab,47895.25638616388,53216.95154018208,59869.07048270485,r1,-343516.8383613969,-249525.82698223068,93991.01137916624,0.12235184420952645
91,w99055249,70.42309986636974,sfh,9527.919340341607,10586.577044824007,11909.899175427008,r1,-68336.63654637143,-89135.48478170304,-20798.848235331607,0.12235184420952645
92,w99055257,137.79457132667304,trade,8302.741753787854,9225.268615319837,10378.427192234816,nr1,-55648.7416736694,-85205.89213924119,-29557.150465571787,0.12234696239453792
93,w99055287,226.3710821658373,mfh,29327.158711257514,32585.731901397237,36658.94838907189,r1,-210341.7665705282,-159849.4728034553,50492.2937670729,0.12235184420952645
94,w99055292,58.725108856521544,trade,5742.2884325185605,6380.320480576178,7177.8605406482,nr1,-38487.4219954078,-64801.11941425316,-26313.69741884536,0.12234696239453792
95,w99055300,847.1402418442303,other,76273.07353797425,84747.85948663806,95341.34192246781,nr2,-470606.0636760769,-482656.312023098,-12050.248347021115,0.11262781117628023
96,w99389931,488.4274571448564,mfh,51882.65252404952,57647.39169338835,64853.315655061895,r2,-342541.2066481932,-238013.42834534514,104527.77830284805,0.11262781117628023
97,w99389943,3490.8252122399163,ab,329651.0091598724,366278.89906652493,412063.7614498405,r2,-2176431.7928439598,-1285759.6039690285,890672.1888749313,0.11262781117628023
98,w99389949,2474.179022271931,ab,284257.7582638273,315841.9536264748,355322.1978297841,r2,-1876735.1085156496,-1358566.1733279778,518168.9351876718,0.11262781117628023
99,w99389956,671.7147096479312,education,46899.24791118664,52110.27545687404,58624.0598889833,nr1,-314340.03478529607,-83977.96404702238,230362.07073827367,0.12234696239453792
100,w99389960,693.6997662768932,ab,80098.50062143736,88998.33402381929,100123.12577679669,r2,-528828.7263427816,-396963.7879841016,131864.93835867994,0.11262781117628023
101,w99389971,1612.9015118613836,education,79005.85520261421,87784.28355846023,98757.31900326777,nr2,-487467.36953969946,-571437.3378909427,-83969.96835124324,0.11262781117628023
102,w99389974,235.12884147074072,education,10047.192716967635,11163.547463297371,12558.990896209543,nr1,-67340.84337827649,-102238.07016577506,-34897.22678749857,0.12234696239453792
103,w99389975,1082.0712234761565,mfh,111466.82540481444,123852.0282275716,139333.53175601806,r2,-735929.6222896441,-455627.46583431837,280302.1564553257,0.11262781117628023
104,w99389979,163.53384786918758,ab,21228.517390207166,23587.241544674627,26535.646737758954,r1,-152256.2718568208,-142494.8562442096,9761.415612611192,0.12235184420952645
105,w99389992,2569.363114476204,other,222880.7619206125,247645.2910229028,278600.9524007656,nr2,-1375177.8074652117,-367387.6048033658,1007790.202661846,0.11262781117628023
106,w99390006,431.6004564465955,education,13943.155864366083,15492.395404851202,17428.944830457604,nr1,-93453.35574936183,-180303.53889722173,-86850.1831478599,0.12234696239453792
107,w99390011,2554.974828636646,ab,247425.31787724234,274917.0198636026,309281.6473465529,r2,-1633558.8644334837,-972500.3209755784,661058.5434579053,0.11262781117628023
108,w99390014,587.280543653667,trade,43622.5019390578,48469.44659895311,54528.12742382225,nr1,-292377.79682335485,-313209.2455462418,-20831.44872288697,0.12234696239453792
109,w99390021,1617.1983746248297,other,56431.07453005592,62701.19392228436,70538.8431625699,nr2,-348180.6176380061,-429979.53800507303,-81798.92036706692,0.11262781117628023
110,w99390022,5590.431437242403,education,501507.8998853299,557230.9998725888,626884.8748566624,nr2,-3094311.632138266,-826665.2740287399,2267646.3581095263,0.11262781117628023
111,w99390025,237.89438336268066,education,22880.136119028128,25422.373465586807,28600.170148785157,nr1,-153353.05157062243,-40969.25503013053,112383.7965404919,0.12234696239453792
112,w99390027,116.0190749399364,mfh,12111.38188864718,13457.090987385754,15139.227360808974,r1,-86865.88043356735,-59832.512126842106,27033.368306725242,0.12235184420952645
113,w99390046,1095.085822885856,mfh,104637.32667388588,116263.69630431764,130796.65834235735,r2,-690839.7006629464,-406839.8436595956,283999.85700335086,0.11262781117628023
114,w99390052,1678.6958267321402,education,80452.87476272321,89392.08306969245,100566.093453404,nr2,-496395.50299044006,-652715.4220624258,-156319.9190719857,0.11262781117628023
115,w99390065,2581.633286331594,education,86800.34062073754,96444.82291193059,108500.42577592192,nr2,-535559.4671942845,-647155.6984666552,-111596.23127237067,0.11262781117628023
116,w99390082,124.21957990797236,education,9140.033185312222,10155.592428124692,11425.041481640277,nr1,-61260.64867501861,-81255.86937758987,-19995.220702571263,0.12234696239453792
117,w99390107,332.09000708311794,education,26712.358260262183,29680.39806695798,33390.44782532773,nr1,-179038.34280304675,-47831.24594747303,131207.0968555737,0.12234696239453792
118,w99390110,1066.5973296171287,mfh,111016.92938734422,123352.1437637158,138771.16173418026,r2,-732959.3052917027,-484851.60419532476,248107.70109637798,0.11262781117628023
119,w99390116,694.0162199864862,ab,76366.64546448652,84851.8282938739,95458.30683060814,r2,-504190.1601494729,-352833.52341182326,151356.63673764962,0.11262781117628023
120,w99390122,307.42072394330467,other,23978.9127918091,26643.236435343442,29973.640989761374,nr1,-160717.5512785348,-225162.65842889075,-64445.107150355936,0.12234696239453792
121,w99390129,1196.3697846690193,trade,62972.859261591475,69969.84362399053,78716.07407698935,nr2,-388543.5323485489,-368787.43093783397,19756.10141071491,0.11262781117628023
122,w99390130,964.417538562417,education,49512.76423577884,55014.18248419871,61890.95529472355,nr1,-331857.00678322656,-343346.31510277657,-11489.308319550008,0.12234696239453792
123,w99390133,9252.387912133521,education,680645.1328091653,756272.3697879614,850806.4160114565,nr2,-4199591.177509393,-1121947.8204803364,3077643.357029056,0.11262781117628023
124,w99390139,1249.1388426542283,ab,101272.3942615666,112524.88251285178,126590.49282695825,r2,-668623.642833768,-503034.4706194011,165589.17221436696,0.11262781117628023
125,w99390141,112.67489476799965,other,7161.259483685899,7956.954981873221,8951.574354607374,nr1,-47998.00967962689,-77814.54244509526,-29816.532765468364,0.12234696239453792
126,w99758761,171.36210507287177,trade,18702.739494504167,20780.821660560185,23378.424368130207,nr1,-125354.24436690123,-159041.42539740785,-33687.18103050662,0.12234696239453792
127,w99758765,309.03573338240386,trade,17633.22369336,19592.4707704,22041.529616699998,nr1,-118185.86429454423,-142863.32768337187,-24677.463388827644,0.12234696239453792
128,w99758770,601.7205038767308,mfh,67803.20632134694,75336.89591260771,84754.00790168367,r2,-447652.3650591063,-323077.68400665664,124574.68105244968,0.11262781117628023
129,w99758771,976.6668764967471,mfh,93790.2658837786,104211.40653753177,117237.83235472324,r2,-619224.9101526242,-399836.50462810847,219388.40552451578,0.11262781117628023
130,w99758774,197.5460334163159,ab,21548.287941595398,23942.54215732822,26935.359926994246,r1,-154549.7467664926,-152724.4136398967,1825.3331265959132,0.12235184420952645
131,w99758775,265.071225726977,sfh,27414.764697100116,30460.849663444573,34268.45587137514,r1,-196625.59517877453,-173759.789167733,22865.80601104154,0.12235184420952645
132,w99758777,337.6781565959565,ab,38785.81336494016,43095.34818326684,48482.26670617519,r1,-278181.619344007,-239900.10169419806,38281.51764980893,0.12235184420952645
133,w99758783,333.3155570875853,th,46165.858494498185,51295.3983272202,57707.32311812273,r1,-331113.161236798,-88454.81641783519,242658.3448189628,0.12235184420952645
134,w99758786,182.17889552428386,mfh,24975.758120688377,27750.84235632042,31219.69765086047,r1,-179132.42589461023,-122098.84950124865,57033.57639336158,0.12235184420952645
135,w99758788,349.08404515869915,other,29695.324703960447,32994.80522662272,37119.15587995056,nr1,-199031.53709586663,-212381.85244269005,-13350.315346823423,0.12234696239453792
136,w99758792,60.93018751584459,sfh,7098.129910688255,7886.811011875839,8872.662388360319,r1,-50909.57495954622,-69518.4750084161,-18608.900048869888,0.12235184420952645
137,w99758793,126.39461716674268,ab,14533.912444621437,16148.79160513493,18167.390555776794,r1,-104240.87955065227,-102150.02933980938,2090.8502108428947,0.12235184420952645
138,w99758796,906.0679207786917,ab,92578.39928517047,102864.88809463385,115722.99910646307,r2,-611223.8881001868,-366813.9942704803,244409.89382970653,0.11262781117628023
139,w99758800,420.9761067721993,ab,43617.35169245246,48463.724102724955,54521.68961556557,r1,-312834.62876329466,-221665.81961346095,91168.80914983372,0.12235184420952645
140,w99758801,293.7319820257835,mfh,30453.792851169546,33837.547612410606,38067.241063961934,r1,-218422.27029749847,-156325.9037454715,62096.36655202697,0.12235184420952645
141,w99758803,512.6721141899004,mfh,56071.10035591353,62301.2226176817,70088.8754448919,r2,-370194.30271232873,-252332.97840068518,117861.32431164355,0.11262781117628023
142,w99758805,165.76912949401884,sfh,21149.48042883679,23499.42269870754,26436.850536045986,r1,-151689.3988691341,-151779.31589981314,-89.9170306790329,0.12235184420952645
143,w99758807,110.8734177275095,other,10633.353902934445,11814.837669927161,13291.692378668055,nr1,-71269.56155165785,-92792.82125621801,-21523.259704560158,0.12234696239453792
144,w99758813,43.0509613757953,other,4335.785169212401,4817.539076902668,5419.731461515501,nr0,-35632.937938936884,-43445.65786907311,-7812.719930136227,0.1500179576276951
145,w99758814,84.92593946289271,th,9884.973779293656,10983.304199215172,12356.217224117068,r1,-70897.52088537128,-62860.062465978044,8037.458419393239,0.12235184420952645
146,w99758818,424.19755738042295,mfh,42981.25264898336,47756.94738775929,53726.5658112292,r1,-308272.36625998054,-221845.39417905582,86426.97208092472,0.12235184420952645
147,w99758821,35.03456762442365,sfh,4362.174934958981,4846.861038843312,5452.718668698726,r0,-38391.0016300382,-58472.468136656935,-20081.466506618737,0.15013479573308705
148,w99758824,478.7830200769007,ab,54415.092655594315,60461.21406177146,68018.86581949289,r2,-359260.9589396082,-356118.5621989761,3142.3967406320735,0.11262781117628023
149,w99758826,392.0728006519377,ab,50422.93344994148,56025.48161104609,63028.666812426854,r2,-332903.80553843733,-261548.9620787419,71354.84345969543,0.11262781117628023
152,w99758837,194.723237061128,mfh,27818.768765056746,30909.743072285273,34773.46095632093,r1,-199523.21407845532,-157542.40116399276,41980.81291446256,0.12235184420952645
153,w99758838,478.1149431033991,ab,49879.55482966044,55421.727588511596,62349.443537075545,r1,-357748.7264252073,-268179.7726913752,89568.95373383205,0.12235184420952645
154,w99758842,66.20839738831855,sfh,9098.77198804681,10109.746653385344,11373.464985058512,r1,-65258.68368058281,-61299.10707094766,3959.576609635151,0.12235184420952645
155,w99758845,141.8255072105676,th,20597.68337727332,22886.31486363702,25747.104221591646,r1,-147731.77147818898,-161473.33053909027,-13741.559060901287,0.12235184420952645
156,w99758846,563.5821329504251,other,39110.73926488373,43456.37696098192,48888.424081104655,nr1,-262137.9166737076,-279952.0969596511,-17814.180285943497,0.12234696239453792
157,w99758847,385.25146163031457,sfh,48245.97195129891,53606.635501443234,60307.46493912364,r1,-346032.2587013144,-290223.8748829545,55808.38381835987,0.12235184420952645
158,w99758850,177.17881421931088,ab,22322.486341848085,24802.762602053426,27903.107927310106,r1,-160102.4926287339,-130971.19500485604,29131.29762387785,0.12235184420952645
159,w99758852,422.9061155930161,other,27630.39919965029,30700.443555166985,34537.99899956286,nr1,-185191.46963715,-212558.56046602814,-27367.090828878136,0.12234696239453792
160,w99758858,57.38898355839774,sfh,6590.511049374096,7322.7900548601065,8238.13881171762,r1,-47268.80467270782,-63785.22744010707,-16516.42276739925,0.12235184420952645
161,w99758862,402.33381934519855,sfh,47385.93913186298,52651.04347984775,59232.42391482872,r1,-339863.88677241886,-342421.30940176273,-2557.4226293438696,0.12235184420952645
162,w99758864,101.365438436158,other,10686.907379847416,11874.341533163795,13358.63422480927,nr1,-71628.50124782475,-92772.94413963197,-21144.442891807223,0.12234696239453792
163,w99758865,63.831228005420414,other,4034.3888558582253,4482.654284286917,5042.986069822781,nr0,-33155.96186433017,-48116.2792746892,-14960.317410359028,0.1500179576276951
164,w99758868,445.0926624152809,ab,49002.607042031916,54447.341157813236,61253.258802539895,r1,-351459.03608540987,-247035.58899051757,104423.4470948923,0.12235184420952645
165,w99758869,105.27734354436397,other,8736.207849217513,9706.897610241682,10920.259811521892,nr1,-58554.02808196393,-84506.01176427325,-25951.98368230932,0.12234696239453792
166,w99758874,732.9468768487684,ab,73910.07250364788,82122.30278183098,92387.59062955985,r2,-487971.30037095747,-354082.0125449443,133889.28782601317,0.11262781117628023
167,w99758876,118.68904608124866,sfh,12352.210694951837,13724.678549946484,15440.263368689795,r1,-88593.16527073596,-105667.14202993778,-17073.976759201818,0.12235184420952645
168,w99758878,556.4759241774678,other,50045.05270888446,55605.61412098273,62556.31588610557,nr2,-308778.7625349103,-327825.28219519736,-19046.51966028707,0.11262781117628023
169,w99758879,141.26093079326674,other,12063.985867794016,13404.42874199335,15079.982334742519,nr1,-80858.30596927671,-147249.46425392912,-66391.15828465241,0.12234696239453792
170,w99758882,536.390386541374,other,53874.88809445505,59860.98677161672,67343.6101180688,nr2,-332408.90711579425,-325310.4009674008,7098.5061483934405,0.11262781117628023
171,w99758886,70.57262436598539,sfh,9862.178496867567,10957.97610763063,12327.723121084458,r1,-70734.02738018091,-86781.20806154699,-16047.18068136608,0.12235184420952645
172,w99758887,84.85345135740936,sfh,11592.59887534742,12880.665417052687,14490.748594184273,r1,-83145.0380376633,-101427.59728054864,-18282.55924288534,0.12235184420952645
173,w99758888,71.82869699064176,other,5611.650315189278,6235.167016876976,7014.562893986597,nr1,-37611.82607064293,-54503.03213640287,-16891.206065759943,0.12234696239453792
174,w99758891,1365.0763243824242,trade,109673.71393623555,121859.68215137284,137092.14242029443,nr2,-676688.540400449,-785046.0723164366,-108357.53191598761,0.11262781117628023
175,w99758895,154.4283221337944,other,11343.022479982455,12603.358311091617,14178.778099978068,nr1,-76026.08228772052,-20310.857347060417,55715.224940660104,0.12234696239453792
176,w99758899,158.4874060918577,th,20589.83452385864,22877.59391539849,25737.2931548233,r1,-147675.47752523393,-131141.60992253228,16533.867602701648,0.12235184420952645
177,w99758900,82.77785695786588,sfh,10694.216001383687,11882.462223759652,13367.770001729608,r1,-76701.60986152352,-86437.48507659328,-9735.875215069755,0.12235184420952645
178,w99758903,400.34018093422054,trade,29613.781724427085,32904.20191603009,37017.22715553385,nr1,-198484.99905603382,-229910.01059461778,-31425.01153858396,0.12234696239453792
179,w99758905,110.54209396946244,sfh,14100.026680676654,15666.696311862948,17625.033350845817,r1,-101128.94160342398,-84425.61205015362,16703.329553270363,0.12235184420952645
180,w99758908,248.9345047255978,ab,27512.151103074764,30569.05678119418,34390.18887884345,r1,-197324.07500337472,-152583.86078257236,44740.21422080236,0.12235184420952645
181,w99758913,208.22132023065353,ab,22300.78576510543,24778.65085011714,27875.982206381785,r1,-159946.85062834132,-154491.78820816788,5455.062420173432,0.12235184420952645
182,w99758915,71.10941483918579,ab,10013.713282288307,11126.348091431451,12517.141602860384,r1,-71820.87301620393,-67538.51557964175,4282.357436562175,0.12235184420952645
183,w99758919,819.0798590054737,ab,94696.69321739217,105218.54801932463,118370.8665217402,r2,-625209.3519166796,-424953.0576872724,200256.29422940727,0.11262781117628023
184,w99758922,83.9358181065414,th,11677.410484752485,12974.900538613872,14596.763105940605,r1,-83753.32825505499,-72376.28208202089,11377.046173034105,0.12235184420952645
185,w99758926,36.12754547015065,sfh,4556.491211661925,5062.768012957695,5695.614014577406,r0,-40101.1569096581,-37636.25587378106,2464.9010358770392,0.15013479573308705
186,w99758928,119.38002583179623,sfh,17308.899478423707,19232.110531581897,21636.124348029633,r1,-124143.78527183359,-101395.0837875153,22748.7014843183,0.12235184420952645
187,w99758931,65.79372537583113,th,8611.439252918039,9568.265836575598,10764.299066147547,r1,-61763.410598595336,-79103.78007995461,-17340.369481359274,0.12235184420952645
188,w99758935,355.7203856162727,ab,44548.24205703894,49498.046730043265,55685.30257129867,r1,-319511.2088472508,-234293.2250377159,85217.9838095349,0.12235184420952645
189,w99758936,99.44306262517348,th,12820.809152675898,14245.343502973219,16026.011440844872,r1,-91954.071398068,-117655.63477484613,-25701.563376778126,0.12235184420952645
190,w99758945,525.0721962768584,mfh,72696.76550898828,80774.18389887585,90870.95688623533,r2,-479960.76849245065,-128218.52657919851,351742.24191325216,0.11262781117628023
191,w99758951,355.6037514369003,ab,38846.362119594094,43162.62457732677,48557.95264949262,r1,-278615.89025797264,-188872.08205916663,89743.80819880601,0.12235184420952645
192,w99758953,525.4067761451006,other,30960.182478675506,34400.2027540839,38700.22809834438,nr1,-207509.18768965264,-255808.95417049728,-48299.76648084464,0.12234696239453792
193,w99758954,37.75478148937691,sfh,3643.787391156788,4048.6526568408754,4554.7342389459845,r0,-32068.555195329027,-43832.95301774633,-11764.397822417304,0.15013479573308705
194,w99758959,30.14875982720405,sfh,3902.3905445980445,4335.989493997827,4877.988180747555,r0,-34344.491908855074,-35606.00633312177,-1261.5144242666938,0.15013479573308705
195,w99758962,201.50926117040217,mfh,21723.95521923704,24137.72802137449,27154.944024046297,r1,-155809.67671305084,-41623.58360596479,114186.09310708605,0.12235184420952645
196,w99758966,155.61690238779408,th,21851.717362183943,24279.685957982158,27314.646702729926,r1,-156726.01897153124,-139906.30973363013,16819.709237901116,0.12235184420952645
197,w99758967,90.83302856497467,ab,10128.948163735615,11254.386848595128,12661.185204669518,r1,-72647.36660096665,-87497.20902787618,-14849.842426909527,0.12235184420952645
198,w99758970,391.2386861808598,th,48443.52710272418,53826.14122524909,60554.40887840523,r1,-347449.1739898026,-255031.964537311,92417.2094524916,0.12235184420952645
199,w99758974,163.93810575278476,sfh,20363.139486646123,22625.710540717915,25453.924358307653,r1,-146049.56363873972,-108315.4504330303,37734.11320570942,0.12235184420952645
200,w99758975,139.83927450878545,sfh,19017.06701210734,21130.074457897044,23771.333765134175,r1,-136395.19292338757,-115863.78630983332,20531.406613554253,0.12235184420952645
201,w99758979,705.2831632008775,trade,40567.1544633245,45074.61607036056,50708.94307915562,nr1,-271899.4720190441,-274151.1635584432,-2251.691539399093,0.12234696239453792
202,w99758981,319.7999828794971,other,27092.453379920906,30102.725977689894,33865.56672490113,nr1,-181585.91272061778,-48511.845652474585,133074.0670681432,0.12234696239453792
203,w99758984,336.42351993245535,ab,41356.19257743753,45951.325086041696,51695.24072179691,r1,-296617.02625252976,-216827.43667348236,79789.5895790474,0.12235184420952645
204,w99758985,1446.6540044941007,ab,159203.44292933436,176892.71436592707,199004.30366166795,r2,-1051097.7521490937,-627102.0071590701,423995.74499002355,0.11262781117628023
205,w99758989,963.3213891830295,education,66773.88157928629,74193.20175476254,83467.35197410785,nr2,-411995.89984734496,-527500.5558154711,-115504.65596812614,0.11262781117628023
206,w99758991,346.04414169639347,ab,38927.20383955835,43252.44871062039,48659.00479944794,r1,-279195.7074287153,-247144.93634125826,32050.771087457048,0.12235184420952645
207,w99758995,38.315451947040856,sfh,4605.429916486004,5117.144351651115,5756.787395607505,r0,-40531.86084168434,-43966.24727264705,-3434.3864309627097,0.15013479573308705
208,w99758997,604.6954287230968,other,49421.63020499519,54912.92244999466,61777.03775624399,nr1,-331246.18516704824,-390886.186210409,-59640.00104336074,0.12234696239453792
209,w99759000,505.76658869385716,other,34496.09632156219,38328.995912846876,43120.120401952736,nr1,-231208.4862898268,-61768.83565682477,169439.65063300205,0.12234696239453792
210,w99759001,277.86601877255595,other,21620.245901575137,24022.495446194596,27025.30737696892,nr1,-144908.69579908004,-170237.65253215915,-25328.956733079103,0.12234696239453792
211,w99759005,200.24946516156197,th,21517.100210125434,23907.889122361594,26896.37526265679,r1,-154326.06050362252,-126153.607413761,28172.45308986152,0.12235184420952645
212,w99759006,478.86383471041916,sfh,50992.01233528256,56657.79148364729,63740.0154191032,r2,-336660.9952459679,-238538.33980333275,98122.65544263512,0.11262781117628023
213,w99759010,347.4218390390277,ab,42845.86231337848,47606.513681531644,53557.32789172309,r1,-307301.3126830524,-224934.8983959864,82366.41428706597,0.12235184420952645
214,w99759011,1184.1155465334652,health,81096.3879180279,90107.09768669767,101370.48489753487,nr2,-500365.98928257753,-519687.0247081353,-19321.035425557755,0.11262781117628023
215,w99759013,1127.2734199425206,other,48346.56544700629,53718.406052229206,60433.20680875786,nr1,-324040.61346869974,-346344.519083219,-22303.90561451926,0.12234696239453792
216,w99759015,262.8249901607633,mfh,34217.03964154063,38018.932935045144,42771.29955192578,r1,-245413.2238269883,-65560.61250794173,179852.61131904658,0.12235184420952645
217,w99759016,162.4421672269469,other,8362.91554321064,9292.128381345156,10453.644429013299,nr1,-56052.0537075029,-107383.05954735154,-51331.00583984864,0.12234696239453792
218,w99759020,78.66829424034803,other,5363.4306045502435,5959.367338389159,6704.288255687804,nr1,-35948.14496802851,-61195.913544629984,-25247.768576601477,0.12234696239453792
219,w99759023,45.55874986834824,th,6763.263251708072,7514.736946342302,8454.079064635089,r1,-48507.826965171815,-41907.215680584464,6600.61128458735,0.12235184420952645
220,w99759028,314.5253525768406,trade,33061.024403090545,36734.47155898949,41326.28050386318,nr1,-221589.98328896778,-245430.18211393696,-23840.19882496918,0.12234696239453792
221,w99759036,422.98085668310523,mfh,42631.70476229463,47368.56084699403,53289.63095286828,r1,-305765.32080389006,-203027.76440750915,102737.55639638091,0.12235184420952645
222,w99759038,116.55152825303375,ab,12476.366237759883,13862.629153066537,15595.457797199853,r1,-89483.64008491368,-98319.52928757531,-8835.889202661623,0.12235184420952645
224,w99759044,415.2007402397692,trade,30727.523085082063,34141.69231675785,38409.403856352576,nr1,-205949.79889063,-239569.04060478337,-33619.24171415338,0.12234696239453792
225,w99759045,941.2816024620085,trade,46874.11717738663,52082.35241931848,58592.646471733286,nr1,-314171.5972071107,-335967.8539660644,-21796.256758953677,0.12234696239453792
226,w99759047,442.628270605579,mfh,44840.233894655554,49822.482105172836,56050.29236831944,r1,-321605.44782734266,-202347.7922044223,119257.65562292037,0.12235184420952645
227,w99759050,246.0824731603265,trade,22511.684368925235,25012.98263213915,28139.60546115654,nr1,-150883.52079769038,-187504.43002556023,-36620.90922786985,0.12234696239453792
228,w99759051,91.54405212756247,th,11301.573718027325,12557.30413114147,14126.967147534155,r1,-81057.73233205886,-74787.5004421094,6270.231889949457,0.12235184420952645
229,w99759055,270.5142616614699,other,18027.259599334837,20030.288443705373,22534.074499168546,nr1,-120826.87168607728,-136233.19293160207,-15406.321245524785,0.12234696239453792
230,w99759057,194.30349186724052,th,26936.28423283178,29929.20470314642,33670.35529103972,r1,-193193.8128123138,-145360.14476802218,47833.66804429161,0.12235184420952645
231,w99759061,534.3112589053809,trade,25116.553078843055,27907.281198714503,31395.691348553817,nr1,-168342.53255918578,-206900.38233955242,-38557.84978036664,0.12234696239453792
232,w99759062,137.67195288166403,th,17570.109600664895,19522.344000738773,21962.637000831117,r1,-126017.2500387162,-118700.7041560161,7316.545882700098,0.12235184420952645
233,w99759063,182.5971095246263,sfh,23409.161696221272,26010.17966246808,29261.45212027659,r1,-167896.40188458588,-174062.92342215567,-6166.521537569788,0.12235184420952645
234,w99759067,347.13443305995315,other,14604.042087206286,16226.713430229207,18255.052609007857,nr1,-97882.91501799056,-122830.22624341492,-24947.31122542436,0.12234696239453792
235,w99759073,34.86947953915223,sfh,3369.323871661266,3743.69319073474,4211.654839576582,r0,-29653.033218001976,-48032.080594454215,-18379.04737645224,0.15013479573308705
236,w99759074,1179.944325777702,mfh,115106.04981104136,127895.61090115707,143882.5622638017,r2,-759956.6189586113,-483288.447299232,276668.17165937927,0.11262781117628023
237,w99759077,212.39228247441352,sfh,25996.152531155218,28884.613923505796,32495.19066394402,r1,-186450.95153186875,-145800.54656039187,40650.40497147688,0.12235184420952645
239,w99759083,341.51128259450195,trade,15755.53024255659,17506.144713951766,19694.412803195737,nr1,-105600.71099401802,-131032.98444250057,-25432.27344848255,0.12234696239453792
240,w99759085,319.12387123871594,other,16124.762320599133,17916.40257844348,20155.952900748915,nr1,-108075.47187878813,-149369.30453773757,-41293.83265894944,0.12234696239453792
241,w99759087,592.8829183824361,other,51137.99563470979,56819.99514967755,63922.494543387234,nr2,-315522.23758169985,-326828.8619550238,-11306.624373323924,0.11262781117628023
242,w99759088,334.1662621571682,ab,38269.47653436571,42521.64059373968,47836.84566795714,r1,-274478.32158653386,-199574.48878684916,74903.8327996847,0.12235184420952645
243,w99759091,80.87078364617192,sfh,11524.131641001168,12804.590712223518,14405.164551251459,r1,-82653.97379354814,-22080.49372245957,60573.48007108857,0.12235184420952645
244,w99759093,176.2003906674683,sfh,24764.95217261122,27516.61352512358,30956.190215764025,r1,-177620.472556113,-157795.67262189763,19824.799934215378,0.12235184420952645
245,w99759094,339.69808716569094,other,37582.71276836215,41758.56974262461,46978.390960452685,nr1,-251896.38992302213,-261059.47234319604,-9163.082420173916,0.12234696239453792
246,w99759096,246.47077107857913,mfh,23598.463882924807,26220.515425472007,29498.079853656007,r1,-169254.12483207346,-121861.6580316225,47392.46680045096,0.12235184420952645
247,w99759099,50.23060751573648,th,7134.781015914094,7927.53446212677,8918.476269892617,r1,-51172.445914617834,-71571.94923259263,-20399.50331797479,0.12235184420952645
248,w99759102,1460.464218017459,other,128159.99370613102,142399.99300681223,160199.99213266376,nr2,-790749.1774114096,-718476.0584379686,72273.11897344096,0.11262781117628023
249,w99759105,189.26809048298745,mfh,22334.256335775855,24815.840373084284,27917.820419719817,r1,-160186.90998875385,-118480.9267584398,41705.98323031404,0.12235184420952645
250,w99759110,35.61810292806477,th,4375.3120568172735,4861.457840908081,5469.140071021591,r0,-38506.619933796224,-58110.65895718013,-19604.039023383906,0.15013479573308705
251,w99759111,238.72463138289748,th,34535.9950545772,38373.327838419114,43169.9938182215,r1,-247700.85235915805,-66171.73820614546,181529.11415301258,0.12235184420952645
252,w99759113,635.4707306571305,th,86670.32318175596,96300.35909083995,108337.90397719495,r2,-572217.4106172773,-452557.71126105805,119659.69935621921,0.11262781117628023
253,w99759120,160.90588292758912,th,23237.39167444857,25819.324082720632,29046.73959306071,r1,-166664.42403841086,-44523.36167078188,122141.06236762897,0.12235184420952645
254,w99759121,33.129497365746644,ab,3818.7156608234063,4243.017400914896,4773.394576029257,r0,-33608.07884718689,-45986.77678526825,-12378.697938081365,0.15013479573308705
255,w99759126,310.54387535755524,ab,34300.81502744586,38112.016697162064,42876.01878430732,r1,-246014.08198852808,-180473.56143321088,65540.5205553172,0.12235184420952645
256,w99759127,85.13879598667843,other,8496.79167350324,9440.879637225822,10620.989591879048,nr1,-56949.352264033885,-71908.67570795226,-14959.32344391838,0.12234696239453792
257,w99759131,184.6887545518577,ab,20787.501022478882,23097.223358309868,25984.3762780986,r1,-149093.1914238405,-146614.9869965579,2478.204427282588,0.12235184420952645
258,w99759132,153.35469039995223,ab,17695.00512599379,19661.116806659767,22118.756407492237,r1,-126913.03219385387,-107571.87685887665,19341.155334977215,0.12235184420952645
259,w99759137,162.2998407471925,mfh,21055.671207008436,23395.19023000937,26319.589008760544,r1,-151016.5755099313,-194571.271286107,-43554.69577617568,0.12235184420952645
260,w99759138,557.9003615580499,mfh,56330.74901759959,62589.721130666214,70413.43627199948,r2,-371908.5629043516,-253297.8194978938,118610.74340645783,0.11262781117628023
261,w99759140,160.4533356629312,ab,17634.05521702537,19593.394685583742,22042.56902128171,r1,-126475.8841001379,-122429.72178494166,4046.1623151962413,0.12235184420952645
262,w99759142,128.98004897348582,sfh,17650.096411774208,19611.218235304674,22062.620514717757,r1,-126590.93558789344,-94501.52879908653,32089.40678880691,0.12235184420952645
263,w99759148,518.2482564277947,ab,59352.94618142581,65947.71797936202,74191.18272678225,r2,-391861.8037828112,-272682.3077735625,119179.49600924872,0.11262781117628023
264,w99759152,155.39786574579776,ab,16837.00273483737,18707.780816485967,21046.253418546712,r1,-120759.22300782104,-106135.39102597657,14623.831981844472,0.12235184420952645
265,w99759159,71.9146042395383,sfh,9767.034283888204,10852.260315431338,12208.792854860254,r1,-70051.62912830529,-90095.20623136329,-20043.577103058007,0.12235184420952645
266,w99759161,242.4930030848831,mfh,32388.127737790874,35986.808597545416,40485.15967223859,r1,-232295.80715106183,-175241.54986297083,57054.257288091,0.12235184420952645
267,w99759162,714.1891373082996,mfh,77904.36715681193,86560.40795201325,97380.45894601491,r2,-514342.5524878193,-343644.3117144446,170698.24077337468,0.11262781117628023
268,w99759164,595.7694656141102,mfh,71961.73720566227,79957.48578406918,89952.17150707783,r2,-475107.9425536621,-126922.12438872119,348185.8181649409,0.11262781117628023
269,w99759165,160.50856082765387,mfh,22755.65774251579,25284.064158350877,28444.572178144736,r1,-163209.3069826692,-129214.93459145317,33994.37239121602,0.12235184420952645
270,w99759170,93.69908212199807,sfh,11619.451405943726,12910.501562159696,14524.314257429656,r1,-83337.63114830611,-100923.90271565493,-17586.271567348813,0.12235184420952645
271,w99759172,204.59550149962305,other,17169.669362300792,19077.410402556434,21462.08670287599,nr1,-115078.91288189116,-139935.88503765952,-24856.972155768366,0.12234696239453792
272,w99759176,41.50382452430203,sfh,4163.668093659857,4626.297881844285,5204.585117074821,r0,-36643.96567171066,-34723.417420218386,1920.548251492277,0.15013479573308705
273,w99759177,360.73507672324774,ab,44758.280247853094,49731.42249761455,55947.850309816364,r1,-321017.65563734405,-228852.3966965045,92165.25894083956,0.12235184420952645
274,w99759180,347.1465133147314,education,19069.298725020304,21188.109694467003,23836.62340627538,nr1,-127811.09061504393,-141826.49620573036,-14015.405590686438,0.12234696239453792
275,w99759183,128.67689446713774,sfh,18376.72489710795,20418.583219008833,22970.906121384935,r1,-131802.498042694,-132287.57174313266,-485.07370043866104,0.12235184420952645
276,w99759189,171.2441471248865,ab,18363.415474169808,20403.794971299787,22954.269342712258,r1,-131707.03951019837,-131241.95967986636,465.0798303320189,0.12235184420952645
277,w99759190,369.99921465907244,other,20710.457907946584,23011.619897718425,25888.072384933228,nr1,-138810.88395130774,-161731.8854719673,-22921.00152065957,0.12234696239453792
278,w99759195,184.4751641433686,sfh,22818.050116989565,25353.389018877293,28522.562646236955,r1,-163656.80080218834,-124531.37416759442,39125.426634593925,0.12235184420952645
279,w155463247,886.8482149265707,mfh,90574.02742084471,100637.808245383,113217.53427605589,r2,-597990.5639816949,-371002.3185426536,226988.2454390413,0.11262781117628023
280,w155463249,403.549402025342,trade,23648.752708879776,26276.391898755304,29560.940886099717,nr1,-158504.66862955815,-200133.35275654742,-41628.684126989276,0.12234696239453792
281,w155463253,721.7602650925515,mfh,85711.09171490726,95234.54634989696,107138.86464363408,r2,-565884.3438189487,-151172.4739640745,414711.8698548742,0.11262781117628023
282,w155463254,852.2730644002556,mfh,87014.59305688317,96682.88117431464,108768.24132110395,r2,-574490.3595260485,-153471.51739870288,421018.8421273456,0.11262781117628023
283,w155463255,713.9319995328784,mfh,71073.4939418158,78970.54882423978,88841.86742726975,r2,-469243.556201132,-125355.49014114645,343888.06605998555,0.11262781117628023
284,w155463260,725.1058137452229,mfh,66389.32398774149,73765.91554193498,82986.65498467686,r2,-438317.5886540781,-250002.70707910042,188314.88157497765,0.11262781117628023
285,w155463261,1003.1358517257496,mfh,96812.24176736335,107569.15751929261,121015.30220920418,r2,-639176.6900880281,-392040.0768046658,247136.6132833623,0.11262781117628023
286,w155463268,907.8277638942003,mfh,88048.47049851796,97831.63388724218,110060.58812314743,r2,-581316.2562208979,-346201.70977453474,235114.54644636315,0.11262781117628023
287,w155463269,646.430608794326,mfh,65800.13973759115,73111.26637510127,82250.17467198893,r2,-434427.6587031941,-296045.6707968382,138381.98790635593,0.11262781117628023
288,w155463275,531.2511221051216,mfh,56742.54191479465,63047.26879421628,70928.17739349332,r2,-374627.3143372889,-218255.63952182696,156371.67481546194,0.11262781117628023
289,w155463277,722.3371928531676,mfh,75825.75026506544,84250.83362785049,94782.18783133179,r2,-500619.0456195435,-322181.3275877771,178437.71803176642,0.11262781117628023
290,w155463281,852.691491766274,mfh,81167.2147222987,90185.79413588744,101459.01840287336,r2,-535884.6226754005,-346515.7963951762,189368.82628022425,0.11262781117628023
291,w155463286,75.58565192222595,sfh,11379.481362010443,12643.868180011603,14224.351702513053,r1,-81616.50557109299,-86333.89550996122,-4717.389938868233,0.12235184420952645
292,w155463289,870.3151384696364,mfh,92029.85106537899,102255.39007264332,115037.31383172373,r2,-607602.2465693303,-372120.6651468935,235481.58142243687,0.11262781117628023
293,w155463294,520.8021583877504,mfh,73954.39748668816,82171.55276298684,92442.9968583602,r2,-488263.94410516607,-130436.6681709262,357827.27593423985,0.11262781117628023
294,w155463296,531.2875348292291,mfh,59600.264491446156,66222.51610160685,74500.33061430769,r2,-393494.6561567582,-279087.9592952472,114406.69686151098,0.11262781117628023
295,w155463300,903.6974393147975,mfh,82377.16016846654,91530.17796496282,102971.45021058316,r2,-543872.9608374999,-344810.6093669728,199062.35147052712,0.11262781117628023
296,w155463302,619.062746527791,mfh,73694.19011571503,81882.43346190559,92117.73764464378,r2,-486545.9951859088,-305788.5832966136,180757.4118892952,0.11262781117628023
297,w155463304,1087.9011799693108,mfh,132782.97083749846,147536.6342638872,165978.71354687307,r2,-876663.7178375804,-234195.24591486438,642468.471922716,0.11262781117628023
298,w155463308,740.3594694465398,mfh,74398.41232336155,82664.90258151284,92998.01540420194,r2,-491195.4321946254,-315051.6905639229,176143.74163070245,0.11262781117628023
299,w155463310,722.3160033598542,mfh,78437.63363840502,87152.92626489447,98047.04204800627,r2,-517863.30046779703,-138343.95166084517,379519.3488069519,0.11262781117628023
300,w155463313,774.0583199881017,mfh,75098.58684319264,83442.87427021404,93873.2335539908,r2,-495818.1454372854,-305798.1642910142,190019.98114627122,0.11262781117628023
301,w155463314,1101.9502923069522,mfh,104359.84119134728,115955.37910149698,130449.8014891841,r2,-689007.677676611,-416331.64726812707,272676.03040848393,0.11262781117628023
302,w155463317,740.3064833164215,mfh,74649.75970721088,82944.17745245653,93312.1996340136,r2,-492854.88544080814,-308204.44036234677,184650.44507846137,0.11262781117628023
303,w155463319,828.4481069911271,mfh,78474.43739685023,87193.8193298336,98093.04674606278,r2,-518106.28734710446,-298095.82188872725,220010.4654583772,0.11262781117628023
304,w155463321,781.2118542082608,mfh,75955.85291213829,84395.3921245981,94944.81614017286,r2,-501478.0132233259,-304904.2442638119,196573.76895951398,0.11262781117628023
305,w155463324,722.1055689860135,mfh,76230.77521241456,84700.86134712728,95288.4690155182,r2,-503293.1134907511,-316491.8287353804,186801.2847553707,0.11262781117628023
306,w155463327,780.4636536210775,mfh,78934.78481367027,87705.31645963363,98668.48101708783,r2,-521145.6068877123,-343441.5621826898,177704.04470502253,0.11262781117628023
307,w155463330,867.026127423346,mfh,92798.36038612344,103109.28931791494,115997.9504826543,r2,-612676.1218868301,-163672.60571177784,449003.51617505227,0.11262781117628023
308,w155463331,701.7002469789237,mfh,75620.8436945795,84023.15966064388,94526.05461822437,r2,-499266.2053060713,-328781.89869897364,170484.30660709768,0.11262781117628023
309,w155463336,356.26551316827533,mfh,37646.38639526564,41829.31821696182,47057.98299408205,r1,-270009.36222087004,-153287.80530966897,116721.55691120107,0.12235184420952645
310,w155463337,437.0872274041176,trade,16347.364508861188,18163.7383431791,20434.205636076484,nr1,-109567.4527253485,-127002.8096926287,-17435.356967280197,0.12234696239453792
311,w155463339,868.4495440013707,mfh,96284.55889755068,106982.84321950076,120355.69862193835,r2,-635692.8063974356,-169821.36946169368,465871.4369357419,0.11262781117628023
312,w155463342,722.9579402044416,mfh,72192.16091602764,80213.5121289196,90240.20114503455,r2,-476629.2528943838,-317930.5794367185,158698.6734576653,0.11262781117628023
313,w155463343,844.8904670208692,mfh,87271.28425516972,96968.09361685524,109089.10531896215,r2,-576185.0938643957,-377911.7874569011,198273.30640749465,0.11262781117628023
314,w155463347,1083.6851687338203,mfh,101563.78341079073,112848.64823421191,126954.7292634884,r2,-670547.4610258536,-371795.4150361801,298752.0459896735,0.11262781117628023
315,w155463348,740.608741542697,mfh,73742.38733091138,81935.98592323487,92177.98416363922,r2,-486864.20428755,-295308.7655990808,191555.43868846918,0.11262781117628023
316,w155463352,356.4181080274284,mfh,38492.77211566138,42769.74679517931,48115.965144576716,r1,-276079.85371924244,-73753.01146647513,202326.8422527673,0.12235184420952645
317,w155463353,722.1394314199686,mfh,96023.96050529758,106693.28945033065,120029.95063162198,r2,-633972.2758657405,-169361.740458262,464610.53540747846,0.11262781117628023
318,w155463354,696.3946817303076,mfh,75225.69127239037,83584.10141376707,94032.11409048796,r2,-496657.3181169695,-348063.91951405373,148593.39860291575,0.11262781117628023
319,w155463358,865.4375973489136,mfh,87470.73329689098,97189.70366321219,109338.41662111372,r2,-577501.9023175556,-351650.35496231803,225851.5473552376,0.11262781117628023
320,w155463359,1101.9756921548396,mfh,103923.56216152417,115470.62462391573,129904.4527019052,r2,-686127.2631634624,-412228.68872044067,273898.57444302173,0.11262781117628023
321,w155463364,740.593882034719,mfh,74624.72489312779,82916.3609923642,93280.90611640972,r2,-492689.5998394165,-309165.8260279108,183523.7738115057,0.11262781117628023
322,w155463365,603.6562003400177,mfh,57345.292217422895,63716.9913526921,71681.61527177862,r2,-378606.810487262,-225955.3239564594,152651.48653080256,0.11262781117628023
323,w155463369,722.4004129424691,mfh,76517.50006263371,85019.44451403746,95646.87507829214,r2,-505186.1369078666,-319059.83304026414,186126.30386760243,0.11262781117628023
324,w155463370,696.1379145577084,mfh,67777.64861111336,75308.49845679261,84722.06076389168,r2,-447483.62717704603,-263181.45858153864,184302.1685955074,0.11262781117628023
325,w155463373,865.3327697202564,mfh,87284.13642326384,96982.3738036265,109105.1705290798,r2,-576269.9468345665,-351270.1369431332,224999.80989143334,0.11262781117628023
326,w155463376,746.0008564919234,mfh,78349.89022816702,87055.43358685223,97937.36278520877,r2,-517283.99828958965,-349723.4892478511,167560.50904173858,0.11262781117628023
327,w155463378,701.7079005709849,mfh,75289.53058162499,83655.03397958331,94111.91322703123,r2,-497078.7999216377,-316871.44244226394,180207.35747937375,0.11262781117628023
328,w155463380,903.4881653226912,mfh,80794.44802773364,89771.60891970404,100993.06003466704,r2,-533423.5312095124,-330470.78604435694,202952.74516515544,0.11262781117628023
329,w155463382,654.6620004437864,mfh,67195.36451178146,74661.51612420162,83994.20563972682,r2,-443639.2536091228,-273733.24658801313,169906.0070211097,0.11262781117628023
330,w155463388,654.8312545590103,mfh,81045.45395849762,90050.50439833068,101306.81744812202,r2,-535080.7301038805,-142943.48063141847,392137.24947246205,0.11262781117628023
331,w155463390,658.415929133445,mfh,67307.170216775,74785.74468530556,84133.96277096875,r2,-444377.4205924105,-267605.216864419,176772.2037279915,0.11262781117628023
332,w155463392,746.3197361536323,mfh,74500.89326832342,82778.77029813713,93126.11658540426,r2,-491872.034967188,-312458.3445342773,179413.69043291075,0.11262781117628023
333,w155463395,740.6091377854347,mfh,81203.21252281987,90225.79169202207,101504.01565352484,r2,-536122.2884350971,-143221.7264451218,392900.5619899753,0.11262781117628023
334,w155463397,721.9107812985777,mfh,69115.7372055503,76795.26356172255,86394.67150693786,r2,-456317.9958810777,-274584.8670744662,181733.12880661152,0.11262781117628023
335,w155463400,957.7393607803388,mfh,132263.3739372203,146959.30437468924,165329.2174215254,r2,-873233.2195778886,-233278.80969514634,639954.4098827422,0.11262781117628023
336,w155463402,519.368776667118,mfh,57328.60677905928,63698.45197673253,71660.7584738241,r2,-378496.64938499604,-261057.8789398138,117438.77044518225,0.11262781117628023
337,w155463405,658.592996231094,mfh,66453.3492473543,73837.05471928256,83066.68655919287,r2,-438740.2981459178,-265172.1297753758,173568.168370542,0.11262781117628023
338,w155463406,932.8967588515952,mfh,87329.94975847227,97033.27750941363,109162.43719809034,r2,-576572.4170121582,-375401.81353617134,201170.60347598686,0.11262781117628023
339,w155463408,740.3845857441426,mfh,81123.65596148898,90137.39551276554,101404.56995186122,r2,-535597.037716614,-143081.4089908013,392515.62872581265,0.11262781117628023
340,w155463411,886.3585438661277,mfh,86630.34371086476,96255.9374565164,108287.92963858094,r2,-571953.4569538852,-346633.68233856716,225319.774615318,0.11262781117628023
341,w155463413,436.59599217027426,trade,16616.663351011164,18462.959278901293,20770.829188763953,nr1,-111372.4157296459,-129512.04588508011,-18139.630155434206,0.12234696239453792
342,w155463416,722.4005093876273,mfh,71360.79474582999,79289.7719398111,89200.99343228748,r2,-471140.38219769025,-314240.00654314266,156900.3756545476,0.11262781117628023
343,w155463417,828.3400002270937,mfh,74807.01169807202,83118.90188674668,93508.76462259002,r2,-493893.09925750614,-301985.89188687596,191907.20737063017,0.11262781117628023
344,w155463421,509.4774500131606,mfh,62634.51134401355,69593.90149334838,78293.13918001692,r2,-413527.4518521043,-110471.28027373605,303056.17157836823,0.11262781117628023
345,w155463422,674.0859733853489,mfh,66828.4486191273,74253.83179903033,83535.56077390912,r2,-441216.79048332374,-270751.1447667223,170465.64571660146,0.11262781117628023
346,w155463424,701.7858467099256,mfh,75354.80212003247,83727.55791114719,94193.50265004058,r2,-497509.7376327642,-325451.6956125948,172058.04202016944,0.11262781117628023
347,w155463427,540.3469697440042,mfh,55711.525451732596,61901.69494636955,69639.40681466574,r2,-367820.30648109416,-242665.7629261832,125154.54355491095,0.11262781117628023
348,w155463430,521.3457492198795,mfh,65819.9805171453,73133.31168571701,82274.97564643163,r2,-434558.6520938302,-116089.63428141076,318469.01781241945,0.11262781117628023
349,w155463434,634.5610695700626,mfh,64418.57211226843,71576.19123585381,80523.21514033554,r2,-425306.2314356743,-259567.9565125857,165738.2749230886,0.11262781117628023
350,w155463435,740.6094772338867,mfh,73569.89609015193,81744.3289890577,91962.37011268991,r2,-485725.3774375041,-301926.8588787071,183798.51855879702,0.11262781117628023
351,w155463436,830.3215000247583,mfh,74986.73881598086,83318.59868442318,93733.42351997607,r2,-495079.6990329776,-284681.10444347304,210398.59458950453,0.11262781117628023
352,w155463437,634.6341266736388,mfh,64166.464939277284,71296.07215475253,80208.0811740966,r2,-423641.76188680093,-262084.8724764676,161556.88941033333,0.11262781117628023
353,w155463439,740.3900625675916,mfh,77902.86750022264,86558.74166691404,97378.5843752783,r2,-514332.6514100473,-343733.620785964,170599.0306240833,0.11262781117628023
354,w155463441,304.4361848443746,mfh,36817.49098632539,40908.32331813932,46021.863732906735,r1,-264064.31564014667,-70543.1353897346,193521.1802504121,0.12235184420952645
355,w155463442,681.7836883433163,mfh,68711.68346108304,76346.31495675893,85889.6043263538,r2,-453650.34011470416,-292672.5737989382,160977.76631576597,0.11262781117628023
356,w155463445,701.5969566701912,mfh,73907.62346345419,82119.58162606022,92384.52932931774,r2,-487955.13124424056,-315622.97381413664,172332.15743010392,0.11262781117628023
357,w155463446,527.3302180506289,mfh,52013.41474555332,57792.683050614796,65016.768431941644,r2,-343404.52891409217,-219381.53045698736,124022.99845710481,0.11262781117628023
358,w155463447,540.1562461696565,mfh,59085.19228162839,65650.21364625376,73856.49035203549,r2,-390094.0309443108,-270784.8426046407,119309.18833967013,0.11262781117628023
359,w155463448,488.2503870327026,mfh,51268.34796637681,56964.83107375201,64085.43495797101,r2,-338485.42664856504,-230813.16976993898,107672.25687862607,0.11262781117628023
360,w155463452,416.2699146196246,mfh,40700.76121869014,45223.06802076682,50875.95152336267,r1,-291916.10751635063,-77983.56792378145,213932.53959256917,0.12235184420952645
361,w155463453,826.68092449978,mfh,83117.14823153104,92352.38692392338,103896.4352894138,r2,-548758.532250987,-336594.2057005875,212164.32655039954,0.11262781117628023
362,w155463454,830.106713430956,mfh,73765.5043705863,81961.67152287367,92206.88046323288,r2,-487016.82830114895,-288517.4087413156,198499.41955983336,0.11262781117628023
363,w155463458,653.3753796381876,mfh,58960.56636749198,65511.74040832442,73700.70795936497,r2,-389271.2219912001,-230185.27267654956,159085.94931465056,0.11262781117628023
364,w155463459,716.456727950275,mfh,75283.97896378927,83648.8655153214,94104.97370473658,r2,-497042.14686363505,-320167.55751365627,176874.58934997878,0.11262781117628023
365,w155463463,389.00259175430983,mfh,37000.96483362116,41112.18314846796,46251.206042026446,r1,-265380.23626988265,-70894.67538074237,194485.5608891403,0.12235184420952645
366,w155463464,681.5525098629297,mfh,69179.35495120153,76865.94994577947,86474.19368900191,r2,-456738.0148720018,-288426.96557287447,168311.0492991273,0.11262781117628023
367,w155463468,854.9059582386632,mfh,81699.0096870192,90776.67743002134,102123.762108774,r2,-539395.655362489,-321251.0325702909,218144.62279219815,0.11262781117628023
368,w155463469,716.6904537379742,mfh,100679.18201464991,111865.75779405545,125848.97751831239,r2,-664707.1191216634,-177572.36219156522,487134.75693009817,0.11262781117628023
369,w155463470,608.2978411447257,mfh,64367.74654988399,71519.71838875998,80459.68318735498,r2,-424970.66938129254,-113528.26448418795,311442.4048971046,0.11262781117628023
370,w155463473,376.1376306014136,mfh,43550.29606288637,48389.217847651526,54437.870078607964,r1,-312353.68890409125,-83443.3403560355,228910.34854805574,0.12235184420952645
371,w155463474,720.4433401308954,mfh,67276.75041664802,74751.94490738669,84095.93802081002,r2,-444176.5820744363,-295504.8822580897,148671.69981634658,0.11262781117628023
372,w155463478,851.8925360153429,mfh,87684.85616685112,97427.61796316791,109606.0702085639,r2,-578915.5907602027,-154653.69033003994,424261.9004301628,0.11262781117628023
373,w155463479,376.5337288361043,mfh,37121.41584101446,41246.017601127176,46401.76980126807,r1,-266244.1412232997,-168550.56305649548,97693.57816680425,0.12235184420952645
374,w155463480,664.0854127705097,mfh,73172.86575571459,81303.18417301621,91466.08219464324,r2,-483104.0918397591,-129058.24581170954,354045.84602804953,0.11262781117628023
375,w155463484,531.1159037780716,mfh,68085.21955592721,75650.24395103024,85106.52444490901,r2,-449514.28130595025,-120084.93737184032,329429.3439341099,0.11262781117628023
376,w155463485,716.6882258921862,mfh,74226.11389675422,82473.45988528247,92782.64237094278,r2,-490057.87834796525,-301016.4778453062,189041.40050265903,0.11262781117628023
377,w155463490,790.5601109853014,mfh,73479.01625668757,81643.35139631951,91848.77032085945,r2,-485125.3678716778,-303632.87348865,181492.49438302778,0.11262781117628023
378,w155463491,681.5525530032813,mfh,68426.0537270324,76028.94858559156,85532.5671587905,r2,-451764.5469064453,-280655.54328879376,171109.00361765153,0.11262781117628023
379,w155463494,531.001435648324,mfh,56124.10929184654,62360.12143538504,70155.13661480817,r2,-370544.27990112436,-225446.87487129253,145097.40502983183,0.11262781117628023
380,w155463495,716.4590312853455,mfh,79038.97749810597,87821.08610900663,98798.72187263246,r2,-521833.51095803676,-358722.2149722859,163111.29598575085,0.11262781117628023
381,w155463496,611.941689690575,mfh,60485.334200613484,67205.92688957053,75606.66775076685,r2,-399338.0899712766,-255259.03074542337,144079.0592258532,0.11262781117628023
382,w155463500,1108.025532820262,mfh,100906.99247980208,112118.88053311342,126133.7405997526,r2,-666211.1762163567,-406985.73453866865,259225.44167768804,0.11262781117628023
383,w155463502,540.1563036605716,mfh,59609.47184418452,66232.74649353835,74511.83980523064,r2,-393555.44521752506,-264129.6957095728,129425.74950795225,0.11262781117628023
384,w155463507,1267.198863344267,mfh,124829.28501538603,138699.20557265115,156036.60626923252,r2,-824151.6544355765,-519472.8227704374,304678.8316651391,0.11262781117628023
385,w155463508,530.6506136165466,mfh,59404.70237854505,66005.22486505006,74255.87797318131,r2,-392203.51010178804,-260718.78063283954,131484.7294689485,0.11262781117628023
386,w155463511,1747.3368958860635,mfh,164794.07162005454,183104.52402228283,205992.58952506818,r2,-1088008.3687902458,-641594.8746249431,446413.4941653027,0.11262781117628023
387,w155463513,612.2091895099729,mfh,81863.33408033723,90959.26008926358,102329.16760042153,r2,-540480.5628070881,-144386.01226823142,396094.5505388567,0.11262781117628023
388,w155463514,830.106801855378,mfh,74653.97590525495,82948.86211694994,93317.46988156869,r2,-492882.72175015684,-291872.9195981937,201009.80215196311,0.11262781117628023
389,w155463518,691.345141955465,mfh,72173.4858662746,80192.76207363844,90216.85733284324,r2,-476505.95592005015,-291112.90419581375,185393.0517242364,0.11262781117628023
390,w155463519,507.32179623667616,mfh,55562.18913504426,61735.76570560473,69452.73641880532,r2,-366834.35376614565,-234340.49441187122,132493.85935427443,0.11262781117628023
391,w155463522,1139.1653657640795,mfh,129564.6746402093,143960.74960023255,161955.84330026162,r2,-855415.786031092,-228518.99342106067,626896.7926100313,0.11262781117628023
392,w155463523,446.09937440417707,mfh,52022.345619720814,57802.60624413424,65027.93202465102,r2,-343463.4925997352,-91754.1304328005,251709.3621669347,0.11262781117628023
393,w155463528,681.6119319483638,mfh,68495.57242516302,76106.19158351446,85619.46553145377,r2,-452223.52534304763,-281606.64731805876,170616.87802498887,0.11262781117628023
394,w155463529,691.3949336603283,mfh,83645.16797269836,92939.0755252204,104556.45996587294,r2,-552244.6400437541,-147528.71214886336,404715.9278948908,0.11262781117628023
395,w155463531,507.3216828555101,mfh,54061.208972385146,60068.00996931683,67576.51121548143,r2,-356924.53745839366,-226788.9085138881,130135.62894450556,0.11262781117628023
396,w155463534,640.8467616457492,mfh,62761.80582241785,69735.3398026865,78452.25727802231,r2,-414367.8792803676,-241816.90409608092,172550.97518428665,0.11262781117628023
397,w155463535,684.7868416263722,mfh,63983.21967634138,71092.46630704598,79979.02459542672,r2,-422431.93450857414,-272763.1309128525,149668.80359572166,0.11262781117628023
398,w155463536,691.6131192699074,mfh,70337.30683773482,78152.56315303869,87921.63354716853,r2,-464383.0795931974,-276700.86882333545,187682.21076986194,0.11262781117628023
399,w155463537,507.3215693686623,mfh,56345.158000452444,62605.73111161382,70431.44750056555,r2,-372003.69432367716,-262545.29823615623,109458.39608752093,0.11262781117628023
400,w155463538,643.413233704865,mfh,67471.69315381986,74968.54794868872,84339.61644227481,r2,-445463.6388683655,-119002.8335018144,326460.8053665511,0.11262781117628023
401,w155463539,710.019569536671,mfh,70101.74839593095,77890.83155103438,87627.18549491368,r2,-462827.8685743648,-270903.82003934385,191924.04853502096,0.11262781117628023
402,w155463540,840.6794232809916,mfh,76273.68228195352,84748.53586883724,95342.1028524419,r2,-503576.395833858,-315151.4515213544,188424.94431250362,0.11262781117628023
403,w155463541,696.2558067506179,mfh,69091.86352939304,76768.73725488115,86364.8294117413,r2,-456160.3763793716,-284960.219603182,171200.15677618963,0.11262781117628023
404,w155463542,640.557884996757,mfh,65685.4859572708,72983.87328585643,82106.85744658849,r2,-433670.6880714495,-115852.42022959855,317818.267841851,0.11262781117628023
405,w155463543,587.0278481058776,mfh,64620.647257978446,71800.7191755316,80775.80907247306,r2,-426640.37803145655,-286340.2991090615,140300.07892239507,0.11262781117628023
406,w155463544,825.5248426020145,mfh,98226.61890138821,109140.68766820912,122783.27362673526,r2,-648514.7332792452,-173246.6672789625,475268.0660002827,0.11262781117628023
407,w155463545,709.4769112125038,mfh,68799.48875180824,76443.87639089805,85999.3609397603,r2,-454230.05084212247,-290663.14984958095,163566.90099254152,0.11262781117628023
408,w155463546,647.0489746004342,mfh,65167.88665066121,72408.76294517911,81459.8583133265,r2,-430253.3783846688,-253043.4082291924,177209.9701554764,0.11262781117628023
409,w155463547,586.4484846569597,mfh,65038.9578364076,72265.50870711956,81298.6972955095,r2,-429402.1606951785,-114712.10975679154,314690.05093838694,0.11262781117628023
410,w155463548,500.40091222245246,mfh,58521.66054916764,65024.06727685293,73152.07568645955,r2,-386373.4648161204,-103217.2619516963,283156.2028644241,0.11262781117628023
411,w155463549,672.5395986035466,mfh,71071.92574614852,78968.80638460947,88839.90718268565,r2,-469233.202612601,-300615.09033237054,168618.11228023045,0.11262781117628023
412,w155463551,586.1050742082298,mfh,58460.95059670617,64956.61177411796,73076.1882458827,r2,-385972.6437447215,-226592.83684176765,159379.80690295383,0.11262781117628023
413,w155463552,667.035758360289,mfh,68669.64406031062,76299.60451145624,85837.05507538827,r2,-453372.7863203859,-297373.4569230941,155999.32939729176,0.11262781117628023
414,w155463553,817.6307530952618,mfh,76749.54752122253,85277.27502358059,95936.93440152815,r2,-506718.1676078739,-325842.5020431713,180875.6655647026,0.11262781117628023
415,w155463556,732.9133296664804,mfh,64357.9958795773,71508.88431064144,80447.49484947162,r2,-424906.29321295896,-249806.83288024284,175099.46033271612,0.11262781117628023
416,w155463558,710.1379440590739,mfh,77163.4124884325,85737.12498714722,96454.26561054062,r2,-509450.5993236928,-305896.2105209463,203554.3888027465,0.11262781117628023
417,w155463561,654.0662793286144,mfh,66767.48224207119,74186.09138007909,83459.35280258898,r2,-440814.27643776505,-117760.78531888331,323053.49111888174,0.11262781117628023
418,w155463562,586.3292756803334,mfh,59654.3554106497,66282.61712294411,74567.94426331212,r2,-393851.776847997,-255131.70345362707,138720.07339436992,0.11262781117628023
419,w155463566,653.8032613813876,mfh,66481.29901255308,73868.11001394787,83101.62376569134,r2,-438924.82892510813,-274088.8785478019,164835.9503773062,0.11262781117628023
420,w155463567,133.41999841853976,sfh,16572.97361038044,18414.415122644932,20716.217012975547,r1,-118865.53964724977,-138032.2363698286,-19166.69672257884,0.12235184420952645
421,w155463569,886.7166110530495,mfh,90690.7250070177,100767.47223001966,113363.40625877211,r2,-598761.0282898197,-346882.0842165137,251878.94407330605,0.11262781117628023
422,w155463572,311.3570919752121,mfh,35890.06917924034,39877.854643600374,44862.58647405042,r1,-257412.61292393983,-68766.17448479698,188646.43843914283,0.12235184420952645
423,w155463574,863.4385226266459,mfh,80266.77887142508,89185.30985713897,100333.47358928135,r2,-529939.7380586285,-329808.3792049685,200131.35885366,0.11262781117628023
424,w155463577,931.9227139726281,mfh,104741.59050899002,116379.54500998891,130926.98813623752,r2,-691528.074486351,-184737.41317918737,506790.66130716365,0.11262781117628023
425,w155463578,931.2066993936896,mfh,95901.79540846782,106557.55045385312,119877.24426058478,r2,-633165.7137945556,-390668.3340125327,242497.3797820229,0.11262781117628023
426,w155463581,136.57608463019133,sfh,20238.058157433414,22486.731286037128,25297.572696791765,r1,-145152.44885136376,-126138.40937433646,19014.039477027298,0.12235184420952645
427,w155463583,949.1963916398585,mfh,98696.62464541465,109662.91627268294,123370.7808067683,r2,-651617.8193177968,-420909.3135540428,230708.50576375407,0.11262781117628023
428,w155463586,949.1754787907004,mfh,101711.11223859426,113012.34693177139,127138.89029824281,r2,-671520.1598373974,-179392.42353707762,492127.7363003198,0.11262781117628023
429,w155463589,722.9646147996187,mfh,79863.38270239974,88737.09189155528,99829.22837799968,r2,-527276.4237565862,-140858.60885332333,386417.8149032628,0.11262781117628023
430,w155463591,591.1442194825038,mfh,72104.48386231158,80116.0931803462,90130.60482788947,r2,-476050.38881719863,-324621.4882975994,151428.9005195992,0.11262781117628023
431,w155463593,535.6290349200369,mfh,57403.922688774626,63782.13632086069,71754.90336096828,r2,-378993.90234602656,-248844.72673960315,130149.1756064234,0.11262781117628023
432,w155463596,724.8313003255054,mfh,67296.75836170698,74774.1759574522,84120.94795213372,r2,-444308.6791301887,-271655.2054267187,172653.47370347002,0.11262781117628023
433,w155463597,752.1160736689344,mfh,96345.81377389302,107050.90419321446,120432.26721736627,r2,-636097.2251816461,-169929.4074182027,466167.81776344334,0.11262781117628023
434,w155463600,535.4490051213652,mfh,64489.169061256325,71654.6322902848,80611.4613265704,r2,-425772.3287324689,-113742.42278122775,312029.90595124115,0.11262781117628023
435,w155463601,907.8308945208788,mfh,90872.07987539202,100968.97763932447,113590.09984424003,r2,-599958.3748482995,-381953.6325743344,218004.74227396515,0.11262781117628023
436,w155463605,389.4215188790113,mfh,42998.73447932191,47776.37164369101,53748.41809915238,r1,-308397.75034892355,-82386.53603768542,226011.21431123815,0.12235184420952645
437,w155463606,690.2915003947913,mfh,72619.17804943162,80687.97561047958,90773.97256178952,r2,-479448.51823683816,-303632.4044371202,175816.11379971798,0.11262781117628023
438,w155463610,725.1058211326599,mfh,66694.63523034648,74105.15025594053,83368.2940379331,r2,-440333.32370919496,-261522.40584855867,178810.91786063628,0.11262781117628023
439,w155463611,1002.8680375270545,mfh,112403.2420384642,124892.49115384911,140504.05254808025,r2,-742112.0603110453,-198250.60958337926,543861.450727666,0.11262781117628023
440,w155463612,535.6290688522159,mfh,63516.22491576578,70573.58323973975,79395.28114470722,r2,-419348.72767538833,-112026.39781223197,307322.32986315637,0.11262781117628023
441,w155463616,543.6235096465331,mfh,57717.03913082603,64130.04347869559,72146.29891353253,r2,-381061.16912333644,-228833.30867066584,152227.8604526706,0.11262781117628023
442,w155463618,752.1486698825844,mfh,78276.75754478379,86974.17504975977,97845.94693097973,r2,-516801.1594910164,-316617.2894297468,200183.8700612696,0.11262781117628023
443,w155463621,238.18491610530762,mfh,25941.058157091844,28823.39795232427,32426.322696364805,r1,-186055.80080885856,-124639.09034479829,61416.71046406028,0.12235184420952645
444,w155463623,73.76475410088896,mfh,9386.532258258556,10429.48028695395,11733.165322823193,r1,-67322.57279377936,-53416.96734330131,13905.605450478048,0.12235184420952645
445,w155463625,52.41574023310095,sfh,7168.165529890833,7964.628366545369,8960.206912363541,r1,-51411.888054755,-44480.48307893061,6931.404975824393,0.12235184420952645
446,w155463626,98.3909645654261,mfh,11326.695090576788,12585.216767307542,14158.368863220985,r1,-81237.90914130096,-56380.81327657459,24857.09586472637,0.12235184420952645
447,w155463629,643.7923131911084,mfh,60925.212855087026,67694.68095009669,76156.51606885878,r2,-402242.2700343971,-238172.42815224265,164069.84188215443,0.11262781117628023
448,w155463631,546.7249739198014,mfh,62732.02766693095,69702.25296325661,78415.03458366368,r2,-414171.27704790625,-110643.27416031888,303528.00288758735,0.11262781117628023
449,w155463632,612.4270064728335,mfh,67447.16411095476,74941.2934566164,84308.95513869345,r2,-445301.6924848987,-118959.57053526373,326342.121949635,0.11262781117628023
450,w155463633,683.6260891854763,mfh,67343.37274848943,74825.96972054381,84179.21593561179,r2,-444616.4380345398,-271155.55847784784,173460.87955669197,0.11262781117628023
451,w155463638,279.5906790524721,ab,31093.580676718997,34548.42297413222,38866.97584589874,r1,-223010.9896746924,-179028.2523999337,43982.73727475869,0.12235184420952645
452,w155463639,282.758548167441,other,12733.875761949328,14148.750846610365,15917.34470243666,nr1,-85348.2119274674,-141811.33850667605,-56463.12657920865,0.12234696239453792
453,w155463640,56.80619836300611,sfh,8149.209288913908,9054.67698768212,10186.511611142383,r1,-58448.18091174744,-63895.00998395402,-5446.829072206579,0.12235184420952645
454,w155463643,240.41873629689215,ab,28483.777730710135,31648.64192301126,35604.72216338767,r1,-204292.82582291242,-180679.10282974326,23613.722993169155,0.12235184420952645
455,w155463644,98.43792371228336,mfh,11153.843250929993,12393.159167699992,13942.30406366249,r1,-79998.17222494169,-57828.193977544746,22169.978247396946,0.12235184420952645
456,w155463645,98.39091195091605,mfh,11053.44919247696,12281.61021386329,13816.811490596201,r1,-79278.12075946889,-59012.68083994402,20265.43991952487,0.12235184420952645
457,w155463647,97.66299930792302,mfh,9369.723502372359,10410.803891524843,11712.154377965448,r1,-67202.01616428226,-53674.802066250246,13527.214098032018,0.12235184420952645
458,w155463653,376.11661268314344,mfh,49110.00769747382,54566.67521941535,61387.50962184227,r1,-352229.3406286799,-94095.87207559928,258133.46855308063,0.12235184420952645
459,w155463654,482.5493668295443,mfh,52586.0148678914,58428.905408768216,65732.51858486424,r2,-347184.966638275,-231020.24077333312,116164.7258649419,0.11262781117628023
460,w155463656,73.78574474137277,mfh,10518.511422655341,11687.23491406149,13148.139278319177,r1,-75441.41238217945,-61684.916102477066,13756.496279702384,0.12235184420952645
461,w155463657,470.15250823192764,mfh,44569.71600670739,49521.906674119324,55712.145008384236,r1,-319665.2254212047,-183184.5787451721,136480.6466760326,0.12235184420952645
462,w155463660,49.947176152281465,mfh,6130.094348688484,6811.2159429872045,7662.617935860605,r1,-43966.580166942425,-34391.47987047839,9575.100296464036,0.12235184420952645
463,w155463661,78.16354378722608,sfh,10628.335831745004,11809.262035272226,13285.419789681255,r1,-76229.1006968888,-77250.79599279363,-1021.6952959048358,0.12235184420952645
464,w155463663,104.99722011834383,sfh,12659.813951807402,14066.45994645267,15824.767439759253,r1,-90799.37328041306,-80541.5273355896,10257.84594482345,0.12235184420952645
465,w155463665,467.86907609552145,trade,25152.751602532997,27947.501780592218,31440.939503166246,nr1,-168585.15148598436,-193102.03652038082,-24516.88503439646,0.12234696239453792
466,w155463667,587.3173447391018,mfh,62170.68286456457,69078.53651618285,77713.3535807057,r2,-410465.1495352633,-261636.93036644964,148828.21916881367,0.11262781117628023
467,w155463669,557.4523567564785,mfh,63822.83861379559,70914.26512643954,79778.54826724448,r2,-421373.0618408266,-302025.26547451766,119347.79636630893,0.11262781117628023
468,w155463671,449.48969881236553,mfh,44460.06219337882,49400.06910375424,55575.07774172352,r1,-318878.76066224824,-219768.5141585037,99110.24650374454,0.12235184420952645
469,w155576276,58.73152135126293,other,7036.542804460303,7818.380893844781,8795.678505575379,nr1,-47162.1019192227,-73875.65969156925,-26713.557772346547,0.12234696239453792
470,w159548666,1258.4072781499474,other,45034.07044829587,50037.85605366207,56292.58806036983,nr1,-301838.769313489,-367908.6057304345,-66069.83641694544,0.12234696239453792
471,w159548667,15669.025621107221,trade,613413.7969842755,681570.8855380839,766767.2462303443,nr2,-3784772.7777698915,-3414970.677563523,369802.1002063686,0.11262781117628023
472,w159548669,2256.2803165019486,trade,261494.21083095495,290549.1231455055,326867.76353869366,nr2,-1613423.3947183117,-431036.4472881233,1182386.9474301883,0.11262781117628023
473,w159548670,188.14899220019578,mfh,23028.989782019133,25587.766424465703,28786.237227523914,r1,-165169.7131923369,-115451.23364472407,49718.479547612835,0.12235184420952645
474,w159548671,318.3455893772654,other,12677.331192583715,14085.923547315238,15846.663990729643,nr1,-84969.22457280951,-89434.7729361709,-4465.548363361391,0.12234696239453792
475,w159548672,170.00981159284711,ab,21983.144401197525,24425.716001330584,27478.930501496907,r1,-157668.6467873871,-127448.8007753531,30219.846012033988,0.12235184420952645
476,w159548674,118.95309109317604,trade,10044.893361266411,11160.992623629345,12556.116701583014,nr1,-67325.43205329159,-87984.85927995239,-20659.427226660802,0.12234696239453792
477,w159548675,865.047436706489,mfh,94066.05527670533,104517.83919633925,117582.56909588166,r2,-621045.735165187,-427334.49486981047,193711.24029537657,0.11262781117628023
478,w159548677,106.67055884185247,other,5052.772241354683,5614.191379282981,6315.965301693353,nr1,-33865.97169143012,-59060.796714969074,-25194.825023538957,0.12234696239453792
479,w159872586,633.9711885744706,mfh,61528.304105702184,68364.7823396691,76910.38013212773,r2,-406224.01720140874,-273204.0294368692,133019.98776453955,0.11262781117628023
480,w159872589,1091.462102752924,mfh,104981.15974855874,116645.73305395416,131226.4496856984,r2,-693109.76571464,-432925.08458028064,260184.6811343594,0.11262781117628023
481,w159872591,2692.1037788091226,mfh,238842.17683578568,265380.1964842063,298552.7210447321,r2,-1576890.9928783553,-880232.8946087583,696658.098269597,0.11262781117628023
482,w159872593,436.90541737405584,mfh,41771.57313857874,46412.85904286526,52214.46642322342,r1,-299596.2402258206,-181204.0688931685,118392.17133265213,0.12235184420952645
483,w159872596,218.88012801047884,mfh,23926.839112240952,26585.376791378836,29908.54889030119,r1,-171609.3146584185,-127306.1950011529,44303.119657265604,0.12235184420952645
484,w159872599,487.8712977081537,mfh,46825.5540892305,52028.39343247833,58531.94261153812,r1,-335844.66414715414,-204251.56530129092,131593.09884586322,0.12235184420952645
485,w159872601,629.8896718598901,mfh,59138.13100415723,65709.03444906359,73922.66375519653,r2,-390443.54456806084,-251550.73951455846,138892.80505350238,0.11262781117628023
486,w159872603,453.131132603623,mfh,41977.27905722256,46641.42117469173,52471.59882152819,r1,-301071.6148690842,-178051.84048337108,123019.77438571313,0.12235184420952645
487,w159872608,317.054659525305,mfh,36148.8017943321,40165.33532703567,45186.00224291513,r1,-259268.30838573453,-178816.41433948334,80451.8940462512,0.12235184420952645
488,w159872611,474.9952949794941,mfh,49392.47210315651,54880.52455906279,61740.59012894564,r1,-354255.2464680269,-228522.52463592283,125732.72183210406,0.12235184420952645
489,w159872613,461.6615135567263,mfh,49483.41463924298,54981.57182138109,61854.26829905373,r1,-354907.50923528534,-243526.89433566213,111380.61489962321,0.12235184420952645
490,w159872615,129.00588214695452,mfh,16719.873106670097,18577.636785188995,20899.841383337618,r1,-119919.13982250393,-95352.21041021106,24566.92941229287,0.12235184420952645
491,w159872617,185.93316667452453,mfh,23274.884584316744,25860.98287146305,29093.605730395928,r1,-166933.3326283355,-112806.41378907538,54126.918839260135,0.12235184420952645
492,w159872620,129.2747205838561,mfh,17497.094806705965,19441.216451895518,21871.368508382457,r1,-125493.56955202763,-86759.59047310456,38733.979078923076,0.12235184420952645
493,w159872622,447.3657494872576,mfh,46366.44062561429,51518.26736179365,57958.05078201786,r1,-332551.7867857929,-230148.79428191908,102402.99250387383,0.12235184420952645
494,w159872625,238.36158968657256,mfh,25116.058872769172,27906.732080854636,31395.073590961463,r1,-180138.6982148988,-128371.0543073918,51767.643907506994,0.12235184420952645
495,w159872628,167.04002443812786,mfh,19006.772350224233,21118.635944693593,23758.46543778029,r1,-136321.35701626615,-114173.75802935437,22147.598986911777,0.12235184420952645
496,w159872630,195.52493976540862,mfh,18074.7621351929,20083.069039103222,22593.452668991125,r1,-129636.74508295208,-81862.93206936591,47773.81301358617,0.12235184420952645
497,w159872632,133.65780365467072,th,16477.88462317202,18308.760692413354,20597.355778965022,r1,-118183.53748850862,-31571.995124289817,86611.5423642188,0.12235184420952645
498,w159872635,49.369007284846155,th,6739.6868476192685,7488.540941799187,8424.608559524086,r1,-48338.73105873762,-63019.66035095677,-14680.929292219153,0.12235184420952645
499,w159872640,133.91130499513818,mfh,16908.877072954834,18787.64119217204,21136.09634119354,r1,-121274.72385805893,-86214.50166366233,35060.2221943966,0.12235184420952645
500,w159872643,87.82295271442271,other,9591.78852868142,10657.542809646022,11989.735660851775,nr1,-64288.517919703125,-77263.08940808637,-12974.57148838324,0.12234696239453792
501,w159872648,133.79360626488923,mfh,16965.31316645674,18850.347962729713,21206.641458070924,r1,-121679.49773071417,-95683.92260255058,25995.57512816359,0.12235184420952645
502,w159872651,467.48304517045614,other,34799.30109969496,38665.890110772176,43499.126374618696,nr1,-233240.7022581044,-269510.2187341927,-36269.51647608832,0.12234696239453792
503,w159872654,134.11286987382917,mfh,15572.749109392586,17303.054565991763,19465.93638674073,r1,-111691.67767936162,-74851.87130998725,36839.80636937436,0.12235184420952645
504,w159872660,131.42538360562176,mfh,16010.967487406166,17789.96387489574,20013.709359257708,r1,-114834.69022560143,-78479.7279463373,36354.96227926413,0.12235184420952645
505,w159872663,509.8066861014813,other,40789.69983623175,45321.88870692417,50987.12479528969,nr1,-273391.07206332305,-73038.1850221281,200352.88704119495,0.12234696239453792
506,w159872669,96.41428965386004,other,6140.942525975589,6823.26947330621,7676.178157469486,nr1,-41159.382574432195,-69225.65380781596,-28066.27123338377,0.12234696239453792
507,w159872671,385.8471666022902,mfh,41085.27500261371,45650.30555845967,51356.59375326713,r1,-294673.93719148234,-181090.71278660797,113583.22440487437,0.12235184420952645
508,w159872676,450.3884779855609,trade,21572.307796555673,23969.230885061857,26965.38474569459,nr1,-144587.39287268993,-167792.76989518976,-23205.37702249983,0.12234696239453792
509,w159872680,74.82275880910456,trade,6347.627257792996,7052.919175325551,7934.534072241245,nr1,-42544.677407136245,-63019.64649518776,-20474.96908805151,0.12234696239453792
510,w159872682,128.20031198486686,mfh,17098.113549140475,18997.903943489415,21372.641936425593,r1,-122631.9755131669,-102390.73002818682,20241.24548498007,0.12235184420952645
511,w159872688,74.73616111706941,trade,5317.786693607912,5908.651881786568,6647.23336700989,nr1,-35642.218771077125,-52401.67739865668,-16759.458627579552,0.12234696239453792
512,w159872690,271.2794532585889,mfh,37662.36732773164,41847.07480859071,47077.95915966455,r1,-270123.9814923596,-182014.19356943166,88109.78792292794,0.12235184420952645
513,w159872699,406.91918786983007,mfh,43877.34349126553,48752.60387918392,54846.67936408191,r1,-314699.3554077888,-181599.29144960718,133100.06395818165,0.12235184420952645
514,w159872700,406.7131608505966,mfh,40678.93594210743,45198.8177134527,50848.66992763429,r1,-291759.5711373071,-174335.28372212933,117424.28741517777,0.12235184420952645
515,w159872708,435.5580747295171,mfh,46872.894326570284,52080.9936961892,58591.11790821285,r1,-336184.2002491664,-227446.86797280423,108737.33227636217,0.12235184420952645
516,w159872710,142.59727319749075,mfh,15785.244708098155,17539.160786775727,19731.555885122692,r1,-113215.74961760342,-85432.87339561415,27782.876221989267,0.12235184420952645
517,w159872717,364.7500545413,mfh,42624.77941045999,47360.86601162221,53280.97426307498,r1,-305715.6504367958,-187438.7599243143,118276.89051248148,0.12235184420952645
518,w159872718,186.0198295045644,mfh,25865.705318047403,28739.672575608223,32332.131647559254,r1,-185515.35127411966,-139165.82325478696,46349.528019332705,0.12235184420952645
519,w159872719,169.79583046399057,mfh,20853.61252597942,23170.680584421578,26067.015657474276,r1,-149567.35977318016,-126998.3895873834,22568.97018579676,0.12235184420952645
520,w159872726,172.48843573874328,mfh,18695.70090016346,20773.001000181623,23369.626125204326,r1,-134090.27425166403,-99830.96459845948,34259.309653204546,0.12235184420952645
521,w159872727,172.59632431017235,mfh,21043.444879268325,23381.60542140925,26304.306099085406,r1,-150928.88520890885,-40319.710589078415,110609.17461983043,0.12235184420952645
522,w159872732,140.4957689295523,mfh,18976.199229647278,21084.665810719198,23720.249037059097,r1,-136102.07889747375,-108897.94551817256,27204.133379301187,0.12235184420952645
523,w159872736,118.37831126665697,mfh,14679.616639748732,16310.68515527637,18349.520799685914,r1,-105285.90672500477,-80568.88671927399,24717.02000573078,0.12235184420952645
524,w159872737,187.97203346798193,mfh,24944.26660849226,27715.85178721362,31180.333260615324,r1,-178906.56083988314,-134061.0044954169,44845.556344466226,0.12235184420952645
525,w159872743,753.6066189933568,other,31827.00488865078,35363.33876516753,39783.75611081347,nr1,-213319.02470495593,-255105.42129492003,-41786.396589964104,0.12234696239453792
526,w159872746,394.377677144669,mfh,44537.18740147157,49485.76377941285,55671.484251839465,r1,-319431.92207406694,-85334.24621213063,234097.6758619363,0.12235184420952645
527,w159872748,575.8923149108887,trade,55207.313642999135,61341.45960333237,69009.14205374892,nr2,-340629.9937123581,-91001.49583190137,249628.49788045674,0.11262781117628023
528,w159872750,127.08080641776323,mfh,17865.116812482014,19850.129791646683,22331.396015602517,r1,-128133.11604181591,-174241.97671089898,-46108.860669083064,0.12235184420952645
529,w159872753,434.5401292324066,other,25725.96143987,28584.401599855555,32157.451799837498,nr1,-172427.06384562392,-201165.32925968498,-28738.265414061054,0.12234696239453792
530,w159872756,252.43327465518377,mfh,33635.93448393886,37373.260537709844,42044.91810492357,r1,-241245.39132004027,-168699.37097134482,72546.02034869546,0.12235184420952645
531,w159872759,386.07803563163617,mfh,40885.04737063046,45427.83041181162,51106.30921328808,r1,-293237.85419952765,-193633.35496961852,99604.49922990912,0.12235184420952645
532,w159872763,1345.7076428122818,trade,70170.62199602295,77967.35777335883,87713.27749502868,nr2,-432953.8416569669,-404676.28462156147,28277.55703540542,0.11262781117628023
533,w159872767,486.0339612279087,mfh,45082.85482234876,50092.060913720845,56353.568527935946,r1,-323345.5862103487,-186017.539479521,137328.04673082771,0.12235184420952645
534,w159872769,563.4171857964247,other,35443.64525157622,39381.82805730691,44304.55656447027,nr1,-237559.3890630531,-262124.69274072754,-24565.30367767444,0.12234696239453792
535,w159872774,2747.8572637828997,other,119011.47723873041,132234.97470970044,148764.346548413,nr2,-734302.686880834,-765339.7047914533,-31037.017910619266,0.11262781117628023
536,w159872776,80.53474041707815,sfh,12444.034937831644,13826.705486479605,15555.043672289554,r1,-89251.75186112143,-80980.32142340438,8271.430437717048,0.12235184420952645
537,w159872779,530.1892838459462,trade,41088.84380523203,45654.270894702255,51361.054756540034,nr1,-275396.07064665697,-276099.21496363985,-703.1443169828854,0.12234696239453792
538,w159872782,386.9254036822822,mfh,34779.397511211064,38643.77501245674,43474.246889013826,r1,-249446.59606450796,-145024.84190598398,104421.75415852398,0.12235184420952645
539,w159872787,649.6997715241275,sfh,73844.5187104147,82049.46523379411,92305.64838801838,r2,-487538.4991485442,-298386.091077215,189152.40807132924,0.11262781117628023
540,w159872789,103.62989482581615,mfh,13622.502345110554,15136.113716789503,17028.12793138819,r1,-97704.01683275962,-78700.43220183492,19003.5846309247,0.12235184420952645
541,w159872791,7102.280937734339,other,341045.9633446604,378939.9592718449,426307.4541808255,nr2,-2104258.9592556353,-1771434.8137897004,332824.1454659349,0.11262781117628023
542,w159872796,295.65545302389654,other,14692.2812732514,16324.756970279332,18365.35159156425,nr1,-98474.33407151936,-122771.97508476899,-24297.641013249624,0.12234696239453792
543,w159872797,3172.659030787088,other,124134.27925297005,137926.9769477445,155167.84906621257,nr2,-765910.4559018755,-842525.411835417,-76614.95593354153,0.11262781117628023
544,w159872802,393.79842739673325,mfh,39710.81716874246,44123.130187491624,49638.521460928074,r1,-284815.97953184025,-169109.71221996867,115706.26731187158,0.12235184420952645
545,w159872803,469.9664310747758,mfh,46940.21759095484,52155.79732328315,58675.271988693545,r1,-336667.05965267576,-89938.50574913435,246728.5539035414,0.12235184420952645
546,w159872804,664.4021281981841,mfh,71285.2107419375,79205.78971326388,89106.51342742186,r2,-470641.3592172318,-125728.90450110596,344912.45471612585,0.11262781117628023
547,w159872808,295.65545226749964,other,15824.74835213696,17583.053724596622,19780.935440171197,nr1,-106064.64216439563,-124073.17676620574,-18008.53460181011,0.12234696239453792
548,w159872809,678.8678823016584,other,34505.649287262946,38339.61031918105,43132.06160907868,nr1,-231272.51459954225,-261653.30613866527,-30380.79153912302,0.12234696239453792
549,w159872812,337.05531151816245,mfh,38041.70913462511,42268.56570513901,47552.136418281385,r1,-272844.7164459779,-179655.45253698793,93189.26390898999,0.12235184420952645
550,w159872814,765.4437305399682,mfh,79399.36095195425,88221.51216883806,99249.2011899428,r2,-524212.84542016766,-323989.9988809971,200222.84653917054,0.11262781117628023
551,w159872815,1229.117813373683,mfh,149792.9605537908,166436.62283754532,187241.2006922385,r2,-988967.5827911171,-670742.8014084862,318224.7813826309,0.11262781117628023
552,w159872820,336.8380303993821,mfh,38637.43829336847,42930.48699263163,48296.797866710585,r1,-277117.43597129465,-197203.6025822546,79913.83338904005,0.12235184420952645
553,w159872826,1791.1392054180615,th,178358.86709907744,198176.51899897493,222948.5838738468,r2,-1177566.268883473,-731848.3377822737,445717.93110119936,0.11262781117628023
554,w159872827,157.03123329076917,th,22144.882072210334,24605.424524678147,27681.102590262915,r1,-158828.67008786378,-124335.1154329105,34493.554654953274,0.12235184420952645
555,w159872832,35.670331929810345,sfh,3676.201183569743,4084.667981744159,4595.251479462178,r0,-32353.825267234843,-38746.47136164054,-6392.6460944057,0.15013479573308705
556,w159872833,162.84196072258055,mfh,21239.15922568886,23599.065806320956,26548.949032111075,r1,-152332.59778040618,-112873.26690675193,39459.33087365425,0.12235184420952645
557,w159872834,33.79703346360475,sfh,4555.214293213258,5061.349214681398,5694.017866516572,r0,-40089.918896745934,-45944.69243963926,-5854.773542893323,0.15013479573308705
558,w159872835,42.916394099872555,th,6704.477568681241,7449.419520756934,8380.59696085155,r1,-48086.20124484002,-42358.81974707549,5727.381497764531,0.12235184420952645
559,w159872839,58.88304680213332,other,5318.843004436388,5909.8255604848755,6648.553755545484,nr1,-35649.298645432376,-56641.88606047255,-20992.587415040172,0.12234696239453792
560,w159872840,318.65718863122163,other,26659.24765591642,29621.386284351578,33324.05956989552,nr1,-178682.37143972915,-189501.85587016022,-10819.484430431068,0.12234696239453792
561,w159872842,48.8293092939537,other,2375.76436505535,2639.7381833948334,2969.7054563191873,nr0,-19524.82903873506,-23906.342535695367,-4381.513496960306,0.1500179576276951
562,w159872843,143.51003436879253,mfh,19080.71500207315,21200.794446747943,23850.893752591437,r1,-136851.6923333673,-117224.00611583942,19627.68621752788,0.12235184420952645
563,w159872845,162.83680398128925,mfh,21498.13375395689,23886.81528217432,26872.667192446108,r1,-154190.0283044125,-124380.8063393066,29809.2219651059,0.12235184420952645
564,w159872848,156.42925329236314,mfh,21291.72814453538,23657.47571615042,26614.660180669223,r1,-152709.63530271608,-40795.42687303824,111914.20842967785,0.12235184420952645
565,w159872851,167.48750086340587,mfh,20694.65294755158,22994.058830612867,25868.316184439474,r1,-148427.26165221955,-117011.0623871732,31416.19926504635,0.12235184420952645
566,w159872853,143.46053532976657,th,18641.830787650975,20713.145319612195,23302.288484563716,r1,-133703.90424075394,-35718.164327227445,97985.73991352649,0.12235184420952645
567,w159872855,768.5454076524824,other,30902.518900127714,34336.13211125301,38628.14862515964,nr1,-207122.70022783053,-231587.9249911048,-24465.22476327428,0.12234696239453792
568,w159872857,315.41669200100006,mfh,33248.68266430212,36942.98073811347,41560.85333037765,r1,-238467.92376336304,-164012.28135383668,74455.64240952636,0.12235184420952645
569,w159872858,136.24142913175746,other,12600.205042488164,14000.227824986849,15750.256303110204,nr1,-84452.2901275109,-116398.54077038112,-31946.250642870218,0.12234696239453792
570,w159872860,131.01957194106652,other,10778.366395040914,11975.96266115657,13472.957993801141,nr1,-72241.50105694315,-84392.4940841304,-12150.993027187258,0.12234696239453792
571,w159872862,156.42902136784977,mfh,20547.76308719318,22830.847874659088,25684.703858991474,r1,-147373.73058829058,-96328.56109212678,51045.1694961638,0.12235184420952645
572,w159872865,158.90607472276315,mfh,21250.92912058293,23612.143467314363,26563.66140072866,r1,-152417.01443013153,-40717.25503152096,111699.75939861056,0.12235184420952645
573,w159872867,192.56274920739233,mfh,23626.608294376343,26251.78699375149,29533.260367970426,r1,-169455.983637493,-117902.95803425129,51553.025603241695,0.12235184420952645
574,w159872868,54.98272090442479,other,4338.732794656411,4820.814216284901,5423.415993320514,nr0,-35657.16251428243,-42396.59859485344,-6739.436080571017,0.1500179576276951
575,w159872870,315.09365436807275,mfh,33572.70898486998,37303.00998318887,41965.886231087476,r1,-240791.92212115246,-163757.71776676102,77034.20435439143,0.12235184420952645
576,w159872874,56.548262861557305,th,6258.9085433516675,6954.342825946297,7823.635679189584,r1,-44890.46800522841,-62360.48431597166,-17470.016310743253,0.12235184420952645
577,w159872876,86.08918008172186,other,7937.8236826816055,8819.804091868451,9922.279603352006,nr1,-53202.895220384155,-71022.36194227099,-17819.466721886834,0.12234696239453792
578,w159872878,413.8979488207959,mfh,49390.03592714167,54877.81769682407,61737.544908927084,r1,-354237.773600243,-242392.15942025863,111845.61417998435,0.12235184420952645
579,w159872879,205.3686287334189,mfh,25436.2263636754,28262.47373741711,31795.282954594248,r1,-182435.02007473918,-137277.61786748585,45157.402207253326,0.12235184420952645
580,w159872883,329.8948070596903,th,38258.33027645758,42509.25586273064,47822.91284557197,r1,-274398.3778182974,-221227.76391306266,53170.61390523476,0.12235184420952645
581,w159872884,900.053558271192,other,37831.76819712391,42035.297996804344,47289.71024640488,nr1,-253565.67238760865,-321568.03729459195,-68002.3649069833,0.12234696239453792
582,w159872887,1008.3728146322071,other,88407.21114906944,98230.23461007715,110509.01393633679,nr2,-545473.8836337752,-500613.48434430937,44860.3992894658,0.11262781117628023
583,w159872892,458.9937253634445,other,39649.09661200691,44054.55179111879,49561.370765008636,nr1,-265746.2318335176,-283531.32646654,-17785.09463302238,0.12234696239453792
584,w159872895,353.7920229201671,th,49227.57275316536,54697.30305907262,61534.4659414567,r1,-353072.5468098375,-228688.0145846545,124384.53222518301,0.12235184420952645
585,w159872899,2008.66189844124,other,87830.35072413228,97589.2785823692,109787.93840516535,nr2,-541914.6457366025,-554032.2815365314,-12117.635799928918,0.11262781117628023
587,w160025355,131.5437356668757,ab,15822.357973565722,17580.397748406358,19777.94746695715,r1,-113481.93530229619,-115663.55922926549,-2181.6239269693033,0.12235184420952645
588,w160025360,102.43726858533918,mfh,14598.10513130861,16220.116812565122,18247.63141413576,r1,-104701.285662667,-84685.63982826973,20015.645834397263,0.12235184420952645
589,w160025362,106.2412323884666,mfh,12893.32495058692,14325.916611763245,16116.65618823365,r1,-92474.1729594586,-94410.24503380823,-1936.0720743496204,0.12235184420952645
590,w160025367,104.2175793532282,mfh,14296.527182761089,15885.030203067876,17870.65897845136,r1,-102538.29268128924,-80787.42199126404,21750.8706900252,0.12235184420952645
591,w160025369,103.97346241511406,mfh,13712.751918131698,15236.391020146331,17140.939897664623,r1,-98351.30949443218,-79236.97141989922,19114.338074532963,0.12235184420952645
592,w160025373,103.9182820610702,mfh,12692.477684318626,14102.75298257625,15865.597105398283,r1,-91033.64579439379,-71098.67582644997,19934.96996794382,0.12235184420952645
593,w160025375,104.46434533819556,mfh,15200.83881015165,16889.8209001685,19001.048512689562,r1,-109024.24336980868,-29125.146811887174,79899.09655792151,0.12235184420952645
594,w160025376,101.26918978765606,other,6767.594541506047,7519.5494905622745,8459.493176882557,nr1,-45359.48865573111,-57764.42192301973,-12404.933267288616,0.12234696239453792
595,w160025380,128.15635424628857,th,16535.50385671767,18372.782063019633,20669.379820897087,r1,-118596.79713946077,-103460.17092041027,15136.626219050508,0.12235184420952645
596,w160025381,64.08582323277369,th,8805.145795153388,9783.495327948209,11006.432243941736,r1,-63152.72269293103,-77377.2712032564,-14224.548510325374,0.12235184420952645
597,w160025384,125.48521707579494,mfh,13228.087159594033,14697.874621771149,16535.10894949254,r1,-94875.17181232669,-78613.23965723057,16261.932155096118,0.12235184420952645
598,w160025385,125.6767025694251,mfh,12483.801305090501,13870.890338989446,15604.751631363126,r1,-89536.96625988654,-70115.0106017851,19421.955658101433,0.12235184420952645
599,w160025388,125.67682776004075,mfh,12887.497210468891,14319.441344965435,16109.371513086113,r1,-92432.37493996382,-67657.95428038076,24774.420659583062,0.12235184420952645
600,w160025389,125.54291224256157,mfh,15947.091501286146,17718.990556984605,19933.864376607682,r1,-114376.55556979643,-92992.28600239809,21384.26956739834,0.12235184420952645
601,w160025392,101.23846836648882,other,7707.166695034264,8563.51855003807,9633.95836879283,nr1,-51656.92745437989,-67499.43430120301,-15842.506846823126,0.12234696239453792
602,w160025393,241.441205301648,mfh,29760.98461218925,33067.76068021028,37201.23076523656,r1,-213453.27516515405,-161765.82410948628,51687.45105566777,0.12235184420952645
603,w160025394,520.9474028991534,mfh,62962.95736238052,69958.84151375612,78703.69670297565,r2,-415695.92801854666,-111050.57516039246,304645.3528581542,0.11262781117628023
604,w160025395,347.3527018059045,mfh,41270.74084393225,45856.37871548028,51588.42605491531,r1,-296004.1449039143,-264549.0983792994,31455.04652461491,0.12235184420952645
605,w160025396,362.18757194392384,mfh,37666.70161233902,41851.89068037669,47083.37701542377,r1,-270155.06807289436,-186806.4338544994,83348.63421839496,0.12235184420952645
606,w160025398,216.67090053744613,mfh,25759.482837806354,28621.647597562616,32199.353547257942,r1,-184753.49690004328,-143945.37883789014,40808.11806215314,0.12235184420952645
607,w160025399,277.5212213275954,mfh,34672.16062353594,38524.62291503994,43340.20077941992,r1,-248677.46610489645,-66432.63447879057,182244.83162610588,0.12235184420952645
608,w160025402,733.1297983160242,mfh,73752.53405858297,81947.26006509218,92190.66757322871,r2,-486931.19531771255,-329591.95971337805,157339.2356043345,0.11262781117628023
609,w160025403,118.93753181435167,th,13366.26539456982,14851.405993966466,16707.831743212275,r1,-95866.22090550895,-77119.4822815405,18746.738623968442,0.12235184420952645
610,w160025405,118.80893169231713,mfh,11413.826109522666,12682.02901058074,14267.282636903332,r1,-81862.83474792412,-55648.066043513485,26214.768704410635,0.12235184420952645
611,w160025406,118.8714888818562,mfh,12694.703117102687,14105.225685669651,15868.378896378357,r1,-91049.6071586634,-57280.3418569433,33769.26530172011,0.12235184420952645
612,w160025409,118.87152101863175,mfh,13545.552141340295,15050.613490378106,16931.94017667537,r1,-97152.11059600629,-76644.6905630906,20507.42003291569,0.12235184420952645
613,w160025412,678.325670054555,mfh,83112.16289052342,92346.84765613714,103890.20361315427,r2,-548725.6178828654,-146588.6273209181,402136.9905619472,0.11262781117628023
614,w160025415,1309.668819526094,mfh,134843.0872649352,149825.65251659465,168553.85908116898,r2,-890265.0803847793,-565463.1695287252,324801.91085605405,0.11262781117628023
615,w160025422,678.3786613484378,mfh,78555.95700031816,87284.39666702018,98194.9462503977,r2,-518644.49852133926,-327191.1443314074,191453.35418993188,0.11262781117628023
616,w160025427,555.729584345687,mfh,68356.5049155554,75951.67212839489,85445.63114444424,r2,-451305.36965460307,-120563.41545611953,330741.95419848355,0.11262781117628023
617,w160025428,926.2977557130158,mfh,100962.61735123128,112180.68594581253,126203.2716890391,r2,-666578.4244130478,-434884.85513264727,231693.56928040058,0.11262781117628023
618,w160025434,188.0208901744336,mfh,25126.424219116037,27918.249132351153,31408.030273895045,r1,-180213.0410887919,-131375.14584037333,48837.89524841859,0.12235184420952645
619,w160025437,385.6369404070079,mfh,43222.04791881172,48024.497687568575,54027.55989851464,r1,-309999.41056509694,-206643.71760892216,103355.69295617478,0.12235184420952645
620,w160025438,514.208815998584,mfh,66439.19135967275,73821.32373296973,83048.98919959094,r2,-438646.8245146732,-117181.76405245149,321465.06046222174,0.11262781117628023
621,w160025439,231.99735509790483,mfh,23422.747428464972,26025.274920516636,29278.434285581214,r1,-167993.84217699297,-133275.1465145436,34718.695662449376,0.12235184420952645
622,w160025441,239.19352681115268,mfh,29974.211052689745,33304.67894743305,37467.76381586218,r1,-214982.58888476787,-57431.25812879868,157551.3307559692,0.12235184420952645
623,w160025442,258.45977183450015,mfh,26407.168715404667,29341.29857267185,33008.96089425583,r1,-189398.8630951843,-129981.86142803544,59417.001667148856,0.12235184420952645
624,w160025445,358.2598954875022,mfh,37036.861616907394,41152.06846323044,46296.07702113424,r1,-265637.69703807245,-186208.90793013072,79428.78910794173,0.12235184420952645
625,w160025446,282.03160609211767,mfh,32653.249972380814,36281.3888582009,40816.56246547602,r1,-234197.33057274148,-62564.356560093955,171632.97401264752,0.12235184420952645
626,w160025449,151.84076374266294,mfh,15398.815708212785,17109.79523134754,19248.51963526598,r1,-110444.18353136098,-91695.66427056957,18748.519260791407,0.12235184420952645
627,w160025451,187.46145662125198,mfh,22242.272514884975,24713.63612764997,27802.840643606218,r1,-159527.17886469277,-119580.08390483668,39947.0949598561,0.12235184420952645
628,w160025452,105.00601281486452,mfh,13097.326417448377,14552.584908275974,16371.658021810472,r1,-93937.32284537467,-76917.19910241751,17020.123742957163,0.12235184420952645
629,w160025453,104.94913844838739,mfh,14710.976976171565,16345.52997352396,18388.721220214455,r1,-105510.83095405709,-85166.07954617812,20344.751407878968,0.12235184420952645
630,w160025454,86.96602670811116,mfh,9958.714429546208,11065.238255051341,12448.393036932759,r1,-71426.40739616127,-81936.99625632276,-10510.588860161486,0.12235184420952645
631,w160025455,103.15431486908346,mfh,14454.34817374303,16060.386859714477,18067.935217178787,r1,-103670.22456640261,-83987.31313763543,19682.911428767184,0.12235184420952645
632,w160025456,162.83409464433788,mfh,15439.821255317227,17155.356950352474,19299.776569146532,r1,-110738.28563999206,-72296.01033860302,38442.27530138903,0.12235184420952645
633,w160025457,103.20248084068298,mfh,13888.002639595677,15431.114043995196,17360.003299494594,r1,-99608.25179519938,-78598.19204545411,21010.05974974527,0.12235184420952645
634,w160025458,101.69107806179672,mfh,14620.583473797502,16245.09274866389,18275.729342246876,r1,-104862.50599482539,-153313.06707791003,-48450.56108308464,0.12235184420952645
635,w160025459,108.44199563004076,mfh,13875.057936342178,15416.731040380198,17343.82242042772,r1,-99515.4091241149,-83518.93615277002,15996.472971344876,0.12235184420952645
636,w160025462,124.9876569705084,mfh,15710.045915399749,17455.606572666387,19637.557394249685,r1,-112676.40494204569,-93344.64846871278,19331.756473332905,0.12235184420952645
637,w160025465,103.21026510931551,mfh,13114.320013160435,14571.466681289372,16392.90001645054,r1,-94059.2051926437,-68552.77761711756,25506.427575526133,0.12235184420952645
638,w160025467,105.14285953305661,mfh,14341.115732538854,15934.573036154281,17926.394665673568,r1,-102858.09298725861,-80385.4218745263,22472.671112732307,0.12235184420952645
639,w160025469,108.37528205253183,mfh,12119.687617749969,13466.319575277743,15149.60952218746,r1,-86925.45121399437,-74083.35542360452,12842.095790389852,0.12235184420952645
640,w160025471,48.55004379618913,sfh,6829.869385996844,7588.743762218715,8537.336732496055,r1,-48985.54293106784,-48265.355708920484,720.1872221473532,0.12235184420952645
641,w160025472,101.69099241122603,mfh,13375.50809475645,14861.6756608405,16719.38511844556,r1,-95932.51187846951,-25627.77237550883,70304.73950296067,0.12235184420952645
642,w160025474,105.6897082787007,mfh,13340.076698786537,14822.307443096151,16675.09587348317,r1,-95678.38898529232,-85290.31296196878,10388.076023323534,0.12235184420952645
643,w160025476,96.35599186792969,mfh,11760.455718228655,13067.17302025406,14700.569647785818,r1,-84348.94957952834,-22533.29593491627,61815.65364461207,0.12235184420952645
644,w160025477,108.4367577029392,mfh,13789.217767408181,15321.35307489798,17236.522209260227,r1,-98899.74181880042,-73620.59931190823,25279.142506892196,0.12235184420952645
645,w160025481,105.0061043202877,mfh,13105.966754568803,14562.185282854225,16382.458443211002,r1,-93999.29351875522,-66477.93255457732,27521.360964177904,0.12235184420952645
646,w160025482,103.2132654029876,mfh,14060.161845670413,15622.402050744902,17575.202307088013,r1,-100843.02096918142,-83034.18718318788,17808.833785993542,0.12235184420952645
647,w160025484,128.51466068420558,mfh,13247.347808026228,14719.275342251365,16559.184760032786,r1,-95013.31403252637,-61895.54339301385,33117.77063951251,0.12235184420952645
648,w160025486,101.26240085978061,mfh,13302.68360909849,14780.75956566499,16628.354511373112,r1,-95410.19633083325,-72660.71261940328,22749.483711429973,0.12235184420952645
649,w160025487,105.13472320698202,mfh,14158.708934601254,15731.898816223616,17698.386168251567,r1,-101549.82550419214,-82444.27787086999,19105.547633322145,0.12235184420952645
650,w160025490,87.12732640933245,mfh,12040.780464448602,13378.644960498446,15050.975580560753,r1,-86359.50924246306,-139168.4884161918,-52808.979173728745,0.12235184420952645
651,w160025492,101.576605540514,mfh,13964.916070301266,15516.57341144585,17456.145087876583,r1,-100159.89428627383,-79548.78058680386,20611.113699469977,0.12235184420952645
652,w160025494,105.68961535468698,mfh,14285.138779463909,15872.376421626564,17856.423474329884,r1,-102456.61218535266,-81927.56418066933,20529.048004683325,0.12235184420952645
653,w160025496,100.3227494932711,mfh,13748.271791453237,15275.857546059151,17185.339739316543,r1,-98606.06696945296,-80825.8347146978,17780.23225475516,0.12235184420952645
654,w160025498,53.38166442215442,th,6600.947610690868,7334.386234100964,8251.184513363583,r1,-47343.658318296366,-60486.31994707129,-13142.661628774928,0.12235184420952645
655,w160025500,108.55102695096282,mfh,13356.061664075802,14840.06851563978,16695.07708009475,r1,-95793.03718120574,-69731.46478549566,26061.572395710085,0.12235184420952645
656,w160025504,103.15687311664223,mfh,13210.204122827778,14678.004580919753,16512.75515353472,r1,-94746.91016986434,-68306.48886725411,26440.421302610222,0.12235184420952645
657,w160025505,103.09466042611747,mfh,11999.591279695112,13332.879199661236,14999.48909961889,r1,-86064.09003837482,-72060.31796141891,14003.77207695591,0.12235184420952645
658,w160025507,85.83866344131528,mfh,11973.740029139291,13304.155587932546,14967.175036424114,r1,-85878.67836029496,-76569.28752617417,9309.390834120786,0.12235184420952645
659,w160025509,108.27769679883495,mfh,14945.057217444468,16605.61913049385,18681.321521805585,r1,-107189.7133835949,-90682.16511724184,16507.54826635307,0.12235184420952645
660,w160025513,105.03020258601755,mfh,11679.227174263047,12976.919082514496,14599.03396782881,r1,-83766.35800964948,-63329.499040801544,20436.85896884794,0.12235184420952645
661,w160025515,104.96566433478147,mfh,13255.429579015141,14728.255087794601,16569.286973768925,r1,-95071.27852897022,-66643.82361715354,28427.454911816676,0.12235184420952645
662,w160025517,132.51887063886969,mfh,14316.368058185923,15907.07562020658,17895.460072732403,r1,-102680.59643557564,-71386.30816366672,31294.288271908925,0.12235184420952645
663,w160032048,197.876624872908,mfh,22760.163304132715,25289.070337925237,28450.204130165894,r1,-163241.6220050424,-121010.64795567722,42230.97404936516,0.12235184420952645
664,w160032049,177.6117346536368,mfh,20420.46582699145,22689.406474434945,25525.582283739313,r1,-146460.72258591146,-161234.027064988,-14773.304479076556,0.12235184420952645
665,w160032050,605.1206229591743,mfh,68794.57954872533,76438.42172080593,85993.22443590667,r2,-454197.63915409404,-302809.03139634227,151388.60775775177,0.11262781117628023
666,w160032051,604.9254235289991,mfh,66484.26842234895,73871.4093581655,83105.33552793619,r2,-438944.43365164055,-280384.0057232863,158560.42792835424,0.11262781117628023
667,w160032052,558.9287057133391,mfh,63671.536875409336,70746.15208378815,79589.42109426166,r2,-420374.132959718,-298747.52281347616,121626.61014624184,0.11262781117628023
668,w160032053,914.9869650162756,mfh,118384.96876544278,131538.85418382531,147981.21095680346,r2,-781604.7961527451,-208800.84771244397,572803.9484403012,0.11262781117628023
669,w160032054,558.7663555394857,mfh,60610.35153484233,67344.8350387137,75762.93941855291,r2,-400163.48316987685,-269201.14860948164,130962.33456039522,0.11262781117628023
670,w160032055,915.1860893286764,mfh,117551.19343225891,130612.43714695434,146938.99179032363,r2,-776100.0196078313,-207330.28098268076,568769.7386251505,0.11262781117628023
671,w160032056,579.5610938113182,mfh,57693.31188162339,64103.67986847043,72116.63985202923,r2,-380904.5163660676,-224338.3493243659,156566.16704170167,0.11262781117628023
672,w160032057,300.306428108085,mfh,37313.43611538925,41459.37346154361,46641.79514423657,r1,-267621.3589799537,-71493.37733855248,196127.9816414012,0.12235184420952645
673,w160032058,579.3688813976943,mfh,57693.4417204568,64103.82413384089,72116.80215057099,r2,-380905.3735919129,-248576.33855576726,132329.03503614565,0.11262781117628023
674,w160032059,915.3225905947387,mfh,92194.63134061452,102438.47926734947,115243.28917576815,r2,-608690.1638512164,-162607.78187640858,446082.3819748078,0.11262781117628023
675,w160032060,914.9022733874618,mfh,89683.02969465003,99647.81077183336,112103.78711831254,r2,-592107.9920351267,-348291.5832535508,243816.40878157585,0.11262781117628023
676,w160032061,434.5004198986106,mfh,54507.02112981529,60563.35681090588,68133.77641226912,r2,-359867.8918729308,-96136.4634114575,263731.4284614733,0.11262781117628023
677,w160032062,579.3681231357157,mfh,63760.568600850966,70845.07622316774,79700.7107510637,r2,-420961.94089125365,-112457.35766390077,308504.5832273529,0.11262781117628023
678,w160032063,157.0142166607082,mfh,21768.76703500984,24187.51892778871,27210.9587937623,r1,-156131.0783389528,-114506.74104919053,41624.33728976226,0.12235184420952645
679,w160032064,245.02896427586674,mfh,31648.601750868154,35165.11305652017,39560.75218858519,r1,-226991.74056739963,-150834.78471758505,76156.95584981458,0.12235184420952645
680,w160032065,177.6155174203217,mfh,23633.30432957042,26259.22703285602,29541.630411963022,r1,-169504.00928790146,-128223.58721129959,41280.42207660187,0.12235184420952645
681,w160032066,915.0334876678884,mfh,90981.15204470573,101090.16893856191,113726.44005588215,r2,-600678.4944002274,-359397.4059745639,241281.08842566353,0.11262781117628023
682,w160032067,686.1767572972923,mfh,82068.33429355826,91187.03810395363,102585.41786694783,r2,-541834.021371438,-362183.161580345,179650.85979109304,0.11262781117628023
683,w160032068,579.4084268193692,mfh,55797.50842459628,61997.23158288475,69746.88553074535,r2,-368387.9858467988,-221639.3528362115,146748.6330105873,0.11262781117628023
684,w160032069,582.2339869499207,mfh,56337.525071553566,62597.25007950396,70421.90633944195,r2,-371953.2999712667,-217976.55316399966,153976.74680726705,0.11262781117628023
685,w160032070,655.6557445708662,mfh,64738.30461673968,71931.4495741552,80922.8807709246,r2,-427417.1789789878,-261736.21423044035,165680.96474854744,0.11262781117628023
686,w160032071,187.63290931591763,mfh,21296.262178485253,23662.513531650282,26620.327723106566,r1,-152742.1545358302,-112248.40727607757,40493.74725975262,0.12235184420952645
687,w160032072,300.05888833065984,mfh,31840.051021962732,35377.83446884748,39800.06377745341,r1,-228364.86294475477,-142802.03994841836,85562.82299633641,0.12235184420952645
688,w160032074,652.9879129000007,mfh,66119.07190804384,73465.63545338204,82648.8398850548,r2,-436533.32225721446,-278485.29255446437,158048.0297027501,0.11262781117628023
689,w160032075,187.48918503960593,mfh,19824.58853199762,22027.320591108466,24780.73566499702,r1,-142186.94059010706,-115313.18213666375,26873.75845344331,0.12235184420952645
690,w160032079,410.4375718038529,mfh,56450.435111772305,62722.70567974701,70563.04388971538,r2,-372698.75802974397,-99564.149300304,273134.60872943996,0.11262781117628023
691,w160032080,367.35827468354256,mfh,37513.62238413698,41681.802649041085,46892.027980171224,r1,-269057.1453043682,-182295.76751544751,86761.37778892071,0.12235184420952645
692,w160032082,146.62608959153295,mfh,18641.24062010344,20712.48957789271,23301.550775129297,r1,-133699.67141050455,-107423.40230167372,26276.269108830835,0.12235184420952645
693,w160032083,292.00384606306903,mfh,30643.0030164966,34047.781129440664,38303.75377062075,r1,-219779.33324450385,-141717.00789619063,78062.32534831323,0.12235184420952645
694,w160032087,547.5336022242903,mfh,60767.66004008141,67519.62226675713,75959.57505010176,r2,-401202.0701074982,-107178.63139373824,294023.43871376,0.11262781117628023
695,w160032089,324.3052944285795,mfh,36712.527765060455,40791.69751673384,45890.65970632557,r1,-263311.4929885161,-196831.055614399,66480.43737411711,0.12235184420952645
696,w160032093,651.9691053661052,mfh,70334.93715781553,78149.93017535059,87918.6714472694,r2,-464367.4344212674,-294069.8202747077,170297.61414655973,0.11262781117628023
697,w160032096,417.5862662355881,mfh,47555.89860683755,52839.88734093061,59444.87325854694,r1,-341082.87892107957,-234257.06299758877,106825.8159234908,0.12235184420952645
698,w160032097,55.47504670508206,th,7948.649698139474,8831.832997932748,9935.812122674342,r1,-57009.71702775847,-70344.29328760097,-13334.576259842506,0.12235184420952645
699,w160032099,154.26596265360712,mfh,19916.581628132146,22129.53514236905,24895.727035165182,r1,-142846.73823855098,-100507.96924117045,42338.76899738054,0.12235184420952645
700,w160032101,417.4909567882307,mfh,46112.95125263289,51236.61250292543,57641.18906579111,r1,-330733.69717661105,-222439.9832379946,108293.71393861645,0.12235184420952645
701,w160032104,110.95144802480935,th,12429.560392323068,13810.622658136743,15536.950490403835,r1,-89147.93677618411,-78354.07315761749,10793.863618566626,0.12235184420952645
702,w160032105,152.98637234792113,mfh,20848.956423449432,23165.507137166034,26061.19552931179,r1,-149533.96503347374,-39947.06636202697,109586.89867144678,0.12235184420952645
703,w160032106,115.7174410201609,mfh,13210.000451569256,14677.778279521395,16512.50056446157,r1,-94745.44938831577,-99255.83202547369,-4510.38263715792,0.12235184420952645
704,w160032107,169.80155310891567,th,20257.197734231464,22507.997482479404,25321.49716778933,r1,-145289.7227153187,-38813.2434910698,106476.4792242489,0.12235184420952645
705,w160032108,125.84912734059617,mfh,15892.879065874109,17658.7545176379,19866.098832342635,r1,-113987.73033285723,-91299.06569203384,22688.664640823394,0.12235184420952645
706,w160032109,117.1162128248019,mfh,12173.84675432335,13526.49639369261,15217.308442904186,r1,-87313.89417824261,-76645.24144437876,10668.652733863855,0.12235184420952645
707,w160032110,214.96215275530702,mfh,27759.583627761367,30843.98180862374,34699.479534701706,r1,-199098.72337153077,-144988.0949067726,54110.62846475816,0.12235184420952645
708,w160032111,253.8681676615961,th,29680.37219464188,32978.191327379864,37100.46524330235,r1,-212875.1026090814,-164625.9321138173,48249.17049526409,0.12235184420952645
709,w160032112,125.84912488418631,th,14784.277193453934,16426.97465939326,18480.346491817418,r1,-106036.5585686882,-83391.01825136675,22645.540317321444,0.12235184420952645
710,w160032113,105.45346036842092,mfh,13847.210707174945,15385.789674638827,17309.01338396868,r1,-99315.68178486597,-80316.34341161576,18999.33837325021,0.12235184420952645
711,w160032114,381.28189064939505,mfh,38441.58971886041,42712.87746540045,48051.98714857551,r1,-275712.76068215613,-177447.48239016128,98265.27829199485,0.12235184420952645
712,w160032115,139.91205219514669,mfh,18194.998750903073,20216.66527878119,22743.748438628838,r1,-130499.11236523608,-98947.02932638975,31552.083038846336,0.12235184420952645
713,w160032116,192.1807412372902,mfh,25401.90433957016,28224.338155077952,31752.3804244627,r1,-182188.85387590443,-48670.616301608825,133518.2375742956,0.12235184420952645
714,w160032117,302.6253065098543,mfh,38132.472874110405,42369.414304567115,47665.591092638,r1,-273495.6968389934,-73062.67006904018,200433.02676995323,0.12235184420952645
715,w160032118,188.54685349911452,mfh,24193.179771566014,26881.31085729557,30241.474714457516,r1,-173519.57692908603,-132103.4273677171,41416.14956136895,0.12235184420952645
716,w160032119,301.6826584111899,mfh,37828.96424629396,42032.182495882174,47286.20530786744,r1,-271318.8565397727,-181813.55077338222,89505.30576639049,0.12235184420952645
717,w160032121,128.1140758719295,mfh,17251.90075647625,19168.778618306944,21564.87594559531,r1,-123734.9760863025,-91129.73819817542,32605.237888127085,0.12235184420952645
718,w160032123,387.4767547928728,mfh,54442.01474559972,60491.1274951108,68052.51843199965,r2,-359438.7047707733,-286821.38861995185,72617.31615082145,0.11262781117628023
719,w160032125,297.0948597435839,mfh,31398.011390583837,34886.67932287093,39247.51423822979,r1,-225194.4434072245,-153231.858778215,71962.58462900948,0.12235184420952645
720,w160032126,464.2806208854541,mfh,50568.14004669606,56186.82227410674,63210.17505837008,r2,-333862.4928924144,-229138.96780011285,104723.52509230154,0.11262781117628023
721,w160032127,228.89082276217522,mfh,26202.43345212795,29113.81494680883,32753.041815159933,r1,-187930.45023661523,-153452.77293799655,34477.677298618684,0.12235184420952645
722,w160032128,268.14993185095955,mfh,30473.596445371426,33859.55160596825,38091.99555671428,r1,-218564.30666146678,-227253.64868924656,-8689.342027779785,0.12235184420952645
723,w160032129,100.24086796883493,mfh,13847.774666178364,15386.416295753737,17309.718332722954,r1,-99319.72664083788,-79687.17932685598,19632.547313981893,0.12235184420952645
724,w160032130,150.2635816658847,mfh,14029.486662093666,15588.318513437407,17536.858327617083,r1,-100623.01082885606,-70717.85977818671,29905.151050669345,0.12235184420952645
725,w160032131,100.12314690686762,mfh,14135.939899488163,15706.599888320181,17669.924874360204,r1,-101386.52025133942,-81547.54395169452,19838.9762996449,0.12235184420952645
726,w160032132,257.78643680289383,mfh,32040.0698986087,35600.07766512078,40050.087373260874,r1,-229799.44869086784,-169821.4748556506,59977.97383521724,0.12235184420952645
727,w160032133,136.6476590367034,mfh,17304.298376071107,19226.998195634562,21630.372970088883,r1,-124110.78500724789,-90788.88729697317,33321.897710274716,0.12235184420952645
728,w160032134,132.71697852164507,th,15243.003074861019,16936.67008317891,19053.753843576273,r1,-109326.65609285612,-93131.71014646496,16194.945946391163,0.12235184420952645
729,w160032135,165.9338162511587,mfh,22655.11538553312,25172.350428370133,28318.8942319164,r1,-162488.19188280168,-123072.06337118312,39416.12851161856,0.12235184420952645
730,w160032136,153.4784858365543,mfh,20651.507489251788,22946.119432501986,25814.384361564735,r1,-148117.81156168654,-126879.00701090081,21238.80455078573,0.12235184420952645
731,w160032137,244.7570460377261,mfh,31882.694606522888,35425.21622946987,39853.368258153605,r1,-228670.7134704601,-156256.36430452374,72414.34916593635,0.12235184420952645
732,w160032138,345.56507694348693,mfh,33660.554635708184,37400.61626189798,42075.693294635224,r1,-241421.9732476447,-157930.13115467338,83491.84209297132,0.12235184420952645
733,w160032139,170.051029805094,mfh,20953.231302739754,23281.36811415528,26191.53912842469,r1,-150281.85072314454,-108774.3485373369,41507.502185807636,0.12235184420952645
734,w160032140,210.13578363517297,mfh,25061.983224774885,27846.648027527648,31327.479030968607,r1,-179750.85405176142,-146118.04300859355,33632.811043167865,0.12235184420952645
735,w160032141,252.5825279586017,mfh,26752.030081941455,29724.477868823837,33440.03760242682,r1,-191872.29564872483,-131587.97619071405,60284.31945801078,0.12235184420952645
736,w160032142,252.46278136584442,mfh,34459.97295454553,38288.858838383916,43074.96619318191,r1,-247155.60271610535,-66026.0781638265,181129.52455227886,0.12235184420952645
737,w160032143,236.73276664549485,mfh,29576.02728282697,32862.25253647441,36970.03410353371,r1,-212126.71462851067,-144521.922111366,67604.79251714467,0.12235184420952645
738,w160032144,216.15235636769793,mfh,24178.437367510116,26864.93040834457,30223.046709387643,r1,-173413.84069520308,-129791.24913972207,43622.591555481005,0.12235184420952645
739,w160032145,143.2480424195528,mfh,18000.89068230275,20000.989647003054,22501.113352878438,r1,-129106.92042271036,-34490.1087640419,94616.81165866846,0.12235184420952645
740,w160032146,425.3107569515705,mfh,43179.60460429989,47977.3384492221,53974.50575537486,r1,-309694.9964266043,-211467.22997856876,98227.76644803552,0.12235184420952645
741,w160032147,237.48158785337583,mfh,32014.72814949744,35571.92016610827,40018.4101868718,r1,-229617.69128543587,-172677.83501819,56939.856267245865,0.12235184420952645
742,w160032148,183.97369813346305,th,23560.800292201195,26178.66699133466,29451.000365251493,r1,-168983.99207607782,-124940.32111074628,44043.670965331534,0.12235184420952645
743,w160032149,343.71558685973287,mfh,34361.6584028396,38179.620447599555,42952.0730035495,r1,-246450.46599662234,-168004.3579374843,78446.10805913803,0.12235184420952645
744,w160032150,136.78365420317277,mfh,19017.245100468906,21130.27233385434,23771.556375586133,r1,-136396.47021795766,-105726.92428497582,30669.54593298184,0.12235184420952645
745,w160032151,156.68413198292254,mfh,18994.198311231074,21104.66479025675,23742.74788903884,r1,-136231.1728425865,-128408.08265581248,7823.090186774018,0.12235184420952645
746,w160032152,131.687454425171,th,16816.435705141692,18684.928561268545,21020.544631427114,r1,-120611.7110922655,-32220.666562020277,88391.04453024521,0.12235184420952645
747,w160032153,131.7784823913127,mfh,14664.81319433541,16294.236882594898,18331.01649291926,r1,-105179.73268713678,-67560.67410769025,37619.05857944653,0.12235184420952645
748,w160032155,131.65618118494749,mfh,16155.971644692994,17951.079605214436,20194.96455586624,r1,-115874.69655229934,-82120.01045985291,33754.68609244643,0.12235184420952645
749,w160032156,597.6746075108182,mfh,62825.58869422202,69806.20966024668,78531.98586777752,r2,-414788.9884721375,-304054.25125270546,110734.73721943202,0.11262781117628023
750,w160032157,145.99030133634804,mfh,18497.65764028637,20552.95293365152,23122.072050357958,r1,-132669.8581264584,-170601.2582763298,-37931.40014987142,0.12235184420952645
751,w160032158,192.3817300193943,mfh,24447.84564861781,27164.27294290868,30559.807060772262,r1,-175346.10472169303,-121523.5942040085,53822.510517684525,0.12235184420952645
752,w160032159,156.72131929650496,mfh,19753.449044420944,21948.276716023272,24691.81130552618,r1,-141676.710272976,-96885.58323060787,44791.12704236813,0.12235184420952645
753,w160032160,462.61881872685626,other,21516.45961733097,23907.177352589966,26895.57452166371,nr1,-144213.07304066545,-146404.44830652428,-2191.3752658588346,0.12234696239453792
754,w160032161,876.0951372385025,trade,41598.98809684389,46221.0978853821,51998.73512105486,nr1,-278815.28910991387,-74487.2995278034,204327.98958211046,0.12234696239453792
755,w160032162,197.75498196221892,mfh,21819.024375477275,24243.36041719697,27273.78046934659,r1,-156491.53663909488,-111024.64260152512,45466.89403756976,0.12235184420952645
756,w160032163,355.37988740094,mfh,43004.925360010486,47783.25040001165,53756.1567000131,r1,-308442.1529040256,-203013.8388444174,105428.31405960824,0.12235184420952645
757,w160032164,218.83437259588393,mfh,24626.450963512878,27362.723292792085,30783.063704391097,r1,-176627.10701120197,-129534.74688878015,47092.360122421815,0.12235184420952645
758,w160032165,192.38173281145282,mfh,24614.11645560697,27349.018284007743,30767.645569508713,r1,-176538.64081479164,-120393.83185326627,56144.80896152537,0.12235184420952645
759,w160032166,5513.669180350005,other,296885.1769801247,329872.41886680527,371106.47122515587,nr2,-1831786.212638084,-1532212.3061328891,299573.90650519496,0.11262781117628023
760,w160032167,119.51807446111924,mfh,13433.338114289052,14925.931238098947,16791.672642861315,r1,-96347.28333959391,-71717.87251791415,24629.41082167976,0.12235184420952645
761,w160032168,107.41719602905214,th,13873.999853026246,15415.555392251383,17342.499816282805,r1,-99507.82028415792,-26582.893722787874,72924.92656137004,0.12235184420952645
763,w160032170,37.81535124108195,sfh,4769.791538029326,5299.76837558814,5962.239422536657,r0,-41978.38863450995,-43589.99094565362,-1611.6023111436662,0.15013479573308705
764,w160032171,82.13437312801835,th,9646.465808249995,10718.295342499994,12058.082260312494,r1,-69186.88166305827,-57719.02478813317,11467.856874925106,0.12235184420952645
765,w160032172,100.39566505721304,th,14312.979822175337,15903.310913528152,17891.22477771917,r1,-102656.29515378285,-90225.78041229892,12430.51474148393,0.12235184420952645
766,w160032173,119.7984774223063,mfh,12295.751901574888,13661.94655730543,15369.689876968609,r1,-88188.22858886131,-62534.61013852034,25653.618450340975,0.12235184420952645
767,w160032174,119.65868240431882,mfh,13051.979082176204,14502.19898019578,16314.973852720253,r1,-93612.08033878457,-65035.87589223909,28576.204446545475,0.12235184420952645
768,w160032175,69.26172256879508,th,7386.415528105403,8207.128364561559,9233.019410131752,r1,-52977.23199517721,-56462.44049550837,-3485.2085003311586,0.12235184420952645
769,w160032176,103.52918697646818,th,13372.589931875937,14858.433257639928,16715.73741484492,r1,-95911.58207952543,-79000.91509192275,16910.66698760267,0.12235184420952645
770,w160032177,62.96843930834439,th,7111.322358229594,7901.469286921771,8889.152947786992,r1,-51004.194515042705,-13625.452535670061,37378.741979372644,0.12235184420952645
771,w160032178,300.84989367914386,mfh,31793.30178992664,35325.89087769627,39741.6272374083,r1,-228029.56568158994,-172083.9095894908,55945.65609209915,0.12235184420952645
772,w160127708,318.335366258584,mfh,40928.439383668316,45476.04375963146,51160.54922958539,r1,-293549.07264272217,-221859.86297682213,71689.20966590004,0.12235184420952645
773,w160127710,130.057766958978,mfh,19160.41845180246,21289.353835336067,23950.523064753073,r1,-137423.34554337955,-36711.78987920414,100711.55566417541,0.12235184420952645
774,w160127712,149.28690248169005,mfh,19893.976263748034,22104.41807083115,24867.470329685042,r1,-142684.60687337723,-114104.81172968728,28579.795143689946,0.12235184420952645
775,w160127717,149.4986190713942,mfh,20018.073736971855,22242.30415219095,25022.59217121482,r1,-143574.6651978755,-114355.74957166312,29218.915626212372,0.12235184420952645
776,w160127718,161.62649620659647,mfh,19998.168014560528,22220.18668284503,24997.710018200658,r1,-143431.8963446741,-113852.1795531726,29579.716791501516,0.12235184420952645
777,w160127719,242.7560603125021,mfh,26016.569220877962,28907.299134308847,32520.71152609745,r1,-186597.38517128417,-132976.84880721362,53620.53636407055,0.12235184420952645
778,w164087844,70.24407002975931,other,5531.1032271675895,6145.670252408432,6913.879033959486,nr1,-37071.962947495645,-59424.956107660495,-22352.99316016485,0.12234696239453792
779,w164087850,88.49543042890728,other,9571.515035104732,10635.016705671924,11964.393793880914,nr1,-64152.63576892358,-97304.83457734114,-33152.19880841756,0.12234696239453792
780,w164087857,77.59434223277493,other,5732.685063821826,6369.65007091314,7165.856329777282,nr1,-38423.0558619486,-55813.64298122306,-17390.587119274467,0.12234696239453792
786,w164088149,49.229225591477004,other,5037.637509600219,5597.37501066691,6297.046887000274,nr1,-33764.531853521126,-55672.84253707372,-21908.31068355259,0.12234696239453792
788,w164088153,80.69597001839429,other,6314.859681225849,7016.51075691761,7893.574601532311,nr1,-42325.05424436289,-73118.61637938996,-30793.562135027074,0.12234696239453792
791,w164088159,54.065223559696456,other,5119.410322922457,5688.233692136064,6399.262903653072,nr1,-34312.610343668355,-50978.49520210226,-16665.884858433907,0.12234696239453792
793,w164088169,56.479432658094446,other,4565.7132450906565,5073.014716767396,5707.14155636332,nr0,-37522.56404780551,-54947.39257748824,-17424.82852968273,0.1500179576276951
795,w164088175,32.08830586867407,other,2825.594723491785,3139.54969276865,3531.993404364731,nr0,-23221.685921551252,-34967.646427462125,-11745.960505910873,0.1500179576276951
799,w164088182,35.81288355943252,other,2845.4381235960636,3161.597915106737,3556.7976544950793,nr0,-23384.7656445583,-35544.88751447313,-12160.121869914827,0.1500179576276951
800,w359788107,586.4023264580406,other,46109.15580262688,51232.39533625209,57636.4447532836,nr1,-309044.47905786574,-298831.67829340464,10212.800764461106,0.12234696239453792
801,w377595955,68.13203878551721,other,5269.498540512313,5854.998378347015,6586.873175640391,nr1,-35318.56966368562,-9435.58327031141,25882.986393374213,0.12234696239453792
802,w377595956,85.03076633159071,other,6722.920315991011,7469.911462212234,8403.650394988763,nr1,-45060.061730399684,-64721.270456894286,-19661.208726494602,0.12234696239453792
805,w377595969,38.68702136902139,other,3090.1691164444,3433.521240493778,3862.7113955555,nr0,-25396.047094068697,-35333.332788985535,-9937.285694916838,0.1500179576276951
814,w377595984,35.49371746703982,other,2841.029831970761,3156.699813300845,3551.287289963451,nr0,-23348.53682422455,-29345.526658568288,-5996.989834343738,0.1500179576276951
818,w377595990,36.364706988167015,other,2791.57936980043,3101.754855333811,3489.474212250537,nr0,-22942.136326783108,-27711.348060991808,-4769.2117342087,0.1500179576276951
819,w377595993,54.98309161569923,other,4220.0307815631595,4688.923090625733,5275.038476953949,nr0,-34681.62952528357,-41124.425343903116,-6442.7958186195465,0.1500179576276951
823,w377596001,68.93592455182224,other,4836.798385703419,5374.220428559354,6045.997982129273,nr0,-39750.43273009476,-47824.808847814274,-8074.376117719512,0.1500179576276951
825,w377596004,35.535723760165276,other,2630.7606042728767,2923.067338080974,3288.450755341096,nr0,-21620.473728702702,-31131.29128062187,-9510.817551919168,0.1500179576276951
827,w377596008,41.66994294051546,other,3243.63691899437,3604.041021104855,4054.546148742962,nr0,-26657.297010858612,-35745.769038653314,-9088.472027794702,0.1500179576276951
831,w377596012,33.714099188242116,other,2925.7385905314077,3250.8206561460083,3657.1732381642596,nr0,-24044.701836760036,-32517.467537681805,-8472.76570092177,0.1500179576276951
836,w377596021,41.97082374822348,other,3488.321395519886,3875.9126616887625,4360.401744399857,nr0,-28668.196173613665,-34536.03977899916,-5867.843605385497,0.1500179576276951
838,w377596023,32.13139781658538,other,2490.0711216668888,2766.7456907409874,3112.5889020836107,nr0,-20464.24033458577,-29501.186757832318,-9036.946423246547,0.1500179576276951
844,w377596038,30.39147779517807,other,2398.685899783123,2665.2065553145812,2998.357374728904,nr0,-19713.20590533343,-5266.509873298131,14446.6960320353,0.1500179576276951
847,w377596043,50.74534401865676,other,3919.317771017566,4354.797523352851,4899.1472137719575,nr0,-32210.269062526033,-38735.52679423734,-6525.257731711306,0.1500179576276951
848,w377596044,31.44567816138733,other,2904.869813374752,3227.633125971947,3631.08726671844,nr0,-23873.195220942238,-29624.01297465938,-5750.817753717143,0.1500179576276951
861,w377596072,32.00744857888203,other,2718.9974702297686,3021.108300255298,3398.7468377872106,nr0,-22345.63391212096,-31423.40905731818,-9077.775145197218,0.1500179576276951
863,w377596074,30.798605113010854,other,2855.316162411527,3172.5735137905854,3569.1452030144083,nr0,-23465.946683362807,-31930.709721335108,-8464.763037972301,0.1500179576276951
877,w377596096,31.32093481458723,other,2660.043472138398,2955.603857931553,3325.0543401729974,nr0,-21861.130166372965,-27574.671574825366,-5713.541408452402,0.1500179576276951
882,w377596101,34.10184732507914,other,2734.2308274665847,3038.0342527406497,3417.788534333231,nr0,-22470.826755363178,-29817.261231111308,-7346.43447574813,0.1500179576276951
886,w377596106,35.077698366669935,other,2779.2898943774467,3088.099882641607,3474.112367971808,nr0,-22841.13729247699,-29397.362816670764,-6556.225524193775,0.1500179576276951
893,w377596115,40.14825235735625,other,3192.6172371227067,3547.352485691896,3990.771546403383,nr0,-26238.000139162472,-35858.30981100383,-9620.309671841362,0.1500179576276951
895,w377596117,32.339281557500364,other,2797.665055321845,3108.5167281353833,3497.081319152306,nr0,-22992.15053321573,-30689.913903814828,-7697.763370599099,0.1500179576276951
899,w377596123,32.752713098051025,other,2913.410473739367,3237.1227485992963,3641.7630921742084,nr0,-23943.385234712026,-33442.972024504845,-9499.586789792818,0.1500179576276951
901,w377596125,37.63718191203661,other,2922.0877489035165,3246.7641654483514,3652.6096861293954,nr0,-24014.69799476267,-32074.227756411416,-8059.529761648744,0.1500179576276951
909,w377596135,73.15242530554532,other,5088.204744337678,5653.560827041864,6360.255930422097,nr1,-34103.45639995458,-46918.24982173096,-12814.793421776383,0.12234696239453792
916,w377596142,40.572792674647644,other,3113.8461841117532,3459.8290934575034,3892.3077301396916,nr0,-25590.63318397869,-35016.592847645035,-9425.959663666345,0.1500179576276951
917,w377596143,37.61386710904771,other,2745.329396719578,3050.3659963550867,3431.6617458994724,nr0,-22562.038523005886,-31451.690057763914,-8889.651534758028,0.1500179576276951
918,w377596145,32.806498026452026,other,2693.449218590027,2992.721353988919,3366.811523237534,nr0,-22135.669804214616,-27303.011983978668,-5167.342179764051,0.1500179576276951
919,w377596147,34.850180151499806,other,2595.9189583634725,2884.354398181636,3244.8986979543406,nr0,-21334.133387120295,-5699.551085758718,15634.582301361577,0.1500179576276951
929,w377596159,36.51154847629368,other,2488.2164818409556,2764.684979823284,3110.2706023011942,nr0,-20448.998281938464,-28892.387229767333,-8443.38894782887,0.1500179576276951
931,w377596161,32.13265920560807,other,2649.7963962137605,2944.2182180152895,3312.2454952672006,nr0,-21776.916256728433,-30102.01049283849,-8325.094236110057,0.1500179576276951
934,w377596166,38.724472055921794,other,2981.905002903568,3313.227781003964,3727.38125362946,nr0,-24506.296267342364,-6547.014821927551,17959.281445414814,0.1500179576276951
935,w377596167,41.94859704792034,other,3114.8432704850466,3460.9369672056073,3893.554088106308,nr0,-25598.827574492236,-37140.99272050946,-11542.165146017222,0.1500179576276951
936,w377596168,31.29673577034846,other,2563.979256552608,2848.865840614009,3204.97407069076,nr0,-21071.642196252225,-28470.74259574022,-7399.100399487994,0.1500179576276951
937,w377596169,36.7579496475868,other,3082.2442820121273,3424.7158689023636,3852.805352515159,nr0,-25330.918144528794,-31260.142387682343,-5929.224243153549,0.1500179576276951
940,w379327852,945.496160332486,other,38030.77627777757,42256.41808641952,47538.47034722196,nr1,-254899.51482179202,-363746.0961789723,-108846.58135718026,0.12234696239453792
941,w379327862,94.51021252730861,other,9084.066665311519,10093.407405901688,11355.083331639398,nr1,-60885.53566942951,-86833.86360563015,-25948.327936200636,0.12234696239453792
942,w387435839,3594.435384737421,other,196483.33588232234,218314.8176470248,245604.1698529029,nr2,-1212305.2735181542,-1112054.690640968,100250.58287718613,0.11262781117628023
943,w387435840,942.2609318409114,other,56823.35165188755,63137.05739098616,71029.18956485944,nr2,-350600.9736511075,-405824.16121864313,-55223.18756753561,0.11262781117628023
944,w390787314,132.5826213063672,other,9844.203167691367,10938.003519657073,12305.253959614207,nr1,-65980.31533523864,-76676.37632827846,-10696.06099303982,0.12234696239453792
945,w390787315,330.5195846647024,other,28537.57339615315,31708.414884614613,35671.966745191436,nr1,-191271.76263086803,-188633.8658223619,2637.896808506135,0.12234696239453792
946,w390787316,150.59577141329646,other,12304.720854223664,13671.912060248515,15380.90106777958,nr1,-82471.82105488397,-22032.877957050718,60438.94309783325,0.12234696239453792
947,w390789514,104.66224040389062,trade,10397.319493968453,11552.577215520503,12996.649367460564,nr1,-69687.55186857298,-164095.5247914905,-94407.97292291751,0.12234696239453792
948,w390789515,335.6007874913513,trade,25636.797863414322,28485.330959349245,32045.997329267902,nr1,-171829.44910822483,-139073.54312413908,32755.90598408575,0.12234696239453792
949,w390790006,38.98714106846601,trade,2776.3285059702725,3084.8094510780807,3470.4106324628406,nr0,-22816.799608480276,-52931.15793237099,-30114.358323890712,0.1500179576276951
950,w390793102,268.1788772383239,sfh,30059.790808766775,33399.76756529642,37574.738510958465,r1,-215596.38844350277,-147480.79105172824,68115.59739177453,0.12235184420952645
951,w390793103,629.0808588726446,th,87553.79058492262,97281.98953880291,109442.23823115327,r2,-578050.2656389971,-405338.8704514601,172711.39518753695,0.11262781117628023
952,w390793104,761.76513240356,mfh,80676.55852455663,89640.6205828407,100845.69815569579,r2,-532645.1975911474,-335087.6338346398,197557.5637565076,0.11262781117628023
953,w390793105,324.12222724705936,th,47118.253767594215,52353.615297326905,58897.817209492765,r1,-337943.9799393115,-266585.2340110922,71358.74592821929,0.12235184420952645
954,w390793106,1475.9963392082602,mfh,145242.0290743921,161380.03230488012,181552.53634299012,r2,-958921.2863030207,-470120.4858773836,488800.80042563705,0.11262781117628023
955,w390793107,895.6360460046678,mfh,90245.7910168643,100273.10112984922,112807.23877108037,r2,-595823.4717376507,-159170.52530660306,436652.94643104763,0.11262781117628023
956,w390793108,286.70933025064875,mfh,25575.074405456515,28416.749339396127,31968.843006820643,r1,-183430.87319098014,-112270.1258938705,71160.74729710964,0.12235184420952645
957,w390793793,117.72837251536548,mfh,12242.925925452717,13603.251028280796,15303.657406815895,r1,-87809.347387046,-69951.84250771481,17857.504879331187,0.12235184420952645
958,w390794364,96.81251710766227,sfh,13040.642047928714,14489.602275476347,16300.802559910891,r1,-93530.76827460657,-109505.1335539742,-15974.36527936763,0.12235184420952645
959,w475684695,267.0884538785554,mfh,32327.72471892473,35919.69413213859,40409.65589865591,r1,-231862.58149086105,-169212.99518301905,62649.58630784199,0.12235184420952645
960,w620369477,3702.806372543797,other,329831.05954184383,366478.95504649315,412288.8244273048,nr2,-2035062.8263566287,-543680.136009207,1491382.6903474217,0.11262781117628023
961,w620369478,20480.360502976928,other,1687025.1117225294,1874472.3463583658,2108781.3896531616,nr2,-10408971.480022505,-2780823.744938709,7628147.735083796,0.11262781117628023
962,w993163452,1412.2592688187956,other,69902.24125333331,77669.15694814813,87377.80156666663,nr2,-431297.9282523399,-455213.87976513477,-23915.951512794883,0.11262781117628023
963,w993163453,1066.3710880815981,other,51293.74656664398,56993.051740715535,64117.183208304974,nr2,-316483.2232820458,-328011.9551450149,-11528.731862969114,0.11262781117628023
964,w993163454,1257.084109787643,other,59883.17288306017,66536.85875895574,74853.96610382521,nr2,-369480.1187853038,-368292.2684920452,1187.8502932586125,0.11262781117628023
965,w993163455,1355.0658122852444,mfh,137933.86271477625,153259.84746086248,172417.3283934703,r2,-910671.0908827276,-243280.10357598902,667390.9873067386,0.11262781117628023
966,w993163456,1286.649396429956,mfh,130250.32129646631,144722.5792182959,162812.90162058288,r2,-859942.5829765587,-528770.603360963,331171.97961559566,0.11262781117628023
967,w993163457,923.1744978809729,ab,96260.7750734298,106956.41674825533,120325.96884178725,r2,-635535.7801195426,-394240.5665918019,241295.21352774074,0.11262781117628023
968,w993163458,923.3917086940259,ab,96786.7143031862,107540.7936702069,120983.39287898275,r2,-639008.1518973901,-391006.3051044471,248001.84679294302,0.11262781117628023
969,w993163460,1313.604391914094,ab,125644.15428679457,139604.6158742162,157055.1928584932,r2,-829531.6088116452,-520774.5941895234,308757.01462212176,0.11262781117628023
970,w993163461,1099.8535498690792,ab,118342.74284405124,131491.93649339027,147928.42855506405,r2,-781326.0109063935,-494721.6187666319,286604.39213976165,0.11262781117628023
971,w993164648,226.1375619597733,ab,25333.36690212359,28148.18544680399,31666.708627654487,r1,-181697.28611747734,-175867.40979117883,5829.876326298516,0.12235184420952645
972,w993164649,158.37299746889622,other,12554.80104281894,13949.778936465487,15693.501303523673,nr1,-84147.97192474476,-103700.96279962276,-19552.990874878,0.12234696239453792
973,w993164650,163.5844805765897,other,11822.83966197053,13136.48851330059,14778.549577463164,nr1,-79242.03470474725,-94560.91011588722,-15318.875411139976,0.12234696239453792
974,w993164651,162.24389737509188,other,11008.365752407117,12231.517502674575,13760.457190508896,nr1,-73783.06108647706,-89003.50581039519,-15220.444723918132,0.12234696239453792
975,w993164652,173.63842588849366,other,12537.52789010725,13930.586544563612,15671.909862634062,nr1,-84032.19941951128,-101311.10958138976,-17278.910161878477,0.12234696239453792
976,w1006795433,259.34726619906723,mfh,31206.31317629144,34673.68130699049,39007.8914703643,r1,-223819.5355465731,-149663.3408381186,74156.19470845451,0.12235184420952645
977,w1006849999,188.95288848243652,other,12692.659037467965,14102.954486075516,15865.823796834957,nr1,-85071.95874251779,-102659.08674731846,-17587.128004800674,0.12234696239453792
978,w1007159125,240.08975319266318,education,18188.745430473453,20209.717144970502,22735.931788091813,nr1,-121909.22298248981,-135530.78398026305,-13621.560997773238,0.12234696239453792
979,w1007160095,265.99824453517795,sfh,29700.45869061807,33000.5096562423,37125.57336327258,r1,-213019.16801580696,-157272.20882129084,55746.95919451612,0.12235184420952645
980,w1007176059,713.9090096209663,trade,44584.74507920726,49538.60564356363,55730.93134900908,nr1,-298827.186858762,-321190.2577962063,-22363.07093744428,0.12234696239453792
981,w1029411791,412.32884333096445,trade,24243.8769969841,26937.64110776011,30304.846246230125,nr1,-162493.46157946953,-190471.59700911958,-27978.13542965005,0.12234696239453792
982,w1030080397,647.4037659055554,other,30520.396752890152,33911.551947655724,38150.49594111269,nr1,-204561.54425188922,-255201.20798554455,-50639.663733655325,0.12234696239453792
983,w1030080398,123.65970464986749,other,6312.042173885407,7013.380193206007,7890.052717356758,nr1,-42306.17003203864,-53681.60596157916,-11375.435929540523,0.12234696239453792
984,w1030080399,86.80603968682699,other,6773.282403048039,7525.869336720043,8466.603003810047,nr1,-45397.61128401609,-61557.910789238376,-16160.299505222283,0.12234696239453792
985,w1036126248,1409.4026292502879,trade,62527.62490135226,69475.13877928029,78159.53112669032,nr2,-385796.42934133625,-443224.2933772758,-57427.864035939565,0.11262781117628023
986,w1036126249,536.9865712554193,mfh,58786.42745363585,65318.25272626206,73483.0343170448,r2,-388121.516824352,-265136.92612813134,122984.59069622064,0.11262781117628023
987,w1036126250,784.2879224468953,mfh,83022.8157791949,92247.57308799434,103778.51972399362,r2,-548135.7277011555,-331150.2541626279,216985.47353852756,0.11262781117628023
988,w1036126251,422.468481163308,mfh,52845.09736255475,58716.77484728305,66056.37170319344,r2,-348895.4888653772,-257169.73373117493,91725.75513420228,0.11262781117628023
989,w1036680208,878.3984476357698,mfh,87023.10356131091,96692.33729034546,108778.87945163864,r2,-574546.547833971,-373382.32767122245,201164.22016274853,0.11262781117628023
990,w1075387093,82.43980132825672,other,6640.5639729472905,7378.404414385878,8300.704966184112,nr1,-44508.07215934778,-59300.621402092846,-14792.549242745066,0.12234696239453792
991,w1075387094,82.56877346616238,other,5523.9930738652965,6137.770082072551,6904.99134233162,nr1,-37024.30747462742,-38166.20958563771,-1141.9021110102913,0.12234696239453792
992,w1075387095,130.11354850369972,other,4922.185612555075,5469.095125061194,6152.732015693843,nr0,-40452.173622791175,-38488.01841497841,1964.1552078127643,0.1500179576276951
993,w1075387096,86.78853361294604,other,5651.038189360073,6278.931321511192,7063.797736700091,nr1,-37875.821471175004,-40108.749294558766,-2232.9278233837613,0.12234696239453792
994,w1075387097,130.27800867820625,other,5001.394598025604,5557.105108917338,6251.743247532005,nr1,-33521.615418983434,-37242.60157207533,-3720.9861530918934,0.12234696239453792
995,w1075387098,130.18280181584413,other,4914.504272727153,5460.56030303017,6143.1303409089405,nr0,-40389.045793645084,-38322.38488385667,2066.660909788414,0.1500179576276951
996,w1075387099,86.85200681062415,other,7574.079042728552,8415.643380809503,9467.598803410689,nr1,-50764.913635000674,-64140.76077733783,-13375.84714233716,0.12234696239453792
997,w1107949539,145.45949292609,other,7234.128086910359,8037.920096567066,9042.660108637949,nr1,-48486.408114410086,-12953.456088348215,35532.952026061874,0.12234696239453792
998,w1107949540,113.13991883732378,other,8157.082843669978,9063.42538185553,10196.353554587471,nr1,-54672.46958163185,-65018.78391791596,-10346.314336284107,0.12234696239453792
999,w1108636740,113.13954655230044,other,8437.78627390423,9375.318082115811,10547.232842380286,nr1,-56553.87130882545,-66423.45842960477,-9869.587120779317,0.12234696239453792
1000,w1108636741,169.70950587596744,other,6388.827258846157,7098.696954273508,7986.034073557696,nr1,-42820.81850408369,-46036.20030461121,-3215.381800527517,0.12234696239453792
1001,w1108636742,113.35190696045755,other,7307.257952288273,8119.1755025425255,9134.072440360342,nr1,-48976.557646664194,-50536.81355789978,-1560.2559112355884,0.12234696239453792
1002,w1108636743,97.02220907397567,other,8465.714383767012,9406.34931529668,10582.142979708764,nr1,-56741.05817037981,-66011.57432244452,-9270.516152064709,0.12234696239453792
1003,w1108636744,97.02139693088829,other,6248.685707876577,6942.984119862863,7810.857134845721,nr1,-41881.52625594221,-44959.020647775644,-3077.494391833432,0.12234696239453792
1004,w1108636745,97.02220705058426,other,6051.606396825816,6724.00710758424,7564.507996032269,nr1,-40560.6113106008,-42421.58789660987,-1860.9765860090702,0.12234696239453792
1005,w1108636746,96.97299731615931,other,6049.968200571248,6722.186889523609,7562.46025071406,nr1,-40549.63137615449,-42396.738276786484,-1847.1069006319958,0.12234696239453792
1006,w1108636747,96.97299630921333,other,6204.737122419419,6894.152358243799,7755.921403024274,nr1,-41586.96289945665,-44251.78462897328,-2664.821729516625,0.12234696239453792
1007,w1108636748,93.15071205198764,other,7049.813241953456,7833.125824392729,8812.266552441819,nr1,-47251.04641127752,-55248.451090092625,-7997.404678815103,0.12234696239453792
1008,w1108636749,139.88183319568634,other,5418.6318681190805,6020.702075687867,6773.28983514885,nr1,-36318.12887786178,-40944.50350998535,-4626.374632123567,0.12234696239453792
1009,w1108636750,139.7263257611543,other,5255.293421448891,5839.2149127209905,6569.116776811114,nr1,-35223.36051173971,-39284.60234497558,-4061.241833235872,0.12234696239453792
1010,w1108636751,139.8837134392932,other,5137.657930030147,5708.508811144608,6422.072412537684,nr1,-34434.91408431345,-36898.98522122503,-2464.0711369115816,0.12234696239453792
1011,w1108636752,93.1510556358844,other,5632.758798770266,6258.620887522518,7040.9484984628325,nr1,-37753.30470321457,-39989.57546981822,-2236.2707666036513,0.12234696239453792
1012,w1108636753,93.25489941500128,other,5561.032789158997,6178.925321287774,6951.290986448746,nr1,-37272.56444915093,-40083.946018720126,-2811.3815695691956,0.12234696239453792
1013,w1108636754,139.72684112749994,other,6793.787494520834,7548.652771689815,8492.234368151043,nr1,-45535.045708956975,-60041.56144045021,-14506.515731493237,0.12234696239453792
1014,w1159236388,245.9913005110109,other,17161.798074090097,19068.664526766774,21452.24759261262,nr1,-115026.15593758707,-168353.84482097437,-53327.688883387294,0.12234696239453792
1015,w1159236389,122.96537718712352,other,11214.556910810714,12460.618789789682,14018.19613851339,nr1,-75165.04776625808,-114607.22824729544,-39442.18048103736,0.12234696239453792
1016,w1159236390,245.9301320978673,other,9422.640053648083,10469.600059608982,11778.300067060103,nr1,-63154.80810784118,-125044.26941241545,-61889.46130457427,0.12234696239453792
1017,w1219742100,99.15745026543736,other,6796.05397685548,7551.171085394977,8495.06747106935,nr1,-45550.23670172647,-59858.50521333548,-14308.268511609007,0.12234696239453792
1018,w1219742101,534.7382739499211,other,26665.5596979286,29628.399664365108,33331.94962241074,nr1,-178724.67760867736,-215176.32877921205,-36451.65117053469,0.12234696239453792
1019,w1219742102,331.85329187787136,other,16686.177045042114,18540.19671671346,20857.72130630264,nr1,-111838.32804109964,-132599.61026705176,-20761.28222595212,0.12234696239453792
1020,w1219742103,321.63751182574777,other,17114.566871985295,19016.185413316995,21393.208589981616,nr1,-114709.5909952091,-138683.19075929656,-23973.599764087456,0.12234696239453792
1021,w1219742104,906.7466930493712,other,37559.58202112246,41732.868912358295,46949.477526403076,nr1,-251741.35716203414,-314318.5427976803,-62577.185635646165,0.12234696239453792
1022,w1219742105,1260.638449399173,ab,128554.44727096538,142838.2747455171,160693.0590887067,r2,-848746.0325544472,-556330.794621878,292415.23793256923,0.11262781117628023
1023,w1219929093,501.3837405549362,other,33138.81990165809,36820.91100184232,41423.52487707261,nr1,-222111.4040113677,-264700.25979641423,-42588.85578504653,0.12234696239453792
1024,w1242595698,177.05818741209805,other,9156.077890481276,10173.419878312528,11445.097363101595,nr1,-61368.18756755076,-78494.60750301059,-17126.419935459824,0.12234696239453792
1025,w1242595699,175.70056665593293,other,9159.768067274865,10177.52007474985,11449.71008409358,nr1,-61392.92080642609,-78054.2003789241,-16661.27957249801,0.12234696239453792
