,full_id,NFA,building_usage,yearly_demand_useful_renovated,yearly_demand_delivered_renovated,yearly_demand_delivered_renovated_DH,consumer_size_renovated,npv_Gas_25years_ir_0.05,npv_DH_25years_ir_0.05,savings_npv_25years_ir_0.05,operator_selling_price
0,w24853838,27974.42320393324,trade,1197392.8826751309,1330436.536305701,1496741.1033439136,nr2,-2308729.038682892,-4189204.41744713,-1880475.3787642382,0.09669011447894532
1,w24853840,937.1926232803613,trade,88019.54120636193,97799.49022929103,110024.4265079524,nr2,-169713.1106213596,-379874.4250798798,-210161.3144585202,0.09669011447894532
2,w24853841,8998.296452549099,trade,370411.49455784855,411568.3272864984,463014.36819731066,nr2,-714201.484008367,-1622669.7167063,-908468.2326979329,0.09669011447894532
3,w25538793,404.8852469230536,trade,30724.044681390333,34137.827423767034,38405.05585173791,nr1,-64352.02657848488,-177529.9120765106,-113177.88549802572,0.10503393146443805
4,w27689586,5481.69515059907,office,239232.2588022705,265813.6208914117,299040.3235028381,nr2,-461270.8751471304,-338538.5168084204,122732.35833870998,0.09669011447894532
5,w28994179,16672.165487814695,other,602602.7887910821,669558.6542123135,753253.4859888526,nr2,-1161896.4647301394,-852745.5927695925,309150.8719605468,0.09669011447894532
6,w28994181,2845.002712316811,trade,324149.90597616514,360166.56219573907,405187.3824702064,nr2,-625003.131087214,-458705.81560432253,166297.31548289146,0.09669011447894532
7,w29249266,23411.247439788887,trade,2697249.5326306587,2996943.9251451762,3371561.915788323,nr2,-5200647.515664073,-3816888.49493203,1383759.0207320428,0.09669011447894532
8,w30213059,1747.46707642246,ab,186541.77691087977,207268.64101208863,233177.2211385997,r2,-384872.4130607264,-564843.9620261553,-179971.5489654289,0.09669011447894532
9,w50930444,8762.936898044496,other,330222.16830016905,366913.5203335212,412777.7103752113,nr2,-636711.2417339107,-1545195.1957566692,-908483.9540227584,0.09669011447894532
10,w50930445,4934.112452852726,other,202146.16980193532,224606.85533548368,252682.71225241915,nr2,-389764.07746602007,-1052994.5014852625,-663230.4240192424,0.09669011447894532
11,w50930458,1974.6456010334193,other,60554.61203303029,67282.90225892254,75693.26504128786,nr2,-116757.15903245794,-535758.7681688225,-419001.60913636454,0.09669011447894532
12,w50930471,4724.4749339554455,other,258143.60911438576,286826.2323493175,322679.5113929822,nr2,-497734.415442059,-1116554.7409580937,-618820.3255160346,0.09669011447894532
13,w50930472,9715.957844087014,other,1058464.4972369291,1176071.663596588,1323080.6215461614,nr2,-2040857.0624924935,-1497837.3016371801,543019.7608553134,0.09669011447894532
14,w50930478,6019.835157379508,trade,680901.6527717811,756557.3919686456,851127.0659647263,nr2,-1312866.84678574,-963546.6252579354,349320.2215278046,0.09669011447894532
15,w50930479,4489.048651921749,other,185541.01142931575,206156.6793659064,231926.26428664467,nr2,-357747.17484242533,-843453.9750441713,-485706.800201746,0.09669011447894532
16,w50930480,4441.97852948606,other,168700.98991545063,187445.54435050068,210876.23739431327,nr2,-325277.42556995235,-793711.1399261518,-468433.7143561995,0.09669011447894532
17,w50930481,1370.623297881335,other,62080.660377160784,68978.51153017864,77600.82547145098,nr2,-119699.57849853713,-354636.72276822675,-234937.14426968963,0.09669011447894532
18,w50930482,1573.369959426485,other,63379.87619939754,70422.08466599727,79224.84524924692,nr2,-122204.63539315721,-346137.84375894855,-223933.20836579136,0.09669011447894532
19,w50930483,704.9254127380437,other,45123.70064816985,50137.445164633165,56404.62581021231,nr1,-94512.34736647368,-235064.3947246954,-140552.04735822172,0.10503393146443805
20,w50930486,509.32494937628496,trade,30466.044901173256,33851.16100130362,38082.55612646657,nr1,-63811.64171425415,-168143.87986275117,-104332.23814849702,0.10503393146443805
21,w98916060,2713.01504517002,other,226605.19701500298,251783.55223889218,283256.4962687537,nr2,-436924.25955979095,-320669.9116691654,116254.34789062553,0.09669011447894532
22,w98916062,151.14776481509907,trade,11092.043274505519,12324.492527228354,13865.054093131897,nr1,-23232.470562153303,-72841.73943546886,-49609.26887331555,0.10503393146443805
23,w98916065,222.67857759937178,other,20948.500685227787,23276.111872475318,26185.625856534734,nr1,-43876.985821847986,-114757.79229388898,-70880.806472041,0.10503393146443805
24,w98916067,43210.64675020873,trade,3034378.024269405,3371531.1380771166,3792972.530336756,nr2,-5850675.04603892,-4293960.358503624,1556714.6875352962,0.09669011447894532
25,w98916074,4745.314506876469,trade,491122.8611791089,545692.0679767877,613903.5764738861,nr2,-946948.6812315304,-694989.9057371827,251958.77549434768,0.09669011447894532
26,w98916075,67.06430839556852,sfh,8538.96409194254,9487.737879936156,10673.705114928174,r1,-19138.625154855712,-58840.798975084326,-39702.173820228614,0.10503812246526795
27,w98916076,98.82164086105185,sfh,13728.213996145805,15253.571106828673,17160.267495182256,r1,-30769.43981598445,-76789.04855414893,-46019.60873816448,0.10503812246526795
28,w98916079,3334.9361924076916,trade,133751.88480733606,148613.2053414845,167189.85600917006,nr2,-257891.01046214145,-772113.5854941178,-514222.57503197633,0.09669011447894532
29,w98916080,2976.303781049745,other,104082.21116258297,115646.90129175886,130102.76395322871,nr2,-200684.0251000356,-564767.9115049505,-364083.8864049149,0.09669011447894532
30,w98916086,294.4025758753764,other,20686.516731325537,22985.018590361706,25858.14591415692,nr1,-43328.25603905132,-140618.0857407653,-97289.82970171398,0.10503393146443805
31,w98916091,1116.7099465291947,trade,65522.69205707044,72802.99117452271,81903.36507133805,nr2,-126336.26275351612,-92721.42100463656,33614.84174887955,0.09669011447894532
32,w98916094,150.05011938810347,trade,13612.2294499376,15124.699388819556,17015.286812422,nr1,-28511.04274970021,-99239.32256080996,-70728.27981110975,0.10503393146443805
33,w98916098,15131.85493721813,trade,1389797.224493673,1544219.1383263033,1737246.5306170913,nr2,-2679709.6061744206,-1966707.5560801495,713002.0500942711,0.09669011447894532
34,w98916102,1892.1415951219387,trade,73425.17962658805,81583.53291843117,91781.47453323506,nr2,-141573.28544970488,-468101.9111839005,-326528.6257341956,0.09669011447894532
35,w98916109,81.43322088830173,sfh,9629.8057932929,10699.784214769888,12037.257241616126,r1,-21583.55995029882,-67105.38783383269,-45521.82788353387,0.10503812246526795
36,w98916113,559.2398283889517,trade,50271.6825643969,55857.425071552105,62839.60320549612,nr2,-96930.33509650586,-255704.78488594695,-158774.44978944107,0.09669011447894532
37,w98916116,6987.1012714248145,other,358101.17313169746,397890.1923685527,447626.4664146218,nr2,-690465.5849870044,-1442264.8633659713,-751799.2783789668,0.09669011447894532
38,w98916121,458.57296650111675,other,22475.134293848154,24972.371437609057,28093.917867310192,nr1,-47074.54550438066,-131590.6985763319,-84516.15307195124,0.10503393146443805
39,w98916126,1235.1179318586364,trade,54455.49615433791,60506.10683815323,68069.37019292239,nr2,-104997.2712436064,-308702.57117531897,-203705.29993171257,0.09669011447894532
40,w99055014,379.03616306802724,mfh,51250.231128429565,56944.70125381063,64062.788910536954,r2,-105739.31722405623,-205120.86940303,-99381.55217897377,0.09669011447894532
41,w99055018,363.825429549627,mfh,39011.950831555296,43346.61203506144,48764.93853944412,r1,-87438.60443555807,-156838.47681542346,-69399.8723798654,0.10503812246526795
42,w99055022,32.828185592684896,sfh,3912.1656857345315,4346.850761927257,4890.207107168164,r0,-10759.538064254797,-30469.355656603322,-19709.817592348525,0.12888957385476113
43,w99055023,57.57688737055287,sfh,7638.842228320924,8487.602475912137,9548.552785401154,r1,-17121.156202409835,-42947.9259983033,-25826.769795893462,0.10503812246526795
44,w99055025,2922.078992408514,trade,131771.14343422168,146412.38159357963,164713.9292927771,nr2,-254071.8837641331,-611601.4140890324,-357529.53032489936,0.09669011447894532
45,w99055028,168.94065034445376,ab,18863.996140229203,20959.99571136578,23579.9951752865,r1,-42280.41565266264,-83098.75908640637,-40818.34343374373,0.10503812246526795
46,w99055030,502.22660109587014,other,33719.73290267432,37466.369891860355,42149.66612834289,nr1,-70626.54577138556,-195003.30443804248,-124376.75866665693,0.10503393146443805
47,w99055036,2513.4158389533286,other,94056.81089942587,104507.56766602874,117571.01362428232,nr2,-181353.7509294903,-522625.17299195164,-341271.4220624613,0.09669011447894532
48,w99055038,337.97397138923407,other,24561.514626422148,27290.57180713572,30701.893283027683,nr1,-51444.50408265187,-154804.53624696328,-103360.03216431141,0.10503393146443805
49,w99055039,2475.299022556655,other,95255.37369289662,105839.30410321847,119069.21711612078,nr2,-183664.7357081776,-459018.14070237445,-275353.40499419684,0.09669011447894532
50,w99055040,101.95110847079195,trade,7536.8851086504455,8374.316787389384,9421.106385813056,nr1,-15786.132192570178,-61843.97966318027,-46057.84747061009,0.10503393146443805
51,w99055041,189.90211718752977,ab,21595.11692946048,23994.5743660672,26993.8961618256,r1,-48401.75501829524,-109221.45996532076,-60819.704947025515,0.10503812246526795
52,w99055043,190.2007592998445,sfh,29155.98911223378,32395.543458037533,36444.98639029222,r1,-65348.15472109043,-139972.1256914322,-74623.97097034176,0.10503812246526795
53,w99055048,47.74609960326925,sfh,5769.180841789516,6410.2009353216845,7211.476052236895,r1,-12930.630506547335,-43517.56410591676,-30586.933599369426,0.10503812246526795
54,w99055050,194.95880112051967,trade,16984.909900636445,18872.122111818273,21231.137375795555,nr1,-35575.17848621572,-109961.11815928789,-74385.93967307216,0.10503393146443805
55,w99055053,122.33706042193808,ab,14174.508663259385,15749.454070288204,17718.13582907423,r1,-31769.732855108217,-89438.61643953701,-57668.8835844288,0.10503812246526795
56,w99055057,303.91877080444243,ab,36040.58788819037,40045.09765354486,45050.73486023796,r1,-80778.80343864897,-154888.1353788082,-74109.33194015922,0.10503812246526795
57,w99055067,194.8848727118224,sfh,21931.666176569037,24368.517973965598,27414.582720711296,r1,-49156.0724995735,-104280.11273829533,-55124.04023872183,0.10503812246526795
58,w99055068,348.37368724122643,ab,40200.04013772175,44666.71126413528,50250.05017215219,r1,-90101.50307717067,-225433.9592691863,-135332.45619201564,0.10503812246526795
59,w99055094,263.70872883694244,other,16614.595860209945,18460.66206689994,20768.24482526243,nr1,-34799.54952137611,-118323.47248122717,-83523.92295985107,0.10503393146443805
60,w99055100,85.6876405166462,sfh,12089.433153049305,13432.703503388117,15111.79144131163,r1,-27096.393304806625,-69830.47068484509,-42734.07738003846,0.10503812246526795
61,w99055110,94.65369866762775,sfh,12604.978915374657,14005.532128194063,15756.22364421832,r1,-28251.900810058894,-85340.35369684525,-57088.452886786356,0.10503812246526795
62,w99055113,801.3236896117684,education,39333.930829421224,43704.367588245805,49167.41353677653,nr1,-82385.57743357171,-226276.69492755106,-143891.11749397934,0.10503393146443805
63,w99055118,54.3237798044458,other,6219.479772060365,6910.533080067072,7774.349715075456,nr1,-13026.80463286796,-43247.43889252013,-30220.634259652168,0.10503393146443805
64,w99055131,500.74276516167447,th,69240.53713621371,76933.93015134857,86550.67142026713,r2,-142856.86054104034,-302134.6380157475,-159277.77747470714,0.09669011447894532
65,w99055135,663.0715527065098,ab,68880.52212837798,76533.91347597554,86100.65266047248,r2,-142114.07869828987,-235958.435974893,-93844.35727660311,0.09669011447894532
66,w99055142,64.54166975589469,sfh,9032.758360397225,10036.398178219139,11290.947950496531,r1,-20245.38041296577,-51042.96374819828,-30797.58333523251,0.10503812246526795
67,w99055146,149.08371188635937,sfh,17342.70904751041,19269.67671945601,21678.38630938801,r1,-38870.7112544513,-72914.83656482399,-34044.125310372685,0.10503812246526795
68,w99055147,57.659734526090325,sfh,7330.462267285426,8144.958074761584,9163.077834106782,r1,-16429.97535002792,-49677.67651002296,-33247.70115999504,0.10503812246526795
69,w99055152,1635.3717537612654,other,76892.01538215307,85435.57264683674,96115.01922769133,nr2,-148257.79518500177,-390810.63014820975,-242552.83496320798,0.09669011447894532
70,w99055158,567.1104306213557,trade,39120.40099323338,43467.11221470375,48900.50124154172,nr1,-81938.33561251087,-226885.22079160556,-144946.88517909468,0.10503393146443805
71,w99055160,362.3993257842958,ab,41269.65009818708,45855.16677576342,51587.06262273384,r1,-92498.85056274713,-198475.5781156441,-105976.72755289698,0.10503812246526795
72,w99055171,150.93386064656082,sfh,16885.70894548665,18761.8988283185,21107.136181858314,r1,-37846.42381698371,-81102.02150538386,-43255.59768840015,0.10503812246526795
73,w99055172,71.28885925472714,sfh,9019.499646113589,10021.666273459543,11274.374557641986,r1,-20215.66327632278,-60840.73588984025,-40625.07261351748,0.10503812246526795
74,w99055173,413.9677898917347,ab,46033.80958093352,51148.67731214836,57542.2619761669,r1,-103176.89786877495,-184069.37152274168,-80892.47365396674,0.10503812246526795
75,w99055181,184.62117180265486,other,15209.502381678169,16899.44709075352,19011.87797709771,nr1,-31856.557678557303,-99016.69300559853,-67160.13532704122,0.10503393146443805
76,w99055182,84.81555104400032,sfh,9995.399856476368,11105.999840529297,12494.24982059546,r1,-22402.976410980675,-69909.488948678,-47506.51253769733,0.10503812246526795
77,w99055185,136.9722994968528,education,10840.570650859518,12045.07850095502,13550.713313574397,nr1,-22705.756936768208,-84572.94956399569,-61867.19262722748,0.10503393146443805
78,w99055186,41.49024544628337,sfh,5137.404922484948,5708.227691649942,6421.756153106185,r1,-11514.613016458108,-36644.87939485849,-25130.266378400385,0.10503812246526795
79,w99055192,160.51305735595523,ab,18121.209085465063,20134.67676162785,22651.511356831328,r1,-40615.58572037326,-102033.03017238902,-61417.444452015756,0.10503812246526795
80,w99055193,133.23216011486946,other,9055.86994602939,10062.077717810433,11319.837432536737,nr1,-18967.671395529764,-63202.45413570152,-44234.78274017175,0.10503393146443805
81,w99055199,594.2030242990702,ab,69499.33638341566,77221.48487046185,86874.17047926957,r2,-143390.81434172974,-241842.0785075331,-98451.26416580335,0.09669011447894532
82,w99055201,119.5810925271362,sfh,16186.140935837673,17984.601039819638,20232.67616979709,r1,-36278.46197022598,-92797.71237750597,-56519.25040727999,0.10503812246526795
83,w99055202,635.4450178422034,ab,74224.65462412336,82471.83847124818,92780.8182801542,r2,-153140.07621699263,-300281.28358520893,-147141.2073682163,0.09669011447894532
84,w99055209,191.61494707558305,other,19092.937557201116,21214.375063556796,23866.171946501392,nr1,-39990.47774743564,-114454.15080874706,-74463.67306131142,0.10503393146443805
85,w99055216,463.1840371862054,education,30329.625776782435,33699.58419642493,37912.03222097804,nr1,-63525.90957157408,-167712.1336532862,-104186.22408171213,0.10503393146443805
86,w99055219,773.0541430711745,other,89363.99007406665,99293.3223045185,111704.9875925833,nr2,-172305.38270415302,-412260.16564535134,-239954.78294119833,0.09669011447894532
87,w99055224,318.955577952601,ab,39326.77401159415,43696.415568437944,49158.46751449268,r1,-88144.22665951248,-165548.89117620376,-77404.66451669128,0.10503812246526795
88,w99055226,262.56915004737675,ab,28811.221455015977,32012.468283351085,36014.02681876997,r1,-64575.417081493666,-124749.24006482738,-60173.82298333371,0.10503812246526795
89,w99055235,1694.7837025728077,trade,149404.7926523063,166005.3251692292,186755.99081538286,nr2,-288071.8503555375,-631816.840895386,-343744.99053984846,0.09669011447894532
90,w99055245,424.4345906373113,ab,47895.25638616388,53216.95154018208,59869.07048270485,r1,-107349.01198793655,-197100.53774492416,-89751.52575698761,0.10503812246526795
91,w99055249,70.42309986636974,sfh,9527.919340341607,10586.577044824007,11909.899175427008,r1,-21355.198920741073,-68832.2180994405,-47477.01917869943,0.10503812246526795
92,w99055257,137.79457132667304,trade,8302.741753787854,9225.268615319837,10378.427192234816,nr1,-17390.23177302169,-65517.36617490775,-48127.13440188606,0.10503393146443805
93,w99055287,226.3710821658373,mfh,29327.158711257514,32585.731901397237,36658.94838907189,r1,-65731.80205329007,-125983.45164615165,-60251.64959286158,0.10503812246526795
94,w99055292,58.725108856521544,trade,5742.2884325185605,6380.320480576178,7177.8605406482,nr1,-12027.319373564937,-49716.37555828228,-37689.05618471734,0.10503393146443805
95,w99055300,847.1402418442303,other,76273.07353797425,84747.85948663806,95341.34192246781,nr2,-147064.39489877402,-375632.4826361728,-228568.08773739878,0.09669011447894532
96,w99389931,488.4274571448564,mfh,51882.65252404952,57647.39169338835,64853.315655061895,r2,-107044.12707756035,-188437.96197940482,-81393.83490184447,0.09669011447894532
97,w99389943,3490.8252122399163,ab,329651.0091598724,366278.89906652493,412063.7614498405,r2,-680134.9352637373,-1027399.3458938415,-347264.41063010413,0.09669011447894532
98,w99389949,2474.179022271931,ab,284257.7582638273,315841.9536264748,355322.1978297841,r2,-586479.7214111404,-1073318.147350553,-486838.42593941255,0.09669011447894532
99,w99389956,671.7147096479312,education,46899.24791118664,52110.27545687404,58624.0598889833,nr1,-98231.26087040505,-72094.43984227415,26136.8210281309,0.10503393146443805
100,w99389960,693.6997662768932,ab,80098.50062143736,88998.33402381929,100123.12577679669,r2,-165258.97698211923,-313049.9131856396,-147790.93620352037,0.09669011447894532
101,w99389971,1612.9015118613836,education,79005.85520261421,87784.28355846023,98757.31900326777,nr2,-152333.5529811561,-442706.96738046187,-290373.41439930577,0.09669011447894532
102,w99389974,235.12884147074072,education,10047.192716967635,11163.547463297371,12558.990896209543,nr1,-21044.013555711404,-78630.38860091771,-57586.3750452063,0.10503393146443805
103,w99389975,1082.0712234761565,mfh,111466.82540481444,123852.0282275716,139333.53175601806,r2,-229978.00696551378,-363050.08828449296,-133072.08131897918,0.09669011447894532
104,w99389979,163.53384786918758,ab,21228.517390207166,23587.241544674627,26535.646737758954,r1,-47580.084955256505,-111283.99412374693,-63703.90916849043,0.10503812246526795
105,w99389992,2569.363114476204,other,222880.7619206125,247645.2910229028,278600.9524007656,nr2,-429743.06483287865,-315399.44881805667,114343.61601482198,0.09669011447894532
106,w99390006,431.6004564465955,education,13943.155864366083,15492.395404851202,17428.944830457604,nr1,-29204.173671675577,-137936.34644247545,-108732.17277079987,0.10503393146443805
107,w99390011,2554.974828636646,ab,247425.31787724234,274917.0198636026,309281.6473465529,r2,-510487.1451354636,-776720.7675666092,-266233.6224311456,0.09669011447894532
108,w99390014,587.280543653667,trade,43622.5019390578,48469.44659895311,54528.12742382225,nr1,-91368.0615072984,-243381.3380127668,-152013.2765054684,0.10503393146443805
109,w99390021,1617.1983746248297,other,56431.07453005592,62701.19392228436,70538.8431625699,nr2,-108806.44301187692,-332576.470323479,-223770.02731160205,0.09669011447894532
110,w99390022,5590.431437242403,education,501507.8998853299,557230.9998725888,626884.8748566624,nr2,-966972.3850432084,-709685.8151358726,257286.5699073358,0.09669011447894532
111,w99390025,237.89438336268066,education,22880.136119028128,25422.373465586807,28600.170148785157,nr1,-47922.82861581952,-35171.79209653942,12751.036519280096,0.10503393146443805
112,w99390027,116.0190749399364,mfh,12111.38188864718,13457.090987385754,15139.227360808974,r1,-27145.58763548979,-47392.022707764736,-20246.435072274948,0.10503812246526795
113,w99390046,1095.085822885856,mfh,104637.32667388588,116263.69630431764,130796.65834235735,r2,-215887.4064571708,-325152.52796336944,-109265.12150619866,0.09669011447894532
114,w99390052,1678.6958267321402,education,80452.87476272321,89392.08306969245,100566.093453404,nr2,-155123.59468451253,-503924.3073701692,-348800.7126856567,0.09669011447894532
115,w99390065,2581.633286331594,education,86800.34062073754,96444.82291193059,108500.42577592192,nr2,-167362.33349821393,-500889.6598613725,-333527.3263631585,0.09669011447894532
116,w99390082,124.21957990797236,education,9140.033185312222,10155.592428124692,11425.041481640277,nr1,-19143.95271094332,-62717.50703061202,-43573.5543196687,0.10503393146443805
117,w99390107,332.09000708311794,education,26712.358260262183,29680.39806695798,33390.44782532773,nr1,-55949.482125952105,-41062.75881623238,14886.723309719724,0.10503393146443805
118,w99390110,1066.5973296171287,mfh,111016.92938734422,123352.1437637158,138771.16173418026,r2,-229049.7829036571,-384882.10319356294,-155832.32028990585,0.09669011447894532
119,w99390116,694.0162199864862,ab,76366.64546448652,84851.8282938739,95458.30683060814,r2,-157559.42504671024,-279238.11383097444,-121678.6887842642,0.09669011447894532
120,w99390122,307.42072394330467,other,23978.9127918091,26643.236435343442,29973.640989761374,nr1,-50224.23477454213,-173530.30047357894,-123306.06569903682,0.10503393146443805
121,w99390129,1196.3697846690193,trade,62972.859261591475,69969.84362399053,78716.07407698935,nr2,-121419.85385892153,-287852.28610839235,-166432.43224947082,0.09669011447894532
122,w99390130,964.417538562417,education,49512.76423577884,55014.18248419871,61890.95529472355,nr1,-103705.31461975831,-267128.4225868201,-163423.10796706178,0.10503393146443805
123,w99390133,9252.387912133521,education,680645.1328091653,756272.3697879614,850806.4160114565,nr2,-1312372.2429716852,-963183.6228429998,349188.6201286855,0.09669011447894532
124,w99390139,1249.1388426542283,ab,101272.3942615666,112524.88251285178,126590.49282695825,r2,-208944.88838555248,-396654.6089515475,-187709.720565995,0.09669011447894532
125,w99390141,112.67489476799965,other,7161.259483685899,7956.954981873221,8951.574354607374,nr1,-14999.378024883403,-59752.10179660179,-44752.72377171839,0.10503393146443805
126,w99758761,171.36210507287177,trade,18702.739494504167,20780.821660560185,23378.424368130207,nr1,-39173.20136465664,-122914.39039805326,-83741.18903339663,0.10503393146443805
127,w99758765,309.03573338240386,trade,17633.22369336,19592.4707704,22041.529616699998,nr1,-36933.08259204507,-110573.04570045057,-73639.9631084055,0.10503393146443805
128,w99758770,601.7205038767308,mfh,67803.20632134694,75336.89591260771,84754.00790168367,r2,-139891.36408097073,-255282.59623783495,-115391.23215686422,0.09669011447894532
129,w99758771,976.6668764967471,mfh,93790.2658837786,104211.40653753177,117237.83235472324,r2,-193507.78442269503,-317824.40825910965,-124316.62383641463,0.09669011447894532
130,w99758774,197.5460334163159,ab,21548.287941595398,23942.54215732822,26935.359926994246,r1,-48296.79586452894,-119022.63408055188,-70725.83821602294,0.10503812246526795
131,w99758775,265.071225726977,sfh,27414.764697100116,30460.849663444573,34268.45587137514,r1,-61445.498493367035,-136018.65236598573,-74573.1538726187,0.10503812246526795
132,w99758777,337.6781565959565,ab,38785.81336494016,43095.34818326684,48482.26670617519,r1,-86931.75604500218,-187987.62951583092,-101055.87347082874,0.10503812246526795
133,w99758783,333.3155570875853,th,46165.858494498185,51295.3983272202,57707.32311812273,r1,-103472.86288649937,-75937.783362124,27535.079524375367,0.10503812246526795
134,w99758786,182.17889552428386,mfh,24975.758120688377,27750.84235632042,31219.69765086047,r1,-55978.8830920657,-96765.94212412355,-40787.059032057856,0.10503812246526795
135,w99758788,349.08404515869915,other,29695.324703960447,32994.80522662272,37119.15587995056,nr1,-62197.35534245833,-165055.20503271787,-102857.84969025955,0.10503393146443805
136,w99758792,60.93018751584459,sfh,7098.129910688255,7886.811011875839,8872.662388360319,r1,-15909.24217485819,-53614.37128052135,-37705.12910566316,0.10503812246526795
137,w99758793,126.39461716674268,ab,14533.912444621437,16148.79160513493,18167.390555776794,r1,-32575.274859578836,-79633.74117700683,-47058.46631742799,0.10503812246526795
138,w99758796,906.0679207786917,ab,92578.39928517047,102864.88809463385,115722.99910646307,r2,-191007.46503130833,-292825.6314266229,-101818.16639531459,0.09669011447894532
139,w99758800,420.9761067721993,ab,43617.35169245246,48463.724102724955,54521.68961556557,r1,-97760.8214885296,-175316.26804213025,-77555.44655360065,0.10503812246526795
140,w99758801,293.7319820257835,mfh,30453.792851169546,33837.547612410606,38067.241063961934,r1,-68256.95946796828,-123574.97253869433,-55318.013070726054,0.10503812246526795
141,w99758803,512.6721141899004,mfh,56071.10035591353,62301.2226176817,70088.8754448919,r2,-115685.71959760271,-199979.09573218902,-84293.3761345863,0.09669011447894532
142,w99758805,165.76912949401884,sfh,21149.48042883679,23499.42269870754,26436.850536045986,r1,-47402.93714660441,-118230.90915432322,-70827.97200771881,0.10503812246526795
143,w99758807,110.8734177275095,other,10633.353902934445,11814.837669927161,13291.692378668055,nr1,-22271.737984893087,-71660.32357654307,-49388.585591649986,0.10503393146443805
144,w99758813,43.0509613757953,other,4335.785169212401,4817.539076902668,5419.731461515501,nr0,-11135.293105917777,-33617.0438054173,-22481.75069949952,0.12878926923489975
145,w99758814,84.92593946289271,th,9884.973779293656,10983.304199215172,12356.217224117068,r1,-22155.475276678528,-49199.87361495313,-27044.398338274605,0.10503812246526795
146,w99758818,424.19755738042295,mfh,42981.25264898336,47756.94738775929,53726.5658112292,r1,-96335.11445624391,-175318.7206600918,-78983.6062038479,0.10503812246526795
147,w99758821,35.03456762442365,sfh,4362.174934958981,4846.861038843312,5452.718668698726,r0,-11997.188009386937,-44967.03962414265,-32969.85161475571,0.12888957385476113
148,w99758824,478.7830200769007,ab,54415.092655594315,60461.21406177146,68018.86581949289,r2,-112269.04966862751,-277501.4018741887,-165232.35220556118,0.09669011447894532
149,w99758826,392.0728006519377,ab,50422.93344994148,56025.48161104609,63028.666812426854,r2,-104032.43923076167,-205810.2909505457,-101777.85171978403,0.09669011447894532
152,w99758837,194.723237061128,mfh,27818.768765056746,30909.743072285273,34773.46095632093,r1,-62351.00439951727,-123939.5932118664,-61588.58881234914,0.10503812246526795
153,w99758838,478.1149431033991,ab,49879.55482966044,55421.727588511596,62349.443537075545,r1,-111796.47700787727,-211503.4806249604,-99707.00361708312,0.10503812246526795
154,w99758842,66.20839738831855,sfh,9098.77198804681,10109.746653385344,11373.464985058512,r1,-20393.33865018213,-47865.7263383836,-27472.387688201474,0.10503812246526795
155,w99758845,141.8255072105676,th,20597.68337727332,22886.31486363702,25747.104221591646,r1,-46166.178586934046,-125386.71600041911,-79220.53741348506,0.10503812246526795
156,w99758846,563.5821329504251,other,39110.73926488373,43456.37696098192,48888.424081104655,nr1,-81918.09896053362,-217561.9908764361,-135643.89191590247,0.10503393146443805
157,w99758847,385.25146163031457,sfh,48245.97195129891,53606.635501443234,60307.46493912364,r1,-108135.08084416075,-227696.9782371758,-119561.89739301504,0.10503812246526795
158,w99758850,177.17881421931088,ab,22322.486341848085,24802.762602053426,27903.107927310106,r1,-50032.02894647933,-102868.65564442988,-52836.626697950545,0.10503812246526795
159,w99758852,422.9061155930161,other,27630.39919965029,30700.443555166985,34537.99899956286,nr1,-57872.33426160937,-164786.58958057358,-106914.2553189642,0.10503393146443805
160,w99758858,57.38898355839774,sfh,6590.511049374096,7322.7900548601065,8238.13881171762,r1,-14771.501460221194,-49208.914957884794,-34437.4134976636,0.10503812246526795
161,w99758862,402.33381934519855,sfh,47385.93913186298,52651.04347984775,59232.42391482872,r1,-106207.46461638088,-266666.27586181543,-160458.81124543457,0.10503812246526795
162,w99758864,101.365438436158,other,10686.907379847416,11874.341533163795,13358.63422480927,nr1,-22383.906639945235,-71655.8194016842,-49271.91276173897,0.10503393146443805
163,w99758865,63.831228005420414,other,4034.3888558582253,4482.654284286917,5042.986069822781,nr0,-10361.23808260318,-37048.21611941136,-26686.978036808177,0.12878926923489975
164,w99758868,445.0926624152809,ab,49002.607042031916,54447.341157813236,61253.258802539895,r1,-109830.94877669061,-195463.0484066437,-85632.0996299531,0.10503812246526795
165,w99758869,105.27734354436397,other,8736.207849217513,9706.897610241682,10920.259811521892,nr1,-18298.133775613733,-65076.663964883715,-46778.53018926998,0.10503393146443805
166,w99758874,732.9468768487684,ab,73910.07250364788,82122.30278183098,92387.59062955985,r2,-152491.03136592422,-279704.40857163427,-127213.37720571004,0.09669011447894532
167,w99758876,118.68904608124866,sfh,12352.210694951837,13724.678549946484,15440.263368689795,r1,-27685.364147104992,-81818.0571269683,-54132.69297986331,0.10503812246526795
168,w99758878,556.4759241774678,other,50045.05270888446,55605.61412098273,62556.31588610557,nr2,-96493.36329215947,-254818.7381458691,-158325.37485370965,0.09669011447894532
169,w99758879,141.26093079326674,other,12063.985867794016,13404.42874199335,15079.982334742519,nr1,-25268.22061539898,-112780.73011840065,-87512.50950300167,0.10503393146443805
170,w99758882,536.390386541374,other,53874.88809445505,59860.98677161672,67343.6101180688,nr2,-103877.7834736857,-253617.48350197208,-149739.70002828637,0.09669011447894532
171,w99758886,70.57262436598539,sfh,9862.178496867567,10957.97610763063,12327.723121084458,r1,-22104.383556306537,-67135.99427033459,-45031.61071402805,0.10503812246526795
172,w99758887,84.85345135740936,sfh,11592.59887534742,12880.665417052687,14490.748594184273,r1,-25982.82438676978,-78480.49519227816,-52497.67080550839,0.10503812246526795
173,w99758888,71.82869699064176,other,5611.650315189278,6235.167016876976,7014.562893986597,nr1,-11753.69564707592,-41967.43145090277,-30213.73580382685,0.10503393146443805
174,w99758891,1365.0763243824242,trade,109673.71393623555,121859.68215137284,137092.14242029443,nr2,-211465.1688751403,-608397.9860246016,-396932.8171494613,0.09669011447894532
175,w99758895,154.4283221337944,other,11343.022479982455,12603.358311091617,14178.778099978068,nr1,-23758.150714912674,-17436.71568809103,6321.435026821644,0.10503393146443805
176,w99758899,158.4874060918577,th,20589.83452385864,22877.59391539849,25737.2931548233,r1,-46148.58672663561,-102636.29396725142,-56487.70724061581,0.10503812246526795
177,w99758900,82.77785695786588,sfh,10694.216001383687,11882.462223759652,13367.770001729608,r1,-23969.253081726107,-67051.16080443219,-43081.907722706084,0.10503812246526795
178,w99758903,400.34018093422054,trade,29613.781724427085,32904.20191603009,37017.22715553385,nr1,-62026.562205010574,-178185.48255297964,-116158.92034796906,0.10503393146443805
179,w99758905,110.54209396946244,sfh,14100.026680676654,15666.696311862948,17625.033350845817,r1,-31602.794251069994,-66250.23474028127,-34647.44048921128,0.10503812246526795
180,w99758908,248.9345047255978,ab,27512.151103074764,30569.05678119418,34390.18887884345,r1,-61663.77343855461,-120156.95015646823,-58493.17671791362,0.10503812246526795
181,w99758913,208.22132023065353,ab,22300.78576510543,24778.65085011714,27875.982206381785,r1,-49983.390821356654,-120504.58956621593,-70521.19874485928,0.10503812246526795
182,w99758915,71.10941483918579,ab,10013.713282288307,11126.348091431451,12517.141602860384,r1,-22444.02281756373,-52735.475016031334,-30291.452198467603,0.10503812246526795
183,w99758919,819.0798590054737,ab,94696.69321739217,105218.54801932463,118370.8665217402,r2,-195377.92247396236,-336835.27045981796,-141457.3479858556,0.09669011447894532
184,w99758922,83.9358181065414,th,11677.410484752485,12974.900538613872,14596.763105940605,r1,-26172.915079704686,-56709.638902365856,-30536.72382266117,0.10503812246526795
185,w99758926,36.12754547015065,sfh,4556.491211661925,5062.768012957695,5695.614014577406,r0,-12531.611534268157,-29389.445951954563,-16857.834417686405,0.12888957385476113
186,w99758928,119.38002583179623,sfh,17308.899478423707,19232.110531581897,21636.124348029633,r1,-38794.932897447994,-79644.37902909625,-40849.446131648256,0.10503812246526795
187,w99758931,65.79372537583113,th,8611.439252918039,9568.265836575598,10764.299066147547,r1,-19301.065812061042,-61117.927402262074,-41816.861590201035,0.10503812246526795
188,w99758935,355.7203856162727,ab,44548.24205703894,49498.046730043265,55685.30257129867,r1,-99847.25276476589,-184980.32979982867,-85133.07703506279,0.10503812246526795
189,w99758936,99.44306262517348,th,12820.809152675898,14245.343502973219,16026.011440844872,r1,-28735.64731189625,-90906.83601365465,-62171.18870175841,0.10503812246526795
190,w99758945,525.0721962768584,mfh,72696.76550898828,80774.18389887585,90870.95688623533,r2,-149987.74015389086,-110074.62440924485,39913.11574464601,0.09669011447894532
191,w99758951,355.6037514369003,ab,38846.362119594094,43162.62457732677,48557.95264949262,r1,-87067.46570561646,-149729.2012874538,-62661.73558183733,0.10503812246526795
192,w99758953,525.4067761451006,other,30960.182478675506,34400.2027540839,38700.22809834438,nr1,-64846.62115301644,-197871.25120073062,-133024.6300477142,0.10503393146443805
193,w99758954,37.75478148937691,sfh,3643.787391156788,4048.6526568408754,4554.7342389459845,r0,-10021.423498540322,-33804.15947057734,-23782.735972037015,0.12888957385476113
194,w99758959,30.14875982720405,sfh,3902.3905445980445,4335.989493997827,4877.988180747555,r0,-10732.653721517214,-27699.913056640547,-16967.259335123334,0.12888957385476113
195,w99758962,201.50926117040217,mfh,21723.95521923704,24137.72802137449,27154.944024046297,r1,-48690.52397282838,-35733.52817436515,12956.995798463227,0.10503812246526795
196,w99758966,155.61690238779408,th,21851.717362183943,24279.685957982158,27314.646702729926,r1,-48976.88092860351,-109472.13116842683,-60495.25023982332,0.10503812246526795
197,w99758967,90.83302856497467,ab,10128.948163735615,11254.386848595128,12661.185204669518,r1,-22702.302062802075,-67728.44941144464,-45026.14734864257,0.10503812246526795
198,w99758970,391.2386861808598,th,48443.52710272418,53826.14122524909,60554.40887840523,r1,-108577.86687181331,-201344.11201204517,-92766.24514023185,0.10503812246526795
199,w99758974,163.93810575278476,sfh,20363.139486646123,22625.710540717915,25453.924358307653,r1,-45640.488637106166,-85469.55039810807,-39829.0617610019,0.10503812246526795
200,w99758975,139.83927450878545,sfh,19017.06701210734,21130.074457897044,23771.333765134175,r1,-42623.497788558605,-90850.98914578692,-48227.49135722832,0.10503812246526795
201,w99758979,705.2831632008775,trade,40567.1544633245,45074.61607036056,50708.94307915562,nr1,-84968.58500595129,-213494.22394538193,-128525.63893943065,0.10503393146443805
202,w99758981,319.7999828794971,other,27092.453379920906,30102.725977689894,33865.56672490113,nr1,-56745.59772519306,-41647.048457517674,15098.549267675386,0.10503393146443805
203,w99758984,336.42351993245535,ab,41356.19257743753,45951.325086041696,51695.24072179691,r1,-92692.82070391554,-171217.445167426,-78524.62446351045,0.10503812246526795
204,w99758985,1446.6540044941007,ab,159203.44292933436,176892.71436592707,199004.30366166795,r2,-328468.0475465917,-500790.52960130543,-172322.4820547137,0.09669011447894532
205,w99758989,963.3213891830295,education,66773.88157928629,74193.20175476254,83467.35197410785,nr2,-128748.71870229533,-407566.88327613816,-278818.16457384283,0.09669011447894532
206,w99758991,346.04414169639347,ab,38927.20383955835,43252.44871062039,48659.00479944794,r1,-87248.65857147353,-193450.6468721216,-106201.98830064808,0.10503812246526795
207,w99758995,38.315451947040856,sfh,4605.429916486004,5117.144351651115,5756.787395607505,r0,-12666.206513026358,-34149.42261696578,-21483.21610393942,0.12888957385476113
208,w99758997,604.6954287230968,other,49421.63020499519,54912.92244999466,61777.03775624399,nr1,-103514.43286470261,-302765.62160102685,-199251.18873632426,0.10503393146443805
209,w99759000,505.76658869385716,other,34496.09632156219,38328.995912846876,43120.120401952736,nr1,-72252.65196557087,-53028.07298227386,19224.57898329701,0.10503393146443805
210,w99759001,277.86601877255595,other,21620.245901575137,24022.495446194596,27025.30737696892,nr1,-45283.967437212516,-131878.33538235587,-86594.36794514336,0.10503393146443805
211,w99759005,200.24946516156197,th,21517.100210125434,23907.889122361594,26896.37526265679,r1,-48226.89390738203,-99088.04629963292,-50861.152392250886,0.10503812246526795
212,w99759006,478.86383471041916,sfh,50992.01233528256,56657.79148364729,63740.0154191032,r2,-105206.56101436495,-188661.21908089667,-83454.65806653172,0.09669011447894532
213,w99759010,347.4218390390277,ab,42845.86231337848,47606.513681531644,53557.32789172309,r1,-96031.66021345386,-177607.70472331124,-81576.04450985738,0.10503812246526795
214,w99759011,1184.1155465334652,health,81096.3879180279,90107.09768669767,101370.48489753487,nr2,-156364.37165080543,-404268.09163736855,-247903.7199865631,0.09669011447894532
215,w99759013,1127.2734199425206,other,48346.56544700629,53718.406052229206,60433.20680875786,nr1,-101262.69170896866,-269150.52186547,-167887.83015650132,0.10503393146443805
216,w99759015,262.8249901607633,mfh,34217.03964154063,38018.932935045144,42771.29955192578,r1,-76691.63244593384,-56283.28440815592,20408.348037777912,0.10503812246526795
217,w99759016,162.4421672269469,other,8362.91554321064,9292.128381345156,10453.644429013299,nr1,-17516.266783594656,-82161.93150049643,-64645.664716901774,0.10503393146443805
218,w99759020,78.66829424034803,other,5363.4306045502435,5959.367338389159,6704.288255687804,nr1,-11233.79530250891,-46938.871658227945,-35705.07635571904,0.10503393146443805
219,w99759023,45.55874986834824,th,6763.263251708072,7514.736946342302,8454.079064635089,r1,-15158.695926616192,-32836.3167898111,-17677.620863194905,0.10503812246526795
220,w99759028,314.5253525768406,trade,33061.024403090545,36734.47155898949,41326.28050386318,nr1,-69246.86977780245,-190495.29599595407,-121248.42621815162,0.10503393146443805
221,w99759036,422.98085668310523,mfh,42631.70476229463,47368.56084699403,53289.63095286828,r1,-95551.66275121564,-161132.8364944438,-65581.17374322815,0.10503812246526795
222,w99759038,116.55152825303375,ab,12476.366237759883,13862.629153066537,15595.457797199853,r1,-27963.637526535527,-76333.15625094154,-48369.51872440601,0.10503812246526795
224,w99759044,415.2007402397692,trade,30727.523085082063,34141.69231675785,38409.403856352576,nr1,-64359.312153321865,-185646.11803059705,-121286.80587727518,0.10503393146443805
225,w99759045,941.2816024620085,trade,46874.11717738663,52082.35241931848,58592.646471733286,nr1,-98178.62412722214,-261081.9752143226,-162903.35108710045,0.10503393146443805
226,w99759047,442.628270605579,mfh,44840.233894655554,49822.482105172836,56050.29236831944,r1,-100501.70244604455,-161081.95261894166,-60580.25017289711,0.10503812246526795
227,w99759050,246.0824731603265,trade,22511.684368925235,25012.98263213915,28139.60546115654,nr1,-47151.10024927824,-145001.5954007207,-97850.49515144245,0.10503393146443805
228,w99759051,91.54405212756247,th,11301.573718027325,12557.30413114147,14126.967147534155,r1,-25330.541353768393,-58439.92606684307,-33109.38471307468,0.10503812246526795
229,w99759055,270.5142616614699,other,18027.259599334837,20030.288443705373,22534.074499168546,nr1,-37758.39740189916,-105676.9927311024,-67918.59532920324,0.10503393146443805
230,w99759057,194.30349186724052,th,26936.28423283178,29929.20470314642,33670.35529103972,r1,-60373.066503848066,-114619.45552824237,-54246.3890243943,0.10503812246526795
231,w99759061,534.3112589053809,trade,25116.553078843055,27907.281198714503,31395.691348553817,nr1,-52607.041424745556,-160054.599144516,-107447.55771977044,0.10503393146443805
232,w99759062,137.67195288166403,th,17570.109600664895,19522.344000738773,21962.637000831117,r1,-39380.39063709881,-92677.89303833412,-53297.50240123531,0.10503812246526795
233,w99759063,182.5971095246263,sfh,23409.161696221272,26010.17966246808,29261.45212027659,r1,-52467.62558893308,-135413.34326004205,-82945.71767110897,0.10503812246526795
234,w99759067,347.13443305995315,other,14604.042087206286,16226.713430229207,18255.052609007857,nr1,-30588.41094312205,-94959.75020369548,-64371.33926057343,0.10503393146443805
235,w99759073,34.86947953915223,sfh,3369.323871661266,3743.69319073474,4211.654839576582,r0,-9266.572880625617,-36883.49594616268,-27616.923065537063,0.12888957385476113
236,w99759074,1179.944325777702,mfh,115106.04981104136,127895.61090115707,143882.5622638017,r2,-237486.443424566,-384492.20015531644,-147005.75673075044,0.09669011447894532
237,w99759077,212.39228247441352,sfh,25996.152531155218,28884.613923505796,32495.19066394402,r1,-58265.92235370897,-114754.32815143207,-56488.4057977231,0.10503812246526795
239,w99759083,341.51128259450195,trade,15755.53024255659,17506.144713951766,19694.412803195737,nr1,-33000.22218563063,-101335.51477201308,-68335.29258638245,0.10503393146443805
240,w99759085,319.12387123871594,other,16124.762320599133,17916.40257844348,20155.952900748915,nr1,-33773.58496212129,-115159.48437764354,-81385.89941552226,0.10503393146443805
241,w99759087,592.8829183824361,other,51137.99563470979,56819.99514967755,63922.494543387234,nr2,-98600.69924428123,-254266.87874774638,-155666.17950346513,0.09669011447894532
242,w99759088,334.1662621571682,ab,38269.47653436571,42521.64059373968,47836.84566795714,r1,-85774.47549579185,-157636.086951778,-71861.61145598616,0.10503812246526795
243,w99759091,80.87078364617192,sfh,11524.131641001168,12804.590712223518,14405.164551251459,r1,-25829.36681048379,-18955.93498158899,6873.431828894798,0.10503812246526795
244,w99759093,176.2003906674683,sfh,24764.95217261122,27516.61352512358,30956.190215764025,r1,-55506.39767378531,-123494.73843745323,-67988.34076366792,0.10503812246526795
245,w99759094,339.69808716569094,other,37582.71276836215,41758.56974262461,46978.390960452685,nr1,-78717.62185094443,-203095.6775965319,-124378.05574558747,0.10503393146443805
246,w99759096,246.47077107857913,mfh,23598.463882924807,26220.515425472007,29498.079853656007,r1,-52891.914010022956,-96301.74517635418,-43409.83116633122,0.10503812246526795
247,w99759099,50.23060751573648,th,7134.781015914094,7927.53446212677,8918.476269892617,r1,-15991.389348318071,-55162.095752070265,-39170.70640375219,0.10503812246526795
248,w99759102,1460.464218017459,other,128159.99370613102,142399.99300681223,160199.99213266376,nr2,-247109.11794106555,-561776.4581912847,-314667.3402502191,0.09669011447894532
249,w99759105,189.26809048298745,mfh,22334.256335775855,24815.840373084284,27917.820419719817,r1,-50058.409371485584,-93503.40113262789,-43444.9917611423,0.10503812246526795
250,w99759110,35.61810292806477,th,4375.3120568172735,4861.457840908081,5469.140071021591,r0,-12033.318729311319,-44699.03371122169,-32665.71498191037,0.12888957385476113
251,w99759111,238.72463138289748,th,34535.9950545772,38373.327838419114,43169.9938182215,r1,-77406.51636223691,-56807.93114596616,20598.585216270752,0.10503812246526795
252,w99759113,635.4707306571305,th,86670.32318175596,96300.35909083995,108337.90397719495,r2,-178817.94081789907,-356002.8922772527,-177184.95145935362,0.09669011447894532
253,w99759120,160.90588292758912,th,23237.39167444857,25819.324082720632,29046.73959306071,r1,-52082.63251200339,-38222.965464519526,13859.667047483861,0.10503812246526795
254,w99759121,33.129497365746644,ab,3818.7156608234063,4243.017400914896,4773.394576029257,r0,-10502.524639745905,-35464.14739529143,-24961.622755545526,0.12888957385476113
255,w99759126,310.54387535755524,ab,34300.81502744586,38112.016697162064,42876.01878430732,r1,-76879.40062141504,-142485.4108074059,-65606.01018599085,0.10503812246526795
256,w99759127,85.13879598667843,other,8496.79167350324,9440.879637225822,10620.989591879048,nr1,-17796.67258251059,-55582.151308355,-37785.47872584441,0.10503393146443805
257,w99759131,184.6887545518577,ab,20787.501022478882,23097.223358309868,25984.3762780986,r1,-46591.62231995017,-114282.41645303387,-67690.7941330837,0.10503812246526795
258,w99759132,153.35469039995223,ab,17695.00512599379,19661.116806659767,22118.756407492237,r1,-39660.32256057932,-84357.23506918096,-44696.912508601636,0.10503812246526795
259,w99759137,162.2998407471925,mfh,21055.671207008436,23395.19023000937,26319.589008760544,r1,-47192.67984685353,-150305.37521744505,-103112.69537059152,0.10503812246526795
260,w99759138,557.9003615580499,mfh,56330.74901759959,62589.721130666214,70413.43627199948,r2,-116221.42590760985,-200752.41105296736,-84530.98514535751,0.09669011447894532
261,w99759140,160.4533356629312,ab,17634.05521702537,19593.394685583742,22042.56902128171,r1,-39523.713781293096,-95487.94887637366,-55964.23509508056,0.10503812246526795
262,w99759142,128.98004897348582,sfh,17650.096411774208,19611.218235304674,22062.620514717757,r1,-39559.66737121669,-74545.13868060944,-34985.47130939275,0.10503812246526795
263,w99759148,518.2482564277947,ab,59352.94618142581,65947.71797936202,74191.18272678225,r2,-122456.81368212847,-215869.0831426737,-93412.26946054524,0.09669011447894532
264,w99759152,155.39786574579776,ab,16837.00273483737,18707.780816485967,21046.253418546712,r1,-37737.25718994407,-83101.51450282047,-45364.2573128764,0.10503812246526795
265,w99759159,71.9146042395383,sfh,9767.034283888204,10852.260315431338,12208.792854860254,r1,-21891.1341025954,-69601.71491145481,-47710.580808859406,0.10503812246526795
266,w99759161,242.4930030848831,mfh,32388.127737790874,35986.808597545416,40485.15967223859,r1,-72592.43973470682,-138163.80461206834,-65571.36487736153,0.10503812246526795
267,w99759162,714.1891373082996,mfh,77904.36715681193,86560.40795201325,97380.45894601491,r2,-160732.0476524435,-272640.4524060828,-111908.40475363933,0.09669011447894532
268,w99759164,595.7694656141102,mfh,71961.73720566227,79957.48578406918,89952.17150707783,r2,-148471.2320480194,-108961.67304404595,39509.55900397344,0.09669011447894532
269,w99759165,160.50856082765387,mfh,22755.65774251579,25284.064158350877,28444.572178144736,r1,-51002.90843208412,-101641.50530647385,-50638.596874389725,0.10503812246526795
270,w99759170,93.69908212199807,sfh,11619.451405943726,12910.501562159696,14524.314257429656,r1,-26043.00973384566,-78108.30620537593,-52065.29647153027,0.10503812246526795
271,w99759172,204.59550149962305,other,17169.669362300792,19077.410402556434,21462.08670287599,nr1,-35962.16027559099,-108287.41049971554,-72325.25022412455,0.10503393146443805
272,w99759176,41.50382452430203,sfh,4163.668093659857,4626.297881844285,5204.585117074821,r0,-11451.239272409584,-27104.617147095963,-15653.377874686379,0.12888957385476113
273,w99759177,360.73507672324774,ab,44758.280247853094,49731.42249761455,55947.850309816364,r1,-100318.01738667,-180943.36997448045,-80625.35258781044,0.10503812246526795
274,w99759180,347.1465133147314,education,19069.298725020304,21188.109694467003,23836.62340627538,nr1,-39940.965817201235,-110074.40379296245,-70133.43797576122,0.10503393146443805
275,w99759183,128.67689446713774,sfh,18376.72489710795,20418.583219008833,22970.906121384935,r1,-41188.280638341865,-103035.7178912516,-61847.43725290973,0.10503812246526795
276,w99759189,171.2441471248865,ab,18363.415474169808,20403.794971299787,22954.269342712258,r1,-41158.449846936994,-102248.74216387971,-61090.292316942716,0.10503812246526795
277,w99759190,369.99921465907244,other,20710.457907946584,23011.619897718425,25888.072384933228,nr1,-43378.40123478366,-125322.26848514918,-81943.86725036553,0.10503393146443805
278,w99759195,184.4751641433686,sfh,22818.050116989565,25353.389018877293,28522.562646236955,r1,-51142.75025068385,-98141.80472667856,-46999.05447599471,0.10503812246526795
279,w155463247,886.8482149265707,mfh,90574.02742084471,100637.808245383,113217.53427605589,r2,-186872.05124427966,-295583.33246658085,-108711.28122230119,0.09669011447894532
280,w155463249,403.549402025342,trade,23648.752708879776,26276.391898755304,29560.940886099717,nr1,-49532.708946736915,-154694.18207657302,-105161.47312983611,0.10503393146443805
281,w155463253,721.7602650925515,mfh,85711.09171490726,95234.54634989696,107138.86464363408,r2,-176838.8574434215,-129780.41267954698,47058.44476387452,0.09669011447894532
282,w155463254,852.2730644002556,mfh,87014.59305688317,96682.88117431464,108768.24132110395,r2,-179528.2373518901,-131754.12388430763,47774.11346758247,0.09669011447894532
283,w155463255,713.9319995328784,mfh,71073.4939418158,78970.54882423978,88841.86742726975,r2,-146638.61131285375,-107616.72952465576,39021.88178819799,0.09669011447894532
284,w155463260,725.1058137452229,mfh,66389.32398774149,73765.91554193498,82986.65498467686,r2,-136974.24645439937,-200205.81320180066,-63231.56674740129,0.09669011447894532
285,w155463261,1003.1358517257496,mfh,96812.24176736335,107569.15751929261,121015.30220920418,r2,-199742.71565250875,-312555.3509318891,-112812.63527938034,0.09669011447894532
286,w155463268,907.8277638942003,mfh,88048.47049851796,97831.63388724218,110060.58812314743,r2,-181661.33006903055,-276499.60350727313,-94838.27343824258,0.09669011447894532
287,w155463269,646.430608794326,mfh,65800.13973759115,73111.26637510127,82250.17467198893,r2,-135758.64334474815,-234625.293935388,-98866.65059063985,0.09669011447894532
288,w155463275,531.2511221051216,mfh,56742.54191479465,63047.26879421628,70928.17739349332,r2,-117071.03573040279,-174549.57379393055,-57478.53806352777,0.09669011447894532
289,w155463277,722.3371928531676,mfh,75825.75026506544,84250.83362785049,94782.18783133179,r2,-156443.45175610733,-256145.46515318655,-99702.01339707922,0.09669011447894532
290,w155463281,852.691491766274,mfh,81167.2147222987,90185.79413588744,101459.01840287336,r2,-167463.9445860626,-275418.4209272479,-107954.4763411853,0.09669011447894532
291,w155463286,75.58565192222595,sfh,11379.481362010443,12643.868180011603,14224.351702513053,r1,-25505.157990966556,-67115.9173233955,-41610.759332428934,0.10503812246526795
292,w155463289,870.3151384696364,mfh,92029.85106537899,102255.39007264332,115037.31383172373,r2,-189875.70205291567,-296700.66834731976,-106824.96629440409,0.09669011447894532
293,w155463294,520.8021583877504,mfh,73954.39748668816,82171.55276298684,92442.9968583602,r2,-152582.48253286438,-111978.88200064011,40603.60053222427,0.09669011447894532
294,w155463296,531.2875348292291,mfh,59600.264491446156,66222.51610160685,74500.33061430769,r2,-122967.08004898691,-220720.64683451934,-97753.56678553243,0.09669011447894532
295,w155463300,903.6974393147975,mfh,82377.16016846654,91530.17796496282,102971.45021058316,r2,-169960.30026171872,-274371.05710246635,-104410.75684074764,0.09669011447894532
296,w155463302,619.062746527791,mfh,73694.19011571503,81882.43346190559,92117.73764464378,r2,-152045.6234955965,-243443.0269364485,-91397.40344085201,0.09669011447894532
297,w155463304,1087.9011799693108,mfh,132782.97083749846,147536.6342638872,165978.71354687307,r2,-273957.4118242438,-201054.82741284033,72902.58441140346,0.09669011447894532
298,w155463308,740.3594694465398,mfh,74398.41232336155,82664.90258151284,92998.01540420194,r2,-153498.5725608204,-250525.11227667233,-97026.53971585192,0.09669011447894532
299,w155463310,722.3160033598542,mfh,78437.63363840502,87152.92626489447,98047.04204800627,r2,-161832.28139618653,-118767.22439913604,43065.05699705049,0.09669011447894532
300,w155463313,774.0583199881017,mfh,75098.58684319264,83442.87427021404,93873.2335539908,r2,-154943.17044915174,-243718.94792534428,-88775.77747619254,0.09669011447894532
301,w155463314,1101.9502923069522,mfh,104359.84119134728,115955.37910149698,130449.8014891841,r2,-215314.89927394083,-332218.2830463211,-116903.3837723803,0.09669011447894532
302,w155463317,740.3064833164215,mfh,74649.75970721088,82944.17745245653,93312.1996340136,r2,-154017.15170025258,-245437.7706506223,-91420.61895036971,0.09669011447894532
303,w155463319,828.4481069911271,mfh,78474.43739685023,87193.8193298336,98093.04674606278,r2,-161908.21479597013,-238588.16957219754,-76679.95477622742,0.09669011447894532
304,w155463321,781.2118542082608,mfh,75955.85291213829,84395.3921245981,94944.81614017286,r2,-156711.87913228932,-243212.5481657379,-86500.66903344859,0.09669011447894532
305,w155463324,722.1055689860135,mfh,76230.77521241456,84700.86134712728,95288.4690155182,r2,-157279.0979658597,-251955.84367076363,-94676.74570490394,0.09669011447894532
306,w155463327,780.4636536210775,mfh,78934.78481367027,87705.31645963363,98668.48101708783,r2,-162858.0021524101,-272685.5635588613,-109827.56140645122,0.09669011447894532
307,w155463330,867.026127423346,mfh,92798.36038612344,103109.28931791494,115997.9504826543,r2,-191461.28808963438,-140511.68017968183,50949.60790995255,0.09669011447894532
308,w155463331,701.7002469789237,mfh,75620.8436945795,84023.15966064388,94526.05461822437,r2,-156020.68915814732,-261056.68404102355,-105035.99488287623,0.09669011447894532
309,w155463336,356.26551316827533,mfh,37646.38639526564,41829.31821696182,47057.98299408205,r1,-84377.92569402188,-122791.55024765238,-38413.62455363051,0.10503812246526795
310,w155463337,437.0872274041176,trade,16347.364508861188,18163.7383431791,20434.205636076484,nr1,-34239.82897667141,-98427.85745856485,-64188.02848189344,0.10503393146443805
311,w155463339,868.4495440013707,mfh,96284.55889755068,106982.84321950076,120355.69862193835,r2,-198654.0019991986,-145790.34683114346,52863.65516805515,0.09669011447894532
312,w155463342,722.9579402044416,mfh,72192.16091602764,80213.5121289196,90240.20114503455,r2,-148946.64152949495,-252262.1065517135,-103315.46502221856,0.09669011447894532
313,w155463343,844.8904670208692,mfh,87271.28425516972,96968.09361685524,109089.10531896215,r2,-180057.8418326236,-300133.445006932,-120075.6031743084,0.09669011447894532
314,w155463347,1083.6851687338203,mfh,101563.78341079073,112848.64823421191,126954.7292634884,r2,-209546.0815705792,-298281.0753930991,-88734.9938225199,0.09669011447894532
315,w155463348,740.608741542697,mfh,73742.38733091138,81935.98592323487,92177.98416363922,r2,-152145.06383985936,-235592.38633527537,-83447.32249541601,0.09669011447894532
316,w155463352,356.4181080274284,mfh,38492.77211566138,42769.74679517931,48115.965144576716,r1,-86274.95428726327,-63316.39625579706,22958.558031466215,0.10503812246526795
317,w155463353,722.1394314199686,mfh,96023.96050529758,106693.28945033065,120029.95063162198,r2,-198116.3362080439,-145395.75884709664,52720.57736094727,0.09669011447894532
318,w155463354,696.3946817303076,mfh,75225.69127239037,83584.10141376707,94032.11409048796,r2,-155205.41191155295,-275442.5861307702,-120237.17421921727,0.09669011447894532
319,w155463358,865.4375973489136,mfh,87470.73329689098,97189.70366321219,109338.41662111372,r2,-180469.3444742361,-280475.53576815675,-100006.19129392065,0.09669011447894532
320,w155463359,1101.9756921548396,mfh,103923.56216152417,115470.62462391573,129904.4527019052,r2,-214414.76973858196,-329057.58092255617,-114642.8111839742,0.09669011447894532
321,w155463364,740.593882034719,mfh,74624.72489312779,82916.3609923642,93280.90611640972,r2,-153965.49994981763,-246154.01941807682,-92188.51946825918,0.09669011447894532
322,w155463365,603.6562003400177,mfh,57345.292217422895,63716.9913526921,71681.61527177862,r2,-118314.62827726935,-180439.67507671824,-62125.046799448886,0.09669011447894532
323,w155463369,722.4004129424691,mfh,76517.50006263371,85019.44451403746,95646.87507829214,r2,-157870.66778370828,-253936.71250172923,-96066.04471802094,0.09669011447894532
324,w155463370,696.1379145577084,mfh,67777.64861111336,75308.49845679261,84722.06076389168,r2,-139838.63349282683,-210355.5366296366,-70516.90313680976,0.09669011447894532
325,w155463373,865.3327697202564,mfh,87284.13642326384,96982.3738036265,109105.1705290798,r2,-180084.35838580204,-280154.6664199294,-100070.30803412737,0.09669011447894532
326,w155463376,746.0008564919234,mfh,78349.89022816702,87055.43358685223,97937.36278520877,r2,-161651.2494654968,-277285.0876423485,-115633.83817685168,0.09669011447894532
327,w155463378,701.7079005709849,mfh,75289.53058162499,83655.03397958331,94111.91322703123,r2,-155337.12497551178,-252060.44415736274,-96723.31918185097,0.09669011447894532
328,w155463380,903.4881653226912,mfh,80794.44802773364,89771.60891970404,100993.06003466704,r2,-166694.85350297255,-263313.3332141829,-96618.47971121033,0.09669011447894532
329,w155463382,654.6620004437864,mfh,67195.36451178146,74661.51612420162,83994.20563972682,r2,-138637.26675285082,-218157.95594294133,-79520.68919009052,0.09669011447894532
330,w155463388,654.8312545590103,mfh,81045.45395849762,90050.50439833068,101306.81744812202,r2,-167212.72815746267,-122715.88484160783,44496.84331585484,0.09669011447894532
331,w155463390,658.415929133445,mfh,67307.170216775,74785.74468530556,84133.96277096875,r2,-138867.94393512825,-213583.32798471188,-74715.38404958363,0.09669011447894532
332,w155463392,746.3197361536323,mfh,74500.89326832342,82778.77029813713,93126.11658540426,r2,-153710.01092724624,-248599.712769983,-94889.70184273674,0.09669011447894532
333,w155463395,740.6091377854347,mfh,81203.21252281987,90225.79169202207,101504.01565352484,r2,-167538.2151359678,-122954.75674455329,44583.458391414504,0.09669011447894532
334,w155463397,721.9107812985777,mfh,69115.7372055503,76795.26356172255,86394.67150693786,r2,-142599.37371283674,-219164.13999564998,-76564.76628281325,0.09669011447894532
335,w155463400,957.7393607803388,mfh,132263.3739372203,146959.30437468924,165329.2174215254,r2,-272885.38111809024,-200268.07392742898,72617.30719066126,0.09669011447894532
336,w155463402,519.368776667118,mfh,57328.60677905928,63698.45197673253,71660.7584738241,r2,-118280.20293281127,-206763.39850891972,-88483.19557610845,0.09669011447894532
337,w155463405,658.592996231094,mfh,66453.3492473543,73837.05471928256,83066.68655919287,r2,-137106.3431705993,-211595.1316365673,-74488.78846596798,0.09669011447894532
338,w155463406,932.8967588515952,mfh,87329.94975847227,97033.27750941363,109162.43719809034,r2,-180178.88031629942,-298262.19037457905,-118083.31005827963,0.09669011447894532
339,w155463408,740.3845857441426,mfh,81123.65596148898,90137.39551276554,101404.56995186122,r2,-167374.07428644187,-122834.29528321489,44539.779003226984,0.09669011447894532
340,w155463411,886.3585438661277,mfh,86630.34371086476,96255.9374565164,108287.92963858094,r2,-178735.45529808904,-276552.2204017729,-97816.76510368384,0.09669011447894532
341,w155463413,436.59599217027426,trade,16616.663351011164,18462.959278901293,20770.829188763953,nr1,-34803.87991551434,-100362.1004271708,-65558.22051165646,0.10503393146443805
342,w155463416,722.4005093876273,mfh,71360.79474582999,79289.7719398111,89200.99343228748,r2,-147231.3694367782,-249335.09263882576,-102103.72320204758,0.09669011447894532
343,w155463417,828.3400002270937,mfh,74807.01169807202,83118.90188674668,93508.76462259002,r2,-154341.59351797064,-240803.9499024381,-86462.35638446745,0.09669011447894532
344,w155463421,509.4774500131606,mfh,62634.51134401355,69593.90149334838,78293.13918001692,r2,-129227.32870378255,-94838.74919299457,34388.57951078798,0.09669011447894532
345,w155463422,674.0859733853489,mfh,66828.4486191273,74253.83179903033,83535.56077390912,r2,-137880.24702603865,-215851.16919433794,-77970.9221682993,0.09669011447894532
346,w155463424,701.7858467099256,mfh,75354.80212003247,83727.55791114719,94193.50265004058,r2,-155471.79301023882,-258508.12392660516,-103036.33091636634,0.09669011447894532
347,w155463427,540.3469697440042,mfh,55711.525451732596,61901.69494636955,69639.40681466574,r2,-114943.84577534192,-192659.87846236062,-77716.0326870187,0.09669011447894532
348,w155463430,521.3457492198795,mfh,65819.9805171453,73133.31168571701,82274.97564643163,r2,-135799.57877932195,-99662.06313749673,36137.515641825215,0.09669011447894532
349,w155463434,634.5610695700626,mfh,64418.57211226843,71576.19123585381,80523.21514033554,r2,-132908.1973236482,-207002.64139167318,-74094.44406802498,0.09669011447894532
350,w155463435,740.6094772338867,mfh,73569.89609015193,81744.3289890577,91962.37011268991,r2,-151789.18044922003,-240522.94961347105,-88733.76916425102,0.09669011447894532
351,w155463436,830.3215000247583,mfh,74986.73881598086,83318.59868442318,93733.42351997607,r2,-154712.40594780547,-227859.75060674737,-73147.3446589419,0.09669011447894532
352,w155463437,634.6341266736388,mfh,64166.464939277284,71296.07215475253,80208.0811740966,r2,-132388.05058962532,-208842.0869516745,-76454.03636204917,0.09669011447894532
353,w155463439,740.3900625675916,mfh,77902.86750022264,86558.74166691404,97378.5843752783,r2,-160728.95356563976,-272707.14724623814,-111978.19368059837,0.09669011447894532
354,w155463441,304.4361848443746,mfh,36817.49098632539,40908.32331813932,46021.863732906735,r1,-82520.09863754583,-60560.7421941417,21959.356443404133,0.10503812246526795
355,w155463442,681.7836883433163,mfh,68711.68346108304,76346.31495675893,85889.6043263538,r2,-141765.73128584505,-232652.60322451816,-90886.87193867311,0.09669011447894532
356,w155463445,701.5969566701912,mfh,73907.62346345419,82119.58162606022,92384.52932931774,r2,-152485.97851382516,-250859.6608928355,-98373.68237901034,0.09669011447894532
357,w155463446,527.3302180506289,mfh,52013.41474555332,57792.683050614796,65016.768431941644,r2,-107313.91528565377,-174489.06028007445,-67175.14499442068,0.09669011447894532
358,w155463447,540.1562461696565,mfh,59085.19228162839,65650.21364625376,73856.49035203549,r2,-121904.38467009709,-214394.74880812064,-92490.36413802355,0.09669011447894532
359,w155463448,488.2503870327026,mfh,51268.34796637681,56964.83107375201,64085.43495797101,r2,-105776.69582767657,-182920.2191520071,-77143.52332433054,0.09669011447894532
360,w155463452,416.2699146196246,mfh,40700.76121869014,45223.06802076682,50875.95152336267,r1,-91223.78359885956,-66948.2966176567,24275.486981202863,0.10503812246526795
361,w155463453,826.68092449978,mfh,83117.14823153104,92352.38692392338,103896.4352894138,r2,-171487.0413284334,-268350.3531389209,-96863.3118104875,0.09669011447894532
362,w155463454,830.106713430956,mfh,73765.5043705863,81961.67152287367,92206.88046323288,r2,-152192.75884410908,-230503.29220217132,-78310.53335806224,0.09669011447894532
363,w155463458,653.3753796381876,mfh,58960.56636749198,65511.74040832442,73700.70795936497,r2,-121647.25687225,-183921.22384469755,-62273.96697244755,0.09669011447894532
364,w155463459,716.456727950275,mfh,75283.97896378927,83648.8655153214,94104.97370473658,r2,-155325.67089488593,-254531.46814330152,-99205.79724841559,0.09669011447894532
365,w155463463,389.00259175430983,mfh,37000.96483362116,41112.18314846796,46251.206042026446,r1,-82931.32383433833,-60862.53658772417,22068.787246614156,0.10503812246526795
366,w155463464,681.5525098629297,mfh,69179.35495120153,76865.94994577947,86474.19368900191,r2,-142730.62964750055,-229557.88730307948,-86827.25765557893,0.09669011447894532
367,w155463468,854.9059582386632,mfh,81699.0096870192,90776.67743002134,102123.762108774,r2,-168561.1423007778,-256571.6085129661,-88010.4662121883,0.09669011447894532
368,w155463469,716.6904537379742,mfh,100679.18201464991,111865.75779405545,125848.97751831239,r2,-207720.9747255197,-152444.51480750373,55276.459918015986,0.09669011447894532
369,w155463470,608.2978411447257,mfh,64367.74654988399,71519.71838875998,80459.68318735498,r2,-132803.33418165392,-97463.14675681025,35340.187424843665,0.09669011447894532
370,w155463473,376.1376306014136,mfh,43550.29606288637,48389.217847651526,54437.870078607964,r1,-97610.52778252852,-71635.46949254618,25975.058289982335,0.10503812246526795
371,w155463474,720.4433401308954,mfh,67276.75041664802,74751.94490738669,84095.93802081002,r2,-138805.18189826133,-234502.2561161006,-95697.07421783925,0.09669011447894532
372,w155463478,851.8925360153429,mfh,87684.85616685112,97427.61796316791,109606.0702085639,r2,-180911.12211256335,-132769.0103041989,48142.111808364454,0.09669011447894532
373,w155463479,376.5337288361043,mfh,37121.41584101446,41246.017601127176,46401.76980126807,r1,-83201.29413228118,-134129.4909495415,-50928.19681726032,0.10503812246526795
374,w155463480,664.0854127705097,mfh,73172.86575571459,81303.18417301621,91466.08219464324,r2,-150970.0286999247,-110795.51694789666,40174.51175202805,0.09669011447894532
375,w155463484,531.1159037780716,mfh,68085.21955592721,75650.24395103024,85106.52444490901,r2,-140473.21290810948,-103092.0002831906,37381.21262491887,0.09669011447894532
376,w155463485,716.6882258921862,mfh,74226.11389675422,82473.45988528247,92782.64237094278,r2,-153143.08698373914,-239965.7329517133,-86822.64596797415,0.09669011447894532
377,w155463490,790.5601109853014,mfh,73479.01625668757,81643.35139631951,91848.77032085945,r2,-151601.6774598993,-241785.07046052665,-90183.39300062734,0.09669011447894532
378,w155463491,681.5525530032813,mfh,68426.0537270324,76028.94858559156,85532.5671587905,r2,-141176.42090826415,-223585.17429314982,-82408.75338488567,0.09669011447894532
379,w155463494,531.001435648324,mfh,56124.10929184654,62360.12143538504,70155.13661480817,r2,-115795.08746910135,-179824.66149334644,-64029.5740242451,0.09669011447894532
380,w155463495,716.4590312853455,mfh,79038.97749810597,87821.08610900663,98798.72187263246,r2,-163072.97217438646,-284165.9907127407,-121093.01853835423,0.09669011447894532
381,w155463496,611.941689690575,mfh,60485.334200613484,67205.92688957053,75606.66775076685,r2,-124793.15311602394,-203018.31098729357,-78225.15787126964,0.09669011447894532
382,w155463500,1108.025532820262,mfh,100906.99247980208,112118.88053311342,126133.7405997526,r2,-208190.99256761145,-324548.1362377178,-116357.14367010636,0.09669011447894532
383,w155463502,540.1563036605716,mfh,59609.47184418452,66232.74649353835,74511.83980523064,r2,-122986.07663047656,-209503.7109979708,-86517.63436749425,0.09669011447894532
384,w155463507,1267.198863344267,mfh,124829.28501538603,138699.20557265115,156036.60626923252,r2,-257547.39201111763,-413491.0500192329,-155943.65800811528,0.09669011447894532
385,w155463508,530.6506136165466,mfh,59404.70237854505,66005.22486505006,74255.87797318131,r2,-122563.59690680874,-206906.34148025632,-84342.74457344758,0.09669011447894532
386,w155463511,1747.3368958860635,mfh,164794.07162005454,183104.52402228283,205992.58952506818,r2,-340002.6152469519,-512729.96264242433,-172727.34739547246,0.09669011447894532
387,w155463513,612.2091895099729,mfh,81863.33408033723,90959.26008926358,102329.16760042153,r2,-168900.175877215,-123954.28721883807,44945.88865837692,0.09669011447894532
388,w155463514,830.106801855378,mfh,74653.97590525495,82948.86211694994,93317.46988156869,r2,-154025.85054692396,-233189.93685879948,-79164.08631187552,0.09669011447894532
389,w155463518,691.345141955465,mfh,72173.4858662746,80192.76207363844,90216.85733284324,r2,-148908.11122501566,-232145.27659801472,-83237.16537299906,0.09669011447894532
390,w155463519,507.32179623667616,mfh,55562.18913504426,61735.76570560473,69452.73641880532,r2,-114635.73555192049,-186387.3511546076,-71751.61560268712,0.09669011447894532
391,w155463522,1139.1653657640795,mfh,129564.6746402093,143960.74960023255,161955.84330026162,r2,-267317.43313471624,-196181.80806082374,71135.6250738925,0.09669011447894532
392,w155463523,446.09937440417707,mfh,52022.345619720814,57802.60624413424,65027.93202465102,r2,-107332.34143741723,-78770.21920969352,28562.12222772371,0.09669011447894532
393,w155463528,681.6119319483638,mfh,68495.57242516302,76106.19158351446,85619.46553145377,r2,-141319.8516697024,-224311.80491248885,-82991.95324278646,0.09669011447894532
394,w155463529,691.3949336603283,mfh,83645.16797269836,92939.0755252204,104556.45996587294,r2,-172576.4500136731,-126652.27102992062,45924.178983752485,0.09669011447894532
395,w155463531,507.3216828555101,mfh,54061.208972385146,60068.00996931683,67576.51121548143,r2,-111538.91795574801,-180436.44497747696,-68897.52702172895,0.09669011447894532
396,w155463534,640.8467616457492,mfh,62761.80582241785,69735.3398026865,78452.25727802231,r2,-129489.96227511487,-193372.32521434684,-63882.36293923197,0.09669011447894532
397,w155463535,684.7868416263722,mfh,63983.21967634138,71092.46630704598,79979.02459542672,r2,-132009.97953392938,-216815.7162852074,-84805.73675127802,0.09669011447894532
398,w155463536,691.6131192699074,mfh,70337.30683773482,78152.56315303869,87921.63354716853,r2,-145119.71237287417,-220984.89207419,-75865.17970131582,0.09669011447894532
399,w155463537,507.3215693686623,mfh,56345.158000452444,62605.73111161382,70431.44750056555,r2,-116251.1544761491,-207690.7773058472,-91439.62282969811,0.09669011447894532
400,w155463538,643.413233704865,mfh,67471.69315381986,74968.54794868872,84339.61644227481,r2,-139207.3871463642,-102163.02238707262,37044.36475929158,0.09669011447894532
401,w155463539,710.019569536671,mfh,70101.74839593095,77890.83155103438,87627.18549491368,r2,-144633.708929489,-216592.0307192997,-71958.32178981073,0.09669011447894532
402,w155463540,840.6794232809916,mfh,76273.68228195352,84748.53586883724,95342.1028524419,r2,-157367.62369808057,-250958.77114804793,-93591.14744996736,0.09669011447894532
403,w155463541,696.2558067506179,mfh,69091.86352939304,76768.73725488115,86364.8294117413,r2,-142550.11761855363,-226941.08609745916,-84390.96847890553,0.09669011447894532
404,w155463542,640.557884996757,mfh,65685.4859572708,72983.87328585643,82106.85744658849,r2,-135522.090022328,-99458.41668830988,36063.67333401811,0.09669011447894532
405,w155463543,587.0278481058776,mfh,64620.647257978446,71800.7191755316,80775.80907247306,r2,-133325.11813483018,-227120.56598353773,-93795.44784870755,0.09669011447894532
406,w155463544,825.5248426020145,mfh,98226.61890138821,109140.68766820912,122783.27362673526,r2,-202660.85414976414,-148730.93880942342,53929.915340340725,0.09669011447894532
407,w155463545,709.4769112125038,mfh,68799.48875180824,76443.87639089805,85999.3609397603,r2,-141946.89088816327,-231162.3370505466,-89215.44616238333,0.09669011447894532
408,w155463546,647.0489746004342,mfh,65167.88665066121,72408.76294517911,81459.8583133265,r2,-134454.18074520899,-202252.61361251987,-67798.43286731088,0.09669011447894532
409,w155463547,586.4484846569597,mfh,65038.9578364076,72265.50870711956,81298.6972955095,r2,-134188.17521724326,-98479.46886888825,35708.706348355016,0.09669011447894532
410,w155463548,500.40091222245246,mfh,58521.66054916764,65024.06727685293,73152.07568645955,r2,-120741.70775503761,-88611.22994472826,32130.477810309356,0.09669011447894532
411,w155463549,672.5395986035466,mfh,71071.92574614852,78968.80638460947,88839.90718268565,r2,-146635.37581643777,-239061.1295894453,-92425.75377300754,0.09669011447894532
412,w155463551,586.1050742082298,mfh,58460.95059670617,64956.61177411796,73076.1882458827,r2,-120616.45117022545,-181131.29409302087,-60514.84292279542,0.09669011447894532
413,w155463552,667.035758360289,mfh,68669.64406031062,76299.60451145624,85837.05507538827,r2,-141678.99572512056,-236170.22121067732,-94491.22548555676,0.09669011447894532
414,w155463553,817.6307530952618,mfh,76749.54752122253,85277.27502358059,95936.93440152815,r2,-158349.4273774606,-259068.11718434477,-100718.68980688415,0.09669011447894532
415,w155463556,732.9133296664804,mfh,64357.9958795773,71508.88431064144,80447.49484947162,r2,-132783.21662904968,-199670.2072358073,-66886.99060675761,0.09669011447894532
416,w155463558,710.1379440590739,mfh,77163.4124884325,85737.12498714722,96454.26561054062,r2,-159203.31228865398,-244187.59276208395,-84984.28047342997,0.09669011447894532
417,w155463561,654.0662793286144,mfh,66767.48224207119,74186.09138007909,83459.35280258898,r2,-137754.46138680153,-101096.73352163413,36657.7278651674,0.09669011447894532
418,w155463562,586.3292756803334,mfh,59654.3554106497,66282.61712294411,74567.94426331212,r2,-123078.68026499906,-202763.8054020321,-79685.12513703304,0.09669011447894532
419,w155463566,653.8032613813876,mfh,66481.29901255308,73868.11001394787,83101.62376569134,r2,-137164.00903909627,-218288.04148165684,-81124.03244256056,0.09669011447894532
420,w155463567,133.41999841853976,sfh,16572.97361038044,18414.415122644932,20716.217012975547,r1,-37145.48113976556,-106969.26378122906,-69823.7826414635,0.10503812246526795
421,w155463569,886.7166110530495,mfh,90690.7250070177,100767.47223001966,113363.40625877211,r2,-187112.82134056868,-277515.4871315926,-90402.6657910239,0.09669011447894532
422,w155463572,311.3570919752121,mfh,35890.06917924034,39877.854643600374,44862.58647405042,r1,-80441.44153873119,-59035.234848055465,21406.206690675725,0.10503812246526795
423,w155463574,863.4385226266459,mfh,80266.77887142508,89185.30985713897,100333.47358928135,r2,-165606.16814332138,-262715.55711524235,-97109.38897192097,0.09669011447894532
424,w155463577,931.9227139726281,mfh,104741.59050899002,116379.54500998891,130926.98813623752,r2,-216102.52327698463,-158595.65627962502,57506.86699735961,0.09669011447894532
425,w155463578,931.2066993936896,mfh,95901.79540846782,106557.55045385312,119877.24426058478,r2,-197864.28556079863,-311352.3273797216,-113488.041818923,0.09669011447894532
426,w155463581,136.57608463019133,sfh,20238.058157433414,22486.731286037128,25297.572696791765,r1,-45360.140266051174,-98810.76847663248,-53450.62821058131,0.10503812246526795
427,w155463583,949.1963916398585,mfh,98696.62464541465,109662.91627268294,123370.7808067683,r2,-203630.56853681148,-334567.8604298591,-130937.2918930476,0.09669011447894532
428,w155463586,949.1754787907004,mfh,101711.11223859426,113012.34693177139,127138.89029824281,r2,-209850.04994918668,-154007.0235521765,55843.026397010166,0.09669011447894532
429,w155463589,722.9646147996187,mfh,79863.38270239974,88737.09189155528,99829.22837799968,r2,-164773.88242393316,-120926.03836592316,43847.84405801,0.09669011447894532
430,w155463591,591.1442194825038,mfh,72104.48386231158,80116.0931803462,90130.60482788947,r2,-148765.74650537455,-257263.5109478383,-108497.76444246375,0.09669011447894532
431,w155463593,535.6290349200369,mfh,57403.922688774626,63782.13632086069,71754.90336096828,r2,-118435.5944831333,-197617.94626880847,-79182.35178567517,0.09669011447894532
432,w155463596,724.8313003255054,mfh,67296.75836170698,74774.1759574522,84120.94795213372,r2,-138846.46222818393,-216618.8270688386,-77772.36484065469,0.09669011447894532
433,w155463597,752.1160736689344,mfh,96345.81377389302,107050.90419321446,120432.26721736627,r2,-198780.38286926434,-145883.0965904953,52897.286278769054,0.09669011447894532
434,w155463600,535.4490051213652,mfh,64489.169061256325,71654.6322902848,80611.4613265704,r2,-133053.8527288965,-97647.00001686328,35406.85271203323,0.09669011447894532
435,w155463601,907.8308945208788,mfh,90872.07987539202,100968.97763932447,113590.09984424003,r2,-187486.99214009361,-303853.8511614254,-116366.8590213318,0.09669011447894532
436,w155463605,389.4215188790113,mfh,42998.73447932191,47776.37164369101,53748.41809915238,r1,-96374.29698403859,-70728.21106804226,25646.08591599633,0.10503812246526795
437,w155463606,690.2915003947913,mfh,72619.17804943162,80687.97561047958,90773.97256178952,r2,-149827.6619490119,-241620.18622522187,-91792.52427620997,0.09669011447894532
438,w155463610,725.1058211326599,mfh,66694.63523034648,74105.15025594053,83368.2940379331,r2,-137604.1636591234,-208904.0094393821,-71299.84578025868,0.09669011447894532
439,w155463611,1002.8680375270545,mfh,112403.2420384642,124892.49115384911,140504.05254808025,r2,-231910.01884720166,-170196.63203909143,61713.38680811023,0.09669011447894532
440,w155463612,535.6290688522159,mfh,63516.22491576578,70573.58323973975,79395.28114470722,r2,-131046.47739855884,-96173.80570572431,34872.67169283453,0.09669011447894532
441,w155463616,543.6235096465331,mfh,57717.03913082603,64130.04347869559,72146.29891353253,r2,-119081.61535104262,-182669.29842434506,-63587.68307330244,0.09669011447894532
442,w155463618,752.1486698825844,mfh,78276.75754478379,86974.17504975977,97845.94693097973,r2,-161500.3623409426,-252441.4436351905,-90941.08129424788,0.09669011447894532
443,w155463621,238.18491610530762,mfh,25941.058157091844,28823.39795232427,32426.322696364805,r1,-58142.4377527683,-98871.78331449672,-40729.34556172841,0.10503812246526795
444,w155463623,73.76475410088896,mfh,9386.532258258556,10429.48028695395,11733.165322823193,r1,-21038.303998056042,-42013.93935486281,-20975.635356806764,0.10503812246526795
445,w155463625,52.41574023310095,sfh,7168.165529890833,7964.628366545369,8960.206912363541,r1,-16066.215017110937,-34850.43590160244,-18784.2208844915,0.10503812246526795
446,w155463626,98.3909645654261,mfh,11326.695090576788,12585.216767307542,14158.368863220985,r1,-25386.846606656545,-44640.1327671104,-19253.286160453856,0.10503812246526795
447,w155463629,643.7923131911084,mfh,60925.212855087026,67694.68095009669,76156.51606885878,r2,-125700.70938574907,-190287.5310536563,-64586.821667907236,0.09669011447894532
448,w155463631,546.7249739198014,mfh,62732.02766693095,69702.25296325661,78415.03458366368,r2,-129428.52407747069,-94986.40462915806,34442.11944831263,0.09669011447894532
449,w155463632,612.4270064728335,mfh,67447.16411095476,74941.2934566164,84308.95513869345,r2,-139156.77890153087,-102125.88146117877,37030.8974403521,0.09669011447894532
450,w155463633,683.6260891854763,mfh,67343.37274848943,74825.96972054381,84179.21593561179,r2,-138942.63688579368,-216253.01165051636,-77310.37476472268,0.09669011447894532
451,w155463638,279.5906790524721,ab,31093.580676718997,34548.42297413222,38866.97584589874,r1,-69690.93427334137,-140734.7291368133,-71043.79486347192,0.10503812246526795
452,w155463639,282.758548167441,other,12733.875761949328,14148.750846610365,15917.34470243666,nr1,-26671.316227333573,-108832.27317394924,-82160.95694661567,0.10503393146443805
453,w155463640,56.80619836300611,sfh,8149.209288913908,9054.67698768212,10186.511611142383,r1,-18265.056534921077,-49615.26434505507,-31350.20781013399,0.10503812246526795
454,w155463643,240.41873629689215,ab,28483.777730710135,31648.64192301126,35604.72216338767,r1,-63841.50806966013,-141430.35738192766,-77588.84931226753,0.10503812246526795
455,w155463644,98.43792371228336,mfh,11153.843250929993,12393.159167699992,13942.30406366249,r1,-24999.42882029428,-45689.736929285915,-20690.308108991634,0.10503812246526795
456,w155463645,98.39091195091605,mfh,11053.44919247696,12281.61021386329,13816.811490596201,r1,-24774.412737334023,-46557.23278467301,-21782.820047338988,0.10503812246526795
457,w155463647,97.66299930792302,mfh,9369.723502372359,10410.803891524843,11712.154377965448,r1,-21000.63005133821,-42203.82129762008,-21203.191246281873,0.10503812246526795
458,w155463653,376.11661268314344,mfh,49110.00769747382,54566.67521941535,61387.50962184227,r1,-110071.6689464625,-80780.58649959795,29291.082446864544,0.10503812246526795
459,w155463654,482.5493668295443,mfh,52586.0148678914,58428.905408768216,65732.51858486424,r2,-108495.30207446092,-183327.66165279283,-74832.3595783319,0.09669011447894532
460,w155463656,73.78574474137277,mfh,10518.511422655341,11687.23491406149,13148.139278319177,r1,-23575.441369431075,-48450.209700665335,-24874.76833123426,0.10503812246526795
461,w155463657,470.15250823192764,mfh,44569.71600670739,49521.906674119324,55712.145008384236,r1,-99895.38294412645,-146653.30895129434,-46757.92600716789,0.10503812246526795
462,w155463660,49.947176152281465,mfh,6130.094348688484,6811.2159429872045,7662.617935860605,r1,-13739.556302169507,-27067.895725338643,-13328.339423169136,0.10503812246526795
463,w155463661,78.16354378722608,sfh,10628.335831745004,11809.262035272226,13285.419789681255,r1,-23821.593967777746,-60147.44923235398,-36325.85526457624,0.10503812246526795
464,w155463663,104.99722011834383,sfh,12659.813951807402,14066.45994645267,15824.767439759253,r1,-28374.804150129086,-63037.78875486208,-34662.98460473299,0.10503812246526795
465,w155463665,467.86907609552145,trade,25152.751602532997,27947.501780592218,31440.939503166246,nr1,-52682.85983937011,-149712.8719514938,-97030.0121121237,0.10503393146443805
466,w155463667,587.3173447391018,mfh,62170.68286456457,69078.53651618285,77713.3535807057,r2,-128270.35922976979,-208124.2318852644,-79853.8726554946,0.09669011447894532
467,w155463669,557.4523567564785,mfh,63822.83861379559,70914.26512643954,79778.54826724448,r2,-131679.08182525833,-238731.62784141596,-107052.54601615763,0.09669011447894532
468,w155463671,449.48969881236553,mfh,44460.06219337882,49400.06910375424,55575.07774172352,r1,-99649.61270695258,-174068.46635972583,-74418.85365277325,0.10503812246526795
469,w155576276,58.73152135126293,other,7036.542804460303,7818.380893844781,8795.678505575379,nr1,-14738.156849757099,-56773.711421296386,-42035.55457153929,0.10503393146443805
470,w159548666,1258.4072781499474,other,45034.07044829587,50037.85605366207,56292.58806036983,nr1,-94324.61541046534,-284680.07904796797,-190355.46363750263,0.10503393146443805
471,w159548667,15669.025621107221,trade,613413.7969842755,681570.8855380839,766767.2462303443,nr2,-1182741.4930530912,-2670927.490689655,-1488185.9976365636,0.09669011447894532
472,w159548669,2256.2803165019486,trade,261494.21083095495,290549.1231455055,326867.76353869366,nr2,-504194.81084947236,-370041.4932831779,134153.31756629446,0.09669011447894532
473,w159548670,188.14899220019578,mfh,23028.989782019133,25587.766424465703,28786.237227523914,r1,-51615.53537260526,-91375.54815792982,-39760.01278532456,0.10503812246526795
474,w159548671,318.3455893772654,other,12677.331192583715,14085.923547315238,15846.663990729643,nr1,-26552.882679002974,-69538.8642635309,-42985.98158452792,0.10503393146443805
475,w159548672,170.00981159284711,ab,21983.144401197525,24425.716001330584,27478.930501496907,r1,-49271.45212105848,-100156.31968379368,-50884.867562735206,0.10503812246526795
476,w159548674,118.95309109317604,trade,10044.893361266411,11160.992623629345,12556.116701583014,nr1,-21039.19751665362,-67940.03374807691,-46900.83623142329,0.10503393146443805
477,w159548675,865.047436706489,mfh,94066.05527670533,104517.83919633925,117582.56909588166,r2,-194076.7922391209,-338500.67401234026,-144423.88177321936,0.09669011447894532
478,w159548677,106.67055884185247,other,5052.772241354683,5614.191379282981,6315.965301693353,nr1,-10583.116153571913,-45277.183429918085,-34694.06727634617,0.10503393146443805
479,w159872586,633.9711885744706,mfh,61528.304105702184,68364.7823396691,76910.38013212773,r2,-126945.00537544022,-216676.63521529082,-89731.6298398506,0.09669011447894532
480,w159872589,1091.462102752924,mfh,104981.15974855874,116645.73305395416,131226.4496856984,r2,-216596.801785825,-344782.25207471545,-128185.45028889045,0.09669011447894532
481,w159872591,2692.1037788091226,mfh,238842.17683578568,265380.1964842063,298552.7210447321,r2,-492778.4352744861,-705877.7897388637,-213099.35446437763,0.09669011447894532
482,w159872593,436.90541737405584,mfh,41771.57313857874,46412.85904286526,52214.46642322342,r1,-93623.82507056894,-144586.26605540363,-50962.440984834684,0.10503812246526795
483,w159872596,218.88012801047884,mfh,23926.839112240952,26585.376791378836,29908.54889030119,r1,-53627.91083075578,-100453.4085003818,-46825.49766962602,0.10503812246526795
484,w159872599,487.8712977081537,mfh,46825.5540892305,52028.39343247833,58531.94261153812,r1,-104951.45754598567,-162922.47843501964,-57971.02088903397,0.10503812246526795
485,w159872601,629.8896718598901,mfh,59138.13100415723,65709.03444906359,73922.66375519653,r2,-122013.60767751897,-199979.3014632295,-77965.69378571052,0.09669011447894532
486,w159872603,453.131132603623,mfh,41977.27905722256,46641.42117469173,52471.59882152819,r1,-94084.87964658882,-142264.85561286742,-48179.97596627861,0.10503812246526795
487,w159872608,317.054659525305,mfh,36148.8017943321,40165.33532703567,45186.00224291513,r1,-81021.34637054204,-141626.69846318124,-60605.352092639194,0.10503812246526795
488,w159872611,474.9952949794941,mfh,49392.47210315651,54880.52455906279,61740.59012894564,r1,-110704.7645212584,-181659.29286072974,-70954.52833947133,0.10503812246526795
489,w159872613,461.6615135567263,mfh,49483.41463924298,54981.57182138109,61854.26829905373,r1,-110908.59663602666,-192931.47470336032,-82022.87806733366,0.10503812246526795
490,w159872615,129.00588214695452,mfh,16719.873106670097,18577.636785188995,20899.841383337618,r1,-37474.73119453247,-74989.78086361504,-37515.049669082575,0.10503812246526795
491,w159872617,185.93316667452453,mfh,23274.884584316744,25860.98287146305,29093.605730395928,r1,-52166.66644635486,-89443.04834576079,-37276.38189940593,0.10503812246526795
492,w159872620,129.2747205838561,mfh,17497.094806705965,19441.216451895518,21871.368508382457,r1,-39216.740485008624,-68706.8799156673,-29490.13943065868,0.10503812246526795
493,w159872622,447.3657494872576,mfh,46366.44062561429,51518.26736179365,57958.05078201786,r1,-103922.43337056026,-182249.9625239689,-78327.52915340863,0.10503812246526795
494,w159872625,238.36158968657256,mfh,25116.058872769172,27906.732080854636,31395.073590961463,r1,-56293.34319215587,-101499.26057499438,-45205.9173828385,0.10503812246526795
495,w159872628,167.04002443812786,mfh,19006.772350224233,21118.635944693593,23758.46543778029,r1,-42600.424067583175,-89581.32794525159,-46980.90387766841,0.10503812246526795
496,w159872630,195.52493976540862,mfh,18074.7621351929,20083.069039103222,22593.452668991125,r1,-40511.482838422526,-65154.46799821931,-24642.985159796786,0.10503812246526795
497,w159872632,133.65780365467072,th,16477.88462317202,18308.760692413354,20597.355778965022,r1,-36932.355465158944,-27104.316340822177,9828.039124336767,0.10503812246526795
498,w159872635,49.369007284846155,th,6739.6868476192685,7488.540941799187,8424.608559524086,r1,-15105.853455855506,-48665.74937659026,-33559.89592073476,0.10503812246526795
499,w159872640,133.91130499513818,mfh,16908.877072954834,18787.64119217204,21136.09634119354,r1,-37898.35120564342,-68175.78827071274,-30277.437065069324,0.10503812246526795
500,w159872643,87.82295271442271,other,9591.78852868142,10657.542809646022,11989.735660851775,nr1,-20090.161849907236,-59810.6831183552,-39720.52126844796,0.10503393146443805
501,w159872648,133.79360626488923,mfh,16965.31316645674,18850.347962729713,21206.641458070924,r1,-38024.84304084817,-75289.58555839704,-37264.74251754887,0.10503812246526795
502,w159872651,467.48304517045614,other,34799.30109969496,38665.890110772176,43499.126374618696,nr1,-72887.71945565764,-208893.01291224646,-136005.2934565888,0.10503393146443805
503,w159872654,134.11286987382917,mfh,15572.749109392586,17303.054565991763,19465.93638674073,r1,-34903.64927480051,-59376.069548520136,-24472.420273719625,0.10503812246526795
504,w159872660,131.42538360562176,mfh,16010.967487406166,17789.96387489574,20013.709359257708,r1,-35885.84069550044,-62188.056132086655,-26302.215436586215,0.10503812246526795
505,w159872663,509.8066861014813,other,40789.69983623175,45321.88870692417,50987.12479528969,nr1,-85434.71001978844,-62702.72322056143,22731.986799227016,0.10503393146443805
506,w159872669,96.41428965386004,other,6140.942525975589,6823.26947330621,7676.178157469486,nr1,-12862.307054510064,-53112.22160843677,-40249.914553926705,0.10503393146443805
507,w159872671,385.8471666022902,mfh,41085.27500261371,45650.30555845967,51356.59375326713,r1,-92085.60537233822,-144358.58559464282,-52272.9802223046,0.10503812246526795
508,w159872676,450.3884779855609,trade,21572.307796555673,23969.230885061857,26965.38474569459,nr1,-45183.5602727156,-130035.36062237593,-84851.80034966033,0.10503393146443805
509,w159872680,74.82275880910456,trade,6347.627257792996,7052.919175325551,7934.534072241245,nr1,-13295.211689730082,-48497.86810539335,-35202.65641566327,0.10503393146443805
510,w159872682,128.20031198486686,mfh,17098.113549140475,18997.903943489415,21372.641936425593,r1,-38322.49234786465,-80347.29684382498,-42024.80449596033,0.10503812246526795
511,w159872688,74.73616111706941,trade,5317.786693607912,5908.651881786568,6647.23336700989,nr1,-11138.1933659616,-40334.32745223662,-29196.13408627502,0.10503393146443805
512,w159872690,271.2794532585889,mfh,37662.36732773164,41847.07480859071,47077.95915966455,r1,-84413.74421636238,-144339.66345915367,-59925.91924279129,0.10503812246526795
513,w159872699,406.91918786983007,mfh,43877.34349126553,48752.60387918392,54846.67936408191,r1,-98343.548564934,-145320.41739461818,-46976.86882968419,0.10503812246526795
514,w159872700,406.7131608505966,mfh,40678.93594210743,45198.8177134527,50848.66992763429,r1,-91174.86598040846,-139207.54656389393,-48032.680583485475,0.10503812246526795
515,w159872708,435.5580747295171,mfh,46872.894326570284,52080.9936961892,58591.11790821285,r1,-105057.5625778645,-180328.79623226132,-75271.23365439681,0.10503812246526795
516,w159872710,142.59727319749075,mfh,15785.244708098155,17539.160786775727,19731.555885122692,r1,-35379.92175550106,-67355.99337394339,-31976.07161844233,0.10503812246526795
517,w159872717,364.7500545413,mfh,42624.77941045999,47360.86601162221,53280.97426307498,r1,-95536.14076149867,-149439.64353305352,-53903.50277155485,0.10503812246526795
518,w159872718,186.0198295045644,mfh,25865.705318047403,28739.672575608223,32332.131647559254,r1,-57973.547273162396,-109751.16911825875,-51777.62184509636,0.10503812246526795
519,w159872719,169.79583046399057,mfh,20853.61252597942,23170.680584421578,26067.015657474276,r1,-46739.799929118795,-99583.71124362347,-52843.91131450468,0.10503812246526795
520,w159872726,172.48843573874328,mfh,18695.70090016346,20773.001000181623,23369.626125204326,r1,-41903.21070364499,-78759.569277029,-36856.358573384015,0.10503812246526795
521,w159872727,172.59632431017235,mfh,21043.444879268325,23381.60542140925,26304.306099085406,r1,-47165.276627784006,-34614.16316183348,12551.113465950526,0.10503812246526795
522,w159872732,140.4957689295523,mfh,18976.199229647278,21084.665810719198,23720.249037059097,r1,-42531.899655460555,-85618.11321203144,-43086.21355657089,0.10503812246526795
523,w159872736,118.37831126665697,mfh,14679.616639748732,16310.68515527637,18349.520799685914,r1,-32901.84585156399,-63478.17229194555,-30576.326440381563,0.10503812246526795
524,w159872737,187.97203346798193,mfh,24944.26660849226,27715.85178721362,31180.333260615324,r1,-55908.30026246347,-105731.01211038776,-49822.71184792429,0.10503812246526795
525,w159872743,753.6066189933568,other,31827.00488865078,35363.33876516753,39783.75611081347,nr1,-66662.19522029873,-197511.99635967056,-130849.80113937183,0.10503393146443805
526,w159872746,394.377677144669,mfh,44537.18740147157,49485.76377941285,55671.484251839465,r1,-99822.4756481459,-73258.79770771127,26563.67794043463,0.10503812246526795
527,w159872748,575.8923149108887,trade,55207.313642999135,61341.45960333237,69009.14205374892,nr2,-106446.87303511192,-78124.08816122758,28322.78487388433,0.09669011447894532
528,w159872750,127.08080641776323,mfh,17865.116812482014,19850.129791646683,22331.396015602517,r1,-40041.598763067464,-134395.17171578246,-94353.572952715,0.10503812246526795
529,w159872753,434.5401292324066,other,25725.96143987,28584.401599855555,32157.451799837498,nr1,-53883.45745175749,-155871.69714671304,-101988.23969495556,0.10503393146443805
530,w159872756,252.43327465518377,mfh,33635.93448393886,37373.260537709844,42044.91810492357,r1,-75389.18478751258,-133516.5567358537,-58127.37194834111,0.10503812246526795
531,w159872759,386.07803563163617,mfh,40885.04737063046,45427.83041181162,51106.30921328808,r1,-91636.82943735241,-153723.94515918999,-62087.115721837574,0.10503812246526795
532,w159872763,1345.7076428122818,trade,70170.62199602295,77967.35777335883,87713.27749502868,nr2,-135298.07551780215,-316056.1338828698,-180758.05836506764,0.09669011447894532
533,w159872767,486.0339612279087,mfh,45082.85482234876,50092.060913720845,56353.568527935946,r1,-101045.49569073397,-148884.6976021768,-47839.20191144284,0.10503812246526795
534,w159872769,563.4171857964247,other,35443.64525157622,39381.82805730691,44304.55656447027,nr1,-74237.30908220408,-203479.04309353465,-129241.73401133057,0.10503393146443805
535,w159872774,2747.8572637828997,other,119011.47723873041,132234.97470970044,148764.346548413,nr2,-229469.5896502606,-595288.1235898366,-365818.533939576,0.09669011447894532
536,w159872776,80.53474041707815,sfh,12444.034937831644,13826.705486479605,15555.043672289554,r1,-27891.172456600445,-63322.02952360951,-35430.85706700907,0.10503812246526795
537,w159872779,530.1892838459462,trade,41088.84380523203,45654.270894702255,51361.054756540034,nr1,-86061.27207708031,-215056.6094182469,-128995.33734116658,0.10503393146443805
538,w159872782,386.9254036822822,mfh,34779.397511211064,38643.77501245674,43474.246889013826,r1,-77952.06127015871,-115998.35590712336,-38046.29463696465,0.10503812246526795
539,w159872787,649.6997715241275,sfh,73844.5187104147,82049.46523379411,92305.64838801838,r2,-152355.78098392003,-237919.92356909238,-85564.14258517235,0.09669011447894532
540,w159872789,103.62989482581615,mfh,13622.502345110554,15136.113716789503,17028.12793138819,r1,-30532.50526023738,-61857.08507015989,-31324.57980992251,0.10503812246526795
541,w159872791,7102.280937734339,other,341045.9633446604,378939.9592718449,426307.4541808255,nr2,-657580.924767386,-1389566.8573345286,-731985.9325671425,0.09669011447894532
542,w159872796,295.65545302389654,other,14692.2812732514,16324.756970279332,18365.35159156425,nr1,-30773.2293973498,-94933.20377900524,-64159.97438165544,0.10503393146443805
543,w159872797,3172.659030787088,other,124134.27925297005,137926.9769477445,155167.84906621257,nr2,-239347.01746933608,-654093.5370487537,-414746.51957941765,0.09669011447894532
544,w159872802,393.79842739673325,mfh,39710.81716874246,44123.130187491624,49638.521460928074,r1,-89004.99360370007,-135087.1214380838,-46082.12783438372,0.10503812246526795
545,w159872803,469.9664310747758,mfh,46940.21759095484,52155.79732328315,58675.271988693545,r1,-105208.45614146118,-77211.51930528259,27996.93683617859,0.10503812246526795
546,w159872804,664.4021281981841,mfh,71285.2107419375,79205.78971326388,89106.51342742186,r2,-147075.42475538494,-107937.30289668069,39138.12185870425,0.09669011447894532
547,w159872808,295.65545226749964,other,15824.74835213696,17583.053724596622,19780.935440171197,nr1,-33145.200676373635,-96129.10579543168,-62983.90511905804,0.10503393146443805
548,w159872809,678.8678823016584,other,34505.649287262946,38339.61031918105,43132.06160907868,nr1,-72272.66081235695,-202943.28166772999,-130670.62085537304,0.10503393146443805
549,w159872812,337.05531151816245,mfh,38041.70913462511,42268.56570513901,47552.136418281385,r1,-85263.97388936806,-142649.46289632376,-57385.4890069557,0.10503812246526795
550,w159872814,765.4437305399682,mfh,79399.36095195425,88221.51216883806,99249.2011899428,r2,-163816.51419380234,-258185.7890264672,-94369.27483266484,0.09669011447894532
551,w159872815,1229.117813373683,mfh,149792.9605537908,166436.62283754532,187241.2006922385,r2,-309052.369622224,-531720.4031566819,-222668.0335344579,0.09669011447894532
552,w159872820,336.8380303993821,mfh,38637.43829336847,42930.48699263163,48296.797866710585,r1,-86599.19874102956,-155934.4118963775,-69335.21315534796,0.10503812246526795
553,w159872826,1791.1392054180615,th,178358.86709907744,198176.51899897493,222948.5838738468,r2,-367989.4590260854,-583015.7215776066,-215026.26255152124,0.09669011447894532
554,w159872827,157.03123329076917,th,22144.882072210334,24605.424524678147,27681.102590262915,r1,-49633.95940245744,-97854.67669637992,-48220.71729392248,0.10503812246526795
555,w159872832,35.670331929810345,sfh,3676.201183569743,4084.667981744159,4595.251479462178,r0,-10110.570396010888,-29997.56622675546,-19886.995830744574,0.12888957385476113
556,w159872833,162.84196072258055,mfh,21239.15922568886,23599.065806320956,26548.949032111075,r1,-47603.93680637694,-89070.01427911456,-41466.07747273762,0.10503812246526795
557,w159872834,33.79703346360475,sfh,4555.214293213258,5061.349214681398,5694.017866516572,r0,-12528.099655233103,-35620.447664398984,-23092.34800916588,0.12888957385476113
558,w159872835,42.916394099872555,th,6704.477568681241,7449.419520756934,8380.59696085155,r1,-15026.937889012508,-33162.79983812883,-18135.86194911632,0.10503812246526795
559,w159872839,58.88304680213332,other,5318.843004436388,5909.8255604848755,6648.553755545484,nr1,-11140.405826697619,-43514.68915472283,-32374.28332802521,0.10503393146443805
560,w159872840,318.65718863122163,other,26659.24765591642,29621.386284351578,33324.05956989552,nr1,-55838.24107491536,-147305.39863110354,-91467.15755618818,0.10503393146443805
561,w159872842,48.8293092939537,other,2375.76436505535,2639.7381833948334,2969.7054563191873,nr0,-6101.509074604706,-18495.672946814637,-12394.16387220993,0.12878926923489975
562,w159872843,143.51003436879253,mfh,19080.71500207315,21200.794446747943,23850.893752591437,r1,-42766.153854177275,-91884.38474791615,-49118.23089373887,0.10503812246526795
563,w159872845,162.83680398128925,mfh,21498.13375395689,23886.81528217432,26872.667192446108,r1,-48184.3838451289,-97754.50286504554,-49570.11901991664,0.10503812246526795
564,w159872848,156.42925329236314,mfh,21291.72814453538,23657.47571615042,26614.660180669223,r1,-47721.76103209875,-35022.561953172684,12699.199078926067,0.10503812246526795
565,w159872851,167.48750086340587,mfh,20694.65294755158,22994.058830612867,25868.316184439474,r1,-46383.5192663186,-92060.17231662654,-45676.65305030794,0.10503812246526795
566,w159872853,143.46053532976657,th,18641.830787650975,20713.145319612195,23302.288484563716,r1,-41782.4700752356,-30663.770890228752,11118.699185006848,0.10503812246526795
567,w159872855,768.5454076524824,other,30902.518900127714,34336.13211125301,38628.14862515964,nr1,-64725.84382119704,-179694.27719731396,-114968.43337611691,0.10503393146443805
568,w159872857,315.41669200100006,mfh,33248.68266430212,36942.98073811347,41560.85333037765,r1,-74521.22617605096,-129920.74002705027,-55399.51385099931,0.10503812246526795
569,w159872858,136.24142913175746,other,12600.205042488164,14000.227824986849,15750.256303110204,nr1,-26391.340664847154,-89746.70708882487,-63355.36642397771,0.10503393146443805
570,w159872860,131.01957194106652,other,10778.366395040914,11975.96266115657,13472.957993801141,nr1,-22575.46908029473,-65388.24931025694,-42812.78022996221,0.10503393146443805
571,w159872862,156.42902136784977,mfh,20547.76308719318,22830.847874659088,25684.703858991474,r1,-46054.2908088408,-76517.76179629995,-30463.47098745915,0.10503812246526795
572,w159872865,158.90607472276315,mfh,21250.92912058293,23612.143467314363,26563.66140072866,r1,-47630.3170094161,-34955.45202511499,12674.864984301115,0.10503812246526795
573,w159872867,192.56274920739233,mfh,23626.608294376343,26251.78699375149,29533.260367970426,r1,-52954.994886716566,-93338.57066323755,-40383.575776520986,0.10503812246526795
574,w159872868,54.98272090442479,other,4338.732794656411,4820.814216284901,5423.415993320514,nr0,-11142.863285713256,-32830.95148526652,-21688.08819955327,0.12878926923489975
575,w159872870,315.09365436807275,mfh,33572.70898486998,37303.00998318887,41965.886231087476,r1,-75247.47566286015,-129797.1739095667,-54549.69824670655,0.10503812246526795
576,w159872874,56.548262861557305,th,6258.9085433516675,6954.342825946297,7823.635679189584,r1,-14028.271251633878,-48071.426151727755,-34043.154900093876,0.10503812246526795
577,w159872876,86.08918008172186,other,7937.8236826816055,8819.804091868451,9922.279603352006,nr1,-16625.90475637005,-54808.82706129938,-38182.92230492933,0.10503393146443805
578,w159872878,413.8979488207959,mfh,49390.03592714167,54877.81769682407,61737.544908927084,r1,-110699.30425007595,-192061.01253188908,-81361.70828181313,0.10503812246526795
579,w159872879,205.3686287334189,mfh,25436.2263636754,28262.47373741711,31795.282954594248,r1,-57010.94377335599,-108245.73766841863,-51234.79389506264,0.10503812246526795
580,w159872883,329.8948070596903,th,38258.33027645758,42509.25586273064,47822.91284557197,r1,-85749.49306821794,-173873.72628178578,-88124.23321356784,0.10503812246526795
581,w159872884,900.053558271192,other,37831.76819712391,42035.297996804344,47289.71024640488,nr1,-79239.2726211277,-248525.4845112093,-169286.21189008158,0.10503393146443805
582,w159872887,1008.3728146322071,other,88407.21114906944,98230.23461007715,110509.01393633679,nr2,-170460.58863555474,-391270.36298118334,-220809.7743456286,0.09669011447894532
583,w159872892,458.9937253634445,other,39649.09661200691,44054.55179111879,49561.370765008636,nr1,-83045.69744797426,-220350.99796560334,-137305.30051762908,0.10503393146443805
584,w159872895,353.7920229201671,th,49227.57275316536,54697.30305907262,61534.4659414567,r1,-110335.17087807422,-181749.13207273165,-71413.96119465743,0.10503812246526795
585,w159872899,2008.66189844124,other,87830.35072413228,97589.2785823692,109787.93840516535,nr2,-169348.32679268834,-431231.2983928441,-261882.97160015575,0.09669011447894532
587,w160025355,131.5437356668757,ab,15822.357973565722,17580.397748406358,19777.94746695715,r1,-35463.10478196756,-90036.72262359022,-54573.61784162266,0.10503812246526795
588,w160025360,102.43726858533918,mfh,14598.10513130861,16220.116812565122,18247.63141413576,r1,-32719.151769583434,-66548.79301913767,-33829.64124955423,0.10503812246526795
589,w160025362,106.2412323884666,mfh,12893.32495058692,14325.916611763245,16116.65618823365,r1,-28898.179049830822,-73487.86784016974,-44589.688790338914,0.10503812246526795
590,w160025367,104.2175793532282,mfh,14296.527182761089,15885.030203067876,17870.65897845136,r1,-32043.21646290289,-63562.43949628168,-31519.223033378792,0.10503812246526795
591,w160025369,103.97346241511406,mfh,13712.751918131698,15236.391020146331,17140.939897664623,r1,-30734.78421701006,-62278.25000268943,-31543.465785679367,0.10503812246526795
592,w160025373,103.9182820610702,mfh,12692.477684318626,14102.75298257625,15865.597105398283,r1,-28448.01431074806,-55962.44005622547,-27514.425745477405,0.10503812246526795
593,w160025375,104.46434533819556,mfh,15200.83881015165,16889.8209001685,19001.048512689562,r1,-34070.07605306521,-25003.715778954458,9066.360274110753,0.10503812246526795
594,w160025376,101.26918978765606,other,6767.594541506047,7519.5494905622745,8459.493176882557,nr1,-14174.840204915974,-44638.03537651532,-30463.195171599345,0.10503393146443805
595,w160025380,128.15635424628857,th,16535.50385671767,18372.782063019633,20669.379820897087,r1,-37061.49910608149,-81032.42571521194,-43970.92660913045,0.10503812246526795
596,w160025381,64.08582323277369,th,8805.145795153388,9783.495327948209,11006.432243941736,r1,-19735.22584154094,-59863.312253939024,-40128.08641239809,0.10503812246526795
597,w160025384,125.48521707579494,mfh,13228.087159594033,14697.874621771149,16535.10894949254,r1,-29648.49119135209,-61709.70209016337,-32061.210898811285,0.10503812246526795
598,w160025385,125.6767025694251,mfh,12483.801305090501,13870.890338989446,15604.751631363126,r1,-27980.301956214545,-55181.3127920748,-27201.010835860256,0.10503812246526795
599,w160025388,125.67682776004075,mfh,12887.497210468891,14319.441344965435,16109.371513086113,r1,-28885.1171687387,-53422.43834079047,-24537.32117205177,0.10503812246526795
600,w160025389,125.54291224256157,mfh,15947.091501286146,17718.990556984605,19933.864376607682,r1,-35742.67361556138,-73059.19653208747,-37316.52291652609,0.10503812246526795
601,w160025392,101.23846836648882,other,7707.166695034264,8563.51855003807,9633.95836879283,nr1,-16142.789829493719,-52121.82233564548,-35979.03250615176,0.10503393146443805
602,w160025393,241.441205301648,mfh,29760.98461218925,33067.76068021028,37201.23076523656,r1,-66704.14848911064,-127510.89615120842,-60806.74766209778,0.10503812246526795
603,w160025394,520.9474028991534,mfh,62962.95736238052,69958.84151375612,78703.69670297565,r2,-129904.97750579583,-95336.06942254434,34568.90808325149,0.09669011447894532
604,w160025395,347.3527018059045,mfh,41270.74084393225,45856.37871548028,51588.42605491531,r1,-92501.29528247322,-206990.92827279528,-114489.63299032206,0.10503812246526795
605,w160025396,362.18757194392384,mfh,37666.70161233902,41851.89068037669,47083.37701542377,r1,-84423.4587727795,-147934.7446570359,-63511.28588425639,0.10503812246526795
606,w160025398,216.67090053744613,mfh,25759.482837806354,28621.647597562616,32199.353547257942,r1,-57735.46778126351,-113313.75493816381,-55578.2871569003,0.10503812246526795
607,w160025399,277.5212213275954,mfh,34672.16062353594,38524.62291503994,43340.20077941992,r1,-77711.70815778011,-57031.90860060836,20679.799557171755,0.10503812246526795
608,w160025402,733.1297983160242,mfh,73752.53405858297,81947.26006509218,92190.66757322871,r2,-152165.99853678516,-261306.72352572734,-109140.72498894218,0.09669011447894532
609,w160025403,118.93753181435167,th,13366.26539456982,14851.405993966466,16707.831743212275,r1,-29958.194032971547,-60618.1076890268,-30659.913656055254,0.10503812246526795
610,w160025405,118.80893169231713,mfh,11413.826109522666,12682.02901058074,14267.282636903332,r1,-25582.135858726284,-44108.68459570342,-18526.548736977133,0.10503812246526795
611,w160025406,118.8714888818562,mfh,12694.703117102687,14105.225685669651,15868.378896378357,r1,-28453.002237082314,-45599.15218819807,-17146.14995111576,0.10503812246526795
612,w160025409,118.87152101863175,mfh,13545.552141340295,15050.613490378106,16931.94017667537,r1,-30360.034561251963,-60299.28291214465,-29939.248350892685,0.10503812246526795
613,w160025412,678.325670054555,mfh,83112.16289052342,92346.84765613714,103890.20361315427,r2,-171476.7555883954,-125845.21539521885,45631.54019317655,0.09669011447894532
614,w160025415,1309.668819526094,mfh,134843.0872649352,149825.65251659465,168553.85908116898,r2,-278207.8376202435,-449899.97916552424,-171692.14154528076,0.09669011447894532
615,w160025422,678.3786613484378,mfh,78555.95700031816,87284.39666702018,98194.9462503977,r2,-162076.4057879185,-260425.2604084109,-98348.85462049238,0.09669011447894532
616,w160025427,555.729584345687,mfh,68356.5049155554,75951.67212839489,85445.63114444424,r2,-141032.92801706347,-103502.77005898081,37530.157958082666,0.09669011447894532
617,w160025428,926.2977557130158,mfh,100962.61735123128,112180.68594581253,126203.2716890391,r2,-208305.7576290774,-345483.1206579798,-137177.36302890241,0.09669011447894532
618,w160025434,188.0208901744336,mfh,25126.424219116037,27918.249132351153,31408.030273895045,r1,-56316.57534024747,-103754.4839083526,-47437.90856810513,0.10503812246526795
619,w160025437,385.6369404070079,mfh,43222.04791881172,48024.497687568575,54027.55989851464,r1,-96874.8158015928,-163967.51825301957,-67092.70245142677,0.10503812246526795
620,w160025438,514.208815998584,mfh,66439.19135967275,73821.32373296973,83048.98919959094,r2,-137077.13266083537,-100599.64819295445,36477.48446788092,0.09669011447894532
621,w160025439,231.99735509790483,mfh,23422.747428464972,26025.274920516636,29278.434285581214,r1,-52498.07568031031,-104825.33469671223,-52327.25901640193,0.10503812246526795
622,w160025441,239.19352681115268,mfh,29974.211052689745,33304.67894743305,37467.76381586218,r1,-67182.05902648997,-49304.29584973493,17877.763176755034,0.10503812246526795
623,w160025442,258.45977183450015,mfh,26407.168715404667,29341.29857267185,33008.96089425583,r1,-59187.14471724509,-102975.75378589978,-43788.60906865469,0.10503812246526795
624,w160025445,358.2598954875022,mfh,37036.861616907394,41152.06846323044,46296.07702113424,r1,-83011.78032439764,-147355.67299943668,-64343.89267503904,0.10503812246526795
625,w160025446,282.03160609211767,mfh,32653.249972380814,36281.3888582009,40816.56246547602,r1,-73186.6658039817,-53711.02159331542,19475.64421066628,0.10503812246526795
626,w160025449,151.84076374266294,mfh,15398.815708212785,17109.79523134754,19248.51963526598,r1,-34513.807353550306,-71972.75807713142,-37458.95072358112,0.10503812246526795
627,w160025451,187.46145662125198,mfh,22242.272514884975,24713.63612764997,27802.840643606218,r1,-49852.243395216494,-94308.64796880152,-44456.40457358503,0.10503812246526795
628,w160025452,105.00601281486452,mfh,13097.326417448377,14552.584908275974,16371.658021810472,r1,-29355.41338917958,-60410.48994562083,-31055.07655644125,0.10503812246526795
629,w160025453,104.94913844838739,mfh,14710.976976171565,16345.52997352396,18388.721220214455,r1,-32972.13467314284,-66932.58590348311,-33960.451230340266,0.10503812246526795
630,w160025454,86.96602670811116,mfh,9958.714429546208,11065.238255051341,12448.393036932759,r1,-22320.7523113004,-63522.90270467908,-41202.15039337868,0.10503812246526795
631,w160025455,103.15431486908346,mfh,14454.34817374303,16060.386859714477,18067.935217178787,r1,-32396.945177000813,-65995.16470043463,-33598.219523433814,0.10503812246526795
632,w160025456,162.83409464433788,mfh,15439.821255317227,17155.356950352474,19299.776569146532,r1,-34605.71426249752,-57431.541605822465,-22825.82734332495,0.10503812246526795
633,w160025457,103.20248084068298,mfh,13888.002639595677,15431.114043995196,17360.003299494594,r1,-31127.578685999808,-61835.59550001475,-30708.016814014944,0.10503812246526795
634,w160025458,101.69107806179672,mfh,14620.583473797502,16245.09274866389,18275.729342246876,r1,-32769.53312338293,-118024.03611416355,-85254.50299078063,0.10503812246526795
635,w160025459,108.44199563004076,mfh,13875.057936342178,15416.731040380198,17343.82242042772,r1,-31098.565351285903,-65523.46271623531,-34424.897364949415,0.10503812246526795
636,w160025462,124.9876569705084,mfh,15710.045915399749,17455.606572666387,19637.557394249685,r1,-35211.37654438928,-73274.19282223261,-38062.81627784333,0.10503812246526795
637,w160025465,103.21026510931551,mfh,13114.320013160435,14571.466681289372,16392.90001645054,r1,-29393.50162270116,-54140.70635445173,-24747.20473175057,0.10503812246526795
638,w160025467,105.14285953305661,mfh,14341.115732538854,15934.573036154281,17926.394665673568,r1,-32143.154058518317,-63270.20819866776,-31127.05414014944,0.10503812246526795
639,w160025469,108.37528205253183,mfh,12119.687617749969,13466.319575277743,15149.60952218746,r1,-27164.203504373236,-58081.88172355742,-30917.67821918418,0.10503812246526795
640,w160025471,48.55004379618913,sfh,6829.869385996844,7588.743762218715,8537.336732496055,r1,-15307.982165958698,-37618.76747930026,-22310.785313341563,0.10503812246526795
641,w160025472,101.69099241122603,mfh,13375.50809475645,14861.6756608405,16719.38511844556,r1,-29978.909962021717,-22001.246574435485,7977.663387586232,0.10503812246526795
642,w160025474,105.6897082787007,mfh,13340.076698786537,14822.307443096151,16675.09587348317,r1,-29899.496557903843,-66740.78675642521,-36841.29019852137,0.10503812246526795
643,w160025476,96.35599186792969,mfh,11760.455718228655,13067.17302025406,14700.569647785818,r1,-26359.04674360261,-19344.662217797402,7014.384525805206,0.10503812246526795
644,w160025477,108.4367577029392,mfh,13789.217767408181,15321.35307489798,17236.522209260227,r1,-30906.169318375134,-58081.86616605856,-27175.696847683423,0.10503812246526795
645,w160025481,105.0061043202877,mfh,13105.966754568803,14562.185282854225,16382.458443211002,r1,-29374.77922461101,-52582.83613419164,-23208.056909580628,0.10503812246526795
646,w160025482,103.2132654029876,mfh,14060.161845670413,15622.402050744902,17575.202307088013,r1,-31513.444052869192,-65198.37923651535,-33684.93518364616,0.10503812246526795
647,w160025484,128.51466068420558,mfh,13247.347808026228,14719.275342251365,16559.184760032786,r1,-29691.660635164495,-49175.43367560233,-19483.773040437838,0.10503812246526795
648,w160025486,101.26240085978061,mfh,13302.68360909849,14780.75956566499,16628.354511373112,r1,-29815.68635338539,-57260.81345697711,-27445.127103591716,0.10503812246526795
649,w160025487,105.13472320698202,mfh,14158.708934601254,15731.898816223616,17698.386168251567,r1,-31734.320470060044,-64776.4326071717,-33042.11213711166,0.10503812246526795
650,w160025490,87.12732640933245,mfh,12040.780464448602,13378.644960498446,15050.975580560753,r1,-26987.346638269704,-106879.3287405642,-79891.9821022945,0.10503812246526795
651,w160025492,101.576605540514,mfh,13964.916070301266,15516.57341144585,17456.145087876583,r1,-31299.96696446057,-62564.52519082846,-31264.55822636789,0.10503812246526795
652,w160025494,105.68961535468698,mfh,14285.138779463909,15872.376421626564,17856.423474329884,r1,-32017.691307922705,-64415.17878800841,-32397.487480085703,0.10503812246526795
653,w160025496,100.3227494932711,mfh,13748.271791453237,15275.857546059151,17185.339739316543,r1,-30814.395927954047,-63477.28112376426,-32662.885195810213,0.10503812246526795
654,w160025498,53.38166442215442,th,6600.947610690868,7334.386234100964,8251.184513363583,r1,-14794.893224467613,-46736.90382545431,-31942.0106009867,0.10503812246526795
655,w160025500,108.55102695096282,mfh,13356.061664075802,14840.06851563978,16695.07708009475,r1,-29935.324119126795,-55074.97347906772,-25139.649359940922,0.10503812246526795
656,w160025504,103.15687311664223,mfh,13210.204122827778,14678.004580919753,16512.75515353472,r1,-29608.409428082596,-53975.92158341007,-24367.512155327473,0.10503812246526795
657,w160025505,103.09466042611747,mfh,11999.591279695112,13332.879199661236,14999.48909961889,r1,-26895.028136992136,-56539.63874836821,-29644.610611376076,0.10503812246526795
658,w160025507,85.83866344131528,mfh,11973.740029139291,13304.155587932546,14967.175036424114,r1,-26837.086987592178,-59915.99212502341,-33078.90513743123,0.10503812246526795
659,w160025509,108.27769679883495,mfh,14945.057217444468,16605.61913049385,18681.321521805585,r1,-33496.78543237341,-71118.30922400772,-37621.52379163432,0.10503812246526795
660,w160025513,105.03020258601755,mfh,11679.227174263047,12976.919082514496,14599.03396782881,r1,-26176.986878015465,-49924.929263548765,-23747.9423855333,0.10503812246526795
661,w160025515,104.96566433478147,mfh,13255.429579015141,14728.255087794601,16569.286973768925,r1,-29709.774540303188,-52738.323831910515,-23028.549291607327,0.10503812246526795
662,w160025517,132.51887063886969,mfh,14316.368058185923,15907.07562020658,17895.460072732403,r1,-32087.686386117384,-56515.72852315756,-24428.042137040175,0.10503812246526795
663,w160032048,197.876624872908,mfh,22760.163304132715,25289.070337925237,28450.204130165894,r1,-51013.006876575746,-95489.22691772103,-44476.22004114528,0.10503812246526795
664,w160032049,177.6117346536368,mfh,20420.46582699145,22689.406474434945,25525.582283739313,r1,-45768.97580809734,-125170.39951456203,-79401.42370646469,0.10503812246526795
665,w160032050,605.1206229591743,mfh,68794.57954872533,76438.42172080593,85993.22443590667,r2,-141936.7622356544,-240270.80882087242,-98334.04658521802,0.09669011447894532
666,w160032051,604.9254235289991,mfh,66484.26842234895,73871.4093581655,83105.33552793619,r2,-137170.13551613767,-223009.95506814262,-85839.81955200495,0.09669011447894532
667,w160032052,558.9287057133391,mfh,63671.536875409336,70746.15208378815,79589.42109426166,r2,-131366.9165499119,-236244.36883467485,-104877.45228476296,0.09669011447894532
668,w160032053,914.9869650162756,mfh,118384.96876544278,131538.85418382531,147981.21095680346,r2,-244251.4987977328,-179253.930781076,64997.56801665682,0.09669011447894532
669,w160032054,558.7663555394857,mfh,60610.35153484233,67344.8350387137,75762.93941855291,r2,-125051.0884905865,-213498.82180202176,-88447.73331143527,0.09669011447894532
670,w160032055,915.1860893286764,mfh,117551.19343225891,130612.43714695434,146938.99179032363,r2,-242531.25612744724,-177991.46049096994,64539.7956364773,0.09669011447894532
671,w160032056,579.5610938113182,mfh,57693.31188162339,64103.67986847043,72116.63985202923,r2,-119032.66136439609,-179293.53863909995,-60260.87727470386,0.09669011447894532
672,w160032057,300.306428108085,mfh,37313.43611538925,41459.37346154361,46641.79514423657,r1,-83631.67468123553,-61376.51763942754,22255.157041807986,0.10503812246526795
673,w160032058,579.3688813976943,mfh,57693.4417204568,64103.82413384089,72116.80215057099,r2,-119032.92924747276,-197472.05540767498,-78439.12616020223,0.09669011447894532
674,w160032059,915.3225905947387,mfh,92194.63134061452,102438.47926734947,115243.28917576815,r2,-190215.67620350508,-139597.53706115298,50618.1391423521,0.09669011447894532
675,w160032060,914.9022733874618,mfh,89683.02969465003,99647.81077183336,112103.78711831254,r2,-185033.74751097706,-278379.7860919677,-93346.03858099066,0.09669011447894532
676,w160032061,434.5004198986106,mfh,54507.02112981529,60563.35681090588,68133.77641226912,r2,-112458.71621029088,-82532.41855429411,29926.297655996765,0.09669011447894532
677,w160032062,579.3681231357157,mfh,63760.568600850966,70845.07622316774,79700.7107510637,r2,-131550.60652851677,-96543.7814422541,35006.825086262674,0.09669011447894532
678,w160032063,157.0142166607082,mfh,21768.76703500984,24187.51892778871,27210.9587937623,r1,-48790.96198092275,-90405.21145786796,-41614.24947694521,0.10503812246526795
679,w160032064,245.02896427586674,mfh,31648.601750868154,35165.11305652017,39560.75218858519,r1,-70934.91892731236,-119705.00269814306,-48770.08377083069,0.10503812246526795
680,w160032065,177.6155174203217,mfh,23633.30432957042,26259.22703285602,29541.630411963022,r1,-52970.00290246921,-101080.43447610334,-48110.43157363413,0.10503812246526795
681,w160032066,915.0334876678884,mfh,90981.15204470573,101090.16893856191,113726.44005588215,r2,-187712.02950007105,-286957.5524763634,-99245.52297629233,0.09669011447894532
682,w160032067,686.1767572972923,mfh,82068.33429355826,91187.03810395363,102585.41786694783,r2,-169323.13167857437,-287341.3765672831,-118018.24488870875,0.09669011447894532
683,w160032068,579.4084268193692,mfh,55797.50842459628,61997.23158288475,69746.88553074535,r2,-115121.24557712457,-176906.52397730682,-61785.278400182244,0.09669011447894532
684,w160032069,582.2339869499207,mfh,56337.525071553566,62597.25007950396,70421.90633944195,r2,-116235.40624102087,-174262.75791942922,-58027.35167840835,0.09669011447894532
685,w160032070,655.6557445708662,mfh,64738.30461673968,71931.4495741552,80922.8807709246,r2,-133567.86843093365,-208690.01638935856,-75122.1479584249,0.09669011447894532
686,w160032071,187.63290931591763,mfh,21296.262178485253,23662.513531650282,26620.327723106566,r1,-47731.92329244694,-88613.23976218251,-40881.31646973557,0.10503812246526795
687,w160032072,300.05888833065984,mfh,31840.051021962732,35377.83446884748,39800.06377745341,r1,-71364.01967023588,-113720.24140300679,-42356.22173277091,0.10503812246526795
688,w160032074,652.9879129000007,mfh,66119.07190804384,73465.63545338204,82648.8398850548,r2,-136416.6632053795,-221516.03881674848,-85099.37561136897,0.09669011447894532
689,w160032075,187.48918503960593,mfh,19824.58853199762,22027.320591108466,24780.73566499702,r1,-44433.41893440846,-90605.89855857416,-46172.4796241657,0.10503812246526795
690,w160032079,410.4375718038529,mfh,56450.435111772305,62722.70567974701,70563.04388971538,r2,-116468.361884295,-85475.06067375877,30993.30121053623,0.09669011447894532
691,w160032080,367.35827468354256,mfh,37513.62238413698,41681.802649041085,46892.027980171224,r1,-84080.35790761505,-144519.92374647784,-60439.56583886279,0.10503812246526795
692,w160032082,146.62608959153295,mfh,18641.24062010344,20712.48957789271,23301.550775129297,r1,-41781.14731578268,-84442.57669071046,-42661.42937492778,0.10503812246526795
693,w160032083,292.00384606306903,mfh,30643.0030164966,34047.781129440664,38303.75377062075,r1,-68681.04163890747,-112657.63248211518,-43976.59084320771,0.10503812246526795
694,w160032087,547.5336022242903,mfh,60767.66004008141,67519.62226675713,75959.57505010176,r2,-125375.64690859315,-92012.03531281745,33363.6115957757,0.09669011447894532
695,w160032089,324.3052944285795,mfh,36712.527765060455,40791.69751673384,45890.65970632557,r1,-82284.84155891128,-155254.86326212843,-72970.02170321715,0.10503812246526795
696,w160032093,651.9691053661052,mfh,70334.93715781553,78149.93017535059,87918.6714472694,r2,-145114.82325664608,-234011.15221783653,-88896.32896119045,0.09669011447894532
697,w160032096,417.5862662355881,mfh,47555.89860683755,52839.88734093061,59444.87325854694,r1,-106588.39966283737,-185578.4211754885,-78990.02151265113,0.10503812246526795
698,w160032097,55.47504670508206,th,7948.649698139474,8831.832997932748,9935.812122674342,r1,-17815.53657117452,-54410.53574455411,-36594.99917337959,0.10503812246526795
699,w160032099,154.26596265360712,mfh,19916.581628132146,22129.53514236905,24895.727035165182,r1,-44639.60569954719,-79521.11183865808,-34881.50613911089,0.10503812246526795
700,w160032101,417.4909567882307,mfh,46112.95125263289,51236.61250292543,57641.18906579111,r1,-103354.28036769095,-176415.66044941876,-73061.38008172781,0.10503812246526795
701,w160032104,110.95144802480935,th,12429.560392323068,13810.622658136743,15536.950490403835,r1,-27858.730242557533,-61349.33444592599,-33490.60420336846,0.10503812246526795
702,w160032105,152.98637234792113,mfh,20848.956423449432,23165.507137166034,26061.19552931179,r1,-46729.36407296053,-34294.250943019884,12435.113129940648,0.10503812246526795
703,w160032106,115.7174410201609,mfh,13210.000451569256,14677.778279521395,16512.50056446157,r1,-29607.952933848675,-77187.88661416243,-47579.933680313756,0.10503812246526795
704,w160032107,169.80155310891567,th,20257.197734231464,22507.997482479404,25321.49716778933,r1,-45403.03834853709,-33320.872680166955,12082.165668370137,0.10503812246526795
705,w160032108,125.84912734059617,mfh,15892.879065874109,17658.7545176379,19866.098832342635,r1,-35621.16572901789,-71778.01195598641,-36156.84622696852,0.10503812246526795
706,w160032109,117.1162128248019,mfh,12173.84675432335,13526.49639369261,15217.308442904186,r1,-27285.591930700815,-60014.55450303545,-32728.962572334633,0.10503812246526795
707,w160032110,214.96215275530702,mfh,27759.583627761367,30843.98180862374,34699.479534701706,r1,-62218.35105360336,-114511.56048133603,-52293.20942773267,0.10503812246526795
708,w160032111,253.8681676615961,th,29680.37219464188,32978.191327379864,37100.46524330235,r1,-66523.46956533793,-129639.21994731543,-63115.7503819775,0.10503812246526795
709,w160032112,125.84912488418631,th,14784.277193453934,16426.97465939326,18480.346491817418,r1,-33136.424552715056,-65616.52712488003,-32480.10257216497,0.10503812246526795
710,w160032113,105.45346036842092,mfh,13847.210707174945,15385.789674638827,17309.01338396868,r1,-31036.150557770612,-63115.729451859675,-32079.578894089063,0.10503812246526795
711,w160032114,381.28189064939505,mfh,38441.58971886041,42712.87746540045,48051.98714857551,r1,-86160.23771317379,-141076.60997078303,-54916.37225760924,0.10503812246526795
712,w160032115,139.91205219514669,mfh,18194.998750903073,20216.66527878119,22743.748438628838,r1,-40780.97261413628,-77992.53497958225,-37211.56236544598,0.10503812246526795
713,w160032116,192.1807412372902,mfh,25401.90433957016,28224.338155077952,31752.3804244627,r1,-56934.016836220144,-41783.351845467376,15150.664990752768,0.10503812246526795
714,w160032117,302.6253065098543,mfh,38132.472874110405,42369.414304567115,47665.591092638,r1,-85467.40526218544,-62723.74344606546,22743.661816119973,0.10503812246526795
715,w160032118,188.54685349911452,mfh,24193.179771566014,26881.31085729557,30241.474714457516,r1,-54224.86779033938,-104106.69801225282,-49881.83022191344,0.10503812246526795
716,w160032119,301.6826584111899,mfh,37828.96424629396,42032.182495882174,47286.20530786744,r1,-84787.14266867895,-144223.81249164202,-59436.66982296307,0.10503812246526795
717,w160032121,128.1140758719295,mfh,17251.90075647625,19168.778618306944,21564.87594559531,r1,-38667.18002696952,-71933.52129787716,-33266.34127090764,0.10503812246526795
718,w160032123,387.4767547928728,mfh,54442.01474559972,60491.1274951108,68052.51843199965,r2,-112324.59524086666,-225533.67330716708,-113209.07806630041,0.09669011447894532
719,w160032125,297.0948597435839,mfh,31398.011390583837,34886.67932287093,39247.51423822979,r1,-70373.26356475765,-121450.71708070731,-51077.45351594966,0.10503812246526795
720,w160032126,464.2806208854541,mfh,50568.14004669606,56186.82227410674,63210.17505837008,r2,-104332.02902887951,-181530.5809301293,-77198.5519012498,0.09669011447894532
721,w160032127,228.89082276217522,mfh,26202.43345212795,29113.81494680883,32753.041815159933,r1,-58728.265698942254,-120536.3783273493,-61808.11262840705,0.10503812246526795
722,w160032128,268.14993185095955,mfh,30473.596445371426,33859.55160596825,38091.99555671428,r1,-68301.34583170837,-176774.89789431117,-108473.5520626028,0.10503812246526795
723,w160032129,100.24086796883493,mfh,13847.774666178364,15386.416295753737,17309.718332722954,r1,-31037.414575261835,-62643.973620573975,-31606.55904531214,0.10503812246526795
724,w160032130,150.2635816658847,mfh,14029.486662093666,15588.318513437407,17536.858327617083,r1,-31444.69088401752,-55954.75711671012,-24510.0662326926,0.10503812246526795
725,w160032131,100.12314690686762,mfh,14135.939899488163,15706.599888320181,17669.924874360204,r1,-31683.287578543568,-64099.14908262277,-32415.8615040792,0.10503812246526795
726,w160032132,257.78643680289383,mfh,32040.0698986087,35600.07766512078,40050.087373260874,r1,-71812.3277158962,-134026.39626138282,-62214.06854548662,0.10503812246526795
727,w160032133,136.6476590367034,mfh,17304.298376071107,19226.998195634562,21630.372970088883,r1,-38784.62031476497,-71688.77521269763,-32904.154897932654,0.10503812246526795
728,w160032134,132.71697852164507,th,15243.003074861019,16936.67008317891,19053.753843576273,r1,-34164.58002901755,-73017.40312455056,-38852.823095533015,0.10503812246526795
729,w160032135,165.9338162511587,mfh,22655.11538553312,25172.350428370133,28318.8942319164,r1,-50777.55996337553,-97013.45177248458,-46235.89180910905,0.10503812246526795
730,w160032136,153.4784858365543,mfh,20651.507489251788,22946.119432501986,25814.384361564735,r1,-46286.816113027046,-99452.16197534876,-53165.345862321716,0.10503812246526795
731,w160032137,244.7570460377261,mfh,31882.694606522888,35425.21622946987,39853.368258153605,r1,-71459.59795951878,-123819.84915277304,-52360.251193254255,0.10503812246526795
732,w160032138,345.56507694348693,mfh,33660.554635708184,37400.61626189798,42075.693294635224,r1,-75444.36663988896,-125444.74475711538,-50000.37811722641,0.10503812246526795
733,w160032139,170.051029805094,mfh,20953.231302739754,23281.36811415528,26191.53912842469,r1,-46963.078350982665,-85936.3885867727,-38973.31023579003,0.10503812246526795
734,w160032140,210.13578363517297,mfh,25061.983224774885,27846.648027527648,31327.479030968607,r1,-56172.141891175444,-114798.26119208406,-58626.11930090861,0.10503812246526795
735,w160032141,252.5825279586017,mfh,26752.030081941455,29724.477868823837,33440.03760242682,r1,-59960.09239022651,-104252.02749028472,-44291.9351000582,0.10503812246526795
736,w160032142,252.46278136584442,mfh,34459.97295454553,38288.858838383916,43074.96619318191,r1,-77236.12584878292,-56682.88311369298,20553.242735089938,0.10503812246526795
737,w160032143,236.73276664549485,mfh,29576.02728282697,32862.25253647441,36970.03410353371,r1,-66289.59832140959,-114539.52187528166,-48249.92355387207,0.10503812246526795
738,w160032144,216.15235636769793,mfh,24178.437367510116,26864.93040834457,30223.046709387643,r1,-54191.82521725098,-102369.49978214716,-48177.67456489618,0.10503812246526795
739,w160032145,143.2480424195528,mfh,18000.89068230275,20000.989647003054,22501.113352878438,r1,-40345.91263209699,-29609.494581821516,10736.418050275472,0.10503812246526795
740,w160032146,425.3107569515705,mfh,43179.60460429989,47977.3384492221,53974.50575537486,r1,-96779.68638331385,-167576.32967845732,-70796.64329514347,0.10503812246526795
741,w160032147,237.48158785337583,mfh,32014.72814949744,35571.92016610827,40018.4101868718,r1,-71755.52852669872,-136163.3984983622,-64407.86997166347,0.10503812246526795
742,w160032148,183.97369813346305,th,23560.800292201195,26178.66699133466,29451.000365251493,r1,-52807.49752377432,-98602.91321310302,-45795.4156893287,0.10503812246526795
743,w160032149,343.71558685973287,mfh,34361.6584028396,38179.620447599555,42952.0730035495,r1,-77015.77062394447,-133146.1559274312,-56130.38530348672,0.10503812246526795
744,w160032150,136.78365420317277,mfh,19017.245100468906,21130.27233385434,23771.556375586133,r1,-42623.89694311175,-83248.37964704292,-40624.48270393117,0.10503812246526795
745,w160032151,156.68413198292254,mfh,18994.198311231074,21104.66479025675,23742.74788903884,r1,-42572.24151330827,-100254.45760220602,-57682.21608889775,0.10503812246526795
746,w160032152,131.687454425171,th,16816.435705141692,18684.928561268545,21020.544631427114,r1,-37691.15971633297,-27661.1958088535,10029.963907479472,0.10503812246526795
747,w160032153,131.7784823913127,mfh,14664.81319433541,16294.236882594898,18331.01649291926,r1,-32868.66646473025,-53718.93558525125,-20850.269120521,0.10503812246526795
748,w160032155,131.65618118494749,mfh,16155.971644692994,17951.079605214436,20194.96455586624,r1,-36210.84267259354,-64948.41057805861,-28737.567905465068,0.10503812246526795
749,w160032156,597.6746075108182,mfh,62825.58869422202,69806.20966024668,78531.98586777752,r2,-129621.55889754294,-240062.54061278995,-110440.981715247,0.09669011447894532
750,w160032157,145.99030133634804,mfh,18497.65764028637,20552.95293365152,23122.072050357958,r1,-41459.330664518246,-131796.12153638568,-90336.79087186743,0.10503812246526795
751,w160032158,192.3817300193943,mfh,24447.84564861781,27164.27294290868,30559.807060772262,r1,-54795.65772552907,-96224.76149541463,-41429.10376988556,0.10503812246526795
752,w160032159,156.72131929650496,mfh,19753.449044420944,21948.276716023272,24691.81130552618,r1,-44273.97196030499,-76770.41134555657,-32496.43938525158,0.10503812246526795
753,w160032160,462.61881872685626,other,21516.45961733097,23907.177352589966,26895.57452166371,nr1,-45066.585325207976,-113983.26998382149,-68916.68465861352,0.10503393146443805
754,w160032161,876.0951372385025,trade,41598.98809684389,46221.0978853821,51998.73512105486,nr1,-87129.77784684811,-63946.776940362,23183.000906486115,0.10503393146443805
755,w160032162,197.75498196221892,mfh,21819.024375477275,24243.36041719697,27273.78046934659,r1,-48903.605199717145,-87804.08480495008,-38900.47960523293,0.10503812246526795
756,w160032163,355.37988740094,mfh,43004.925360010486,47783.25040001165,53756.1567000131,r1,-96388.17278250799,-161199.97509479936,-64811.80231229137,0.10503812246526795
757,w160032164,218.83437259588393,mfh,24626.450963512878,27362.723292792085,30783.063704391097,r1,-55195.97094100062,-102270.25336913571,-47074.28242813509,0.10503812246526795
758,w160032165,192.38173281145282,mfh,24614.11645560697,27349.018284007743,30767.645569508713,r1,-55168.325254622396,-95412.00307184127,-40243.67781721888,0.10503812246526795
759,w160032166,5513.669180350005,other,296885.1769801247,329872.41886680527,371106.47122515587,nr2,-572433.1914494013,-1202252.5092777666,-629819.3178283653,0.09669011447894532
760,w160032167,119.51807446111924,mfh,13433.338114289052,14925.931238098947,16791.672642861315,r1,-30108.526043623093,-56580.84302541665,-26472.31698179356,0.10503812246526795
761,w160032168,107.41719602905214,th,13873.999853026246,15415.555392251383,17342.499816282805,r1,-31096.193838799347,-22821.2109459809,8274.982892818447,0.10503812246526795
763,w160032170,37.81535124108195,sfh,4769.791538029326,5299.76837558814,5962.239422536657,r0,-13118.246448284359,-33909.155166672266,-20790.90871838791,0.12888957385476113
764,w160032171,82.13437312801835,th,9646.465808249995,10718.295342499994,12058.082260312494,r1,-21620.900519705712,-45294.51580546283,-23673.615285757114,0.10503812246526795
765,w160032172,100.39566505721304,th,14312.979822175337,15903.310913528152,17891.22477771917,r1,-32080.09223555714,-70644.62838423868,-38564.53614868154,0.10503812246526795
766,w160032173,119.7984774223063,mfh,12295.751901574888,13661.94655730543,15369.689876968609,r1,-27558.821434019163,-49456.921906178475,-21898.100472159313,0.10503812246526795
767,w160032174,119.65868240431882,mfh,13051.979082176204,14502.19898019578,16314.973852720253,r1,-29253.775105870176,-51490.071016446294,-22236.29591057612,0.10503812246526795
768,w160032175,69.26172256879508,th,7386.415528105403,8207.128364561559,9233.019410131752,r1,-16555.384998492875,-43882.27241395865,-27326.887415465775,0.10503812246526795
769,w160032176,103.52918697646818,th,13372.589931875937,14858.433257639928,16715.73741484492,r1,-29972.369399851694,-62030.497002226584,-32058.12760237489,0.10503812246526795
770,w160032177,62.96843930834439,th,7111.322358229594,7901.469286921771,8889.152947786992,r1,-15938.810785950844,-11697.346789767254,4241.463996183589,0.10503812246526795
771,w160032178,300.84989367914386,mfh,31793.30178992664,35325.89087769627,39741.6272374083,r1,-71259.23927549683,-135671.92569470502,-64412.686419208185,0.10503812246526795
772,w160127708,318.335366258584,mfh,40928.439383668316,45476.04375963146,51160.54922958539,r1,-91734.08520085068,-174902.84622592907,-83168.76102507839,0.10503812246526795
773,w160127710,130.057766958978,mfh,19160.41845180246,21289.353835336067,23950.523064753073,r1,-42944.79548230611,-31516.79082701383,11428.00465529228,0.10503812246526795
774,w160127712,149.28690248169005,mfh,19893.976263748034,22104.41807083115,24867.470329685042,r1,-44588.93964793038,-89714.04464272983,-45125.10499479945,0.10503812246526795
775,w160127717,149.4986190713942,mfh,20018.073736971855,22242.30415219095,25022.59217121482,r1,-44867.08287433609,-89928.04463381342,-45060.96175947733,0.10503812246526795
776,w160127718,161.62649620659647,mfh,19998.168014560528,22220.18668284503,24997.710018200658,r1,-44822.467607710656,-89546.22924238407,-44723.761634673414,0.10503812246526795
777,w160127719,242.7560603125021,mfh,26016.569220877962,28907.299134308847,32520.71152609745,r1,-58311.682866026305,-105140.79893081119,-46829.11606478488,0.10503812246526795
778,w164087844,70.24407002975931,other,5531.1032271675895,6145.670252408432,6913.879033959486,nr1,-11584.98842109239,-45643.22680431889,-34058.2383832265,0.10503393146443805
779,w164087850,88.49543042890728,other,9571.515035104732,10635.016705671924,11964.393793880914,nr1,-20047.698677788623,-74838.05352857741,-54790.35485078879,0.10503393146443805
780,w164087857,77.59434223277493,other,5732.685063821826,6369.65007091314,7165.856329777282,nr1,-12007.204956858937,-42973.90261780522,-30966.697660946287,0.10503393146443805
786,w164088149,49.229225591477004,other,5037.637509600219,5597.37501066691,6297.046887000274,nr1,-10551.416204225356,-42733.27762059206,-32181.861416366704,0.10503393146443805
788,w164088153,80.69597001839429,other,6314.859681225849,7016.51075691761,7893.574601532311,nr1,-13226.579451363403,-56065.72986630651,-42839.150414943106,0.10503393146443805
791,w164088159,54.065223559696456,other,5119.410322922457,5688.233692136064,6399.262903653072,nr1,-10722.690732396364,-39228.402862122195,-28505.71212972583,0.10503393146443805
793,w164088169,56.479432658094446,other,4565.7132450906565,5073.014716767396,5707.14155636332,nr0,-11725.801264939217,-42298.114572843595,-30572.313307904376,0.12878926923489975
795,w164088175,32.08830586867407,other,2825.594723491785,3139.54969276865,3531.993404364731,nr0,-7256.776850484765,-26898.802156033245,-19642.02530554848,0.12878926923489975
799,w164088182,35.81288355943252,other,2845.4381235960636,3161.597915106737,3556.7976544950793,nr0,-7307.73926392447,-27336.45974414507,-20028.720480220603,0.12878926923489975
800,w359788107,586.4023264580406,other,46109.15580262688,51232.39533625209,57636.4447532836,nr1,-96576.39970558307,-233081.23686154542,-136504.83715596236,0.10503393146443805
801,w377595955,68.13203878551721,other,5269.498540512313,5854.998378347015,6586.873175640391,nr1,-11037.053019901758,-8100.37607100519,2936.6769488965674,0.10503393146443805
802,w377595956,85.03076633159071,other,6722.920315991011,7469.911462212234,8403.650394988763,nr1,-14081.269290749906,-49846.9930580947,-35765.72376734479,0.10503393146443805
805,w377595969,38.68702136902139,other,3090.1691164444,3433.521240493778,3862.7113955555,nr0,-7936.264716896468,-27236.08954687737,-19299.824829980902,0.12878926923489975
814,w377595984,35.49371746703982,other,2841.029831970761,3156.699813300845,3551.287289963451,nr0,-7296.417757570172,-22685.88903050113,-15389.471272930958,0.12878926923489975
818,w377595990,36.364706988167015,other,2791.57936980043,3101.754855333811,3489.474212250537,nr0,-7169.417602119722,-21448.475795454877,-14279.058193335155,0.12878926923489975
819,w377595993,54.98309161569923,other,4220.0307815631595,4688.923090625733,5275.038476953949,nr0,-10838.009226651111,-31848.54627919622,-21010.537052545107,0.12878926923489975
823,w377596001,68.93592455182224,other,4836.798385703419,5374.220428559354,6045.997982129273,nr0,-12422.010228154613,-37020.750279973494,-24598.74005181888,0.12878926923489975
825,w377596004,35.535723760165276,other,2630.7606042728767,2923.067338080974,3288.450755341096,nr0,-6756.398040219595,-23975.125572814602,-17218.727532595007,0.12878926923489975
827,w377596008,41.66994294051546,other,3243.63691899437,3604.041021104855,4054.546148742962,nr0,-8330.405315893315,-27581.973344345115,-19251.568028451802,0.12878926923489975
831,w377596012,33.714099188242116,other,2925.7385905314077,3250.8206561460083,3657.1732381642596,nr0,-7513.9693239875105,-25085.02263607128,-17571.05331208377,0.12878926923489975
836,w377596021,41.97082374822348,other,3488.321395519886,3875.9126616887625,4360.401744399857,nr0,-8958.811304254266,-26732.961166088713,-17774.14986183445,0.12878926923489975
838,w377596023,32.13139781658538,other,2490.0711216668888,2766.7456907409874,3112.5889020836107,nr0,-6395.075104558054,-22719.034414580034,-16323.959310021979,0.12878926923489975
844,w377596038,30.39147779517807,other,2398.685899783123,2665.2065553145812,2998.357374728904,nr0,-6160.3768454166975,-4521.258446163741,1639.1183992529568,0.12878926923489975
847,w377596043,50.74534401865676,other,3919.317771017566,4354.797523352851,4899.1472137719575,nr0,-10065.709082039384,-29985.241392038726,-19919.53230999934,0.12878926923489975
848,w377596044,31.44567816138733,other,2904.869813374752,3227.633125971947,3631.08726671844,nr0,-7460.37350654445,-22909.960692264158,-15449.587185719709,0.12878926923489975
861,w377596072,32.00744857888203,other,2718.9974702297686,3021.108300255298,3398.7468377872106,nr0,-6983.010597537801,-24215.232260079327,-17232.221662541524,0.12878926923489975
863,w377596074,30.798605113010854,other,2855.316162411527,3172.5735137905854,3569.1452030144083,nr0,-7333.108338550876,-24628.17938544686,-17295.071046895984,0.12878926923489975
877,w377596096,31.32093481458723,other,2660.043472138398,2955.603857931553,3325.0543401729974,nr0,-6831.603176991552,-21314.636083194484,-14483.032906202932,0.12878926923489975
882,w377596101,34.10184732507914,other,2734.2308274665847,3038.0342527406497,3417.788534333231,nr0,-7022.133361050992,-23014.25003365454,-15992.11667260355,0.12878926923489975
886,w377596106,35.077698366669935,other,2779.2898943774467,3088.099882641607,3474.112367971808,nr0,-7137.855403899058,-22710.059462750865,-15572.204058851807,0.12878926923489975
893,w377596115,40.14825235735625,other,3192.6172371227067,3547.352485691896,3990.771546403383,nr0,-8199.375043488273,-27654.2258426843,-19454.85079919603,0.12878926923489975
895,w377596117,32.339281557500364,other,2797.665055321845,3108.5167281353833,3497.081319152306,nr0,-7185.047041629914,-23683.84981084904,-16498.802769219124,0.12878926923489975
899,w377596123,32.752713098051025,other,2913.410473739367,3237.1227485992963,3641.7630921742084,nr0,-7482.307885847509,-25776.21439720527,-18293.90651135776,0.12878926923489975
901,w377596125,37.63718191203661,other,2922.0877489035165,3246.7641654483514,3652.6096861293954,nr0,-7504.593123363336,-24751.72315585346,-17247.130032490124,0.12878926923489975
909,w377596135,73.15242530554532,other,5088.204744337678,5653.560827041864,6360.255930422097,nr1,-10657.330124985807,-36177.15661895463,-25519.826493968823,0.10503393146443805
916,w377596142,40.572792674647644,other,3113.8461841117532,3459.8290934575034,3892.3077301396916,nr0,-7997.072869993342,-27004.174557818893,-19007.10168782555,0.12878926923489975
917,w377596143,37.61386710904771,other,2745.329396719578,3050.3659963550867,3431.6617458994724,nr0,-7050.637038439338,-24242.715374759464,-17192.078336320126,0.12878926923489975
918,w377596145,32.806498026452026,other,2693.449218590027,2992.721353988919,3366.811523237534,nr0,-6917.396813817067,-21118.8487650381,-14201.451951221032,0.12878926923489975
919,w377596147,34.850180151499806,other,2595.9189583634725,2884.354398181636,3244.8986979543406,nr0,-6666.916683475092,-4893.021015014353,1773.8956684607392,0.12878926923489975
929,w377596159,36.51154847629368,other,2488.2164818409556,2764.684979823284,3110.2706023011942,nr0,-6390.311963105771,-22261.992986319765,-15871.681023213994,0.12878926923489975
931,w377596161,32.13265920560807,other,2649.7963962137605,2944.2182180152895,3312.2454952672006,nr0,-6805.286330227633,-23207.69937951577,-16402.413049288138,0.12878926923489975
934,w377596166,38.724472055921794,other,2981.905002903568,3313.227781003964,3727.38125362946,nr0,-7658.21758354449,-5620.562150823765,2037.655432720725,0.12878926923489975
935,w377596167,41.94859704792034,other,3114.8432704850466,3460.9369672056073,3893.554088106308,nr0,-7999.633617028823,-28597.711972207337,-20598.078355178513,0.12878926923489975
936,w377596168,31.29673577034846,other,2563.979256552608,2848.865840614009,3204.97407069076,nr0,-6584.888186328821,-21963.806489892537,-15378.918303563716,0.12878926923489975
937,w377596169,36.7579496475868,other,3082.2442820121273,3424.7158689023636,3852.805352515159,nr0,-7915.911920165246,-24179.30902040603,-16263.397100240785,0.12878926923489975
940,w379327852,945.496160332486,other,38030.77627777757,42256.41808641952,47538.47034722196,nr1,-79656.09838181002,-280197.6893374671,-200541.59095565707,0.10503393146443805
941,w379327862,94.51021252730861,other,9084.066665311519,10093.407405901688,11355.083331639398,nr1,-19026.729896696725,-66890.13026490303,-47863.400368206305,0.10503393146443805
942,w387435839,3594.435384737421,other,196483.33588232234,218314.8176470248,245604.1698529029,nr2,-378845.3979744233,-869178.9955995431,-490333.5976251198,0.09669011447894532
943,w387435840,942.2609318409114,other,56823.35165188755,63137.05739098616,71029.18956485944,nr2,-109562.8042659711,-314530.0903736521,-204967.286107681,0.09669011447894532
944,w390787314,132.5826213063672,other,9844.203167691367,10938.003519657073,12305.253959614207,nr1,-20618.848542262072,-59419.68409265466,-38800.835550392585,0.10503393146443805
945,w390787315,330.5195846647024,other,28537.57339615315,31708.414884614613,35671.966745191436,nr1,-59772.42582214626,-147019.30242588362,-87246.87660373736,0.10503393146443805
946,w390787316,150.59577141329646,other,12304.720854223664,13671.912060248515,15380.90106777958,nr1,-25772.444079651243,-18915.057211167095,6857.386868484147,0.10503393146443805
947,w390789514,104.66224040389062,trade,10397.319493968453,11552.577215520503,12996.649367460564,nr1,-21777.359958929053,-125091.4975787135,-103314.13761978445,0.10503393146443805
948,w390789515,335.6007874913513,trade,25636.797863414322,28485.330959349245,32045.997329267902,nr1,-53696.702846320266,-109285.5360223925,-55588.83317607223,0.10503393146443805
949,w390790006,38.98714106846601,trade,2776.3285059702725,3084.8094510780807,3470.4106324628406,nr0,-7130.249877650087,-40359.70038562225,-33229.450507972164,0.12878926923489975
950,w390793102,268.1788772383239,sfh,30059.790808766775,33399.76756529642,37574.738510958465,r1,-67373.8713885946,-116859.2353284602,-49485.363939865594,0.10503812246526795
951,w390793103,629.0808588726446,th,87553.79058492262,97281.98953880291,109442.23823115327,r2,-180640.70801218657,-320757.8156294601,-140117.10761727352,0.09669011447894532
952,w390793104,761.76513240356,mfh,80676.55852455663,89640.6205828407,100845.69815569579,r2,-166451.62424723356,-266753.41057062487,-100301.78632339131,0.09669011447894532
953,w390793105,324.12222724705936,th,47118.253767594215,52353.615297326905,58897.817209492765,r1,-105607.49373103485,-209733.5745529785,-104126.08082194366,0.10503812246526795
954,w390793106,1475.9963392082602,mfh,145242.0290743921,161380.03230488012,181552.53634299012,r2,-299662.90196969395,-380382.833036945,-80719.93106725108,0.09669011447894532
955,w390793107,895.6360460046678,mfh,90245.7910168643,100273.10112984922,112807.23877108037,r2,-186194.8349180158,-136646.67858528486,49548.156332730956,0.09669011447894532
956,w390793108,286.70933025064875,mfh,25575.074405456515,28416.749339396127,31968.843006820643,r1,-57322.147872181275,-89518.98155410386,-32196.83368192258,0.10503812246526795
957,w390793793,117.72837251536548,mfh,12242.925925452717,13603.251028280796,15303.657406815895,r1,-27440.421058451877,-55008.86504826595,-27568.443989814074,0.10503812246526795
958,w390794364,96.81251710766227,sfh,13040.642047928714,14489.602275476347,16300.802559910891,r1,-29228.365085814556,-84839.65759069839,-55611.29250488384,0.10503812246526795
959,w475684695,267.0884538785554,mfh,32327.72471892473,35919.69413213859,40409.65589865591,r1,-72457.05671589408,-133629.8323988557,-61172.77568296163,0.10503812246526795
960,w620369477,3702.806372543797,other,329831.05954184383,366478.95504649315,412288.8244273048,nr2,-635957.1332364465,-466745.23851290013,169211.8947235464,0.09669011447894532
961,w620369478,20480.360502976928,other,1687025.1117225294,1874472.3463583658,2108781.3896531616,nr2,-3252803.5875070333,-2387315.9163419823,865487.6711650509,0.09669011447894532
962,w993163452,1412.2592688187956,other,69902.24125333331,77669.15694814813,87377.80156666663,nr2,-134780.60257885623,-353911.334534005,-219130.73195514875,0.09669011447894532
963,w993163453,1066.3710880815981,other,51293.74656664398,56993.051740715535,64117.183208304974,nr2,-98901.0072756393,-255182.05226322426,-156281.04498758496,0.09669011447894532
964,w993163454,1257.084109787643,other,59883.17288306017,66536.85875895574,74853.96610382521,nr2,-115462.53712040742,-286928.3720936644,-171465.834973257,0.09669011447894532
965,w993163455,1355.0658122852444,mfh,137933.86271477625,153259.84746086248,172417.3283934703,r2,-284584.7159008523,-208854.10823082767,75730.60767002462,0.09669011447894532
966,w993163456,1286.649396429956,mfh,130250.32129646631,144722.5792182959,162812.90162058288,r2,-268732.05718017457,-421501.71592176234,-152769.65874158777,0.09669011447894532
967,w993163457,923.1744978809729,ab,96260.7750734298,106956.41674825533,120325.96884178725,r2,-198604.93128735697,-314100.19357743545,-115495.26229007848,0.09669011447894532
968,w993163458,923.3917086940259,ab,96786.7143031862,107540.7936702069,120983.39287898275,r2,-199690.04746793438,-311775.1374050328,-112085.08993709844,0.09669011447894532
969,w993163460,1313.604391914094,ab,125644.15428679457,139604.6158742162,157055.1928584932,r2,-259228.6277536391,-414623.30609851406,-155394.67834487496,0.09669011447894532
970,w993163461,1099.8535498690792,ab,118342.74284405124,131491.93649339027,147928.42855506405,r2,-244164.37840824798,-393686.42902351683,-149522.05061526885,0.09669011447894532
971,w993164648,226.1375619597733,ab,25333.36690212359,28148.18544680399,31666.708627654487,r1,-56780.40191171168,-137166.69982713935,-80386.29791542768,0.10503812246526795
972,w993164649,158.37299746889622,other,12554.80104281894,13949.778936465487,15693.501303523673,nr1,-26296.24122648274,-80214.70312104006,-53918.46189455732,0.10503393146443805
973,w993164650,163.5844805765897,other,11822.83966197053,13136.48851330059,14778.549577463164,nr1,-24763.135845233508,-73217.46781316829,-48454.33196793478,0.10503393146443805
974,w993164651,162.24389737509188,other,11008.365752407117,12231.517502674575,13760.457190508896,nr1,-23057.206589524085,-68891.18934407827,-45833.98275455419,0.10503393146443805
975,w993164652,173.63842588849366,other,12537.52789010725,13930.586544563612,15671.909862634062,nr1,-26260.062318597276,-78418.95760726469,-52158.89528866741,0.10503393146443805
976,w1006795433,259.34726619906723,mfh,31206.31317629144,34673.68130699049,39007.8914703643,r1,-69943.6048583041,-118734.47959513523,-48790.87473683113,0.10503812246526795
977,w1006849999,188.95288848243652,other,12692.659037467965,14102.954486075516,15865.823796834957,nr1,-26584.98710703681,-79460.07731326584,-52875.090206229026,0.10503393146443805
978,w1007159125,240.08975319266318,education,18188.745430473453,20209.717144970502,22735.931788091813,nr1,-38096.632182028065,-105181.55735323427,-67084.92517120621,0.10503393146443805
979,w1007160095,265.99824453517795,sfh,29700.45869061807,33000.5096562423,37125.57336327258,r1,-66568.49000493968,-124128.10293356444,-57559.61292862476,0.10503812246526795
980,w1007176059,713.9090096209663,trade,44584.74507920726,49538.60564356363,55730.93134900908,nr1,-93383.49589336313,-249554.02909575327,-156170.53320239013,0.10503393146443805
981,w1029411791,412.32884333096445,trade,24243.8769969841,26937.64110776011,30304.846246230125,nr1,-50779.20674358423,-147563.47815696432,-96784.27141338009,0.10503393146443805
982,w1030080397,647.4037659055554,other,30520.396752890152,33911.551947655724,38150.49594111269,nr1,-63925.48257871539,-197330.0057964487,-133404.5232177333,0.10503393146443805
983,w1030080398,123.65970464986749,other,6312.042173885407,7013.380193206007,7890.052717356758,nr1,-13220.678135012076,-41487.42470481381,-28266.746569801737,0.10503393146443805
984,w1030080399,86.80603968682699,other,6773.282403048039,7525.869336720043,8466.603003810047,nr1,-14186.75352625503,-47484.25698883904,-33297.50346258401,0.10503393146443805
985,w1036126248,1409.4026292502879,trade,62527.62490135226,69475.13877928029,78159.53112669032,nr2,-120561.38416916759,-343600.30972252414,-223038.92555335653,0.09669011447894532
986,w1036126249,536.9865712554193,mfh,58786.42745363585,65318.25272626206,73483.0343170448,r2,-121287.97400760998,-210101.64196500278,-88813.6679573928,0.09669011447894532
987,w1036126250,784.2879224468953,mfh,83022.8157791949,92247.57308799434,103778.51972399362,r2,-171292.41490661108,-264249.33870676864,-92956.92380015756,0.09669011447894532
988,w1036126251,422.468481163308,mfh,52845.09736255475,58716.77484728305,66056.37170319344,r2,-109029.84027043037,-202989.35753140217,-93959.5172609718,0.09669011447894532
989,w1036680208,878.3984476357698,mfh,87023.10356131091,96692.33729034546,108778.87945163864,r2,-179545.79619811595,-296688.86009753065,-117143.0638994147,0.09669011447894532
990,w1075387093,82.43980132825672,other,6640.5639729472905,7378.404414385878,8300.704966184112,nr1,-13908.77254979618,-45765.5071637833,-31856.734613987122,0.10503393146443805
991,w1075387094,82.56877346616238,other,5523.9930738652965,6137.770082072551,6904.99134233162,nr1,-11570.096085821071,-29697.78564607334,-18127.689560252267,0.10503393146443805
992,w1075387095,130.11354850369972,other,4922.185612555075,5469.095125061194,6152.732015693843,nr0,-12641.304257122241,-30038.49701529111,-17397.192758168865,0.12878926923489975
993,w1075387096,86.78853361294604,other,5651.038189360073,6278.931321511192,7063.797736700091,nr1,-11836.194209742189,-31179.371075787683,-19343.176866045495,0.10503393146443805
994,w1075387097,130.27800867820625,other,5001.394598025604,5557.105108917338,6251.743247532005,nr1,-10475.504818432324,-28903.55610239447,-18428.051283962144,0.10503393146443805
995,w1075387098,130.18280181584413,other,4914.504272727153,5460.56030303017,6143.1303409089405,nr0,-12621.576810514087,-29912.442142790303,-17290.86533227622,0.12878926923489975
996,w1075387099,86.85200681062415,other,7574.079042728552,8415.643380809503,9467.598803410689,nr1,-15864.035510937712,-49576.96268043378,-33712.92716949607,0.10503393146443805
997,w1107949539,145.45949292609,other,7234.128086910359,8037.920096567066,9042.660108637949,nr1,-15152.002535753156,-11120.442979399342,4031.5595563538136,0.10503393146443805
998,w1107949540,113.13991883732378,other,8157.082843669978,9063.42538185553,10196.353554587471,nr1,-17085.146744259957,-50348.73831857579,-33263.59157431584,0.10503393146443805
999,w1108636740,113.13954655230044,other,8437.78627390423,9375.318082115811,10547.232842380286,nr1,-17673.08478400796,-51456.77555944049,-33783.69077543253,0.10503393146443805
1000,w1108636741,169.70950587596744,other,6388.827258846157,7098.696954273508,7986.034073557696,nr1,-13381.505782526154,-35768.28725481928,-22386.78147229313,0.10503393146443805
1001,w1108636742,113.35190696045755,other,7307.257952288273,8119.1755025425255,9134.072440360342,nr1,-15305.174264582562,-39322.16778648334,-24016.99352190078,0.10503393146443805
1002,w1108636743,97.02220907397567,other,8465.714383767012,9406.34931529668,10582.142979708764,nr1,-17731.58067824369,-51153.28798359918,-33421.70730535549,0.10503393146443805
1003,w1108636744,97.02139693088829,other,6248.685707876577,6942.984119862863,7810.857134845721,nr1,-13087.976954981941,-34933.17766155993,-21845.20070657799,0.10503393146443805
1004,w1108636745,97.02220705058426,other,6051.606396825816,6724.00710758424,7564.507996032269,nr1,-12675.191034562751,-32991.81713111142,-20316.62609654867,0.10503393146443805
1005,w1108636746,96.97299731615931,other,6049.968200571248,6722.186889523609,7562.46025071406,nr1,-12671.759805048281,-32972.86166909999,-20301.10186405171,0.10503393146443805
1006,w1108636747,96.97299630921333,other,6204.737122419419,6894.152358243799,7755.921403024274,nr1,-12995.925906080205,-34394.21289640354,-21398.28699032333,0.10503393146443805
1007,w1108636748,93.15071205198764,other,7049.813241953456,7833.125824392729,8812.266552441819,nr1,-14765.95200352423,-42805.88297561328,-28039.930972089052,0.10503393146443805
1008,w1108636749,139.88183319568634,other,5418.6318681190805,6020.702075687867,6773.28983514885,nr1,-11349.415274331806,-31761.037905065576,-20411.62263073377,0.10503393146443805
1009,w1108636750,139.7263257611543,other,5255.293421448891,5839.2149127209905,6569.116776811114,nr1,-11007.300159918661,-30484.380793981403,-19477.080634062742,0.10503393146443805
1010,w1108636751,139.8837134392932,other,5137.657930030147,5708.508811144608,6422.072412537684,nr1,-10760.910651347956,-28672.315280701965,-17911.40462935401,0.10503393146443805
1011,w1108636752,93.1510556358844,other,5632.758798770266,6258.620887522518,7040.9484984628325,nr1,-11797.90771975455,-31086.43962851921,-19288.531908764657,0.10503393146443805
1012,w1108636753,93.25489941500128,other,5561.032789158997,6178.925321287774,6951.290986448746,nr1,-11647.676390359667,-31143.283557842555,-19495.607167482885,0.10503393146443805
1013,w1108636754,139.72684112749994,other,6793.787494520834,7548.652771689815,8492.234368151043,nr1,-14229.701784049059,-46350.97843574894,-32121.27665169988,0.10503393146443805
1014,w1159236388,245.9913005110109,other,17161.798074090097,19068.664526766774,21452.24759261262,nr1,-35945.67373049596,-129599.35120723028,-93653.67747673433,0.10503393146443805
1015,w1159236389,122.96537718712352,other,11214.556910810714,12460.618789789682,14018.19613851339,nr1,-23489.07742695565,-88134.0372682536,-64644.95984129795,0.10503393146443805
1016,w1159236390,245.9301320978673,other,9422.640053648083,10469.600059608982,11778.300067060103,nr1,-19735.877533700368,-95613.70818865804,-75877.83065495768,0.10503393146443805
1017,w1219742100,99.15745026543736,other,6796.05397685548,7551.171085394977,8495.06747106935,nr1,-14234.448969289519,-46214.126567682964,-31979.677598393446,0.10503393146443805
1018,w1219742101,534.7382739499211,other,26665.5596979286,29628.399664365108,33331.94962241074,nr1,-55851.46175271167,-166562.4795330946,-110711.01778038291,0.10503393146443805
1019,w1219742102,331.85329187787136,other,16686.177045042114,18540.19671671346,20857.72130630264,nr1,-34949.47751284363,-102691.27791653453,-67741.8004036909,0.10503393146443805
1020,w1219742103,321.63751182574777,other,17114.566871985295,19016.185413316995,21393.208589981616,nr1,-35846.74718600284,-107337.18520648604,-71490.43802048321,0.10503393146443805
1021,w1219742104,906.7466930493712,other,37559.58202112246,41732.868912358295,46949.477526403076,nr1,-78669.17411313567,-243035.48690115078,-164366.31278801512,0.10503393146443805
1022,w1219742105,1260.638449399173,ab,128554.44727096538,142838.2747455171,160693.0590887067,r2,-265233.1351732647,-441847.3491278664,-176614.21395460167,0.09669011447894532
1023,w1219929093,501.3837405549362,other,33138.81990165809,36820.91100184232,41423.52487707261,nr1,-69409.81375355243,-204962.96734036136,-135553.15358680894,0.10503393146443805
1024,w1242595698,177.05818741209805,other,9156.077890481276,10173.419878312528,11445.097363101595,nr1,-19177.558614859612,-60649.677578205294,-41472.11896334568,0.10503393146443805
1025,w1242595699,175.70056665593293,other,9159.768067274865,10177.52007474985,11449.71008409358,nr1,-19185.287752008153,-60320.08911397698,-41134.80136196883,0.10503393146443805
