,full_id,NFA,building_usage,yearly_demand_useful_renovated,yearly_demand_delivered_renovated,yearly_demand_delivered_renovated_DH,consumer_size_renovated,npv_Gas_25years_ir_0.05,npv_DH_25years_ir_0.05,savings_npv_25years_ir_0.05,operator_selling_price
0,w24853838,27974.42320393324,trade,1197392.8826751309,1330436.536305701,1496741.1033439136,nr2,-1385237.423209735,-1577213.4392180322,-191976.0160082972,0.08411312087732317
1,w24853840,937.1926232803613,trade,88019.54120636193,97799.49022929103,110024.4265079524,nr2,-101827.86637281577,-115939.8935079061,-14112.027135090335,0.08411312087732317
2,w24853841,8998.296452549099,trade,370411.49455784855,411568.3272864984,463014.36819731066,nr2,-428520.8904050202,-487908.351310939,-59387.46090591879,0.08411312087732317
3,w25538793,404.8852469230536,trade,30724.044681390333,34137.827423767034,38405.05585173791,nr1,-38611.21594709093,-43962.23179936498,-5351.015852274046,0.09137161354186375
4,w27689586,5481.69515059907,office,239232.2588022705,265813.6208914117,299040.3235028381,nr2,-276762.5250882782,-315118.23657615617,-38355.71148787794,0.08411312087732317
5,w28994179,16672.165487814695,other,602602.7887910821,669558.6542123135,753253.4859888526,nr2,-697137.8788380835,-793752.1850540561,-96614.30621597264,0.08411312087732317
6,w28994181,2845.002712316811,trade,324149.90597616514,360166.56219573907,405187.3824702064,nr2,-375001.8786523283,-426972.2957469586,-51970.417094630306,0.08411312087732317
7,w29249266,23411.247439788887,trade,2697249.5326306587,2996943.9251451762,3371561.915788323,nr2,-3120388.509398442,-3552834.0558408326,-432445.5464423904,0.08411312087732317
8,w30213059,1747.46707642246,ab,186541.77691087977,207268.64101208863,233177.2211385997,r2,-230923.44783643587,-262913.9824536821,-31990.534617246245,0.08411312087732317
9,w50930444,8762.936898044496,other,330222.16830016905,366913.5203335212,412777.7103752113,nr2,-382026.74504034646,-434970.7178876343,-52943.972847287834,0.08411312087732317
10,w50930445,4934.112452852726,other,202146.16980193532,224606.85533548368,252682.71225241915,nr2,-233858.446479612,-266268.20679421484,-32409.76031460284,0.08411312087732317
11,w50930458,1974.6456010334193,other,60554.61203303029,67282.90225892254,75693.26504128786,nr2,-70054.29541947476,-79762.91598773586,-9708.620568261103,0.08411312087732317
12,w50930471,4724.4749339554455,other,258143.60911438576,286826.2323493175,322679.5113929822,nr2,-298640.64926523535,-340028.3862000543,-41387.73693481897,0.08411312087732317
13,w50930472,9715.957844087014,other,1058464.4972369291,1176071.663596588,1323080.6215461614,nr2,-1224514.2374954957,-1394216.0957625972,-169701.85826710146,0.08411312087732317
14,w50930478,6019.835157379508,trade,680901.6527717811,756557.3919686456,851127.0659647263,nr2,-787720.1080714439,-896887.9413565,-109167.83328505617,0.08411312087732317
15,w50930479,4489.048651921749,other,185541.01142931575,206156.6793659064,231926.26428664467,nr2,-214648.30490545515,-244395.78770389268,-29747.48279843753,0.08411312087732317
16,w50930480,4441.97852948606,other,168700.98991545063,187445.54435050068,210876.23739431327,nr2,-195166.4553419714,-222214.0054061311,-27047.550064159703,0.08411312087732317
17,w50930481,1370.623297881335,other,62080.660377160784,68978.51153017864,77600.82547145098,nr2,-71819.74709912228,-81773.03646872762,-9953.289369605336,0.08411312087732317
18,w50930482,1573.369959426485,other,63379.87619939754,70422.08466599727,79224.84524924692,nr2,-73322.78123589432,-83484.37172461998,-10161.590488725662,0.08411312087732317
19,w50930483,704.9254127380437,other,45123.70064816985,50137.445164633165,56404.62581021231,nr1,-56707.40841988422,-64566.3228299351,-7858.914410050886,0.09137161354186375
20,w50930486,509.32494937628496,trade,30466.044901173256,33851.16100130362,38082.55612646657,nr1,-38286.98502855248,-43593.06666307815,-5306.081634525668,0.09137161354186375
21,w98916060,2713.01504517002,other,226605.19701500298,251783.55223889218,283256.4962687537,nr2,-262154.5557358745,-298485.79133878264,-36331.23560290813,0.08411312087732317
22,w98916062,151.14776481509907,trade,11092.043274505519,12324.492527228354,13865.054093131897,nr1,-13939.482337291984,-15871.314555721854,-1931.8322184298704,0.09137161354186375
23,w98916065,222.67857759937178,other,20948.500685227787,23276.111872475318,26185.625856534734,nr1,-26326.19149310879,-29974.661621650306,-3648.4701285415176,0.09137161354186375
24,w98916067,43210.64675020873,trade,3034378.024269405,3371531.1380771166,3792972.530336756,nr2,-3510405.0276233517,-3996901.826285563,-486496.7986622113,0.08411312087732317
25,w98916074,4745.314506876469,trade,491122.8611791089,545692.0679767877,613903.5764738861,nr2,-568169.2087389181,-646910.122956747,-78740.91421782889,0.08411312087732317
26,w98916075,67.06430839556852,sfh,8538.96409194254,9487.737879936156,10673.705114928174,r1,-11483.175092913425,-13073.974614432542,-1590.7995215191168,0.09137525939709207
27,w98916076,98.82164086105185,sfh,13728.213996145805,15253.571106828673,17160.267495182256,r1,-18461.663889590673,-21019.21490177822,-2557.5510121875486,0.09137525939709207
28,w98916079,3334.9361924076916,trade,133751.88480733606,148613.2053414845,167189.85600917006,nr2,-154734.60627728485,-176178.8242532152,-21444.21797593034,0.08411312087732317
29,w98916080,2976.303781049745,other,104082.21116258297,115646.90129175886,130102.76395322871,nr2,-120410.41506002138,-137097.74344273747,-16687.328382716092,0.08411312087732317
30,w98916086,294.4025758753764,other,20686.516731325537,22985.018590361706,25858.14591415692,nr1,-25996.953623430793,-29599.79563546259,-3602.842012031797,0.09137161354186375
31,w98916091,1116.7099465291947,trade,65522.69205707044,72802.99117452271,81903.36507133805,nr2,-75801.75765210965,-86306.90225523461,-10505.144603124965,0.08411312087732317
32,w98916094,150.05011938810347,trade,13612.2294499376,15124.699388819556,17015.286812422,nr1,-17106.62564982013,-19477.38302655076,-2370.757376730631,0.09137161354186375
33,w98916098,15131.85493721813,trade,1389797.224493673,1544219.1383263033,1737246.5306170913,nr2,-1607825.7637046524,-1830649.6488956194,-222823.885190967,0.08411312087732317
34,w98916102,1892.1415951219387,trade,73425.17962658805,81583.53291843117,91781.47453323506,nr2,-84943.97126982293,-96716.10860532634,-11772.137335503416,0.08411312087732317
35,w98916109,81.43322088830173,sfh,9629.8057932929,10699.784214769888,12037.257241616126,r1,-12950.135970179292,-14744.15808847671,-1794.0221182974183,0.09137525939709207
36,w98916113,559.2398283889517,trade,50271.6825643969,55857.425071552105,62839.60320549612,nr2,-58158.201057903505,-66218.17659006568,-8059.975532162171,0.08411312087732317
37,w98916116,6987.1012714248145,other,358101.17313169746,397890.1923685527,447626.4664146218,nr2,-414279.35099220264,-471693.1184702015,-57413.76747799886,0.08411312087732317
38,w98916121,458.57296650111675,other,22475.134293848154,24972.371437609057,28093.917867310192,nr1,-28244.727302628387,-32159.081715776807,-3914.3544131484196,0.09137161354186375
39,w98916126,1235.1179318586364,trade,54455.49615433791,60506.10683815323,68069.37019292239,nr2,-62998.362746163824,-71729.1221758583,-8730.759429694474,0.08411312087732317
40,w99055014,379.03616306802724,mfh,51250.231128429565,56944.70125381063,64062.788910536954,r2,-63443.59033443374,-72232.62579987361,-8789.035465439869,0.08411312087732317
41,w99055018,363.825429549627,mfh,39011.950831555296,43346.61203506144,48764.93853944412,r1,-52463.162661334856,-59731.04574974438,-7267.883088409522,0.09137525939709207
42,w99055022,32.828185592684896,sfh,3912.1656857345315,4346.850761927257,4890.207107168164,r0,-6455.722838552878,-7350.05395512426,-894.3311165713822,0.11212422659643176
43,w99055023,57.57688737055287,sfh,7638.842228320924,8487.602475912137,9548.552785401154,r1,-10272.693721445901,-11695.801540020706,-1423.1078185748047,0.09137525939709207
44,w99055025,2922.078992408514,trade,131771.14343422168,146412.38159357963,164713.9292927771,nr2,-152443.13025847982,-173569.77925345566,-21126.64899497584,0.08411312087732317
45,w99055028,168.94065034445376,ab,18863.996140229203,20959.99571136578,23579.9951752865,r1,-25368.249391597587,-28882.590910158575,-3514.3415185609883,0.09137525939709207
46,w99055030,502.22660109587014,other,33719.73290267432,37466.369891860355,42149.66612834289,nr1,-42375.92746283133,-48248.68370855919,-5872.756245727862,0.09137161354186375
47,w99055036,2513.4158389533286,other,94056.81089942587,104507.56766602874,117571.01362428232,nr2,-108812.25055769415,-123892.22313492931,-15079.972577235167,0.08411312087732317
48,w99055038,337.97397138923407,other,24561.514626422148,27290.57180713572,30701.893283027683,nr1,-30866.702449591114,-35144.42875433943,-4277.7263047483175,0.09137161354186375
49,w99055039,2475.299022556655,other,95255.37369289662,105839.30410321847,119069.21711612078,nr2,-110198.84142490657,-125470.97758800861,-15272.13616310204,0.08411312087732317
50,w99055040,101.95110847079195,trade,7536.8851086504455,8374.316787389384,9421.106385813056,nr1,-9471.679315542107,-10784.331738469504,-1312.6524229273964,0.09137161354186375
51,w99055041,189.90211718752977,ab,21595.11692946048,23994.5743660672,26993.8961618256,r1,-29041.05301097715,-33064.199297650426,-4023.1462866732763,0.09137525939709207
52,w99055043,190.2007592998445,sfh,29155.98911223378,32395.543458037533,36444.98639029222,r1,-39208.89283265426,-44640.62120506,-5431.7283724057415,0.09137525939709207
53,w99055048,47.74609960326925,sfh,5769.180841789516,6410.2009353216845,7211.476052236895,r1,-7758.378303928401,-8833.170283828646,-1074.7919799002448,0.09137525939709207
54,w99055050,194.95880112051967,trade,16984.909900636445,18872.122111818273,21231.137375795555,nr1,-21345.10709172943,-24303.263254768808,-2958.156163039377,0.09137161354186375
55,w99055053,122.33706042193808,ab,14174.508663259385,15749.454070288204,17718.13582907423,r1,-19061.839713064932,-21702.53492579675,-2640.695212731818,0.09137525939709207
56,w99055057,303.91877080444243,ab,36040.58788819037,40045.09765354486,45050.73486023796,r1,-48467.28206318939,-55181.60353713742,-6714.3214739480245,0.09137525939709207
57,w99055067,194.8848727118224,sfh,21931.666176569037,24368.517973965598,27414.582720711296,r1,-29493.643499744103,-33579.48853716785,-4085.8450374237436,0.09137525939709207
58,w99055068,348.37368724122643,ab,40200.04013772175,44666.71126413528,50250.05017215219,r1,-54060.90184630241,-61550.12465220239,-7489.222805899975,0.09137525939709207
59,w99055094,263.70872883694244,other,16614.595860209945,18460.66206689994,20768.24482526243,nr1,-20879.729712825672,-23773.390581668245,-2893.660868842573,0.09137161354186375
60,w99055100,85.6876405166462,sfh,12089.433153049305,13432.703503388117,15111.79144131163,r1,-16257.835982883973,-18510.083945075967,-2252.247962191994,0.09137525939709207
61,w99055110,94.65369866762775,sfh,12604.978915374657,14005.532128194063,15756.22364421832,r1,-16951.140486035336,-19299.434050855198,-2348.293564819862,0.09137525939709207
62,w99055113,801.3236896117684,education,39333.930829421224,43704.367588245805,49167.41353677653,nr1,-49431.34646014303,-56281.89265557836,-6850.54619543533,0.09137161354186375
63,w99055118,54.3237798044458,other,6219.479772060365,6910.533080067072,7774.349715075456,nr1,-7816.082779720774,-8899.290905418851,-1083.2081256980773,0.09137161354186375
64,w99055131,500.74276516167447,th,69240.53713621371,76933.93015134857,86550.67142026713,r2,-85714.1163246242,-97588.3561697341,-11874.2398451099,0.08411312087732317
65,w99055135,663.0715527065098,ab,68880.52212837798,76533.91347597554,86100.65266047248,r2,-85268.44721897395,-97080.94715379874,-11812.499934824795,0.08411312087732317
66,w99055142,64.54166975589469,sfh,9032.758360397225,10036.398178219139,11290.947950496531,r1,-12147.22824777946,-13830.021092789399,-1682.792845009939,0.09137525939709207
67,w99055146,149.08371188635937,sfh,17342.70904751041,19269.67671945601,21678.38630938801,r1,-23322.426752670777,-26553.35417636821,-3230.9274236974343,0.09137525939709207
68,w99055147,57.659734526090325,sfh,7330.462267285426,8144.958074761584,9163.077834106782,r1,-9857.98521001675,-11223.642184533755,-1365.6569745170054,0.09137525939709207
69,w99055152,1635.3717537612654,other,76892.01538215307,85435.57264683674,96115.01922769133,nr2,-88954.67711100104,-101282.64647635713,-12327.969365356083,0.08411312087732317
70,w99055158,567.1104306213557,trade,39120.40099323338,43467.11221470375,48900.50124154172,nr1,-49163.00136750653,-55976.35839887758,-6813.357031371052,0.09137161354186375
71,w99055160,362.3993257842958,ab,41269.65009818708,45855.16677576342,51587.06262273384,r1,-55499.310337648276,-63187.80029059315,-7688.489952944874,0.09137525939709207
72,w99055171,150.93386064656082,sfh,16885.70894548665,18761.8988283185,21107.136181858314,r1,-22707.854290190226,-25853.643102715894,-3145.7888125256686,0.09137525939709207
73,w99055172,71.28885925472714,sfh,9019.499646113589,10021.666273459543,11274.374557641986,r1,-12129.397965793669,-13809.720727066135,-1680.3227612724659,0.09137525939709207
74,w99055173,413.9677898917347,ab,46033.80958093352,51148.67731214836,57542.2619761669,r1,-61906.13872126497,-70482.18629173691,-8576.047570471943,0.09137525939709207
75,w99055181,184.62117180265486,other,15209.502381678169,16899.44709075352,19011.87797709771,nr1,-19113.934607134383,-21762.879080218543,-2648.9444730841606,0.09137161354186375
76,w99055182,84.81555104400032,sfh,9995.399856476368,11105.999840529297,12494.24982059546,r1,-13441.785846588407,-15303.917732595386,-1862.1318860069787,0.09137525939709207
77,w99055185,136.9722994968528,education,10840.570650859518,12045.07850095502,13550.713313574397,nr1,-13623.454162060925,-15511.488957023377,-1888.034794962452,0.09137161354186375
78,w99055186,41.49024544628337,sfh,5137.404922484948,5708.227691649942,6421.756153106185,r1,-6908.7678098748665,-7865.86063806122,-957.0928281863535,0.09137525939709207
79,w99055192,160.51305735595523,ab,18121.209085465063,20134.67676162785,22651.511356831328,r1,-24369.35143222396,-27745.312547894577,-3375.961115670616,0.09137525939709207
80,w99055193,133.23216011486946,other,9055.86994602939,10062.077717810433,11319.837432536737,nr1,-11380.602837317858,-12957.807405917078,-1577.2045685992198,0.09137161354186375
81,w99055199,594.2030242990702,ab,69499.33638341566,77221.48487046185,86874.17047926957,r2,-86034.48860503786,-97953.11060632548,-11918.62200128763,0.08411312087732317
82,w99055201,119.5810925271362,sfh,16186.140935837673,17984.601039819638,20232.67616979709,r1,-21767.077182135592,-24782.53725184926,-3015.4600697136666,0.09137525939709207
83,w99055202,635.4450178422034,ab,74224.65462412336,82471.83847124818,92780.8182801542,r2,-91884.0457301956,-104613.02484965885,-12728.979119463242,0.08411312087732317
84,w99055209,191.61494707558305,other,19092.937557201116,21214.375063556796,23866.171946501392,nr1,-23994.286648461384,-27319.584882939747,-3325.298234478363,0.09137161354186375
85,w99055216,463.1840371862054,education,30329.625776782435,33699.58419642493,37912.03222097804,nr1,-38115.54574294444,-43397.86810668597,-5282.3223637415285,0.09137161354186375
86,w99055219,773.0541430711745,other,89363.99007406665,99293.3223045185,111704.9875925833,nr2,-103383.2296224918,-117710.81001590133,-14327.580393409531,0.08411312087732317
87,w99055224,318.955577952601,ab,39326.77401159415,43696.415568437944,49158.46751449268,r1,-52886.5359957075,-60213.07029271522,-7326.534297007725,0.09137525939709207
88,w99055226,262.56915004737675,ab,28811.221455015977,32012.468283351085,36014.02681876997,r1,-38745.250248896205,-44112.7487898807,-5367.498540984496,0.09137525939709207
89,w99055235,1694.7837025728077,trade,149404.7926523063,166005.3251692292,186755.99081538286,nr2,-172843.11021332245,-196796.9329568282,-23953.822743505763,0.08411312087732317
90,w99055245,424.4345906373113,ab,47895.25638616388,53216.95154018208,59869.07048270485,r1,-64409.40719276193,-73332.24023454043,-8922.833041778496,0.09137525939709207
91,w99055249,70.42309986636974,sfh,9527.919340341607,10586.577044824007,11909.899175427008,r1,-12813.11935244464,-14588.160137777195,-1775.0407853325542,0.09137525939709207
92,w99055257,137.79457132667304,trade,8302.741753787854,9225.268615319837,10378.427192234816,nr1,-10434.139063813014,-11880.175977330673,-1446.0369135176588,0.09137161354186375
93,w99055287,226.3710821658373,mfh,29327.158711257514,32585.731901397237,36658.94838907189,r1,-39439.08123197404,-44902.69831046796,-5463.617078493917,0.09137525939709207
94,w99055292,58.725108856521544,trade,5742.2884325185605,6380.320480576178,7177.8605406482,nr1,-7216.3916241389625,-8216.49030090427,-1000.0986767653076,0.09137161354186375
95,w99055300,847.1402418442303,other,76273.07353797425,84747.85948663806,95341.34192246781,nr2,-88238.6369392644,-100467.37238473882,-12228.73544547442,0.08411312087732317
96,w99389931,488.4274571448564,mfh,51882.65252404952,57647.39169338835,64853.315655061895,r2,-64226.47624653622,-73123.9673023768,-8897.491055840575,0.08411312087732317
97,w99389943,3490.8252122399163,ab,329651.0091598724,366278.89906652493,412063.7614498405,r2,-408080.9611582425,-464613.67031742056,-56532.70915917808,0.08411312087732317
98,w99389949,2474.179022271931,ab,284257.7582638273,315841.9536264748,355322.1978297841,r2,-351887.83284668426,-400635.9353176081,-48748.102470923855,0.08411312087732317
99,w99389956,671.7147096479312,education,46899.24791118664,52110.27545687404,58624.0598889833,nr1,-58938.756522243035,-67106.90696060301,-8168.150438359975,0.09137161354186375
100,w99389960,693.6997662768932,ab,80098.50062143736,88998.33402381929,100123.12577679669,r2,-99155.38618927152,-112891.68643982503,-13736.300250553511,0.08411312087732317
101,w99389971,1612.9015118613836,education,79005.85520261421,87784.28355846023,98757.31900326777,nr2,-91400.13178869363,-104067.00958843529,-12666.877799741662,0.08411312087732317
102,w99389974,235.12884147074072,education,10047.192716967635,11163.547463297371,12558.990896209543,nr1,-12626.408133426843,-14376.265226035173,-1749.8570926083303,0.09137161354186375
103,w99389975,1082.0712234761565,mfh,111466.82540481444,123852.0282275716,139333.53175601806,r2,-137986.80417930824,-157102.54005273065,-19115.73587342241,0.08411312087732317
104,w99389979,163.53384786918758,ab,21228.517390207166,23587.241544674627,26535.646737758954,r1,-28548.050973153902,-32502.900173043123,-3954.8491998892205,0.09137525939709207
105,w99389992,2569.363114476204,other,222880.7619206125,247645.2910229028,278600.9524007656,nr2,-257845.83889972718,-293579.941997801,-35734.10309807383,0.08411312087732317
106,w99390006,431.6004564465955,education,13943.155864366083,15492.395404851202,17428.944830457604,nr1,-17522.504203005345,-19950.896975983647,-2428.3927729783027,0.09137161354186375
107,w99390011,2554.974828636646,ab,247425.31787724234,274917.0198636026,309281.6473465529,r2,-306292.28708127816,-348723.89852945576,-42431.6114481776,0.08411312087732317
108,w99390014,587.280543653667,trade,43622.5019390578,48469.44659895311,54528.12742382225,nr1,-54820.83690437904,-62418.29686814286,-7597.459963763824,0.09137161354186375
109,w99390021,1617.1983746248297,other,56431.07453005592,62701.19392228436,70538.8431625699,nr2,-65283.865807126145,-74331.36644296104,-9047.500635834891,0.08411312087732317
110,w99390022,5590.431437242403,education,501507.8998853299,557230.9998725888,626884.8748566624,nr2,-580183.431025925,-660589.3612846528,-80405.93025872787,0.08411312087732317
111,w99390025,237.89438336268066,education,22880.136119028128,25422.373465586807,28600.170148785157,nr1,-28753.697169491712,-32738.58823265518,-3984.891063163468,0.09137161354186375
112,w99390027,116.0190749399364,mfh,12111.38188864718,13457.090987385754,15139.227360808974,r1,-16287.352581293879,-18543.689568537517,-2256.336987243638,0.09137525939709207
113,w99390046,1095.085822885856,mfh,104637.32667388588,116263.69630431764,130796.65834235735,r2,-129532.44387430248,-147476.97124318386,-17944.527368881376,0.08411312087732317
114,w99390052,1678.6958267321402,education,80452.87476272321,89392.08306969245,100566.093453404,nr2,-93074.1568107075,-105973.03285785411,-12898.876047146608,0.08411312087732317
115,w99390065,2581.633286331594,education,86800.34062073754,96444.82291193059,108500.42577592192,nr2,-100417.40009892832,-114333.9548251463,-13916.554726217975,0.08411312087732317
116,w99390082,124.21957990797236,education,9140.033185312222,10155.592428124692,11425.041481640277,nr1,-11486.371626565991,-13078.234383312356,-1591.8627567463645,0.09137161354186375
117,w99390107,332.09000708311794,education,26712.358260262183,29680.39806695798,33390.44782532773,nr1,-33569.68927557126,-38222.014644335766,-4652.325368764505,0.09137161354186375
118,w99390110,1066.5973296171287,mfh,111016.92938734422,123352.1437637158,138771.16173418026,r2,-137429.86974219425,-156468.45177716084,-19038.58203496659,0.08411312087732317
119,w99390116,694.0162199864862,ab,76366.64546448652,84851.8282938739,95458.30683060814,r2,-94535.65502802617,-107631.96972916556,-13096.314701139388,0.08411312087732317
120,w99390122,307.42072394330467,other,23978.9127918091,26643.236435343442,29973.640989761374,nr1,-30134.540864725277,-34310.799029946145,-4176.258165220868,0.09137161354186375
121,w99390129,1196.3697846690193,trade,62972.859261591475,69969.84362399053,78716.07407698935,nr2,-72851.9123153529,-82948.24645313606,-10096.334137783153,0.08411312087732317
122,w99390130,964.417538562417,education,49512.76423577884,55014.18248419871,61890.95529472355,nr1,-62223.18877185497,-70846.51910036597,-8623.330328511001,0.09137161354186375
123,w99390133,9252.387912133521,education,680645.1328091653,756272.3697879614,850806.4160114565,nr2,-787423.345783011,-896550.0516476838,-109126.70586467278,0.08411312087732317
124,w99390139,1249.1388426542283,ab,101272.3942615666,112524.88251285178,126590.49282695825,r2,-125366.93303133151,-142734.39938683773,-17367.466355506214,0.08411312087732317
125,w99390141,112.67489476799965,other,7161.259483685899,7956.954981873221,8951.574354607374,nr1,-8999.626814930043,-10246.858858003512,-1247.232043073469,0.09137161354186375
126,w99758761,171.36210507287177,trade,18702.739494504167,20780.821660560185,23378.424368130207,nr1,-23503.920818793984,-26761.260682534696,-3257.3398637407117,0.09137161354186375
127,w99758765,309.03573338240386,trade,17633.22369336,19592.4707704,22041.529616699998,nr1,-22159.84955522704,-25230.918501009928,-3071.0689457828885,0.09137161354186375
128,w99758770,601.7205038767308,mfh,67803.20632134694,75336.89591260771,84754.00790168367,r2,-83934.81844858245,-95562.56669298564,-11627.748244403192,0.08411312087732317
129,w99758771,976.6668764967471,mfh,93790.2658837786,104211.40653753177,117237.83235472324,r2,-116104.67065361704,-132189.00734860406,-16084.336694987025,0.08411312087732317
130,w99758774,197.5460334163159,ab,21548.287941595398,23942.54215732822,26935.359926994246,r1,-28978.077518717364,-32992.499616989466,-4014.4220982721017,0.09137525939709207
131,w99758775,265.071225726977,sfh,27414.764697100116,30460.849663444573,34268.45587137514,r1,-36867.29909602022,-41974.63929479892,-5107.3401987787,0.09137525939709207
132,w99758777,337.6781565959565,ab,38785.81336494016,43095.34818326684,48482.26670617519,r1,-52159.05362700131,-59384.80755667268,-7225.753929671366,0.09137525939709207
133,w99758783,333.3155570875853,th,46165.858494498185,51295.3983272202,57707.32311812273,r1,-62083.71773189962,-70684.36586823109,-8600.648136331474,0.09137525939709207
134,w99758786,182.17889552428386,mfh,24975.758120688377,27750.84235632042,31219.69765086047,r1,-33587.32985523942,-38240.2858391461,-4652.955983906679,0.09137525939709207
135,w99758788,349.08404515869915,other,29695.324703960447,32994.80522662272,37119.15587995056,nr1,-37318.413205475,-42490.26329478189,-5171.850089306892,0.09137161354186375
136,w99758792,60.93018751584459,sfh,7098.129910688255,7886.811011875839,8872.662388360319,r1,-9545.545304914915,-10867.919019574092,-1322.3737146591775,0.09137525939709207
137,w99758793,126.39461716674268,ab,14533.912444621437,16148.79160513493,18167.390555776794,r1,-19545.1649157473,-22252.81665356422,-2707.651737816919,0.09137525939709207
138,w99758796,906.0679207786917,ab,92578.39928517047,102864.88809463385,115722.99910646307,r2,-114604.47901878503,-130480.98955806442,-15876.510539279392,0.08411312087732317
139,w99758800,420.9761067721993,ab,43617.35169245246,48463.724102724955,54521.68961556557,r1,-58656.492893117764,-66782.35704422224,-8125.864151104477,0.09137525939709207
140,w99758801,293.7319820257835,mfh,30453.792851169546,33837.547612410606,38067.241063961934,r1,-40954.175680780965,-46627.68344758337,-5673.507766802402,0.09137525939709207
141,w99758803,512.6721141899004,mfh,56071.10035591353,62301.2226176817,70088.8754448919,r2,-69411.43175856164,-79027.21062947856,-9615.778870916925,0.08411312087732317
142,w99758805,165.76912949401884,sfh,21149.48042883679,23499.42269870754,26436.850536045986,r1,-28441.762287962647,-32381.88698977734,-3940.1247018146933,0.09137525939709207
143,w99758807,110.8734177275095,other,10633.353902934445,11814.837669927161,13291.692378668055,nr1,-13363.042790935851,-15214.987933168586,-1851.9451422327347,0.09137161354186375
144,w99758813,43.0509613757953,other,4335.785169212401,4817.539076902668,5419.731461515501,nr0,-6681.175863550668,-7607.100548405974,-925.9246848553066,0.11203696912796754
145,w99758814,84.92593946289271,th,9884.973779293656,10983.304199215172,12356.217224117068,r1,-13293.285166007114,-15134.84479654446,-1841.5596305373456,0.09137525939709207
146,w99758818,424.19755738042295,mfh,42981.25264898336,47756.94738775929,53726.5658112292,r1,-57801.068673746355,-65808.4282799091,-8007.359606162747,0.09137525939709207
147,w99758821,35.03456762442365,sfh,4362.174934958981,4846.861038843312,5452.718668698726,r0,-7198.312805632162,-8195.51719155251,-997.2043859203477,0.11212422659643176
148,w99758824,478.7830200769007,ab,54415.092655594315,60461.21406177146,68018.86581949289,r2,-67361.42980117652,-76693.21560340517,-9331.785802228653,0.08411312087732317
149,w99758826,392.0728006519377,ab,50422.93344994148,56025.48161104609,63028.666812426854,r2,-62419.463538457,-71066.62357276982,-8647.160034312823,0.08411312087732317
152,w99758837,194.723237061128,mfh,27818.768765056746,30909.743072285273,34773.46095632093,r1,-37410.60263971036,-42593.20834740526,-5182.6057076949,0.09137525939709207
153,w99758838,478.1149431033991,ab,49879.55482966044,55421.727588511596,62349.443537075545,r1,-67077.88620472635,-76370.39184150311,-9292.505636776754,0.09137525939709207
154,w99758842,66.20839738831855,sfh,9098.77198804681,10109.746653385344,11373.464985058512,r1,-12236.00319010928,-13931.094300593575,-1695.0911104842944,0.09137525939709207
155,w99758845,141.8255072105676,th,20597.68337727332,22886.31486363702,25747.104221591646,r1,-27699.707152160434,-31537.032676445957,-3837.325524285523,0.09137525939709207
156,w99758846,563.5821329504251,other,39110.73926488373,43456.37696098192,48888.424081104655,nr1,-49150.85937632018,-55962.53368453107,-6811.674308210888,0.09137161354186375
157,w99758847,385.25146163031457,sfh,48245.97195129891,53606.635501443234,60307.46493912364,r1,-64881.04850649645,-73869.2194683316,-8988.170961835152,0.09137525939709207
158,w99758850,177.17881421931088,ab,22322.486341848085,24802.762602053426,27903.107927310106,r1,-30019.2173678876,-34177.87176780914,-4158.654399921543,0.09137525939709207
159,w99758852,422.9061155930161,other,27630.39919965029,30700.443555166985,34537.99899956286,nr1,-34723.40055696563,-39535.615408727725,-4812.214851762095,0.09137161354186375
160,w99758858,57.38898355839774,sfh,6590.511049374096,7322.7900548601065,8238.13881171762,r1,-8862.900876132717,-10090.705761013745,-1227.8048848810286,0.09137525939709207
161,w99758862,402.33381934519855,sfh,47385.93913186298,52651.04347984775,59232.42391482872,r1,-63724.47876982854,-72552.42657310274,-8827.947803274197,0.09137525939709207
162,w99758864,101.365438436158,other,10686.907379847416,11874.341533163795,13358.63422480927,nr1,-13430.343983967143,-15291.61620233446,-1861.2722183673177,0.09137161354186375
163,w99758865,63.831228005420414,other,4034.3888558582253,4482.654284286917,5042.986069822781,nr0,-6216.742849561909,-7078.303117000818,-861.5602674389092,0.11203696912796754
164,w99758868,445.0926624152809,ab,49002.607042031916,54447.341157813236,61253.258802539895,r1,-65898.56926601437,-75027.70050445244,-9129.131238438073,0.09137525939709207
165,w99758869,105.27734354436397,other,8736.207849217513,9706.897610241682,10920.259811521892,nr1,-10978.880265368236,-12500.41127388936,-1521.531008521124,0.09137161354186375
166,w99758874,732.9468768487684,ab,73910.07250364788,82122.30278183098,92387.59062955985,r2,-91494.61881955453,-104169.64943278134,-12675.030613226816,0.08411312087732317
167,w99758876,118.68904608124866,sfh,12352.210694951837,13724.678549946484,15440.263368689795,r1,-16611.218488262995,-18912.421614503397,-2301.2031262404016,0.09137525939709207
168,w99758878,556.4759241774678,other,50045.05270888446,55605.61412098273,62556.31588610557,nr2,-57896.01797529567,-65919.65831839893,-8023.6403431032595,0.08411312087732317
169,w99758879,141.26093079326674,other,12063.985867794016,13404.42874199335,15079.982334742519,nr1,-15160.932369239386,-17262.04178662273,-2101.1094173833426,0.09137161354186375
170,w99758882,536.390386541374,other,53874.88809445505,59860.98677161672,67343.6101180688,nr2,-62326.67008421141,-70964.34158611597,-8637.671501904566,0.08411312087732317
171,w99758886,70.57262436598539,sfh,9862.178496867567,10957.97610763063,12327.723121084458,r1,-13262.630133783923,-15099.94302853624,-1837.3128947523164,0.09137525939709207
172,w99758887,84.85345135740936,sfh,11592.59887534742,12880.665417052687,14490.748594184273,r1,-15589.69463206187,-17749.38292041845,-2159.6882883565813,0.09137525939709207
173,w99758888,71.82869699064176,other,5611.650315189278,6235.167016876976,7014.562893986597,nr1,-7052.21738824555,-8029.563636286406,-977.3462480408562,0.09137161354186375
174,w99758891,1365.0763243824242,trade,109673.71393623555,121859.68215137284,137092.14242029443,nr2,-126879.10132508418,-144462.90607868618,-17583.804753602002,0.08411312087732317
175,w99758895,154.4283221337944,other,11343.022479982455,12603.358311091617,14178.778099978068,nr1,-14254.890428947603,-16230.434135269941,-1975.543706322338,0.09137161354186375
176,w99758899,158.4874060918577,th,20589.83452385864,22877.59391539849,25737.2931548233,r1,-27689.152035981362,-31525.01532759766,-3835.863291616297,0.09137525939709207
177,w99758900,82.77785695786588,sfh,10694.216001383687,11882.462223759652,13367.770001729608,r1,-14381.551849035664,-16373.87240628877,-1992.320557253106,0.09137525939709207
178,w99758903,400.34018093422054,trade,29613.781724427085,32904.20191603009,37017.22715553385,nr1,-37215.93732300634,-42373.58557851663,-5157.648255510285,0.09137161354186375
179,w99758905,110.54209396946244,sfh,14100.026680676654,15666.696311862948,17625.033350845817,r1,-18961.676550641998,-21588.495852785767,-2626.819302143769,0.09137525939709207
180,w99758908,248.9345047255978,ab,27512.151103074764,30569.05678119418,34390.18887884345,r1,-36998.26406313276,-42123.747241125195,-5125.483177992435,0.09137525939709207
181,w99758913,208.22132023065353,ab,22300.78576510543,24778.65085011714,27875.982206381785,r1,-29990.034492813997,-34144.64609940286,-4154.611606588864,0.09137525939709207
182,w99758915,71.10941483918579,ab,10013.713282288307,11126.348091431451,12517.141602860384,r1,-13466.413690538237,-15331.957347423433,-1865.5436568851965,0.09137525939709207
183,w99758919,819.0798590054737,ab,94696.69321739217,105218.54801932463,118370.8665217402,r2,-117226.75348437745,-133466.5357609075,-16239.782276530066,0.08411312087732317
184,w99758922,83.9358181065414,th,11677.410484752485,12974.900538613872,14596.763105940605,r1,-15703.749047822808,-17879.23764476579,-2175.4885969429833,0.09137525939709207
185,w99758926,36.12754547015065,sfh,4556.491211661925,5062.768012957695,5695.614014577406,r0,-7518.966920560895,-8560.592506060142,-1041.6255854992469,0.11212422659643176
186,w99758928,119.38002583179623,sfh,17308.899478423707,19232.110531581897,21636.124348029633,r1,-23276.959738468806,-26501.588477015808,-3224.6287385470023,0.09137525939709207
187,w99758931,65.79372537583113,th,8611.439252918039,9568.265836575598,10764.299066147547,r1,-11580.639487236625,-13184.941050708421,-1604.3015634717958,0.09137525939709207
188,w99758935,355.7203856162727,ab,44548.24205703894,49498.046730043265,55685.30257129867,r1,-59908.35165885954,-68207.639650447,-8299.287991587466,0.09137525939709207
189,w99758936,99.44306262517348,th,12820.809152675898,14245.343502973219,16026.011440844872,r1,-17241.38838713775,-19629.89088532836,-2388.50249819061,0.09137525939709207
190,w99758945,525.0721962768584,mfh,72696.76550898828,80774.18389887585,90870.95688623533,r2,-89992.64409233449,-102459.60153258756,-12466.95744025307,0.08411312087732317
191,w99758951,355.6037514369003,ab,38846.362119594094,43162.62457732677,48557.95264949262,r1,-52240.479423369885,-59477.513518749285,-7237.0340953794,0.09137525939709207
192,w99758953,525.4067761451006,other,30960.182478675506,34400.2027540839,38700.22809834438,nr1,-38907.97269180985,-44300.11519617992,-5392.142504370066,0.09137161354186375
193,w99758954,37.75478148937691,sfh,3643.787391156788,4048.6526568408754,4554.7342389459845,r0,-6012.8540991241925,-6845.8332487457965,-832.9791496216039,0.11212422659643176
194,w99758959,30.14875982720405,sfh,3902.3905445980445,4335.989493997827,4877.988180747555,r0,-6439.592232910328,-7331.688727129412,-892.096494219084,0.11212422659643176
195,w99758962,201.50926117040217,mfh,21723.95521923704,24137.72802137449,27154.944024046297,r1,-29214.314383697034,-33261.463100585854,-4047.1487168888198,0.09137525939709207
196,w99758966,155.61690238779408,th,21851.717362183943,24279.685957982158,27314.646702729926,r1,-29386.128557162112,-33457.07921930797,-4070.9506621458568,0.09137525939709207
197,w99758967,90.83302856497467,ab,10128.948163735615,11254.386848595128,12661.185204669518,r1,-13621.381237681248,-15508.39302492685,-1887.011787245603,0.09137525939709207
198,w99758970,391.2386861808598,th,48443.52710272418,53826.14122524909,60554.40887840523,r1,-65146.72012308798,-74171.69539010314,-9024.975267015157,0.09137525939709207
199,w99758974,163.93810575278476,sfh,20363.139486646123,22625.710540717915,25453.924358307653,r1,-27384.2931822637,-31177.92344035914,-3793.63025809544,0.09137525939709207
200,w99758975,139.83927450878545,sfh,19017.06701210734,21130.074457897044,23771.333765134175,r1,-25574.098673135166,-29116.957125029086,-3542.8584518939206,0.09137525939709207
201,w99758979,705.2831632008775,trade,40567.1544633245,45074.61607036056,50708.94307915562,nr1,-50981.15100357078,-58046.480092432,-7065.329088861217,0.09137161354186375
202,w99758981,319.7999828794971,other,27092.453379920906,30102.725977689894,33865.56672490113,nr1,-34047.35863511583,-38765.88280783851,-4718.524172722682,0.09137161354186375
203,w99758984,336.42351993245535,ab,41356.19257743753,45951.325086041696,51695.24072179691,r1,-55615.69242234932,-63320.305143009384,-7704.612720660065,0.09137525939709207
204,w99758985,1446.6540044941007,ab,159203.44292933436,176892.71436592707,199004.30366166795,r2,-197080.82852795505,-224383.0411290971,-27302.212601142062,0.08411312087732317
205,w99758989,963.3213891830295,education,66773.88157928629,74193.20175476254,83467.35197410785,nr2,-77249.23122137718,-87954.9769665514,-10705.745745174223,0.08411312087732317
206,w99758991,346.04414169639347,ab,38927.20383955835,43252.44871062039,48659.00479944794,r1,-52349.195142884135,-59601.28996085859,-7252.094817974452,0.09137525939709207
207,w99758995,38.315451947040856,sfh,4605.429916486004,5117.144351651115,5756.787395607505,r0,-7599.7239078158145,-8652.537006842025,-1052.8130990262107,0.11212422659643176
208,w99758997,604.6954287230968,other,49421.63020499519,54912.92244999466,61777.03775624399,nr1,-62108.65971882155,-70716.11779976677,-8607.458080945216,0.09137161354186375
209,w99759000,505.76658869385716,other,34496.09632156219,38328.995912846876,43120.120401952736,nr1,-43351.591179342526,-49359.561815124674,-6007.970635782149,0.09137161354186375
210,w99759001,277.86601877255595,other,21620.245901575137,24022.495446194596,27025.30737696892,nr1,-27170.380462327514,-30935.844278993074,-3765.4638166655604,0.09137161354186375
211,w99759005,200.24946516156197,th,21517.100210125434,23907.889122361594,26896.37526265679,r1,-28936.136344429226,-32944.74820298542,-4008.6118585561962,0.09137525939709207
212,w99759006,478.86383471041916,sfh,50992.01233528256,56657.79148364729,63740.0154191032,r2,-63123.93660861898,-71868.68946145708,-8744.7528528381,0.08411312087732317
213,w99759010,347.4218390390277,ab,42845.86231337848,47606.513681531644,53557.32789172309,r1,-57618.99612807232,-65601.13266516259,-7982.136537090264,0.09137525939709207
214,w99759011,1184.1155465334652,health,81096.3879180279,90107.09768669767,101370.48489753487,nr2,-93818.62299048327,-106820.67243509348,-13002.04944461021,0.08411312087732317
215,w99759013,1127.2734199425206,other,48346.56544700629,53718.406052229206,60433.20680875786,nr1,-60757.6150253812,-69177.83576105253,-8420.220735671326,0.09137161354186375
216,w99759015,262.8249901607633,mfh,34217.03964154063,38018.932935045144,42771.29955192578,r1,-46014.979467560304,-52389.575929551116,-6374.596461990812,0.09137525939709207
217,w99759016,162.4421672269469,other,8362.91554321064,9292.128381345156,10453.644429013299,nr1,-10509.760070156794,-11966.277078480714,-1456.517008323921,0.09137161354186375
218,w99759020,78.66829424034803,other,5363.4306045502435,5959.367338389159,6704.288255687804,nr1,-6740.277181505345,-7674.392545714007,-934.115364208662,0.09137161354186375
219,w99759023,45.55874986834824,th,6763.263251708072,7514.736946342302,8454.079064635089,r1,-9095.217555969717,-10355.20598417699,-1259.9884282072726,0.09137525939709207
220,w99759028,314.5253525768406,trade,33061.024403090545,36734.47155898949,41326.28050386318,nr1,-41548.12186668147,-47306.154948195355,-5758.033081513888,0.09137161354186375
221,w99759036,422.98085668310523,mfh,42631.70476229463,47368.56084699403,53289.63095286828,r1,-57330.99765072938,-65273.23687403245,-7942.23922330307,0.09137525939709207
222,w99759038,116.55152825303375,ab,12476.366237759883,13862.629153066537,15595.457797199853,r1,-16778.182515921315,-19102.515681820667,-2324.333165899352,0.09137525939709207
224,w99759044,415.2007402397692,trade,30727.523085082063,34141.69231675785,38409.403856352576,nr1,-38615.58729199313,-43967.20895621309,-5351.621664219965,0.09137161354186375
225,w99759045,941.2816024620085,trade,46874.11717738663,52082.35241931848,58592.646471733286,nr1,-58907.17447633327,-67070.94805102386,-8163.773574690596,0.09137161354186375
226,w99759047,442.628270605579,mfh,44840.233894655554,49822.482105172836,56050.29236831944,r1,-60301.02146762675,-68654.70721409014,-8353.685746463394,0.09137525939709207
227,w99759050,246.0824731603265,trade,22511.684368925235,25012.98263213915,28139.60546115654,nr1,-28290.660149566946,-32211.380262061506,-3920.7201124945605,0.09137161354186375
228,w99759051,91.54405212756247,th,11301.573718027325,12557.30413114147,14126.967147534155,r1,-15198.324812261037,-17303.795437206703,-2105.4706249456667,0.09137525939709207
229,w99759055,270.5142616614699,other,18027.259599334837,20030.288443705373,22534.074499168546,nr1,-22655.03844113949,-25794.73417096405,-3139.695729824558,0.09137161354186375
230,w99759057,194.30349186724052,th,26936.28423283178,29929.20470314642,33670.35529103972,r1,-36223.83990230883,-41242.03972229937,-5018.199819990543,0.09137525939709207
231,w99759061,534.3112589053809,trade,25116.553078843055,27907.281198714503,31395.691348553817,nr1,-31564.224854847336,-35938.61875620687,-4374.393901359537,0.09137161354186375
232,w99759062,137.67195288166403,th,17570.109600664895,19522.344000738773,21962.637000831117,r1,-23628.234382259292,-26901.526276313572,-3273.2918940542804,0.09137525939709207
233,w99759063,182.5971095246263,sfh,23409.161696221272,26010.17966246808,29261.45212027659,r1,-31480.575353359854,-35841.67616424765,-4361.100810887794,0.09137525939709207
234,w99759067,347.13443305995315,other,14604.042087206286,16226.713430229207,18255.052609007857,nr1,-18353.046565873232,-20896.541783586275,-2543.4952177130435,0.09137161354186375
235,w99759073,34.86947953915223,sfh,3369.323871661266,3743.69319073474,4211.654839576582,r0,-5559.9437283753705,-6330.179813012894,-770.2360846375232,0.11212422659643176
236,w99759074,1179.944325777702,mfh,115106.04981104136,127895.61090115707,143882.5622638017,r2,-142491.86605473966,-162231.70198915238,-19739.835934412724,0.08411312087732317
237,w99759077,212.39228247441352,sfh,25996.152531155218,28884.613923505796,32495.19066394402,r1,-34959.55341222539,-39802.60774090237,-4843.054328676983,0.09137525939709207
239,w99759083,341.51128259450195,trade,15755.53024255659,17506.144713951766,19694.412803195737,nr1,-19800.133311378384,-22544.176062363218,-2744.042750984834,0.09137161354186375
240,w99759085,319.12387123871594,other,16124.762320599133,17916.40257844348,20155.952900748915,nr1,-20264.150977272773,-23072.500583792502,-2808.3496065197287,0.09137161354186375
241,w99759087,592.8829183824361,other,51137.99563470979,56819.99514967755,63922.494543387234,nr2,-59160.419546568715,-67359.28961724111,-8198.870070672398,0.08411312087732317
242,w99759088,334.1662621571682,ab,38269.47653436571,42521.64059373968,47836.84566795714,r1,-51464.68529747511,-58594.24624938287,-7129.5609519077625,0.09137525939709207
243,w99759091,80.87078364617192,sfh,11524.131641001168,12804.590712223518,14405.164551251459,r1,-15497.620086290275,-17644.553004971454,-2146.932918681179,0.09137525939709207
244,w99759093,176.2003906674683,sfh,24764.95217261122,27516.61352512358,30956.190215764025,r1,-33303.83860427118,-37917.52167430638,-4613.6830700352,0.09137525939709207
245,w99759094,339.69808716569094,other,37582.71276836215,41758.56974262461,46978.390960452685,nr1,-47230.573110566664,-53776.1205435444,-6545.547432977735,0.09137161354186375
246,w99759096,246.47077107857913,mfh,23598.463882924807,26220.515425472007,29498.079853656007,r1,-31735.14840601378,-36131.516003924924,-4396.367597911143,0.09137525939709207
247,w99759099,50.23060751573648,th,7134.781015914094,7927.53446212677,8918.476269892617,r1,-9594.833608990844,-10924.035383825545,-1329.2017748347007,0.09137525939709207
248,w99759102,1460.464218017459,other,128159.99370613102,142399.99300681223,160199.99213266376,nr2,-148265.47076463932,-168813.15010977097,-20547.679345131648,0.08411312087732317
249,w99759105,189.26809048298745,mfh,22334.256335775855,24815.840373084284,27917.820419719817,r1,-30035.04562289135,-34195.892759602386,-4160.847136711036,0.09137525939709207
250,w99759110,35.61810292806477,th,4375.3120568172735,4861.457840908081,5469.140071021591,r0,-7219.991237586792,-8220.198803281171,-1000.2075656943798,0.11212422659643176
251,w99759111,238.72463138289748,th,34535.9950545772,38373.327838419114,43169.9938182215,r1,-46443.90981734215,-52877.92731834672,-6434.017501004571,0.09137525939709207
252,w99759113,635.4707306571305,th,86670.32318175596,96300.35909083995,108337.90397719495,r2,-107290.76449073944,-122154.08368898269,-14863.319198243247,0.08411312087732317
253,w99759120,160.90588292758912,th,23237.39167444857,25819.324082720632,29046.73959306071,r1,-31249.57950720203,-35578.67975391072,-4329.100246708691,0.09137525939709207
254,w99759121,33.129497365746644,ab,3818.7156608234063,4243.017400914896,4773.394576029257,r0,-6301.514783847543,-7174.482984879038,-872.9682010314946,0.11212422659643176
255,w99759126,310.54387535755524,ab,34300.81502744586,38112.016697162064,42876.01878430732,r1,-46127.64037284902,-52517.84409613971,-6390.203723290688,0.09137525939709207
256,w99759127,85.13879598667843,other,8496.79167350324,9440.879637225822,10620.989591879048,nr1,-10678.003549506353,-12157.83693114198,-1479.8333816356262,0.09137161354186375
257,w99759131,184.6887545518577,ab,20787.501022478882,23097.223358309868,25984.3762780986,r1,-27954.973391970107,-31827.6617326251,-3872.688340654993,0.09137525939709207
258,w99759132,153.35469039995223,ab,17695.00512599379,19661.116806659767,22118.756407492237,r1,-23796.1935363476,-27092.75332798217,-3296.5597916345687,0.09137525939709207
259,w99759137,162.2998407471925,mfh,21055.671207008436,23395.19023000937,26319.589008760544,r1,-28315.607908112124,-32238.256056144437,-3922.6481480323127,0.09137525939709207
260,w99759138,557.9003615580499,mfh,56330.74901759959,62589.721130666214,70413.43627199948,r2,-69732.85554456591,-79393.16223996026,-9660.306695394349,0.08411312087732317
261,w99759140,160.4533356629312,ab,17634.05521702537,19593.394685583742,22042.56902128171,r1,-23714.22826877586,-26999.433160099386,-3285.2048913235267,0.09137525939709207
262,w99759142,128.98004897348582,sfh,17650.096411774208,19611.218235304674,22062.620514717757,r1,-23735.800422730023,-27023.993770809695,-3288.1933480796724,0.09137525939709207
263,w99759148,518.2482564277947,ab,59352.94618142581,65947.71797936202,74191.18272678225,r2,-73474.0882092771,-83652.67935864507,-10178.59114936796,0.08411312087732317
264,w99759152,155.39786574579776,ab,16837.00273483737,18707.780816485967,21046.253418546712,r1,-22642.354313966447,-25779.06921357227,-3136.714899605824,0.09137525939709207
265,w99759159,71.9146042395383,sfh,9767.034283888204,10852.260315431338,12208.792854860254,r1,-13134.680461557242,-14954.268095159237,-1819.5876336019955,0.09137525939709207
266,w99759161,242.4930030848831,mfh,32388.127737790874,35986.808597545416,40485.15967223859,r1,-43555.463840824086,-49589.33604750024,-6033.872206676155,0.09137525939709207
267,w99759162,714.1891373082996,mfh,77904.36715681193,86560.40795201325,97380.45894601491,r2,-96439.22859146612,-109799.25118605787,-13360.022594591748,0.08411312087732317
268,w99759164,595.7694656141102,mfh,71961.73720566227,79957.48578406918,89952.17150707783,r2,-89082.73922881164,-101423.64475312611,-12340.905524314468,0.08411312087732317
269,w99759165,160.50856082765387,mfh,22755.65774251579,25284.064158350877,28444.572178144736,r1,-30601.745059250472,-34841.098809760486,-4239.353750510014,0.09137525939709207
270,w99759170,93.69908212199807,sfh,11619.451405943726,12910.501562159696,14524.314257429656,r1,-15625.805840307397,-17790.496725274552,-2164.6908849671545,0.09137525939709207
271,w99759172,204.59550149962305,other,17169.669362300792,19077.410402556434,21462.08670287599,nr1,-21577.296165354594,-24567.630735191506,-2990.334569836912,0.09137161354186375
272,w99759176,41.50382452430203,sfh,4163.668093659857,4626.297881844285,5204.585117074821,r0,-6870.74356344575,-7822.56877596517,-951.8252125194203,0.11212422659643176
273,w99759177,360.73507672324774,ab,44758.280247853094,49731.42249761455,55947.850309816364,r1,-60190.810432002,-68529.22830513601,-8338.417873134014,0.09137525939709207
274,w99759180,347.1465133147314,education,19069.298725020304,21188.109694467003,23836.62340627538,nr1,-23964.579490320735,-27285.760696359634,-3321.1812060388984,0.09137161354186375
275,w99759183,128.67689446713774,sfh,18376.72489710795,20418.583219008833,22970.906121384935,r1,-24712.96838300512,-28136.531810446275,-3423.563427441153,0.09137525939709207
276,w99759189,171.2441471248865,ab,18363.415474169808,20403.794971299787,22954.269342712258,r1,-24695.069908162193,-28116.15380489989,-3421.083896737695,0.09137525939709207
277,w99759190,369.99921465907244,other,20710.457907946584,23011.619897718425,25888.072384933228,nr1,-26027.0407408702,-29634.05243879296,-3607.0116979227605,0.09137161354186375
278,w99759195,184.4751641433686,sfh,22818.050116989565,25353.389018877293,28522.562646236955,r1,-30685.650150410307,-34936.62753095208,-4250.977380541772,0.09137525939709207
279,w155463247,886.8482149265707,mfh,90574.02742084471,100637.808245383,113217.53427605589,r2,-112123.2307465678,-127656.00634039217,-15532.775593824364,0.08411312087732317
280,w155463249,403.549402025342,trade,23648.752708879776,26276.391898755304,29560.940886099717,nr1,-29719.625368042147,-33838.38160420832,-4118.756236166173,0.09137161354186375
281,w155463253,721.7602650925515,mfh,85711.09171490726,95234.54634989696,107138.86464363408,r2,-106103.31446605289,-120802.13256457284,-14698.818098519943,0.08411312087732317
282,w155463254,852.2730644002556,mfh,87014.59305688317,96682.88117431464,108768.24132110395,r2,-107716.94241113409,-122639.3013458927,-14922.35893475861,0.08411312087732317
283,w155463255,713.9319995328784,mfh,71073.4939418158,78970.54882423978,88841.86742726975,r2,-87983.16678771225,-100171.74516391453,-12188.578376202277,0.08411312087732317
284,w155463260,725.1058137452229,mfh,66389.32398774149,73765.91554193498,82986.65498467686,r2,-82184.54787263965,-93569.82575738973,-11385.277884750074,0.08411312087732317
285,w155463261,1003.1358517257496,mfh,96812.24176736335,107569.15751929261,121015.30220920418,r2,-119845.62939150528,-136448.21259254165,-16602.583201036367,0.08411312087732317
286,w155463268,907.8277638942003,mfh,88048.47049851796,97831.63388724218,110060.58812314743,r2,-108996.79804141834,-124096.45930831035,-15099.661266892013,0.08411312087732317
287,w155463269,646.430608794326,mfh,65800.13973759115,73111.26637510127,82250.17467198893,r2,-81455.1860068489,-92739.42315175773,-11284.237144908824,0.08411312087732317
288,w155463275,531.2511221051216,mfh,56742.54191479465,63047.26879421628,70928.17739349332,r2,-70242.62143824167,-79973.54756886927,-9730.926130627602,0.08411312087732317
289,w155463277,722.3371928531676,mfh,75825.75026506544,84250.83362785049,94782.18783133179,r2,-93866.0710536644,-106869.62622989778,-13003.555176233378,0.08411312087732317
290,w155463281,852.691491766274,mfh,81167.2147222987,90185.79413588744,101459.01840287336,r2,-100478.36675163756,-114397.94356364397,-13919.576812006417,0.08411312087732317
291,w155463286,75.58565192222595,sfh,11379.481362010443,12643.868180011603,14224.351702513053,r1,-15303.094794579933,-17423.079527025828,-2119.984732445895,0.09137525939709207
292,w155463289,870.3151384696364,mfh,92029.85106537899,102255.39007264332,115037.31383172373,r2,-113925.42123174945,-129707.85980974989,-15782.438578000438,0.08411312087732317
293,w155463294,520.8021583877504,mfh,73954.39748668816,82171.55276298684,92442.9968583602,r2,-91549.48951971863,-104232.12153959996,-12682.632019881334,0.08411312087732317
294,w155463296,531.2875348292291,mfh,59600.264491446156,66222.51610160685,74500.33061430769,r2,-73780.24802939218,-84001.25243915255,-10221.004409760368,0.08411312087732317
295,w155463300,903.6974393147975,mfh,82377.16016846654,91530.17796496282,102971.45021058316,r2,-101976.18015703124,-116103.25366131535,-14127.073504284112,0.08411312087732317
296,w155463302,619.062746527791,mfh,73694.19011571503,81882.43346190559,92117.73764464378,r2,-91227.37409735791,-103865.3824782527,-12638.008380894782,0.08411312087732317
297,w155463304,1087.9011799693108,mfh,132782.97083749846,147536.6342638872,165978.71354687307,r2,-164374.44709454628,-187145.7442028995,-22771.297108353232,0.08411312087732317
298,w155463308,740.3594694465398,mfh,74398.41232336155,82664.90258151284,92998.01540420194,r2,-92099.14353649224,-104857.92081583446,-12758.77727934222,0.08411312087732317
299,w155463310,722.3160033598542,mfh,78437.63363840502,87152.92626489447,98047.04204800627,r2,-97099.36883771193,-110550.84268854307,-13451.473850831142,0.08411312087732317
300,w155463313,774.0583199881017,mfh,75098.58684319264,83442.87427021404,93873.2335539908,r2,-92965.90226949102,-105844.75429876697,-12878.85202927595,0.08411312087732317
301,w155463314,1101.9502923069522,mfh,104359.84119134728,115955.37910149698,130449.8014891841,r2,-129188.93956436454,-147085.88022595743,-17896.94066159289,0.08411312087732317
302,w155463317,740.3064833164215,mfh,74649.75970721088,82944.17745245653,93312.1996340136,r2,-92410.29102015153,-105212.17251623888,-12801.881496087342,0.08411312087732317
303,w155463319,828.4481069911271,mfh,78474.43739685023,87193.8193298336,98093.04674606278,r2,-97144.92887758209,-110602.71430069522,-13457.785423113135,0.08411312087732317
304,w155463321,781.2118542082608,mfh,75955.85291213829,84395.3921245981,94944.81614017286,r2,-94027.12747937362,-107052.99429701998,-13025.866817646354,0.08411312087732317
305,w155463324,722.1055689860135,mfh,76230.77521241456,84700.86134712728,95288.4690155182,r2,-94367.45877951583,-107440.47273765634,-13073.01395814051,0.08411312087732317
306,w155463327,780.4636536210775,mfh,78934.78481367027,87705.31645963363,98668.48101708783,r2,-97714.80129144607,-111251.53289067917,-13536.731599233099,0.08411312087732317
307,w155463330,867.026127423346,mfh,92798.36038612344,103109.28931791494,115997.9504826543,r2,-114876.77285378063,-130791.00509449876,-15914.232240718135,0.08411312087732317
308,w155463331,701.7002469789237,mfh,75620.8436945795,84023.15966064388,94526.05461822437,r2,-93612.41349488839,-106580.8287102777,-12968.415215389308,0.08411312087732317
309,w155463336,356.26551316827533,mfh,37646.38639526564,41829.31821696182,47057.98299408205,r1,-50626.75541641314,-57640.23536780714,-7013.479951393994,0.09137525939709207
310,w155463337,437.0872274041176,trade,16347.364508861188,18163.7383431791,20434.205636076484,nr1,-20543.89738600285,-23391.01623174526,-2847.1188457424105,0.09137161354186375
311,w155463339,868.4495440013707,mfh,96284.55889755068,106982.84321950076,120355.69862193835,r2,-119192.4011995192,-135704.4906924264,-16512.089492907195,0.08411312087732317
312,w155463342,722.9579402044416,mfh,72192.16091602764,80213.5121289196,90240.20114503455,r2,-89367.98491769696,-101748.40640355715,-12380.421485860192,0.08411312087732317
313,w155463343,844.8904670208692,mfh,87271.28425516972,96968.09361685524,109089.10531896215,r2,-108034.70509957419,-123001.08467571788,-14966.379576143692,0.08411312087732317
314,w155463347,1083.6851687338203,mfh,101563.78341079073,112848.64823421191,126954.7292634884,r2,-125727.64894234754,-143145.08638111304,-17417.437438765497,0.08411312087732317
315,w155463348,740.608741542697,mfh,73742.38733091138,81935.98592323487,92177.98416363922,r2,-91287.03830391563,-103933.31215063116,-12646.273846715529,0.08411312087732317
316,w155463352,356.4181080274284,mfh,38492.77211566138,42769.74679517931,48115.965144576716,r1,-51764.972572357976,-58936.13324292687,-7171.160670568897,0.09137525939709207
317,w155463353,722.1394314199686,mfh,96023.96050529758,106693.28945033065,120029.95063162198,r2,-118869.80172482635,-135337.20052149045,-16467.3987966641,0.08411312087732317
318,w155463354,696.3946817303076,mfh,75225.69127239037,83584.10141376707,94032.11409048796,r2,-93123.24714693177,-106023.89664543734,-12900.649498505576,0.08411312087732317
319,w155463358,865.4375973489136,mfh,87470.73329689098,97189.70366321219,109338.41662111372,r2,-108281.60668454168,-123282.19029572362,-15000.583611181937,0.08411312087732317
320,w155463359,1101.9756921548396,mfh,103923.56216152417,115470.62462391573,129904.4527019052,r2,-128648.86184314918,-146470.98387892288,-17822.122035773704,0.08411312087732317
321,w155463364,740.593882034719,mfh,74624.72489312779,82916.3609923642,93280.90611640972,r2,-92379.2999698906,-105176.8881805819,-12797.58821069129,0.08411312087732317
322,w155463365,603.6562003400177,mfh,57345.292217422895,63716.9913526921,71681.61527177862,r2,-70988.7769663616,-80823.0703144624,-9834.293348100793,0.08411312087732317
323,w155463369,722.4004129424691,mfh,76517.50006263371,85019.44451403746,95646.87507829214,r2,-94722.40067022499,-107844.58581885406,-13122.185148629069,0.08411312087732317
324,w155463370,696.1379145577084,mfh,67777.64861111336,75308.49845679261,84722.06076389168,r2,-83903.18009569614,-95526.54538188213,-11623.365286185988,0.08411312087732317
325,w155463373,865.3327697202564,mfh,87284.13642326384,96982.3738036265,109105.1705290798,r2,-108050.61503148123,-123019.19865936672,-14968.583627885499,0.08411312087732317
326,w155463376,746.0008564919234,mfh,78349.89022816702,87055.43358685223,97937.36278520877,r2,-96990.74967929805,-110427.17618443999,-13436.426505141935,0.08411312087732317
327,w155463378,701.7079005709849,mfh,75289.53058162499,83655.03397958331,94111.91322703123,r2,-93202.27498530707,-106113.87245303344,-12911.597467726373,0.08411312087732317
328,w155463380,903.4881653226912,mfh,80794.44802773364,89771.60891970404,100993.06003466704,r2,-100016.91210178356,-113872.56218357373,-13855.650081790169,0.08411312087732317
329,w155463382,654.6620004437864,mfh,67195.36451178146,74661.51612420162,83994.20563972682,r2,-83182.36005171052,-94705.86792287014,-11523.507871159614,0.08411312087732317
330,w155463388,654.8312545590103,mfh,81045.45395849762,90050.50439833068,101306.81744812202,r2,-100327.63689447757,-114226.33263633498,-13898.695741857402,0.08411312087732317
331,w155463390,658.415929133445,mfh,67307.170216775,74785.74468530556,84133.96277096875,r2,-83320.76636107695,-94863.44808345227,-11542.681722375317,0.08411312087732317
332,w155463392,746.3197361536323,mfh,74500.89326832342,82778.77029813713,93126.11658540426,r2,-92226.00655634777,-105002.35855954916,-12776.352003201391,0.08411312087732317
333,w155463395,740.6091377854347,mfh,81203.21252281987,90225.79169202207,101504.01565352484,r2,-100522.92908158067,-114448.67925004796,-13925.75016846729,0.08411312087732317
334,w155463397,721.9107812985777,mfh,69115.7372055503,76795.26356172255,86394.67150693786,r2,-85559.6242277021,-97412.4618080312,-11852.837580329113,0.08411312087732317
335,w155463400,957.7393607803388,mfh,132263.3739372203,146959.30437468924,165329.2174215254,r2,-163731.22867085412,-186413.4187550296,-22682.19008417547,0.08411312087732317
336,w155463402,519.368776667118,mfh,57328.60677905928,63698.45197673253,71660.7584738241,r2,-70968.12175968676,-80799.55367855483,-9831.431918868067,0.08411312087732317
337,w155463405,658.592996231094,mfh,66453.3492473543,73837.05471928256,83066.68655919287,r2,-82263.8059023596,-93660.06364544455,-11396.257743084949,0.08411312087732317
338,w155463406,932.8967588515952,mfh,87329.94975847227,97033.27750941363,109162.43719809034,r2,-108107.32818977967,-123083.76846570497,-14976.440275925299,0.08411312087732317
339,w155463408,740.3845857441426,mfh,81123.65596148898,90137.39551276554,101404.56995186122,r2,-100424.4445718651,-114336.55137866068,-13912.106806795578,0.08411312087732317
340,w155463411,886.3585438661277,mfh,86630.34371086476,96255.9374565164,108287.92963858094,r2,-107241.27317885341,-122097.73619362558,-14856.463014772162,0.08411312087732317
341,w155463413,436.59599217027426,trade,16616.663351011164,18462.959278901293,20770.829188763953,nr1,-20882.327949308605,-23776.348900170542,-2894.0209508619373,0.09137161354186375
342,w155463416,722.4005093876273,mfh,71360.79474582999,79289.7719398111,89200.99343228748,r2,-88338.82166206691,-100576.67000057243,-12237.848338505515,0.08411312087732317
343,w155463417,828.3400002270937,mfh,74807.01169807202,83118.90188674668,93508.76462259002,r2,-92604.9561107824,-105433.80515987892,-12828.84904909652,0.08411312087732317
344,w155463421,509.4774500131606,mfh,62634.51134401355,69593.90149334838,78293.13918001692,r2,-77536.39722226954,-88277.75251847345,-10741.35529620391,0.08411312087732317
345,w155463422,674.0859733853489,mfh,66828.4486191273,74253.83179903033,83535.56077390912,r2,-82728.1482156232,-94188.73272580733,-11460.58451018414,0.08411312087732317
346,w155463424,701.7858467099256,mfh,75354.80212003247,83727.55791114719,94193.50265004058,r2,-93283.07580614332,-106205.86685979729,-12922.791053653971,0.08411312087732317
347,w155463427,540.3469697440042,mfh,55711.525451732596,61901.69494636955,69639.40681466574,r2,-68966.30746520514,-78520.42190035772,-9554.114435152573,0.08411312087732317
348,w155463430,521.3457492198795,mfh,65819.9805171453,73133.31168571701,82274.97564643163,r2,-81479.7472675932,-92767.38695940423,-11287.63969181104,0.08411312087732317
349,w155463434,634.5610695700626,mfh,64418.57211226843,71576.19123585381,80523.21514033554,r2,-79744.91839418892,-90792.22691283586,-11047.30851864694,0.08411312087732317
350,w155463435,740.6094772338867,mfh,73569.89609015193,81744.3289890577,91962.37011268991,r2,-91073.50826953203,-103690.20114462786,-12616.692875095832,0.08411312087732317
351,w155463436,830.3215000247583,mfh,74986.73881598086,83318.59868442318,93733.42351997607,r2,-92827.44356868329,-105687.11448879624,-12859.670920112956,0.08411312087732317
352,w155463437,634.6341266736388,mfh,64166.464939277284,71296.07215475253,80208.0811740966,r2,-79432.83035377518,-90436.90435746044,-11004.074003685266,0.08411312087732317
353,w155463439,740.3900625675916,mfh,77902.86750022264,86558.74166691404,97378.5843752783,r2,-96437.37213938386,-109797.13755396573,-13359.765414581867,0.08411312087732317
354,w155463441,304.4361848443746,mfh,36817.49098632539,40908.32331813932,46021.863732906735,r1,-49512.0591825275,-56371.116840334886,-6859.057657807389,0.09137525939709207
355,w155463442,681.7836883433163,mfh,68711.68346108304,76346.31495675893,85889.6043263538,r2,-85059.43877150705,-96842.98412403787,-11783.545352530826,0.08411312087732317
356,w155463445,701.5969566701912,mfh,73907.62346345419,82119.58162606022,92384.52932931774,r2,-91491.5871082951,-104166.19772924784,-12674.610620952735,0.08411312087732317
357,w155463446,527.3302180506289,mfh,52013.41474555332,57792.683050614796,65016.768431941644,r2,-64388.34917139228,-73308.26498078092,-8919.915809388644,0.08411312087732317
358,w155463447,540.1562461696565,mfh,59085.19228162839,65650.21364625376,73856.49035203549,r2,-73142.63080205828,-83275.30413857906,-10132.673336520777,0.08411312087732317
359,w155463448,488.2503870327026,mfh,51268.34796637681,56964.83107375201,64085.43495797101,r2,-63466.01749660595,-72258.15986571697,-8792.142369111018,0.08411312087732317
360,w155463452,416.2699146196246,mfh,40700.76121869014,45223.06802076682,50875.95152336267,r1,-54734.27015931576,-62316.776746180505,-7582.506586864743,0.09137525939709207
361,w155463453,826.68092449978,mfh,83117.14823153104,92352.38692392338,103896.4352894138,r2,-102892.22479706007,-117146.20077938329,-14253.975982323216,0.08411312087732317
362,w155463454,830.106713430956,mfh,73765.5043705863,81961.67152287367,92206.88046323288,r2,-91315.65530646544,-103965.8935544546,-12650.238247989153,0.08411312087732317
363,w155463458,653.3753796381876,mfh,58960.56636749198,65511.74040832442,73700.70795936497,r2,-72988.35412335001,-83099.65503763699,-10111.30091428697,0.08411312087732317
364,w155463459,716.456727950275,mfh,75283.97896378927,83648.8655153214,94104.97370473658,r2,-93195.40253693156,-106106.04794327257,-12910.645406341006,0.08411312087732317
365,w155463463,389.00259175430983,mfh,37000.96483362116,41112.18314846796,46251.206042026446,r1,-49758.79430060299,-56652.032932278715,-6893.238631675726,0.09137525939709207
366,w155463464,681.5525098629297,mfh,69179.35495120153,76865.94994577947,86474.19368900191,r2,-85638.37778850032,-97502.12534153493,-11863.747553034613,0.08411312087732317
367,w155463468,854.9059582386632,mfh,81699.0096870192,90776.67743002134,102123.762108774,r2,-101136.68538046669,-115147.46109445575,-14010.77571398906,0.08411312087732317
368,w155463469,716.6904537379742,mfh,100679.18201464991,111865.75779405545,125848.97751831239,r2,-124632.58483531186,-141898.31967933243,-17265.734844020568,0.08411312087732317
369,w155463470,608.2978411447257,mfh,64367.74654988399,71519.71838875998,80459.68318735498,r2,-79682.00050899237,-90720.59281972153,-11038.59231072916,0.08411312087732317
370,w155463473,376.1376306014136,mfh,43550.29606288637,48389.217847651526,54437.870078607964,r1,-58566.31666951711,-66679.68843134811,-8113.371761831004,0.09137525939709207
371,w155463474,720.4433401308954,mfh,67276.75041664802,74751.94490738669,84095.93802081002,r2,-83283.10913895683,-94820.57409067021,-11537.46495171338,0.08411312087732317
372,w155463478,851.8925360153429,mfh,87684.85616685112,97427.61796316791,109606.0702085639,r2,-108546.673267538,-123583.97736673735,-15037.304099199348,0.08411312087732317
373,w155463479,376.5337288361043,mfh,37121.41584101446,41246.017601127176,46401.76980126807,r1,-49920.77647936871,-56836.45499987222,-6915.678520503512,0.09137525939709207
374,w155463480,664.0854127705097,mfh,73172.86575571459,81303.18417301621,91466.08219464324,r2,-90582.01721995483,-103130.62233011004,-12548.605110155215,0.08411312087732317
375,w155463484,531.1159037780716,mfh,68085.21955592721,75650.24395103024,85106.52444490901,r2,-84283.92774486566,-95960.0391725341,-11676.111427668438,0.08411312087732317
376,w155463485,716.6882258921862,mfh,74226.11389675422,82473.45988528247,92782.64237094278,r2,-91885.85219024349,-104615.08156416657,-12729.22937392308,0.08411312087732317
377,w155463490,790.5601109853014,mfh,73479.01625668757,81643.35139631951,91848.77032085945,r2,-90961.00647593959,-103562.11413196764,-12601.107656028049,0.08411312087732317
378,w155463491,681.5525530032813,mfh,68426.0537270324,76028.94858559156,85532.5671587905,r2,-84705.8525449585,-96440.41451132149,-11734.561966362991,0.08411312087732317
379,w155463494,531.001435648324,mfh,56124.10929184654,62360.12143538504,70155.13661480817,r2,-69477.05248146082,-79101.92199270547,-9624.869511244644,0.08411312087732317
380,w155463495,716.4590312853455,mfh,79038.97749810597,87821.08610900663,98798.72187263246,r2,-97843.78330463187,-111398.3831783797,-13554.599873747837,0.08411312087732317
381,w155463496,611.941689690575,mfh,60485.334200613484,67205.92688957053,75606.66775076685,r2,-74875.89186961438,-85248.6791863389,-10372.787316724512,0.08411312087732317
382,w155463500,1108.025532820262,mfh,100906.99247980208,112118.88053311342,126133.7405997526,r2,-124914.5955405669,-142219.39819391313,-17304.80265334624,0.08411312087732317
383,w155463502,540.1563036605716,mfh,59609.47184418452,66232.74649353835,74511.83980523064,r2,-73791.64597828596,-84014.22938092067,-10222.583402634715,0.08411312087732317
384,w155463507,1267.198863344267,mfh,124829.28501538603,138699.20557265115,156036.60626923252,r2,-154528.43520667058,-175935.73404160462,-21407.298834934045,0.08411312087732317
385,w155463508,530.6506136165466,mfh,59404.70237854505,66005.22486505006,74255.87797318131,r2,-73538.15814408526,-83725.6250983427,-10187.466954257441,0.08411312087732317
386,w155463511,1747.3368958860635,mfh,164794.07162005454,183104.52402228283,205992.58952506818,r2,-204001.5691481711,-232262.53320769616,-28260.964059525053,0.08411312087732317
387,w155463513,612.2091895099729,mfh,81863.33408033723,90959.26008926358,102329.16760042153,r2,-101340.10552632899,-115379.0616580237,-14038.956131694707,0.08411312087732317
388,w155463514,830.106801855378,mfh,74653.97590525495,82948.86211694994,93317.46988156869,r2,-92415.5103281544,-105218.11487101288,-12802.604542858477,0.08411312087732317
389,w155463518,691.345141955465,mfh,72173.4858662746,80192.76207363844,90216.85733284324,r2,-89344.86673500939,-101722.08558800363,-12377.218852994236,0.08411312087732317
390,w155463519,507.32179623667616,mfh,55562.18913504426,61735.76570560473,69452.73641880532,r2,-68781.4413311523,-78309.94569285245,-9528.50436170015,0.08411312087732317
391,w155463522,1139.1653657640795,mfh,129564.6746402093,143960.74960023255,161955.84330026162,r2,-160390.45988082976,-182609.84300180248,-22219.38312097272,0.08411312087732317
392,w155463523,446.09937440417707,mfh,52022.345619720814,57802.60624413424,65027.93202465102,r2,-64399.40486245034,-73320.85225068398,-8921.447388233639,0.08411312087732317
393,w155463528,681.6119319483638,mfh,68495.57242516302,76106.19158351446,85619.46553145377,r2,-84791.91100182144,-96538.39491058212,-11746.483908760682,0.08411312087732317
394,w155463529,691.3949336603283,mfh,83645.16797269836,92939.0755252204,104556.45996587294,r2,-103545.8700082039,-117890.3974696013,-14344.527461397403,0.08411312087732317
395,w155463531,507.3216828555101,mfh,54061.208972385146,60068.00996931683,67576.51121548143,r2,-66923.35077344881,-76194.44814220343,-9271.097368754621,0.08411312087732317
396,w155463534,640.8467616457492,mfh,62761.80582241785,69735.3398026865,78452.25727802231,r2,-77693.97736506892,-88457.1627225353,-10763.185357466384,0.08411312087732317
397,w155463535,684.7868416263722,mfh,63983.21967634138,71092.46630704598,79979.02459542672,r2,-79205.98772035763,-90178.63651718321,-10972.648796825582,0.08411312087732317
398,w155463536,691.6131192699074,mfh,70337.30683773482,78152.56315303869,87921.63354716853,r2,-87071.8274237245,-99134.15515823207,-12062.327734507562,0.08411312087732317
399,w155463537,507.3215693686623,mfh,56345.158000452444,62605.73111161382,70431.44750056555,r2,-69750.69268568946,-79413.47041503871,-9662.777729349255,0.08411312087732317
400,w155463538,643.413233704865,mfh,67471.69315381986,74968.54794868872,84339.61644227481,r2,-83524.43228781852,-95095.32847667969,-11570.896188861167,0.08411312087732317
401,w155463539,710.019569536671,mfh,70101.74839593095,77890.83155103438,87627.18549491368,r2,-86780.22535769337,-98802.15656220267,-12021.931204509296,0.08411312087732317
402,w155463540,840.6794232809916,mfh,76273.68228195352,84748.53586883724,95342.1028524419,r2,-94420.57421884839,-107500.94642196831,-13080.372203119929,0.08411312087732317
403,w155463541,696.2558067506179,mfh,69091.86352939304,76768.73725488115,86364.8294117413,r2,-85530.07057113218,-97378.8139926289,-11848.743421496722,0.08411312087732317
404,w155463542,640.557884996757,mfh,65685.4859572708,72983.87328585643,82106.85744658849,r2,-81313.2540133968,-92577.8288832428,-11264.574869845994,0.08411312087732317
405,w155463543,587.0278481058776,mfh,64620.647257978446,71800.7191755316,80775.80907247306,r2,-79995.07088089811,-91077.03379198823,-11081.962911090115,0.08411312087732317
406,w155463544,825.5248426020145,mfh,98226.61890138821,109140.68766820912,122783.27362673526,r2,-121596.51248985849,-138441.6509051592,-16845.138415300695,0.08411312087732317
407,w155463545,709.4769112125038,mfh,68799.48875180824,76443.87639089805,85999.3609397603,r2,-85168.13453289798,-96966.73784316372,-11798.603310265738,0.08411312087732317
408,w155463546,647.0489746004342,mfh,65167.88665066121,72408.76294517911,81459.8583133265,r2,-80672.50844712538,-91848.31886532865,-11175.81041820327,0.08411312087732317
409,w155463547,586.4484846569597,mfh,65038.9578364076,72265.50870711956,81298.6972955095,r2,-80512.90513034597,-91666.60521078015,-11153.70008043418,0.08411312087732317
410,w155463548,500.40091222245246,mfh,58521.66054916764,65024.06727685293,73152.07568645955,r2,-72445.02465302258,-82481.05646669664,-10036.031813674053,0.08411312087732317
411,w155463549,672.5395986035466,mfh,71071.92574614852,78968.80638460947,88839.90718268565,r2,-87981.22548986269,-100169.53493211027,-12188.309442247584,0.08411312087732317
412,w155463551,586.1050742082298,mfh,58460.95059670617,64956.61177411796,73076.1882458827,r2,-72369.87070213527,-82395.49120812271,-10025.620505987434,0.08411312087732317
413,w155463552,667.035758360289,mfh,68669.64406031062,76299.60451145624,85837.05507538827,r2,-85007.39743507236,-96783.73334139779,-11776.335906325432,0.08411312087732317
414,w155463553,817.6307530952618,mfh,76749.54752122253,85277.27502358059,95936.93440152815,r2,-95009.65642647636,-108171.63599745822,-13161.979570981857,0.08411312087732317
415,w155463556,732.9133296664804,mfh,64357.9958795773,71508.88431064144,80447.49484947162,r2,-79669.92997742981,-90706.85012034139,-11036.920142911578,0.08411312087732317
416,w155463558,710.1379440590739,mfh,77163.4124884325,85737.12498714722,96454.26561054062,r2,-95521.9873731924,-108754.94172408491,-13232.954350892513,0.08411312087732317
417,w155463561,654.0662793286144,mfh,66767.48224207119,74186.09138007909,83459.35280258898,r2,-82652.67683208095,-94102.8060596576,-11450.129227576646,0.08411312087732317
418,w155463562,586.3292756803334,mfh,59654.3554106497,66282.61712294411,74567.94426331212,r2,-73847.20815899945,-84077.4887612134,-10230.280602213956,0.08411312087732317
419,w155463566,653.8032613813876,mfh,66481.29901255308,73868.11001394787,83101.62376569134,r2,-82298.40542345778,-93699.45634448896,-11401.050921031187,0.08411312087732317
420,w155463567,133.41999841853976,sfh,16572.97361038044,18414.415122644932,20716.217012975547,r1,-22287.28868385933,-25374.81525097767,-3087.5265671183406,0.09137525939709207
421,w155463569,886.7166110530495,mfh,90690.7250070177,100767.47223001966,113363.40625877211,r2,-112267.69280434122,-127820.48117081115,-15552.788366469933,0.08411312087732317
422,w155463572,311.3570919752121,mfh,35890.06917924034,39877.854643600374,44862.58647405042,r1,-48264.86492323872,-54951.14492897125,-6686.280005732529,0.09137525939709207
423,w155463574,863.4385226266459,mfh,80266.77887142508,89185.30985713897,100333.47358928135,r2,-99363.70088599285,-113128.85961141833,-13765.158725425485,0.08411312087732317
424,w155463577,931.9227139726281,mfh,104741.59050899002,116379.54500998891,130926.98813623752,r2,-129661.5139661908,-147623.92181140016,-17962.407845209353,0.08411312087732317
425,w155463578,931.2066993936896,mfh,95901.79540846782,106557.55045385312,119877.24426058478,r2,-118718.57133647914,-135165.01972287128,-16446.448386392134,0.08411312087732317
426,w155463581,136.57608463019133,sfh,20238.058157433414,22486.731286037128,25297.572696791765,r1,-27216.08415963071,-30986.41190508877,-3770.3277454580602,0.09137525939709207
427,w155463583,949.1963916398585,mfh,98696.62464541465,109662.91627268294,123370.7808067683,r2,-122178.34112208689,-139104.0820451667,-16925.740923079808,0.08411312087732317
428,w155463586,949.1754787907004,mfh,101711.11223859426,113012.34693177139,127138.89029824281,r2,-125910.02996951203,-143352.7332122385,-17442.703242726464,0.08411312087732317
429,w155463589,722.9646147996187,mfh,79863.38270239974,88737.09189155528,99829.22837799968,r2,-98864.3294543599,-112560.30872131034,-13695.979266950439,0.08411312087732317
430,w155463591,591.1442194825038,mfh,72104.48386231158,80116.0931803462,90130.60482788947,r2,-89259.44790322475,-101624.8334230483,-12365.385519823554,0.08411312087732317
431,w155463593,535.6290349200369,mfh,57403.922688774626,63782.13632086069,71754.90336096828,r2,-71061.35668987999,-80905.70473004207,-9844.348040162076,0.08411312087732317
432,w155463596,724.8313003255054,mfh,67296.75836170698,74774.1759574522,84120.94795213372,r2,-83307.87733691039,-94848.77350317327,-11540.896166262886,0.08411312087732317
433,w155463597,752.1160736689344,mfh,96345.81377389302,107050.90419321446,120432.26721736627,r2,-119268.22972155864,-135790.82397256643,-16522.594251007788,0.08411312087732317
434,w155463600,535.4490051213652,mfh,64489.169061256325,71654.6322902848,80611.4613265704,r2,-79832.31163733792,-90891.72701042713,-11059.415373089214,0.08411312087732317
435,w155463601,907.8308945208788,mfh,90872.07987539202,100968.97763932447,113590.09984424003,r2,-112492.19528405616,-128076.08466870447,-15583.889384648312,0.08411312087732317
436,w155463605,389.4215188790113,mfh,42998.73447932191,47776.37164369101,53748.41809915238,r1,-57824.57819042316,-65835.19464215153,-8010.616451728369,0.09137525939709207
437,w155463606,690.2915003947913,mfh,72619.17804943162,80687.97561047958,90773.97256178952,r2,-89896.59716940713,-102350.24893437441,-12453.651764967275,0.08411312087732317
438,w155463610,725.1058211326599,mfh,66694.63523034648,74105.15025594053,83368.2940379331,r2,-82562.49819547405,-94000.13469949606,-11437.636504022012,0.08411312087732317
439,w155463611,1002.8680375270545,mfh,112403.2420384642,124892.49115384911,140504.05254808025,r2,-139146.01130832097,-158422.3357063678,-19276.324398046825,0.08411312087732317
440,w155463612,535.6290688522159,mfh,63516.22491576578,70573.58323973975,79395.28114470722,r2,-78627.88643913531,-89520.44908956696,-10892.562650431646,0.08411312087732317
441,w155463616,543.6235096465331,mfh,57717.03913082603,64130.04347869559,72146.29891353253,r2,-71448.96921062557,-81347.01440401816,-9898.045193392594,0.08411312087732317
442,w155463618,752.1486698825844,mfh,78276.75754478379,86974.17504975977,97845.94693097973,r2,-96900.21740456557,-110324.10219557694,-13423.884791011369,0.08411312087732317
443,w155463621,238.18491610530762,mfh,25941.058157091844,28823.39795232427,32426.322696364805,r1,-34885.462651660986,-39718.25295967285,-4832.790308011863,0.09137525939709207
444,w155463623,73.76475410088896,mfh,9386.532258258556,10429.48028695395,11733.165322823193,r1,-12622.98239883363,-14371.682927888614,-1748.7005290549841,0.09137525939709207
445,w155463625,52.41574023310095,sfh,7168.165529890833,7964.628366545369,8960.206912363541,r1,-9639.729010266565,-10975.150282957036,-1335.4212726904716,0.09137525939709207
446,w155463626,98.3909645654261,mfh,11326.695090576788,12585.216767307542,14158.368863220985,r1,-15232.107963993929,-17342.25867272977,-2110.1507087358423,0.09137525939709207
447,w155463629,643.7923131911084,mfh,60925.212855087026,67694.68095009669,76156.51606885878,r2,-75420.42563144944,-85868.64888298897,-10448.22325153953,0.08411312087732317
448,w155463631,546.7249739198014,mfh,62732.02766693095,69702.25296325661,78415.03458366368,r2,-77657.11444648242,-88415.19307059547,-10758.078624113055,0.08411312087732317
449,w155463632,612.4270064728335,mfh,67447.16411095476,74941.2934566164,84308.95513869345,r2,-83494.06734091851,-95060.7569804056,-11566.689639487086,0.08411312087732317
450,w155463633,683.6260891854763,mfh,67343.37274848943,74825.96972054381,84179.21593561179,r2,-83365.5821314762,-94914.47232019734,-11548.89018872114,0.08411312087732317
451,w155463638,279.5906790524721,ab,31093.580676718997,34548.42297413222,38866.97584589874,r1,-41814.56056400482,-47607.260091751414,-5792.69952774659,0.09137525939709207
452,w155463639,282.758548167441,other,12733.875761949328,14148.750846610365,15917.34470243666,nr1,-16002.789736400142,-18220.569711975793,-2217.7799755756514,0.09137161354186375
453,w155463640,56.80619836300611,sfh,8149.209288913908,9054.67698768212,10186.511611142383,r1,-10959.033920952646,-12477.222555777347,-1518.1886348247008,0.09137525939709207
454,w155463643,240.41873629689215,ab,28483.777730710135,31648.64192301126,35604.72216338767,r1,-38304.90484179609,-43611.40098080988,-5306.4961390137905,0.09137525939709207
455,w155463644,98.43792371228336,mfh,11153.843250929993,12393.159167699992,13942.30406366249,r1,-14999.657292176571,-17077.60589526551,-2077.94860308894,0.09137525939709207
456,w155463645,98.39091195091605,mfh,11053.44919247696,12281.61021386329,13816.811490596201,r1,-14864.647642400414,-16923.892943961113,-2059.245301560699,0.09137525939709207
457,w155463647,97.66299930792302,mfh,9369.723502372359,10410.803891524843,11712.154377965448,r1,-12600.378030802925,-14345.947107314818,-1745.5690765118925,0.09137525939709207
458,w155463653,376.11661268314344,mfh,49110.00769747382,54566.67521941535,61387.50962184227,r1,-66043.00136787748,-75192.14122907685,-9149.139861199365,0.09137525939709207
459,w155463654,482.5493668295443,mfh,52586.0148678914,58428.905408768216,65732.51858486424,r2,-65097.181244676554,-74115.29373868374,-9018.11249400719,0.08411312087732317
460,w155463656,73.78574474137277,mfh,10518.511422655341,11687.23491406149,13148.139278319177,r1,-14145.264821658646,-16104.851811144026,-1959.5869894853804,0.09137525939709207
461,w155463657,470.15250823192764,mfh,44569.71600670739,49521.906674119324,55712.145008384236,r1,-59937.22976647589,-68240.51833102395,-8303.288564548064,0.09137525939709207
462,w155463660,49.947176152281465,mfh,6130.094348688484,6811.2159429872045,7662.617935860605,r1,-8243.733781301704,-9385.76354647691,-1142.0297651752062,0.09137525939709207
463,w155463661,78.16354378722608,sfh,10628.335831745004,11809.262035272226,13285.419789681255,r1,-14292.956380666648,-16273.003535524529,-1980.0471548578807,0.09137525939709207
464,w155463663,104.99722011834383,sfh,12659.813951807402,14066.45994645267,15824.767439759253,r1,-17024.88249007745,-19383.391761250034,-2358.5092711725847,0.09137525939709207
465,w155463665,467.86907609552145,trade,25152.751602532997,27947.501780592218,31440.939503166246,nr1,-31609.71590362207,-35990.414276808224,-4380.698373186155,0.09137161354186375
466,w155463667,587.3173447391018,mfh,62170.68286456457,69078.53651618285,77713.3535807057,r2,-76962.21553786186,-87624.02768145945,-10661.812143597592,0.08411312087732317
467,w155463669,557.4523567564785,mfh,63822.83861379559,70914.26512643954,79778.54826724448,r2,-79007.44909515498,-89952.59372632779,-10945.144631172807,0.08411312087732317
468,w155463671,449.48969881236553,mfh,44460.06219337882,49400.06910375424,55575.07774172352,r1,-59789.767624171545,-68072.62780514783,-8282.860180976284,0.09137525939709207
469,w155576276,58.73152135126293,other,7036.542804460303,7818.380893844781,8795.678505575379,nr1,-8842.894109854258,-10068.405024264504,-1225.5109144102462,0.09137161354186375
470,w159548666,1258.4072781499474,other,45034.07044829587,50037.85605366207,56292.58806036983,nr1,-56594.769246279204,-64438.07332164461,-7843.304075365406,0.09137161354186375
471,w159548667,15669.025621107221,trade,613413.7969842755,681570.8855380839,766767.2462303443,nr2,-709644.8958318545,-807992.5130704595,-98347.61723860493,0.08411312087732317
472,w159548669,2256.2803165019486,trade,261494.21083095495,290549.1231455055,326867.76353869366,nr2,-302516.88650968333,-344441.8198635595,-41924.93335387617,0.08411312087732317
473,w159548670,188.14899220019578,mfh,23028.989782019133,25587.766424465703,28786.237227523914,r1,-30969.321223563165,-35259.59642929606,-4290.275205732898,0.09137525939709207
474,w159548671,318.3455893772654,other,12677.331192583715,14085.923547315238,15846.663990729643,nr1,-15931.729607401783,-18139.66156686585,-2207.9319594640656,0.09137161354186375
475,w159548672,170.00981159284711,ab,21983.144401197525,24425.716001330584,27478.930501496907,r1,-29562.871272635086,-33658.30664610263,-4095.435373467546,0.09137525939709207
476,w159548674,118.95309109317604,trade,10044.893361266411,11160.992623629345,12556.116701583014,nr1,-12623.518509992175,-14372.975138113005,-1749.45662812083,0.09137161354186375
477,w159548675,865.047436706489,mfh,94066.05527670533,104517.83919633925,117582.56909588166,r2,-116446.07534347256,-132577.70787892814,-16131.632535455574,0.08411312087732317
478,w159548677,106.67055884185247,other,5052.772241354683,5614.191379282981,6315.965301693353,nr1,-6349.869692143147,-7229.879620581895,-880.0099284387479,0.09137161354186375
479,w159872586,633.9711885744706,mfh,61528.304105702184,68364.7823396691,76910.38013212773,r2,-76167.00322526414,-86718.65216433415,-10551.648939070015,0.08411312087732317
480,w159872589,1091.462102752924,mfh,104981.15974855874,116645.73305395416,131226.4496856984,r2,-129958.081071495,-147961.5732688455,-18003.492197350497,0.08411312087732317
481,w159872591,2692.1037788091226,mfh,238842.17683578568,265380.1964842063,298552.7210447321,r2,-295667.0611646917,-336626.72742633545,-40959.66626164375,0.08411312087732317
482,w159872593,436.90541737405584,mfh,41771.57313857874,46412.85904286526,52214.46642322342,r1,-56174.29504234137,-63956.29269995595,-7781.997657614578,0.09137525939709207
483,w159872596,218.88012801047884,mfh,23926.839112240952,26585.376791378836,29908.54889030119,r1,-32176.74649845347,-36634.29003668363,-4457.543538230162,0.09137525939709207
484,w159872599,487.8712977081537,mfh,46825.5540892305,52028.39343247833,58531.94261153812,r1,-62970.87452759139,-71694.42322014358,-8723.548692552191,0.09137525939709207
485,w159872601,629.8896718598901,mfh,59138.13100415723,65709.03444906359,73922.66375519653,r2,-73208.1646065114,-83349.91654228057,-10141.751935769164,0.08411312087732317
486,w159872603,453.131132603623,mfh,41977.27905722256,46641.42117469173,52471.59882152819,r1,-56450.92778795328,-64271.24822962324,-7820.320441669959,0.09137525939709207
487,w159872608,317.054659525305,mfh,36148.8017943321,40165.33532703567,45186.00224291513,r1,-48612.80782232523,-55347.2894267362,-6734.481604410968,0.09137525939709207
488,w159872611,474.9952949794941,mfh,49392.47210315651,54880.52455906279,61740.59012894564,r1,-66422.85871275504,-75624.62137884829,-9201.762666093244,0.09137525939709207
489,w159872613,461.6615135567263,mfh,49483.41463924298,54981.57182138109,61854.26829905373,r1,-66545.15798161601,-75763.86314112348,-9218.705159507474,0.09137525939709207
490,w159872615,129.00588214695452,mfh,16719.873106670097,18577.636785188995,20899.841383337618,r1,-22484.838716719485,-25599.732496756485,-3114.8937800370004,0.09137525939709207
491,w159872617,185.93316667452453,mfh,23274.884584316744,25860.98287146305,29093.605730395928,r1,-31299.999867812912,-35636.08500196655,-4336.08513415364,0.09137525939709207
492,w159872620,129.2747205838561,mfh,17497.094806705965,19441.216451895518,21871.368508382457,r1,-23530.044291005182,-26789.733610081632,-3259.6893190764495,0.09137525939709207
493,w159872622,447.3657494872576,mfh,46366.44062561429,51518.26736179365,57958.05078201786,r1,-62353.46002233616,-70991.47638680035,-8638.016364464187,0.09137525939709207
494,w159872625,238.36158968657256,mfh,25116.058872769172,27906.732080854636,31395.073590961463,r1,-33776.00591529353,-38455.099773405505,-4679.093858111977,0.09137525939709207
495,w159872628,167.04002443812786,mfh,19006.772350224233,21118.635944693593,23758.46543778029,r1,-25560.254440549903,-29101.195008374805,-3540.9405678249022,0.09137525939709207
496,w159872630,195.52493976540862,mfh,18074.7621351929,20083.069039103222,22593.452668991125,r1,-24306.88970305351,-27674.19780350197,-3367.3081004484593,0.09137525939709207
497,w159872632,133.65780365467072,th,16477.88462317202,18308.760692413354,20597.355778965022,r1,-22159.41327909537,-25229.22487356315,-3069.811594467781,0.09137525939709207
498,w159872635,49.369007284846155,th,6739.6868476192685,7488.540941799187,8424.608559524086,r1,-9063.512073513304,-10319.108243837798,-1255.5961703244939,0.09137525939709207
499,w159872640,133.91130499513818,mfh,16908.877072954834,18787.64119217204,21136.09634119354,r1,-22739.01072338605,-25889.115732313767,-3150.105008927716,0.09137525939709207
500,w159872643,87.82295271442271,other,9591.78852868142,10657.542809646022,11989.735660851775,nr1,-12054.097109944338,-13724.639286304433,-1670.5421763600953,0.09137161354186375
501,w159872648,133.79360626488923,mfh,16965.31316645674,18850.347962729713,21206.641458070924,r1,-22814.905824508907,-25975.52481494217,-3160.618990433264,0.09137525939709207
502,w159872651,467.48304517045614,other,34799.30109969496,38665.890110772176,43499.126374618696,nr1,-43732.63167339458,-49793.40960037482,-6060.777926980241,0.09137161354186375
503,w159872654,134.11286987382917,mfh,15572.749109392586,17303.054565991763,19465.93638674073,r1,-20942.189564880304,-23843.375418950727,-2901.1858540704234,0.09137525939709207
504,w159872660,131.42538360562176,mfh,16010.967487406166,17789.96387489574,20013.709359257708,r1,-21531.504417300268,-24514.329868230292,-2982.825450930024,0.09137525939709207
505,w159872663,509.8066861014813,other,40789.69983623175,45321.88870692417,50987.12479528969,nr1,-51260.82601187306,-58364.91444477984,-7104.088432906778,0.09137161354186375
506,w159872669,96.41428965386004,other,6140.942525975589,6823.26947330621,7676.178157469486,nr1,-7717.3842327060365,-8786.914014515749,-1069.5297818097124,0.09137161354186375
507,w159872671,385.8471666022902,mfh,41085.27500261371,45650.30555845967,51356.59375326713,r1,-55251.36322340293,-62905.504300926856,-7654.141077523927,0.09137525939709207
508,w159872676,450.3884779855609,trade,21572.307796555673,23969.230885061857,26965.38474569459,nr1,-27110.136163629362,-30867.250898572544,-3757.1147349431812,0.09137161354186375
509,w159872680,74.82275880910456,trade,6347.627257792996,7052.919175325551,7934.534072241245,nr1,-7977.127013838047,-9082.653790439523,-1105.5267766014758,0.09137161354186375
510,w159872682,128.20031198486686,mfh,17098.113549140475,18997.903943489415,21372.641936425593,r1,-22993.495408718794,-26178.85496287339,-3185.3595541545947,0.09137525939709207
511,w159872688,74.73616111706941,trade,5317.786693607912,5908.651881786568,6647.23336700989,nr1,-6682.91601957696,-7609.081867582759,-926.1658480057986,0.09137161354186375
512,w159872690,271.2794532585889,mfh,37662.36732773164,41847.07480859071,47077.95915966455,r1,-50648.24652981742,-57664.70371117125,-7016.457181353828,0.09137525939709207
513,w159872699,406.91918786983007,mfh,43877.34349126553,48752.60387918392,54846.67936408191,r1,-59006.12913896041,-67180.42947327135,-8174.300334310938,0.09137525939709207
514,w159872700,406.7131608505966,mfh,40678.93594210743,45198.8177134527,50848.66992763429,r1,-54704.91958824507,-62283.36015033553,-7578.440562090458,0.09137525939709207
515,w159872708,435.5580747295171,mfh,46872.894326570284,52080.9936961892,58591.11790821285,r1,-63034.53754671871,-71766.90567288107,-8732.368126162357,0.09137525939709207
516,w159872710,142.59727319749075,mfh,15785.244708098155,17539.160786775727,19731.555885122692,r1,-21227.95305330064,-24168.72660127701,-2940.7735479763687,0.09137525939709207
517,w159872717,364.7500545413,mfh,42624.77941045999,47360.86601162221,53280.97426307498,r1,-57321.68445689921,-65262.63349485119,-7940.9490379519775,0.09137525939709207
518,w159872718,186.0198295045644,mfh,25865.705318047403,28739.672575608223,32332.131647559254,r1,-34784.12836389744,-39602.88052173016,-4818.752157832721,0.09137525939709207
519,w159872719,169.79583046399057,mfh,20853.61252597942,23170.680584421578,26067.015657474276,r1,-28043.879957471272,-31928.88479776289,-3885.004840291618,0.09137525939709207
520,w159872726,172.48843573874328,mfh,18695.70090016346,20773.001000181623,23369.626125204326,r1,-25141.926422186996,-28624.914724539572,-3482.9883023525763,0.09137525939709207
521,w159872727,172.59632431017235,mfh,21043.444879268325,23381.60542140925,26304.306099085406,r1,-28299.165976670407,-32219.53637343108,-3920.3703967606743,0.09137525939709207
522,w159872732,140.4957689295523,mfh,18976.199229647278,21084.665810719198,23720.249037059097,r1,-25519.13979327633,-29054.384622711717,-3535.244829435389,0.09137525939709207
523,w159872736,118.37831126665697,mfh,14679.616639748732,16310.68515527637,18349.520799685914,r1,-19741.107510938393,-22475.903778395692,-2734.796267457299,0.09137525939709207
524,w159872737,187.97203346798193,mfh,24944.26660849226,27715.85178721362,31180.333260615324,r1,-33544.98015747809,-38192.06930765714,-4647.089150179054,0.09137525939709207
525,w159872743,753.6066189933568,other,31827.00488865078,35363.33876516753,39783.75611081347,nr1,-39997.31713217923,-45540.42870670214,-5543.111574522911,0.09137161354186375
526,w159872746,394.377677144669,mfh,44537.18740147157,49485.76377941285,55671.484251839465,r1,-59893.48538888755,-68190.71391042715,-8297.228521539597,0.09137525939709207
527,w159872748,575.8923149108887,trade,55207.313642999135,61341.45960333237,69009.14205374892,nr2,-63868.12382106713,-72719.42090246042,-8851.297081393292,0.08411312087732317
528,w159872750,127.08080641776323,mfh,17865.116812482014,19850.129791646683,22331.396015602517,r1,-24024.95925784048,-27353.21066763347,-3328.251409792989,0.09137525939709207
529,w159872753,434.5401292324066,other,25725.96143987,28584.401599855555,32157.451799837498,nr1,-32330.07447105449,-36810.605237992095,-4480.530766937605,0.09137161354186375
530,w159872756,252.43327465518377,mfh,33635.93448393886,37373.260537709844,42044.91810492357,r1,-45233.51087250756,-51499.848089382496,-6266.337216874934,0.09137525939709207
531,w159872759,386.07803563163617,mfh,40885.04737063046,45427.83041181162,51106.30921328808,r1,-54982.097662411456,-62598.936554597174,-7616.838892185719,0.09137525939709207
532,w159872763,1345.7076428122818,trade,70170.62199602295,77967.35777335883,87713.27749502868,nr2,-81178.84531068128,-92429.18481622817,-11250.339505546886,0.08411312087732317
533,w159872767,486.0339612279087,mfh,45082.85482234876,50092.060913720845,56353.568527935946,r1,-60627.297414440385,-69026.18317012377,-8398.885755683383,0.09137525939709207
534,w159872769,563.4171857964247,other,35443.64525157622,39381.82805730691,44304.55656447027,nr1,-44542.38544932245,-50715.38479137978,-6172.99934205733,0.09137161354186375
535,w159872774,2747.8572637828997,other,119011.47723873041,132234.97470970044,148764.346548413,nr2,-137681.75379015636,-156762.666655205,-19080.912865048624,0.08411312087732317
536,w159872776,80.53474041707815,sfh,12444.034937831644,13826.705486479605,15555.043672289554,r1,-16734.703473960268,-19053.013354610714,-2318.309880650446,0.09137525939709207
537,w159872779,530.1892838459462,trade,41088.84380523203,45654.270894702255,51361.054756540034,nr1,-51636.76324624819,-58792.95172447232,-7156.188478224125,0.09137161354186375
538,w159872782,386.9254036822822,mfh,34779.397511211064,38643.77501245674,43474.246889013826,r1,-46771.236762095235,-53250.59987029298,-6479.363108197744,0.09137525939709207
539,w159872787,649.6997715241275,sfh,73844.5187104147,82049.46523379411,92305.64838801838,r2,-91413.46859035204,-104077.25721303684,-12663.788622684791,0.08411312087732317
540,w159872789,103.62989482581615,mfh,13622.502345110554,15136.113716789503,17028.12793138819,r1,-18319.503156142426,-20857.360205212768,-2537.8570490703423,0.09137525939709207
541,w159872791,7102.280937734339,other,341045.9633446604,378939.9592718449,426307.4541808255,nr2,-394548.5548604316,-449227.8888250241,-54679.333964592544,0.08411312087732317
542,w159872796,295.65545302389654,other,14692.2812732514,16324.756970279332,18365.35159156425,nr1,-18463.937638409883,-21022.800926577696,-2558.863288167813,0.09137161354186375
543,w159872797,3172.659030787088,other,124134.27925297005,137926.9769477445,155167.84906621257,nr2,-143608.2104816016,-163510.45370172625,-19902.243220124656,0.08411312087732317
544,w159872802,393.79842739673325,mfh,39710.81716874246,44123.130187491624,49638.521460928074,r1,-53402.996162220064,-60801.07727264167,-7398.0811104216045,0.09137525939709207
545,w159872803,469.9664310747758,mfh,46940.21759095484,52155.79732328315,58675.271988693545,r1,-63125.07368487671,-71869.98406038184,-8744.910375505133,0.09137525939709207
546,w159872804,664.4021281981841,mfh,71285.2107419375,79205.78971326388,89106.51342742186,r2,-88245.25485323097,-100470.1410942746,-12224.886241043627,0.08411312087732317
547,w159872808,295.65545226749964,other,15824.74835213696,17583.053724596622,19780.935440171197,nr1,-19887.120405824182,-22643.21844462903,-2756.0980388048483,0.09137161354186375
548,w159872809,678.8678823016584,other,34505.649287262946,38339.61031918105,43132.06160907868,nr1,-43363.596487414165,-49373.23090384209,-6009.634416427929,0.09137161354186375
549,w159872812,337.05531151816245,mfh,38041.70913462511,42268.56570513901,47552.136418281385,r1,-51158.38433362084,-58245.51247206039,-7087.128138439555,0.09137525939709207
550,w159872814,765.4437305399682,mfh,79399.36095195425,88221.51216883806,99249.2011899428,r2,-98289.90851628143,-111906.31148607956,-13616.402969798131,0.08411312087732317
551,w159872815,1229.117813373683,mfh,149792.9605537908,166436.62283754532,187241.2006922385,r2,-185431.42177333444,-211119.80627020347,-25688.384496869025,0.08411312087732317
552,w159872820,336.8380303993821,mfh,38637.43829336847,42930.48699263163,48296.797866710585,r1,-51959.51924461774,-59157.63106333512,-7198.111818717378,0.09137525939709207
553,w159872826,1791.1392054180615,th,178358.86709907744,198176.51899897493,222948.5838738468,r2,-220793.67541565126,-251380.9015411523,-30587.226125501038,0.08411312087732317
554,w159872827,157.03123329076917,th,22144.882072210334,24605.424524678147,27681.102590262915,r1,-29780.375641474468,-33905.94256332286,-4125.566921848393,0.09137525939709207
555,w159872832,35.670331929810345,sfh,3676.201183569743,4084.667981744159,4595.251479462178,r0,-6066.342237606532,-6906.731263365719,-840.3890257591875,0.11212422659643176
556,w159872833,162.84196072258055,mfh,21239.15922568886,23599.065806320956,26548.949032111075,r1,-28562.36208382616,-32519.193845840036,-3956.831762013877,0.09137525939709207
557,w159872834,33.79703346360475,sfh,4555.214293213258,5061.349214681398,5694.017866516572,r0,-7516.859793139862,-8558.193471804456,-1041.3336786645941,0.11212422659643176
558,w159872835,42.916394099872555,th,6704.477568681241,7449.419520756934,8380.59696085155,r1,-9016.162733407506,-10265.199454191683,-1249.0367207841773,0.09137525939709207
559,w159872839,58.88304680213332,other,5318.843004436388,5909.8255604848755,6648.553755545484,nr1,-6684.243496018572,-7610.593315114334,-926.3498190957616,0.09137161354186375
560,w159872840,318.65718863122163,other,26659.24765591642,29621.386284351578,33324.05956989552,nr1,-33502.94464494922,-38146.02006994085,-4643.075424991635,0.09137161354186375
561,w159872842,48.8293092939537,other,2375.76436505535,2639.7381833948334,2969.7054563191873,nr0,-3660.9054447628246,-4168.2596574725685,-507.35421270974393,0.11203696912796754
562,w159872843,143.51003436879253,mfh,19080.71500207315,21200.794446747943,23850.893752591437,r1,-25659.692312506366,-29214.408314202938,-3554.7160016965718,0.09137525939709207
563,w159872845,162.83680398128925,mfh,21498.13375395689,23886.81528217432,26872.667192446108,r1,-28910.63030707734,-32915.70873592556,-4005.078428848221,0.09137525939709207
564,w159872848,156.42925329236314,mfh,21291.72814453538,23657.47571615042,26614.660180669223,r1,-28633.056619259252,-32599.681912437725,-3966.625293178473,0.09137525939709207
565,w159872851,167.48750086340587,mfh,20694.65294755158,22994.058830612867,25868.316184439474,r1,-27830.11155979116,-31685.502407263386,-3855.3908474722266,0.09137525939709207
566,w159872853,143.46053532976657,th,18641.830787650975,20713.145319612195,23302.288484563716,r1,-25069.482045141365,-28542.434405395303,-3472.9523602539375,0.09137525939709207
567,w159872855,768.5454076524824,other,30902.518900127714,34336.13211125301,38628.14862515964,nr1,-38835.506292718215,-44217.60589010427,-5382.099597386055,0.09137161354186375
568,w159872857,315.41669200100006,mfh,33248.68266430212,36942.98073811347,41560.85333037765,r1,-44712.73570563056,-50906.9283388356,-6194.192633205035,0.09137525939709207
569,w159872858,136.24142913175746,other,12600.205042488164,14000.227824986849,15750.256303110204,nr1,-15834.804398908293,-18029.303776299723,-2194.4993773914302,0.09137161354186375
570,w159872860,131.01957194106652,other,10778.366395040914,11975.96266115657,13472.957993801141,nr1,-13545.28144817684,-15422.482514624184,-1877.2010664473437,0.09137161354186375
571,w159872862,156.42902136784977,mfh,20547.76308719318,22830.847874659088,25684.703858991474,r1,-27632.574485304485,-31460.59991502133,-3828.025429716843,0.09137525939709207
572,w159872865,158.90607472276315,mfh,21250.92912058293,23612.143467314363,26563.66140072866,r1,-28578.190205649666,-32537.214686003153,-3959.024480353488,0.09137525939709207
573,w159872867,192.56274920739233,mfh,23626.608294376343,26251.78699375149,29533.260367970426,r1,-31772.996932029942,-36174.6078025194,-4401.610870489458,0.09137525939709207
574,w159872868,54.98272090442479,other,4338.732794656411,4820.814216284901,5423.415993320514,nr0,-6685.7179714279555,-7612.272133772067,-926.5541623441113,0.11203696912796754
575,w159872870,315.09365436807275,mfh,33572.70898486998,37303.00998318887,41965.886231087476,r1,-45148.48539771608,-51403.04377437299,-6254.558376656911,0.09137525939709207
576,w159872874,56.548262861557305,th,6258.9085433516675,6954.342825946297,7823.635679189584,r1,-8416.962750980329,-9582.990457478234,-1166.0277064979055,0.09137525939709207
577,w159872876,86.08918008172186,other,7937.8236826816055,8819.804091868451,9922.279603352006,nr1,-9975.54285382203,-11358.024255572926,-1382.481401750896,0.09137161354186375
578,w159872878,413.8979488207959,mfh,49390.03592714167,54877.81769682407,61737.544908927084,r1,-66419.58255004558,-75620.89135925441,-9201.30880920883,0.09137525939709207
579,w159872879,205.3686287334189,mfh,25436.2263636754,28262.47373741711,31795.282954594248,r1,-34206.56626401359,-38945.30696989956,-4738.740705885968,0.09137525939709207
580,w159872883,329.8948070596903,th,38258.33027645758,42509.25586273064,47822.91284557197,r1,-51449.69584093077,-58577.18025737637,-7127.484416445601,0.09137525939709207
581,w159872884,900.053558271192,other,37831.76819712391,42035.297996804344,47289.71024640488,nr1,-47543.56357267662,-54132.48744131638,-6588.923868639758,0.09137161354186375
582,w159872887,1008.3728146322071,other,88407.21114906944,98230.23461007715,110509.01393633679,nr2,-102276.35318133284,-116450.53479571229,-14174.181614379442,0.08411312087732317
583,w159872892,458.9937253634445,other,39649.09661200691,44054.55179111879,49561.370765008636,nr1,-49827.418468784555,-56732.85512920257,-6905.436660418018,0.09137161354186375
584,w159872895,353.7920229201671,th,49227.57275316536,54697.30305907262,61534.4659414567,r1,-66201.10252684454,-75372.14462727663,-9171.042100432096,0.09137525939709207
585,w159872899,2008.66189844124,other,87830.35072413228,97589.2785823692,109787.93840516535,nr2,-101608.99607561299,-115690.69061430107,-14081.694538688083,0.08411312087732317
587,w160025355,131.5437356668757,ab,15822.357973565722,17580.397748406358,19777.94746695715,r1,-21277.862869180535,-24225.550577271893,-2947.687708091358,0.09137525939709207
588,w160025360,102.43726858533918,mfh,14598.10513130861,16220.116812565122,18247.63141413576,r1,-19631.491061750065,-22351.101825763537,-2719.6107640134724,0.09137525939709207
589,w160025362,106.2412323884666,mfh,12893.32495058692,14325.916611763245,16116.65618823365,r1,-17338.907429898496,-19740.919540657724,-2402.0121107592277,0.09137525939709207
590,w160025367,104.2175793532282,mfh,14296.527182761089,15885.030203067876,17870.65897845136,r1,-19225.92987774173,-21889.357005065274,-2663.4271273235427,0.09137525939709207
591,w160025369,103.97346241511406,mfh,13712.751918131698,15236.391020146331,17140.939897664623,r1,-18440.87053020603,-20995.540974441585,-2554.670444235555,0.09137525939709207
592,w160025373,103.9182820610702,mfh,12692.477684318626,14102.75298257625,15865.597105398283,r1,-17068.808586448835,-19433.403074691116,-2364.594488242281,0.09137525939709207
593,w160025375,104.46434533819556,mfh,15200.83881015165,16889.8209001685,19001.048512689562,r1,-20442.04563183913,-23273.94501044131,-2831.899378602182,0.09137525939709207
594,w160025376,101.26918978765606,other,6767.594541506047,7519.5494905622745,8459.493176882557,nr1,-8504.904122949583,-9683.573990439289,-1178.6698674897052,0.09137161354186375
595,w160025380,128.15635424628857,th,16535.50385671767,18372.782063019633,20669.379820897087,r1,-22236.899463648897,-25317.445457297625,-3080.5459936487277,0.09137525939709207
596,w160025381,64.08582323277369,th,8805.145795153388,9783.495327948209,11006.432243941736,r1,-11841.135504924567,-13481.524381961,-1640.3888770364338,0.09137525939709207
597,w160025384,125.48521707579494,mfh,13228.087159594033,14697.874621771149,16535.10894949254,r1,-17789.094714811257,-20253.472653108474,-2464.377938297217,0.09137525939709207
598,w160025385,125.6767025694251,mfh,12483.801305090501,13870.890338989446,15604.751631363126,r1,-16788.181173728728,-19113.899484409652,-2325.7183106809243,0.09137525939709207
599,w160025388,125.67682776004075,mfh,12887.497210468891,14319.441344965435,16109.371513086113,r1,-17331.070301243217,-19731.99671049445,-2400.926409251235,0.09137525939709207
600,w160025389,125.54291224256157,mfh,15947.091501286146,17718.990556984605,19933.864376607682,r1,-21445.60416933683,-24416.529595034037,-2970.9254256972054,0.09137525939709207
601,w160025392,101.23846836648882,other,7707.166695034264,8563.51855003807,9633.95836879283,nr1,-9685.673897696233,-11027.983205891802,-1342.3093081955685,0.09137161354186375
602,w160025393,241.441205301648,mfh,29760.98461218925,33067.76068021028,37201.23076523656,r1,-40022.48909346638,-45566.92745522065,-5544.43836175427,0.09137525939709207
603,w160025394,520.9474028991534,mfh,62962.95736238052,69958.84151375612,78703.69670297565,r2,-77942.9865034775,-88740.66786183469,-10797.681358357193,0.08411312087732317
604,w160025395,347.3527018059045,mfh,41270.74084393225,45856.37871548028,51588.42605491531,r1,-55500.77716948393,-63189.470327149065,-7688.693157665133,0.09137525939709207
605,w160025396,362.18757194392384,mfh,37666.70161233902,41851.89068037669,47083.37701542377,r1,-50654.075263667706,-57671.339917427475,-7017.264653759768,0.09137525939709207
606,w160025398,216.67090053744613,mfh,25759.482837806354,28621.647597562616,32199.353547257942,r1,-34641.28066875812,-39440.24369656023,-4798.963027802114,0.09137525939709207
607,w160025399,277.5212213275954,mfh,34672.16062353594,38524.62291503994,43340.20077941992,r1,-46627.024894668066,-53086.409889857496,-6459.38499518943,0.09137525939709207
608,w160025402,733.1297983160242,mfh,73752.53405858297,81947.26006509218,92190.66757322871,r2,-91299.59912207114,-103947.6130575121,-12648.013935440962,0.08411312087732317
609,w160025403,118.93753181435167,th,13366.26539456982,14851.405993966466,16707.831743212275,r1,-17974.916419782927,-20465.03680970742,-2490.120389924494,0.09137525939709207
610,w160025405,118.80893169231713,mfh,11413.826109522666,12682.02901058074,14267.282636903332,r1,-15349.281515235773,-17475.66463597805,-2126.3831207422772,0.09137525939709207
611,w160025406,118.8714888818562,mfh,12694.703117102687,14105.225685669651,15868.378896378357,r1,-17071.801342249393,-19436.810426146363,-2365.00908389697,0.09137525939709207
612,w160025409,118.87152101863175,mfh,13545.552141340295,15050.613490378106,16931.94017667537,r1,-18216.020736751176,-20739.542048369007,-2523.521311617831,0.09137525939709207
613,w160025412,678.325670054555,mfh,83112.16289052342,92346.84765613714,103890.20361315427,r2,-102886.05335303728,-117139.17438626154,-14253.121033224263,0.08411312087732317
614,w160025415,1309.668819526094,mfh,134843.0872649352,149825.65251659465,168553.85908116898,r2,-166924.7025721461,-190049.29440610367,-23124.59183395756,0.08411312087732317
615,w160025422,678.3786613484378,mfh,78555.95700031816,87284.39666702018,98194.9462503977,r2,-97245.84347275112,-110717.60890473898,-13471.765431987864,0.08411312087732317
616,w160025427,555.729584345687,mfh,68356.5049155554,75951.67212839489,85445.63114444424,r2,-84619.75681023808,-96342.39166998726,-11722.634859749189,0.08411312087732317
617,w160025428,926.2977557130158,mfh,100962.61735123128,112180.68594581253,126203.2716890391,r2,-124983.45457744645,-142297.79648470407,-17314.34190725762,0.08411312087732317
618,w160025434,188.0208901744336,mfh,25126.424219116037,27918.249132351153,31408.030273895045,r1,-33789.94520414849,-38470.97011476655,-4681.024910618056,0.09137525939709207
619,w160025437,385.6369404070079,mfh,43222.04791881172,48024.497687568575,54027.55989851464,r1,-58124.889480955695,-66177.10897830695,-8052.219497351252,0.09137525939709207
620,w160025438,514.208815998584,mfh,66439.19135967275,73821.32373296973,83048.98919959094,r2,-82246.27959650122,-93640.10936659544,-11393.82977009422,0.08411312087732317
621,w160025439,231.99735509790483,mfh,23422.747428464972,26025.274920516636,29278.434285581214,r1,-31498.84540818618,-35862.477225894014,-4363.631817707836,0.09137525939709207
622,w160025441,239.19352681115268,mfh,29974.211052689745,33304.67894743305,37467.76381586218,r1,-40309.23541589398,-45893.39762656846,-5584.1622106744835,0.09137525939709207
623,w160025442,258.45977183450015,mfh,26407.168715404667,29341.29857267185,33008.96089425583,r1,-35512.28683034706,-40431.91301741348,-4919.626187066417,0.09137525939709207
624,w160025445,358.2598954875022,mfh,37036.861616907394,41152.06846323044,46296.07702113424,r1,-49807.068194638596,-56706.99435715072,-6899.926162512122,0.09137525939709207
625,w160025446,282.03160609211767,mfh,32653.249972380814,36281.3888582009,40816.56246547602,r1,-43911.99948238903,-49995.263666755745,-6083.264184366715,0.09137525939709207
626,w160025449,151.84076374266294,mfh,15398.815708212785,17109.79523134754,19248.51963526598,r1,-20708.284412130186,-23577.06666684198,-2868.782254711794,0.09137525939709207
627,w160025451,187.46145662125198,mfh,22242.272514884975,24713.63612764997,27802.840643606218,r1,-29911.346037129893,-34055.05669022476,-4143.710653094866,0.09137525939709207
628,w160025452,105.00601281486452,mfh,13097.326417448377,14552.584908275974,16371.658021810472,r1,-17613.248033507745,-20053.265390849363,-2440.0173573416178,0.09137525939709207
629,w160025453,104.94913844838739,mfh,14710.976976171565,16345.52997352396,18388.721220214455,r1,-19783.280803885707,-22523.919467169817,-2740.6386632841095,0.09137525939709207
630,w160025454,86.96602670811116,mfh,9958.714429546208,11065.238255051341,12448.393036932759,r1,-13392.451386780238,-15247.74881851632,-1855.2974317360822,0.09137525939709207
631,w160025455,103.15431486908346,mfh,14454.34817374303,16060.386859714477,18067.935217178787,r1,-19438.167106200486,-22130.996108767496,-2692.8290025670103,0.09137525939709207
632,w160025456,162.83409464433788,mfh,15439.821255317227,17155.356950352474,19299.776569146532,r1,-20763.42855749851,-23639.850100068994,-2876.4215425704824,0.09137525939709207
633,w160025457,103.20248084068298,mfh,13888.002639595677,15431.114043995196,17360.003299494594,r1,-18676.547211599882,-21263.866670499152,-2587.31945889927,0.09137525939709207
634,w160025458,101.69107806179672,mfh,14620.583473797502,16245.09274866389,18275.729342246876,r1,-19661.719874029757,-22385.518328270155,-2723.7984542403974,0.09137525939709207
635,w160025459,108.44199563004076,mfh,13875.057936342178,15416.731040380198,17343.82242042772,r1,-18659.139210771544,-21244.047085839306,-2584.907875067762,0.09137525939709207
636,w160025462,124.9876569705084,mfh,15710.045915399749,17455.606572666387,19637.557394249685,r1,-21126.825926633566,-24053.59002309388,-2926.7640964603124,0.09137525939709207
637,w160025465,103.21026510931551,mfh,13114.320013160435,14571.466681289372,16392.90001645054,r1,-17636.100973620698,-20079.284218959558,-2443.1832453388597,0.09137525939709207
638,w160025467,105.14285953305661,mfh,14341.115732538854,15934.573036154281,17926.394665673568,r1,-19285.892435110993,-21957.626359709702,-2671.7339245987096,0.09137525939709207
639,w160025469,108.37528205253183,mfh,12119.687617749969,13466.319575277743,15149.60952218746,r1,-16298.522102623945,-18556.406437969796,-2257.8843353458506,0.09137525939709207
640,w160025471,48.55004379618913,sfh,6829.869385996844,7588.743762218715,8537.336732496055,r1,-9184.789299575219,-10457.186376585312,-1272.3970770100932,0.09137525939709207
641,w160025472,101.69099241122603,mfh,13375.50809475645,14861.6756608405,16719.38511844556,r1,-17987.345977213034,-20479.188271911462,-2491.8422946984283,0.09137525939709207
642,w160025474,105.6897082787007,mfh,13340.076698786537,14822.307443096151,16675.09587348317,r1,-17939.697934742315,-20424.93939974421,-2485.2414650018945,0.09137525939709207
643,w160025476,96.35599186792969,mfh,11760.455718228655,13067.17302025406,14700.569647785818,r1,-15815.428046161564,-18006.387877818248,-2190.9598316566844,0.09137525939709207
644,w160025477,108.4367577029392,mfh,13789.217767408181,15321.35307489798,17236.522209260227,r1,-18543.701591025078,-21112.61753800918,-2568.9159469841034,0.09137525939709207
645,w160025481,105.0061043202877,mfh,13105.966754568803,14562.185282854225,16382.458443211002,r1,-17624.86753476661,-20066.494577312296,-2441.627042545686,0.09137525939709207
646,w160025482,103.2132654029876,mfh,14060.161845670413,15622.402050744902,17575.202307088013,r1,-18908.06643172152,-21527.458959402884,-2619.3925276813643,0.09137525939709207
647,w160025484,128.51466068420558,mfh,13247.347808026228,14719.275342251365,16559.184760032786,r1,-17814.996381098696,-20282.962556795694,-2467.966175696998,0.09137525939709207
648,w160025486,101.26240085978061,mfh,13302.68360909849,14780.75956566499,16628.354511373112,r1,-17889.411812031238,-20367.68698597683,-2478.2751739455925,0.09137525939709207
649,w160025487,105.13472320698202,mfh,14158.708934601254,15731.898816223616,17698.386168251567,r1,-19040.592282036025,-21678.34402287608,-2637.7517408400563,0.09137525939709207
650,w160025490,87.12732640933245,mfh,12040.780464448602,13378.644960498446,15050.975580560753,r1,-16192.407982961822,-18435.592003332153,-2243.1840203703305,0.09137525939709207
651,w160025492,101.576605540514,mfh,13964.916070301266,15516.57341144585,17456.145087876583,r1,-18779.980178676342,-21381.62852424703,-2601.6483455706875,0.09137525939709207
652,w160025494,105.68961535468698,mfh,14285.138779463909,15872.376421626564,17856.423474329884,r1,-19210.614784753623,-21871.920265198107,-2661.3054804444837,0.09137525939709207
653,w160025496,100.3227494932711,mfh,13748.271791453237,15275.857546059151,17185.339739316543,r1,-18488.637556772428,-21049.925313936794,-2561.2877571643658,0.09137525939709207
654,w160025498,53.38166442215442,th,6600.947610690868,7334.386234100964,8251.184513363583,r1,-8876.935934680569,-10106.685139337424,-1229.749204656855,0.09137525939709207
655,w160025500,108.55102695096282,mfh,13356.061664075802,14840.06851563978,16695.07708009475,r1,-17961.194471476076,-20449.413917748287,-2488.219446272211,0.09137525939709207
656,w160025504,103.15687311664223,mfh,13210.204122827778,14678.004580919753,16512.75515353472,r1,-17765.04565684956,-20226.092005269515,-2461.0463484199536,0.09137525939709207
657,w160025505,103.09466042611747,mfh,11999.591279695112,13332.879199661236,14999.48909961889,r1,-16137.016882195281,-18372.527403216965,-2235.5105210216843,0.09137525939709207
658,w160025507,85.83866344131528,mfh,11973.740029139291,13304.155587932546,14967.175036424114,r1,-16102.252192555306,-18332.946654325297,-2230.69446176999,0.09137525939709207
659,w160025509,108.27769679883495,mfh,14945.057217444468,16605.61913049385,18681.321521805585,r1,-20098.071259424043,-22882.318811538757,-2784.2475521147135,0.09137525939709207
660,w160025513,105.03020258601755,mfh,11679.227174263047,12976.919082514496,14599.03396782881,r1,-15706.192126809281,-17882.019170989304,-2175.827044180023,0.09137525939709207
661,w160025515,104.96566433478147,mfh,13255.429579015141,14728.255087794601,16569.286973768925,r1,-17825.864724181913,-20295.336524833383,-2469.4718006514704,0.09137525939709207
662,w160025517,132.51887063886969,mfh,14316.368058185923,15907.07562020658,17895.460072732403,r1,-19252.611831670434,-21919.735292037716,-2667.123460367282,0.09137525939709207
663,w160032048,197.876624872908,mfh,22760.163304132715,25289.070337925237,28450.204130165894,r1,-30607.804125945455,-34847.99725757795,-4240.193131632492,0.09137525939709207
664,w160032049,177.6117346536368,mfh,20420.46582699145,22689.406474434945,25525.582283739313,r1,-27461.3854848584,-31265.695576457045,-3804.3100915986433,0.09137525939709207
665,w160032050,605.1206229591743,mfh,68794.57954872533,76438.42172080593,85993.22443590667,r2,-85162.05734139263,-96959.81875965025,-11797.761418257622,0.08411312087732317
666,w160032051,604.9254235289991,mfh,66484.26842234895,73871.4093581655,83105.33552793619,r2,-82302.08130968259,-93703.6414625247,-11401.56015284211,0.08411312087732317
667,w160032052,558.9287057133391,mfh,63671.536875409336,70746.15208378815,79589.42109426166,r2,-78820.14992994713,-89739.34743238743,-10919.197502440293,0.08411312087732317
668,w160032053,914.9869650162756,mfh,118384.96876544278,131538.85418382531,147981.21095680346,r2,-146550.8992786397,-166853.04555476233,-20302.14627612263,0.08411312087732317
669,w160032054,558.7663555394857,mfh,60610.35153484233,67344.8350387137,75762.93941855291,r2,-75030.65309435192,-85424.87995896023,-10394.22686460831,0.08411312087732317
670,w160032055,915.1860893286764,mfh,117551.19343225891,130612.43714695434,146938.99179032363,r2,-145518.75367646833,-165677.9136516083,-20159.159975139977,0.08411312087732317
671,w160032056,579.5610938113182,mfh,57693.31188162339,64103.67986847043,72116.63985202923,r2,-71419.59681863766,-81313.57296433723,-9893.976145699577,0.08411312087732317
672,w160032057,300.306428108085,mfh,37313.43611538925,41459.37346154361,46641.79514423657,r1,-50179.004808741316,-57130.456492980906,-6951.45168423959,0.09137525939709207
673,w160032058,579.3688813976943,mfh,57693.4417204568,64103.82413384089,72116.80215057099,r2,-71419.75754848367,-81313.75596058255,-9893.998412098881,0.08411312087732317
674,w160032059,915.3225905947387,mfh,92194.63134061452,102438.47926734947,115243.28917576815,r2,-114129.40572210305,-129940.10289818517,-15810.697176082118,0.08411312087732317
675,w160032060,914.9022733874618,mfh,89683.02969465003,99647.81077183336,112103.78711831254,r2,-111020.24850658627,-126400.2245823845,-15379.97607579823,0.08411312087732317
676,w160032061,434.5004198986106,mfh,54507.02112981529,60563.35681090588,68133.77641226912,r2,-67475.22972617454,-76822.78058160238,-9347.550855427835,0.08411312087732317
677,w160032062,579.3681231357157,mfh,63760.568600850966,70845.07622316774,79700.7107510637,r2,-78930.36391711005,-89864.82970176541,-10934.46578465536,0.08411312087732317
678,w160032063,157.0142166607082,mfh,21768.76703500984,24187.51892778871,27210.9587937623,r1,-29274.577188553656,-33330.07429692442,-4055.4971083707605,0.09137525939709207
679,w160032064,245.02896427586674,mfh,31648.601750868154,35165.11305652017,39560.75218858519,r1,-42560.95135638743,-48457.05069348825,-5896.099337100823,0.09137525939709207
680,w160032065,177.6155174203217,mfh,23633.30432957042,26259.22703285602,29541.630411963022,r1,-31782.001741481527,-36184.860075886776,-4402.8583344052495,0.09137525939709207
681,w160032066,915.0334876678884,mfh,90981.15204470573,101090.16893856191,113726.44005588215,r2,-112627.21770004263,-128229.81215476153,-15602.5944547189,0.08411312087732317
682,w160032067,686.1767572972923,mfh,82068.33429355826,91187.03810395363,102585.41786694783,r2,-101593.87900714461,-115667.99115871965,-14074.112151575042,0.08411312087732317
683,w160032068,579.4084268193692,mfh,55797.50842459628,61997.23158288475,69746.88553074535,r2,-69072.74734627476,-78641.60722513136,-9568.859878856601,0.08411312087732317
684,w160032069,582.2339869499207,mfh,56337.525071553566,62597.25007950396,70421.90633944195,r2,-69741.24374461253,-79402.71248312757,-9661.468738515046,0.08411312087732317
685,w160032070,655.6557445708662,mfh,64738.30461673968,71931.4495741552,80922.8807709246,r2,-80140.7210585602,-91242.86133619392,-11102.14027763372,0.08411312087732317
686,w160032071,187.63290931591763,mfh,21296.262178485253,23662.513531650282,26620.327723106566,r1,-28639.153975468165,-32606.623954133112,-3967.469978664947,0.09137525939709207
687,w160032072,300.05888833065984,mfh,31840.051021962732,35377.83446884748,39800.06377745341,r1,-42818.41180214153,-48750.17792570182,-5931.766123560294,0.09137525939709207
688,w160032074,652.9879129000007,mfh,66119.07190804384,73465.63545338204,82648.8398850548,r2,-81849.99792322771,-93188.9295757604,-11338.931652532687,0.08411312087732317
689,w160032075,187.48918503960593,mfh,19824.58853199762,22027.320591108466,24780.73566499702,r1,-26660.051360645084,-30353.35017434706,-3693.2988137019747,0.09137525939709207
690,w160032079,410.4375718038529,mfh,56450.435111772305,62722.70567974701,70563.04388971538,r2,-69881.01713057699,-79561.84910562847,-9680.831975051478,0.08411312087732317
691,w160032080,367.35827468354256,mfh,37513.62238413698,41681.802649041085,46892.027980171224,r1,-50448.21474456905,-57436.96090822201,-6988.746163652962,0.09137525939709207
692,w160032082,146.62608959153295,mfh,18641.24062010344,20712.48957789271,23301.550775129297,r1,-25068.688389469608,-28541.530802165256,-3472.842412695649,0.09137525939709207
693,w160032083,292.00384606306903,mfh,30643.0030164966,34047.781129440664,38303.75377062075,r1,-41208.624983344474,-46917.38239369002,-5708.757410345548,0.09137525939709207
694,w160032087,547.5336022242903,mfh,60767.66004008141,67519.62226675713,75959.57505010176,r2,-75225.3881451559,-85646.59225457112,-10421.204109415223,0.08411312087732317
695,w160032089,324.3052944285795,mfh,36712.527765060455,40791.69751673384,45890.65970632557,r1,-49370.90493534676,-56210.40806167148,-6839.503126324715,0.09137525939709207
696,w160032093,651.9691053661052,mfh,70334.93715781553,78149.93017535059,87918.6714472694,r2,-87068.89395398764,-99130.81530592103,-12061.921351933386,0.08411312087732317
697,w160032096,417.5862662355881,mfh,47555.89860683755,52839.88734093061,59444.87325854694,r1,-63953.03979770244,-72812.6508622992,-8859.611064596756,0.09137525939709207
698,w160032097,55.47504670508206,th,7948.649698139474,8831.832997932748,9935.812122674342,r1,-10689.321942704713,-12170.1465486373,-1480.8246059325866,0.09137525939709207
699,w160032099,154.26596265360712,mfh,19916.581628132146,22129.53514236905,24895.727035165182,r1,-26783.76341972831,-30494.200445014052,-3710.4370252857407,0.09137525939709207
700,w160032101,417.4909567882307,mfh,46112.95125263289,51236.61250292543,57641.18906579111,r1,-62012.56822061459,-70603.359796579,-8590.79157596441,0.09137525939709207
701,w160032104,110.95144802480935,th,12429.560392323068,13810.622658136743,15536.950490403835,r1,-16715.23814553452,-19030.851434441363,-2315.613288906843,0.09137525939709207
702,w160032105,152.98637234792113,mfh,20848.956423449432,23165.507137166034,26061.19552931179,r1,-28037.618443776322,-31921.75585734063,-3884.137413564309,0.09137525939709207
703,w160032106,115.7174410201609,mfh,13210.000451569256,14677.778279521395,16512.50056446157,r1,-17764.77176030921,-20225.78016500002,-2461.0084046908087,0.09137525939709207
704,w160032107,169.80155310891567,th,20257.197734231464,22507.997482479404,25321.49716778933,r1,-27241.823009122258,-31015.716436469203,-3773.893427346946,0.09137525939709207
705,w160032108,125.84912734059617,mfh,15892.879065874109,17658.7545176379,19866.098832342635,r1,-21372.69943741073,-24333.52514663352,-2960.8257092227905,0.09137525939709207
706,w160032109,117.1162128248019,mfh,12173.84675432335,13526.49639369261,15217.308442904186,r1,-16371.355158420487,-18639.329280726353,-2267.9741223058663,0.09137525939709207
707,w160032110,214.96215275530702,mfh,27759.583627761367,30843.98180862374,34699.479534701706,r1,-37331.01063216202,-42502.59021454748,-5171.579582385464,0.09137525939709207
708,w160032111,253.8681676615961,th,29680.37219464188,32978.191327379864,37100.46524330235,r1,-39914.08173920276,-45443.50209714742,-5529.420357944662,0.09137525939709207
709,w160032112,125.84912488418631,th,14784.277193453934,16426.97465939326,18480.346491817418,r1,-19881.85473162904,-22636.149143938972,-2754.2944123099333,0.09137525939709207
710,w160032113,105.45346036842092,mfh,13847.210707174945,15385.789674638827,17309.01338396868,r1,-18621.690334662366,-21201.41030188114,-2579.7199672187744,0.09137525939709207
711,w160032114,381.28189064939505,mfh,38441.58971886041,42712.87746540045,48051.98714857551,r1,-51696.14262790428,-58857.76807482491,-7161.625446920632,0.09137525939709207
712,w160032115,139.91205219514669,mfh,18194.998750903073,20216.66527878119,22743.748438628838,r1,-24468.583568481765,-27858.2916168257,-3389.708048343935,0.09137525939709207
713,w160032116,192.1807412372902,mfh,25401.90433957016,28224.338155077952,31752.3804244627,r1,-34160.410101732086,-38892.756652667136,-4732.34655093505,0.09137525939709207
714,w160032117,302.6253065098543,mfh,38132.472874110405,42369.414304567115,47665.591092638,r1,-51280.44315731126,-58384.48047955694,-7104.037322245684,0.09137525939709207
715,w160032118,188.54685349911452,mfh,24193.179771566014,26881.31085729557,30241.474714457516,r1,-32534.920674203633,-37042.08318129855,-4507.162507094916,0.09137525939709207
716,w160032119,301.6826584111899,mfh,37828.96424629396,42032.182495882174,47286.20530786744,r1,-50872.28560120738,-57919.77960336075,-7047.494002153369,0.09137525939709207
717,w160032121,128.1140758719295,mfh,17251.90075647625,19168.778618306944,21564.87594559531,r1,-23200.308016181723,-26414.317956168987,-3214.0099399872634,0.09137525939709207
718,w160032123,387.4767547928728,mfh,54442.01474559972,60491.1274951108,68052.51843199965,r2,-67394.75714452,-76731.15988600241,-9336.402741482409,0.08411312087732317
719,w160032125,297.0948597435839,mfh,31398.011390583837,34886.67932287093,39247.51423822979,r1,-42223.95813885461,-48073.37277029963,-5849.414631445026,0.09137525939709207
720,w160032126,464.2806208854541,mfh,50568.14004669606,56186.82227410674,63210.17505837008,r2,-62599.2174173277,-71271.27930867787,-8672.061891350168,0.08411312087732317
721,w160032127,228.89082276217522,mfh,26202.43345212795,29113.81494680883,32753.041815159933,r1,-35236.959419365354,-40118.44365439264,-4881.484235027288,0.09137525939709207
722,w160032128,268.14993185095955,mfh,30473.596445371426,33859.55160596825,38091.99555671428,r1,-40980.807499025024,-46658.00465342074,-5677.197154395719,0.09137525939709207
723,w160032129,100.24086796883493,mfh,13847.774666178364,15386.416295753737,17309.718332722954,r1,-18622.448745157104,-21202.273777311522,-2579.8250321544183,0.09137525939709207
724,w160032130,150.2635816658847,mfh,14029.486662093666,15588.318513437407,17536.858327617083,r1,-18866.81453041051,-21480.492305478925,-2613.677775068416,0.09137525939709207
725,w160032131,100.12314690686762,mfh,14135.939899488163,15706.599888320181,17669.924874360204,r1,-19009.97254712614,-21643.482442026405,-2633.509894900264,0.09137525939709207
726,w160032132,257.78643680289383,mfh,32040.0698986087,35600.07766512078,40050.087373260874,r1,-43087.39662953772,-49056.42604754885,-5969.0294180111305,0.09137525939709207
727,w160032133,136.6476590367034,mfh,17304.298376071107,19226.998195634562,21630.372970088883,r1,-23270.772188858984,-26494.543747150623,-3223.771558291639,0.09137525939709207
728,w160032134,132.71697852164507,th,15243.003074861019,16936.67008317891,19053.753843576273,r1,-20498.74801741053,-23338.50255167359,-2839.754534263062,0.09137525939709207
729,w160032135,165.9338162511587,mfh,22655.11538553312,25172.350428370133,28318.8942319164,r1,-30466.535978025313,-34687.158799155804,-4220.6228211304915,0.09137525939709207
730,w160032136,153.4784858365543,mfh,20651.507489251788,22946.119432501986,25814.384361564735,r1,-27772.089667816228,-31619.44256435201,-3847.3528965357837,0.09137525939709207
731,w160032137,244.7570460377261,mfh,31882.694606522888,35425.21622946987,39853.368258153605,r1,-42875.75877571128,-48815.46935168801,-5939.710575976729,0.09137525939709207
732,w160032138,345.56507694348693,mfh,33660.554635708184,37400.61626189798,42075.693294635224,r1,-45266.619983933386,-51537.543907724124,-6270.923923790739,0.09137525939709207
733,w160032139,170.051029805094,mfh,20953.231302739754,23281.36811415528,26191.53912842469,r1,-28177.847010589605,-32081.41071829164,-3903.5637077020365,0.09137525939709207
734,w160032140,210.13578363517297,mfh,25061.983224774885,27846.648027527648,31327.479030968607,r1,-33703.28513470527,-38372.304759686755,-4669.0196249814835,0.09137525939709207
735,w160032141,252.5825279586017,mfh,26752.030081941455,29724.477868823837,33440.03760242682,r1,-35976.05543413591,-40959.928910565526,-4983.873476429617,0.09137525939709207
736,w160032142,252.46278136584442,mfh,34459.97295454553,38288.858838383916,43074.96619318191,r1,-46341.67550926976,-52761.53017751697,-6419.854668247215,0.09137525939709207
737,w160032143,236.73276664549485,mfh,29576.02728282697,32862.25253647441,36970.03410353371,r1,-39773.75899284575,-45283.74000967119,-5509.981016825441,0.09137525939709207
738,w160032144,216.15235636769793,mfh,24178.437367510116,26864.93040834457,30223.046709387643,r1,-32515.095130350586,-37019.51114395218,-4504.416013601593,0.09137525939709207
739,w160032145,143.2480424195528,mfh,18000.89068230275,20000.989647003054,22501.113352878438,r1,-24207.547579258196,-27561.093510121893,-3353.5459308636964,0.09137525939709207
740,w160032146,425.3107569515705,mfh,43179.60460429989,47977.3384492221,53974.50575537486,r1,-58067.81182998832,-66112.12418501057,-8044.312355022252,0.09137525939709207
741,w160032147,237.48158785337583,mfh,32014.72814949744,35571.92016610827,40018.4101868718,r1,-43053.317116019236,-49017.62539433161,-5964.3082783123755,0.09137525939709207
742,w160032148,183.97369813346305,th,23560.800292201195,26178.66699133466,29451.000365251493,r1,-31684.498514264596,-36073.84942707708,-4389.350912812486,0.09137525939709207
743,w160032149,343.71558685973287,mfh,34361.6584028396,38179.620447599555,42952.0730035495,r1,-46209.46237436668,-52611.00115088182,-6401.538776515139,0.09137525939709207
744,w160032150,136.78365420317277,mfh,19017.245100468906,21130.27233385434,23771.556375586133,r1,-25574.33816586706,-29117.229795424835,-3542.8916295577765,0.09137525939709207
745,w160032151,156.68413198292254,mfh,18994.198311231074,21104.66479025675,23742.74788903884,r1,-25543.344907984967,-29081.942946318166,-3538.598038333199,0.09137525939709207
746,w160032152,131.687454425171,th,16816.435705141692,18684.928561268545,21020.544631427114,r1,-22614.695829799788,-25747.57911462815,-3132.8832848283637,0.09137525939709207
747,w160032153,131.7784823913127,mfh,14664.81319433541,16294.236882594898,18331.01649291926,r1,-19721.19987883815,-22453.238280865076,-2732.0384020269266,0.09137525939709207
748,w160032155,131.65618118494749,mfh,16155.971644692994,17951.079605214436,20194.96455586624,r1,-21726.505603556125,-24736.345167854757,-3009.8395642986325,0.09137525939709207
749,w160032156,597.6746075108182,mfh,62825.58869422202,69806.20966024668,78531.98586777752,r2,-77772.93533852577,-88547.0589866112,-10774.123648085428,0.08411312087732317
750,w160032157,145.99030133634804,mfh,18497.65764028637,20552.95293365152,23122.072050357958,r1,-24875.59839871095,-28321.691461821345,-3446.0930631103947,0.09137525939709207
751,w160032158,192.3817300193943,mfh,24447.84564861781,27164.27294290868,30559.807060772262,r1,-32877.39463531744,-37432.00111231305,-4554.606476995614,0.09137525939709207
752,w160032159,156.72131929650496,mfh,19753.449044420944,21948.276716023272,24691.81130552618,r1,-26564.383176182997,-30244.42878240224,-3680.0456062192425,0.09137525939709207
753,w160032160,462.61881872685626,other,21516.45961733097,23907.177352589966,26895.57452166371,nr1,-27039.95119512478,-30787.3391998978,-3747.38800477302,0.09137161354186375
754,w160032161,876.0951372385025,trade,41598.98809684389,46221.0978853821,51998.73512105486,nr1,-52277.866708108864,-59522.90384606091,-7245.037137952044,0.09137161354186375
755,w160032162,197.75498196221892,mfh,21819.024375477275,24243.36041719697,27273.78046934659,r1,-29342.16311983029,-33407.02311488234,-4064.8599950520475,0.09137525939709207
756,w160032163,355.37988740094,mfh,43004.925360010486,47783.25040001165,53756.1567000131,r1,-57832.9036695048,-65844.67347542592,-8011.769805921125,0.09137525939709207
757,w160032164,218.83437259588393,mfh,24626.450963512878,27362.723292792085,30783.063704391097,r1,-33117.58256460037,-37705.463013288165,-4587.8804486877925,0.09137525939709207
758,w160032165,192.38173281145282,mfh,24614.11645560697,27349.018284007743,30767.645569508713,r1,-33100.99515277344,-37686.57769634492,-4585.58254357148,0.09137525939709207
759,w160032166,5513.669180350005,other,296885.1769801247,329872.41886680527,371106.47122515587,nr2,-343459.9148696407,-391059.023160003,-47599.10829036229,0.08411312087732317
760,w160032167,119.51807446111924,mfh,13433.338114289052,14925.931238098947,16791.672642861315,r1,-18065.115626173858,-20567.731589248382,-2502.615963074524,0.09137525939709207
761,w160032168,107.41719602905214,th,13873.999853026246,15415.555392251383,17342.499816282805,r1,-18657.716303279612,-21242.4270586014,-2584.7107553217866,0.09137525939709207
763,w160032170,37.81535124108195,sfh,4769.791538029326,5299.76837558814,5962.239422536657,r0,-7870.947868970616,-8961.334456525781,-1090.3865875551655,0.11212422659643176
764,w160032171,82.13437312801835,th,9646.465808249995,10718.295342499994,12058.082260312494,r1,-12972.540311823426,-14769.666172394132,-1797.1258605707062,0.09137525939709207
765,w160032172,100.39566505721304,th,14312.979822175337,15903.310913528152,17891.22477771917,r1,-19248.055341334286,-21914.547577097917,-2666.4922357636315,0.09137525939709207
766,w160032173,119.7984774223063,mfh,12295.751901574888,13661.94655730543,15369.689876968609,r1,-16535.292860411497,-18825.97777618485,-2290.6849157733523,0.09137525939709207
767,w160032174,119.65868240431882,mfh,13051.979082176204,14502.19898019578,16314.973852720253,r1,-17552.265063522107,-19983.834262694134,-2431.569199172027,0.09137525939709207
768,w160032175,69.26172256879508,th,7386.415528105403,8207.128364561559,9233.019410131752,r1,-9933.230999095727,-11309.312003926178,-1376.0810048304502,0.09137525939709207
769,w160032176,103.52918697646818,th,13372.589931875937,14858.433257639928,16715.73741484492,r1,-17983.42163991102,-20474.720284107574,-2491.298644196555,0.09137525939709207
770,w160032177,62.96843930834439,th,7111.322358229594,7901.469286921771,8889.152947786992,r1,-9563.286471570507,-10888.117924546706,-1324.8314529761992,0.09137525939709207
771,w160032178,300.84989367914386,mfh,31793.30178992664,35325.89087769627,39741.6272374083,r1,-42755.54356529811,-48678.60035887954,-5923.056793581432,0.09137525939709207
772,w160127708,318.335366258584,mfh,40928.439383668316,45476.04375963146,51160.54922958539,r1,-55040.451120510406,-62665.37389650628,-7624.922775995874,0.09137525939709207
773,w160127710,130.057766958978,mfh,19160.41845180246,21289.353835336067,23950.523064753073,r1,-25766.87728938366,-29336.44195519541,-3569.5646658117475,0.09137525939709207
774,w160127712,149.28690248169005,mfh,19893.976263748034,22104.41807083115,24867.470329685042,r1,-26753.363788758226,-30459.589459779116,-3706.2256710208894,0.09137525939709207
775,w160127717,149.4986190713942,mfh,20018.073736971855,22242.30415219095,25022.59217121482,r1,-26920.24972460166,-30649.59461698249,-3729.3448923808282,0.09137525939709207
776,w160127718,161.62649620659647,mfh,19998.168014560528,22220.18668284503,24997.710018200658,r1,-26893.480564626392,-30619.11704304196,-3725.6364784155667,0.09137525939709207
777,w160127719,242.7560603125021,mfh,26016.569220877962,28907.299134308847,32520.71152609745,r1,-34987.009719615795,-39833.86765490035,-4846.857935284555,0.09137525939709207
778,w164087844,70.24407002975931,other,5531.1032271675895,6145.670252408432,6913.879033959486,nr1,-6950.993052655433,-7914.31091513286,-963.3178624774273,0.09137161354186375
779,w164087850,88.49543042890728,other,9571.515035104732,10635.016705671924,11964.393793880914,nr1,-12028.619206673171,-13695.630474696332,-1667.0112680231614,0.09137161354186375
780,w164087857,77.59434223277493,other,5732.685063821826,6369.65007091314,7165.856329777282,nr1,-7204.322974115363,-8202.749091858435,-998.4261177430726,0.09137161354186375
786,w164088149,49.229225591477004,other,5037.637509600219,5597.37501066691,6297.046887000274,nr1,-6330.849722535212,-7208.223728836171,-877.3740063009591,0.09137161354186375
788,w164088153,80.69597001839429,other,6314.859681225849,7016.51075691761,7893.574601532311,nr1,-7935.947670818044,-9035.767522323238,-1099.8198515051945,0.09137161354186375
791,w164088159,54.065223559696456,other,5119.410322922457,5688.233692136064,6399.262903653072,nr1,-6433.614439437819,-7325.23030825753,-891.6158688197111,0.09137161354186375
793,w164088169,56.479432658094446,other,4565.7132450906565,5073.014716767396,5707.14155636332,nr0,-7035.480758963531,-8010.5075263455965,-975.0267673820654,0.11203696912796754
795,w164088175,32.08830586867407,other,2825.594723491785,3139.54969276865,3531.993404364731,nr0,-4354.06611029086,-4957.48343881897,-603.4173285281104,0.11203696912796754
799,w164088182,35.81288355943252,other,2845.4381235960636,3161.597915106737,3556.7976544950793,nr0,-4384.643558354683,-4992.2985262655,-607.6549679108175,0.11203696912796754
800,w359788107,586.4023264580406,other,46109.15580262688,51232.39533625209,57636.4447532836,nr1,-57945.839823349845,-65976.38483112596,-8030.54500777612,0.09137161354186375
801,w377595955,68.13203878551721,other,5269.498540512313,5854.998378347015,6586.873175640391,nr1,-6622.231811941057,-7539.98761252728,-917.7558005862238,0.09137161354186375
802,w377595956,85.03076633159071,other,6722.920315991011,7469.911462212234,8403.650394988763,nr1,-8448.761574449942,-9619.65080981917,-1170.8892353692281,0.09137161354186375
805,w377595969,38.68702136902139,other,3090.1691164444,3433.521240493778,3862.7113955555,nr0,-4761.758830137881,-5421.677104136022,-659.9182739981406,0.11203696912796754
814,w377595984,35.49371746703982,other,2841.029831970761,3156.699813300845,3551.287289963451,nr0,-4377.850654542103,-4984.564213717338,-606.7135591752349,0.11203696912796754
818,w377595990,36.364706988167015,other,2791.57936980043,3101.754855333811,3489.474212250537,nr0,-4301.650561271834,-4897.803771671916,-596.1532104000826,0.11203696912796754
819,w377595993,54.98309161569923,other,4220.0307815631595,4688.923090625733,5275.038476953949,nr0,-6502.805535990668,-7404.010397164257,-901.2048611735881,0.11203696912796754
823,w377596001,68.93592455182224,other,4836.798385703419,5374.220428559354,6045.997982129273,nr0,-7453.206136892768,-8486.124246579606,-1032.9181096868379,0.11203696912796754
825,w377596004,35.535723760165276,other,2630.7606042728767,2923.067338080974,3288.450755341096,nr0,-4053.838824131757,-4615.648528343556,-561.8097042117988,0.11203696912796754
827,w377596008,41.66994294051546,other,3243.63691899437,3604.041021104855,4054.546148742962,nr0,-4998.243189535991,-5690.93514146461,-692.6919519286184,0.11203696912796754
831,w377596012,33.714099188242116,other,2925.7385905314077,3250.8206561460083,3657.1732381642596,nr0,-4508.381594392507,-5133.1850559761215,-624.8034615836141,0.11203696912796754
836,w377596021,41.97082374822348,other,3488.321395519886,3875.9126616887625,4360.401744399857,nr0,-5375.286782552562,-6120.23210681721,-744.9453242646478,0.11203696912796754
838,w377596023,32.13139781658538,other,2490.0711216668888,2766.7456907409874,3112.5889020836107,nr0,-3837.0450627348328,-4368.809951587831,-531.7648888529984,0.11203696912796754
844,w377596038,30.39147779517807,other,2398.685899783123,2665.2065553145812,2998.357374728904,nr0,-3696.2261072500187,-4208.475307601198,-512.2492003511798,0.11203696912796754
847,w377596043,50.74534401865676,other,3919.317771017566,4354.797523352851,4899.1472137719575,nr0,-6039.425449223632,-6876.411815094811,-836.9863658711784,0.11203696912796754
848,w377596044,31.44567816138733,other,2904.869813374752,3227.633125971947,3631.08726671844,nr0,-4476.22410392667,-5096.570952657484,-620.3468487308137,0.11203696912796754
861,w377596072,32.00744857888203,other,2718.9974702297686,3021.108300255298,3398.7468377872106,nr0,-4189.806358522681,-4770.459406930564,-580.653048407883,0.11203696912796754
863,w377596074,30.798605113010854,other,2855.316162411527,3172.5735137905854,3569.1452030144083,nr0,-4399.865003130527,-5009.629466696742,-609.7644635662155,0.11203696912796754
877,w377596096,31.32093481458723,other,2660.043472138398,2955.603857931553,3325.0543401729974,nr0,-4098.9619061949315,-4667.025086799557,-568.0631806046258,0.11203696912796754
882,w377596101,34.10184732507914,other,2734.2308274665847,3038.0342527406497,3417.788534333231,nr0,-4213.280016630596,-4797.1862108813475,-583.9061942507515,0.11203696912796754
886,w377596106,35.077698366669935,other,2779.2898943774467,3088.099882641607,3474.112367971808,nr0,-4282.713242339435,-4876.241984917896,-593.5287425784609,0.11203696912796754
893,w377596115,40.14825235735625,other,3192.6172371227067,3547.352485691896,3990.771546403383,nr0,-4919.625026092964,-5601.42151595075,-681.7964898577866,0.11203696912796754
895,w377596117,32.339281557500364,other,2797.665055321845,3108.5167281353833,3497.081319152306,nr0,-4311.028224977949,-4908.48105845174,-597.4528334737906,0.11203696912796754
899,w377596123,32.752713098051025,other,2913.410473739367,3237.1227485992963,3641.7630921742084,nr0,-4489.384731508505,-5111.555473247837,-622.1707417393318,0.11203696912796754
901,w377596125,37.63718191203661,other,2922.0877489035165,3246.7641654483514,3652.6096861293954,nr0,-4502.755874018002,-5126.779683415948,-624.023809397946,0.11203696912796754
909,w377596135,73.15242530554532,other,5088.204744337678,5653.560827041864,6360.255930422097,nr1,-6394.3980749914845,-7280.579062192641,-886.1809872011563,0.09137161354186375
916,w377596142,40.572792674647644,other,3113.8461841117532,3459.8290934575034,3892.3077301396916,nr0,-4798.243721996006,-5463.218330789944,-664.9746087939384,0.11203696912796754
917,w377596143,37.61386710904771,other,2745.329396719578,3050.3659963550867,3431.6617458994724,nr0,-4230.382223063604,-4816.658562244712,-586.2763391811077,0.11203696912796754
918,w377596145,32.806498026452026,other,2693.449218590027,2992.721353988919,3366.811523237534,nr0,-4150.438088290241,-4725.635202899535,-575.1971146092947,0.11203696912796754
919,w377596147,34.850180151499806,other,2595.9189583634725,2884.354398181636,3244.8986979543406,nr0,-4000.150010085056,-4554.519138080674,-554.3691279956179,0.11203696912796754
929,w377596159,36.51154847629368,other,2488.2164818409556,2764.684979823284,3110.2706023011942,nr0,-3834.187177863462,-4365.5560007839185,-531.3688229204568,0.11203696912796754
931,w377596161,32.13265920560807,other,2649.7963962137605,2944.2182180152895,3312.2454952672006,nr0,-4083.1717981365814,-4649.046673699347,-565.8748755627653,0.11203696912796754
934,w377596166,38.724472055921794,other,2981.905002903568,3313.227781003964,3727.38125362946,nr0,-4594.930550126695,-5231.7285791636095,-636.7980290369142,0.11203696912796754
935,w377596167,41.94859704792034,other,3114.8432704850466,3460.9369672056073,3893.554088106308,nr0,-4799.780170217295,-5464.967710890911,-665.1875406736162,0.11203696912796754
936,w377596168,31.29673577034846,other,2563.979256552608,2848.865840614009,3204.97407069076,nr0,-3950.932911797293,-4498.4811856270735,-547.5482738297806,0.11203696912796754
937,w377596169,36.7579496475868,other,3082.2442820121273,3424.7158689023636,3852.805352515159,nr0,-4749.547152099147,-5407.7730452394135,-658.2258931402666,0.11203696912796754
940,w379327852,945.496160332486,other,38030.77627777757,42256.41808641952,47538.47034722196,nr1,-47793.659029086004,-54417.242897909695,-6623.583868823691,0.09137161354186375
941,w379327862,94.51021252730861,other,9084.066665311519,10093.407405901688,11355.083331639398,nr1,-11416.037938018037,-12998.153353916996,-1582.1154158989593,0.09137161354186375
942,w387435839,3594.435384737421,other,196483.33588232234,218314.8176470248,245604.1698529029,nr2,-227307.23878465395,-258809.0863239818,-31501.847539327864,0.08411312087732317
943,w387435840,942.2609318409114,other,56823.35165188755,63137.05739098616,71029.18956485944,nr2,-65737.68255958267,-74848.07633609849,-9110.393776515819,0.08411312087732317
944,w390787314,132.5826213063672,other,9844.203167691367,10938.003519657073,12305.253959614207,nr1,-12371.309125357246,-14085.812790144233,-1714.5036647869874,0.09137161354186375
945,w390787315,330.5195846647024,other,28537.57339615315,31708.414884614613,35671.966745191436,nr1,-35863.45549328776,-40833.66723499713,-4970.211741709369,0.09137161354186375
946,w390787316,150.59577141329646,other,12304.720854223664,13671.912060248515,15380.90106777958,nr1,-15463.466447790744,-17606.5031811229,-2143.0367333321537,0.09137161354186375
947,w390789514,104.66224040389062,trade,10397.319493968453,11552.577215520503,12996.649367460564,nr1,-13066.415975357433,-14877.25247199494,-1810.8364966375066,0.09137161354186375
948,w390789515,335.6007874913513,trade,25636.797863414322,28485.330959349245,32045.997329267902,nr1,-32218.021707792148,-36683.023408944064,-4465.001701151916,0.09137161354186375
949,w390790006,38.98714106846601,trade,2776.3285059702725,3084.8094510780807,3470.4106324628406,nr0,-4278.149926590053,-4871.046252542543,-592.8963259524899,0.11203696912796754
950,w390793102,268.1788772383239,sfh,30059.790808766775,33399.76756529642,37574.738510958465,r1,-40424.322833156766,-46024.42845728905,-5600.10562413228,0.09137525939709207
951,w390793103,629.0808588726446,th,87553.79058492262,97281.98953880291,109442.23823115327,r2,-108384.42480731195,-123399.25212889483,-15014.827321582881,0.08411312087732317
952,w390793104,761.76513240356,mfh,80676.55852455663,89640.6205828407,100845.69815569579,r2,-99870.97454834016,-113706.40745253692,-13835.432904196758,0.08411312087732317
953,w390793105,324.12222724705936,th,47118.253767594215,52353.615297326905,58897.817209492765,r1,-63364.4962386209,-72142.57455599363,-8778.078317372732,0.09137525939709207
954,w390793106,1475.9963392082602,mfh,145242.0290743921,161380.03230488012,181552.53634299012,r2,-179797.74118181638,-204705.6745998798,-24907.933418063418,0.08411312087732317
955,w390793107,895.6360460046678,mfh,90245.7910168643,100273.10112984922,112807.23877108037,r2,-111716.90095080952,-127193.38642979706,-15476.485478987539,0.08411312087732317
956,w390793108,286.70933025064875,mfh,25575.074405456515,28416.749339396127,31968.843006820643,r1,-34393.28872330877,-39157.89666508553,-4764.607941776761,0.09137525939709207
957,w390793793,117.72837251536548,mfh,12242.925925452717,13603.251028280796,15303.657406815895,r1,-16464.252635071127,-18745.096130195074,-2280.843495123947,0.09137525939709207
958,w390794364,96.81251710766227,sfh,13040.642047928714,14489.602275476347,16300.802559910891,r1,-17537.019051488736,-19966.47617377858,-2429.457122289845,0.09137525939709207
959,w475684695,267.0884538785554,mfh,32327.72471892473,35919.69413213859,40409.65589865591,r1,-43474.23402953645,-49496.85322091987,-6022.619191383419,0.09137525939709207
960,w620369477,3702.806372543797,other,329831.05954184383,366478.95504649315,412288.8244273048,nr2,-381574.27994186786,-434455.546970259,-52881.26702839113,0.08411312087732317
961,w620369478,20480.360502976928,other,1687025.1117225294,1874472.3463583658,2108781.3896531616,nr2,-1951682.1525042197,-2222160.092151631,-270477.93964741146,0.08411312087732317
962,w993163452,1412.2592688187956,other,69902.24125333331,77669.15694814813,87377.80156666663,nr2,-80868.36154731372,-92075.67201326934,-11207.310465955627,0.08411312087732317
963,w993163453,1066.3710880815981,other,51293.74656664398,56993.051740715535,64117.183208304974,nr2,-59340.60436538359,-67564.4457247908,-8223.841359407212,0.08411312087732317
964,w993163454,1257.084109787643,other,59883.17288306017,66536.85875895574,74853.96610382521,nr2,-69277.52227224443,-78878.49211460906,-9600.969842364633,0.08411312087732317
965,w993163455,1355.0658122852444,mfh,137933.86271477625,153259.84746086248,172417.3283934703,r2,-170750.82954051145,-194405.46649712004,-23654.636956608592,0.08411312087732317
966,w993163456,1286.649396429956,mfh,130250.32129646631,144722.5792182959,162812.90162058288,r2,-161239.2343081048,-183576.2007578922,-22336.966449787404,0.08411312087732317
967,w993163457,923.1744978809729,ab,96260.7750734298,106956.41674825533,120325.96884178725,r2,-119162.95877241419,-135670.9695154485,-16508.010743034305,0.08411312087732317
968,w993163458,923.3917086940259,ab,96786.7143031862,107540.7936702069,120983.39287898275,r2,-119814.02848076065,-136412.23391055467,-16598.20542979402,0.08411312087732317
969,w993163460,1313.604391914094,ab,125644.15428679457,139604.6158742162,157055.1928584932,r2,-155537.1766521835,-177084.2195383816,-21547.04288619812,0.08411312087732317
970,w993163461,1099.8535498690792,ab,118342.74284405124,131491.93649339027,147928.42855506405,r2,-146498.62704494875,-166793.53188795978,-20294.904843011027,0.08411312087732317
971,w993164648,226.1375619597733,ab,25333.36690212359,28148.18544680399,31666.708627654487,r1,-34068.241147027,-38787.819249527085,-4719.578102500083,0.09137525939709207
972,w993164649,158.37299746889622,other,12554.80104281894,13949.778936465487,15693.501303523673,nr1,-15777.744735889642,-17964.336380933128,-2186.591645043485,0.09137161354186375
973,w993164650,163.5844805765897,other,11822.83966197053,13136.48851330059,14778.549577463164,nr1,-14857.881507140108,-16916.991989049347,-2059.1104819092398,0.09137161354186375
974,w993164651,162.24389737509188,other,11008.365752407117,12231.517502674575,13760.457190508896,nr1,-13834.32395371445,-15751.582578339505,-1917.258624625054,0.09137161354186375
975,w993164652,173.63842588849366,other,12537.52789010725,13930.586544563612,15671.909862634062,nr1,-15756.037391158365,-17939.620678580406,-2183.5832874220414,0.09137161354186375
976,w1006795433,259.34726619906723,mfh,31206.31317629144,34673.68130699049,39007.8914703643,r1,-41966.16291498246,-47779.864382126914,-5813.701467144456,0.09137525939709207
977,w1006849999,188.95288848243652,other,12692.659037467965,14102.954486075516,15865.823796834957,nr1,-15950.992264222086,-18161.593779137183,-2210.601514915097,0.09137161354186375
978,w1007159125,240.08975319266318,education,18188.745430473453,20209.717144970502,22735.931788091813,nr1,-22857.979309216844,-26025.800022301293,-3167.8207130844494,0.09137161354186375
979,w1007160095,265.99824453517795,sfh,29700.45869061807,33000.5096562423,37125.57336327258,r1,-39941.0940029638,-45474.25645278799,-5533.162449824187,0.09137525939709207
980,w1007176059,713.9090096209663,trade,44584.74507920726,49538.60564356363,55730.93134900908,nr1,-56030.09753601788,-63795.145405282965,-7765.047869265087,0.09137161354186375
981,w1029411791,412.32884333096445,trade,24243.8769969841,26937.64110776011,30304.846246230125,nr1,-30467.524046150542,-34689.929379717236,-4222.405333566694,0.09137161354186375
982,w1030080397,647.4037659055554,other,30520.396752890152,33911.551947655724,38150.49594111269,nr1,-38355.28954722924,-43670.83730586562,-5315.547758636385,0.09137161354186375
983,w1030080398,123.65970464986749,other,6312.042173885407,7013.380193206007,7890.052717356758,nr1,-7932.406881007245,-9031.736024775262,-1099.3291437680173,0.09137161354186375
984,w1030080399,86.80603968682699,other,6773.282403048039,7525.869336720043,8466.603003810047,nr1,-8512.05211575302,-9691.712602726335,-1179.6604869733146,0.09137161354186375
985,w1036126248,1409.4026292502879,trade,62527.62490135226,69475.13877928029,78159.53112669032,nr2,-72336.83050150055,-82361.78095235402,-10024.950450853474,0.08411312087732317
986,w1036126249,536.9865712554193,mfh,58786.42745363585,65318.25272626206,73483.0343170448,r2,-72772.78440456599,-82854.22178348745,-10081.437378921459,0.08411312087732317
987,w1036126250,784.2879224468953,mfh,83022.8157791949,92247.57308799434,103778.51972399362,r2,-102775.44894396665,-117013.24760862968,-14237.79866466303,0.08411312087732317
988,w1036126251,422.468481163308,mfh,52845.09736255475,58716.77484728305,66056.37170319344,r2,-65417.90416225824,-74480.44738728716,-9062.543225028923,0.08411312087732317
989,w1036680208,878.3984476357698,mfh,87023.10356131091,96692.33729034546,108778.87945163864,r2,-107727.47771886957,-122651.29614217288,-14923.81842330331,0.08411312087732317
990,w1075387093,82.43980132825672,other,6640.5639729472905,7378.404414385878,8300.704966184112,nr1,-8345.26352987771,-9501.809272984372,-1156.5457431066625,0.09137161354186375
991,w1075387094,82.56877346616238,other,5523.9930738652965,6137.770082072551,6904.99134233162,nr1,-6942.057651492643,-7904.137182772884,-962.0795312802411,0.09137161354186375
992,w1075387095,130.11354850369972,other,4922.185612555075,5469.095125061194,6152.732015693843,nr0,-7584.782554273346,-8635.935456051518,-1051.1529017781722,0.11203696912796754
993,w1075387096,86.78853361294604,other,5651.038189360073,6278.931321511192,7063.797736700091,nr1,-7101.716525845313,-8085.922715058009,-984.2061892126958,0.09137161354186375
994,w1075387097,130.27800867820625,other,5001.394598025604,5557.105108917338,6251.743247532005,nr1,-6285.302891059393,-7156.3646947718125,-871.0618037124195,0.09137161354186375
995,w1075387098,130.18280181584413,other,4914.504272727153,5460.56030303017,6143.1303409089405,nr0,-7572.946086308451,-8622.458606499007,-1049.5125201905557,0.11203696912796754
996,w1075387099,86.85200681062415,other,7574.079042728552,8415.643380809503,9467.598803410689,nr1,-9518.421306562626,-10837.551565755542,-1319.1302591929161,0.09137161354186375
997,w1107949539,145.45949292609,other,7234.128086910359,8037.920096567066,9042.660108637949,nr1,-9091.20152145189,-10351.124636128425,-1259.9231146765342,0.09137161354186375
998,w1107949540,113.13991883732378,other,8157.082843669978,9063.42538185553,10196.353554587471,nr1,-10251.088046555975,-11671.756453252729,-1420.6684066967537,0.09137161354186375
999,w1108636740,113.13954655230044,other,8437.78627390423,9375.318082115811,10547.232842380286,nr1,-10603.850870404773,-12073.407648425926,-1469.5567780211531,0.09137161354186375
1000,w1108636741,169.70950587596744,other,6388.827258846157,7098.696954273508,7986.034073557696,nr1,-8028.9034695156915,-9141.605794162206,-1112.7023246465142,0.09137161354186375
1001,w1108636742,113.35190696045755,other,7307.257952288273,8119.1755025425255,9134.072440360342,nr1,-9183.104558749537,-10455.764247434141,-1272.6596886846037,0.09137161354186375
1002,w1108636743,97.02220907397567,other,8465.714383767012,9406.34931529668,10582.142979708764,nr1,-10638.948406946212,-12113.369250234473,-1474.4208432882606,0.09137161354186375
1003,w1108636744,97.02139693088829,other,6248.685707876577,6942.984119862863,7810.857134845721,nr1,-7852.786172989164,-8941.080914956474,-1088.29474196731,0.09137161354186375
1004,w1108636745,97.02220705058426,other,6051.606396825816,6724.00710758424,7564.507996032269,nr1,-7605.1146207376505,-8659.085284331692,-1053.970663594041,0.09137161354186375
1005,w1108636746,96.97299731615931,other,6049.968200571248,6722.186889523609,7562.46025071406,nr1,-7603.055883028967,-8656.741232165936,-1053.6853491369684,0.09137161354186375
1006,w1108636747,96.97299630921333,other,6204.737122419419,6894.152358243799,7755.921403024274,nr1,-7797.555543648123,-8878.196033712567,-1080.6404900644447,0.09137161354186375
1007,w1108636748,93.15071205198764,other,7049.813241953456,7833.125824392729,8812.266552441819,nr1,-8859.571202114537,-10087.393346121307,-1227.82214400677,0.09137161354186375
1008,w1108636749,139.88183319568634,other,5418.6318681190805,6020.702075687867,6773.28983514885,nr1,-6809.649164599084,-7753.378589699971,-943.729425100887,0.09137161354186375
1009,w1108636750,139.7263257611543,other,5255.293421448891,5839.2149127209905,6569.116776811114,nr1,-6604.3800959511955,-7519.661879262675,-915.2817833114796,0.09137161354186375
1010,w1108636751,139.8837134392932,other,5137.657930030147,5708.508811144608,6422.072412537684,nr1,-6456.546390808773,-7351.340331913949,-894.7939411051757,0.09137161354186375
1011,w1108636752,93.1510556358844,other,5632.758798770266,6258.620887522518,7040.9484984628325,nr1,-7078.744631852732,-8059.7672132484795,-981.0225813957477,0.09137161354186375
1012,w1108636753,93.25489941500128,other,5561.032789158997,6178.925321287774,6951.290986448746,nr1,-6988.605834215801,-7957.136342434646,-968.5305082188452,0.09137161354186375
1013,w1108636754,139.72684112749994,other,6793.787494520834,7548.652771689815,8492.234368151043,nr1,-8537.821070429432,-9721.052801705418,-1183.231731275986,0.09137161354186375
1014,w1159236388,245.9913005110109,other,17161.798074090097,19068.664526766774,21452.24759261262,nr1,-21567.404238297575,-24556.36791480225,-2988.9636765046744,0.09137161354186375
1015,w1159236389,122.96537718712352,other,11214.556910810714,12460.618789789682,14018.19613851339,nr1,-14093.44645617339,-16046.616112977246,-1953.169656803857,0.09137161354186375
1016,w1159236390,245.9301320978673,other,9422.640053648083,10469.600059608982,11778.300067060103,nr1,-11841.526520220223,-13482.609158271558,-1641.0826380513354,0.09137161354186375
1017,w1219742100,99.15745026543736,other,6796.05397685548,7551.171085394977,8495.06747106935,nr1,-8540.66938157371,-9724.295851987312,-1183.626470413601,0.09137161354186375
1018,w1219742101,534.7382739499211,other,26665.5596979286,29628.399664365108,33331.94962241074,nr1,-33510.87705162701,-38155.05180573425,-4644.17475410724,0.09137161354186375
1019,w1219742102,331.85329187787136,other,16686.177045042114,18540.19671671346,20857.72130630264,nr1,-20969.686507706185,-23875.814226494254,-2906.1277187880696,0.09137161354186375
1020,w1219742103,321.63751182574777,other,17114.566871985295,19016.185413316995,21393.208589981616,nr1,-21508.048311601713,-24488.786023269866,-2980.7377116681528,0.09137161354186375
1021,w1219742104,906.7466930493712,other,37559.58202112246,41732.868912358295,46949.477526403076,nr1,-47201.50446788141,-53743.02336241514,-6541.518894533729,0.09137161354186375
1022,w1219742105,1260.638449399173,ab,128554.44727096538,142838.2747455171,160693.0590887067,r2,-159139.88110395882,-181186.01770523898,-22046.13660128016,0.08411312087732317
1023,w1219929093,501.3837405549362,other,33138.81990165809,36820.91100184232,41423.52487707261,nr1,-41645.88825213144,-47417.470491980035,-5771.582239848598,0.09137161354186375
1024,w1242595698,177.05818741209805,other,9156.077890481276,10173.419878312528,11445.097363101595,nr1,-11506.535168915769,-13101.19233221228,-1594.6571632965115,0.09137161354186375
1025,w1242595699,175.70056665593293,other,9159.768067274865,10177.52007474985,11449.71008409358,nr1,-11511.172651204894,-13106.472509651896,-1595.2998584470024,0.09137161354186375
