,full_id,NFA,building_usage,yearly_demand_useful_renovated,yearly_demand_delivered_renovated,yearly_demand_delivered_renovated_DH,consumer_size_renovated,npv_Gas_25years_ir_0.05,npv_DH_25years_ir_0.05,savings_npv_25years_ir_0.05,operator_selling_price
0,w24853838,27974.42320393324,trade,1197392.8826751309,1330436.536305701,1496741.1033439136,nr2,-2770474.84641947,-8235878.904926064,-5465404.058506595,0.3038801715442988
1,w24853840,937.1926232803613,trade,88019.54120636193,97799.49022929103,110024.4265079524,nr2,-203655.73274563154,-689330.8706934656,-485675.13794783404,0.3038801715442988
2,w24853841,8998.296452549099,trade,370411.49455784855,411568.3272864984,463014.36819731066,nr2,-857041.7808100404,-2928959.449119471,-2071917.6683094306,0.3038801715442988
3,w25538793,404.8852469230536,trade,30724.044681390333,34137.827423767034,38405.05585173791,nr1,-77222.43189418186,-300451.43193571776,-223229.00004153588,0.3301033335557358
4,w27689586,5481.69515059907,office,239232.2588022705,265813.6208914117,299040.3235028381,nr2,-553525.0501765565,-1063967.5329425402,-510442.4827659838,0.3038801715442988
5,w28994179,16672.165487814695,other,602602.7887910821,669558.6542123135,753253.4859888526,nr2,-1394275.757676167,-2680030.7188683255,-1285754.9611921585,0.3038801715442988
6,w28994181,2845.002712316811,trade,324149.90597616514,360166.56219573907,405187.3824702064,nr2,-750003.7573046566,-1441632.4014650136,-691628.6441603571,0.3038801715442988
7,w29249266,23411.247439788887,trade,2697249.5326306587,2996943.9251451762,3371561.915788323,nr2,-6240777.018796884,-11995815.051578758,-5755038.032781874,0.3038801715442988
8,w30213059,1747.46707642246,ab,186541.77691087977,207268.64101208863,233177.2211385997,r2,-461846.89567287173,-1217159.2784940992,-755312.3828212274,0.3038801715442988
9,w50930444,8762.936898044496,other,330222.16830016905,366913.5203335212,412777.7103752113,nr2,-764053.4900806929,-2726184.246814361,-1962130.756733668,0.3038801715442988
10,w50930445,4934.112452852726,other,202146.16980193532,224606.85533548368,252682.71225241915,nr2,-467716.892959224,-1793789.3649966072,-1326072.4720373831,0.3038801715442988
11,w50930458,1974.6456010334193,other,60554.61203303029,67282.90225892254,75693.26504128786,nr2,-140108.59083894952,-794391.076212781,-654282.4853738315,0.3038801715442988
12,w50930471,4724.4749339554455,other,258143.60911438576,286826.2323493175,322679.5113929822,nr2,-597281.2985304707,-2024538.1591188258,-1427256.860588355,0.3038801715442988
13,w50930472,9715.957844087014,other,1058464.4972369291,1176071.663596588,1323080.6215461614,nr2,-2449028.4749909914,-4707441.485820864,-2258413.010829873,0.3038801715442988
14,w50930478,6019.835157379508,trade,680901.6527717811,756557.3919686456,851127.0659647263,nr2,-1575440.2161428877,-3028259.045427758,-1452818.82928487,0.3038801715442988
15,w50930479,4489.048651921749,other,185541.01142931575,206156.6793659064,231926.26428664467,nr2,-429296.6098109103,-1502889.5836380243,-1073592.9738271139,0.3038801715442988
16,w50930480,4441.97852948606,other,168700.98991545063,187445.54435050068,210876.23739431327,nr2,-390332.9106839428,-1397763.654334272,-1007430.7436503293,0.3038801715442988
17,w50930481,1370.623297881335,other,62080.660377160784,68978.51153017864,77600.82547145098,nr2,-143639.49419824456,-587349.5722657748,-443710.0780675303,0.3038801715442988
18,w50930482,1573.369959426485,other,63379.87619939754,70422.08466599727,79224.84524924692,nr2,-146645.56247178864,-581067.4320091812,-434421.86953739263,0.3038801715442988
19,w50930483,704.9254127380437,other,45123.70064816985,50137.445164633165,56404.62581021231,nr1,-113414.81683976843,-411318.1284962716,-297903.3116565032,0.3301033335557358
20,w50930486,509.32494937628496,trade,30466.044901173256,33851.16100130362,38082.55612646657,nr1,-76573.97005710496,-288717.31182124245,-212143.3417641375,0.3301033335557358
21,w98916060,2713.01504517002,other,226605.19701500298,251783.55223889218,283256.4962687537,nr2,-524309.111471749,-1007809.6224442902,-483500.5109725412,0.3038801715442988
22,w98916062,151.14776481509907,trade,11092.043274505519,12324.492527228354,13865.054093131897,nr1,-27878.964674583967,-118677.32946120485,-90798.36478662088,0.3301033335557358
23,w98916065,222.67857759937178,other,20948.500685227787,23276.111872475318,26185.625856534734,nr1,-52652.38298621758,-197521.24064737675,-144868.85766115919,0.3301033335557358
24,w98916067,43210.64675020873,trade,3034378.024269405,3371531.1380771166,3792972.530336756,nr2,-7020810.055246703,-13495168.739619566,-6474358.684372863,0.3038801715442988
25,w98916074,4745.314506876469,trade,491122.8611791089,545692.0679767877,613903.5764738861,nr2,-1136338.4174778361,-2184232.0997867817,-1047893.6823089456,0.3038801715442988
26,w98916075,67.06430839556852,sfh,8538.96409194254,9487.737879936156,10673.705114928174,r1,-22966.35018582685,-96404.05822327726,-73437.70803745041,0.33011650514062824
27,w98916076,98.82164086105185,sfh,13728.213996145805,15253.571106828673,17160.267495182256,r1,-36923.327779181345,-134211.67782271976,-97288.35004353842,0.33011650514062824
28,w98916079,3334.9361924076916,trade,133751.88480733606,148613.2053414845,167189.85600917006,nr2,-309469.2125545697,-1274832.3696236897,-965363.15706912,0.3038801715442988
29,w98916080,2976.303781049745,other,104082.21116258297,115646.90129175886,130102.76395322871,nr2,-240820.83012004275,-949958.7192356138,-709137.889115571,0.3038801715442988
30,w98916086,294.4025758753764,other,20686.516731325537,22985.018590361706,25858.14591415692,nr1,-51993.907246861585,-226895.7307199525,-174901.82347309092,0.3301033335557358
31,w98916091,1116.7099465291947,trade,65522.69205707044,72802.99117452271,81903.36507133805,nr2,-151603.5153042193,-291407.2599102734,-139803.74460605413,0.3038801715442988
32,w98916094,150.05011938810347,trade,13612.2294499376,15124.699388819556,17015.286812422,nr1,-34213.25129964026,-157130.30658605698,-122917.05528641673,0.3301033335557358
33,w98916098,15131.85493721813,trade,1389797.224493673,1544219.1383263033,1737246.5306170913,nr2,-3215651.527409305,-6181018.946349927,-2965367.4189406224,0.3038801715442988
34,w98916102,1892.1415951219387,trade,73425.17962658805,81583.53291843117,91781.47453323506,nr2,-169887.94253964585,-751450.2376785353,-581562.2951388895,0.3038801715442988
35,w98916109,81.43322088830173,sfh,9629.8057932929,10699.784214769888,12037.257241616126,r1,-25900.271940358583,-109591.93061853253,-83691.65867817395,0.33011650514062824
36,w98916113,559.2398283889517,trade,50271.6825643969,55857.425071552105,62839.60320549612,nr2,-116316.40211580701,-438905.52118514833,-322589.11906934134,0.3038801715442988
37,w98916116,6987.1012714248145,other,358101.17313169746,397890.1923685527,447626.4664146218,nr2,-828558.7019844053,-2684061.670763699,-1855502.9687792936,0.3038801715442988
38,w98916121,458.57296650111675,other,22475.134293848154,24972.371437609057,28093.917867310192,nr1,-56489.454605256775,-221797.22389280418,-165307.7692875474,0.3301033335557358
39,w98916126,1235.1179318586364,trade,54455.49615433791,60506.10683815323,68069.37019292239,nr2,-125996.72549232765,-512436.1827113153,-386439.45721898763,0.3038801715442988
40,w99055014,379.03616306802724,mfh,51250.231128429565,56944.70125381063,64062.788910536954,r2,-126887.18066886748,-392659.8180111919,-265772.6373423244,0.3038801715442988
41,w99055018,363.825429549627,mfh,39011.950831555296,43346.61203506144,48764.93853944412,r1,-104926.32532266971,-309789.1122410878,-204862.78691841807,0.33011650514062824
42,w99055022,32.828185592684896,sfh,3912.1656857345315,4346.850761927257,4890.207107168164,r0,-12911.445677105756,-51151.97738179357,-38240.53170468782,0.405077458272998
43,w99055023,57.57688737055287,sfh,7638.842228320924,8487.602475912137,9548.552785401154,r1,-20545.387442891802,-74936.46828883623,-54391.08084594442,0.33011650514062824
44,w99055025,2922.078992408514,trade,131771.14343422168,146412.38159357963,164713.9292927771,nr2,-304886.26051695965,-1082029.0850349816,-777142.8245180219,0.3038801715442988
45,w99055028,168.94065034445376,ab,18863.996140229203,20959.99571136578,23579.9951752865,r1,-50736.49878319517,-158267.20142782686,-107530.70264463169,0.33011650514062824
46,w99055030,502.22660109587014,other,33719.73290267432,37466.369891860355,42149.66612834289,nr1,-84751.85492566266,-329937.32861424895,-245185.4736885863,0.3301033335557358
47,w99055036,2513.4158389533286,other,94056.81089942587,104507.56766602874,117571.01362428232,nr2,-217624.5011153883,-872756.4559059187,-655131.9547905305,0.3038801715442988
48,w99055038,337.97397138923407,other,24561.514626422148,27290.57180713572,30701.893283027683,nr1,-61733.40489918223,-255218.0201916443,-193484.61529246205,0.3301033335557358
49,w99055039,2475.299022556655,other,95255.37369289662,105839.30410321847,119069.21711612078,nr2,-220397.68284981314,-801899.996940225,-581502.3140904119,0.3038801715442988
50,w99055040,101.95110847079195,trade,7536.8851086504455,8374.316787389384,9421.106385813056,nr1,-18943.358631084215,-95046.78516728792,-76103.42653620371,0.3301033335557358
51,w99055041,189.90211718752977,ab,21595.11692946048,23994.5743660672,26993.8961618256,r1,-58082.1060219543,-197621.37194831032,-139539.26592635602,0.33011650514062824
52,w99055043,190.2007592998445,sfh,29155.98911223378,32395.543458037533,36444.98639029222,r1,-78417.78566530852,-258074.2565371574,-179656.47087184887,0.33011650514062824
53,w99055048,47.74609960326925,sfh,5769.180841789516,6410.2009353216845,7211.476052236895,r1,-15516.756607856802,-69523.58986460972,-54006.833256752914,0.33011650514062824
54,w99055050,194.95880112051967,trade,16984.909900636445,18872.122111818273,21231.137375795555,nr1,-42690.21418345886,-179884.56366628106,-137194.3494828222,0.3301033335557358
55,w99055053,122.33706042193808,ab,14174.508663259385,15749.454070288204,17718.13582907423,r1,-38123.679426129864,-150420.21693085707,-112296.53750472721,0.33011650514062824
56,w99055057,303.91877080444243,ab,36040.58788819037,40045.09765354486,45050.73486023796,r1,-96934.56412637878,-297855.1049536984,-200920.5408273196,0.33011650514062824
57,w99055067,194.8848727118224,sfh,21931.666176569037,24368.517973965598,27414.582720711296,r1,-58987.286999488206,-192950.4421168191,-133963.1551173309,0.33011650514062824
58,w99055068,348.37368724122643,ab,40200.04013772175,44666.71126413528,50250.05017215219,r1,-108121.80369260482,-393679.1368426933,-285557.3331500885,0.33011650514062824
59,w99055094,263.70872883694244,other,16614.595860209945,18460.66206689994,20768.24482526243,nr1,-41759.459425651345,-188515.70735354073,-146756.24792788937,0.3301033335557358
60,w99055100,85.6876405166462,sfh,12089.433153049305,13432.703503388117,15111.79144131163,r1,-32515.671965767946,-120766.37301583678,-88250.70105006883,0.33011650514062824
61,w99055110,94.65369866762775,sfh,12604.978915374657,14005.532128194063,15756.22364421832,r1,-33902.28097207067,-140537.05163768248,-106634.77066561181,0.33011650514062824
62,w99055113,801.3236896117684,education,39333.930829421224,43704.367588245805,49167.41353677653,nr1,-98862.69292028606,-383477.7061745594,-284615.01325427333,0.3301033335557358
63,w99055118,54.3237798044458,other,6219.479772060365,6910.533080067072,7774.349715075456,nr1,-15632.165559441548,-69348.81994213135,-53716.6543826898,0.3301033335557358
64,w99055131,500.74276516167447,th,69240.53713621371,76933.93015134857,86550.67142026713,r2,-171428.2326492484,-559673.5613361918,-388245.3286869434,0.3038801715442988
65,w99055135,663.0715527065098,ab,68880.52212837798,76533.91347597554,86100.65266047248,r2,-170536.8944379479,-481390.7469844028,-310853.85254645493,0.3038801715442988
66,w99055142,64.54166975589469,sfh,9032.758360397225,10036.398178219139,11290.947950496531,r1,-24294.45649555892,-88911.6942509923,-64617.23775543338,0.33011650514062824
67,w99055146,149.08371188635937,sfh,17342.70904751041,19269.67671945601,21678.38630938801,r1,-46644.853505341554,-141440.91562140652,-94796.06211606496,0.33011650514062824
68,w99055147,57.659734526090325,sfh,7330.462267285426,8144.958074761584,9163.077834106782,r1,-19715.9704200335,-81785.4347198179,-62069.464299784406,0.33011650514062824
69,w99055152,1635.3717537612654,other,76892.01538215307,85435.57264683674,96115.01922769133,nr2,-177909.3542220021,-670971.980035571,-493062.62581356894,0.3038801715442988
70,w99055158,567.1104306213557,trade,39120.40099323338,43467.11221470375,48900.50124154172,nr1,-98326.00273501305,-383538.9941767483,-285212.9914417353,0.3301033335557358
71,w99055160,362.3993257842958,ab,41269.65009818708,45855.16677576342,51587.06262273384,r1,-110998.62067529655,-365704.52906580776,-254705.9083905112,0.33011650514062824
72,w99055171,150.93386064656082,sfh,16885.70894548665,18761.8988283185,21107.136181858314,r1,-45415.70858038045,-149507.12276283343,-104091.41418245298,0.33011650514062824
73,w99055172,71.28885925472714,sfh,9019.499646113589,10021.666273459543,11274.374557641986,r1,-24258.795931587338,-100299.33010115297,-76040.53416956562,0.33011650514062824
74,w99055173,413.9677898917347,ab,46033.80958093352,51148.67731214836,57542.2619761669,r1,-123812.27744252994,-364383.4990055409,-240571.22156301097,0.33011650514062824
75,w99055181,184.62117180265486,other,15209.502381678169,16899.44709075352,19011.87797709771,nr1,-38227.869214268765,-161722.75212955137,-123494.88291528261,0.3301033335557358
76,w99055182,84.81555104400032,sfh,9995.399856476368,11105.999840529297,12494.24982059546,r1,-26883.571693176815,-114051.76925391598,-87168.19756073917,0.33011650514062824
77,w99055185,136.9722994968528,education,10840.570650859518,12045.07850095502,13550.713313574397,nr1,-27246.90832412185,-131599.82021152257,-104352.91188740073,0.3301033335557358
78,w99055186,41.49024544628337,sfh,5137.404922484948,5708.227691649942,6421.756153106185,r1,-13817.535619749733,-59451.82889178832,-45634.29327203859,0.33011650514062824
79,w99055192,160.51305735595523,ab,18121.209085465063,20134.67676162785,22651.511356831328,r1,-48738.70286444792,-177942.7066191459,-129204.00375469797,0.33011650514062824
80,w99055193,133.23216011486946,other,9055.86994602939,10062.077717810433,11319.837432536737,nr1,-22761.205674635716,-101246.02927231792,-78484.8235976822,0.3301033335557358
81,w99055199,594.2030242990702,ab,69499.33638341566,77221.48487046185,86874.17047926957,r2,-172068.9772100757,-490106.62705414835,-318037.64984407264,0.3038801715442988
82,w99055201,119.5810925271362,sfh,16186.140935837673,17984.601039819638,20232.67616979709,r1,-43534.154364271184,-160878.10402815932,-117343.94966388814,0.33011650514062824
83,w99055202,635.4450178422034,ab,74224.65462412336,82471.83847124818,92780.8182801542,r2,-183768.0914603912,-572424.9071069844,-388656.8156465932,0.3038801715442988
84,w99055209,191.61494707558305,other,19092.937557201116,21214.375063556796,23866.171946501392,nr1,-47988.57329692277,-191530.18080196524,-143541.60750504246,0.3301033335557358
85,w99055216,463.1840371862054,education,30329.625776782435,33699.58419642493,37912.03222097804,nr1,-76231.09148588889,-287799.1952339532,-211568.1037480643,0.3301033335557358
86,w99055219,773.0541430711745,other,89363.99007406665,99293.3223045185,111704.9875925833,nr2,-206766.4592449836,-730873.9461467451,-524107.4869017615,0.3038801715442988
87,w99055224,318.955577952601,ab,39326.77401159415,43696.415568437944,49158.46751449268,r1,-105773.071991415,-320974.61559808045,-215201.54360666545,0.33011650514062824
88,w99055226,262.56915004737675,ab,28811.221455015977,32012.468283351085,36014.02681876997,r1,-77490.50049779241,-239193.53356161137,-161703.03306381896,0.33011650514062824
89,w99055235,1694.7837025728077,trade,149404.7926523063,166005.3251692292,186755.99081538286,nr2,-345686.2204266449,-1154925.7276903794,-809239.5072637345,0.3038801715442988
90,w99055245,424.4345906373113,ab,47895.25638616388,53216.95154018208,59869.07048270485,r1,-128818.81438552386,-385637.28044918465,-256818.4660636608,0.33011650514062824
91,w99055249,70.42309986636974,sfh,9527.919340341607,10586.577044824007,11909.899175427008,r1,-25626.23870488928,-111275.37737131414,-85649.13866642486,0.33011650514062824
92,w99055257,137.79457132667304,trade,8302.741753787854,9225.268615319837,10378.427192234816,nr1,-20868.27812762603,-101658.91455911213,-80790.63643148611,0.3301033335557358
93,w99055287,226.3710821658373,mfh,29327.158711257514,32585.731901397237,36658.94838907189,r1,-78878.16246394809,-242310.53475749714,-163432.37229354907,0.33011650514062824
94,w99055292,58.725108856521544,trade,5742.2884325185605,6380.320480576178,7177.8605406482,nr1,-14432.783248277925,-75446.305554284,-61013.522306006074,0.3301033335557358
95,w99055300,847.1402418442303,other,76273.07353797425,84747.85948663806,95341.34192246781,nr2,-176477.2738785288,-651533.2887261667,-475056.0148476379,0.3038801715442988
96,w99389931,488.4274571448564,mfh,51882.65252404952,57647.39169338835,64853.315655061895,r2,-128452.95249307244,-375088.77206874406,-246635.81957567163,0.3038801715442988
97,w99389943,3490.8252122399163,ab,329651.0091598724,366278.89906652493,412063.7614498405,r2,-816161.922316485,-2185022.009228868,-1368860.0869123829,0.3038801715442988
98,w99389949,2474.179022271931,ab,284257.7582638273,315841.9536264748,355322.1978297841,r2,-703775.6656933685,-2102767.2000914677,-1398991.5343980992,0.3038801715442988
99,w99389956,671.7147096479312,education,46899.24791118664,52110.27545687404,58624.0598889833,nr1,-117877.51304448607,-226580.25450400074,-108702.74145951467,0.3301033335557358
100,w99389960,693.6997662768932,ab,80098.50062143736,88998.33402381929,100123.12577679669,r2,-198310.77237854304,-604897.5006468121,-406586.7282682691,0.3038801715442988
101,w99389971,1612.9015118613836,education,79005.85520261421,87784.28355846023,98757.31900326777,nr2,-182800.26357738726,-737428.9972906727,-554628.7337132855,0.3038801715442988
102,w99389974,235.12884147074072,education,10047.192716967635,11163.547463297371,12558.990896209543,nr1,-25252.816266853686,-122256.71672577554,-97003.90045892185,0.3301033335557358
103,w99389975,1082.0712234761565,mfh,111466.82540481444,123852.0282275716,139333.53175601806,r2,-275973.6083586165,-757092.0713738201,-481118.4630152036,0.3038801715442988
104,w99389979,163.53384786918758,ab,21228.517390207166,23587.241544674627,26535.646737758954,r1,-57096.101946307805,-198836.00609956693,-141739.90415325912,0.33011650514062824
105,w99389992,2569.363114476204,other,222880.7619206125,247645.2910229028,278600.9524007656,nr2,-515691.67779945437,-991245.4766270726,-475553.7988276182,0.3038801715442988
106,w99390006,431.6004564465955,education,13943.155864366083,15492.395404851202,17428.944830457604,nr1,-35045.00840601069,-203282.11945958794,-168237.11105357725,0.3301033335557358
107,w99390011,2554.974828636646,ab,247425.31787724234,274917.0198636026,309281.6473465529,r2,-612584.5741625563,-1646526.0364017761,-1033941.4622392198,0.3038801715442988
108,w99390014,587.280543653667,trade,43622.5019390578,48469.44659895311,54528.12742382225,nr1,-109641.67380875807,-416460.9023043642,-306819.2284956061,0.3301033335557358
109,w99390021,1617.1983746248297,other,56431.07453005592,62701.19392228436,70538.8431625699,nr2,-130567.73161425229,-545813.71149756,-415245.9798833077,0.3038801715442988
110,w99390022,5590.431437242403,education,501507.8998853299,557230.9998725888,626884.8748566624,nr2,-1160366.86205185,-2230418.780743146,-1070051.918691296,0.3038801715442988
111,w99390025,237.89438336268066,education,22880.136119028128,25422.373465586807,28600.170148785157,nr1,-57507.394338983424,-110538.81023322369,-53031.415894240265,0.3301033335557358
112,w99390027,116.0190749399364,mfh,12111.38188864718,13457.090987385754,15139.227360808974,r1,-32574.705162587758,-94659.52950509853,-62084.82434251077,0.33011650514062824
113,w99390046,1095.085822885856,mfh,104637.32667388588,116263.69630431764,130796.65834235735,r2,-259064.88774860496,-692442.8655921888,-433377.9778435838,0.3038801715442988
114,w99390052,1678.6958267321402,education,80452.87476272321,89392.08306969245,100566.093453404,nr2,-186148.313621415,-812895.7746439099,-626747.4610224948,0.3038801715442988
115,w99390065,2581.633286331594,education,86800.34062073754,96444.82291193059,108500.42577592192,nr2,-200834.80019785665,-827105.852924889,-626271.0527270323,0.3038801715442988
116,w99390082,124.21957990797236,education,9140.033185312222,10155.592428124692,11425.041481640277,nr1,-22972.743253131983,-100935.92791140551,-77963.18465827353,0.3301033335557358
117,w99390107,332.09000708311794,education,26712.358260262183,29680.39806695798,33390.44782532773,nr1,-67139.37855114252,-129053.09152236069,-61913.71297121816,0.3301033335557358
118,w99390110,1066.5973296171287,mfh,111016.92938734422,123352.1437637158,138771.16173418026,r2,-274859.7394843885,-781216.5660766914,-506356.8265923029,0.3038801715442988
119,w99390116,694.0162199864862,ab,76366.64546448652,84851.8282938739,95458.30683060814,r2,-189071.31005605235,-554283.8573501405,-365212.5472940881,0.3038801715442988
120,w99390122,307.42072394330467,other,23978.9127918091,26643.236435343442,29973.640989761374,nr1,-60269.081729450554,-275294.92299147794,-215025.8412620274,0.3301033335557358
121,w99390129,1196.3697846690193,trade,62972.859261591475,69969.84362399053,78716.07407698935,nr2,-145703.8246307058,-511929.40393211896,-366225.57930141315,0.3038801715442988
122,w99390130,964.417538562417,education,49512.76423577884,55014.18248419871,61890.95529472355,nr1,-124446.37754370994,-462059.21526174387,-337612.83771803393,0.3301033335557358
123,w99390133,9252.387912133521,education,680645.1328091653,756272.3697879614,850806.4160114565,nr2,-1574846.691566022,-3027118.192128369,-1452271.500562347,0.3038801715442988
124,w99390139,1249.1388426542283,ab,101272.3942615666,112524.88251285178,126590.49282695825,r2,-250733.86606266303,-765793.3308241293,-515059.46476146625,0.3038801715442988
125,w99390141,112.67489476799965,other,7161.259483685899,7956.954981873221,8951.574354607374,nr1,-17999.253629860086,-91465.18915526777,-73465.93552540768,0.3301033335557358
126,w99758761,171.36210507287177,trade,18702.739494504167,20780.821660560185,23378.424368130207,nr1,-47007.84163758797,-200215.12048025551,-153207.27884266755,0.3301033335557358
127,w99758765,309.03573338240386,trade,17633.22369336,19592.4707704,22041.529616699998,nr1,-44319.69911045408,-182567.92040315305,-138248.221292699,0.3301033335557358
128,w99758770,601.7205038767308,mfh,67803.20632134694,75336.89591260771,84754.00790168367,r2,-167869.6368971649,-500712.03113732726,-332842.39424016234,0.3038801715442988
129,w99758771,976.6668764967471,mfh,93790.2658837786,104211.40653753177,117237.83235472324,r2,-232209.34130723408,-651436.5642901155,-419227.2229828814,0.3038801715442988
130,w99758774,197.5460334163159,ab,21548.287941595398,23942.54215732822,26935.359926994246,r1,-57956.15503743473,-208903.85440500226,-150947.69936756755,0.33011650514062824
131,w99758775,265.071225726977,sfh,27414.764697100116,30460.849663444573,34268.45587137514,r1,-73734.59819204044,-247801.9075224411,-174067.30933040066,0.33011650514062824
132,w99758777,337.6781565959565,ab,38785.81336494016,43095.34818326684,48482.26670617519,r1,-104318.10725400262,-345394.7158148772,-241076.60856087456,0.33011650514062824
133,w99758783,333.3155570875853,th,46165.858494498185,51295.3983272202,57707.32311812273,r1,-124167.43546379924,-238659.2130863692,-114491.77762256995,0.33011650514062824
134,w99758786,182.17889552428386,mfh,24975.758120688377,27750.84235632042,31219.69765086047,r1,-67174.65971047884,-194078.92903630197,-126904.26932582313,0.33011650514062824
135,w99758788,349.08404515869915,other,29695.324703960447,32994.80522662272,37119.15587995056,nr1,-74636.82641095,-282772.57160733367,-208135.74519638368,0.3301033335557358
136,w99758792,60.93018751584459,sfh,7098.129910688255,7886.811011875839,8872.662388360319,r1,-19091.09060982983,-85623.0338149942,-66531.94320516437,0.33011650514062824
137,w99758793,126.39461716674268,ab,14533.912444621437,16148.79160513493,18167.390555776794,r1,-39090.3298314946,-140149.4612113764,-101059.13137988179,0.33011650514062824
138,w99758796,906.0679207786917,ab,92578.39928517047,102864.88809463385,115722.99910646307,r2,-229208.95803757006,-618645.1491479626,-389436.1911103925,0.3038801715442988
139,w99758800,420.9761067721993,ab,43617.35169245246,48463.724102724955,54521.68961556557,r1,-117312.98578623553,-346316.69105421717,-229003.70526798163,0.33011650514062824
140,w99758801,293.7319820257835,mfh,30453.792851169546,33837.547612410606,38067.241063961934,r1,-81908.35136156193,-243162.84018029534,-161254.48881873343,0.33011650514062824
141,w99758803,512.6721141899004,mfh,56071.10035591353,62301.2226176817,70088.8754448919,r2,-138822.86351712327,-401086.19941553794,-262263.33589841466,0.3038801715442988
142,w99758805,165.76912949401884,sfh,21149.48042883679,23499.42269870754,26436.850536045986,r1,-56883.524575925294,-206683.8255067086,-149800.30093078333,0.33011650514062824
143,w99758807,110.8734177275095,other,10633.353902934445,11814.837669927161,13291.692378668055,nr1,-26726.085581871703,-115905.60889114105,-89179.52330926934,0.3301033335557358
144,w99758813,43.0509613757953,other,4335.785169212401,4817.539076902668,5419.731461515501,nr0,-13362.351727101335,-55369.99822640425,-42007.646499302915,0.4047622183412387
145,w99758814,84.92593946289271,th,9884.973779293656,10983.304199215172,12356.217224117068,r1,-26586.570332014227,-89531.60420223066,-62945.03387021644,0.33011650514062824
146,w99758818,424.19755738042295,mfh,42981.25264898336,47756.94738775929,53726.5658112292,r1,-115602.13734749271,-344251.8710350062,-228649.73368751348,0.33011650514062824
147,w99758821,35.03456762442365,sfh,4362.174934958981,4846.861038843312,5452.718668698726,r0,-14396.625611264324,-69860.88706014476,-55464.26144888043,0.405077458272998
148,w99758824,478.7830200769007,ab,54415.092655594315,60461.21406177146,68018.86581949289,r2,-134722.85960235304,-486573.74504574854,-351850.88544339547,0.3038801715442988
149,w99758826,392.0728006519377,ab,50422.93344994148,56025.48161104609,63028.666812426854,r2,-124838.927076914,-390988.6837389134,-266149.7566619994,0.3038801715442988
152,w99758837,194.723237061128,mfh,27818.768765056746,30909.743072285273,34773.46095632093,r1,-74821.20527942073,-235022.91340175303,-160201.7081223323,0.33011650514062824
153,w99758838,478.1149431033991,ab,49879.55482966044,55421.727588511596,62349.443537075545,r1,-134155.7724094527,-408890.8052522969,-274735.0328428442,0.33011650514062824
154,w99758842,66.20839738831855,sfh,9098.77198804681,10109.746653385344,11373.464985058512,r1,-24472.00638021856,-85419.49887284775,-60947.492492629186,0.33011650514062824
155,w99758845,141.8255072105676,th,20597.68337727332,22886.31486363702,25747.104221591646,r1,-55399.41430432087,-213238.61454049012,-157839.20023616924,0.33011650514062824
156,w99758846,563.5821329504251,other,39110.73926488373,43456.37696098192,48888.424081104655,nr1,-98301.71875264036,-372632.54230556195,-274330.8235529216,0.3301033335557358
157,w99758847,385.25146163031457,sfh,48245.97195129891,53606.635501443234,60307.46493912364,r1,-129762.0970129929,-422473.1514970691,-292711.0544840762,0.33011650514062824
158,w99758850,177.17881421931088,ab,22322.486341848085,24802.762602053426,27903.107927310106,r1,-60038.4347357752,-192574.1285980079,-132535.6938622327,0.33011650514062824
159,w99758852,422.9061155930161,other,27630.39919965029,30700.443555166985,34537.99899956286,nr1,-69446.80111393126,-276186.37649664504,-206739.57538271378,0.3301033335557358
160,w99758858,57.38898355839774,sfh,6590.511049374096,7322.7900548601065,8238.13881171762,r1,-17725.801752265434,-78833.28657254856,-61107.48482028313,0.33011650514062824
161,w99758862,402.33381934519855,sfh,47385.93913186298,52651.04347984775,59232.42391482872,r1,-127448.95753965709,-465141.7393157364,-337692.7817760793,0.33011650514062824
162,w99758864,101.365438436158,other,10686.907379847416,11874.341533163795,13358.63422480927,nr1,-26860.687967934286,-116063.0382466681,-89202.35027873382,0.3301033335557358
163,w99758865,63.831228005420414,other,4034.3888558582253,4482.654284286917,5042.986069822781,nr0,-12433.485699123818,-58250.3790096747,-45816.893310550884,0.4047622183412387
164,w99758868,445.0926624152809,ab,49002.607042031916,54447.341157813236,61253.258802539895,r1,-131797.13853202874,-387326.39171408524,-255529.2531820565,0.33011650514062824
165,w99758869,105.27734354436397,other,8736.207849217513,9706.897610241682,10920.259811521892,nr1,-21957.760530736472,-102461.54102820017,-80503.7804974637,0.3301033335557358
166,w99758874,732.9468768487684,ab,73910.07250364788,82122.30278183098,92387.59062955985,r2,-182989.23763910905,-547477.2529656783,-364488.0153265693,0.3038801715442988
167,w99758876,118.68904608124866,sfh,12352.210694951837,13724.678549946484,15440.263368689795,r1,-33222.43697652599,-135606.06606154874,-102383.62908502275,0.33011650514062824
168,w99758878,556.4759241774678,other,50045.05270888446,55605.61412098273,62556.31588610557,nr2,-115792.03595059134,-437238.03630613594,-321446.0003555446,0.3038801715442988
169,w99758879,141.26093079326674,other,12063.985867794016,13404.42874199335,15079.982334742519,nr1,-30321.864738478773,-168225.37625534018,-137903.5115168614,0.3301033335557358
170,w99758882,536.390386541374,other,53874.88809445505,59860.98677161672,67343.6101180688,nr2,-124653.34016842282,-446546.5938400784,-321893.25367165555,0.3038801715442988
171,w99758886,70.57262436598539,sfh,9862.178496867567,10957.97610763063,12327.723121084458,r1,-26525.260267567846,-110382.98074867042,-83857.72048110257,0.33011650514062824
172,w99758887,84.85345135740936,sfh,11592.59887534742,12880.665417052687,14490.748594184273,r1,-31179.38926412374,-129243.07606719642,-98063.68680307269,0.33011650514062824
173,w99758888,71.82869699064176,other,5611.650315189278,6235.167016876976,7014.562893986597,nr1,-14104.4347764911,-66009.01957256845,-51904.584796077346,0.3301033335557358
174,w99758891,1365.0763243824242,trade,109673.71393623555,121859.68215137284,137092.14242029443,nr2,-253758.20265016836,-1016496.944829012,-762738.7421788437,0.3038801715442988
175,w99758895,154.4283221337944,other,11343.022479982455,12603.358311091617,14178.778099978068,nr1,-28509.780857895206,-54800.55725469305,-26290.776396797843,0.3301033335557358
176,w99758899,158.4874060918577,th,20589.83452385864,22877.59391539849,25737.2931548233,r1,-55378.304071962724,-186670.94229211882,-131292.6382201561,0.33011650514062824
177,w99758900,82.77785695786588,sfh,10694.216001383687,11882.462223759652,13367.770001729608,r1,-28763.10369807133,-112988.60051909056,-84225.49682101923,0.33011650514062824
178,w99758903,400.34018093422054,trade,29613.781724427085,32904.20191603009,37017.22715553385,nr1,-74431.87464601269,-297843.518251946,-223411.64360593335,0.3301033335557358
179,w99758905,110.54209396946244,sfh,14100.026680676654,15666.696311862948,17625.033350845817,r1,-37923.353101283996,-123124.99640867401,-85201.64330739001,0.33011650514062824
180,w99758908,248.9345047255978,ab,27512.151103074764,30569.05678119418,34390.18887884345,r1,-73996.52812626552,-229613.1491390514,-155616.62101278588,0.33011650514062824
181,w99758913,208.22132023065353,ab,22300.78576510543,24778.65085011714,27875.982206381785,r1,-59980.06898562799,-213078.84570077204,-153098.77671514405,0.33011650514062824
182,w99758915,71.10941483918579,ab,10013.713282288307,11126.348091431451,12517.141602860384,r1,-26932.827381076473,-94074.94865024586,-67142.12126916938,0.33011650514062824
183,w99758919,819.0798590054737,ab,94696.69321739217,105218.54801932463,118370.8665217402,r2,-234453.5069687549,-676328.1365351601,-441874.6295664052,0.3038801715442988
184,w99758922,83.9358181065414,th,11677.410484752485,12974.900538613872,14596.763105940605,r1,-31407.498095645617,-104119.42939403736,-72711.93129839175,0.33011650514062824
185,w99758926,36.12754547015065,sfh,4556.491211661925,5062.768012957695,5695.614014577406,r0,-15037.93384112179,-52462.09415404327,-37424.16031292148,0.405077458272998
186,w99758928,119.38002583179623,sfh,17308.899478423707,19232.110531581897,21636.124348029633,r1,-46553.91947693761,-149182.14828809566,-102628.22881115804,0.33011650514062824
187,w99758931,65.79372537583113,th,8611.439252918039,9568.265836575598,10764.299066147547,r1,-23161.27897447325,-99296.29329024766,-76135.0143157744,0.33011650514062824
188,w99758935,355.7203856162727,ab,44548.24205703894,49498.046730043265,55685.30257129867,r1,-119816.70331771908,-360617.34958451905,-240800.64626679997,0.33011650514062824
189,w99758936,99.44306262517348,th,12820.809152675898,14245.343502973219,16026.011440844872,r1,-34482.7767742755,-147732.8512631867,-113250.0744889112,0.33011650514062824
190,w99758945,525.0721962768584,mfh,72696.76550898828,80774.18389887585,90870.95688623533,r2,-179985.28818466899,-345945.35261864186,-165960.06443397288,0.3038801715442988
191,w99758951,355.6037514369003,ab,38846.362119594094,43162.62457732677,48557.95264949262,r1,-104480.95884673977,-300956.70055582654,-196475.74170908675,0.33011650514062824
192,w99758953,525.4067761451006,other,30960.182478675506,34400.2027540839,38700.22809834438,nr1,-77815.9453836197,-324900.3313286953,-247084.3859450756,0.3301033335557358
193,w99758954,37.75478148937691,sfh,3643.787391156788,4048.6526568408754,4554.7342389459845,r0,-12025.708198248385,-53972.10540879943,-41946.39721055104,0.405077458272998
194,w99758959,30.14875982720405,sfh,3902.3905445980445,4335.989493997827,4877.988180747555,r0,-12879.184465820656,-47881.9710583597,-35002.78659253904,0.405077458272998
195,w99758962,201.50926117040217,mfh,21723.95521923704,24137.72802137449,27154.944024046297,r1,-58428.62876739407,-112304.2487851604,-53875.62001776633,0.33011650514062824
196,w99758966,155.61690238779408,th,21851.717362183943,24279.685957982158,27314.646702729926,r1,-58772.257114324224,-198747.91811910897,-139975.66100478475,0.33011650514062824
197,w99758967,90.83302856497467,ab,10128.948163735615,11254.386848595128,12661.185204669518,r1,-27242.762475362495,-111941.33060563948,-84698.56813027698,0.33011650514062824
198,w99758970,391.2386861808598,th,48443.52710272418,53826.14122524909,60554.40887840523,r1,-130293.44024617596,-392370.3067990201,-262076.86655284412,0.33011650514062824
199,w99758974,163.93810575278476,sfh,20363.139486646123,22625.710540717915,25453.924358307653,r1,-54768.5863645274,-165906.1877985253,-111137.60143399789,0.33011650514062824
200,w99758975,139.83927450878545,sfh,19017.06701210734,21130.074457897044,23771.333765134175,r1,-51148.19734627033,-167809.03667786432,-116660.83933159399,0.33011650514062824
201,w99758979,705.2831632008775,trade,40567.1544633245,45074.61607036056,50708.94307915562,nr1,-101962.30200714157,-372311.09800510935,-270348.79599796777,0.3301033335557358
202,w99758981,319.7999828794971,other,27092.453379920906,30102.725977689894,33865.56672490113,nr1,-68094.71727023166,-130889.41199195737,-62794.69472172571,0.3301033335557358
203,w99758984,336.42351993245535,ab,41356.19257743753,45951.325086041696,51695.24072179691,r1,-111231.38484469864,-334184.68592988956,-222953.3010851909,0.33011650514062824
204,w99758985,1446.6540044941007,ab,159203.44292933436,176892.71436592707,199004.30366166795,r2,-394161.6570559101,-1060627.873367223,-666466.2163113129,0.3038801715442988
205,w99758989,963.3213891830295,education,66773.88157928629,74193.20175476254,83467.35197410785,nr2,-154498.46244275436,-662225.8803549198,-507727.41791216546,0.3038801715442988
206,w99758991,346.04414169639347,ab,38927.20383955835,43252.44871062039,48659.00479944794,r1,-104698.39028576827,-352227.8350185943,-247529.44473282603,0.33011650514062824
207,w99758995,38.315451947040856,sfh,4605.429916486004,5117.144351651115,5756.787395607505,r0,-15199.447815631629,-58210.60133099444,-43011.15351536281,0.405077458272998
208,w99758997,604.6954287230968,other,49421.63020499519,54912.92244999466,61777.03775624399,nr1,-124217.3194376431,-503359.1013813349,-379141.7819436918,0.3301033335557358
209,w99759000,505.76658869385716,other,34496.09632156219,38328.995912846876,43120.120401952736,nr1,-86703.18235868505,-166657.98775143563,-79954.80539275058,0.3301033335557358
210,w99759001,277.86601877255595,other,21620.245901575137,24022.495446194596,27025.30737696892,nr1,-54340.76092465503,-219535.82860465848,-165195.06768000347,0.3301033335557358
211,w99759005,200.24946516156197,th,21517.100210125434,23907.889122361594,26896.37526265679,r1,-57872.27268885845,-185545.4575730539,-127673.18488419545,0.33011650514062824
212,w99759006,478.86383471041916,sfh,50992.01233528256,56657.79148364729,63740.0154191032,r2,-126247.87321723795,-372684.24433932576,-246436.37112208782,0.3038801715442988
213,w99759010,347.4218390390277,ab,42845.86231337848,47606.513681531644,53557.32789172309,r1,-115237.99225614464,-346482.257330384,-231244.26507423935,0.33011650514062824
214,w99759011,1184.1155465334652,health,81096.3879180279,90107.09768669767,101370.48489753487,nr2,-187637.24598096655,-698429.7551118748,-510792.50913090823,0.3038801715442988
215,w99759013,1127.2734199425206,other,48346.56544700629,53718.406052229206,60433.20680875786,nr1,-121515.2300507624,-460875.66386001464,-339360.4338092522,0.3301033335557358
216,w99759015,262.8249901607633,mfh,34217.03964154063,38018.932935045144,42771.29955192578,r1,-92029.95893512061,-176888.54970537146,-84858.59077025086,0.33011650514062824
217,w99759016,162.4421672269469,other,8362.91554321064,9292.128381345156,10453.644429013299,nr1,-21019.520140313587,-121260.36945214952,-100240.84931183593,0.3301033335557358
218,w99759020,78.66829424034803,other,5363.4306045502435,5959.367338389159,6704.288255687804,nr1,-13480.55436301069,-71054.99374866861,-57574.43938565792,0.3301033335557358
219,w99759023,45.55874986834824,th,6763.263251708072,7514.736946342302,8454.079064635089,r1,-18190.435111939434,-60293.46433818968,-42103.02922625025,0.33011650514062824
220,w99759028,314.5253525768406,trade,33061.024403090545,36734.47155898949,41326.28050386318,nr1,-83096.24373336294,-322676.967221221,-239580.72348785808,0.3301033335557358
221,w99759036,422.98085668310523,mfh,42631.70476229463,47368.56084699403,53289.63095286828,r1,-114661.99530145877,-326565.4446497341,-211903.44934827538,0.33011650514062824
222,w99759038,116.55152825303375,ab,12476.366237759883,13862.629153066537,15595.457797199853,r1,-33556.36503184263,-129610.59072486896,-96054.22569302632,0.33011650514062824
224,w99759044,415.2007402397692,trade,30727.523085082063,34141.69231675785,38409.403856352576,nr1,-77231.17458398626,-309930.9055427239,-232699.73095873764,0.3301033335557358
225,w99759045,941.2816024620085,trade,46874.11717738663,52082.35241931848,58592.646471733286,nr1,-117814.34895266654,-446989.37054173864,-329175.0215890721,0.3301033335557358
226,w99759047,442.628270605579,mfh,44840.233894655554,49822.482105172836,56050.29236831944,r1,-120602.0429352535,-333685.0480426932,-213083.00510743968,0.33011650514062824
227,w99759050,246.0824731603265,trade,22511.684368925235,25012.98263213915,28139.60546115654,nr1,-56581.32029913389,-237554.30164702036,-180972.98134788647,0.3301033335557358
228,w99759051,91.54405212756247,th,11301.573718027325,12557.30413114147,14126.967147534155,r1,-30396.649624522073,-104916.41584229971,-74519.76621777764,0.33011650514062824
229,w99759055,270.5142616614699,other,18027.259599334837,20030.288443705373,22534.074499168546,nr1,-45310.07688227898,-178052.85701076363,-132742.78012848465,0.3301033335557358
230,w99759057,194.30349186724052,th,26936.28423283178,29929.20470314642,33670.35529103972,r1,-72447.67980461766,-221280.84593810933,-148833.16613349167,0.33011650514062824
231,w99759061,534.3112589053809,trade,25116.553078843055,27907.281198714503,31395.691348553817,nr1,-63128.44970969467,-263029.18393162824,-199900.73422193358,0.3301033335557358
232,w99759062,137.67195288166403,th,17570.109600664895,19522.344000738773,21962.637000831117,r1,-47256.468764518584,-165236.99516232192,-117980.52639780333,0.33011650514062824
233,w99759063,182.5971095246263,sfh,23409.161696221272,26010.17966246808,29261.45212027659,r1,-62961.15070671971,-234075.2398938258,-171114.08918710612,0.33011650514062824
234,w99759067,347.13443305995315,other,14604.042087206286,16226.713430229207,18255.052609007857,nr1,-36706.093131746464,-155150.3908579229,-118444.29772617645,0.3301033335557358
235,w99759073,34.86947953915223,sfh,3369.323871661266,3743.69319073474,4211.654839576582,r0,-11119.887456750741,-56469.916163587375,-45350.02870683663,0.405077458272998
236,w99759074,1179.944325777702,mfh,115106.04981104136,127895.61090115707,143882.5622638017,r2,-284983.7321094793,-792997.2407129967,-508013.5086035174,0.3038801715442988
237,w99759077,212.39228247441352,sfh,25996.152531155218,28884.613923505796,32495.19066394402,r1,-69919.10682445078,-218382.23795020778,-148463.131125757,0.33011650514062824
239,w99759083,341.51128259450195,trade,15755.53024255659,17506.144713951766,19694.412803195737,nr1,-39600.26662275677,-166086.76226338305,-126486.49564062628,0.3301033335557358
240,w99759085,319.12387123871594,other,16124.762320599133,17916.40257844348,20155.952900748915,nr1,-40528.301954545546,-183336.37638358452,-142808.07442903897,0.3301033335557358
241,w99759087,592.8829183824361,other,51137.99563470979,56819.99514967755,63922.494543387234,nr2,-118320.83909313743,-439650.582880489,-321329.7437873516,0.3038801715442988
242,w99759088,334.1662621571682,ab,38269.47653436571,42521.64059373968,47836.84566795714,r1,-102929.37059495022,-308306.19629672467,-205376.82570177445,0.33011650514062824
243,w99759091,80.87078364617192,sfh,11524.131641001168,12804.590712223518,14405.164551251459,r1,-30995.24017258055,-59575.19861290652,-28579.95844032597,0.33011650514062824
244,w99759093,176.2003906674683,sfh,24764.95217261122,27516.61352512358,30956.190215764025,r1,-66607.67720854236,-224577.2862589396,-157969.60905039724,0.33011650514062824
245,w99759094,339.69808716569094,other,37582.71276836215,41758.56974262461,46978.390960452685,nr1,-94461.14622113333,-351113.35292857676,-256652.20670744343,0.3301033335557358
246,w99759096,246.47077107857913,mfh,23598.463882924807,26220.515425472007,29498.079853656007,r1,-63470.29681202756,-189060.3812276376,-125590.08441561005,0.33011650514062824
247,w99759099,50.23060751573648,th,7134.781015914094,7927.53446212677,8918.476269892617,r1,-19189.66721798169,-87547.84917188411,-68358.18195390241,0.33011650514062824
248,w99759102,1460.464218017459,other,128159.99370613102,142399.99300681223,160199.99213266376,nr2,-296530.94152927864,-1013801.4965034076,-717270.554974129,0.3038801715442988
249,w99759105,189.26809048298745,mfh,22334.256335775855,24815.840373084284,27917.820419719817,r1,-60070.0912457827,-181686.25746676378,-121616.16622098107,0.33011650514062824
250,w99759110,35.61810292806477,th,4375.3120568172735,4861.457840908081,5469.140071021591,r0,-14439.982475173583,-69600.6133332638,-55160.63085809021,0.405077458272998
251,w99759111,238.72463138289748,th,34535.9950545772,38373.327838419114,43169.9938182215,r1,-92887.8196346843,-178537.42292829696,-85649.60329361266,0.33011650514062824
252,w99759113,635.4707306571305,th,86670.32318175596,96300.35909083995,108337.90397719495,r2,-214581.52898147888,-674673.6703457831,-460092.14136430423,0.3038801715442988
253,w99759120,160.90588292758912,th,23237.39167444857,25819.324082720632,29046.73959306071,r1,-62499.15901440406,-120128.1161459299,-57628.95713152584,0.33011650514062824
254,w99759121,33.129497365746644,ab,3818.7156608234063,4243.017400914896,4773.394576029257,r0,-12603.029567695086,-56606.491716898105,-44003.46214920302,0.405077458272998
255,w99759126,310.54387535755524,ab,34300.81502744586,38112.016697162064,42876.01878430732,r1,-92255.28074569804,-277730.0145241994,-185474.7337785014,0.33011650514062824
256,w99759127,85.13879598667843,other,8496.79167350324,9440.879637225822,10620.989591879048,nr1,-21356.007099012706,-90657.31348840214,-69301.30638938944,0.3301033335557358
257,w99759131,184.6887545518577,ab,20787.501022478882,23097.223358309868,25984.3762780986,r1,-55909.94678394021,-200900.6130314509,-144990.66624751067,0.33011650514062824
258,w99759132,153.35469039995223,ab,17695.00512599379,19661.116806659767,22118.756407492237,r1,-47592.3870726952,-155935.54191175,-108343.15483905481,0.33011650514062824
259,w99759137,162.2998407471925,mfh,21055.671207008436,23395.19023000937,26319.589008760544,r1,-56631.21581622425,-243799.10292289368,-187167.88710666943,0.33011650514062824
260,w99759138,557.9003615580499,mfh,56330.74901759959,62589.721130666214,70413.43627199948,r2,-139465.71108913183,-402765.32740515214,-263299.6163160203,0.3038801715442988
261,w99759140,160.4533356629312,ab,17634.05521702537,19593.394685583742,22042.56902128171,r1,-47428.45653755172,-168723.25303450244,-121294.79649695073,0.33011650514062824
262,w99759142,128.98004897348582,sfh,17650.096411774208,19611.218235304674,22062.620514717757,r1,-47471.600845460045,-144342.1174220023,-96870.51657654226,0.33011650514062824
263,w99759148,518.2482564277947,ab,59352.94618142581,65947.71797936202,74191.18272678225,r2,-146948.1764185542,-429444.53369225597,-282496.35727370175,0.3038801715442988
264,w99759152,155.39786574579776,ab,16837.00273483737,18707.780816485967,21046.253418546712,r1,-45284.708627932894,-151681.54188039934,-106396.83325246644,0.33011650514062824
265,w99759159,71.9146042395383,sfh,9767.034283888204,10852.260315431338,12208.792854860254,r1,-26269.360923114484,-112950.38236342516,-86681.02144031068,0.33011650514062824
266,w99759161,242.4930030848831,mfh,32388.127737790874,35986.808597545416,40485.15967223859,r1,-87110.92768164817,-266470.8259103202,-179359.89822867204,0.33011650514062824
267,w99759162,714.1891373082996,mfh,77904.36715681193,86560.40795201325,97380.45894601491,r2,-192878.45718293224,-551187.7924043075,-358309.3352213753,0.3038801715442988
268,w99759164,595.7694656141102,mfh,71961.73720566227,79957.48578406918,89952.17150707783,r2,-178165.47845762328,-342447.54052482377,-164282.0620672005,0.3038801715442988
269,w99759165,160.50856082765387,mfh,22755.65774251579,25284.064158350877,28444.572178144736,r1,-61203.490118500944,-192550.50507918178,-131347.01496068083,0.33011650514062824
270,w99759170,93.69908212199807,sfh,11619.451405943726,12910.501562159696,14524.314257429656,r1,-31251.611680614795,-128896.14148364372,-97644.52980302893,0.33011650514062824
271,w99759172,204.59550149962305,other,17169.669362300792,19077.410402556434,21462.08670287599,nr1,-43154.59233070919,-178493.16520815942,-135338.57287745023,0.3301033335557358
272,w99759176,41.50382452430203,sfh,4163.668093659857,4626.297881844285,5204.585117074821,r0,-13741.4871268915,-48229.61295085582,-34488.12582396432,0.405077458272998
273,w99759177,360.73507672324774,ab,44758.280247853094,49731.42249761455,55947.850309816364,r1,-120381.620864004,-356590.30595282774,-236208.68508882372,0.33011650514062824
274,w99759180,347.1465133147314,education,19069.298725020304,21188.109694467003,23836.62340627538,nr1,-47929.15898064147,-186348.66613798426,-138419.5071573428,0.3301033335557358
275,w99759183,128.67689446713774,sfh,18376.72489710795,20418.583219008833,22970.906121384935,r1,-49425.93676601024,-179943.07976013367,-130517.14299412342,0.33011650514062824
276,w99759189,171.2441471248865,ab,18363.415474169808,20403.794971299787,22954.269342712258,r1,-49390.13981632439,-178981.67826465776,-129591.53844833338,0.33011650514062824
277,w99759190,369.99921465907244,other,20710.457907946584,23011.619897718425,25888.072384933228,nr1,-52054.0814817404,-209123.33885960377,-157069.25737786337,0.3301033335557358
278,w99759195,184.4751641433686,sfh,22818.050116989565,25353.389018877293,28522.562646236955,r1,-61371.300300820614,-188670.3315498828,-127299.03124906219,0.33011650514062824
279,w155463247,886.8482149265707,mfh,90574.02742084471,100637.808245383,113217.53427605589,r2,-224246.4614931356,-615864.9387816716,-391618.47728853597,0.3038801715442988
280,w155463249,403.549402025342,trade,23648.752708879776,26276.391898755304,29560.940886099717,nr1,-59439.250736084294,-252316.49447101812,-192877.2437349338,0.3301033335557358
281,w155463253,721.7602650925515,mfh,85711.09171490726,95234.54634989696,107138.86464363408,r2,-212206.62893210578,-407877.2093784041,-195670.5804462983,0.3038801715442988
282,w155463254,852.2730644002556,mfh,87014.59305688317,96682.88117431464,108768.24132110395,r2,-215433.88482226818,-414080.23957144574,-198646.35474917755,0.3038801715442988
283,w155463255,713.9319995328784,mfh,71073.4939418158,78970.54882423978,88841.86742726975,r2,-175966.3335754245,-338220.61753903417,-162254.28396360966,0.3038801715442988
284,w155463260,725.1058137452229,mfh,66389.32398774149,73765.91554193498,82986.65498467686,r2,-164369.0957452793,-432225.1325632415,-267856.0368179622,0.3038801715442988
285,w155463261,1003.1358517257496,mfh,96812.24176736335,107569.15751929261,121015.30220920418,r2,-239691.25878301056,-654331.7574709044,-414640.49868789385,0.3038801715442988
286,w155463268,907.8277638942003,mfh,88048.47049851796,97831.63388724218,110060.58812314743,r2,-217993.59608283668,-586043.5579952351,-368049.9619123984,0.3038801715442988
287,w155463269,646.430608794326,mfh,65800.13973759115,73111.26637510127,82250.17467198893,r2,-162910.3720136978,-470618.2225625322,-307707.85054883437,0.3038801715442988
288,w155463275,531.2511221051216,mfh,56742.54191479465,63047.26879421628,70928.17739349332,r2,-140485.24287648333,-373427.52691537543,-232942.2840388921,0.3038801715442988
289,w155463277,722.3371928531676,mfh,75825.75026506544,84250.83362785049,94782.18783133179,r2,-187732.1421073288,-525723.9546601386,-337991.8125528098,0.3038801715442988
290,w155463281,852.691491766274,mfh,81167.2147222987,90185.79413588744,101459.01840287336,r2,-200956.7335032751,-564191.9242733526,-363235.1907700775,0.3038801715442988
291,w155463286,75.58565192222595,sfh,11379.481362010443,12643.868180011603,14224.351702513053,r1,-30606.189589159865,-115291.64951702293,-84685.45992786306,0.33011650514062824
292,w155463289,870.3151384696364,mfh,92029.85106537899,102255.39007264332,115037.31383172373,r2,-227850.8424634989,-621524.6467767933,-393673.80431329436,0.3038801715442988
293,w155463294,520.8021583877504,mfh,73954.39748668816,82171.55276298684,92442.9968583602,r2,-183098.97903943725,-351930.10221435904,-168831.12317492178,0.3038801715442988
294,w155463296,531.2875348292291,mfh,59600.264491446156,66222.51610160685,74500.33061430769,r2,-147560.49605878437,-435844.7229489111,-288284.2268901267,0.3038801715442988
295,w155463300,903.6974393147975,mfh,82377.16016846654,91530.17796496282,102971.45021058316,r2,-203952.36031406248,-566590.4267982148,-362638.06648415234,0.3038801715442988
296,w155463302,619.062746527791,mfh,73694.19011571503,81882.43346190559,92117.73764464378,r2,-182454.74819471582,-504526.33940780157,-322071.59121308575,0.3038801715442988
297,w155463304,1087.9011799693108,mfh,132782.97083749846,147536.6342638872,165978.71354687307,r2,-328748.89418909256,-631880.2679391524,-303131.37375005987,0.3038801715442988
298,w155463308,740.3594694465398,mfh,74398.41232336155,82664.90258151284,92998.01540420194,r2,-184198.28707298447,-514895.96242107626,-330697.67534809175,0.3038801715442988
299,w155463310,722.3160033598542,mfh,78437.63363840502,87152.92626489447,98047.04204800627,r2,-194198.73767542385,-373264.6788013542,-179065.94112593035,0.3038801715442988
300,w155463313,774.0583199881017,mfh,75098.58684319264,83442.87427021404,93873.2335539908,r2,-185931.80453898205,-509050.51587497623,-323118.7113359942,0.3038801715442988
301,w155463314,1101.9502923069522,mfh,104359.84119134728,115955.37910149698,130449.8014891841,r2,-258377.87912872908,-699855.9479888448,-441478.0688601157,0.3038801715442988
302,w155463317,740.3064833164215,mfh,74649.75970721088,82944.17745245653,93312.1996340136,r2,-184820.58204030307,-509712.81802887924,-324892.2359885762,0.3038801715442988
303,w155463319,828.4481069911271,mfh,78474.43739685023,87193.8193298336,98093.04674606278,r2,-194289.85775516418,-513165.9065677603,-318876.0488125961,0.3038801715442988
304,w155463321,781.2118542082608,mfh,75955.85291213829,84395.3921245981,94944.81614017286,r2,-188054.25495874725,-511024.8476834496,-322970.5927247024,0.3038801715442988
305,w155463324,722.1055689860135,mfh,76230.77521241456,84700.86134712728,95288.4690155182,r2,-188734.91755903166,-522047.9880256803,-333313.07046664867,0.3038801715442988
306,w155463327,780.4636536210775,mfh,78934.78481367027,87705.31645963363,98668.48101708783,r2,-195429.60258289214,-554323.6618308347,-358894.0592479425,0.3038801715442988
307,w155463330,867.026127423346,mfh,92798.36038612344,103109.28931791494,115997.9504826543,r2,-229753.54570756125,-441603.7120969299,-211850.16638936865,0.3038801715442988
308,w155463331,701.7002469789237,mfh,75620.8436945795,84023.15966064388,94526.05461822437,r2,-187224.82698977678,-530840.5838094405,-343615.7568196637,0.3038801715442988
309,w155463336,356.26551316827533,mfh,37646.38639526564,41829.31821696182,47057.98299408205,r1,-101253.51083282629,-265628.84169342165,-164375.33086059536,0.33011650514062824
310,w155463337,437.0872274041176,trade,16347.364508861188,18163.7383431791,20434.205636076484,nr1,-41087.7947720057,-164492.36371922854,-123404.56894722284,0.3301033335557358
311,w155463339,868.4495440013707,mfh,96284.55889755068,106982.84321950076,120355.69862193835,r2,-238384.8023990384,-458193.6410282957,-219808.83862925728,0.3038801715442988
312,w155463342,722.9579402044416,mfh,72192.16091602764,80213.5121289196,90240.20114503455,r2,-178735.96983539392,-510320.85881810164,-331584.88898270775,0.3038801715442988
313,w155463343,844.8904670208692,mfh,87271.28425516972,96968.09361685524,109089.10531896215,r2,-216069.41019914838,-611290.8582722441,-395221.44807309576,0.3038801715442988
314,w155463347,1083.6851687338203,mfh,101563.78341079073,112848.64823421191,126954.7292634884,r2,-251455.2978846951,-651896.1097484999,-400440.8118638048,0.3038801715442988
315,w155463348,740.608741542697,mfh,73742.38733091138,81935.98592323487,92177.98416363922,r2,-182574.07660783126,-495511.47553798754,-312937.39893015625,0.3038801715442988
316,w155463352,356.4181080274284,mfh,38492.77211566138,42769.74679517931,48115.965144576716,r1,-103529.94514471595,-198992.39399461178,-95462.44884989582,0.33011650514062824
317,w155463353,722.1394314199686,mfh,96023.96050529758,106693.28945033065,120029.95063162198,r2,-237739.6034496527,-456953.51979224564,-219213.91634259294,0.3038801715442988
318,w155463354,696.3946817303076,mfh,75225.69127239037,83584.10141376707,94032.11409048796,r2,-186246.49429386354,-546441.7519525124,-360195.2576586489,0.3038801715442988
319,w155463358,865.4375973489136,mfh,87470.73329689098,97189.70366321219,109338.41662111372,r2,-216563.21336908336,-588953.4269019759,-372390.2135328925,0.3038801715442988
320,w155463359,1101.9756921548396,mfh,103923.56216152417,115470.62462391573,129904.4527019052,r2,-257297.72368629836,-694863.0178881416,-437565.2942018432,0.3038801715442988
321,w155463364,740.593882034719,mfh,74624.72489312779,82916.3609923642,93280.90611640972,r2,-184758.5999397812,-510473.53183625033,-325714.9318964691,0.3038801715442988
322,w155463365,603.6562003400177,mfh,57345.292217422895,63716.9913526921,71681.61527177862,r2,-141977.5539327232,-382102.8752605205,-240125.32132779728,0.3038801715442988
323,w155463369,722.4004129424691,mfh,76517.50006263371,85019.44451403746,95646.87507829214,r2,-189444.80134044998,-525216.9464467518,-335772.1451063019,0.3038801715442988
324,w155463370,696.1379145577084,mfh,67777.64861111336,75308.49845679261,84722.06076389168,r2,-167806.36019139228,-448220.653884378,-280414.2936929858,0.3038801715442988
325,w155463373,865.3327697202564,mfh,87284.13642326384,96982.3738036265,109105.1705290798,r2,-216101.23006296245,-588020.7398112343,-371919.50974827184,0.3038801715442988
326,w155463376,746.0008564919234,mfh,78349.89022816702,87055.43358685223,97937.36278520877,r2,-193981.4993585961,-557939.6380396258,-363958.1386810297,0.3038801715442988
327,w155463378,701.7079005709849,mfh,75289.53058162499,83655.03397958331,94111.91322703123,r2,-186404.54997061414,-519353.60778707237,-332949.0578164582,0.3038801715442988
328,w155463380,903.4881653226912,mfh,80794.44802773364,89771.60891970404,100993.06003466704,r2,-200033.8242035671,-548953.9207428419,-348920.0965392748,0.3038801715442988
329,w155463382,654.6620004437864,mfh,67195.36451178146,74661.51612420162,83994.20563972682,r2,-166364.72010342104,-455581.1523522368,-289216.4322488158,0.3038801715442988
330,w155463388,654.8312545590103,mfh,81045.45395849762,90050.50439833068,101306.81744812202,r2,-200655.27378895515,-385674.63010914583,-185019.35632019068,0.3038801715442988
331,w155463390,658.415929133445,mfh,67307.170216775,74785.74468530556,84133.96277096875,r2,-166641.5327221539,-450578.63403942116,-283937.1013172673,0.3038801715442988
332,w155463392,746.3197361536323,mfh,74500.89326832342,82778.77029813713,93126.11658540426,r2,-184452.01311269554,-512956.30887058185,-328504.2957578863,0.3038801715442988
333,w155463395,740.6091377854347,mfh,81203.21252281987,90225.79169202207,101504.01565352484,r2,-201045.85816316135,-386425.3628519434,-185379.50468878206,0.3038801715442988
334,w155463397,721.9107812985777,mfh,69115.7372055503,76795.26356172255,86394.67150693786,r2,-171119.2484554042,-462501.2177158078,-291381.9692604036,0.3038801715442988
335,w155463400,957.7393607803388,mfh,132263.3739372203,146959.30437468924,165329.2174215254,r2,-327462.45734170824,-629407.6389077542,-301945.18156604597,0.3038801715442988
336,w155463402,519.368776667118,mfh,57328.60677905928,63698.45197673253,71660.7584738241,r2,-141936.24351937353,-412763.9593735477,-270827.71585417417,0.3038801715442988
337,w155463405,658.592996231094,mfh,66453.3492473543,73837.05471928256,83066.68655919287,r2,-164527.6118047192,-445704.248612397,-281176.6368076778,0.3038801715442988
338,w155463406,932.8967588515952,mfh,87329.94975847227,97033.27750941363,109162.43719809034,r2,-216214.65637955934,-609283.2681552408,-393068.6117756815,0.3038801715442988
339,w155463408,740.3845857441426,mfh,81123.65596148898,90137.39551276554,101404.56995186122,r2,-200848.8891437302,-386046.77348183806,-185197.88433810786,0.3038801715442988
340,w155463411,886.3585438661277,mfh,86630.34371086476,96255.9374565164,108287.92963858094,r2,-214482.54635770683,-581861.5923190316,-367379.04596132477,0.3038801715442988
341,w155463413,436.59599217027426,trade,16616.663351011164,18462.959278901293,20770.829188763953,nr1,-41764.65589861721,-167567.0538937252,-125802.39799510801,0.3301033335557358
342,w155463416,722.4005093876273,mfh,71360.79474582999,79289.7719398111,89200.99343228748,r2,-176677.64332413382,-504418.3760062245,-327740.73268209066,0.3038801715442988
343,w155463417,828.3400002270937,mfh,74807.01169807202,83118.90188674668,93508.76462259002,r2,-185209.9122215648,-504777.2268977656,-319567.3146762008,0.3038801715442988
344,w155463421,509.4774500131606,mfh,62634.51134401355,69593.90149334838,78293.13918001692,r2,-155072.7944445391,-298061.6532426333,-142988.85879809424,0.3038801715442988
345,w155463422,674.0859733853489,mfh,66828.4486191273,74253.83179903033,83535.56077390912,r2,-165456.2964312464,-451792.0068528844,-286335.71042163804,0.3038801715442988
346,w155463424,701.7858467099256,mfh,75354.80212003247,83727.55791114719,94193.50265004058,r2,-186566.15161228663,-527071.2078709297,-340505.0562586431,0.3038801715442988
347,w155463427,540.3469697440042,mfh,55711.525451732596,61901.69494636955,69639.40681466574,r2,-137932.6149304103,-391471.1841850344,-253538.56925462413,0.3038801715442988
348,w155463430,521.3457492198795,mfh,65819.9805171453,73133.31168571701,82274.97564643163,r2,-162959.4945351864,-313220.4880083786,-150260.9934731922,0.3038801715442988
349,w155463434,634.5610695700626,mfh,64418.57211226843,71576.19123585381,80523.21514033554,r2,-159489.83678837784,-434257.8357200461,-274767.99893166823,0.3038801715442988
350,w155463435,740.6094772338867,mfh,73569.89609015193,81744.3289890577,91962.37011268991,r2,-182147.01653906406,-500747.6670484328,-318600.65050936874,0.3038801715442988
351,w155463436,830.3215000247583,mfh,74986.73881598086,83318.59868442318,93733.42351997607,r2,-185654.88713736658,-490213.4447272993,-304558.55758993275,0.3038801715442988
352,w155463437,634.6341266736388,mfh,64166.464939277284,71296.07215475253,80208.0811740966,r2,-158865.66070755036,-435649.4945763931,-276783.83386884275,0.3038801715442988
353,w155463439,740.3900625675916,mfh,77902.86750022264,86558.74166691404,97378.5843752783,r2,-192874.74427876773,-551261.1157437281,-358386.3714649604,0.3038801715442988
354,w155463441,304.4361848443746,mfh,36817.49098632539,40908.32331813932,46021.863732906735,r1,-99024.118365055,-190331.8537368493,-91307.7353717943,0.33011650514062824
355,w155463442,681.7836883433163,mfh,68711.68346108304,76346.31495675893,85889.6043263538,r2,-170118.8775430141,-477028.7391103693,-306909.8615673552,0.3038801715442988
356,w155463445,701.5969566701912,mfh,73907.62346345419,82119.58162606022,92384.52932931774,r2,-182983.1742165902,-513817.71926521946,-330834.5450486293,0.3038801715442988
357,w155463446,527.3302180506289,mfh,52013.41474555332,57792.683050614796,65016.768431941644,r2,-128776.69834278456,-359206.3231888573,-230429.62484607275,0.3038801715442988
358,w155463447,540.1562461696565,mfh,59085.19228162839,65650.21364625376,73856.49035203549,r2,-146285.26160411656,-426923.2975040323,-280638.03589991573,0.3038801715442988
359,w155463448,488.2503870327026,mfh,51268.34796637681,56964.83107375201,64085.43495797101,r2,-126932.0349932119,-366813.2690100962,-239881.2340168843,0.3038801715442988
360,w155463452,416.2699146196246,mfh,40700.76121869014,45223.06802076682,50875.95152336267,r1,-109468.54031863152,-210406.8235972785,-100938.28327864698,0.33011650514062824
361,w155463453,826.68092449978,mfh,83117.14823153104,92352.38692392338,103896.4352894138,r2,-205784.44959412015,-561780.4817172784,-355996.0321231582,0.3038801715442988
362,w155463454,830.106713430956,mfh,73765.5043705863,81961.67152287367,92206.88046323288,r2,-182631.3106129309,-489643.3703947075,-307012.0597817766,0.3038801715442988
363,w155463458,653.3753796381876,mfh,58960.56636749198,65511.74040832442,73700.70795936497,r2,-145976.70824670003,-390997.94314607966,-245021.23489937963,0.3038801715442988
364,w155463459,716.456727950275,mfh,75283.97896378927,83648.8655153214,94104.97370473658,r2,-186390.80507386313,-522219.8574236163,-335829.05234975315,0.3038801715442988
365,w155463463,389.00259175430983,mfh,37000.96483362116,41112.18314846796,46251.206042026446,r1,-99517.58860120598,-191280.34089696038,-91762.7522957544,0.33011650514062824
366,w155463464,681.5525098629297,mfh,69179.35495120153,76865.94994577947,86474.19368900191,r2,-171276.75557700064,-474817.61474362185,-303540.85916662123,0.3038801715442988
367,w155463468,854.9059582386632,mfh,81699.0096870192,90776.67743002134,102123.762108774,r2,-202273.37076093338,-543795.2257547311,-341521.8549937977,0.3038801715442988
368,w155463469,716.6904537379742,mfh,100679.18201464991,111865.75779405545,125848.97751831239,r2,-249265.16967062373,-479106.53080030286,-229841.36112967914,0.3038801715442988
369,w155463470,608.2978411447257,mfh,64367.74654988399,71519.71838875998,80459.68318735498,r2,-159364.00101798473,-306309.67721271986,-146945.67619473513,0.3038801715442988
370,w155463473,376.1376306014136,mfh,43550.29606288637,48389.217847651526,54437.870078607964,r1,-117132.63333903422,-225137.79071790748,-108005.15737887326,0.33011650514062824
371,w155463474,720.4433401308954,mfh,67276.75041664802,74751.94490738669,84095.93802081002,r2,-166566.21827791366,-474893.02735719836,-308326.80907928466,0.3038801715442988
372,w155463478,851.8925360153429,mfh,87684.85616685112,97427.61796316791,109606.0702085639,r2,-217093.346535076,-417269.8506401316,-200176.50410505562,0.3038801715442988
373,w155463479,376.5337288361043,mfh,37121.41584101446,41246.017601127176,46401.76980126807,r1,-99841.55295873742,-277149.98817057506,-177308.43521183764,0.33011650514062824
374,w155463480,664.0854127705097,mfh,73172.86575571459,81303.18417301621,91466.08219464324,r2,-181164.03443990965,-348210.9921774637,-167046.95773755407,0.3038801715442988
375,w155463484,531.1159037780716,mfh,68085.21955592721,75650.24395103024,85106.52444490901,r2,-168567.85548973133,-324000.1824356365,-155432.3269459052,0.3038801715442988
376,w155463485,716.6882258921862,mfh,74226.11389675422,82473.45988528247,92782.64237094278,r2,-183771.70438048698,-502061.1311708444,-318289.42679035745,0.3038801715442988
377,w155463490,790.5601109853014,mfh,73479.01625668757,81643.35139631951,91848.77032085945,r2,-181922.01295187918,-501948.2086124504,-320026.1956605712,0.3038801715442988
378,w155463491,681.5525530032813,mfh,68426.0537270324,76028.94858559156,85532.5671587905,r2,-169411.705089917,-465595.404070972,-296183.698981055,0.3038801715442988
379,w155463494,531.001435648324,mfh,56124.10929184654,62360.12143538504,70155.13661480817,r2,-138954.10496292164,-377731.30737813545,-238777.2024152138,0.3038801715442988
380,w155463495,716.4590312853455,mfh,79038.97749810597,87821.08610900663,98798.72187263246,r2,-195687.56660926374,-568029.2612911188,-372341.69468185504,0.3038801715442988
381,w155463496,611.941689690575,mfh,60485.334200613484,67205.92688957053,75606.66775076685,r2,-149751.78373922876,-417840.3240226451,-268088.5402834163,0.3038801715442988
382,w155463500,1108.025532820262,mfh,100906.99247980208,112118.88053311342,126133.7405997526,r2,-249829.1910811338,-680575.7489232684,-430746.5578421346,0.3038801715442988
383,w155463502,540.1563036605716,mfh,59609.47184418452,66232.74649353835,74511.83980523064,r2,-147583.29195657192,-422785.8482619047,-275202.5563053328,0.3038801715442988
384,w155463507,1267.198863344267,mfh,124829.28501538603,138699.20557265115,156036.60626923252,r2,-309056.87041334115,-855923.3234026913,-546866.4529893501,0.3038801715442988
385,w155463508,530.6506136165466,mfh,59404.70237854505,66005.22486505006,74255.87797318131,r2,-147076.31628817052,-419142.86785304983,-272066.5515648793,0.3038801715442988
386,w155463511,1747.3368958860635,mfh,164794.07162005454,183104.52402228283,205992.58952506818,r2,-408003.1382963422,-1091285.6214900943,-683282.4831937521,0.3038801715442988
387,w155463513,612.2091895099729,mfh,81863.33408033723,90959.26008926358,102329.16760042153,r2,-202680.21105265798,-389566.7128609514,-186886.5018082934,0.3038801715442988
388,w155463514,830.106801855378,mfh,74653.97590525495,82948.86211694994,93317.46988156869,r2,-184831.0206563088,-495436.2944112202,-310605.2737549114,0.3038801715442988
389,w155463518,691.345141955465,mfh,72173.4858662746,80192.76207363844,90216.85733284324,r2,-178689.73347001878,-486795.343952636,-308105.6104826172,0.3038801715442988
390,w155463519,507.32179623667616,mfh,55562.18913504426,61735.76570560473,69452.73641880532,r2,-137562.8826623046,-383706.3880491216,-246143.505386817,0.3038801715442988
391,w155463522,1139.1653657640795,mfh,129564.6746402093,143960.74960023255,161955.84330026162,r2,-320780.9197616595,-616565.2177439029,-295784.2979822434,0.3038801715442988
392,w155463523,446.09937440417707,mfh,52022.345619720814,57802.60624413424,65027.93202465102,r2,-128798.80972490068,-247561.0651100843,-118762.25538518363,0.3038801715442988
393,w155463528,681.6119319483638,mfh,68495.57242516302,76106.19158351446,85619.46553145377,r2,-169583.82200364288,-466651.15526366775,-297067.3332600249,0.3038801715442988
394,w155463529,691.3949336603283,mfh,83645.16797269836,92939.0755252204,104556.45996587294,r2,-207091.7400164078,-398046.0055761754,-190954.2655597676,0.3038801715442988
395,w155463531,507.3216828555101,mfh,54061.208972385146,60068.00996931683,67576.51121548143,r2,-133846.70154689762,-372272.3963213592,-238425.6947744616,0.3038801715442988
396,w155463534,640.8467616457492,mfh,62761.80582241785,69735.3398026865,78452.25727802231,r2,-155387.95473013783,-413398.38544175244,-258010.4307116146,0.3038801715442988
397,w155463535,684.7868416263722,mfh,63983.21967634138,71092.46630704598,79979.02459542672,r2,-158411.97544071526,-444403.7513820615,-285991.77594134625,0.3038801715442988
398,w155463536,691.6131192699074,mfh,70337.30683773482,78152.56315303869,87921.63354716853,r2,-174143.654847449,-468280.63762175565,-294136.98277430667,0.3038801715442988
399,w155463537,507.3215693686623,mfh,56345.158000452444,62605.73111161382,70431.44750056555,r2,-139501.3853713789,-410903.20292810694,-271401.817556728,0.3038801715442988
400,w155463538,643.413233704865,mfh,67471.69315381986,74968.54794868872,84339.61644227481,r2,-167048.86457563704,-321080.56687871553,-154031.7023030785,0.3038801715442988
401,w155463539,710.019569536671,mfh,70101.74839593095,77890.83155103438,87627.18549491368,r2,-173560.45071538675,-462450.78924353543,-288890.3385281487,0.3038801715442988
402,w155463540,840.6794232809916,mfh,76273.68228195352,84748.53586883724,95342.1028524419,r2,-188841.14843769677,-521013.1242834999,-332171.97584580316,0.3038801715442988
403,w155463541,696.2558067506179,mfh,69091.86352939304,76768.73725488115,86364.8294117413,r2,-171060.14114226436,-471502.8861305788,-300442.74498831446,0.3038801715442988
404,w155463542,640.557884996757,mfh,65685.4859572708,72983.87328585643,82106.85744658849,r2,-162626.5080267936,-312580.46272506216,-149953.95469826856,0.3038801715442988
405,w155463543,587.0278481058776,mfh,64620.647257978446,71800.7191755316,80775.80907247306,r2,-159990.14176179623,-458333.4017084691,-298343.2599466728,0.3038801715442988
406,w155463544,825.5248426020145,mfh,98226.61890138821,109140.68766820912,122783.27362673526,r2,-243193.02497971698,-467435.40891343047,-224242.38393371349,0.3038801715442988
407,w155463545,709.4769112125038,mfh,68799.48875180824,76443.87639089805,85999.3609397603,r2,-170336.26906579596,-475552.82827978244,-305216.5592139865,0.3038801715442988
408,w155463546,647.0489746004342,mfh,65167.88665066121,72408.76294517911,81459.8583133265,r2,-161345.01689425076,-430958.2530845928,-269613.23619034205,0.3038801715442988
409,w155463547,586.4484846569597,mfh,65038.9578364076,72265.50870711956,81298.6972955095,r2,-161025.81026069194,-309503.8004116305,-148477.99015093854,0.3038801715442988
410,w155463548,500.40091222245246,mfh,58521.66054916764,65024.06727685293,73152.07568645955,r2,-144890.04930604517,-278489.6460353125,-133599.59672926733,0.3038801715442988
411,w155463549,672.5395986035466,mfh,71071.92574614852,78968.80638460947,88839.90718268565,r2,-175962.45097972537,-491567.72522296675,-315605.2742432414,0.3038801715442988
412,w155463551,586.1050742082298,mfh,58460.95059670617,64956.61177411796,73076.1882458827,r2,-144739.74140427055,-386248.06313911686,-241508.3217348463,0.3038801715442988
413,w155463552,667.035758360289,mfh,68669.64406031062,76299.60451145624,85837.05507538827,r2,-170014.79487014472,-481006.8354852897,-310992.040615145,0.3038801715442988
414,w155463553,817.6307530952618,mfh,76749.54752122253,85277.27502358059,95936.93440152815,r2,-190019.31285295272,-531897.9230614452,-341878.6102084925,0.3038801715442988
415,w155463556,732.9133296664804,mfh,64357.9958795773,71508.88431064144,80447.49484947162,r2,-159339.85995485962,-425522.0715884148,-266182.2116335551,0.3038801715442988
416,w155463558,710.1379440590739,mfh,77163.4124884325,85737.12498714722,96454.26561054062,r2,-191043.9747463848,-515775.6876441388,-324731.71289775404,0.3038801715442988
417,w155463561,654.0662793286144,mfh,66767.48224207119,74186.09138007909,83459.35280258898,r2,-165305.3536641619,-317729.4068858728,-152424.05322171093,0.3038801715442988
418,w155463562,586.3292756803334,mfh,59654.3554106497,66282.61712294411,74567.94426331212,r2,-147694.4163179989,-415056.9267211703,-267362.5104031714,0.3038801715442988
419,w155463566,653.8032613813876,mfh,66481.29901255308,73868.11001394787,83101.62376569134,r2,-164596.81084691556,-453596.27537104976,-288999.4645241342,0.3038801715442988
420,w155463567,133.41999841853976,sfh,16572.97361038044,18414.415122644932,20716.217012975547,r1,-44574.57736771866,-178669.0054912932,-134094.42812357456,0.33011650514062824
421,w155463569,886.7166110530495,mfh,90690.7250070177,100767.47223001966,113363.40625877211,r2,-224535.38560868244,-595134.9711302764,-370599.58552159404,0.3038801715442988
422,w155463572,311.3570919752121,mfh,35890.06917924034,39877.854643600374,44862.58647405042,r1,-96529.72984647744,-185537.45012569503,-89007.7202792176,0.33011650514062824
423,w155463574,863.4385226266459,mfh,80266.77887142508,89185.30985713897,100333.47358928135,r2,-198727.4017719857,-546677.6113362057,-347950.20956422004,0.3038801715442988
424,w155463577,931.9227139726281,mfh,104741.59050899002,116379.54500998891,130926.98813623752,r2,-259323.0279323816,-498438.49597393494,-239115.46804155334,0.3038801715442988
425,w155463578,931.2066993936896,mfh,95901.79540846782,106557.55045385312,119877.24426058478,r2,-237437.1426729583,-650203.9711612947,-412766.8284883364,0.3038801715442988
426,w155463581,136.57608463019133,sfh,20238.058157433414,22486.731286037128,25297.572696791765,r1,-54432.16831926142,-181064.35720906046,-126632.18888979903,0.33011650514062824
427,w155463583,949.1963916398585,mfh,98696.62464541465,109662.91627268294,123370.7808067683,r2,-244356.68224417377,-685651.5129545282,-441294.83071035444,0.3038801715442988
428,w155463586,949.1754787907004,mfh,101711.11223859426,113012.34693177139,127138.89029824281,r2,-251820.05993902407,-484017.2233558902,-232197.16341686613,0.3038801715442988
429,w155463589,722.9646147996187,mfh,79863.38270239974,88737.09189155528,99829.22837799968,r2,-197728.6589087198,-380049.45470212476,-182320.79579340495,0.3038801715442988
430,w155463591,591.1442194825038,mfh,72104.48386231158,80116.0931803462,90130.60482788947,r2,-178518.8958064495,-515893.4812883039,-337374.5854818544,0.3038801715442988
431,w155463593,535.6290349200369,mfh,57403.922688774626,63782.13632086069,71754.90336096828,r2,-142122.71337975998,-402319.6271152805,-260196.9137355205,0.3038801715442988
432,w155463596,724.8313003255054,mfh,67296.75836170698,74774.1759574522,84120.94795213372,r2,-166615.75467382077,-454088.8950419685,-287473.14036814775,0.3038801715442988
433,w155463597,752.1160736689344,mfh,96345.81377389302,107050.90419321446,120432.26721736627,r2,-238536.4594431173,-458485.13735069043,-219948.67790757315,0.3038801715442988
434,w155463600,535.4490051213652,mfh,64489.169061256325,71654.6322902848,80611.4613265704,r2,-159664.62327467583,-306887.49595360114,-147222.8726789253,0.3038801715442988
435,w155463601,907.8308945208788,mfh,90872.07987539202,100968.97763932447,113590.09984424003,r2,-224984.3905681123,-626405.7167658326,-401421.3261977203,0.3038801715442988
436,w155463605,389.4215188790113,mfh,42998.73447932191,47776.37164369101,53748.41809915238,r1,-115649.15638084633,-222286.43567340303,-106637.2792925567,0.33011650514062824
437,w155463606,690.2915003947913,mfh,72619.17804943162,80687.97561047958,90773.97256178952,r2,-179793.19433881427,-499183.01573099784,-319389.82139218354,0.3038801715442988
438,w155463610,725.1058211326599,mfh,66694.63523034648,74105.15025594053,83368.2940379331,r2,-165124.9963909481,-443286.5875955397,-278161.59120459156,0.3038801715442988
439,w155463611,1002.8680375270545,mfh,112403.2420384642,124892.49115384911,140504.05254808025,r2,-278292.02261664195,-534898.3401148326,-256606.31749819068,0.3038801715442988
440,w155463612,535.6290688522159,mfh,63516.22491576578,70573.58323973975,79395.28114470722,r2,-157255.77287827063,-302257.50309032365,-145001.73021205302,0.3038801715442988
441,w155463616,543.6235096465331,mfh,57717.03913082603,64130.04347869559,72146.29891353253,r2,-142897.93842125114,-385816.45228504005,-242918.51386378892,0.3038801715442988
442,w155463618,752.1486698825844,mfh,78276.75754478379,86974.17504975977,97845.94693097973,r2,-193800.43480913114,-528736.5573768356,-334936.1225677045,0.3038801715442988
443,w155463621,238.18491610530762,mfh,25941.058157091844,28823.39795232427,32426.322696364805,r1,-69770.92530332197,-199673.51445273045,-129902.58914940848,0.33011650514062824
444,w155463623,73.76475410088896,mfh,9386.532258258556,10429.48028695395,11733.165322823193,r1,-25245.96479766726,-79527.7975755854,-54281.83277791814,0.33011650514062824
445,w155463625,52.41574023310095,sfh,7168.165529890833,7964.628366545369,8960.206912363541,r1,-19279.45802053313,-63959.431218623366,-44679.973198090236,0.33011650514062824
446,w155463626,98.3909645654261,mfh,11326.695090576788,12585.216767307542,14158.368863220985,r1,-30464.215927987858,-88898.31565169613,-58434.09972370828,0.33011650514062824
447,w155463629,643.7923131911084,mfh,60925.212855087026,67694.68095009669,76156.51606885878,r2,-150840.85126289888,-404303.96260388923,-253463.11134099035,0.3038801715442988
448,w155463631,546.7249739198014,mfh,62732.02766693095,69702.25296325661,78415.03458366368,r2,-155314.22889296483,-298525.7085342483,-143211.47964128345,0.3038801715442988
449,w155463632,612.4270064728335,mfh,67447.16411095476,74941.2934566164,84308.95513869345,r2,-166988.13468183702,-320963.83942428284,-153975.7047424458,0.3038801715442988
450,w155463633,683.6260891854763,mfh,67343.37274848943,74825.96972054381,84179.21593561179,r2,-166731.1642629524,-453801.59104271285,-287070.42677976046,0.3038801715442988
451,w155463638,279.5906790524721,ab,31093.580676718997,34548.42297413222,38866.97584589874,r1,-83629.12112800965,-265262.2282448835,-181633.10711687384,0.33011650514062824
452,w155463639,282.758548167441,other,12733.875761949328,14148.750846610365,15917.34470243666,nr1,-32005.579472800284,-165653.82809468417,-133648.2486218839,0.3301033335557358
453,w155463640,56.80619836300611,sfh,8149.209288913908,9054.67698768212,10186.511611142383,r1,-21918.067841905293,-84374.01109365508,-62455.943251749784,0.33011650514062824
454,w155463643,240.41873629689215,ab,28483.777730710135,31648.64192301126,35604.72216338767,r1,-76609.80968359218,-257590.45992696457,-180980.6502433724,0.33011650514062824
455,w155463644,98.43792371228336,mfh,11153.843250929993,12393.159167699992,13942.30406366249,r1,-29999.314584353142,-89560.98766825999,-59561.67308390685,0.33011650514062824
456,w155463645,98.39091195091605,mfh,11053.44919247696,12281.61021386329,13816.811490596201,r1,-29729.295284800828,-90246.72873472025,-60517.43344991942,0.33011650514062824
457,w155463647,97.66299930792302,mfh,9369.723502372359,10410.803891524843,11712.154377965448,r1,-25200.75606160585,-79694.68855206462,-54493.93249045877,0.33011650514062824
458,w155463653,376.11661268314344,mfh,49110.00769747382,54566.67521941535,61387.50962184227,r1,-132086.00273575497,-253879.2989876151,-121793.29625186013,0.33011650514062824
459,w155463654,482.5493668295443,mfh,52586.0148678914,58428.905408768216,65732.51858486424,r2,-130194.36248935311,-371231.3722328434,-241037.00974349031,0.3038801715442988
460,w155463656,73.78574474137277,mfh,10518.511422655341,11687.23491406149,13148.139278319177,r1,-28290.52964331729,-90716.35171103931,-62425.82206772202,0.33011650514062824
461,w155463657,470.15250823192764,mfh,44569.71600670739,49521.906674119324,55712.145008384236,r1,-119874.45953295178,-315972.2944011372,-196097.83486818545,0.33011650514062824
462,w155463660,49.947176152281465,mfh,6130.094348688484,6811.2159429872045,7662.617935860605,r1,-16487.467562603408,-51505.48296868021,-35018.0154060768,0.33011650514062824
463,w155463661,78.16354378722608,sfh,10628.335831745004,11809.262035272226,13285.419789681255,r1,-28585.912761333297,-104720.12256565767,-76134.20980432437,0.33011650514062824
464,w155463663,104.99722011834383,sfh,12659.813951807402,14066.45994645267,15824.767439759253,r1,-34049.7649801549,-114695.63739921409,-80645.87241905919,0.33011650514062824
465,w155463665,467.86907609552145,trade,25152.751602532997,27947.501780592218,31440.939503166246,nr1,-63219.43180724414,-251073.7990595139,-187854.36725226976,0.3301033335557358
466,w155463667,587.3173447391018,mfh,62170.68286456457,69078.53651618285,77713.3535807057,r2,-153924.43107572373,-428840.17132151744,-274915.7402457937,0.3038801715442988
467,w155463669,557.4523567564785,mfh,63822.83861379559,70914.26512643954,79778.54826724448,r2,-158014.89819030996,-469492.4189079203,-311477.5207176104,0.3038801715442988
468,w155463671,449.48969881236553,mfh,44460.06219337882,49400.06910375424,55575.07774172352,r1,-119579.53524834309,-347600.2078426345,-228020.67259429145,0.33011650514062824
469,w155576276,58.73152135126293,other,7036.542804460303,7818.380893844781,8795.678505575379,nr1,-17685.788219708516,-87611.53728081984,-69925.74906111133,0.3301033335557358
470,w159548666,1258.4072781499474,other,45034.07044829587,50037.85605366207,56292.58806036983,nr1,-113189.53849255841,-468930.8157992071,-355741.27730664867,0.3301033335557358
471,w159548667,15669.025621107221,trade,613413.7969842755,681570.8855380839,766767.2462303443,nr2,-1419289.791663709,-4831475.597493748,-3412185.805830039,0.3038801715442988
472,w159548669,2256.2803165019486,trade,261494.21083095495,290549.1231455055,326867.76353869366,nr2,-605033.7730193667,-1162975.8953474674,-557942.1223281007,0.3038801715442988
473,w159548670,188.14899220019578,mfh,23028.989782019133,25587.766424465703,28786.237227523914,r1,-61938.64244712633,-181462.03868492684,-119523.39623780051,0.33011650514062824
474,w159548671,318.3455893772654,other,12677.331192583715,14085.923547315238,15846.663990729643,nr1,-31863.459214803566,-119639.74716172443,-87776.28794692087,0.3301033335557358
475,w159548672,170.00981159284711,ab,21983.144401197525,24425.716001330584,27478.930501496907,r1,-59125.74254527017,-188306.68354481886,-129180.9409995487,0.33011650514062824
476,w159548674,118.95309109317604,trade,10044.893361266411,11160.992623629345,12556.116701583014,nr1,-25247.03701998435,-109777.65110396169,-84530.61408397734,0.3301033335557358
477,w159548675,865.047436706489,mfh,94066.05527670533,104517.83919633925,117582.56909588166,r2,-232892.15068694513,-676384.0977901062,-443491.9471031611,0.3038801715442988
478,w159548677,106.67055884185247,other,5052.772241354683,5614.191379282981,6315.965301693353,nr1,-12699.739384286295,-68172.64255769376,-55472.90317340747,0.3301033335557358
479,w159872586,633.9711885744706,mfh,61528.304105702184,68364.7823396691,76910.38013212773,r2,-152334.00645052828,-436895.83450020844,-284561.82804968016,0.3038801715442988
480,w159872589,1091.462102752924,mfh,104981.15974855874,116645.73305395416,131226.4496856984,r2,-259916.16214299,-716373.0357350161,-456456.87359202607,0.3038801715442988
481,w159872591,2692.1037788091226,mfh,238842.17683578568,265380.1964842063,298552.7210447321,r2,-591334.1223293834,-1538193.22076888,-946859.0984394967,0.3038801715442988
482,w159872593,436.90541737405584,mfh,41771.57313857874,46412.85904286526,52214.46642322342,r1,-112348.59008468274,-304465.19855768885,-192116.6084730061,0.33011650514062824
483,w159872596,218.88012801047884,mfh,23926.839112240952,26585.376791378836,29908.54889030119,r1,-64353.49299690694,-194971.39352802598,-130617.90053111903,0.33011650514062824
484,w159872599,487.8712977081537,mfh,46825.5540892305,52028.39343247833,58531.94261153812,r1,-125941.74905518278,-342285.740873007,-216343.9918178242,0.33011650514062824
485,w159872601,629.8896718598901,mfh,59138.13100415723,65709.03444906359,73922.66375519653,r2,-146416.3292130228,-410263.6800820542,-263847.3508690314,0.3038801715442988
486,w159872603,453.131132603623,mfh,41977.27905722256,46641.42117469173,52471.59882152819,r1,-112901.85557590656,-302425.546872843,-189523.69129693642,0.33011650514062824
487,w159872608,317.054659525305,mfh,36148.8017943321,40165.33532703567,45186.00224291513,r1,-97225.61564465046,-282735.18490829755,-185509.56926364708,0.33011650514062824
488,w159872611,474.9952949794941,mfh,49392.47210315651,54880.52455906279,61740.59012894564,r1,-132845.71742551008,-372489.29203956877,-239643.57461405869,0.33011650514062824
489,w159872613,461.6615135567263,mfh,49483.41463924298,54981.57182138109,61854.26829905373,r1,-133090.31596323202,-385935.785497884,-252845.46953465196,0.33011650514062824
490,w159872615,129.00588214695452,mfh,16719.873106670097,18577.636785188995,20899.841383337618,r1,-44969.67743343897,-141837.11514285355,-96867.43770941457,0.33011650514062824
491,w159872617,185.93316667452453,mfh,23274.884584316744,25860.98287146305,29093.605730395928,r1,-62599.999735625825,-180006.75265499303,-117406.75291936721,0.33011650514062824
492,w159872620,129.2747205838561,mfh,17497.094806705965,19441.216451895518,21871.368508382457,r1,-47060.088582010365,-137033.473838424,-89973.38525641363,0.33011650514062824
493,w159872622,447.3657494872576,mfh,46366.44062561429,51518.26736179365,57958.05078201786,r1,-124706.92004467233,-363342.0940679328,-238635.17402326048,0.33011650514062824
494,w159872625,238.36158968657256,mfh,25116.058872769172,27906.732080854636,31395.073590961463,r1,-67552.01183058706,-200057.1906362179,-132505.17880563086,0.33011650514062824
495,w159872628,167.04002443812786,mfh,19006.772350224233,21118.635944693593,23758.46543778029,r1,-51120.508881099806,-166294.3018077001,-115173.79292660029,0.33011650514062824
496,w159872630,195.52493976540862,mfh,18074.7621351929,20083.069039103222,22593.452668991125,r1,-48613.77940610702,-134766.73857630356,-86152.95917019653,0.33011650514062824
497,w159872632,133.65780365467072,th,16477.88462317202,18308.760692413354,20597.355778965022,r1,-44318.82655819074,-85184.1405259015,-40865.31396771076,0.33011650514062824
498,w159872635,49.369007284846155,th,6739.6868476192685,7488.540941799187,8424.608559524086,r1,-18127.02414702661,-78684.49905104232,-60557.47490401572,0.33011650514062824
499,w159872640,133.91130499513818,mfh,16908.877072954834,18787.64119217204,21136.09634119354,r1,-45478.0214467721,-134501.82683100353,-89023.80538423144,0.33011650514062824
500,w159872643,87.82295271442271,other,9591.78852868142,10657.542809646022,11989.735660851775,nr1,-24108.194219888675,-98916.97129231984,-74808.77707243117,0.3301033335557358
501,w159872648,133.79360626488923,mfh,16965.31316645674,18850.347962729713,21206.641458070924,r1,-45629.811649017814,-142984.70620085363,-97354.89455183581,0.33011650514062824
502,w159872651,467.48304517045614,other,34799.30109969496,38665.890110772176,43499.126374618696,nr1,-87465.26334678916,-349421.4901668512,-261956.22682006203,0.3301033335557358
503,w159872654,134.11286987382917,mfh,15572.749109392586,17303.054565991763,19465.93638674073,r1,-41884.37912976061,-119892.31727668471,-78007.9381469241,0.33011650514062824
504,w159872660,131.42538360562176,mfh,16010.967487406166,17789.96387489574,20013.709359257708,r1,-43063.008834600536,-124597.42569516673,-81534.4168605662,0.33011650514062824
505,w159872663,509.8066861014813,other,40789.69983623175,45321.88870692417,50987.12479528969,nr1,-102521.65202374612,-197063.7266409278,-94542.07461718169,0.3301033335557358
506,w159872669,96.41428965386004,other,6140.942525975589,6823.26947330621,7676.178157469486,nr1,-15434.768465412073,-80619.1534358907,-65184.38497047862,0.3301033335557358
507,w159872671,385.8471666022902,mfh,41085.27500261371,45650.30555845967,51356.59375326713,r1,-110502.72644680586,-301968.7145240977,-191465.9880772918,0.33011650514062824
508,w159872676,450.3884779855609,trade,21572.307796555673,23969.230885061857,26965.38474569459,nr1,-54220.272327258725,-217240.0654800733,-163019.7931528146,0.3301033335557358
509,w159872680,74.82275880910456,trade,6347.627257792996,7052.919175325551,7934.534072241245,nr1,-15954.254027676094,-75863.60586405345,-59909.351836377355,0.3301033335557358
510,w159872682,128.20031198486686,mfh,17098.113549140475,18997.903943489415,21372.641936425593,r1,-45986.99081743759,-149317.04566809357,-103330.05485065599,0.33011650514062824
511,w159872688,74.73616111706941,trade,5317.786693607912,5908.651881786568,6647.23336700989,nr1,-13365.83203915392,-63211.03555063888,-49845.20351148496,0.3301033335557358
512,w159872690,271.2794532585889,mfh,37662.36732773164,41847.07480859071,47077.95915966455,r1,-101296.49305963484,-290820.2541695858,-189523.76110995098,0.33011650514062824
513,w159872699,406.91918786983007,mfh,43877.34349126553,48752.60387918392,54846.67936408191,r1,-118012.25827792082,-312166.65225584526,-194154.39397792442,0.33011650514062824
514,w159872700,406.7131608505966,mfh,40678.93594210743,45198.8177134527,50848.66992763429,r1,-109409.83917649015,-294638.33738360996,-185228.49820711982,0.33011650514062824
515,w159872708,435.5580747295171,mfh,46872.894326570284,52080.9936961892,58591.11790821285,r1,-126069.07509343742,-362746.99416394497,-236677.91907050755,0.33011650514062824
516,w159872710,142.59727319749075,mfh,15785.244708098155,17539.160786775727,19731.555885122692,r1,-42455.90610660128,-129892.95920210474,-87437.05309550346,0.33011650514062824
517,w159872717,364.7500545413,mfh,42624.77941045999,47360.86601162221,53280.97426307498,r1,-114643.36891379842,-312900.8748871904,-198257.505973392,0.33011650514062824
518,w159872718,186.0198295045644,mfh,25865.705318047403,28739.672575608223,32332.131647559254,r1,-69568.25672779488,-212121.19190836995,-142552.93518057506,0.33011650514062824
519,w159872719,169.79583046399057,mfh,20853.61252597942,23170.680584421578,26067.015657474276,r1,-56087.759914942544,-183967.02337227855,-127879.263457336,0.33011650514062824
520,w159872726,172.48843573874328,mfh,18695.70090016346,20773.001000181623,23369.626125204326,r1,-50283.85284437399,-152657.7586682196,-102373.90582384562,0.33011650514062824
521,w159872727,172.59632431017235,mfh,21043.444879268325,23381.60542140925,26304.306099085406,r1,-56598.331953340814,-108786.27971601755,-52187.94776267674,0.33011650514062824
522,w159872732,140.4957689295523,mfh,18976.199229647278,21084.665810719198,23720.249037059097,r1,-51038.27958655266,-161571.17136417338,-110532.89177762072,0.33011650514062824
523,w159872736,118.37831126665697,mfh,14679.616639748732,16310.68515527637,18349.520799685914,r1,-39482.215021876786,-121774.91849656735,-82292.70347469056,0.33011650514062824
524,w159872737,187.97203346798193,mfh,24944.26660849226,27715.85178721362,31180.333260615324,r1,-67089.96031495617,-204435.81214034738,-137345.8518253912,0.33011650514062824
525,w159872743,753.6066189933568,other,31827.00488865078,35363.33876516753,39783.75611081347,nr1,-79994.63426435846,-327114.42528439936,-247119.7910200409,0.3301033335557358
526,w159872746,394.377677144669,mfh,44537.18740147157,49485.76377941285,55671.484251839465,r1,-119786.9707777751,-230239.6282651626,-110452.6574873875,0.33011650514062824
527,w159872748,575.8923149108887,trade,55207.313642999135,61341.45960333237,69009.14205374892,nr2,-127736.24764213426,-245530.38787998664,-117794.14023785238,0.3038801715442988
528,w159872750,127.08080641776323,mfh,17865.116812482014,19850.129791646683,22331.396015602517,r1,-48049.91851568096,-214866.09379229217,-166816.1752766112,0.33011650514062824
529,w159872753,434.5401292324066,other,25725.96143987,28584.401599855555,32157.451799837498,nr1,-64660.14894210898,-260000.38633473846,-195340.2373926295,0.3301033335557358
530,w159872756,252.43327465518377,mfh,33635.93448393886,37373.260537709844,42044.91810492357,r1,-90467.02174501512,-265105.1138918069,-174638.0921467918,0.33011650514062824
531,w159872759,386.07803563163617,mfh,40885.04737063046,45427.83041181162,51106.30921328808,r1,-109964.19532482291,-312244.1143791985,-202279.9190543756,0.33011650514062824
532,w159872763,1345.7076428122818,trade,70170.62199602295,77967.35777335883,87713.27749502868,nr2,-162357.69062136256,-564962.2234213736,-402604.5328000111,0.3038801715442988
533,w159872767,486.0339612279087,mfh,45082.85482234876,50092.060913720845,56353.568527935946,r1,-121254.59482888077,-320243.57233124523,-198988.97750236446,0.33011650514062824
534,w159872769,563.4171857964247,other,35443.64525157622,39381.82805730691,44304.55656447027,nr1,-89084.7708986449,-345062.57438123977,-255977.80348259487,0.3301033335557358
535,w159872774,2747.8572637828997,other,119011.47723873041,132234.97470970044,148764.346548413,nr2,-275363.5075803127,-1027314.8839812183,-751951.3764009057,0.3038801715442988
536,w159872776,80.53474041707815,sfh,12444.034937831644,13826.705486479605,15555.043672289554,r1,-33469.406947920535,-114325.84787828478,-80856.44093036425,0.33011650514062824
537,w159872779,530.1892838459462,trade,41088.84380523203,45654.270894702255,51361.054756540034,nr1,-103273.52649249638,-375718.6638159086,-272445.13732341223,0.3301033335557358
538,w159872782,386.9254036822822,mfh,34779.397511211064,38643.77501245674,43474.246889013826,r1,-93542.47352419047,-248384.11403519267,-154841.64051100222,0.33011650514062824
539,w159872787,649.6997715241275,sfh,73844.5187104147,82049.46523379411,92305.64838801838,r2,-182826.9371807041,-498532.5355401649,-315705.5983594608,0.3038801715442988
540,w159872789,103.62989482581615,mfh,13622.502345110554,15136.113716789503,17028.12793138819,r1,-36639.00631228485,-116447.43114524269,-79808.42483295784,0.33011650514062824
541,w159872791,7102.280937734339,other,341045.9633446604,378939.9592718449,426307.4541808255,nr2,-789097.1097208632,-2574886.2744250195,-1785789.1647041563,0.3038801715442988
542,w159872796,295.65545302389654,other,14692.2812732514,16324.756970279332,18365.35159156425,nr1,-36927.87527681977,-155387.4721618525,-118459.59688503272,0.3301033335557358
543,w159872797,3172.659030787088,other,124134.27925297005,137926.9769477445,155167.84906621257,nr2,-287216.4209632032,-1110246.9638711843,-823030.5429079811,0.3038801715442988
544,w159872802,393.79842739673325,mfh,39710.81716874246,44123.130187491624,49638.521460928074,r1,-106805.99232444013,-286684.2415542637,-179878.24922982356,0.33011650514062824
545,w159872803,469.9664310747758,mfh,46940.21759095484,52155.79732328315,58675.271988693545,r1,-126250.14736975342,-242662.3430753553,-116412.19570560189,0.33011650514062824
546,w159872804,664.4021281981841,mfh,71285.2107419375,79205.78971326388,89106.51342742186,r2,-176490.50970646195,-339228.12375420873,-162737.61404774679,0.3038801715442988
547,w159872808,295.65545226749964,other,15824.74835213696,17583.053724596622,19780.935440171197,nr1,-39774.240811648364,-160222.88855083552,-120448.64773918714,0.3301033335557358
548,w159872809,678.8678823016584,other,34505.649287262946,38339.61031918105,43132.06160907868,nr1,-86727.19297482833,-341588.08445651666,-254860.89148168833,0.3301033335557358
549,w159872812,337.05531151816245,mfh,38041.70913462511,42268.56570513901,47552.136418281385,r1,-102316.76866724167,-290081.42878479906,-187764.6601175574,0.33011650514062824
550,w159872814,765.4437305399682,mfh,79399.36095195425,88221.51216883806,99249.2011899428,r2,-196579.81703256286,-538797.3737673449,-342217.556734782,0.3038801715442988
551,w159872815,1229.117813373683,mfh,149792.9605537908,166436.62283754532,187241.2006922385,r2,-370862.8435466689,-1068554.460976288,-697691.6174296191,0.3038801715442988
552,w159872820,336.8380303993821,mfh,38637.43829336847,42930.48699263163,48296.797866710585,r1,-103919.03848923548,-307516.9924164274,-203597.95392719193,0.33011650514062824
553,w159872826,1791.1392054180615,th,178358.86709907744,198176.51899897493,222948.5838738468,r2,-441587.3508313025,-1213874.5710247303,-772287.2201934278,0.3038801715442988
554,w159872827,157.03123329076917,th,22144.882072210334,24605.424524678147,27681.102590262915,r1,-59560.751282948935,-186147.17223582164,-126586.4209528727,0.33011650514062824
555,w159872832,35.670331929810345,sfh,3676.201183569743,4084.667981744159,4595.251479462178,r0,-12132.684475213064,-49660.36835858837,-37527.683883375306,0.405077458272998
556,w159872833,162.84196072258055,mfh,21239.15922568886,23599.065806320956,26548.949032111075,r1,-57124.72416765232,-172954.28826078263,-115829.56409313032,0.33011650514062824
557,w159872834,33.79703346360475,sfh,4555.214293213258,5061.349214681398,5694.017866516572,r0,-15033.719586279723,-59726.50292669567,-44692.78334041595,0.405077458272998
558,w159872835,42.916394099872555,th,6704.477568681241,7449.419520756934,8380.59696085155,r1,-18032.32546681501,-60483.274533092765,-42450.94906627775,0.33011650514062824
559,w159872839,58.88304680213332,other,5318.843004436388,5909.8255604848755,6648.553755545484,nr1,-13368.486992037144,-66924.66638753309,-53556.17939549594,0.3301033335557358
560,w159872840,318.65718863122163,other,26659.24765591642,29621.386284351578,33324.05956989552,nr1,-67005.88928989843,-252841.499100783,-185835.60981088458,0.3301033335557358
561,w159872842,48.8293092939537,other,2375.76436505535,2639.7381833948334,2969.7054563191873,nr0,-7321.810889525649,-30427.63149257967,-23105.82060305402,0.4047622183412387
562,w159872843,143.51003436879253,mfh,19080.71500207315,21200.794446747943,23850.893752591437,r1,-51319.38462501273,-169221.55682081866,-117902.17219580594,0.33011650514062824
563,w159872845,162.83680398128925,mfh,21498.13375395689,23886.81528217432,26872.667192446108,r1,-57821.26061415468,-183928.00519720707,-126106.74458305238,0.33011650514062824
564,w159872848,156.42925329236314,mfh,21291.72814453538,23657.47571615042,26614.660180669223,r1,-57266.113238518505,-110069.80591142472,-52803.69267290621,0.33011650514062824
565,w159872851,167.48750086340587,mfh,20694.65294755158,22994.058830612867,25868.316184439474,r1,-55660.22311958232,-174672.85281884245,-119012.62969926014,0.33011650514062824
566,w159872853,143.46053532976657,th,18641.830787650975,20713.145319612195,23302.288484563716,r1,-50138.96409028273,-96370.88557121159,-46231.92148092886,0.33011650514062824
567,w159872855,768.5454076524824,other,30902.518900127714,34336.13211125301,38628.14862515964,nr1,-77671.01258543643,-303518.69180546753,-225847.6792200311,0.3301033335557358
568,w159872857,315.41669200100006,mfh,33248.68266430212,36942.98073811347,41560.85333037765,r1,-89425.47141126113,-259651.20711429478,-170225.73570303366,0.33011650514062824
569,w159872858,136.24142913175746,other,12600.205042488164,14000.227824986849,15750.256303110204,nr1,-31669.608797816585,-142981.27072996114,-111311.66193214455,0.3301033335557358
570,w159872860,131.01957194106652,other,10778.366395040914,11975.96266115657,13472.957993801141,nr1,-27090.56289635368,-109028.70643810161,-81938.14354174794,0.3301033335557358
571,w159872862,156.42902136784977,mfh,20547.76308719318,22830.847874659088,25684.703858991474,r1,-55265.14897060897,-156062.5654785741,-100797.41650796513,0.33011650514062824
572,w159872865,158.90607472276315,mfh,21250.92912058293,23612.143467314363,26563.66140072866,r1,-57156.38041129933,-109858.8911083924,-52702.51069709307,0.33011650514062824
573,w159872867,192.56274920739233,mfh,23626.608294376343,26251.78699375149,29533.260367970426,r1,-63545.993864059885,-185694.8295397699,-122148.83567571003,0.33011650514062824
574,w159872868,54.98272090442479,other,4338.732794656411,4820.814216284901,5423.415993320514,nr0,-13371.435942855911,-54463.869957994066,-41092.434015138155,0.4047622183412387
575,w159872870,315.09365436807275,mfh,33572.70898486998,37303.00998318887,41965.886231087476,r1,-90296.97079543216,-260560.31532153703,-170263.34452610486,0.33011650514062824
576,w159872874,56.548262861557305,th,6258.9085433516675,6954.342825946297,7823.635679189584,r1,-16833.925501960657,-76428.32073636235,-59594.395234401694,0.33011650514062824
577,w159872876,86.08918008172186,other,7937.8236826816055,8819.804091868451,9922.279603352006,nr1,-19951.08570764406,-88057.07439417127,-68105.98868652721,0.3301033335557358
578,w159872878,413.8979488207959,mfh,49390.03592714167,54877.81769682407,61737.544908927084,r1,-132839.16510009117,-384616.7127069756,-251777.54760688441,0.33011650514062824
579,w159872879,205.3686287334189,mfh,25436.2263636754,28262.47373741711,31795.282954594248,r1,-68413.13252802718,-208968.80587882135,-140555.67335079418,0.33011650514062824
580,w159872883,329.8948070596903,th,38258.33027645758,42509.25586273064,47822.91284557197,r1,-102899.39168186154,-327213.87721046765,-224314.4855286061,0.33011650514062824
581,w159872884,900.053558271192,other,37831.76819712391,42035.297996804344,47289.71024640488,nr1,-95087.12714535324,-404871.37246445153,-309784.2453190983,0.3301033335557358
582,w159872887,1008.3728146322071,other,88407.21114906944,98230.23461007715,110509.01393633679,nr2,-204552.7063626657,-703710.2390973154,-499157.53273464966,0.3038801715442988
583,w159872892,458.9937253634445,other,39649.09661200691,44054.55179111879,49561.370765008636,nr1,-99654.83693756911,-377521.80057125463,-277866.9636336855,0.3301033335557358
584,w159872895,353.7920229201671,th,49227.57275316536,54697.30305907262,61534.4659414567,r1,-132402.20505368907,-372058.0883669628,-239655.88331327372,0.33011650514062824
585,w159872899,2008.66189844124,other,87830.35072413228,97589.2785823692,109787.93840516535,nr2,-203217.99215122598,-748718.1573087757,-545500.1651575498,0.3038801715442988
587,w160025355,131.5437356668757,ab,15822.357973565722,17580.397748406358,19777.94746695715,r1,-42555.72573836107,-156474.44908210196,-113918.72334374089,0.33011650514062824
588,w160025360,102.43726858533918,mfh,14598.10513130861,16220.116812565122,18247.63141413576,r1,-39262.98212350013,-125092.35087319979,-85829.36874969966,0.33011650514062824
589,w160025362,106.2412323884666,mfh,12893.32495058692,14325.916611763245,16116.65618823365,r1,-34677.81485979699,-127646.43905572529,-92968.6241959283,0.33011650514062824
590,w160025367,104.2175793532282,mfh,14296.527182761089,15885.030203067876,17870.65897845136,r1,-38451.85975548346,-120627.97298217835,-82176.1132266949,0.33011650514062824
591,w160025369,103.97346241511406,mfh,13712.751918131698,15236.391020146331,17140.939897664623,r1,-36881.74106041206,-117232.1523534899,-80350.41129307784,0.33011650514062824
592,w160025373,103.9182820610702,mfh,12692.477684318626,14102.75298257625,15865.597105398283,r1,-34137.61717289767,-106547.23950928313,-72409.62233638545,0.33011650514062824
593,w160025375,104.46434533819556,mfh,15200.83881015165,16889.8209001685,19001.048512689562,r1,-40884.09126367826,-78582.31920707978,-37698.22794340152,0.33011650514062824
594,w160025376,101.26918978765606,other,6767.594541506047,7519.5494905622745,8459.493176882557,nr1,-17009.808245899167,-72636.24017015644,-55626.43192425727,0.3301033335557358
595,w160025380,128.15635424628857,th,16535.50385671767,18372.782063019633,20669.379820897087,r1,-44473.798927297794,-148287.56320408004,-103813.76427678225,0.33011650514062824
596,w160025381,64.08582323277369,th,8805.145795153388,9783.495327948209,11006.432243941736,r1,-23682.271009849133,-98462.23136008586,-74779.96035023672,0.33011650514062824
597,w160025384,125.48521707579494,mfh,13228.087159594033,14697.874621771149,16535.10894949254,r1,-35578.189429622515,-114993.41206358069,-79415.22263395818,0.33011650514062824
598,w160025385,125.6767025694251,mfh,12483.801305090501,13870.890338989446,15604.751631363126,r1,-33576.362347457456,-104957.60819389326,-71381.2458464358,0.33011650514062824
599,w160025388,125.67682776004075,mfh,12887.497210468891,14319.441344965435,16109.371513086113,r1,-34662.14060248643,-104217.82785729697,-69555.68725481053,0.33011650514062824
600,w160025389,125.54291224256157,mfh,15947.091501286146,17718.990556984605,19933.864376607682,r1,-42891.20833867366,-137072.7897716689,-94181.58143299524,0.33011650514062824
601,w160025392,101.23846836648882,other,7707.166695034264,8563.51855003807,9633.95836879283,nr1,-19371.347795392467,-84221.54801587605,-64850.20022048358,0.3301033335557358
602,w160025393,241.441205301648,mfh,29760.98461218925,33067.76068021028,37201.23076523656,r1,-80044.97818693276,-245502.73271795968,-165457.75453102693,0.33011650514062824
603,w160025394,520.9474028991534,mfh,62962.95736238052,69958.84151375612,78703.69670297565,r2,-155885.973006955,-299624.64401456947,-143738.67100761447,0.3038801715442988
604,w160025395,347.3527018059045,mfh,41270.74084393225,45856.37871548028,51588.42605491531,r1,-111001.55433896786,-375642.64978929894,-264641.0954503311,0.33011650514062824
605,w160025396,362.18757194392384,mfh,37666.70161233902,41851.89068037669,47083.37701542377,r1,-101308.15052733541,-295028.6044417749,-193720.45391443948,0.33011650514062824
606,w160025398,216.67090053744613,mfh,25759.482837806354,28621.647597562616,32199.353547257942,r1,-69282.56133751624,-215932.25893513588,-146649.69759761964,0.33011650514062824
607,w160025399,277.5212213275954,mfh,34672.16062353594,38524.62291503994,43340.20077941992,r1,-93254.04978933613,-179241.34501697693,-85987.2952276408,0.33011650514062824
608,w160025402,733.1297983160242,mfh,73752.53405858297,81947.26006509218,92190.66757322871,r2,-182599.1982441423,-525541.8968687353,-342942.69862459303,0.3038801715442988
609,w160025403,118.93753181435167,th,13366.26539456982,14851.405993966466,16707.831743212275,r1,-35949.832839565854,-114169.0426226089,-78219.20978304304,0.33011650514062824
610,w160025405,118.80893169231713,mfh,11413.826109522666,12682.02901058074,14267.282636903332,r1,-30698.563030471545,-88561.51784203673,-57862.954811565185,0.33011650514062824
611,w160025406,118.8714888818562,mfh,12694.703117102687,14105.225685669651,15868.378896378357,r1,-34143.60268449879,-94463.97091092067,-60320.36822642189,0.33011650514062824
612,w160025409,118.87152101863175,mfh,13545.552141340295,15050.613490378106,16931.94017667537,r1,-36432.04147350235,-114379.86364063832,-77947.82216713596,0.33011650514062824
613,w160025412,678.325670054555,mfh,83112.16289052342,92346.84765613714,103890.20361315427,r2,-205772.10670607456,-395509.5704293085,-189737.46372323396,0.3038801715442988
614,w160025415,1309.668819526094,mfh,134843.0872649352,149825.65251659465,168553.85908116898,r2,-333849.4051442922,-928363.9400788926,-594514.5349346003,0.3038801715442988
615,w160025422,678.3786613484378,mfh,78555.95700031816,87284.39666702018,98194.9462503977,r2,-194491.68694550224,-538886.4374023586,-344394.7504568564,0.3038801715442988
616,w160025427,555.729584345687,mfh,68356.5049155554,75951.67212839489,85445.63114444424,r2,-169239.51362047615,-325291.1602217836,-156051.64660130747,0.3038801715442988
617,w160025428,926.2977557130158,mfh,100962.61735123128,112180.68594581253,126203.2716890391,r2,-249966.9091548929,-705166.3394513656,-455199.43029647274,0.3038801715442988
618,w160025434,188.0208901744336,mfh,25126.424219116037,27918.249132351153,31408.030273895045,r1,-67579.89040829698,-202721.97775913274,-135142.08735083576,0.33011650514062824
619,w160025437,385.6369404070079,mfh,43222.04791881172,48024.497687568575,54027.55989851464,r1,-116249.77896191139,-331791.52228163223,-215541.74331972084,0.33011650514062824
620,w160025438,514.208815998584,mfh,66439.19135967275,73821.32373296973,83048.98919959094,r2,-164492.55919300244,-316167.15436641563,-151674.5951734132,0.3038801715442988
621,w160025439,231.99735509790483,mfh,23422.747428464972,26025.274920516636,29278.434285581214,r1,-62997.69081637236,-198433.39121155947,-135435.70039518713,0.33011650514062824
622,w160025441,239.19352681115268,mfh,29974.211052689745,33304.67894743305,37467.76381586218,r1,-80618.47083178796,-154954.80547756338,-74336.33464577542,0.33011650514062824
623,w160025442,258.45977183450015,mfh,26407.168715404667,29341.29857267185,33008.96089425583,r1,-71024.57366069412,-205976.60275732045,-134952.02909662633,0.33011650514062824
624,w160025445,358.2598954875022,mfh,37036.861616907394,41152.06846323044,46296.07702113424,r1,-99614.13638927719,-292305.6848780703,-192691.54848879314,0.33011650514062824
625,w160025446,282.03160609211767,mfh,32653.249972380814,36281.3888582009,40816.56246547602,r1,-87823.99896477806,-168804.37616143635,-80980.37719665829,0.33011650514062824
626,w160025449,151.84076374266294,mfh,15398.815708212785,17109.79523134754,19248.51963526598,r1,-41416.56882426037,-134023.0720344891,-92606.50321022872,0.33011650514062824
627,w160025451,187.46145662125198,mfh,22242.272514884975,24713.63612764997,27802.840643606218,r1,-59822.69207425979,-182326.71270291743,-122504.02062865764,0.33011650514062824
628,w160025452,105.00601281486452,mfh,13097.326417448377,14552.584908275974,16371.658021810472,r1,-35226.49606701549,-113052.61824523621,-77826.12217822071,0.33011650514062824
629,w160025453,104.94913844838739,mfh,14710.976976171565,16345.52997352396,18388.721220214455,r1,-39566.561607771415,-125907.00652788846,-86340.44492011704,0.33011650514062824
630,w160025454,86.96602670811116,mfh,9958.714429546208,11065.238255051341,12448.393036932759,r1,-26784.902773560476,-106481.50359756376,-79696.60082400328,0.33011650514062824
631,w160025455,103.15431486908346,mfh,14454.34817374303,16060.386859714477,18067.935217178787,r1,-38876.33421240097,-123979.15980624805,-85102.82559384708,0.33011650514062824
632,w160025456,162.83409464433788,mfh,15439.821255317227,17155.356950352474,19299.776569146532,r1,-41526.85711499702,-117191.61068856201,-75664.75357356499,0.33011650514062824
633,w160025457,103.20248084068298,mfh,13888.002639595677,15431.114043995196,17360.003299494594,r1,-37353.094423199764,-117285.38599473545,-79932.2915715357,0.33011650514062824
634,w160025458,101.69107806179672,mfh,14620.583473797502,16245.09274866389,18275.729342246876,r1,-39323.439748059514,-185219.86846830873,-145896.4287202492,0.33011650514062824
635,w160025459,108.44199563004076,mfh,13875.057936342178,15416.731040380198,17343.82242042772,r1,-37318.27842154309,-121545.82014522776,-84227.54172368467,0.33011650514062824
636,w160025462,124.9876569705084,mfh,15710.045915399749,17455.606572666387,19637.557394249685,r1,-42253.65185326713,-136553.08664738233,-94299.4347941152,0.33011650514062824
637,w160025465,103.21026510931551,mfh,13114.320013160435,14571.466681289372,16392.90001645054,r1,-35272.201947241396,-105793.10951284651,-70520.90756560511,0.33011650514062824
638,w160025467,105.14285953305661,mfh,14341.115732538854,15934.573036154281,17926.394665673568,r1,-38571.784870221985,-120431.97445598734,-81860.18958576536,0.33011650514062824
639,w160025469,108.37528205253183,mfh,12119.687617749969,13466.319575277743,15149.60952218746,r1,-32597.04420524789,-107158.0300040726,-74560.98579882471,0.33011650514062824
640,w160025471,48.55004379618913,sfh,6829.869385996844,7588.743762218715,8537.336732496055,r1,-18369.578599150438,-66089.4977240213,-47719.91912487087,0.33011650514062824
641,w160025472,101.69099241122603,mfh,13375.50809475645,14861.6756608405,16719.38511844556,r1,-35974.69195442607,-69146.08198838898,-33171.39003396291,0.33011650514062824
642,w160025474,105.6897082787007,mfh,13340.076698786537,14822.307443096151,16675.09587348317,r1,-35879.39586948463,-121227.04013840762,-85347.644268923,0.33011650514062824
643,w160025476,96.35599186792969,mfh,11760.455718228655,13067.17302025406,14700.569647785818,r1,-31630.856092323127,-60796.9005403427,-29166.044448019573,0.33011650514062824
644,w160025477,108.4367577029392,mfh,13789.217767408181,15321.35307489798,17236.522209260227,r1,-37087.403182050155,-112584.92843848435,-75497.5252564342,0.33011650514062824
645,w160025481,105.0061043202877,mfh,13105.966754568803,14562.185282854225,16382.458443211002,r1,-35249.73506953322,-103948.44144429191,-68698.70637475868,0.33011650514062824
646,w160025482,103.2132654029876,mfh,14060.161845670413,15622.402050744902,17575.202307088013,r1,-37816.13286344304,-121768.24840938303,-83952.11554593999,0.33011650514062824
647,w160025484,128.51466068420558,mfh,13247.347808026228,14719.275342251365,16559.184760032786,r1,-35629.99276219739,-100432.70690655187,-64802.71414435448,0.33011650514062824
648,w160025486,101.26240085978061,mfh,13302.68360909849,14780.75956566499,16628.354511373112,r1,-35778.823624062476,-110045.52261343908,-74266.6989893766,0.33011650514062824
649,w160025487,105.13472320698202,mfh,14158.708934601254,15731.898816223616,17698.386168251567,r1,-38081.18456407205,-121596.31107847464,-83515.1265144026,0.33011650514062824
650,w160025490,87.12732640933245,mfh,12040.780464448602,13378.644960498446,15050.975580560753,r1,-32384.815965923644,-163831.8920116401,-131447.07604571644,0.33011650514062824
651,w160025492,101.576605540514,mfh,13964.916070301266,15516.57341144585,17456.145087876583,r1,-37559.960357352684,-118385.81608769414,-80825.85573034146,0.33011650514062824
652,w160025494,105.68961535468698,mfh,14285.138779463909,15872.376421626564,17856.423474329884,r1,-38421.229569507246,-121585.81674188795,-83164.5871723807,0.33011650514062824
653,w160025496,100.3227494932711,mfh,13748.271791453237,15275.857546059151,17185.339739316543,r1,-36977.275113544856,-118746.48165844571,-81769.20654490087,0.33011650514062824
654,w160025498,53.38166442215442,th,6600.947610690868,7334.386234100964,8251.184513363583,r1,-17753.871869361137,-75983.1983076119,-58229.32643825077,0.33011650514062824
655,w160025500,108.55102695096282,mfh,13356.061664075802,14840.06851563978,16695.07708009475,r1,-35922.38894295215,-107668.88481985817,-71746.49587690602,0.33011650514062824
656,w160025504,103.15687311664223,mfh,13210.204122827778,14678.004580919753,16512.75515353472,r1,-35530.09131369912,-105912.5381622667,-70382.44684856758,0.33011650514062824
657,w160025505,103.09466042611747,mfh,11999.591279695112,13332.879199661236,14999.48909961889,r1,-32274.033764390562,-104968.36555732887,-72694.3317929383,0.33011650514062824
658,w160025507,85.83866344131528,mfh,11973.740029139291,13304.155587932546,14967.175036424114,r1,-32204.504385110613,-108823.41332163644,-76618.90893652583,0.33011650514062824
659,w160025509,108.27769679883495,mfh,14945.057217444468,16605.61913049385,18681.321521805585,r1,-40196.142518848086,-131551.24348531858,-91355.10096647049,0.33011650514062824
660,w160025513,105.03020258601755,mfh,11679.227174263047,12976.919082514496,14599.03396782881,r1,-31412.384253618562,-96209.84008309791,-64797.455829479346,0.33011650514062824
661,w160025515,104.96566433478147,mfh,13255.429579015141,14728.255087794601,16569.286973768925,r1,-35651.729448363825,-104615.68241234552,-68963.95296398169,0.33011650514062824
662,w160025517,132.51887063886969,mfh,14316.368058185923,15907.07562020658,17895.460072732403,r1,-38505.22366334087,-112471.30423915602,-73966.08057581514,0.33011650514062824
663,w160032048,197.876624872908,mfh,22760.163304132715,25289.070337925237,28450.204130165894,r1,-61215.60825189091,-185387.49258071458,-124171.88432882367,0.33011650514062824
664,w160032049,177.6117346536368,mfh,20420.46582699145,22689.406474434945,25525.582283739313,r1,-54922.7709697168,-212410.18810733792,-157487.41713762112,0.33011650514062824
665,w160032050,605.1206229591743,mfh,68794.57954872533,76438.42172080593,85993.22443590667,r2,-170324.11468278526,-486164.68924651964,-315840.57456373435,0.3038801715442988
666,w160032051,604.9254235289991,mfh,66484.26842234895,73871.4093581655,83105.33552793619,r2,-164604.16261936518,-459114.0596925385,-294509.8970731733,0.3038801715442988
667,w160032052,558.9287057133391,mfh,63671.536875409336,70746.15208378815,79589.42109426166,r2,-157640.29985989426,-466137.8881425383,-308497.58828264405,0.3038801715442988
668,w160032053,914.9869650162756,mfh,118384.96876544278,131538.85418382531,147981.21095680346,r2,-293101.7985572794,-563363.8508888589,-270262.0523315795,0.3038801715442988
669,w160032054,558.7663555394857,mfh,60610.35153484233,67344.8350387137,75762.93941855291,r2,-150061.30618870383,-430441.66642345116,-280380.3602347473,0.3038801715442988
670,w160032055,915.1860893286764,mfh,117551.19343225891,130612.43714695434,146938.99179032363,r2,-291037.50735293666,-559396.1268832103,-268358.6195302736,0.3038801715442988
671,w160032056,579.5610938113182,mfh,57693.31188162339,64103.67986847043,72116.63985202923,r2,-142839.1936372753,-381807.06864039676,-238967.87500312144,0.3038801715442988
672,w160032057,300.306428108085,mfh,37313.43611538925,41459.37346154361,46641.79514423657,r1,-100358.00961748263,-192895.69372805193,-92537.6841105693,0.33011650514062824
673,w160032058,579.3688813976943,mfh,57693.4417204568,64103.82413384089,72116.80215057099,r2,-142839.51509696734,-403015.72671052034,-260176.211613553,0.3038801715442988
674,w160032059,915.3225905947387,mfh,92194.63134061452,102438.47926734947,115243.28917576815,r2,-228258.8114442061,-438730.71965947584,-210471.90821526974,0.3038801715442988
675,w160032060,914.9022733874618,mfh,89683.02969465003,99647.81077183336,112103.78711831254,r2,-222040.49701317254,-593128.0704982998,-371087.57348512724,0.3038801715442988
676,w160032061,434.5004198986106,mfh,54507.02112981529,60563.35681090588,68133.77641226912,r2,-134950.45945234908,-259385.00169741793,-124434.54224506885,0.3038801715442988
677,w160032062,579.3681231357157,mfh,63760.568600850966,70845.07622316774,79700.7107510637,r2,-157860.7278342201,-303420.2723236602,-145559.5444894401,0.3038801715442988
678,w160032063,157.0142166607082,mfh,21768.76703500984,24187.51892778871,27210.9587937623,r1,-58549.15437710731,-176233.54301094334,-117684.38863383603,0.33011650514062824
679,w160032064,245.02896427586674,mfh,31648.601750868154,35165.11305652017,39560.75218858519,r1,-85121.90271277486,-242531.6795820143,-157409.77686923946,0.33011650514062824
680,w160032065,177.6155174203217,mfh,23633.30432957042,26259.22703285602,29541.630411963022,r1,-63564.00348296305,-194748.7698870129,-131184.76640404985,0.33011650514062824
681,w160032066,915.0334876678884,mfh,90981.15204470573,101090.16893856191,113726.44005588215,r2,-225254.43540008526,-607019.7365891554,-381765.3011890701,0.3038801715442988
682,w160032067,686.1767572972923,mfh,82068.33429355826,91187.03810395363,102585.41786694783,r2,-203187.75801428923,-580798.390187288,-377610.63217299886,0.3038801715442988
683,w160032068,579.4084268193692,mfh,55797.50842459628,61997.23158288475,69746.88553074535,r2,-138145.49469254952,-373349.55087617255,-235204.05618362303,0.3038801715442988
684,w160032069,582.2339869499207,mfh,56337.525071553566,62597.25007950396,70421.90633944195,r2,-139482.48748922505,-371881.0075493897,-232398.52006016462,0.3038801715442988
685,w160032070,655.6557445708662,mfh,64738.30461673968,71931.4495741552,80922.8807709246,r2,-160281.4421171204,-437183.1509419442,-276901.70882482384,0.3038801715442988
686,w160032071,187.63290931591763,mfh,21296.262178485253,23662.513531650282,26620.327723106566,r1,-57278.30795093633,-172607.00152818827,-115328.69357725194,0.33011650514062824
687,w160032072,300.05888833065984,mfh,31840.051021962732,35377.83446884748,39800.06377745341,r1,-85636.82360428305,-236171.7764069137,-150534.95280263067,0.33011650514062824
688,w160032074,652.9879129000007,mfh,66119.07190804384,73465.63545338204,82648.8398850548,r2,-163699.99584645542,-456278.40787059895,-292578.4120241435,0.3038801715442988
689,w160032075,187.48918503960593,mfh,19824.58853199762,22027.320591108466,24780.73566499702,r1,-53320.10272129017,-170147.99900058092,-116827.89627929076,0.33011650514062824
690,w160032079,410.4375718038529,mfh,56450.435111772305,62722.70567974701,70563.04388971538,r2,-139762.03426115398,-268633.2128188466,-128871.17855769259,0.3038801715442988
691,w160032080,367.35827468354256,mfh,37513.62238413698,41681.802649041085,46892.027980171224,r1,-100896.4294891381,-290547.05270258803,-189650.62321344993,0.33011650514062824
692,w160032082,146.62608959153295,mfh,18641.24062010344,20712.48957789271,23301.550775129297,r1,-50137.376778939215,-159110.90729368848,-108973.53051474926,0.33011650514062824
693,w160032083,292.00384606306903,mfh,30643.0030164966,34047.781129440664,38303.75377062075,r1,-82417.24996668895,-231040.9834242511,-148623.73345756216,0.33011650514062824
694,w160032087,547.5336022242903,mfh,60767.66004008141,67519.62226675713,75959.57505010176,r2,-150450.7762903118,-289177.7843647873,-138727.00807447548,0.3038801715442988
695,w160032089,324.3052944285795,mfh,36712.527765060455,40791.69751673384,45890.65970632557,r1,-98741.80987069353,-300467.1385231009,-201725.32865240733,0.33011650514062824
696,w160032093,651.9691053661052,mfh,70334.93715781553,78149.93017535059,87918.6714472694,r2,-174137.7879079753,-483470.8505111472,-309333.0626031719,0.3038801715442988
697,w160032096,417.5862662355881,mfh,47555.89860683755,52839.88734093061,59444.87325854694,r1,-127906.07959540488,-371091.7065344147,-243185.62693900985,0.33011650514062824
698,w160032097,55.47504670508206,th,7948.649698139474,8831.832997932748,9935.812122674342,r1,-21378.643885409427,-89316.56236917592,-67937.9184837665,0.33011650514062824
699,w160032099,154.26596265360712,mfh,19916.581628132146,22129.53514236905,24895.727035165182,r1,-53567.52683945662,-157514.77738317844,-103947.25054372182,0.33011650514062824
700,w160032101,417.4909567882307,mfh,46112.95125263289,51236.61250292543,57641.18906579111,r1,-124025.13644122917,-355711.42458294507,-231686.2881417159,0.33011650514062824
701,w160032104,110.95144802480935,th,12429.560392323068,13810.622658136743,15536.950490403835,r1,-33430.47629106904,-111977.31983391145,-78546.8435428424,0.33011650514062824
702,w160032105,152.98637234792113,mfh,20848.956423449432,23165.507137166034,26061.19552931179,r1,-56075.236887552644,-107780.85139011189,-51705.61450255924,0.33011650514062824
703,w160032106,115.7174410201609,mfh,13210.000451569256,14677.778279521395,16512.50056446157,r1,-35529.54352061842,-132992.50198477504,-97462.95846415662,0.33011650514062824
704,w160032107,169.80155310891567,th,20257.197734231464,22507.997482479404,25321.49716778933,r1,-54483.646018244515,-104721.69322190383,-50238.04720365931,0.33011650514062824
705,w160032108,125.84912734059617,mfh,15892.879065874109,17658.7545176379,19866.098832342635,r1,-42745.39887482146,-135401.85337757622,-92656.45450275476,0.33011650514062824
706,w160032109,117.1162128248019,mfh,12173.84675432335,13526.49639369261,15217.308442904186,r1,-32742.710316840974,-109588.86271742223,-76846.15240058125,0.33011650514062824
707,w160032110,214.96215275530702,mfh,27759.583627761367,30843.98180862374,34699.479534701706,r1,-74662.02126432404,-223831.15673586042,-149169.13547153637,0.33011650514062824
708,w160032111,253.8681676615961,th,29680.37219464188,32978.191327379864,37100.46524330235,r1,-79828.16347840552,-247723.74122854962,-167895.57775014412,0.33011650514062824
709,w160032112,125.84912488418631,th,14784.277193453934,16426.97465939326,18480.346491817418,r1,-39763.70946325808,-124609.87175409049,-84846.1622908324,0.33011650514062824
710,w160032113,105.45346036842092,mfh,13847.210707174945,15385.789674638827,17309.01338396868,r1,-37243.38066932473,-118646.27876974235,-81402.89810041762,0.33011650514062824
711,w160032114,381.28189064939505,mfh,38441.58971886041,42712.87746540045,48051.98714857551,r1,-103392.28525580856,-289546.2716114815,-186153.98635567294,0.33011650514062824
712,w160032115,139.91205219514669,mfh,18194.998750903073,20216.66527878119,22743.748438628838,r1,-48937.16713696353,-150135.32034524635,-101198.15320828282,0.33011650514062824
713,w160032116,192.1807412372902,mfh,25401.90433957016,28224.338155077952,31752.3804244627,r1,-68320.82020346417,-131317.78977530607,-62996.969571841895,0.33011650514062824
714,w160032117,302.6253065098543,mfh,38132.472874110405,42369.414304567115,47665.591092638,r1,-102560.88631462252,-197129.7895447364,-94568.9032301139,0.33011650514062824
715,w160032118,188.54685349911452,mfh,24193.179771566014,26881.31085729557,30241.474714457516,r1,-65069.841348407266,-200099.32230056493,-135029.48095215767,0.33011650514062824
716,w160032119,301.6826584111899,mfh,37828.96424629396,42032.182495882174,47286.20530786744,r1,-101744.57120241477,-291226.6288513989,-189482.05764898413,0.33011650514062824
717,w160032121,128.1140758719295,mfh,17251.90075647625,19168.778618306944,21564.87594559531,r1,-46400.61603236345,-140000.8695403494,-93600.25350798597,0.33011650514062824
718,w160032123,387.4767547928728,mfh,54442.01474559972,60491.1274951108,68052.51843199965,r2,-134789.51428904,-426025.2852899198,-291235.7710008798,0.3038801715442988
719,w160032125,297.0948597435839,mfh,31398.011390583837,34886.67932287093,39247.51423822979,r1,-84447.91627770921,-243753.78606007932,-159305.8697823701,0.33011650514062824
720,w160032126,464.2806208854541,mfh,50568.14004669606,56186.82227410674,63210.17505837008,r2,-125198.4348346554,-363096.8459476467,-237898.4111129913,0.3038801715442988
721,w160032127,228.89082276217522,mfh,26202.43345212795,29113.81494680883,32753.041815159933,r1,-70473.91883873071,-225798.49273611096,-155324.57389738027,0.33011650514062824
722,w160032128,268.14993185095955,mfh,30473.596445371426,33859.55160596825,38091.99555671428,r1,-81961.61499805005,-305293.79263575864,-223332.1776377086,0.33011650514062824
723,w160032129,100.24086796883493,mfh,13847.774666178364,15386.416295753737,17309.718332722954,r1,-37244.89749031421,-118097.7301520797,-80852.8326617655,0.33011650514062824
724,w160032130,150.2635816658847,mfh,14029.486662093666,15588.318513437407,17536.858327617083,r1,-37733.62906082102,-110884.31091907292,-73150.68185825189,0.33011650514062824
725,w160032131,100.12314690686762,mfh,14135.939899488163,15706.599888320181,17669.924874360204,r1,-38019.94509425228,-120732.13473359746,-82712.18963934518,0.33011650514062824
726,w160032132,257.78643680289383,mfh,32040.0698986087,35600.07766512078,40050.087373260874,r1,-86174.79325907544,-260512.46480572436,-174337.67154664893,0.33011650514062824
727,w160032133,136.6476590367034,mfh,17304.298376071107,19226.998195634562,21630.372970088883,r1,-46541.54437771797,-139885.6543191634,-93344.10994144544,0.33011650514062824
728,w160032134,132.71697852164507,th,15243.003074861019,16936.67008317891,19053.753843576273,r1,-40997.49603482106,-134735.34546798462,-93737.84943316356,0.33011650514062824
729,w160032135,165.9338162511587,mfh,22655.11538553312,25172.350428370133,28318.8942319164,r1,-60933.071956050626,-186824.28980399837,-125891.21784794774,0.33011650514062824
730,w160032136,153.4784858365543,mfh,20651.507489251788,22946.119432501986,25814.384361564735,r1,-55544.179335632456,-183156.59362924795,-127612.4142936155,0.33011650514062824
731,w160032137,244.7570460377261,mfh,31882.694606522888,35425.21622946987,39853.368258153605,r1,-85751.51755142256,-248093.26786643788,-162341.75031501532,0.33011650514062824
732,w160032138,345.56507694348693,mfh,33660.554635708184,37400.61626189798,42075.693294635224,r1,-90533.23996786677,-255768.02932487734,-165234.78935701057,0.33011650514062824
733,w160032139,170.051029805094,mfh,20953.231302739754,23281.36811415528,26191.53912842469,r1,-56355.69402117921,-168368.9642670962,-112013.27024591698,0.33011650514062824
734,w160032140,210.13578363517297,mfh,25061.983224774885,27846.648027527648,31327.479030968607,r1,-67406.57026941054,-215396.9149372661,-147990.34466785553,0.33011650514062824
735,w160032141,252.5825279586017,mfh,26752.030081941455,29724.477868823837,33440.03760242682,r1,-71952.11086827182,-208586.58309852664,-136634.47223025482,0.33011650514062824
736,w160032142,252.46278136584442,mfh,34459.97295454553,38288.858838383916,43074.96619318191,r1,-92683.35101853951,-178144.4187654285,-85461.06774688899,0.33011650514062824
737,w160032143,236.73276664549485,mfh,29576.02728282697,32862.25253647441,36970.03410353371,r1,-79547.5179856915,-229768.24687328446,-150220.72888759297,0.33011650514062824
738,w160032144,216.15235636769793,mfh,24178.437367510116,26864.93040834457,30223.046709387643,r1,-65030.19026070117,-198024.66988669647,-132994.4796259953,0.33011650514062824
739,w160032145,143.2480424195528,mfh,18000.89068230275,20000.989647003054,22501.113352878438,r1,-48415.09515851639,-93057.47895068635,-44642.38379216995,0.33011650514062824
740,w160032146,425.3107569515705,mfh,43179.60460429989,47977.3384492221,53974.50575537486,r1,-116135.62365997664,-335863.83751736,-219728.21385738335,0.33011650514062824
741,w160032147,237.48158785337583,mfh,32014.72814949744,35571.92016610827,40018.4101868718,r1,-86106.63423203847,-262923.25907473575,-176816.6248426973,0.33011650514062824
742,w160032148,183.97369813346305,th,23560.800292201195,26178.66699133466,29451.000365251493,r1,-63368.99702852919,-191622.64931364934,-128253.65228512014,0.33011650514062824
743,w160032149,343.71558685973287,mfh,34361.6584028396,38179.620447599555,42952.0730035495,r1,-92418.92474873336,-267031.9925222055,-174613.06777347217,0.33011650514062824
744,w160032150,136.78365420317277,mfh,19017.245100468906,21130.27233385434,23771.556375586133,r1,-51148.67633173412,-158939.9044838248,-107791.22815209068,0.33011650514062824
745,w160032151,156.68413198292254,mfh,18994.198311231074,21104.66479025675,23742.74788903884,r1,-51086.689815969934,-178705.4136740563,-127618.72385808636,0.33011650514062824
746,w160032152,131.687454425171,th,16816.435705141692,18684.928561268545,21020.544631427114,r1,-45229.391659599576,-86934.31560002148,-41704.923940421904,0.33011650514062824
747,w160032153,131.7784823913127,mfh,14664.81319433541,16294.236882594898,18331.01649291926,r1,-39442.3997576763,-110341.02277443404,-70898.62301675775,0.33011650514062824
748,w160032155,131.65618118494749,mfh,16155.971644692994,17951.079605214436,20194.96455586624,r1,-43453.01120711225,-128289.18468126193,-84836.17347414969,0.33011650514062824
749,w160032156,597.6746075108182,mfh,62825.58869422202,69806.20966024668,78531.98586777752,r2,-155545.87067705154,-468061.156003409,-312515.28532635747,0.3038801715442988
750,w160032157,145.99030133634804,mfh,18497.65764028637,20552.95293365152,23122.072050357958,r1,-49751.1967974219,-213889.9837778575,-164138.7869804356,0.33011650514062824
751,w160032158,192.3817300193943,mfh,24447.84564861781,27164.27294290868,30559.807060772262,r1,-65754.78927063488,-191731.5377321079,-125976.74846147303,0.33011650514062824
752,w160032159,156.72131929650496,mfh,19753.449044420944,21948.276716023272,24691.81130552618,r1,-53128.766352365994,-153775.35371025017,-100646.58735788419,0.33011650514062824
753,w160032160,462.61881872685626,other,21516.45961733097,23907.177352589966,26895.57452166371,nr1,-54079.90239024956,-198342.97135141867,-144263.0689611691,0.3301033335557358
754,w160032161,876.0951372385025,trade,41598.98809684389,46221.0978853821,51998.73512105486,nr1,-104555.73341621773,-200973.5705771002,-96417.83716088248,0.3301033335557358
755,w160032162,197.75498196221892,mfh,21819.024375477275,24243.36041719697,27273.78046934659,r1,-58684.32623966058,-173362.26001057168,-114677.9337709111,0.33011650514062824
756,w160032163,355.37988740094,mfh,43004.925360010486,47783.25040001165,53756.1567000131,r1,-115665.8073390096,-327856.95089920243,-212191.14356019284,0.33011650514062824
757,w160032164,218.83437259588393,mfh,24626.450963512878,27362.723292792085,30783.063704391097,r1,-66235.16512920074,-199365.17980377554,-133130.01467457478,0.33011650514062824
758,w160032165,192.38173281145282,mfh,24614.11645560697,27349.018284007743,30767.645569508713,r1,-66201.99030554687,-191323.7936682551,-125121.80336270822,0.33011650514062824
759,w160032166,5513.669180350005,other,296885.1769801247,329872.41886680527,371106.47122515587,nr2,-686919.8297392814,-2232858.536535727,-1545938.7067964454,0.3038801715442988
760,w160032167,119.51807446111924,mfh,13433.338114289052,14925.931238098947,16791.672642861315,r1,-36130.231252347716,-109676.92476284881,-73546.69351050109,0.33011650514062824
761,w160032168,107.41719602905214,th,13873.999853026246,15415.555392251383,17342.499816282805,r1,-37315.432606559225,-71723.08704447145,-34407.65443791223,0.33011650514062824
763,w160032170,37.81535124108195,sfh,4769.791538029326,5299.76837558814,5962.239422536657,r0,-15741.895737941231,-58585.8760062243,-42843.98026828307,0.405077458272998
764,w160032171,82.13437312801835,th,9646.465808249995,10718.295342499994,12058.082260312494,r1,-25945.080623646852,-84200.06771675243,-58254.98709310558,0.33011650514062824
765,w160032172,100.39566505721304,th,14312.979822175337,15903.310913528152,17891.22477771917,r1,-38496.11068266857,-128944.00706172586,-90447.89637905729,0.33011650514062824
766,w160032173,119.7984774223063,mfh,12295.751901574888,13661.94655730543,15369.689876968609,r1,-33070.58572082299,-97667.88531565196,-64597.29959482897,0.33011650514062824
767,w160032174,119.65868240431882,mfh,13051.979082176204,14502.19898019578,16314.973852720253,r1,-35104.530127044214,-102498.05835846077,-67393.52823141655,0.33011650514062824
768,w160032175,69.26172256879508,th,7386.415528105403,8207.128364561559,9233.019410131752,r1,-19866.461998191455,-75206.00966285377,-55339.547664662314,0.33011650514062824
769,w160032176,103.52918697646818,th,13372.589931875937,14858.433257639928,16715.73741484492,r1,-35966.84327982204,-115837.38847547288,-79870.54519565083,0.33011650514062824
770,w160032177,62.96843930834439,th,7111.322358229594,7901.469286921771,8889.152947786992,r1,-19126.572943141015,-36762.7214865037,-17636.148543362688,0.33011650514062824
771,w160032178,300.84989367914386,mfh,31793.30178992664,35325.89087769627,39741.6272374083,r1,-85511.08713059622,-261630.1133210052,-176119.02619040897,0.33011650514062824
772,w160127708,318.335366258584,mfh,40928.439383668316,45476.04375963146,51160.54922958539,r1,-110080.90224102081,-337093.88085741305,-227012.97861639224,0.33011650514062824
773,w160127710,130.057766958978,mfh,19160.41845180246,21289.353835336067,23950.523064753073,r1,-51533.75457876732,-99051.77850548775,-47518.02392672042,0.33011650514062824
774,w160127712,149.28690248169005,mfh,19893.976263748034,22104.41807083115,24867.470329685042,r1,-53506.72757751645,-169333.05211073268,-115826.32453321622,0.33011650514062824
775,w160127717,149.4986190713942,mfh,20018.073736971855,22242.30415219095,25022.59217121482,r1,-53840.49944920332,-169986.10569337933,-116145.60624417602,0.33011650514062824
776,w160127718,161.62649620659647,mfh,19998.168014560528,22220.18668284503,24997.710018200658,r1,-53786.961129252784,-169475.9495550658,-115688.98842581302,0.33011650514062824
777,w160127719,242.7560603125021,mfh,26016.569220877962,28907.299134308847,32520.71152609745,r1,-69974.01943923159,-207232.81964035076,-137258.80020111916,0.33011650514062824
778,w164087844,70.24407002975931,other,5531.1032271675895,6145.670252408432,6913.879033959486,nr1,-13901.986105310865,-70052.7623319807,-56150.77622666984,0.3301033335557358
779,w164087850,88.49543042890728,other,9571.515035104732,10635.016705671924,11964.393793880914,nr1,-24057.238413346342,-116387.31681790604,-92330.0784045597,0.3301033335557358
780,w164087857,77.59434223277493,other,5732.685063821826,6369.65007091314,7165.856329777282,nr1,-14408.645948230725,-67550.91410461912,-53142.268156388396,0.3301033335557358
786,w164088149,49.229225591477004,other,5037.637509600219,5597.37501066691,6297.046887000274,nr1,-12661.699445070424,-65158.776307334076,-52497.07686226365,0.3301033335557358
788,w164088153,80.69597001839429,other,6314.859681225849,7016.51075691761,7893.574601532311,nr1,-15871.895341636087,-84593.23689618017,-68721.34155454408,0.3301033335557358
791,w164088159,54.065223559696456,other,5119.410322922457,5688.233692136064,6399.262903653072,nr1,-12867.228878875638,-61318.16440497213,-48450.935526096495,0.3301033335557358
793,w164088169,56.479432658094446,other,4565.7132450906565,5073.014716767396,5707.14155636332,nr0,-14070.961517927062,-66354.35982724874,-52283.39830932168,0.4047622183412387
795,w164088175,32.08830586867407,other,2825.594723491785,3139.54969276865,3531.993404364731,nr0,-8708.13222058172,-41906.82915376839,-33198.69693318667,0.4047622183412387
799,w164088182,35.81288355943252,other,2845.4381235960636,3161.597915106737,3556.7976544950793,nr0,-8769.287116709365,-42491.343199178016,-33722.056082468654,0.4047622183412387
800,w359788107,586.4023264580406,other,46109.15580262688,51232.39533625209,57636.4447532836,nr1,-115891.67964669969,-411998.0503122503,-296106.37066555064,0.3301033335557358
801,w377595955,68.13203878551721,other,5269.498540512313,5854.998378347015,6586.873175640391,nr1,-13244.463623882113,-25458.069661985992,-12213.606038103879,0.3301033335557358
802,w377595956,85.03076633159071,other,6722.920315991011,7469.911462212234,8403.650394988763,nr1,-16897.523148899883,-78577.64654182656,-61680.123392926675,0.3301033335557358
805,w377595969,38.68702136902139,other,3090.1691164444,3433.521240493778,3862.7113955555,nr0,-9523.517660275762,-43285.82886494329,-33762.31120466752,0.4047622183412387
814,w377595984,35.49371746703982,other,2841.029831970761,3156.699813300845,3551.287289963451,nr0,-8755.701309084207,-37049.25717772904,-28293.555868644835,0.4047622183412387
818,w377595990,36.364706988167015,other,2791.57936980043,3101.754855333811,3489.474212250537,nr0,-8603.301122543668,-35421.41325552711,-26818.112132983446,0.4047622183412387
819,w377595993,54.98309161569923,other,4220.0307815631595,4688.923090625733,5275.038476953949,nr0,-13005.611071981337,-52875.584332094535,-39869.9732601132,0.4047622183412387
823,w377596001,68.93592455182224,other,4836.798385703419,5374.220428559354,6045.997982129273,nr0,-14906.412273785536,-61207.18407905303,-46300.7718052675,0.4047622183412387
825,w377596004,35.535723760165276,other,2630.7606042728767,2923.067338080974,3288.450755341096,nr0,-8107.677648263514,-37770.14687080834,-29662.469222544827,0.4047622183412387
827,w377596008,41.66994294051546,other,3243.63691899437,3604.041021104855,4054.546148742962,nr0,-9996.486379071983,-44261.003246205204,-34264.51686713322,0.4047622183412387
831,w377596012,33.714099188242116,other,2925.7385905314077,3250.8206561460083,3657.1732381642596,nr0,-9016.763188785015,-40163.77310801526,-31147.009919230244,0.4047622183412387
836,w377596021,41.97082374822348,other,3488.321395519886,3875.9126616887625,4360.401744399857,nr0,-10750.573565105124,-44181.90000154054,-33431.32643643542,0.4047622183412387
838,w377596023,32.13139781658538,other,2490.0711216668888,2766.7456907409874,3112.5889020836107,nr0,-7674.0901254696655,-35780.661122106685,-28106.57099663702,0.4047622183412387
844,w377596038,30.39147779517807,other,2398.685899783123,2665.2065553145812,2998.357374728904,nr0,-7392.452214500037,-14209.526998910784,-6817.074784410746,0.4047622183412387
847,w377596043,50.74534401865676,other,3919.317771017566,4354.797523352851,4899.1472137719575,nr0,-12078.850898447265,-49581.62024221084,-37502.769343763575,0.4047622183412387
848,w377596044,31.44567816138733,other,2904.869813374752,3227.633125971947,3631.08726671844,nr0,-8952.44820785334,-37548.46794700018,-28596.01973914684,0.4047622183412387
861,w377596072,32.00744857888203,other,2718.9974702297686,3021.108300255298,3398.7468377872106,nr0,-8379.612717045362,-38378.93970493744,-29999.326987892076,0.4047622183412387
863,w377596074,30.798605113010854,other,2855.316162411527,3172.5735137905854,3569.1452030144083,nr0,-8799.730006261054,-39368.47691247075,-30568.7469062097,0.4047622183412387
877,w377596096,31.32093481458723,other,2660.043472138398,2955.603857931553,3325.0543401729974,nr0,-8197.923812389863,-34775.31651618111,-26577.39270379125,0.4047622183412387
882,w377596101,34.10184732507914,other,2734.2308274665847,3038.0342527406497,3417.788534333231,nr0,-8426.560033261192,-37034.53561973219,-28607.975586470995,0.4047622183412387
886,w377596106,35.077698366669935,other,2779.2898943774467,3088.099882641607,3474.112367971808,nr0,-8565.42648467887,-36847.48451575103,-28282.058031072156,0.4047622183412387
893,w377596115,40.14825235735625,other,3192.6172371227067,3547.352485691896,3990.771546403383,nr0,-9839.250052185927,-44155.25758449985,-34316.007532313924,0.4047622183412387
895,w377596117,32.339281557500364,other,2797.665055321845,3108.5167281353833,3497.081319152306,nr0,-8622.056449955899,-38052.01782256566,-29429.96137260976,0.4047622183412387
899,w377596123,32.752713098051025,other,2913.410473739367,3237.1227485992963,3641.7630921742084,nr0,-8978.76946301701,-40924.24321139726,-31945.473748380253,0.4047622183412387
901,w377596125,37.63718191203661,other,2922.0877489035165,3246.7641654483514,3652.6096861293954,nr0,-9005.511748036004,-39761.32490696691,-30755.813158930905,0.4047622183412387
909,w377596135,73.15242530554532,other,5088.204744337678,5653.560827041864,6360.255930422097,nr1,-12788.796149982969,-57663.58112113446,-44874.784971151494,0.3301033335557358
916,w377596142,40.572792674647644,other,3113.8461841117532,3459.8290934575034,3892.3077301396916,nr0,-9596.487443992011,-43103.45470879861,-33506.9672648066,0.4047622183412387
917,w377596143,37.61386710904771,other,2745.329396719578,3050.3659963550867,3431.6617458994724,nr0,-8460.764446127208,-38509.085598907135,-30048.32115277993,0.4047622183412387
918,w377596145,32.806498026452026,other,2693.449218590027,2992.721353988919,3366.811523237534,nr0,-8300.876176580481,-34671.3290987104,-26370.452922129916,0.4047622183412387
919,w377596147,34.850180151499806,other,2595.9189583634725,2884.354398181636,3244.8986979543406,nr0,-8000.300020170112,-15377.911934691087,-7377.611914520975,0.4047622183412387
929,w377596159,36.51154847629368,other,2488.2164818409556,2764.684979823284,3110.2706023011942,nr0,-7668.374355726924,-35240.53788254238,-27572.16352681546,0.4047622183412387
931,w377596161,32.13265920560807,other,2649.7963962137605,2944.2182180152895,3312.2454952672006,nr0,-8166.343596273163,-36945.721625269325,-28779.37802899616,0.4047622183412387
934,w377596166,38.724472055921794,other,2981.905002903568,3313.227781003964,3727.38125362946,nr0,-9189.86110025339,-17664.446875172944,-8474.585774919553,0.4047622183412387
935,w377596167,41.94859704792034,other,3114.8432704850466,3460.9369672056073,3893.554088106308,nr0,-9599.56034043459,-44966.29568124234,-35366.735340807754,0.4047622183412387
936,w377596168,31.29673577034846,other,2563.979256552608,2848.865840614009,3204.97407069076,nr0,-7901.865823594586,-35174.85798601315,-27272.992162418566,0.4047622183412387
937,w377596169,36.7579496475868,other,3082.2442820121273,3424.7158689023636,3852.805352515159,nr0,-9499.094304198294,-39690.066162928524,-30190.97185873023,0.4047622183412387
940,w379327852,945.496160332486,other,38030.77627777757,42256.41808641952,47538.47034722196,nr1,-95587.31805817201,-442426.82288795605,-346839.50482978404,0.3301033335557358
941,w379327862,94.51021252730861,other,9084.066665311519,10093.407405901688,11355.083331639398,nr1,-22832.075876036073,-105633.9738066235,-82801.89793058742,0.3301033335557358
942,w387435839,3594.435384737421,other,196483.33588232234,218314.8176470248,245604.1698529029,nr2,-454614.4775693079,-1563501.9940379923,-1108887.5164686844,0.3038801715442988
943,w387435840,942.2609318409114,other,56823.35165188755,63137.05739098616,71029.18956485944,nr2,-131475.36511916533,-525856.59291513,-394381.22779596463,0.3038801715442988
944,w390787314,132.5826213063672,other,9844.203167691367,10938.003519657073,12305.253959614207,nr1,-24742.61825071449,-99227.58847365348,-74484.97022293898,0.3301033335557358
945,w390787315,330.5195846647024,other,28537.57339615315,31708.414884614613,35671.966745191436,nr1,-71726.91098657552,-258213.67968058318,-186486.76869400765,0.3301033335557358
946,w390787316,150.59577141329646,other,12304.720854223664,13671.912060248515,15380.90106777958,nr1,-30926.93289558149,-59446.7269076542,-28519.79401207271,0.3301033335557358
947,w390789514,104.66224040389062,trade,10397.319493968453,11552.577215520503,12996.649367460564,nr1,-26132.831950714866,-177524.95555097295,-151392.12360025808,0.3301033335557358
948,w390789515,335.6007874913513,trade,25636.797863414322,28485.330959349245,32045.997329267902,nr1,-64436.043415584296,-205379.0047861858,-140942.9613706015,0.3301033335557358
949,w390790006,38.98714106846601,trade,2776.3285059702725,3084.8094510780807,3470.4106324628406,nr0,-8556.299853180106,-57427.70155580826,-48871.40170262815,0.4047622183412387
950,w390793102,268.1788772383239,sfh,30059.790808766775,33399.76756529642,37574.738510958465,r1,-80848.64566631353,-234047.08411197938,-153198.43844566584,0.33011650514062824
951,w390793103,629.0808588726446,th,87553.79058492262,97281.98953880291,109442.23823115327,r2,-216768.8496146239,-636197.946028132,-419429.09641350806,0.3038801715442988
952,w390793104,761.76513240356,mfh,80676.55852455663,89640.6205828407,100845.69815569579,r2,-199741.94909668033,-552614.5926040708,-352872.64350739046,0.3038801715442988
953,w390793105,324.12222724705936,th,47118.253767594215,52353.615297326905,58897.817209492765,r1,-126728.9924772418,-397850.1257289925,-271121.1332517507,0.33011650514062824
954,w390793106,1475.9963392082602,mfh,145242.0290743921,161380.03230488012,181552.53634299012,r2,-359595.48236363276,-878376.5591759668,-518781.076812334,0.3038801715442988
955,w390793107,895.6360460046678,mfh,90245.7910168643,100273.10112984922,112807.23877108037,r2,-223433.80190161904,-429456.6859624217,-206022.88406080267,0.3038801715442988
956,w390793108,286.70933025064875,mfh,25575.074405456515,28416.749339396127,31968.843006820643,r1,-68786.57744661754,-187572.25835649244,-118785.6809098749,0.33011650514062824
957,w390793793,117.72837251536548,mfh,12242.925925452717,13603.251028280796,15303.657406815895,r1,-32928.505270142254,-103973.43803574816,-71044.9327656059,0.33011650514062824
958,w390794364,96.81251710766227,sfh,13040.642047928714,14489.602275476347,16300.802559910891,r1,-35074.03810297747,-141369.05759289465,-106295.01948991718,0.33011650514062824
959,w475684695,267.0884538785554,mfh,32327.72471892473,35919.69413213859,40409.65589865591,r1,-86948.4680590729,-260984.8477111946,-174036.3796521217,0.33011650514062824
960,w620369477,3702.806372543797,other,329831.05954184383,366478.95504649315,412288.8244273048,nr2,-763148.5598837357,-1466898.9059648889,-703750.3460811531,0.3038801715442988
961,w620369478,20480.360502976928,other,1687025.1117225294,1874472.3463583658,2108781.3896531616,nr2,-3903364.3050084393,-7502917.688099418,-3599553.3830909785,0.3038801715442988
962,w993163452,1412.2592688187956,other,69902.24125333331,77669.15694814813,87377.80156666663,nr2,-161736.72309462744,-608376.105378693,-446639.38228406553,0.3038801715442988
963,w993163453,1066.3710880815981,other,51293.74656664398,56993.051740715535,64117.183208304974,nr2,-118681.20873076718,-441153.83818583604,-322472.62945506885,0.3038801715442988
964,w993163454,1257.084109787643,other,59883.17288306017,66536.85875895574,74853.96610382521,nr2,-138555.04454448886,-502211.28775144607,-363656.24320695724,0.3038801715442988
965,w993163455,1355.0658122852444,mfh,137933.86271477625,153259.84746086248,172417.3283934703,r2,-341501.6590810229,-656392.0477179246,-314890.3886369017,0.3038801715442988
966,w993163456,1286.649396429956,mfh,130250.32129646631,144722.5792182959,162812.90162058288,r2,-322478.4686162096,-881490.0514998522,-559011.5828836426,0.3038801715442988
967,w993163457,923.1744978809729,ab,96260.7750734298,106956.41674825533,120325.96884178725,r2,-238325.91754482838,-654483.9623856558,-416158.04484082747,0.3038801715442988
968,w993163458,923.3917086940259,ab,96786.7143031862,107540.7936702069,120983.39287898275,r2,-239628.0569615213,-653345.1244824765,-413717.0675209552,0.3038801715442988
969,w993163460,1313.604391914094,ab,125644.15428679457,139604.6158742162,157055.1928584932,r2,-311074.353304367,-859682.5596699988,-548608.2063656319,0.3038801715442988
970,w993163461,1099.8535498690792,ab,118342.74284405124,131491.93649339027,147928.42855506405,r2,-292997.2540898975,-813408.7494514271,-520411.49536152964,0.3038801715442988
971,w993164648,226.1375619597733,ab,25333.36690212359,28148.18544680399,31666.708627654487,r1,-68136.482294054,-242375.57701235032,-174239.0947182963,0.33011650514062824
972,w993164649,158.37299746889622,other,12554.80104281894,13949.778936465487,15693.501303523673,nr1,-31555.489471779285,-131722.6716099481,-100167.1821381688,0.3301033335557358
973,w993164650,163.5844805765897,other,11822.83966197053,13136.48851330059,14778.549577463164,nr1,-29715.763014280215,-121335.68532358018,-91619.92230929996,0.3301033335557358
974,w993164651,162.24389737509188,other,11008.365752407117,12231.517502674575,13760.457190508896,nr1,-27668.6479074289,-113814.15959978296,-86145.51169235405,0.3301033335557358
975,w993164652,173.63842588849366,other,12537.52789010725,13930.586544563612,15671.909862634062,nr1,-31512.07478231673,-129575.1629635493,-98063.08818123257,0.3301033335557358
976,w1006795433,259.34726619906723,mfh,31206.31317629144,34673.68130699049,39007.8914703643,r1,-83932.32582996492,-239961.7147849276,-156029.3889549627,0.33011650514062824
977,w1006849999,188.95288848243652,other,12692.659037467965,14102.954486075516,15865.823796834957,nr1,-31901.984528444173,-131261.0584963969,-99359.07396795273,0.3301033335557358
978,w1007159125,240.08975319266318,education,18188.745430473453,20209.717144970502,22735.931788091813,nr1,-45715.95861843369,-177965.40914173232,-132249.45052329864,0.3301033335557358
979,w1007160095,265.99824453517795,sfh,29700.45869061807,33000.5096562423,37125.57336327258,r1,-79882.1880059276,-241359.3971770764,-161477.2091711488,0.33011650514062824
980,w1007176059,713.9090096209663,trade,44584.74507920726,49538.60564356363,55730.93134900908,nr1,-112060.19507203576,-426585.4679950798,-314525.27292304405,0.3301033335557358
981,w1029411791,412.32884333096445,trade,24243.8769969841,26937.64110776011,30304.846246230125,nr1,-60935.048092301084,-245805.2026155869,-184870.1545232858,0.3301033335557358
982,w1030080397,647.4037659055554,other,30520.396752890152,33911.551947655724,38150.49594111269,nr1,-76710.57909445847,-322932.90159855684,-246222.32250409835,0.3301033335557358
983,w1030080398,123.65970464986749,other,6312.042173885407,7013.380193206007,7890.052717356758,nr1,-15864.81376201449,-67576.65521164513,-51711.84144963064,0.3301033335557358
984,w1030080399,86.80603968682699,other,6773.282403048039,7525.869336720043,8466.603003810047,nr1,-17024.10423150604,-75974.11058113024,-58950.0063496242,0.3301033335557358
985,w1036126248,1409.4026292502879,trade,62527.62490135226,69475.13877928029,78159.53112669032,nr2,-144673.6610030011,-575723.6801066686,-431050.0191036675,0.3038801715442988
986,w1036126249,536.9865712554193,mfh,58786.42745363585,65318.25272626206,73483.0343170448,r2,-145545.56880913198,-421020.70176644606,-275475.1329573141,0.3038801715442988
987,w1036126250,784.2879224468953,mfh,83022.8157791949,92247.57308799434,103778.51972399362,r2,-205550.8978879333,-556713.7011154965,-351162.80322756316,0.3038801715442988
988,w1036126251,422.468481163308,mfh,52845.09736255475,58716.77484728305,66056.37170319344,r2,-130835.80832451647,-394945.25010842213,-264109.44178390567,0.3038801715442988
989,w1036680208,878.3984476357698,mfh,87023.10356131091,96692.33729034546,108778.87945163864,r2,-215454.95543773915,-606529.5638167366,-391074.6083789974,0.3038801715442988
990,w1075387093,82.43980132825672,other,6640.5639729472905,7378.404414385878,8300.704966184112,nr1,-16690.52705975542,-73565.7317084202,-56875.204648664774,0.3301033335557358
991,w1075387094,82.56877346616238,other,5523.9930738652965,6137.770082072551,6904.99134233162,nr1,-13884.115302985287,-51428.14849349087,-37544.03319050559,0.3301033335557358
992,w1075387095,130.11354850369972,other,4922.185612555075,5469.095125061194,6152.732015693843,nr0,-15169.565108546692,-53379.2758477542,-38209.71073920751,0.4047622183412387
993,w1075387096,86.78853361294604,other,5651.038189360073,6278.931321511192,7063.797736700091,nr1,-14203.433051690627,-53542.601232245885,-39339.16818055526,0.3301033335557358
994,w1075387097,130.27800867820625,other,5001.394598025604,5557.105108917338,6251.743247532005,nr1,-12570.605782118786,-48914.00284194522,-36343.397059826435,0.3301033335557358
995,w1075387098,130.18280181584413,other,4914.504272727153,5460.56030303017,6143.1303409089405,nr0,-15145.892172616903,-53203.600054249415,-38057.70788163251,0.4047622183412387
996,w1075387099,86.85200681062415,other,7574.079042728552,8415.643380809503,9467.598803410689,nr1,-19036.842613125253,-80848.25272172941,-61811.41010860416,0.3301033335557358
997,w1107949539,145.45949292609,other,7234.128086910359,8037.920096567066,9042.660108637949,nr1,-18182.40304290378,-34949.61339573466,-16767.21035283088,0.3301033335557358
998,w1107949540,113.13991883732378,other,8157.082843669978,9063.42538185553,10196.353554587471,nr1,-20502.17609311195,-83519.7008534775,-63017.524760365544,0.3301033335557358
999,w1108636740,113.13954655230044,other,8437.78627390423,9375.318082115811,10547.232842380286,nr1,-21207.701740809545,-85665.12909128271,-64457.42735047317,0.3301033335557358
1000,w1108636741,169.70950587596744,other,6388.827258846157,7098.696954273508,7986.034073557696,nr1,-16057.806939031383,-61137.58516360771,-45079.77822457633,0.3301033335557358
1001,w1108636742,113.35190696045755,other,7307.257952288273,8119.1755025425255,9134.072440360342,nr1,-18366.209117499075,-68073.77885747286,-49707.569739973784,0.3301033335557358
1002,w1108636743,97.02220907397567,other,8465.714383767012,9406.34931529668,10582.142979708764,nr1,-21277.896813892425,-85395.89999064902,-64118.003176756596,0.3301033335557358
1003,w1108636744,97.02139693088829,other,6248.685707876577,6942.984119862863,7810.857134845721,nr1,-15705.572345978328,-59737.57001099026,-44031.997665011935,0.3301033335557358
1004,w1108636745,97.02220705058426,other,6051.606396825816,6724.00710758424,7564.507996032269,nr1,-15210.229241475301,-56873.96379661974,-41663.73455514444,0.3301033335557358
1005,w1108636746,96.97299731615931,other,6049.968200571248,6722.186889523609,7562.46025071406,nr1,-15206.111766057935,-56846.872594447,-41640.760828389066,0.3301033335557358
1006,w1108636747,96.97299630921333,other,6204.737122419419,6894.152358243799,7755.921403024274,nr1,-15595.111087296245,-58975.27120370965,-43380.160116413404,0.3301033335557358
1007,w1108636748,93.15071205198764,other,7049.813241953456,7833.125824392729,8812.266552441819,nr1,-17719.142404229075,-71356.05023220525,-53636.907827976174,0.3301033335557358
1008,w1108636749,139.88183319568634,other,5418.6318681190805,6020.702075687867,6773.28983514885,nr1,-13619.298329198167,-53515.2108929612,-39895.912563763035,0.3301033335557358
1009,w1108636750,139.7263257611543,other,5255.293421448891,5839.2149127209905,6569.116776811114,nr1,-13208.760191902391,-51529.589667614964,-38320.82947571257,0.3301033335557358
1010,w1108636751,139.8837134392932,other,5137.657930030147,5708.508811144608,6422.072412537684,nr1,-12913.092781617546,-49058.16129496975,-36145.068513352206,0.3301033335557358
1011,w1108636752,93.1510556358844,other,5632.758798770266,6258.620887522518,7040.9484984628325,nr1,-14157.489263705464,-53378.652257228285,-39221.16299352282,0.3301033335557358
1012,w1108636753,93.25489941500128,other,5561.032789158997,6178.925321287774,6951.290986448746,nr1,-13977.211668431602,-53227.08160722538,-39249.86993879378,0.3301033335557358
1013,w1108636754,139.72684112749994,other,6793.787494520834,7548.652771689815,8492.234368151043,nr1,-17075.642140858865,-74714.242434679,-57638.60029382014,0.3301033335557358
1014,w1159236388,245.9913005110109,other,17161.798074090097,19068.664526766774,21452.24759261262,nr1,-43134.80847659515,-203333.18471157397,-160198.37623497882,0.3301033335557358
1015,w1159236389,122.96537718712352,other,11214.556910810714,12460.618789789682,14018.19613851339,nr1,-28186.89291234678,-136890.5143205654,-108703.6214082186,0.3301033335557358
1016,w1159236390,245.9301320978673,other,9422.640053648083,10469.600059608982,11778.300067060103,nr1,-23683.053040440445,-140173.32963149284,-116490.2765910524,0.3301033335557358
1017,w1219742100,99.15745026543736,other,6796.05397685548,7551.171085394977,8495.06747106935,nr1,-17081.33876314742,-74561.4670197115,-57480.12825656409,0.3301033335557358
1018,w1219742101,534.7382739499211,other,26665.5596979286,29628.399664365108,33331.94962241074,nr1,-67021.75410325402,-275327.2681456707,-208305.5140424167,0.3301033335557358
1019,w1219742102,331.85329187787136,other,16686.177045042114,18540.19671671346,20857.72130630264,nr1,-41939.37301541237,-170495.59564832124,-128556.22263290887,0.3301033335557358
1020,w1219742103,321.63751182574777,other,17114.566871985295,19016.185413316995,21393.208589981616,nr1,-43016.096623203426,-177217.17922882858,-134201.08260562515,0.3301033335557358
1021,w1219742104,906.7466930493712,other,37559.58202112246,41732.868912358295,46949.477526403076,nr1,-94403.00893576282,-397639.5307605105,-303236.5218247477,0.3301033335557358
1022,w1219742105,1260.638449399173,ab,128554.44727096538,142838.2747455171,160693.0590887067,r2,-318279.76220791764,-900152.189756724,-581872.4275488064,0.3038801715442988
1023,w1219929093,501.3837405549362,other,33138.81990165809,36820.91100184232,41423.52487707261,nr1,-83291.77650426287,-339792.24352451676,-256500.46702025388,0.3301033335557358
1024,w1242595698,177.05818741209805,other,9156.077890481276,10173.419878312528,11445.097363101595,nr1,-23013.070337831537,-98572.20066471194,-75559.1303268804,0.3301033335557358
1025,w1242595699,175.70056665593293,other,9159.768067274865,10177.52007474985,11449.71008409358,nr1,-23022.345302409787,-98198.89077259977,-75176.54547018999,0.3301033335557358
