,full_id,NFA,building_usage,yearly_demand_useful_renovated,yearly_demand_delivered_renovated,yearly_demand_delivered_renovated_DH,consumer_size_renovated,npv_Gas_25years_ir_0.05,npv_DH_25years_ir_0.05,savings_npv_25years_ir_0.05,operator_selling_price
0,w24853838,27974.42320393324,trade,1197392.8826751309,1330436.536305701,1496741.1033439136,nr2,-184698.3230946314,-4572939.825700904,-4388241.502606273,0.16604060147060518
1,w24853840,937.1926232803613,trade,88019.54120636193,97799.49022929103,110024.4265079524,nr2,-13577.048849708772,-384106.2752102072,-370529.22636049846,0.16604060147060518
2,w24853841,8998.296452549099,trade,370411.49455784855,411568.3272864984,463014.36819731066,nr2,-57136.118720669365,-1632462.1912080385,-1575326.0724873692,0.16604060147060518
3,w25538793,404.8852469230536,trade,30724.044681390333,34137.827423767034,38405.05585173791,nr1,-5148.16212627879,-167971.6638586648,-162823.501732386,0.18036897824725637
4,w27689586,5481.69515059907,office,239232.2588022705,265813.6208914117,299040.3235028381,nr2,-36901.67001177043,-581353.5256913663,-544451.8556795958,0.16604060147060518
5,w28994179,16672.165487814695,other,602602.7887910821,669558.6542123135,753253.4859888526,nr2,-92951.71717841114,-1464372.9805046695,-1371421.2633262584,0.16604060147060518
6,w28994181,2845.002712316811,trade,324149.90597616514,360166.56219573907,405187.3824702064,nr2,-50000.2504869771,-787710.2011042837,-737709.9506173066,0.16604060147060518
7,w29249266,23411.247439788887,trade,2697249.5326306587,2996943.9251451762,3371561.915788323,nr2,-416051.80125312577,-6554532.12419922,-6138480.322946094,0.16604060147060518
8,w30213059,1747.46707642246,ab,186541.77691087977,207268.64101208863,233177.2211385997,r2,-30789.793044858125,-673302.9968343363,-642513.2037894782,0.16604060147060518
9,w50930444,8762.936898044496,other,330222.16830016905,366913.5203335212,412777.7103752113,nr2,-50936.89933871287,-1521063.94941481,-1470127.050076097,0.16604060147060518
10,w50930445,4934.112452852726,other,202146.16980193532,224606.85533548368,252682.71225241915,nr2,-31181.12619728161,-1002522.4668657618,-971341.3406684801,0.16604060147060518
11,w50930458,1974.6456010334193,other,60554.61203303029,67282.90225892254,75693.26504128786,nr2,-9340.572722596635,-447197.68241240614,-437857.1096898095,0.16604060147060518
12,w50930471,4724.4749339554455,other,258143.60911438576,286826.2323493175,322679.5113929822,nr2,-39818.75323536471,-1128146.0846723206,-1088327.3314369558,0.16604060147060518
13,w50930472,9715.957844087014,other,1058464.4972369291,1176071.663596588,1323080.6215461614,nr2,-163268.5649993995,-2572153.397575111,-2408884.8325757114,0.16604060147060518
14,w50930478,6019.835157379508,trade,680901.6527717811,756557.3919686456,851127.0659647263,nr2,-105029.3477428592,-1654645.483304681,-1549616.1355618217,0.16604060147060518
15,w50930479,4489.048651921749,other,185541.01142931575,206156.6793659064,231926.26428664467,nr2,-28619.773987394023,-838142.2696841974,-809522.4956968033,0.16604060147060518
16,w50930480,4441.97852948606,other,168700.98991545063,187445.54435050068,210876.23739431327,nr2,-26022.194045596192,-779944.7010049836,-753922.5069593875,0.16604060147060518
17,w50930481,1370.623297881335,other,62080.660377160784,68978.51153017864,77600.82547145098,nr2,-9575.966279882974,-328718.39365740464,-319142.42737752164,0.16604060147060518
18,w50930482,1573.369959426485,other,63379.87619939754,70422.08466599727,79224.84524924692,nr2,-9776.370831452576,-324983.9890568348,-315207.6182253822,0.16604060147060518
19,w50930483,704.9254127380437,other,45123.70064816985,50137.445164633165,56404.62581021231,nr1,-7560.987789317896,-229582.98803885313,-222022.00024953522,0.18036897824725637
20,w50930486,509.32494937628496,trade,30466.044901173256,33851.16100130362,38082.55612646657,nr1,-5104.931337140331,-161297.64732328188,-156192.71598614156,0.18036897824725637
21,w98916060,2713.01504517002,other,226605.19701500298,251783.55223889218,283256.4962687537,nr2,-34953.940764783285,-550668.755477254,-515714.81471247075,0.16604060147060518
22,w98916062,151.14776481509907,trade,11092.043274505519,12324.492527228354,13865.054093131897,nr1,-1858.5976449722646,-66474.46906159527,-64615.871416623006,0.18036897824725637
23,w98916065,222.67857759937178,other,20948.500685227787,23276.111872475318,26185.625856534734,nr1,-3510.1588657478383,-110336.38049257378,-106826.22162682594,0.18036897824725637
24,w98916067,43210.64675020873,trade,3034378.024269405,3371531.1380771166,3792972.530336756,nr2,-468054.0036831136,-7373781.326653925,-6905727.322970811,0.16604060147060518
25,w98916074,4745.314506876469,trade,491122.8611791089,545692.0679767877,613903.5764738861,nr2,-75755.89449852244,-1193467.8388422953,-1117711.944343773,0.16604060147060518
26,w98916075,67.06430839556852,sfh,8538.96409194254,9487.737879936156,10673.705114928174,r1,-1531.090012388457,-53983.26454559788,-52452.17453320942,0.18037617522186236
27,w98916076,98.82164086105185,sfh,13728.213996145805,15253.571106828673,17160.267495182256,r1,-2461.555185278757,-74916.23493833287,-72454.67975305411,0.18037617522186236
28,w98916079,3334.9361924076916,trade,133751.88480733606,148613.2053414845,167189.85600917006,nr2,-20631.280836971324,-713588.2883287163,-692957.0074917449,0.16604060147060518
29,w98916080,2976.303781049745,other,104082.21116258297,115646.90129175886,130102.76395322871,nr2,-16054.72200800285,-531248.6071384297,-515193.8851304268,0.16604060147060518
30,w98916086,294.4025758753764,other,20686.516731325537,22985.018590361706,25858.14591415692,nr1,-3466.2604831241056,-127153.48007940015,-123687.21959627605,0.18036897824725637
31,w98916091,1116.7099465291947,trade,65522.69205707044,72802.99117452271,81903.36507133805,nr2,-10106.90102028129,-159225.38302683982,-149118.48200655854,0.16604060147060518
32,w98916094,150.05011938810347,trade,13612.2294499376,15124.699388819556,17015.286812422,nr1,-2280.8834199760167,-88142.88113255026,-85861.99771257424,0.18036897824725637
33,w98916098,15131.85493721813,trade,1389797.224493673,1544219.1383263033,1737246.5306170913,nr2,-214376.76849395363,-3377318.4289634936,-3162941.66046954,0.16604060147060518
34,w98916102,1892.1415951219387,trade,73425.17962658805,81583.53291843117,91781.47453323506,nr2,-11325.862835976392,-421227.4924444847,-409901.6296085083,0.16604060147060518
35,w98916109,81.43322088830173,sfh,9629.8057932929,10699.784214769888,12037.257241616126,r1,-1726.6847960239056,-61378.05884218395,-59651.37404616005,0.18037617522186236
36,w98916113,559.2398283889517,trade,50271.6825643969,55857.425071552105,62839.60320549612,nr2,-7754.426807720468,-245207.62853195943,-237453.20172423896,0.16604060147060518
37,w98916116,6987.1012714248145,other,358101.17313169746,397890.1923685527,447626.4664146218,nr2,-55237.24679896036,-1493890.81291471,-1438653.5661157498,0.16604060147060518
38,w98916121,458.57296650111675,other,22475.134293848154,24972.371437609057,28093.917867310192,nr1,-3765.9636403504533,-124023.78443484337,-120257.82079449292,0.18036897824725637
39,w98916126,1235.1179318586364,trade,54455.49615433791,60506.10683815323,68069.37019292239,nr2,-8399.781699488512,-286759.46696951863,-278359.6852700301,0.16604060147060518
40,w99055014,379.03616306802724,mfh,51250.231128429565,56944.70125381063,64062.788910536954,r2,-8459.1453779245,-218273.28325358545,-209814.13787566096,0.16604060147060518
41,w99055018,363.825429549627,mfh,39011.950831555296,43346.61203506144,48764.93853944412,r1,-6995.088354844647,-171974.9948438927,-164979.90648904804,0.18037617522186236
42,w99055022,32.828185592684896,sfh,3912.1656857345315,4346.850761927257,4890.207107168164,r0,-860.7630451403836,-28608.611755528033,-27747.84871038765,0.22133495736831146
43,w99055023,57.57688737055287,sfh,7638.842228320924,8487.602475912137,9548.552785401154,r1,-1369.6924961927866,-41832.5278058647,-40462.835309671915,0.18037617522186236
44,w99055025,2922.078992408514,trade,131771.14343422168,146412.38159357963,164713.9292927771,nr2,-20325.750701130644,-603635.4507180603,-583309.7000169297,0.16604060147060518
45,w99055028,168.94065034445376,ab,18863.996140229203,20959.99571136578,23579.9951752865,r1,-3382.4332522130117,-87997.78240634351,-84615.3491541305,0.18037617522186236
46,w99055030,502.22660109587014,other,33719.73290267432,37466.369891860355,42149.66612834289,nr1,-5650.123661710845,-184458.53662978194,-178808.4129680711,0.18036897824725637
47,w99055036,2513.4158389533286,other,94056.81089942587,104507.56766602874,117571.01362428232,nr2,-14508.300074359222,-488248.9126086271,-473740.6125342679,0.16604060147060518
48,w99055038,337.97397138923407,other,24561.514626422148,27290.57180713572,30701.893283027683,nr1,-4115.560326612149,-142869.11641466848,-138753.55608805633,0.18036897824725637
49,w99055039,2475.299022556655,other,95255.37369289662,105839.30410321847,119069.21711612078,nr2,-14693.178856654215,-447626.1005761961,-432932.9217195419,0.16604060147060518
50,w99055040,101.95110847079195,trade,7536.8851086504455,8374.316787389384,9421.106385813056,nr1,-1262.8905754056143,-53401.1578947514,-52138.26731934578,0.18036897824725637
51,w99055041,189.90211718752977,ab,21595.11692946048,23994.5743660672,26993.8961618256,r1,-3872.14040146362,-110132.52822232062,-106260.387820857,0.18037617522186236
52,w99055043,190.2007592998445,sfh,29155.98911223378,32395.543458037533,36444.98639029222,r1,-5227.852377687235,-143698.8102274619,-138470.95784977466,0.18037617522186236
53,w99055048,47.74609960326925,sfh,5769.180841789516,6410.2009353216845,7211.476052236895,r1,-1034.4504405237867,-38981.35067447661,-37946.90023395282,0.18037617522186236
54,w99055050,194.95880112051967,trade,16984.909900636445,18872.122111818273,21231.137375795555,nr1,-2846.014278897257,-100737.52027436928,-97891.50599547202,0.18036897824725637
55,w99055053,122.33706042193808,ab,14174.508663259385,15749.454070288204,17718.13582907423,r1,-2541.5786284086576,-84120.51580982668,-81578.93718141802,0.18037617522186236
56,w99055057,303.91877080444243,ab,36040.58788819037,40045.09765354486,45050.73486023796,r1,-6462.304275091919,-165539.9961935301,-159077.69191843818,0.18037617522186236
57,w99055067,194.8848727118224,sfh,21931.666176569037,24368.517973965598,27414.582720711296,r1,-3932.4857999658802,-107419.88281641543,-103487.39701644954,0.18037617522186236
58,w99055068,348.37368724122643,ab,40200.04013772175,44666.71126413528,50250.05017215219,r1,-7208.120246173656,-219758.437105463,-212550.31685928933,0.18037617522186236
59,w99055094,263.70872883694244,other,16614.595860209945,18460.66206689994,20768.24482526243,nr1,-2783.9639617100893,-105714.37734649873,-102930.41338478864,0.18036897824725637
60,w99055100,85.6876405166462,sfh,12089.433153049305,13432.703503388117,15111.79144131163,r1,-2167.7114643845293,-67445.2286155158,-65277.51715113128,0.18037617522186236
61,w99055110,94.65369866762775,sfh,12604.978915374657,14005.532128194063,15756.22364421832,r1,-2260.1520648047117,-78676.05809372319,-76415.90602891847,0.18037617522186236
62,w99055113,801.3236896117684,education,39333.930829421224,43704.367588245805,49167.41353677653,nr1,-6590.846194685739,-214374.22095674637,-207783.37476206064,0.18036897824725637
63,w99055118,54.3237798044458,other,6219.479772060365,6910.533080067072,7774.349715075456,nr1,-1042.1443706294367,-38875.894864445974,-37833.75049381654,0.18036897824725637
64,w99055131,500.74276516167447,th,69240.53713621371,76933.93015134857,86550.67142026713,r2,-11428.548843283232,-311567.1141374517,-300138.5652941685,0.16604060147060518
65,w99055135,663.0715527065098,ab,68880.52212837798,76533.91347597554,86100.65266047248,r2,-11369.126295863194,-266876.95412039023,-255507.82782452705,0.16604060147060518
66,w99055142,64.54166975589469,sfh,9032.758360397225,10036.398178219139,11290.947950496531,r1,-1619.6304330372616,-49638.0267434825,-48018.39631044524,0.18037617522186236
67,w99055146,149.08371188635937,sfh,17342.70904751041,19269.67671945601,21678.38630938801,r1,-3109.656900356104,-78579.58563321242,-75469.92873285632,0.18037617522186236
68,w99055147,57.659734526090325,sfh,7330.462267285426,8144.958074761584,9163.077834106782,r1,-1314.3980280022338,-45786.12102018396,-44471.72299218172,0.18037617522186236
69,w99055152,1635.3717537612654,other,76892.01538215307,85435.57264683674,96115.01922769133,nr2,-11860.62361480014,-374854.03795671306,-362993.4143419129,0.16604060147060518
70,w99055158,567.1104306213557,trade,39120.40099323338,43467.11221470375,48900.50124154172,nr1,-6555.066849000871,-214435.0607345881,-207879.99388558723,0.18036897824725637
71,w99055160,362.3993257842958,ab,41269.65009818708,45855.16677576342,51587.06262273384,r1,-7399.90804501977,-203634.56111737114,-196234.65307235136,0.18037617522186236
72,w99055171,150.93386064656082,sfh,16885.70894548665,18761.8988283185,21107.136181858314,r1,-3027.7139053586975,-83247.9733989961,-80220.2594936374,0.18037617522186236
73,w99055172,71.28885925472714,sfh,9019.499646113589,10021.666273459543,11274.374557641986,r1,-1617.2530621058227,-56146.962637939425,-54529.7095758336,0.18037617522186236
74,w99055173,413.9677898917347,ab,46033.80958093352,51148.67731214836,57542.2619761669,r1,-8254.151829501996,-202263.3012099219,-194009.1493804199,0.18037617522186236
75,w99055181,184.62117180265486,other,15209.502381678169,16899.44709075352,19011.87797709771,nr1,-2548.5246142845845,-90574.00818840874,-88025.48357412415,0.18036897824725637
76,w99055182,84.81555104400032,sfh,9995.399856476368,11105.999840529297,12494.24982059546,r1,-1792.2381128784543,-63879.23760737765,-62086.99949449919,0.18037617522186236
77,w99055185,136.9722994968528,education,10840.570650859518,12045.07850095502,13550.713313574397,nr1,-1816.4605549414568,-73889.15524525942,-72072.69469031796,0.18036897824725637
78,w99055186,41.49024544628337,sfh,5137.404922484948,5708.227691649942,6421.756153106185,r1,-921.1690413166488,-33307.797677224364,-32386.628635907717,0.18037617522186236
79,w99055192,160.51305735595523,ab,18121.209085465063,20134.67676162785,22651.511356831328,r1,-3249.2468576298616,-99337.02980603412,-96087.78294840426,0.18037617522186236
80,w99055193,133.23216011486946,other,9055.86994602939,10062.077717810433,11319.837432536737,nr1,-1517.4137116423815,-56759.92143295031,-55242.50772130793,0.18036897824725637
81,w99055199,594.2030242990702,ab,69499.33638341566,77221.48487046185,86874.17047926957,r2,-11471.265147338383,-271783.7580135483,-260312.49286620988,0.16604060147060518
82,w99055201,119.5810925271362,sfh,16186.140935837673,17984.601039819638,20232.67616979709,r1,-2902.2769576180785,-89836.18688760223,-86933.90992998416,0.18037617522186236
83,w99055202,635.4450178422034,ab,74224.65462412336,82471.83847124818,92780.8182801542,r2,-12251.206097359416,-318260.00333005196,-306008.79723269254,0.16604060147060518
84,w99055209,191.61494707558305,other,19092.937557201116,21214.375063556796,23866.171946501392,nr1,-3199.238219794852,-107137.27533723207,-103938.03711743723,0.18036897824725637
85,w99055216,463.1840371862054,education,30329.625776782435,33699.58419642493,37912.03222097804,nr1,-5082.072765725925,-160789.5038182211,-155707.43105249517,0.18036897824725637
86,w99055219,773.0541430711745,other,89363.99007406665,99293.3223045185,111704.9875925833,nr2,-13784.430616332242,-407695.530603753,-393911.0999874208,0.16604060147060518
87,w99055224,318.955577952601,ab,39326.77401159415,43696.415568437944,49158.46751449268,r1,-7051.538132761,-178325.97931516098,-171274.44118239998,0.18037617522186236
88,w99055226,262.56915004737675,ab,28811.221455015977,32012.468283351085,36014.02681876997,r1,-5166.033366519493,-132954.43161060262,-127788.39824408313,0.18037617522186236
89,w99055235,1694.7837025728077,trade,149404.7926523063,166005.3251692292,186755.99081538286,nr2,-23045.748028443,-643327.9488570216,-620282.2008285787,0.16604060147060518
90,w99055245,424.4345906373113,ab,47895.25638616388,53216.95154018208,59869.07048270485,r1,-8587.920959034922,-214167.4857240065,-205579.56476497155,0.18037617522186236
91,w99055249,70.42309986636974,sfh,9527.919340341607,10586.577044824007,11909.899175427008,r1,-1708.415913659286,-62353.21045525912,-60644.79454159983,0.18037617522186236
92,w99055257,137.79457132667304,trade,8302.741753787854,9225.268615319837,10378.427192234816,nr1,-1391.2185418417353,-57086.91721120364,-55695.698669361904,0.18036897824725637
93,w99055287,226.3710821658373,mfh,29327.158711257514,32585.731901397237,36658.94838907189,r1,-5258.544164263206,-134668.82333689084,-129410.27917262763,0.18037617522186236
94,w99055292,58.725108856521544,trade,5742.2884325185605,6380.320480576178,7177.8605406482,nr1,-962.1855498851951,-42417.86994145982,-41455.68439157463,0.18036897824725637
95,w99055300,847.1402418442303,other,76273.07353797425,84747.85948663806,95341.34192246781,nr2,-11765.151591901922,-363815.1061264237,-352049.9545345218,0.16604060147060518
96,w99389931,488.4274571448564,mfh,51882.65252404952,57647.39169338835,64853.315655061895,r2,-8563.530166204831,-208157.365996911,-199593.83583070614,0.16604060147060518
97,w99389943,3490.8252122399163,ab,329651.0091598724,366278.89906652493,412063.7614498405,r2,-54410.79482109899,-1209323.5150829898,-1154912.720261891,0.16604060147060518
98,w99389949,2474.179022271931,ab,284257.7582638273,315841.9536264748,355322.1978297841,r2,-46918.37771289124,-1167726.9730587746,-1120808.5953458834,0.16604060147060518
99,w99389956,671.7147096479312,education,46899.24791118664,52110.27545687404,58624.0598889833,nr1,-7858.500869632405,-123803.80578310526,-115945.30491347285,0.18036897824725637
100,w99389960,693.6997662768932,ab,80098.50062143736,88998.33402381929,100123.12577679669,r2,-13220.71815856954,-336116.21284718777,-322895.49468861823,0.16604060147060518
101,w99389971,1612.9015118613836,education,79005.85520261421,87784.28355846023,98757.31900326777,nr2,-12186.68423849249,-412594.1938994725,-400407.50966097997,0.16604060147060518
102,w99389974,235.12884147074072,education,10047.192716967635,11163.547463297371,12558.990896209543,nr1,-1683.5210844569124,-68646.16692461829,-66962.64584016138,0.18036897824725637
103,w99389975,1082.0712234761565,mfh,111466.82540481444,123852.0282275716,139333.53175601806,r2,-18398.2405572411,-419348.66141780716,-400950.4208605661,0.16604060147060518
104,w99389979,163.53384786918758,ab,21228.517390207166,23587.241544674627,26535.646737758954,r1,-3806.4067964205205,-110874.03542341247,-107067.62862699195,0.18037617522186236
105,w99389992,2569.363114476204,other,222880.7619206125,247645.2910229028,278600.9524007656,nr2,-34379.4451866303,-541618.0802707714,-507238.6350841411,0.16604060147060518
106,w99390006,431.6004564465955,education,13943.155864366083,15492.395404851202,17428.944830457604,nr1,-2336.3338937340463,-114475.33305576976,-112138.99916203572,0.18036897824725637
107,w99390011,2554.974828636646,ab,247425.31787724234,274917.0198636026,309281.6473465529,r2,-40838.97161083711,-911404.3747282965,-870565.4031174594,0.16604060147060518
108,w99390014,587.280543653667,trade,43622.5019390578,48469.44659895311,54528.12742382225,nr1,-7309.444920583872,-232703.22705895378,-225393.78213836992,0.18036897824725637
109,w99390021,1617.1983746248297,other,56431.07453005592,62701.19392228436,70538.8431625699,nr2,-8704.515440950152,-305612.44736425753,-296907.93192330736,0.16604060147060518
110,w99390022,5590.431437242403,education,501507.8998853299,557230.9998725888,626884.8748566624,nr2,-77357.79080345668,-1218704.313624289,-1141346.5228208322,0.16604060147060518
111,w99390025,237.89438336268066,education,22880.136119028128,25422.373465586807,28600.170148785157,nr1,-3833.826289265561,-60398.57896517597,-56564.75267591041,0.18036897824725637
112,w99390027,116.0190749399364,mfh,12111.38188864718,13457.090987385754,15139.227360808974,r1,-2171.6470108391836,-52524.19260254965,-50352.54559171047,0.18037617522186236
113,w99390046,1095.085822885856,mfh,104637.32667388588,116263.69630431764,130796.65834235735,r2,-17270.992516573668,-383219.6318349599,-365948.6393183862,0.16604060147060518
114,w99390052,1678.6958267321402,education,80452.87476272321,89392.08306969245,100566.093453404,nr2,-12409.887574761004,-455557.0051012715,-443147.1175265105,0.16604060147060518
115,w99390065,2581.633286331594,education,86800.34062073754,96444.82291193059,108500.42577592192,nr2,-13388.986679857111,-462970.54049904767,-449581.55381919054,0.16604060147060518
116,w99390082,124.21957990797236,education,9140.033185312222,10155.592428124692,11425.041481640277,nr1,-1531.516216875465,-56572.54441109272,-55041.02819421726,0.18036897824725637
117,w99390107,332.09000708311794,education,26712.358260262183,29680.39806695798,33390.44782532773,nr1,-4475.958570076169,-70514.8112465446,-66038.85267646844,0.18036897824725637
118,w99390110,1066.5973296171287,mfh,111016.92938734422,123352.1437637158,138771.16173418026,r2,-18323.98263229257,-433187.66828828276,-414863.6856559902,0.16604060147060518
119,w99390116,694.0162199864862,ab,76366.64546448652,84851.8282938739,95458.30683060814,r2,-12604.754003736822,-307638.5842145751,-295033.8302108383,0.16604060147060518
120,w99390122,307.42072394330467,other,23978.9127918091,26643.236435343442,29973.640989761374,nr1,-4017.938781963371,-154412.07515143073,-150394.13636946736,0.18036897824725637
121,w99390129,1196.3697846690193,trade,62972.859261591475,69969.84362399053,78716.07407698935,nr2,-9713.58830871372,-285521.8477596042,-275808.2594508905,0.16604060147060518
122,w99390130,964.417538562417,education,49512.76423577884,55014.18248419871,61890.95529472355,nr1,-8296.425169580665,-258047.2095931556,-249750.78442357492,0.18036897824725637
123,w99390133,9252.387912133521,education,680645.1328091653,756272.3697879614,850806.4160114565,nr2,-104989.77943773483,-1654022.1192758349,-1549032.3398381001,0.16604060147060518
124,w99390139,1249.1388426542283,ab,101272.3942615666,112524.88251285178,126590.49282695825,r2,-16715.591070844206,-425534.937200229,-408819.34612938476,0.16604060147060518
125,w99390141,112.67489476799965,other,7161.259483685899,7956.954981873221,8951.574354607374,nr1,-1199.9502419906723,-51399.94879520295,-50199.99855321228,0.18036897824725637
126,w99758761,171.36210507287177,trade,18702.739494504167,20780.821660560185,23378.424368130207,nr1,-3133.856109172531,-112147.27716861042,-109013.4210594379,0.18036897824725637
127,w99758765,309.03573338240386,trade,17633.22369336,19592.4707704,22041.529616699998,nr1,-2954.646607363606,-102192.47884489704,-99237.83223753342,0.18036897824725637
128,w99758770,601.7205038767308,mfh,67803.20632134694,75336.89591260771,84754.00790168367,r2,-11191.309126477661,-278045.99314637104,-266854.68401989335,0.16604060147060518
129,w99758771,976.6668764967471,mfh,93790.2658837786,104211.40653753177,117237.83235472324,r2,-15480.622753815609,-361079.3135075166,-345598.69075370097,0.16604060147060518
130,w99758774,197.5460334163159,ab,21548.287941595398,23942.54215732822,26935.359926994246,r1,-3863.7436691623157,-116585.71977573325,-112721.97610657093,0.18037617522186236
131,w99758775,265.071225726977,sfh,27414.764697100116,30460.849663444573,34268.45587137514,r1,-4915.639879469363,-138054.1756201333,-133138.53574066394,0.18037617522186236
132,w99758777,337.6781565959565,ab,38785.81336494016,43095.34818326684,48482.26670617519,r1,-6954.540483600175,-192350.31162947926,-185395.7711458791,0.18037617522186236
133,w99758783,333.3155570875853,th,46165.858494498185,51295.3983272202,57707.32311812273,r1,-8277.82903091995,-130403.76766269309,-122125.93863177314,0.18037617522186236
134,w99758786,182.17889552428386,mfh,24975.758120688377,27750.84235632042,31219.69765086047,r1,-4478.310647365255,-107670.88874214733,-103192.57809478207,0.18037617522186236
135,w99758788,349.08404515869915,other,29695.324703960447,32994.80522662272,37119.15587995056,nr1,-4975.788427396667,-157993.84130730195,-153018.05287990527,0.18036897824725637
136,w99758792,60.93018751584459,sfh,7098.129910688255,7886.811011875839,8872.662388360319,r1,-1272.7393739886554,-48009.09388250902,-46736.354508520366,0.18037617522186236
137,w99758793,126.39461716674268,ab,14533.912444621437,16148.79160513493,18167.390555776794,r1,-2606.0219887663075,-78205.01298341298,-75598.99099464667,0.18037617522186236
138,w99758796,906.0679207786917,ab,92578.39928517047,102864.88809463385,115722.99910646307,r2,-15280.59720250467,-342485.69183558895,-327205.09463308426,0.16604060147060518
139,w99758800,420.9761067721993,ab,43617.35169245246,48463.724102724955,54521.68961556557,r1,-7820.86571908237,-192252.05158048263,-184431.18586140027,0.18037617522186236
140,w99758801,293.7319820257835,mfh,30453.792851169546,33837.547612410606,38067.241063961934,r1,-5460.556757437461,-135010.0914052101,-129549.53464777266,0.18037617522186236
141,w99758803,512.6721141899004,mfh,56071.10035591353,62301.2226176817,70088.8754448919,r2,-9254.857567808222,-222514.20663662557,-213259.34906881736,0.16604060147060518
142,w99758805,165.76912949401884,sfh,21149.48042883679,23499.42269870754,26436.850536045986,r1,-3792.2349717283537,-115368.72943545546,-111576.49446372711,0.18037617522186236
143,w99758807,110.8734177275095,other,10633.353902934445,11814.837669927161,13291.692378668055,nr1,-1781.739038791447,-64946.08923253849,-63164.35019374704,0.18036897824725637
144,w99758813,43.0509613757953,other,4335.785169212401,4817.539076902668,5419.731461515501,nr0,-890.8234484734223,-30997.188592548035,-30106.36514407461,0.22116270977607513
145,w99758814,84.92593946289271,th,9884.973779293656,10983.304199215172,12356.217224117068,r1,-1772.4380221342822,-49882.001614890934,-48109.563592756655,0.18037617522186236
146,w99758818,424.19755738042295,mfh,42981.25264898336,47756.94738775929,53726.5658112292,r1,-7706.809156499515,-191154.45273842913,-183447.64358192962,0.18037617522186236
147,w99758821,35.03456762442365,sfh,4362.174934958981,4846.861038843312,5452.718668698726,r0,-959.775040750955,-39227.974486930034,-38268.19944617908,0.22133495736831146
148,w99758824,478.7830200769007,ab,54415.092655594315,60461.21406177146,68018.86581949289,r2,-8981.523973490204,-271561.45848091395,-262579.9345074237,0.16604060147060518
149,w99758826,392.0728006519377,ab,50422.93344994148,56025.48161104609,63028.666812426854,r2,-8322.595138460934,-217416.87816563138,-209094.28302717046,0.16604060147060518
152,w99758837,194.723237061128,mfh,27818.768765056746,30909.743072285273,34773.46095632093,r1,-4988.080351961382,-130699.62333502922,-125711.54298306783,0.18037617522186236
153,w99758838,478.1149431033991,ab,49879.55482966044,55421.727588511596,62349.443537075545,r1,-8943.718160630182,-227198.4862194967,-218254.76805886652,0.18037617522186236
154,w99758842,66.20839738831855,sfh,9098.77198804681,10109.746653385344,11373.464985058512,r1,-1631.4670920145707,-47633.94570319039,-46002.478611175815,0.18037617522186236
155,w99758845,141.8255072105676,th,20597.68337727332,22886.31486363702,25747.104221591646,r1,-3693.294286954724,-119185.71451329529,-115492.42022634056,0.18037617522186236
156,w99758846,563.5821329504251,other,39110.73926488373,43456.37696098192,48888.424081104655,nr1,-6553.447916842691,-208203.9707297399,-201650.52281289722,0.18036897824725637
157,w99758847,385.25146163031457,sfh,48245.97195129891,53606.635501443234,60307.46493912364,r1,-8650.806467532862,-235171.1794150105,-226520.37294747765,0.18037617522186236
158,w99758850,177.17881421931088,ab,22322.486341848085,24802.762602053426,27903.107927310106,r1,-4002.562315718347,-107154.28231907338,-103151.72000335503,0.18037617522186236
159,w99758852,422.9061155930161,other,27630.39919965029,30700.443555166985,34537.99899956286,nr1,-4629.786740928751,-154479.9730289302,-149850.18628800145,0.18036897824725637
160,w99758858,57.38898355839774,sfh,6590.511049374096,7322.7900548601065,8238.13881171762,r1,-1181.7201168176955,-44194.913898065526,-43013.19378124783,0.18037617522186236
161,w99758862,402.33381934519855,sfh,47385.93913186298,52651.04347984775,59232.42391482872,r1,-8496.597169310471,-259664.50039658762,-251167.90322727716,0.18037617522186236
162,w99758864,101.365438436158,other,10686.907379847416,11874.341533163795,13358.63422480927,nr1,-1790.7125311956192,-65029.573670785765,-63238.861139590146,0.18036897824725637
163,w99758865,63.831228005420414,other,4034.3888558582253,4482.654284286917,5042.986069822781,nr0,-828.8990466082545,-32687.80457443357,-31858.905527825314,0.22116270977607513
164,w99758868,445.0926624152809,ab,49002.607042031916,54447.341157813236,61253.258802539895,r1,-8786.47590213525,-214989.42345087568,-206202.94754874043,0.18037617522186236
165,w99758869,105.27734354436397,other,8736.207849217513,9706.897610241682,10920.259811521892,nr1,-1463.8507020490983,-57493.15017750872,-56029.29947545962,0.18036897824725637
166,w99758874,732.9468768487684,ab,73910.07250364788,82122.30278183098,92387.59062955985,r2,-12199.282509273942,-304041.66679233714,-291842.3842830632,0.16604060147060518
167,w99758876,118.68904608124866,sfh,12352.210694951837,13724.678549946484,15440.263368689795,r1,-2214.8291317683993,-75891.05513007092,-73676.22599830251,0.18037617522186236
168,w99758878,556.4759241774678,other,50045.05270888446,55605.61412098273,62556.31588610557,nr2,-7719.469063372759,-244280.00523164676,-236560.536168274,0.16604060147060518
169,w99758879,141.26093079326674,other,12063.985867794016,13404.42874199335,15079.982334742519,nr1,-2021.4576492319186,-94670.12030634249,-92648.66265711057,0.18036897824725637
170,w99758882,536.390386541374,other,53874.88809445505,59860.98677161672,67343.6101180688,nr2,-8310.222677894855,-249172.89833397165,-240862.67565607678,0.16604060147060518
171,w99758886,70.57262436598539,sfh,9862.178496867567,10957.97610763063,12327.723121084458,r1,-1768.3506845045235,-61800.02317424376,-60031.672489739234,0.18037617522186236
172,w99758887,84.85345135740936,sfh,11592.59887534742,12880.665417052687,14490.748594184273,r1,-2078.6259509415827,-72353.33920691254,-70274.71325597096,0.18037617522186236
173,w99758888,71.82869699064176,other,5611.650315189278,6235.167016876976,7014.562893986597,nr1,-940.2956517660734,-37040.930653422765,-36100.635001656694,0.18036897824725637
174,w99758891,1365.0763243824242,trade,109673.71393623555,121859.68215137284,137092.14242029443,nr2,-16917.213510011225,-568648.0840249797,-551730.8705149685,0.16604060147060518
175,w99758895,154.4283221337944,other,11343.022479982455,12603.358311091617,14178.778099978068,nr1,-1900.6520571930137,-29943.110276832016,-28042.458219639004,0.18036897824725637
176,w99758899,158.4874060918577,th,20589.83452385864,22877.59391539849,25737.2931548233,r1,-3691.8869381308477,-104005.20299662938,-100313.31605849853,0.18037617522186236
177,w99758900,82.77785695786588,sfh,10694.216001383687,11882.462223759652,13367.770001729608,r1,-1917.5402465380885,-63181.299983673474,-61263.759737135384,0.18037617522186236
178,w99758903,400.34018093422054,trade,29613.781724427085,32904.20191603009,37017.22715553385,nr1,-4962.124976400846,-166615.67024501224,-161653.5452686114,0.18036897824725637
179,w99758905,110.54209396946244,sfh,14100.026680676654,15666.696311862948,17625.033350845817,r1,-2528.2235400856007,-68532.88339754948,-66004.65985746388,0.18037617522186236
180,w99758908,248.9345047255978,ab,27512.151103074764,30569.05678119418,34390.18887884345,r1,-4933.10187508437,-127647.9995757834,-122714.89770069903,0.18037617522186236
181,w99758913,208.22132023065353,ab,22300.78576510543,24778.65085011714,27875.982206381785,r1,-3998.671265708533,-118874.07113504708,-114875.39986933855,0.18037617522186236
182,w99758915,71.10941483918579,ab,10013.713282288307,11126.348091431451,12517.141602860384,r1,-1795.5218254050985,-52461.542162359176,-50666.020336954076,0.18037617522186236
183,w99758919,819.0798590054737,ab,94696.69321739217,105218.54801932463,118370.8665217402,r2,-15630.233797916995,-375195.1161791072,-359564.88238119025,0.16604060147060518
184,w99758922,83.9358181065414,th,11677.410484752485,12974.900538613872,14596.763105940605,r1,-2093.8332063763746,-57985.99677769613,-55892.163571319754,0.18037617522186236
185,w99758926,36.12754547015065,sfh,4556.491211661925,5062.768012957695,5695.614014577406,r0,-1002.5289227414524,-29254.95774894239,-28252.428826200936,0.22133495736831146
186,w99758928,119.38002583179623,sfh,17308.899478423707,19232.110531581897,21636.124348029633,r1,-3103.59463179584,-83007.52142938507,-79903.92679758923,0.18037617522186236
187,w99758931,65.79372537583113,th,8611.439252918039,9568.265836575598,10764.299066147547,r1,-1544.0852649648837,-55626.59348261462,-54082.50821764974,0.18037617522186236
188,w99758935,355.7203856162727,ab,44548.24205703894,49498.046730043265,55685.30257129867,r1,-7987.780221181272,-200303.41812659294,-192315.63790541166,0.18037617522186236
189,w99758936,99.44306262517348,th,12820.809152675898,14245.343502973219,16026.011440844872,r1,-2298.8517849517,-82760.01953981936,-80461.16775486767,0.18037617522186236
190,w99758945,525.0721962768584,mfh,72696.76550898828,80774.18389887585,90870.95688623533,r2,-11999.019212311267,-189025.08226465943,-177026.06305234815,0.16604060147060518
191,w99758951,355.6037514369003,ab,38846.362119594094,43162.62457732677,48557.95264949262,r1,-6965.397256449319,-166949.32627236992,-159983.92901592058,0.18037617522186236
192,w99758953,525.4067761451006,other,30960.182478675506,34400.2027540839,38700.22809834438,nr1,-5187.729692241314,-181913.9119029342,-176726.18221069287,0.18036897824725637
193,w99758954,37.75478148937691,sfh,3643.787391156788,4048.6526568408754,4554.7342389459845,r0,-801.7138798832257,-30262.720824119642,-29461.00694423642,0.22133495736831146
194,w99758959,30.14875982720405,sfh,3902.3905445980445,4335.989493997827,4877.988180747555,r0,-858.612297721377,-26741.58860043357,-25882.97630271219,0.22133495736831146
195,w99758962,201.50926117040217,mfh,21723.95521923704,24137.72802137449,27154.944024046297,r1,-3895.2419178262708,-61363.217353831846,-57467.975436005574,0.18037617522186236
196,w99758966,155.61690238779408,th,21851.717362183943,24279.685957982158,27314.646702729926,r1,-3918.1504742882817,-110743.07000096749,-106824.91952667921,0.18037617522186236
197,w99758967,90.83302856497467,ab,10128.948163735615,11254.386848595128,12661.185204669518,r1,-1816.1841650241665,-62655.99422382001,-60839.81005879584,0.18037617522186236
198,w99758970,391.2386861808598,th,48443.52710272418,53826.14122524909,60554.40887840523,r1,-8686.229349745066,-217943.99424444477,-209257.7648946997,0.18037617522186236
199,w99758974,163.93810575278476,sfh,20363.139486646123,22625.710540717915,25453.924358307653,r1,-3651.2390909684937,-92168.95873917817,-88517.71964820968,0.18037617522186236
200,w99758975,139.83927450878545,sfh,19017.06701210734,21130.074457897044,23771.333765134175,r1,-3409.8798230846896,-93430.4554265834,-90020.57560349871,0.18037617522186236
201,w99758979,705.2831632008775,trade,40567.1544633245,45074.61607036056,50708.94307915562,nr1,-6797.486800476104,-207844.19195246618,-201046.70515199009,0.18036897824725637
202,w99758981,319.7999828794971,other,27092.453379920906,30102.725977689894,33865.56672490113,nr1,-4539.6478180154445,-71518.17962597891,-66978.53180796347,0.18036897824725637
203,w99758984,336.42351993245535,ab,41356.19257743753,45951.325086041696,51695.24072179691,r1,-7415.425656313245,-185612.0253414197,-178196.59968510646,0.18037617522186236
204,w99758985,1446.6540044941007,ab,159203.44292933436,176892.71436592707,199004.30366166795,r2,-26277.44380372734,-587112.3968262292,-560834.9530225018,0.16604060147060518
205,w99758989,963.3213891830295,education,66773.88157928629,74193.20175476254,83467.35197410785,nr2,-10299.897496183628,-370982.4730008903,-360682.57550470665,0.16604060147060518
206,w99758991,346.04414169639347,ab,38927.20383955835,43252.44871062039,48659.00479944794,r1,-6979.892685717883,-196236.6581154117,-189256.76542969383,0.18037617522186236
207,w99758995,38.315451947040856,sfh,4605.429916486004,5117.144351651115,5756.787395607505,r0,-1013.2965210421085,-32532.049556925736,-31518.753035883627,0.22133495736831146
208,w99758997,604.6954287230968,other,49421.63020499519,54912.92244999466,61777.03775624399,nr1,-8281.154629176208,-281658.16360677336,-273377.0089775972,0.18036897824725637
209,w99759000,505.76658869385716,other,34496.09632156219,38328.995912846876,43120.120401952736,nr1,-5780.212157245672,-91062.18541835716,-85281.97326111149,0.18036897824725637
210,w99759001,277.86601877255595,other,21620.245901575137,24022.495446194596,27025.30737696892,nr1,-3622.7173949770013,-122834.92379127124,-119212.20639629423,0.18036897824725637
211,w99759005,200.24946516156197,th,21517.100210125434,23907.889122361594,26896.37526265679,r1,-3858.1515125905635,-103242.09950294287,-99383.94799035232,0.18037617522186236
212,w99759006,478.86383471041916,sfh,50992.01233528256,56657.79148364729,63740.0154191032,r2,-8416.524881149198,-206889.42284484082,-198472.89796369162,0.16604060147060518
213,w99759010,347.4218390390277,ab,42845.86231337848,47606.513681531644,53557.32789172309,r1,-7682.532817076309,-192446.4759557152,-184763.9431386389,0.18037617522186236
214,w99759011,1184.1155465334652,health,81096.3879180279,90107.09768669767,101370.48489753487,nr2,-12509.149732064438,-390076.22438010824,-377567.0746480438,0.16604060147060518
215,w99759013,1127.2734199425206,other,48346.56544700629,53718.406052229206,60433.20680875786,nr1,-8101.0153367174935,-257511.90052943493,-249410.88519271743,0.18036897824725637
216,w99759015,262.8249901607633,mfh,34217.03964154063,38018.932935045144,42771.29955192578,r1,-6135.330595674708,-96652.18048641695,-90516.84989074225,0.18037617522186236
217,w99759016,162.4421672269469,other,8362.91554321064,9292.128381345156,10453.644429013299,nr1,-1401.3013426875725,-68280.47291792069,-66879.17157523312,0.18036897824725637
218,w99759020,78.66829424034803,other,5363.4306045502435,5959.367338389159,6704.288255687804,nr1,-898.7036242007129,-39954.35691094972,-39055.653286749,0.18036897824725637
219,w99759023,45.55874986834824,th,6763.263251708072,7514.736946342302,8454.079064635089,r1,-1212.6956741292954,-33578.37913376151,-32365.683459632215,0.18037617522186236
220,w99759028,314.5253525768406,trade,33061.024403090545,36734.47155898949,41326.28050386318,nr1,-5539.749582224197,-180389.40365943796,-174849.65407721375,0.18036897824725637
221,w99759036,422.98085668310523,mfh,42631.70476229463,47368.56084699403,53289.63095286828,r1,-7644.133020097252,-181093.1477807299,-173449.01476063265,0.18037617522186236
222,w99759038,116.55152825303375,ab,12476.366237759883,13862.629153066537,15595.457797199853,r1,-2237.091002122843,-72449.00601488179,-70211.91501275894,0.18037617522186236
224,w99759044,415.2007402397692,trade,30727.523085082063,34141.69231675785,38409.403856352576,nr1,-5148.74497226575,-173388.0853432546,-168239.34037098885,0.18036897824725637
225,w99759045,941.2816024620085,trade,46874.11717738663,52082.35241931848,58592.646471733286,nr1,-7854.289930177771,-249754.91066739333,-241900.62073721556,0.18036897824725637
226,w99759047,442.628270605579,mfh,44840.233894655554,49822.482105172836,56050.29236831944,r1,-8040.136195683567,-184875.7537110698,-176835.61751538623,0.18037617522186236
227,w99759050,246.0824731603265,trade,22511.684368925235,25012.98263213915,28139.60546115654,nr1,-3772.088019942259,-133023.40956717968,-129251.32154723743,0.18036897824725637
228,w99759051,91.54405212756247,th,11301.573718027325,12557.30413114147,14126.967147534155,r1,-2026.4433083014721,-58490.04325834617,-56463.5999500447,0.18037617522186236
229,w99759055,270.5142616614699,other,18027.259599334837,20030.288443705373,22534.074499168546,nr1,-3020.671792151932,-99564.79942592207,-96544.12763377014,0.18036897824725637
230,w99759057,194.30349186724052,th,26936.28423283178,29929.20470314642,33670.35529103972,r1,-4829.845320307846,-122961.18895144617,-118131.34363113833,0.18037617522186236
231,w99759061,534.3112589053809,trade,25116.553078843055,27907.281198714503,31395.691348553817,nr1,-4208.563313979645,-147265.52841112006,-143056.9650971404,0.18036897824725637
232,w99759062,137.67195288166403,th,17570.109600664895,19522.344000738773,21962.637000831117,r1,-3150.4312509679053,-92147.92435254023,-88997.49310157233,0.18037617522186236
233,w99759063,182.5971095246263,sfh,23409.161696221272,26010.17966246808,29261.45212027659,r1,-4197.410047114647,-130728.6093139006,-126531.19926678594,0.18037617522186236
234,w99759067,347.13443305995315,other,14604.042087206286,16226.713430229207,18255.052609007857,nr1,-2447.072875449764,-86891.57986175257,-84444.5069863028,0.18036897824725637
235,w99759073,34.86947953915223,sfh,3369.323871661266,3743.69319073474,4211.654839576582,r0,-741.3258304500495,-31733.614675558078,-30992.28884510803,0.22133495736831146
236,w99759074,1179.944325777702,mfh,115106.04981104136,127895.61090115707,143882.5622638017,r2,-18998.915473965284,-439432.4798458634,-420433.56437189813,0.16604060147060518
237,w99759077,212.39228247441352,sfh,25996.152531155218,28884.613923505796,32495.19066394402,r1,-4661.2737882967185,-121426.47549967786,-116765.20171138115,0.18037617522186236
239,w99759083,341.51128259450195,trade,15755.53024255659,17506.144713951766,19694.412803195737,nr1,-2640.0177748504507,-93001.70760199107,-90361.68982714062,0.18036897824725637
240,w99759085,319.12387123871594,other,16124.762320599133,17916.40257844348,20155.952900748915,nr1,-2701.886796969704,-102813.98581220023,-100112.09901523053,0.18036897824725637
241,w99759087,592.8829183824361,other,51137.99563470979,56819.99514967755,63922.494543387234,nr2,-7888.055939542497,-245536.95246164792,-237648.8965221054,0.16604060147060518
242,w99759088,334.1662621571682,ab,38269.47653436571,42521.64059373968,47836.84566795714,r1,-6861.958039663349,-171223.67541585115,-164361.7173761878,0.18037617522186236
243,w99759091,80.87078364617192,sfh,11524.131641001168,12804.590712223518,14405.164551251459,r1,-2066.3493448387035,-32551.981789887028,-30485.632445048323,0.18037617522186236
244,w99759093,176.2003906674683,sfh,24764.95217261122,27516.61352512358,30956.190215764025,r1,-4440.5118139028245,-125125.79545389075,-120685.28363998793,0.18037617522186236
245,w99759094,339.69808716569094,other,37582.71276836215,41758.56974262461,46978.390960452685,nr1,-6297.409748075554,-196092.0459846212,-189794.63623654563,0.18036897824725637
246,w99759096,246.47077107857913,mfh,23598.463882924807,26220.515425472007,29498.079853656007,r1,-4231.353120801837,-104981.34107060656,-100749.98794980472,0.18037617522186236
247,w99759099,50.23060751573648,th,7134.781015914094,7927.53446212677,8918.476269892617,r1,-1279.3111478654457,-49104.24646267952,-47824.93531481407,0.18037617522186236
248,w99759102,1460.464218017459,other,128159.99370613102,142399.99300681223,160199.99213266376,nr2,-19768.72943528524,-565050.1989356007,-545281.4695003155,0.16604060147060518
249,w99759105,189.26809048298745,mfh,22334.256335775855,24815.840373084284,27917.820419719817,r1,-4004.6727497188463,-100931.11887420993,-96926.44612449109,0.18037617522186236
250,w99759110,35.61810292806477,th,4375.3120568172735,4861.457840908081,5469.140071021591,r0,-962.6654983449055,-39077.16101307138,-38114.49551472648,0.22133495736831146
251,w99759111,238.72463138289748,th,34535.9950545772,38373.327838419114,43169.9938182215,r1,-6192.521308978953,-97553.12739681256,-91360.60608783361,0.18037617522186236
252,w99759113,635.4707306571305,th,86670.32318175596,96300.35909083995,108337.90397719495,r2,-14305.43526543193,-375205.6245903336,-360900.1893249017,0.16604060147060518
253,w99759120,160.90588292758912,th,23237.39167444857,25819.324082720632,29046.73959306071,r1,-4166.610600960271,-65638.19072839119,-61471.58012743091,0.18037617522186236
254,w99759121,33.129497365746644,ab,3818.7156608234063,4243.017400914896,4773.394576029257,r0,-840.2019711796723,-31740.313076835224,-30900.111105655553,0.22133495736831146
255,w99759126,310.54387535755524,ab,34300.81502744586,38112.016697162064,42876.01878430732,r1,-6150.352049713203,-154265.0358332066,-148114.6837834934,0.18037617522186236
256,w99759127,85.13879598667843,other,8496.79167350324,9440.879637225822,10620.989591879048,nr1,-1423.7338066008472,-50776.82529782788,-49353.09149122704,0.18036897824725637
257,w99759131,184.6887545518577,ab,20787.501022478882,23097.223358309868,25984.3762780986,r1,-3727.3297855960136,-112110.86938421323,-108383.53959861722,0.18037617522186236
258,w99759132,153.35469039995223,ab,17695.00512599379,19661.116806659767,22118.756407492237,r1,-3172.8258048463467,-86816.64926211502,-83643.82345726868,0.18037617522186236
259,w99759137,162.2998407471925,mfh,21055.671207008436,23395.19023000937,26319.589008760544,r1,-3775.414387748283,-136589.59639777255,-132814.18201002426,0.18037617522186236
260,w99759138,557.9003615580499,mfh,56330.74901759959,62589.721130666214,70413.43627199948,r2,-9297.714072608791,-223442.7849336965,-214145.0708610877,0.16604060147060518
261,w99759140,160.4533356629312,ab,17634.05521702537,19593.394685583742,22042.56902128171,r1,-3161.8971025034484,-94131.7984425698,-90969.90134006634,0.18037617522186236
262,w99759142,128.98004897348582,sfh,17650.096411774208,19611.218235304674,22062.620514717757,r1,-3164.773389697336,-80197.64554453734,-77032.87215484,0.18037617522186236
263,w99759148,518.2482564277947,ab,59352.94618142581,65947.71797936202,74191.18272678225,r2,-9796.545094570283,-238328.11065061123,-228531.56555604094,0.16604060147060518
264,w99759152,155.39786574579776,ab,16837.00273483737,18707.780816485967,21046.253418546712,r1,-3018.9805751955255,-84496.80020459632,-81477.8196294008,0.18037617522186236
265,w99759159,71.9146042395383,sfh,9767.034283888204,10852.260315431338,12208.792854860254,r1,-1751.2907282076324,-63279.419542229996,-61528.12881402236,0.18037617522186236
266,w99759161,242.4930030848831,mfh,32388.127737790874,35986.808597545416,40485.15967223859,r1,-5807.3951787765445,-148078.6767010213,-142271.28152224474,0.18037617522186236
267,w99759162,714.1891373082996,mfh,77904.36715681193,86560.40795201325,97380.45894601491,r2,-12858.563812195482,-305686.2660001107,-292827.7021879152,0.16604060147060518
268,w99759164,595.7694656141102,mfh,71961.73720566227,79957.48578406918,89952.17150707783,r2,-11877.698563841554,-187113.87226060667,-175236.17369676512,0.16604060147060518
269,w99759165,160.50856082765387,mfh,22755.65774251579,25284.064158350877,28444.572178144736,r1,-4080.23267456673,-107084.73957389359,-103004.50689932687,0.18037617522186236
270,w99759170,93.69908212199807,sfh,11619.451405943726,12910.501562159696,14524.314257429656,r1,-2083.4407787076534,-72151.61670074784,-70068.17592204019,0.18037617522186236
271,w99759172,204.59550149962305,other,17169.669362300792,19077.410402556434,21462.08670287599,nr1,-2876.97282204728,-99920.09602771529,-97043.12320566802,0.18036897824725637
272,w99759176,41.50382452430203,sfh,4163.668093659857,4626.297881844285,5204.585117074821,r0,-916.0991417927668,-26898.761075354178,-25982.661933561412,0.22133495736831146
273,w99759177,360.73507672324774,ab,44758.280247853094,49731.42249761455,55947.850309816364,r1,-8025.441390933603,-197975.0756561762,-189949.63426524258,0.18037617522186236
274,w99759180,347.1465133147314,education,19069.298725020304,21188.109694467003,23836.62340627538,nr1,-3195.277265376099,-104179.26800495521,-100983.99073957911,0.18036897824725637
275,w99759183,128.67689446713774,sfh,18376.72489710795,20418.583219008833,22970.906121384935,r1,-3295.0624510673497,-100447.04160989622,-97151.97915882886,0.18037617522186236
276,w99759189,171.2441471248865,ab,18363.415474169808,20403.794971299787,22954.269342712258,r1,-3292.6759877549594,-99899.39129608912,-96606.71530833415,0.18037617522186236
277,w99759190,369.99921465907244,other,20710.457907946584,23011.619897718425,25888.072384933228,nr1,-3470.272098782694,-116994.93284106762,-113524.66074228493,0.18036897824725637
278,w99759195,184.4751641433686,sfh,22818.050116989565,25353.389018877293,28522.562646236955,r1,-4091.4200200547084,-104859.42524963897,-100768.00522958426,0.18037617522186236
279,w155463247,886.8482149265707,mfh,90574.02742084471,100637.808245383,113217.53427605589,r2,-14949.764099542374,-341135.715140879,-326185.9510413366,0.16604060147060518
280,w155463249,403.549402025342,trade,23648.752708879776,26276.391898755304,29560.940886099717,nr1,-3962.616715738954,-141321.46448650092,-137358.84777076196,0.18036897824725637
281,w155463253,721.7602650925515,mfh,85711.09171490726,95234.54634989696,107138.86464363408,r2,-14147.10859547372,-222864.74575544827,-208717.63715997455,0.16604060147060518
282,w155463254,852.2730644002556,mfh,87014.59305688317,96682.88117431464,108768.24132110395,r2,-14362.258988151214,-226254.0911640638,-211891.8321759126,0.16604060147060518
283,w155463255,713.9319995328784,mfh,71073.4939418158,78970.54882423978,88841.86742726975,r2,-11731.088905028302,-184804.27492372313,-173073.18601869483,0.16604060147060518
284,w155463260,725.1058137452229,mfh,66389.32398774149,73765.91554193498,82986.65498467686,r2,-10957.939716351955,-239079.01186540755,-228121.0721490556,0.16604060147060518
285,w155463261,1003.1358517257496,mfh,96812.24176736335,107569.15751929261,121015.30220920418,r2,-15979.417252200703,-362373.8009460939,-346394.3836938932,0.16604060147060518
286,w155463268,907.8277638942003,mfh,88048.47049851796,97831.63388724218,110060.58812314743,r2,-14532.906405522448,-324395.71270957193,-309862.8063040495,0.16604060147060518
287,w155463269,646.430608794326,mfh,65800.13973759115,73111.26637510127,82250.17467198893,r2,-10860.691467579854,-261088.0905916276,-250227.39912404775,0.16604060147060518
288,w155463275,531.2511221051216,mfh,56742.54191479465,63047.26879421628,70928.17739349332,r2,-9365.682858432227,-206629.28415738491,-197263.60129895268,0.16604060147060518
289,w155463277,722.3371928531676,mfh,75825.75026506544,84250.83362785049,94782.18783133179,r2,-12515.47614048859,-291383.0588879719,-278867.58274748333,0.16604060147060518
290,w155463281,852.691491766274,mfh,81167.2147222987,90185.79413588744,101459.01840287336,r2,-13397.115566885012,-312728.6027051621,-299331.48713827704,0.16604060147060518
291,w155463286,75.58565192222595,sfh,11379.481362010443,12643.868180011603,14224.351702513053,r1,-2040.4126392773246,-64408.66854669985,-62368.25590742253,0.18037617522186236
292,w155463289,870.3151384696364,mfh,92029.85106537899,102255.39007264332,115037.31383172373,r2,-15190.056164233258,-344196.4495725347,-329006.39340830146,0.16604060147060518
293,w155463294,520.8021583877504,mfh,73954.39748668816,82171.55276298684,92442.9968583602,r2,-12206.598602629152,-192295.15881316818,-180088.56021053903,0.16604060147060518
294,w155463296,531.2875348292291,mfh,59600.264491446156,66222.51610160685,74500.33061430769,r2,-9837.366403918957,-241955.90675267047,-232118.54034875153,0.16604060147060518
295,w155463300,903.6974393147975,mfh,82377.16016846654,91530.17796496282,102971.45021058316,r2,-13596.824020937502,-313955.0745423863,-300358.2505214488,0.16604060147060518
296,w155463302,619.062746527791,mfh,73694.19011571503,81882.43346190559,92117.73764464378,r2,-12163.649879647723,-279523.99858994706,-267360.34871029935,0.16604060147060518
297,w155463304,1087.9011799693108,mfh,132782.97083749846,147536.6342638872,165978.71354687307,r2,-21916.59294593951,-345260.36764043826,-323343.77469449874,0.16604060147060518
298,w155463308,740.3594694465398,mfh,74398.41232336155,82664.90258151284,92998.01540420194,r2,-12279.885804865637,-285365.6266085166,-273085.740803651,0.16604060147060518
299,w155463310,722.3160033598542,mfh,78437.63363840502,87152.92626489447,98047.04204800627,r2,-12946.582511694929,-203952.40486059236,-191005.82234889743,0.16604060147060518
300,w155463313,774.0583199881017,mfh,75098.58684319264,83442.87427021404,93873.2335539908,r2,-12395.45363593214,-281941.9826611732,-269546.5290252411,0.16604060147060518
301,w155463314,1101.9502923069522,mfh,104359.84119134728,115955.37910149698,130449.8014891841,r2,-17225.191941915273,-387488.72664427466,-370263.5347023594,0.16604060147060518
302,w155463317,740.3064833164215,mfh,74649.75970721088,82944.17745245653,93312.1996340136,r2,-12321.372136020205,-282373.8950600887,-270052.5229240685,0.16604060147060518
303,w155463319,828.4481069911271,mfh,78474.43739685023,87193.8193298336,98093.04674606278,r2,-12952.657183677615,-283891.5803621264,-270938.9231784488,0.16604060147060518
304,w155463321,781.2118542082608,mfh,75955.85291213829,84395.3921245981,94944.81614017286,r2,-12536.950330583146,-282968.07433470164,-270431.1240041185,0.16604060147060518
305,w155463324,722.1055689860135,mfh,76230.77521241456,84700.86134712728,95288.4690155182,r2,-12582.327837268778,-289234.26921526756,-276651.9413779988,0.16604060147060518
306,w155463327,780.4636536210775,mfh,78934.78481367027,87705.31645963363,98668.48101708783,r2,-13028.640172192809,-307355.4715976321,-294326.8314254393,0.16604060147060518
307,w155463330,867.026127423346,mfh,92798.36038612344,103109.28931791494,115997.9504826543,r2,-15316.903047170752,-241292.95964128812,-225976.05659411737,0.16604060147060518
308,w155463331,701.7002469789237,mfh,75620.8436945795,84023.15966064388,94526.05461822437,r2,-12481.655132651787,-294331.2507584329,-281849.5956257811,0.16604060147060518
309,w155463336,356.26551316827533,mfh,37646.38639526564,41829.31821696182,47057.98299408205,r1,-6750.2340555217515,-146917.23086600087,-140166.99681047912,0.18037617522186236
310,w155463337,437.0872274041176,trade,16347.364508861188,18163.7383431791,20434.205636076484,nr1,-2739.1863181337135,-92019.06356781603,-89279.87724968232,0.18036897824725637
311,w155463339,868.4495440013707,mfh,96284.55889755068,106982.84321950076,120355.69862193835,r2,-15892.320159935894,-250357.72278170584,-234465.40262176996,0.16604060147060518
312,w155463342,722.9579402044416,mfh,72192.16091602764,80213.5121289196,90240.20114503455,r2,-11915.731322359597,-283014.03991055227,-271098.3085881927,0.16604060147060518
313,w155463343,844.8904670208692,mfh,87271.28425516972,96968.09361685524,109089.10531896215,r2,-14404.627346609892,-338915.30209293857,-324510.6747463287,0.16604060147060518
314,w155463347,1083.6851687338203,mfh,101563.78341079073,112848.64823421191,126954.7292634884,r2,-16763.68652564634,-360416.1072589414,-343652.42073329503,0.16604060147060518
315,w155463348,740.608741542697,mfh,73742.38733091138,81935.98592323487,92177.98416363922,r2,-12171.605107188752,-274366.90765703167,-262195.3025498429,0.16604060147060518
316,w155463352,356.4181080274284,mfh,38492.77211566138,42769.74679517931,48115.965144576716,r1,-6901.996342981064,-108729.75561067296,-101827.7592676919,0.18037617522186236
317,w155463353,722.1394314199686,mfh,96023.96050529758,106693.28945033065,120029.95063162198,r2,-15849.306896643517,-249680.11859685957,-233830.81170021606,0.16604060147060518
318,w155463354,696.3946817303076,mfh,75225.69127239037,83584.10141376707,94032.11409048796,r2,-12416.432952924239,-303293.26550375705,-290876.8325508328,0.16604060147060518
319,w155463358,865.4375973489136,mfh,87470.73329689098,97189.70366321219,109338.41662111372,r2,-14437.54755793889,-326127.3017865277,-311689.7542285888,0.16604060147060518
320,w155463359,1101.9756921548396,mfh,103923.56216152417,115470.62462391573,129904.4527019052,r2,-17153.18157908656,-384687.58331137145,-367534.40173228487,0.16604060147060518
321,w155463364,740.593882034719,mfh,74624.72489312779,82916.3609923642,93280.90611640972,r2,-12317.239995985414,-282811.5702388916,-270494.3302429062,0.16604060147060518
322,w155463365,603.6562003400177,mfh,57345.292217422895,63716.9913526921,71681.61527177862,r2,-9465.17026218155,-211514.8402357389,-202049.66997355735,0.16604060147060518
323,w155463369,722.4004129424691,mfh,76517.50006263371,85019.44451403746,95646.87507829214,r2,-12629.653422696665,-291010.9544910211,-278381.3010683244,0.16604060147060518
324,w155463370,696.1379145577084,mfh,67777.64861111336,75308.49845679261,84722.06076389168,r2,-11187.090679426152,-248053.9642804233,-236866.87360099715,0.16604060147060518
325,w155463373,865.3327697202564,mfh,87284.13642326384,96982.3738036265,109105.1705290798,r2,-14406.748670864168,-325616.56088741287,-311209.8122165487,0.16604060147060518
326,w155463376,746.0008564919234,mfh,78349.89022816702,87055.43358685223,97937.36278520877,r2,-12932.099957239743,-309491.40298537567,-296559.3030281359,0.16604060147060518
327,w155463378,701.7079005709849,mfh,75289.53058162499,83655.03397958331,94111.91322703123,r2,-12426.969998040944,-287806.72290192475,-275379.7529038838,0.16604060147060518
328,w155463380,903.4881653226912,mfh,80794.44802773364,89771.60891970404,100993.06003466704,r2,-13335.58828023781,-304065.5675610228,-290729.979280785,0.16604060147060518
329,w155463382,654.6620004437864,mfh,67195.36451178146,74661.51612420162,83994.20563972682,r2,-11090.98134022807,-252329.31177192877,-241238.33043170068,0.16604060147060518
330,w155463388,654.8312545590103,mfh,81045.45395849762,90050.50439833068,101306.81744812202,r2,-13377.018252597016,-210733.22168353625,-197356.20343093923,0.16604060147060518
331,w155463390,658.415929133445,mfh,67307.170216775,74785.74468530556,84133.96277096875,r2,-11109.435514810262,-249457.41413993642,-238347.97862512615,0.16604060147060518
332,w155463392,746.3197361536323,mfh,74500.89326832342,82778.77029813713,93126.11658540426,r2,-12296.800874179704,-284245.0479643253,-271948.2470901456,0.16604060147060518
333,w155463395,740.6091377854347,mfh,81203.21252281987,90225.79169202207,101504.01565352484,r2,-13403.057210877427,-211143.42322950848,-197740.36601863106,0.16604060147060518
334,w155463397,721.9107812985777,mfh,69115.7372055503,76795.26356172255,86394.67150693786,r2,-11407.949897026943,-256054.92395407127,-244646.97405704434,0.16604060147060518
335,w155463400,957.7393607803388,mfh,132263.3739372203,146959.30437468924,165329.2174215254,r2,-21830.83048944722,-343909.3192666643,-322078.48877721705,0.16604060147060518
336,w155463402,519.368776667118,mfh,57328.60677905928,63698.45197673253,71660.7584738241,r2,-9462.416234624903,-229037.44691677473,-219575.03068214984,0.16604060147060518
337,w155463405,658.592996231094,mfh,66453.3492473543,73837.05471928256,83066.68655919287,r2,-10968.507453647948,-246773.73866861578,-235805.23121496785,0.16604060147060518
338,w155463406,932.8967588515952,mfh,87329.94975847227,97033.27750941363,109162.43719809034,r2,-14414.310425303953,-337761.1208470963,-323346.8104217924,0.16604060147060518
339,w155463408,740.3845857441426,mfh,81123.65596148898,90137.39551276554,101404.56995186122,r2,-13389.92594291535,-210936.56140498334,-197546.635462068,0.16604060147060518
340,w155463411,886.3585438661277,mfh,86630.34371086476,96255.9374565164,108287.92963858094,r2,-14298.836423847126,-322174.91287256515,-307876.076448718,0.16604060147060518
341,w155463413,436.59599217027426,trade,16616.663351011164,18462.959278901293,20770.829188763953,nr1,-2784.3103932411477,-93743.46824464717,-90959.15785140602,0.18036897824725637
342,w155463416,722.4005093876273,mfh,71360.79474582999,79289.7719398111,89200.99343228748,r2,-11778.509554942257,-279740.2059170986,-267961.69636215636,0.16604060147060518
343,w155463417,828.3400002270937,mfh,74807.01169807202,83118.90188674668,93508.76462259002,r2,-12347.327481437655,-279534.8290095588,-267187.5015281211,0.16604060147060518
344,w155463421,509.4774500131606,mfh,62634.51134401355,69593.90149334838,78293.13918001692,r2,-10338.186296302609,-162861.35396140922,-152523.1676651066,0.16604060147060518
345,w155463422,674.0859733853489,mfh,66828.4486191273,74253.83179903033,83535.56077390912,r2,-11030.419762083095,-250207.78440328757,-239177.36464120448,0.16604060147060518
346,w155463424,701.7858467099256,mfh,75354.80212003247,83727.55791114719,94193.50265004058,r2,-12437.743440819106,-292209.006439588,-279771.2629987689,0.16604060147060518
347,w155463427,540.3469697440042,mfh,55711.525451732596,61901.69494636955,69639.40681466574,r2,-9195.507662027358,-217062.7365595008,-207867.22889747345,0.16604060147060518
348,w155463430,521.3457492198795,mfh,65819.9805171453,73133.31168571701,82274.97564643163,r2,-10863.96630234576,-171144.16500928614,-160280.19870694037,0.16604060147060518
349,w155463434,634.5610695700626,mfh,64418.57211226843,71576.19123585381,80523.21514033554,r2,-10632.655785891857,-240475.2674253145,-229842.61163942263,0.16604060147060518
350,w155463435,740.6094772338867,mfh,73569.89609015193,81744.3289890577,91962.37011268991,r2,-12143.134435937607,-277379.560303871,-265236.4258679334,0.16604060147060518
351,w155463436,830.3215000247583,mfh,74986.73881598086,83318.59868442318,93733.42351997607,r2,-12376.99247582444,-271191.26278476755,-258814.27030894312,0.16604060147060518
352,w155463437,634.6341266736388,mfh,64166.464939277284,71296.07215475253,80208.0811740966,r2,-10591.044047170024,-241300.52629910831,-230709.4822519383,0.16604060147060518
353,w155463439,740.3900625675916,mfh,77902.86750022264,86558.74166691404,97378.5843752783,r2,-12858.316285251183,-305728.343656009,-292870.02737075783,0.16604060147060518
354,w155463441,304.4361848443746,mfh,36817.49098632539,40908.32331813932,46021.863732906735,r1,-6601.607891003668,-103997.62285534556,-97396.01496434188,0.18037617522186236
355,w155463442,681.7836883433163,mfh,68711.68346108304,76346.31495675893,85889.6043263538,r2,-11341.25850286761,-264404.4863936413,-253063.22789077368,0.16604060147060518
356,w155463445,701.5969566701912,mfh,73907.62346345419,82119.58162606022,92384.52932931774,r2,-12198.878281106015,-284807.93920859846,-272609.06092749245,0.16604060147060518
357,w155463446,527.3302180506289,mfh,52013.41474555332,57792.683050614796,65016.768431941644,r2,-8585.113222852302,-199066.10751696082,-190480.99429410853,0.16604060147060518
358,w155463447,540.1562461696565,mfh,59085.19228162839,65650.21364625376,73856.49035203549,r2,-9752.35077360777,-236919.2929792447,-227166.94220563694,0.16604060147060518
359,w155463448,488.2503870327026,mfh,51268.34796637681,56964.83107375201,64085.43495797101,r2,-8462.135666214128,-203501.66901806608,-195039.53335185195,0.16604060147060518
360,w155463452,416.2699146196246,mfh,40700.76121869014,45223.06802076682,50875.95152336267,r1,-7297.902687908767,-114966.61781540017,-107668.7151274914,0.18037617522186236
361,w155463453,826.68092449978,mfh,83117.14823153104,92352.38692392338,103896.4352894138,r2,-13718.963306274676,-311118.4040391266,-297399.4407328519,0.16604060147060518
362,w155463454,830.106713430956,mfh,73765.5043705863,81961.67152287367,92206.88046323288,r2,-12175.420707528727,-271010.9515448582,-258835.5308373295,0.16604060147060518
363,w155463458,653.3753796381876,mfh,58960.56636749198,65511.74040832442,73700.70795936497,r2,-9731.780549780005,-216405.36164952707,-206673.58109974707,0.16604060147060518
364,w155463459,716.456727950275,mfh,75283.97896378927,83648.8655153214,94104.97370473658,r2,-12426.053671590878,-289445.2410188624,-277019.18734727154,0.16604060147060518
365,w155463463,389.00259175430983,mfh,37000.96483362116,41112.18314846796,46251.206042026446,r1,-6634.505906747067,-104515.87772453183,-97881.37181778476,0.18037617522186236
366,w155463464,681.5525098629297,mfh,69179.35495120153,76865.94994577947,86474.19368900191,r2,-11418.450371800043,-263085.28842168616,-251666.8380498861,0.16604060147060518
367,w155463468,854.9059582386632,mfh,81699.0096870192,90776.67743002134,102123.762108774,r2,-13484.891384062226,-301010.01115298877,-287525.1197689265,0.16604060147060518
368,w155463469,716.6904537379742,mfh,100679.18201464991,111865.75779405545,125848.97751831239,r2,-16617.67797804158,-261784.5584932499,-245166.88051520832,0.16604060147060518
369,w155463470,608.2978411447257,mfh,64367.74654988399,71519.71838875998,80459.68318735498,r2,-10624.266734532315,-167368.08717133664,-156743.82043680432,0.16604060147060518
370,w155463473,376.1376306014136,mfh,43550.29606288637,48389.217847651526,54437.870078607964,r1,-7808.842222602282,-123015.64131213853,-115206.79908953625,0.18037617522186236
371,w155463474,720.4433401308954,mfh,67276.75041664802,74751.94490738669,84095.93802081002,r2,-11104.414551860911,-263354.9760896579,-252250.561537797,0.16604060147060518
372,w155463478,851.8925360153429,mfh,87684.85616685112,97427.61796316791,109606.0702085639,r2,-14472.889769005065,-227996.89964548097,-213524.0098764759,0.16604060147060518
373,w155463479,376.5337288361043,mfh,37121.41584101446,41246.017601127176,46401.76980126807,r1,-6656.103530582494,-153568.66367838313,-146912.56014780063,0.18037617522186236
374,w155463480,664.0854127705097,mfh,73172.86575571459,81303.18417301621,91466.08219464324,r2,-12077.60229599398,-190263.0312665657,-178185.42897057172,0.16604060147060518
375,w155463484,531.1159037780716,mfh,68085.21955592721,75650.24395103024,85106.52444490901,r2,-11237.857032648759,-177034.20692046205,-165796.3498878133,0.16604060147060518
376,w155463485,716.6882258921862,mfh,74226.11389675422,82473.45988528247,92782.64237094278,r2,-12251.446958699133,-278051.9575713563,-265800.5106126572,0.16604060147060518
377,w155463490,790.5601109853014,mfh,73479.01625668757,81643.35139631951,91848.77032085945,r2,-12128.134196791949,-278076.40758238145,-265948.2733855895,0.16604060147060518
378,w155463491,681.5525530032813,mfh,68426.0537270324,76028.94858559156,85532.5671587905,r2,-11294.113672661135,-257905.16976793378,-246611.05609527265,0.16604060147060518
379,w155463494,531.001435648324,mfh,56124.10929184654,62360.12143538504,70155.13661480817,r2,-9263.606997528112,-209162.24083151366,-199898.63383398554,0.16604060147060518
380,w155463495,716.4590312853455,mfh,79038.97749810597,87821.08610900663,98798.72187263246,r2,-13045.83777395092,-315174.83366776415,-302128.9958938132,0.16604060147060518
381,w155463496,611.941689690575,mfh,60485.334200613484,67205.92688957053,75606.66775076685,r2,-9983.452249281916,-231562.2695296442,-221578.81728036227,0.16604060147060518
382,w155463500,1108.025532820262,mfh,100906.99247980208,112118.88053311342,126133.7405997526,r2,-16655.27940540892,-376882.69441874494,-360227.415013336,0.16604060147060518
383,w155463502,540.1563036605716,mfh,59609.47184418452,66232.74649353835,74511.83980523064,r2,-9838.886130438128,-234492.59607649304,-224653.7099460549,0.16604060147060518
384,w155463507,1267.198863344267,mfh,124829.28501538603,138699.20557265115,156036.60626923252,r2,-20603.791360889416,-474232.2319432902,-453628.44058240077,0.16604060147060518
385,w155463508,530.6506136165466,mfh,59404.70237854505,66005.22486505006,74255.87797318131,r2,-9805.087752544701,-232435.28044207016,-222630.19268952546,0.16604060147060518
386,w155463511,1747.3368958860635,mfh,164794.07162005454,183104.52402228283,205992.58952506818,r2,-27200.209219756147,-603965.2821887151,-576765.0729689589,0.16604060147060518
387,w155463513,612.2091895099729,mfh,81863.33408033723,90959.26008926358,102329.16760042153,r2,-13512.014070177202,-212859.86179236264,-199347.84772218546,0.16604060147060518
388,w155463514,830.106801855378,mfh,74653.97590525495,82948.86211694994,93317.46988156869,r2,-12322.06804375392,-274215.379427183,-261893.3113834291,0.16604060147060518
389,w155463518,691.345141955465,mfh,72173.4858662746,80192.76207363844,90216.85733284324,r2,-11912.648898001253,-269573.11270374805,-257660.46380574678,0.16604060147060518
390,w155463519,507.32179623667616,mfh,55562.18913504426,61735.76570560473,69452.73641880532,r2,-9170.858844153641,-212643.49572334185,-203472.6368791882,0.16604060147060518
391,w155463522,1139.1653657640795,mfh,129564.6746402093,143960.74960023255,161955.84330026162,r2,-21385.394650777307,-336892.2002373175,-315506.80558654014,0.16604060147060518
392,w155463523,446.09937440417707,mfh,52022.345619720814,57802.60624413424,65027.93202465102,r2,-8586.587314993381,-135267.75354472199,-126681.16622972861,0.16604060147060518
393,w155463528,681.6119319483638,mfh,68495.57242516302,76106.19158351446,85619.46553145377,r2,-11305.588133576195,-258500.17668609967,-247194.58855252346,0.16604060147060518
394,w155463529,691.3949336603283,mfh,83645.16797269836,92939.0755252204,104556.45996587294,r2,-13806.116001093855,-217492.9606066954,-203686.84460560154,0.16604060147060518
395,w155463531,507.3216828555101,mfh,54061.208972385146,60068.00996931683,67576.51121548143,r2,-8923.113436459842,-206288.54859918,-197365.43516272015,0.16604060147060518
396,w155463534,640.8467616457492,mfh,62761.80582241785,69735.3398026865,78452.25727802231,r2,-10359.196982009189,-228752.89766772467,-218393.70068571548,0.16604060147060518
397,w155463535,684.7868416263722,mfh,63983.21967634138,71092.46630704598,79979.02459542672,r2,-10560.798362714353,-246324.78274500236,-235763.984382288,0.16604060147060518
398,w155463536,691.6131192699074,mfh,70337.30683773482,78152.56315303869,87921.63354716853,r2,-11609.576989829937,-259211.96417325537,-247602.38718342542,0.16604060147060518
399,w155463537,507.3215693686623,mfh,56345.158000452444,62605.73111161382,70431.44750056555,r2,-9300.09235809193,-228091.2834496901,-218791.19109159816,0.16604060147060518
400,w155463538,643.413233704865,mfh,67471.69315381986,74968.54794868872,84339.61644227481,r2,-11136.590971709138,-175438.924409364,-164302.33343765486,0.16604060147060518
401,w155463539,710.019569536671,mfh,70101.74839593095,77890.83155103438,87627.18549491368,r2,-11570.696714359121,-255908.67657799457,-244337.97986363544,0.16604060147060518
402,w155463540,840.6794232809916,mfh,76273.68228195352,84748.53586883724,95342.1028524419,r2,-12589.409895846447,-288637.80839646835,-276048.3985006219,0.16604060147060518
403,w155463541,696.2558067506179,mfh,69091.86352939304,76768.73725488115,86364.8294117413,r2,-11404.009409484292,-261201.5777631899,-249797.56835370563,0.16604060147060518
404,w155463542,640.557884996757,mfh,65685.4859572708,72983.87328585643,82106.85744658849,r2,-10841.76720178624,-170794.45419249218,-159952.68699070593,0.16604060147060518
405,w155463543,587.0278481058776,mfh,64620.647257978446,71800.7191755316,80775.80907247306,r2,-10666.009450786414,-254208.6671338418,-243542.65768305538,0.16604060147060518
406,w155463544,825.5248426020145,mfh,98226.61890138821,109140.68766820912,122783.27362673526,r2,-16212.868331981137,-255407.43922256876,-239194.57089058764,0.16604060147060518
407,w155463545,709.4769112125038,mfh,68799.48875180824,76443.87639089805,85999.3609397603,r2,-11355.751271053065,-263550.65141774644,-252194.90014669337,0.16604060147060518
408,w155463546,647.0489746004342,mfh,65167.88665066121,72408.76294517911,81459.8583133265,r2,-10756.334459616719,-238500.55042014108,-227744.21596052437,0.16604060147060518
409,w155463547,586.4484846569597,mfh,65038.9578364076,72265.50870711956,81298.6972955095,r2,-10735.054017379463,-169113.36108777256,-158378.3070703931,0.16604060147060518
410,w155463548,500.40091222245246,mfh,58521.66054916764,65024.06727685293,73152.07568645955,r2,-9659.33662040301,-152167.17858242494,-142507.84196202192,0.16604060147060518
411,w155463549,672.5395986035466,mfh,71071.92574614852,78968.80638460947,88839.90718268565,r2,-11730.830065315027,-272431.3803678645,-260700.55030254947,0.16604060147060518
412,w155463551,586.1050742082298,mfh,58460.95059670617,64956.61177411796,73076.1882458827,r2,-9649.316093618037,-213750.64730875875,-204101.3312151407,0.16604060147060518
413,w155463552,667.035758360289,mfh,68669.64406031062,76299.60451145624,85837.05507538827,r2,-11334.319658009652,-266682.69109428616,-255348.3714362765,0.16604060147060518
414,w155463553,817.6307530952618,mfh,76749.54752122253,85277.27502358059,95936.93440152815,r2,-12667.95419019685,-294801.01922658837,-282133.0650363915,0.16604060147060518
415,w155463556,732.9133296664804,mfh,64357.9958795773,71508.88431064144,80447.49484947162,r2,-10622.657330323977,-235490.61666290104,-224867.95933257707,0.16604060147060518
416,w155463558,710.1379440590739,mfh,77163.4124884325,85737.12498714722,96454.26561054062,r2,-12736.26498309232,-285539.0231426609,-272802.7581595686,0.16604060147060518
417,w155463561,654.0662793286144,mfh,66767.48224207119,74186.09138007909,83459.35280258898,r2,-11020.356910944127,-173607.84534287505,-162587.48843193092,0.16604060147060518
418,w155463562,586.3292756803334,mfh,59654.3554106497,66282.61712294411,74567.94426331212,r2,-9846.294421199924,-230070.72397768797,-220224.42955648806,0.16604060147060518
419,w155463566,653.8032613813876,mfh,66481.29901255308,73868.11001394787,83101.62376569134,r2,-10973.120723127706,-251280.13950807636,-240307.01878494865,0.16604060147060518
420,w155463567,133.41999841853976,sfh,16572.97361038044,18414.415122644932,20716.217012975547,r1,-2971.6384911812443,-99952.36799463646,-96980.72950345521,0.18037617522186236
421,w155463569,886.7166110530495,mfh,90690.7250070177,100767.47223001966,113363.40625877211,r2,-14969.025707245499,-329276.1209921021,-314307.09528485656,0.16604060147060518
422,w155463572,311.3570919752121,mfh,35890.06917924034,39877.854643600374,44862.58647405042,r1,-6435.315323098496,-101377.95321634498,-94942.63789324649,0.18037617522186236
423,w155463574,863.4385226266459,mfh,80266.77887142508,89185.30985713897,100333.47358928135,r2,-13248.493451465714,-302827.663212523,-289579.16976105724,0.16604060147060518
424,w155463577,931.9227139726281,mfh,104741.59050899002,116379.54500998891,130926.98813623752,r2,-17288.201862158778,-272347.57452922955,-255059.37266707077,0.16604060147060518
425,w155463578,931.2066993936896,mfh,95901.79540846782,106557.55045385312,119877.24426058478,r2,-15829.142844863893,-360123.4974634275,-344294.3546185636,0.16604060147060518
426,w155463581,136.57608463019133,sfh,20238.058157433414,22486.731286037128,25297.572696791765,r1,-3628.8112212840947,-100846.952817407,-97218.1415961229,0.18037617522186236
427,w155463583,949.1963916398585,mfh,98696.62464541465,109662.91627268294,123370.7808067683,r2,-16290.445482944922,-380046.37948071904,-363755.93399777415,0.16604060147060518
428,w155463586,949.1754787907004,mfh,101711.11223859426,113012.34693177139,127138.89029824281,r2,-16788.003995934934,-264467.7685935446,-247679.76459760967,0.16604060147060518
429,w155463589,722.9646147996187,mfh,79863.38270239974,88737.09189155528,99829.22837799968,r2,-13181.910593914656,-207659.61703466144,-194477.70644074678,0.16604060147060518
430,w155463591,591.1442194825038,mfh,72104.48386231158,80116.0931803462,90130.60482788947,r2,-11901.259720429965,-286208.83769356733,-274307.5779731374,0.16604060147060518
431,w155463593,535.6290349200369,mfh,57403.922688774626,63782.13632086069,71754.90336096828,r2,-9474.847558650668,-223060.28714596646,-213585.43958731578,0.16604060147060518
432,w155463596,724.8313003255054,mfh,67296.75836170698,74774.1759574522,84120.94795213372,r2,-11107.716978254719,-251464.51759205473,-240356.8006138,0.16604060147060518
433,w155463597,752.1160736689344,mfh,96345.81377389302,107050.90419321446,120432.26721736627,r2,-15902.430629541155,-250516.99682861357,-234614.5661990724,0.16604060147060518
434,w155463600,535.4490051213652,mfh,64489.169061256325,71654.6322902848,80611.4613265704,r2,-10644.308218311724,-167683.80823595676,-157039.50001764504,0.16604060147060518
435,w155463601,907.8308945208788,mfh,90872.07987539202,100968.97763932447,113590.09984424003,r2,-14998.95937120749,-347123.5196531951,-332124.5602819876,0.16604060147060518
436,w155463605,389.4215188790113,mfh,42998.73447932191,47776.37164369101,53748.41809915238,r1,-7709.94375872309,-121457.65645188992,-113747.71269316683,0.18037617522186236
437,w155463606,690.2915003947913,mfh,72619.17804943162,80687.97561047958,90773.97256178952,r2,-11986.212955920953,-276598.7016300213,-264612.4886741004,0.16604060147060518
438,w155463610,725.1058211326599,mfh,66694.63523034648,74105.15025594053,83368.2940379331,r2,-11008.333092729876,-245363.4816186671,-234355.14852593723,0.16604060147060518
439,w155463611,1002.8680375270545,mfh,112403.2420384642,124892.49115384911,140504.05254808025,r2,-18552.801507776134,-292269.2904474288,-273716.4889396527,0.16604060147060518
440,w155463612,535.6290688522159,mfh,63516.22491576578,70573.58323973975,79395.28114470722,r2,-10483.71819188471,-165153.9728869888,-154670.2546951041,0.16604060147060518
441,w155463616,543.6235096465331,mfh,57717.03913082603,64130.04347869559,72146.29891353253,r2,-9526.529228083413,-213592.6102580391,-204066.08102995568,0.16604060147060518
442,w155463618,752.1486698825844,mfh,78276.75754478379,86974.17504975977,97845.94693097973,r2,-12920.028987275413,-292812.63821386785,-279892.6092265924,0.16604060147060518
443,w155463621,238.18491610530762,mfh,25941.058157091844,28823.39795232427,32426.322696364805,r1,-4651.3950202214655,-110742.90445257495,-106091.50943235349,0.18037617522186236
444,w155463623,73.76475410088896,mfh,9386.532258258556,10429.48028695395,11733.165322823193,r1,-1683.064319844484,-44230.02890639483,-42546.96458655035,0.18037617522186236
445,w155463625,52.41574023310095,sfh,7168.165529890833,7964.628366545369,8960.206912363541,r1,-1285.297201368875,-35620.83121054556,-34335.534009176685,0.18037617522186236
446,w155463626,98.3909645654261,mfh,11326.695090576788,12585.216767307542,14158.368863220985,r1,-2030.9477285325243,-49333.59295345536,-47302.64522492283,0.18037617522186236
447,w155463629,643.7923131911084,mfh,60925.212855087026,67694.68095009669,76156.51606885878,r2,-10056.056750859929,-223774.81757502235,-213718.76082416243,0.16604060147060518
448,w155463631,546.7249739198014,mfh,62732.02766693095,69702.25296325661,78415.03458366368,r2,-10354.28192619766,-163114.91449924815,-152760.63257305048,0.16604060147060518
449,w155463632,612.4270064728335,mfh,67447.16411095476,74941.2934566164,84308.95513869345,r2,-11132.54231212247,-175375.1443455196,-164242.60203339712,0.16604060147060518
450,w155463633,683.6260891854763,mfh,67343.37274848943,74825.96972054381,84179.21593561179,r2,-11115.410950863494,-251294.7922383566,-240179.3812874931,0.16604060147060518
451,w155463638,279.5906790524721,ab,31093.580676718997,34548.42297413222,38866.97584589874,r1,-5575.27474186731,-147555.53759105445,-141980.26284918713,0.18037617522186236
452,w155463639,282.758548167441,other,12733.875761949328,14148.750846610365,15917.34470243666,nr1,-2133.7052981866855,-93119.66729470005,-90985.96199651336,0.18036897824725637
453,w155463640,56.80619836300611,sfh,8149.209288913908,9054.67698768212,10186.511611142383,r1,-1461.2045227936865,-47159.378264715655,-45698.17374192197,0.18037617522186236
454,w155463643,240.41873629689215,ab,28483.777730710135,31648.64192301126,35604.72216338767,r1,-5107.320645572811,-143509.32553735768,-138402.00489178486,0.18037617522186236
455,w155463644,98.43792371228336,mfh,11153.843250929993,12393.159167699992,13942.30406366249,r1,-1999.954305623543,-49734.62619863775,-47734.67189301421,0.18037617522186236
456,w155463645,98.39091195091605,mfh,11053.44919247696,12281.61021386329,13816.811490596201,r1,-1981.953018986722,-50139.46719110004,-48157.51417211332,0.18037617522186236
457,w155463647,97.66299930792302,mfh,9369.723502372359,10410.803891524843,11712.154377965448,r1,-1680.050404107057,-44327.569890683706,-42647.519486576646,0.18037617522186236
458,w155463653,376.11661268314344,mfh,49110.00769747382,54566.67521941535,61387.50962184227,r1,-8805.733515717002,-138720.04642689918,-129914.31291118218,0.18037617522186236
459,w155463654,482.5493668295443,mfh,52586.0148678914,58428.905408768216,65732.51858486424,r2,-8679.624165956877,-205869.3690804089,-197189.74491445202,0.16604060147060518
460,w155463656,73.78574474137277,mfh,10518.511422655341,11687.23491406149,13148.139278319177,r1,-1886.0353095544863,-50477.03327278274,-48590.997963228256,0.18037617522186236
461,w155463657,470.15250823192764,mfh,44569.71600670739,49521.906674119324,55712.145008384236,r1,-7991.63063553012,-174789.17972835497,-166797.54909282486,0.18037617522186236
462,w155463660,49.947176152281465,mfh,6130.094348688484,6811.2159429872045,7662.617935860605,r1,-1099.1645041735605,-28638.594705092404,-27539.430200918843,0.18037617522186236
463,w155463661,78.16354378722608,sfh,10628.335831745004,11809.262035272226,13285.419789681255,r1,-1905.7275174222202,-58464.97899630507,-56559.25147888285,0.18037617522186236
464,w155463663,104.99722011834383,sfh,12659.813951807402,14066.45994645267,15824.767439759253,r1,-2269.9843320103273,-63902.44113045683,-61632.4567984465,0.18037617522186236
465,w155463665,467.86907609552145,trade,25152.751602532997,27947.501780592218,31440.939503166246,nr1,-4214.62878714961,-140429.50312048243,-136214.87433333282,0.18036897824725637
466,w155463667,587.3173447391018,mfh,62170.68286456457,69078.53651618285,77713.3535807057,r2,-10261.628738381585,-237647.1763630312,-227385.54762464963,0.16604060147060518
467,w155463669,557.4523567564785,mfh,63822.83861379559,70914.26512643954,79778.54826724448,r2,-10534.326546020668,-260680.26511314008,-250145.93856711942,0.16604060147060518
468,w155463671,449.48969881236553,mfh,44460.06219337882,49400.06910375424,55575.07774172352,r1,-7971.969016556207,-192876.46010241096,-184904.49108585474,0.18037617522186236
469,w155576276,58.73152135126293,other,7036.542804460303,7818.380893844781,8795.678505575379,nr1,-1179.0525479805679,-49212.9416026715,-48033.88905469093,0.18036897824725637
470,w159548666,1258.4072781499474,other,45034.07044829587,50037.85605366207,56292.58806036983,nr1,-7545.969232837229,-262515.36089927657,-254969.39166643933,0.18036897824725637
471,w159548667,15669.025621107221,trade,613413.7969842755,681570.8855380839,766767.2462303443,nr2,-94619.3194442473,-2692566.726823389,-2597947.4073791415,0.16604060147060518
472,w159548669,2256.2803165019486,trade,261494.21083095495,290549.1231455055,326867.76353869366,nr2,-40335.58486795779,-635451.849911699,-595116.2650437412,0.16604060147060518
473,w159548670,188.14899220019578,mfh,23028.989782019133,25587.766424465703,28786.237227523914,r1,-4129.242829808422,-100713.10944202408,-96583.86661221566,0.18037617522186236
474,w159548671,318.3455893772654,other,12677.331192583715,14085.923547315238,15846.663990729643,nr1,-2124.230614320238,-66832.74361042984,-64708.5129961096,0.18036897824725637
475,w159548672,170.00981159284711,ab,21983.144401197525,24425.716001330584,27478.930501496907,r1,-3941.716169684678,-104759.64625162206,-100817.93008193739,0.18037617522186236
476,w159548674,118.95309109317604,trade,10044.893361266411,11160.992623629345,12556.116701583014,nr1,-1683.1358013322902,-61515.55030050823,-59832.41449917594,0.18036897824725637
477,w159548675,865.047436706489,mfh,94066.05527670533,104517.83919633925,117582.56909588166,r2,-15526.14337912968,-375302.20120998216,-359776.05783085246,0.16604060147060518
478,w159548677,106.67055884185247,other,5052.772241354683,5614.191379282981,6315.965301693353,nr1,-846.6492922857532,-38344.86103728368,-37498.21174499793,0.18036897824725637
479,w159872586,633.9711885744706,mfh,61528.304105702184,68364.7823396691,76910.38013212773,r2,-10155.60043003522,-242326.91793383364,-232171.31750379843,0.16604060147060518
480,w159872589,1091.462102752924,mfh,104981.15974855874,116645.73305395416,131226.4496856984,r2,-17327.744142866002,-396853.06524018047,-379525.3210973145,0.16604060147060518
481,w159872591,2692.1037788091226,mfh,238842.17683578568,265380.1964842063,298552.7210447321,r2,-39422.27482195889,-850522.1361453697,-811099.8613234109,0.16604060147060518
482,w159872593,436.90541737405584,mfh,41771.57313857874,46412.85904286526,52214.46642322342,r1,-7489.906005645516,-168575.71931088352,-161085.813305238,0.18037617522186236
483,w159872596,218.88012801047884,mfh,23926.839112240952,26585.376791378836,29908.54889030119,r1,-4290.232866460464,-108316.57729213845,-104026.34442567799,0.18037617522186236
484,w159872599,487.8712977081537,mfh,46825.5540892305,52028.39343247833,58531.94261153812,r1,-8396.116603678853,-189533.57517109942,-181137.45856742057,0.18037617522186236
485,w159872601,629.8896718598901,mfh,59138.13100415723,65709.03444906359,73922.66375519653,r2,-9761.088614201522,-227393.20674516185,-217632.11813096033,0.16604060147060518
486,w159872603,453.131132603623,mfh,41977.27905722256,46641.42117469173,52471.59882152819,r1,-7526.790371727105,-167383.58988965198,-159856.79951792487,0.18037617522186236
487,w159872608,317.054659525305,mfh,36148.8017943321,40165.33532703567,45186.00224291513,r1,-6481.707709643364,-156886.04119773657,-150404.33348809322,0.18037617522186236
488,w159872611,474.9952949794941,mfh,49392.47210315651,54880.52455906279,61740.59012894564,r1,-8856.381161700674,-206460.64014994647,-197604.2589882458,0.18037617522186236
489,w159872613,461.6615135567263,mfh,49483.41463924298,54981.57182138109,61854.26829905373,r1,-8872.687730882135,-214132.58457832277,-205259.89684744063,0.18037617522186236
490,w159872615,129.00588214695452,mfh,16719.873106670097,18577.636785188995,20899.841383337618,r1,-2997.9784955625983,-78886.5676951214,-75888.5891995588,0.18037617522186236
491,w159872617,185.93316667452453,mfh,23274.884584316744,25860.98287146305,29093.605730395928,r1,-4173.333315708389,-99849.7036259318,-95676.37031022341,0.18037617522186236
492,w159872620,129.2747205838561,mfh,17497.094806705965,19441.216451895518,21871.368508382457,r1,-3137.339238800691,-76041.07308626838,-72903.7338474677,0.18037617522186236
493,w159872622,447.3657494872576,mfh,46366.44062561429,51518.26736179365,57958.05078201786,r1,-8313.794669644823,-201625.17696499903,-193311.3822953542,0.18037617522186236
494,w159872625,238.36158968657256,mfh,25116.058872769172,27906.732080854636,31395.073590961463,r1,-4503.46745537247,-111068.88615675413,-106565.41870138166,0.18037617522186236
495,w159872628,167.04002443812786,mfh,19006.772350224233,21118.635944693593,23758.46543778029,r1,-3408.033925406654,-92566.22456403387,-89158.19063862722,0.18037617522186236
496,w159872630,195.52493976540862,mfh,18074.7621351929,20083.069039103222,22593.452668991125,r1,-3240.918627073802,-74671.05736037016,-71430.13873329636,0.18037617522186236
497,w159872632,133.65780365467072,th,16477.88462317202,18308.760692413354,20597.355778965022,r1,-2954.5884372127157,-46544.74774315889,-43590.159305946174,0.18037617522186236
498,w159872635,49.369007284846155,th,6739.6868476192685,7488.540941799187,8424.608559524086,r1,-1208.4682764684408,-44090.59213521835,-42882.12385874991,0.18037617522186236
499,w159872640,133.91130499513818,mfh,16908.877072954834,18787.64119217204,21136.09634119354,r1,-3031.868096451474,-74670.5210951214,-71638.65299866992,0.18037617522186236
500,w159872643,87.82295271442271,other,9591.78852868142,10657.542809646022,11989.735660851775,nr1,-1607.2129479925784,-55364.232816642616,-53757.01986865004,0.18036897824725637
501,w159872648,133.79360626488923,mfh,16965.31316645674,18850.347962729713,21206.641458070924,r1,-3041.987443267855,-79510.57904944693,-76468.59160617908,0.18037617522186236
502,w159872651,467.48304517045614,other,34799.30109969496,38665.890110772176,43499.126374618696,nr1,-5831.017556452611,-195461.81178202972,-189630.79422557712,0.18036897824725637
503,w159872654,134.11286987382917,mfh,15572.749109392586,17303.054565991763,19465.93638674073,r1,-2792.2919419840405,-66495.0977738874,-63702.805831903366,0.18037617522186236
504,w159872660,131.42538360562176,mfh,16010.967487406166,17789.96387489574,20013.709359257708,r1,-2870.8672556400356,-69127.03458783102,-66256.16733219098,0.18037617522186236
505,w159872663,509.8066861014813,other,40789.69983623175,45321.88870692417,50987.12479528969,nr1,-6834.776801583075,-107675.92874919994,-100841.15194761686,0.18036897824725637
506,w159872669,96.41428965386004,other,6140.942525975589,6823.26947330621,7676.178157469486,nr1,-1028.9845643608048,-45325.58143319009,-44296.596868829285,0.18036897824725637
507,w159872671,385.8471666022902,mfh,41085.27500261371,45650.30555845967,51356.59375326713,r1,-7366.848429787059,-167237.95006194344,-159871.10163215638,0.18037617522186236
508,w159872676,450.3884779855609,trade,21572.307796555673,23969.230885061857,26965.38474569459,nr1,-3614.684821817248,-121528.8553830523,-117914.17056123505,0.18036897824725637
509,w159872680,74.82275880910456,trade,6347.627257792996,7052.919175325551,7934.534072241245,nr1,-1063.6169351784065,-42583.135262562384,-41519.51832738398,0.18036897824725637
510,w159872682,128.20031198486686,mfh,17098.113549140475,18997.903943489415,21372.641936425593,r1,-3065.7993878291727,-83111.87706959425,-80046.07768176508,0.18037617522186236
511,w159872688,74.73616111706941,trade,5317.786693607912,5908.651881786568,6647.23336700989,nr1,-891.0554692769282,-35477.61392507498,-34586.55845579805,0.18036897824725637
512,w159872690,271.2794532585889,mfh,37662.36732773164,41847.07480859071,47077.95915966455,r1,-6753.099537308991,-161310.25610106485,-154557.15656375585,0.18037617522186236
513,w159872699,406.91918786983007,mfh,43877.34349126553,48752.60387918392,54846.67936408191,r1,-7867.483885194721,-172704.10603134587,-164836.62214615114,0.18037617522186236
514,w159872700,406.7131608505966,mfh,40678.93594210743,45198.8177134527,50848.66992763429,r1,-7293.989278432676,-163101.73515561334,-155807.74587718066,0.18037617522186236
515,w159872708,435.5580747295171,mfh,46872.894326570284,52080.9936961892,58591.11790821285,r1,-8404.605006229162,-201219.59504245053,-192814.99003622137,0.18037617522186236
516,w159872710,142.59727319749075,mfh,15785.244708098155,17539.160786775727,19731.555885122692,r1,-2830.3937404400854,-72182.2576830919,-69351.86394265182,0.18037617522186236
517,w159872717,364.7500545413,mfh,42624.77941045999,47360.86601162221,53280.97426307498,r1,-7642.891260919896,-173285.7182021673,-165642.82694124742,0.18037617522186236
518,w159872718,186.0198295045644,mfh,25865.705318047403,28739.672575608223,32332.131647559254,r1,-4637.883781852991,-117865.61212735553,-113227.72834550255,0.18037617522186236
519,w159872719,169.79583046399057,mfh,20853.61252597942,23170.680584421578,26067.015657474276,r1,-3739.183994329503,-102425.9789487557,-98686.7949544262,0.18037617522186236
520,w159872726,172.48843573874328,mfh,18695.70090016346,20773.001000181623,23369.626125204326,r1,-3352.2568562916,-84814.16053359567,-81461.90367730407,0.18037617522186236
521,w159872727,172.59632431017235,mfh,21043.444879268325,23381.60542140925,26304.306099085406,r1,-3773.2221302227213,-59440.99354690499,-55667.77141668227,0.18037617522186236
522,w159872732,140.4957689295523,mfh,18976.199229647278,21084.665810719198,23720.249037059097,r1,-3402.551972436845,-89871.24842358906,-86468.69645115221,0.18037617522186236
523,w159872736,118.37831126665697,mfh,14679.616639748732,16310.68515527637,18349.520799685914,r1,-2632.1476681251193,-67686.42312226549,-65054.27545414037,0.18037617522186236
524,w159872737,187.97203346798193,mfh,24944.26660849226,27715.85178721362,31180.333260615324,r1,-4472.664020997078,-113593.18202155945,-109120.51800056237,0.18037617522186236
525,w159872743,753.6066189933568,other,31827.00488865078,35363.33876516753,39783.75611081347,nr1,-5332.975617623898,-183074.3002621114,-177741.32464448753,0.18036897824725637
526,w159872746,394.377677144669,mfh,44537.18740147157,49485.76377941285,55671.484251839465,r1,-7985.798051851673,-125803.29333512703,-117817.49528327536,0.18037617522186236
527,w159872748,575.8923149108887,trade,55207.313642999135,61341.45960333237,69009.14205374892,nr2,-8515.749842808951,-134158.18832707527,-125642.43848426633,0.16604060147060518
528,w159872750,127.08080641776323,mfh,17865.116812482014,19850.129791646683,22331.396015602517,r1,-3203.3279010453975,-120469.24133550863,-117265.91343446323,0.18037617522186236
529,w159872753,434.5401292324066,other,25725.96143987,28584.401599855555,32157.451799837498,nr1,-4310.676596140599,-145461.1028776132,-141150.42628147258,0.18036897824725637
530,w159872756,252.43327465518377,mfh,33635.93448393886,37373.260537709844,42044.91810492357,r1,-6031.134783001008,-147136.82895441135,-141105.69417141035,0.18037617522186236
531,w159872759,386.07803563163617,mfh,40885.04737063046,45427.83041181162,51106.30921328808,r1,-7330.946354988194,-173135.51251559248,-165804.56616060427,0.18037617522186236
532,w159872763,1345.7076428122818,trade,70170.62199602295,77967.35777335883,87713.27749502868,nr2,-10823.846041424173,-315025.1637886472,-304201.317747223,0.16604060147060518
533,w159872767,486.0339612279087,mfh,45082.85482234876,50092.060913720845,56353.568527935946,r1,-8083.6396552587175,-177163.5202213552,-169079.8805660965,0.18037617522186236
534,w159872769,563.4171857964247,other,35443.64525157622,39381.82805730691,44304.55656447027,nr1,-5938.984726576327,-192893.09459785515,-186954.1098712788,0.18036897824725637
535,w159872774,2747.8572637828997,other,119011.47723873041,132234.97470970044,148764.346548413,nr2,-18357.56717202085,-573790.4169601041,-555432.8497880832,0.16604060147060518
536,w159872776,80.53474041707815,sfh,12444.034937831644,13826.705486479605,15555.043672289554,r1,-2231.2937965280357,-63719.050259715725,-61487.75646318769,0.18037617522186236
537,w159872779,530.1892838459462,trade,41088.84380523203,45654.270894702255,51361.054756540034,nr1,-6884.901766166426,-209728.29454257138,-202843.39277640497,0.18036897824725637
538,w159872782,386.9254036822822,mfh,34779.397511211064,38643.77501245674,43474.246889013826,r1,-6236.1649016126985,-137434.03097501845,-131197.86607340575,0.18037617522186236
539,w159872787,649.6997715241275,sfh,73844.5187104147,82049.46523379411,92305.64838801838,r2,-12188.462478713607,-276081.06410375395,-263892.60162504035,0.16604060147060518
540,w159872789,103.62989482581615,mfh,13622.502345110554,15136.113716789503,17028.12793138819,r1,-2442.600420818991,-64778.91378000535,-62336.31335918636,0.18037617522186236
541,w159872791,7102.280937734339,other,341045.9633446604,378939.9592718449,426307.4541808255,nr2,-52606.47398139088,-1433403.2147609622,-1380796.7407795712,0.16604060147060518
542,w159872796,295.65545302389654,other,14692.2812732514,16324.756970279332,18365.35159156425,nr1,-2461.8583517879842,-87016.38582241171,-84554.52747062373,0.18036897824725637
543,w159872797,3172.659030787088,other,124134.27925297005,137926.9769477445,155167.84906621257,nr2,-19147.761397546885,-620609.9796687053,-601462.2182711584,0.16604060147060518
544,w159872802,393.79842739673325,mfh,39710.81716874246,44123.130187491624,49638.521460928074,r1,-7120.399488296008,-158681.7924680408,-151561.3929797448,0.18037617522186236
545,w159872803,469.9664310747758,mfh,46940.21759095484,52155.79732328315,58675.271988693545,r1,-8416.676491316897,-132591.08415576472,-124174.40766444782,0.18037617522186236
546,w159872804,664.4021281981841,mfh,71285.2107419375,79205.78971326388,89106.51342742186,r2,-11766.033980430795,-185354.77789699318,-173588.74391656238,0.16604060147060518
547,w159872808,295.65545226749964,other,15824.74835213696,17583.053724596622,19780.935440171197,nr1,-2651.6160541098907,-89642.5534067167,-86990.93735260681,0.18036897824725637
548,w159872809,678.8678823016584,other,34505.649287262946,38339.61031918105,43132.06160907868,nr1,-5781.812864988557,-191021.0856217235,-185239.27275673495,0.18036897824725637
549,w159872812,337.05531151816245,mfh,38041.70913462511,42268.56570513901,47552.136418281385,r1,-6821.117911149446,-160838.99103273786,-154017.8731215884,0.18037617522186236
550,w159872814,765.4437305399682,mfh,79399.36095195425,88221.51216883806,99249.2011899428,r2,-13105.321135504195,-298427.97730364,-285322.6561681358,0.16604060147060518
551,w159872815,1229.117813373683,mfh,149792.9605537908,166436.62283754532,187241.2006922385,r2,-24724.18956977793,-592762.6369341707,-568038.4473643928,0.16604060147060518
552,w159872820,336.8380303993821,mfh,38637.43829336847,42930.48699263163,48296.797866710585,r1,-6927.935899282366,-170725.0949831357,-163797.15908385333,0.18037617522186236
553,w159872826,1791.1392054180615,th,178358.86709907744,198176.51899897493,222948.5838738468,r2,-29439.15672208684,-672400.582238447,-642961.4255163602,0.16604060147060518
554,w159872827,157.03123329076917,th,22144.882072210334,24605.424524678147,27681.102590262915,r1,-3970.7167521965957,-103504.71421585612,-99533.99746365953,0.18037617522186236
555,w159872832,35.670331929810345,sfh,3676.201183569743,4084.667981744159,4595.251479462178,r0,-808.845631680871,-27793.72511566916,-26984.87948398829,0.22133495736831146
556,w159872833,162.84196072258055,mfh,21239.15922568886,23599.065806320956,26548.949032111075,r1,-3808.314944510156,-96083.10553505649,-92274.79059054633,0.18037617522186236
557,w159872834,33.79703346360475,sfh,4555.214293213258,5061.349214681398,5694.017866516572,r0,-1002.2479724186485,-33406.25119784602,-32404.00322542737,0.22133495736831146
558,w159872835,42.916394099872555,th,6704.477568681241,7449.419520756934,8380.59696085155,r1,-1202.1550311210008,-33694.447777085115,-32492.292745964114,0.18037617522186236
559,w159872839,58.88304680213332,other,5318.843004436388,5909.8255604848755,6648.553755545484,nr1,-891.2324661358097,-37599.5609696322,-36708.32850349639,0.18036897824725637
560,w159872840,318.65718863122163,other,26659.24765591642,29621.386284351578,33324.05956989552,nr1,-4467.0592859932285,-141257.46579390834,-136790.40650791512,0.18036897824725637
561,w159872842,48.8293092939537,other,2375.76436505535,2639.7381833948334,2969.7054563191873,nr0,-488.12072596837663,-17034.994357392738,-16546.87363142436,0.22116270977607513
562,w159872843,143.51003436879253,mfh,19080.71500207315,21200.794446747943,23850.893752591437,r1,-3421.292308334183,-94229.37503530129,-90808.0827269671,0.18037617522186236
563,w159872845,162.83680398128925,mfh,21498.13375395689,23886.81528217432,26872.667192446108,r1,-3854.7507076103125,-102320.29487711759,-98465.54416950728,0.18037617522186236
564,w159872848,156.42925329236314,mfh,21291.72814453538,23657.47571615042,26614.660180669223,r1,-3817.740882567901,-60142.314269496506,-56324.573386928605,0.18037617522186236
565,w159872851,167.48750086340587,mfh,20694.65294755158,22994.058830612867,25868.316184439474,r1,-3710.6815413054883,-97135.59049145225,-93424.90895014677,0.18037617522186236
566,w159872853,143.46053532976657,th,18641.830787650975,20713.145319612195,23302.288484563716,r1,-3342.597606018849,-52657.202749295495,-49314.60514327665,0.18037617522186236
567,w159872855,768.5454076524824,other,30902.518900127714,34336.13211125301,38628.14862515964,nr1,-5178.067505695764,-169702.8043245152,-164524.73681881942,0.18036897824725637
568,w159872857,315.41669200100006,mfh,33248.68266430212,36942.98073811347,41560.85333037765,r1,-5961.698094084077,-144070.4133251759,-138108.71523109183,0.18037617522186236
569,w159872858,136.24142913175746,other,12600.205042488164,14000.227824986849,15750.256303110204,nr1,-2111.307253187773,-80180.08246213704,-78068.77520894927,0.18036897824725637
570,w159872860,131.01957194106652,other,10778.366395040914,11975.96266115657,13472.957993801141,nr1,-1806.0375264235786,-60998.897112201295,-59192.85958577772,0.18036897824725637
571,w159872862,156.42902136784977,mfh,20547.76308719318,22830.847874659088,25684.703858991474,r1,-3684.3432647072646,-86520.14515072588,-82835.80188601861,0.18037617522186236
572,w159872865,158.90607472276315,mfh,21250.92912058293,23612.143467314363,26563.66140072866,r1,-3810.425360753289,-60027.07009092255,-56216.64473016926,0.18037617522186236
573,w159872867,192.56274920739233,mfh,23626.608294376343,26251.78699375149,29533.260367970426,r1,-4236.399590937325,-103054.5273616588,-98818.12777072148,0.18037617522186236
574,w159872868,54.98272090442479,other,4338.732794656411,4820.814216284901,5423.415993320514,nr0,-891.4290628570606,-30478.964004567242,-29587.534941710182,0.22116270977607513
575,w159872870,315.09365436807275,mfh,33572.70898486998,37303.00998318887,41965.886231087476,r1,-6019.798053028812,-144547.98129690497,-138528.18324387615,0.18037617522186236
576,w159872874,56.548262861557305,th,6258.9085433516675,6954.342825946297,7823.635679189584,r1,-1122.2617001307103,-42863.55034306938,-41741.28864293867,0.18037617522186236
577,w159872876,86.08918008172186,other,7937.8236826816055,8819.804091868451,9922.279603352006,nr1,-1330.0723805096043,-49358.559651133946,-48028.48727062434,0.18036897824725637
578,w159872878,413.8979488207959,mfh,49390.03592714167,54877.81769682407,61737.544908927084,r1,-8855.944340006077,-213390.91000879006,-204534.965668784,0.18037617522186236
579,w159872879,205.3686287334189,mfh,25436.2263636754,28262.47373741711,31795.282954594248,r1,-4560.87550186848,-116119.81454582149,-111558.93904395301,0.18037617522186236
580,w159872883,329.8948070596903,th,38258.33027645758,42509.25586273064,47822.91284557197,r1,-6859.959445457436,-182029.50660906942,-175169.54716361198,0.18037617522186236
581,w159872884,900.053558271192,other,37831.76819712391,42035.297996804344,47289.71024640488,nr1,-6339.141809690216,-226780.8008008799,-220441.65899118967,0.18036897824725637
582,w159872887,1008.3728146322071,other,88407.21114906944,98230.23461007715,110509.01393633679,nr2,-13636.847090844381,-392279.9072684837,-378643.06017763936,0.16604060147060518
583,w159872892,458.9937253634445,other,39649.09661200691,44054.55179111879,49561.370765008636,nr1,-6643.65579583794,-210932.73938087528,-204289.08358503736,0.18036897824725637
584,w159872895,353.7920229201671,th,49227.57275316536,54697.30305907262,61534.4659414567,r1,-8826.813670245938,-206235.5726819156,-197408.75901166967,0.18037617522186236
585,w159872899,2008.66189844124,other,87830.35072413228,97589.2785823692,109787.93840516535,nr2,-13547.866143415067,-418062.9255469411,-404515.0594035261,0.16604060147060518
587,w160025355,131.5437356668757,ab,15822.357973565722,17580.397748406358,19777.94746695715,r1,-2837.0483825574047,-87366.87876802131,-84529.83038546391,0.18037617522186236
588,w160025360,102.43726858533918,mfh,14598.10513130861,16220.116812565122,18247.63141413576,r1,-2617.532141566675,-69592.6447016362,-66975.11256006954,0.18037617522186236
589,w160025362,106.2412323884666,mfh,12893.32495058692,14325.916611763245,16116.65618823365,r1,-2311.8543239864657,-71272.68763385143,-68960.83330986496,0.18037617522186236
590,w160025367,104.2175793532282,mfh,14296.527182761089,15885.030203067876,17870.65897845136,r1,-2563.4573170322315,-67080.58968952911,-64517.132372496875,0.18037617522186236
591,w160025369,103.97346241511406,mfh,13712.751918131698,15236.391020146331,17140.939897664623,r1,-2458.7827373608047,-65215.64943513404,-62756.866697773236,0.18037617522186236
592,w160025373,103.9182820610702,mfh,12692.477684318626,14102.75298257625,15865.597105398283,r1,-2275.8411448598454,-59241.987740439145,-56966.146595579296,0.18037617522186236
593,w160025375,104.46434533819556,mfh,15200.83881015165,16889.8209001685,19001.048512689562,r1,-2725.606084245218,-42937.502239090776,-40211.896154845555,0.18037617522186236
594,w160025376,101.26918978765606,other,6767.594541506047,7519.5494905622745,8459.493176882557,nr1,-1133.9872163932778,-40688.1477163643,-39554.160499971025,0.18036897824725637
595,w160025380,128.15635424628857,th,16535.50385671767,18372.782063019633,20669.379820897087,r1,-2964.919928486519,-82596.39165649549,-79631.47172800897,0.18037617522186236
596,w160025381,64.08582323277369,th,8805.145795153388,9783.495327948209,11006.432243941736,r1,-1578.8180673232757,-55124.924968508865,-53546.10690118559,0.18037617522186236
597,w160025384,125.48521707579494,mfh,13228.087159594033,14697.874621771149,16535.10894949254,r1,-2371.8792953081675,-63999.07505690701,-61627.19576159884,0.18037617522186236
598,w160025385,125.6767025694251,mfh,12483.801305090501,13870.890338989446,15604.751631363126,r1,-2238.424156497164,-58360.625478874295,-56122.20132237713,0.18037617522186236
599,w160025388,125.67682776004075,mfh,12887.497210468891,14319.441344965435,16109.371513086113,r1,-2310.809373499096,-57885.66379752291,-55574.85442402381,0.18037617522186236
600,w160025389,125.54291224256157,mfh,15947.091501286146,17718.990556984605,19933.864376607682,r1,-2859.413889244911,-76264.07831687958,-73404.66442763466,0.18037617522186236
601,w160025392,101.23846836648882,other,7707.166695034264,8563.51855003807,9633.95836879283,nr1,-1291.4231863594978,-47194.71921191681,-45903.29602555731,0.18036897824725637
602,w160025393,241.441205301648,mfh,29760.98461218925,33067.76068021028,37201.23076523656,r1,-5336.331879128852,-136436.80818653392,-131100.47630740507,0.18037617522186236
603,w160025394,520.9474028991534,mfh,62962.95736238052,69958.84151375612,78703.69670297565,r2,-10392.398200463667,-163715.37456613116,-153322.97636566748,0.16604060147060518
604,w160025395,347.3527018059045,mfh,41270.74084393225,45856.37871548028,51588.42605491531,r1,-7400.103622597859,-209313.34612470883,-201913.24250211098,0.18037617522186236
605,w160025396,362.18757194392384,mfh,37666.70161233902,41851.89068037669,47083.37701542377,r1,-6753.876701822361,-163714.46691667364,-156960.59021485128,0.18037617522186236
606,w160025398,216.67090053744613,mfh,25759.482837806354,28621.647597562616,32199.353547257942,r1,-4618.837422501082,-120057.10774810304,-115438.27032560196,0.18037617522186236
607,w160025399,277.5212213275954,mfh,34672.16062353594,38524.62291503994,43340.20077941992,r1,-6216.936652622411,-97937.75152809068,-91720.81487546826,0.18037617522186236
608,w160025402,733.1297983160242,mfh,73752.53405858297,81947.26006509218,92190.66757322871,r2,-12173.27988294282,-291525.9399712807,-279352.6600883379,0.16604060147060518
609,w160025403,118.93753181435167,th,13366.26539456982,14851.405993966466,16707.831743212275,r1,-2396.655522637724,-63510.12934451787,-61113.47382188014,0.18037617522186236
610,w160025405,118.80893169231713,mfh,11413.826109522666,12682.02901058074,14267.282636903332,r1,-2046.570868698103,-49129.86407598341,-47083.29320728531,0.18037617522186236
611,w160025406,118.8714888818562,mfh,12694.703117102687,14105.225685669651,15868.378896378357,r1,-2276.240178966586,-52336.97490123391,-50060.73472226732,0.18037617522186236
612,w160025409,118.87152101863175,mfh,13545.552141340295,15050.613490378106,16931.94017667537,r1,-2428.8027649001574,-63607.40242980808,-61178.59966490792,0.18037617522186236
613,w160025412,678.325670054555,mfh,83112.16289052342,92346.84765613714,103890.20361315427,r2,-13718.140447071635,-216107.048471538,-202388.90802446636,0.16604060147060518
614,w160025415,1309.668819526094,mfh,134843.0872649352,149825.65251659465,168553.85908116898,r2,-22256.62700961948,-514434.2549023108,-492177.6278926913,0.16604060147060518
615,w160025422,678.3786613484378,mfh,78555.95700031816,87284.39666702018,98194.9462503977,r2,-12966.112463033485,-298579.3178022421,-285613.20533920865,0.16604060147060518
616,w160025427,555.729584345687,mfh,68356.5049155554,75951.67212839489,85445.63114444424,r2,-11282.63424136508,-177739.5992038997,-166456.96496253464,0.16604060147060518
617,w160025428,926.2977557130158,mfh,100962.61735123128,112180.68594581253,126203.2716890391,r2,-16664.460610326198,-390927.8356720713,-374263.3750617451,0.16604060147060518
618,w160025434,188.0208901744336,mfh,25126.424219116037,27918.249132351153,31408.030273895045,r1,-4505.326027219799,-112590.2805900255,-108084.95456280571,0.18037617522186236
619,w160025437,385.6369404070079,mfh,43222.04791881172,48024.497687568575,54027.55989851464,r1,-7749.985264127426,-184003.09942784774,-176253.1141637203,0.18037617522186236
620,w160025438,514.208815998584,mfh,66439.19135967275,73821.32373296973,83048.98919959094,r2,-10966.170612866834,-172754.22812046332,-161788.05750759647,0.16604060147060518
621,w160025439,231.99735509790483,mfh,23422.747428464972,26025.274920516636,29278.434285581214,r1,-4199.846054424825,-110360.08092017917,-106160.23486575435,0.18037617522186236
622,w160025441,239.19352681115268,mfh,29974.211052689745,33304.67894743305,37467.76381586218,r1,-5374.5647221191975,-84667.54830202728,-79292.98357990809,0.18037617522186236
623,w160025442,258.45977183450015,mfh,26407.168715404667,29341.29857267185,33008.96089425583,r1,-4734.971577379607,-114284.36394772245,-109549.39237034284,0.18037617522186236
624,w160025445,358.2598954875022,mfh,37036.861616907394,41152.06846323044,46296.07702113424,r1,-6640.942425951812,-162240.00139821283,-155599.05897226103,0.18037617522186236
625,w160025446,282.03160609211767,mfh,32653.249972380814,36281.3888582009,40816.56246547602,r1,-5854.933264318539,-92234.97540585425,-86380.04214153571,0.18037617522186236
626,w160025449,151.84076374266294,mfh,15398.815708212785,17109.79523134754,19248.51963526598,r1,-2761.1045882840253,-74592.31823189957,-71831.21364361554,0.18037617522186236
627,w160025451,187.46145662125198,mfh,22242.272514884975,24713.63612764997,27802.840643606218,r1,-3988.17947161732,-101308.99413523084,-97320.81466361352,0.18037617522186236
628,w160025452,105.00601281486452,mfh,13097.326417448377,14552.584908275974,16371.658021810472,r1,-2348.4330711343673,-62906.9678051636,-60558.534734029236,0.18037617522186236
629,w160025453,104.94913844838739,mfh,14710.976976171565,16345.52997352396,18388.721220214455,r1,-2637.7707738514273,-70043.55889168964,-67405.78811783821,0.18037617522186236
630,w160025454,86.96602670811116,mfh,9958.714429546208,11065.238255051341,12448.393036932759,r1,-1785.6601849040321,-59558.11786804669,-57772.45768314266,0.18037617522186236
631,w160025455,103.15431486908346,mfh,14454.34817374303,16060.386859714477,18067.935217178787,r1,-2591.7556141600658,-68975.1347544546,-66383.37914029454,0.18037617522186236
632,w160025456,162.83409464433788,mfh,15439.821255317227,17155.356950352474,19299.776569146532,r1,-2768.4571409998016,-64969.03503401915,-62200.57789301935,0.18037617522186236
633,w160025457,103.20248084068298,mfh,13888.002639595677,15431.114043995196,17360.003299494594,r1,-2490.206294879985,-65223.39477062992,-62733.188475749936,0.18037617522186236
634,w160025458,101.69107806179672,mfh,14620.583473797502,16245.09274866389,18275.729342246876,r1,-2621.562649870635,-103948.31794305219,-101326.75529318154,0.18037617522186236
635,w160025459,108.44199563004076,mfh,13875.057936342178,15416.731040380198,17343.82242042772,r1,-2487.8852281028726,-67659.60335290503,-65171.71812480216,0.18037617522186236
636,w160025462,124.9876569705084,mfh,15710.045915399749,17455.606572666387,19637.557394249685,r1,-2816.9101235511425,-75997.77399290793,-73180.86386935678,0.18037617522186236
637,w160025465,103.21026510931551,mfh,13114.320013160435,14571.466681289372,16392.90001645054,r1,-2351.480129816093,-58756.47847440222,-56404.99834458613,0.18037617522186236
638,w160025467,105.14285953305661,mfh,14341.115732538854,15934.573036154281,17926.394665673568,r1,-2571.4523246814656,-66962.82167792547,-64391.36935324401,0.18037617522186236
639,w160025469,108.37528205253183,mfh,12119.687617749969,13466.319575277743,15149.60952218746,r1,-2173.13628034986,-59665.11829482886,-57491.982014479,0.18037617522186236
640,w160025471,48.55004379618913,sfh,6829.869385996844,7588.743762218715,8537.336732496055,r1,-1224.6385732766958,-36881.780728831014,-35657.14215555432,0.18037617522186236
641,w160025472,101.69099241122603,mfh,13375.50809475645,14861.6756608405,16719.38511844556,r1,-2398.3127969617376,-37781.52744992185,-35383.214652960116,0.18037617522186236
642,w160025474,105.6897082787007,mfh,13340.076698786537,14822.307443096151,16675.09587348317,r1,-2391.9597246323074,-67546.65906806543,-65154.69934343312,0.18037617522186236
643,w160025476,96.35599186792969,mfh,11760.455718228655,13067.17302025406,14700.569647785818,r1,-2108.723739488209,-33219.52163567038,-31110.797896182172,0.18037617522186236
644,w160025477,108.4367577029392,mfh,13789.217767408181,15321.35307489798,17236.522209260227,r1,-2472.493545470011,-62550.19978262827,-60077.70623715826,0.18037617522186236
645,w160025481,105.0061043202877,mfh,13105.966754568803,14562.185282854225,16382.458443211002,r1,-2349.982337968881,-57703.46317742866,-55353.48083945978,0.18037617522186236
646,w160025482,103.2132654029876,mfh,14060.161845670413,15622.402050744902,17575.202307088013,r1,-2521.075524229536,-67762.75652744407,-65241.68100321454,0.18037617522186236
647,w160025484,128.51466068420558,mfh,13247.347808026228,14719.275342251365,16559.184760032786,r1,-2375.3328508131594,-55676.18017286407,-53300.84732205091,0.18037617522186236
648,w160025486,101.26240085978061,mfh,13302.68360909849,14780.75956566499,16628.354511373112,r1,-2385.254908270832,-61162.0583895869,-58776.80348131606,0.18037617522186236
649,w160025487,105.13472320698202,mfh,14158.708934601254,15731.898816223616,17698.386168251567,r1,-2538.7456376048044,-67651.75662996984,-65113.01099236503,0.18037617522186236
650,w160025490,87.12732640933245,mfh,12040.780464448602,13378.644960498446,15050.975580560753,r1,-2158.9877310615766,-92060.39128401305,-89901.40355295148,0.18037617522186236
651,w160025492,101.576605540514,mfh,13964.916070301266,15516.57341144585,17456.145087876583,r1,-2503.9973571568457,-65842.26092900395,-63338.26357184711,0.18037617522186236
652,w160025494,105.68961535468698,mfh,14285.138779463909,15872.376421626564,17856.423474329884,r1,-2561.4153046338165,-67629.40240914363,-65067.98710450981,0.18037617522186236
653,w160025496,100.3227494932711,mfh,13748.271791453237,15275.857546059151,17185.339739316543,r1,-2465.151674236324,-66076.38491551577,-63611.23324127944,0.18037617522186236
654,w160025498,53.38166442215442,th,6600.947610690868,7334.386234100964,8251.184513363583,r1,-1183.5914579574096,-42564.94175307797,-41381.35029512056,0.18037617522186236
655,w160025500,108.55102695096282,mfh,13356.061664075802,14840.06851563978,16695.07708009475,r1,-2394.825929530144,-59797.073612956134,-57402.24768342599,0.18037617522186236
656,w160025504,103.15687311664223,mfh,13210.204122827778,14678.004580919753,16512.75515353472,r1,-2368.6727542466083,-58812.31795832329,-56443.64520407668,0.18037617522186236
657,w160025505,103.09466042611747,mfh,11999.591279695112,13332.879199661236,14999.48909961889,r1,-2151.6022509593713,-58429.41949788651,-56277.81724692714,0.18037617522186236
658,w160025507,85.83866344131528,mfh,11973.740029139291,13304.155587932546,14967.175036424114,r1,-2146.966959007374,-60635.64856201526,-58488.681603007884,0.18037617522186236
659,w160025509,108.27769679883495,mfh,14945.057217444468,16605.61913049385,18681.321521805585,r1,-2679.742834589873,-73238.55191860744,-70558.80908401757,0.18037617522186236
660,w160025513,105.03020258601755,mfh,11679.227174263047,12976.919082514496,14599.03396782881,r1,-2094.1589502412376,-53465.99641439151,-51371.837464150274,0.18037617522186236
661,w160025515,104.96566433478147,mfh,13255.429579015141,14728.255087794601,16569.286973768925,r1,-2376.7819632242554,-58065.406273248125,-55688.62431002387,0.18037617522186236
662,w160025517,132.51887063886969,mfh,14316.368058185923,15907.07562020658,17895.460072732403,r1,-2567.0149108893916,-62417.0691153166,-59850.05420442721,0.18037617522186236
663,w160032048,197.876624872908,mfh,22760.163304132715,25289.070337925237,28450.204130165894,r1,-4081.04055012606,-102991.00664649993,-98909.96609637387,0.18037617522186236
664,w160032049,177.6117346536368,mfh,20420.46582699145,22689.406474434945,25525.582283739313,r1,-3661.518064647787,-118735.25633588676,-115073.73827123898,0.18037617522186236
665,w160032050,605.1206229591743,mfh,68794.57954872533,76438.42172080593,85993.22443590667,r2,-11354.940978852354,-269615.1566421818,-258260.21566332944,0.16604060147060518
666,w160032051,604.9254235289991,mfh,66484.26842234895,73871.4093581655,83105.33552793619,r2,-10973.610841291018,-254432.80547216127,-243459.19463087025,0.16604060147060518
667,w160032052,558.9287057133391,mfh,63671.536875409336,70746.15208378815,79589.42109426166,r2,-10509.353323992953,-258781.4099933745,-248272.05666938153,0.16604060147060518
668,w160032053,914.9869650162756,mfh,118384.96876544278,131538.85418382531,147981.21095680346,r2,-19540.11990381863,-307822.890098462,-288282.77019464335,0.16604060147060518
669,w160032054,558.7663555394857,mfh,60610.35153484233,67344.8350387137,75762.93941855291,r2,-10004.087079246923,-238748.14740969575,-228744.06033044882,0.16604060147060518
670,w160032055,915.1860893286764,mfh,117551.19343225891,130612.43714695434,146938.99179032363,r2,-19402.50049019578,-305654.9194901157,-286252.41899991996,0.16604060147060518
671,w160032056,579.5610938113182,mfh,57693.31188162339,64103.67986847043,72116.63985202923,r2,-9522.61290915169,-211304.3597370334,-201781.74682788173,0.16604060147060518
672,w160032057,300.306428108085,mfh,37313.43611538925,41459.37346154361,46641.79514423657,r1,-6690.533974498842,-105398.50904035165,-98707.9750658528,0.18037617522186236
673,w160032058,579.3688813976943,mfh,57693.4417204568,64103.82413384089,72116.80215057099,r2,-9522.63433979782,-223423.57745652823,-213900.94311673043,0.16604060147060518
674,w160032059,915.3225905947387,mfh,92194.63134061452,102438.47926734947,115243.28917576815,r2,-15217.254096280409,-239723.15207565748,-224505.89797937707,0.16604060147060518
675,w160032060,914.9022733874618,mfh,89683.02969465003,99647.81077183336,112103.78711831254,r2,-14802.69980087817,-328249.33425394667,-313446.6344530685,0.16604060147060518
676,w160032061,434.5004198986106,mfh,54507.02112981529,60563.35681090588,68133.77641226912,r2,-8996.697296823273,-141728.37100697376,-132731.67371015047,0.16604060147060518
677,w160032062,579.3681231357157,mfh,63760.568600850966,70845.07622316774,79700.7107510637,r2,-10524.048522281342,-165789.31181645425,-155265.2632941729,0.16604060147060518
678,w160032063,157.0142166607082,mfh,21768.76703500984,24187.51892778871,27210.9587937623,r1,-3903.2769584738207,-97888.4448858372,-93985.16792736338,0.18037617522186236
679,w160032064,245.02896427586674,mfh,31648.601750868154,35165.11305652017,39560.75218858519,r1,-5674.79351418499,-134494.84417347578,-128820.05065929079,0.18037617522186236
680,w160032065,177.6155174203217,mfh,23633.30432957042,26259.22703285602,29541.630411963022,r1,-4237.600232197538,-108227.34122897072,-103989.74099677318,0.18037617522186236
681,w160032066,915.0334876678884,mfh,90981.15204470573,101090.16893856191,113726.44005588215,r2,-15016.962360005688,-336032.82651240233,-321015.8641523966,0.16604060147060518
682,w160032067,686.1767572972923,mfh,82068.33429355826,91187.03810395363,102585.41786694783,r2,-13545.850534285953,-322110.6910411138,-308564.84050682787,0.16604060147060518
683,w160032068,579.4084268193692,mfh,55797.50842459628,61997.23158288475,69746.88553074535,r2,-9209.699646169971,-206697.2772002821,-197487.57755411213,0.16604060147060518
684,w160032069,582.2339869499207,mfh,56337.525071553566,62597.25007950396,70421.90633944195,r2,-9298.83249928167,-205793.79515037386,-196494.96265109218,0.16604060147060518
685,w160032070,655.6557445708662,mfh,64738.30461673968,71931.4495741552,80922.8807709246,r2,-10685.429474474697,-242108.79689882678,-231423.3674243521,0.16604060147060518
686,w160032071,187.63290931591763,mfh,21296.262178485253,23662.513531650282,26620.327723106566,r1,-3818.5538633957553,-95877.26800992097,-92058.7141465252,0.18037617522186236
687,w160032072,300.05888833065984,mfh,31840.051021962732,35377.83446884748,39800.06377745341,r1,-5709.12157361887,-130835.84413592627,-125126.72256230739,0.18037617522186236
688,w160032074,652.9879129000007,mfh,66119.07190804384,73465.63545338204,82648.8398850548,r2,-10913.333056430361,-252855.92686043782,-241942.59380400745,0.16604060147060518
689,w160032075,187.48918503960593,mfh,19824.58853199762,22027.320591108466,24780.73566499702,r1,-3554.6735147526774,-94662.52842266967,-91107.85490791699,0.18037617522186236
690,w160032079,410.4375718038529,mfh,56450.435111772305,62722.70567974701,70563.04388971538,r2,-9317.4689507436,-146781.60804223488,-137464.13909149126,0.16604060147060518
691,w160032080,367.35827468354256,mfh,37513.62238413698,41681.802649041085,46892.027980171224,r1,-6726.428632609207,-161173.3855552015,-154446.9569225923,0.18037617522186236
692,w160032082,146.62608959153295,mfh,18641.24062010344,20712.48957789271,23301.550775129297,r1,-3342.4917852626145,-88508.72008927599,-85166.22830401338,0.18037617522186236
693,w160032083,292.00384606306903,mfh,30643.0030164966,34047.781129440664,38303.75377062075,r1,-5494.483331112598,-128058.83615912618,-122564.35282801358,0.18037617522186236
694,w160032087,547.5336022242903,mfh,60767.66004008141,67519.62226675713,75959.57505010176,r2,-10030.051752687456,-158007.19409843665,-147977.1423457492,0.16604060147060518
695,w160032089,324.3052944285795,mfh,36712.527765060455,40791.69751673384,45890.65970632557,r1,-6582.787324712903,-166945.6514160912,-160362.8640913783,0.18037617522186236
696,w160032093,651.9691053661052,mfh,70334.93715781553,78149.93017535059,87918.6714472694,r2,-11609.185860531685,-267892.36804642156,-256283.18218588986,0.16604060147060518
697,w160032096,417.5862662355881,mfh,47555.89860683755,52839.88734093061,59444.87325854694,r1,-8527.071973026992,-205899.63521342663,-197372.56324039964,0.18037617522186236
698,w160032097,55.47504670508206,th,7948.649698139474,8831.832997932748,9935.812122674342,r1,-1425.2429256939618,-50009.64162162364,-48584.398695929674,0.18037617522186236
699,w160032099,154.26596265360712,mfh,19916.581628132146,22129.53514236905,24895.727035165182,r1,-3571.168455963775,-87431.6426009068,-83860.47414494301,0.18037617522186236
700,w160032101,417.4909567882307,mfh,46112.95125263289,51236.61250292543,57641.18906579111,r1,-8268.342429415277,-197297.59078451272,-189029.24835509746,0.18037617522186236
701,w160032104,110.95144802480935,th,12429.560392323068,13810.622658136743,15536.950490403835,r1,-2228.698419404603,-62378.90694690546,-60150.20852750086,0.18037617522186236
702,w160032105,152.98637234792113,mfh,20848.956423449432,23165.507137166034,26061.19552931179,r1,-3738.3491258368426,-58891.62593558447,-55153.27680974762,0.18037617522186236
703,w160032106,115.7174410201609,mfh,13210.000451569256,14677.778279521395,16512.50056446157,r1,-2368.636234707894,-74286.60935068563,-71917.97311597773,0.18037617522186236
704,w160032107,169.80155310891567,th,20257.197734231464,22507.997482479404,25321.49716778933,r1,-3632.243067882968,-57220.097123218606,-53587.854055335636,0.18037617522186236
705,w160032108,125.84912734059617,mfh,15892.879065874109,17658.7545176379,19866.098832342635,r1,-2849.6932583214316,-75316.27150959818,-72466.57825127675,0.18037617522186236
706,w160032109,117.1162128248019,mfh,12173.84675432335,13526.49639369261,15217.308442904186,r1,-2182.847354456066,-61047.158466045556,-58864.311111589486,0.18037617522186236
707,w160032110,214.96215275530702,mfh,27759.583627761367,30843.98180862374,34699.479534701706,r1,-4977.468084288269,-124311.99116774825,-119334.52308345998,0.18037617522186236
708,w160032111,253.8681676615961,th,29680.37219464188,32978.191327379864,37100.46524330235,r1,-5321.877565227035,-137716.38551832997,-132394.50795310293,0.18037617522186236
709,w160032112,125.84912488418631,th,14784.277193453934,16426.97465939326,18480.346491817418,r1,-2650.913964217205,-69292.85545986185,-66641.94149564464,0.18037617522186236
710,w160032113,105.45346036842092,mfh,13847.210707174945,15385.789674638827,17309.01338396868,r1,-2482.8920446216493,-66006.32543343517,-63523.433388813515,0.18037617522186236
711,w160032114,381.28189064939505,mfh,38441.58971886041,42712.87746540045,48051.98714857551,r1,-6892.819017053903,-160481.45049841513,-153588.63148136123,0.18037617522186236
712,w160032115,139.91205219514669,mfh,18194.998750903073,20216.66527878119,22743.748438628838,r1,-3262.4778091309017,-83437.54790662916,-80175.07009749826,0.18037617522186236
713,w160032116,192.1807412372902,mfh,25401.90433957016,28224.338155077952,31752.3804244627,r1,-4554.7213468976115,-71752.24591744633,-67197.52457054872,0.18037617522186236
714,w160032117,302.6253065098543,mfh,38132.472874110405,42369.414304567115,47665.591092638,r1,-6837.392420974836,-107712.02562326555,-100874.63320229072,0.18037617522186236
715,w160032118,188.54685349911452,mfh,24193.179771566014,26881.31085729557,30241.474714457516,r1,-4337.989423227152,-111212.36322691316,-106874.37380368602,0.18037617522186236
716,w160032119,301.6826584111899,mfh,37828.96424629396,42032.182495882174,47286.20530786744,r1,-6782.971413494318,-161520.9159434221,-154737.94452992777,0.18037617522186236
717,w160032121,128.1140758719295,mfh,17251.90075647625,19168.778618306944,21564.87594559531,r1,-3093.374402157563,-77768.45090896863,-74675.07650681106,0.18037617522186236
718,w160032123,387.4767547928728,mfh,54442.01474559972,60491.1274951108,68052.51843199965,r2,-8985.967619269335,-236959.13227669743,-227973.1646574281,0.16604060147060518
719,w160032125,297.0948597435839,mfh,31398.011390583837,34886.67932287093,39247.51423822979,r1,-5629.861085180613,-135225.61204130272,-129595.75095612211,0.18037617522186236
720,w160032126,464.2806208854541,mfh,50568.14004669606,56186.82227410674,63210.17505837008,r2,-8346.562322310361,-201461.39145263613,-193114.82913032576,0.16604060147060518
721,w160032127,228.89082276217522,mfh,26202.43345212795,29113.81494680883,32753.041815159933,r1,-4698.26125591538,-125637.64681095228,-120939.3855550369,0.18037617522186236
722,w160032128,268.14993185095955,mfh,30473.596445371426,33859.55160596825,38091.99555671428,r1,-5464.107666536671,-170510.93062499474,-165046.82295845807,0.18037617522186236
723,w160032129,100.24086796883493,mfh,13847.774666178364,15386.416295753737,17309.718332722954,r1,-2482.9931660209472,-65692.79611563096,-63209.80294961001,0.18037617522186236
724,w160032130,150.2635816658847,mfh,14029.486662093666,15588.318513437407,17536.858327617083,r1,-2515.5752707214015,-61547.332422290405,-59031.75715156901,0.18037617522186236
725,w160032131,100.12314690686762,mfh,14135.939899488163,15706.599888320181,17669.924874360204,r1,-2534.6630062834856,-67160.88742698604,-64626.22442070255,0.18037617522186236
726,w160032132,257.78643680289383,mfh,32040.0698986087,35600.07766512078,40050.087373260874,r1,-5744.986217271697,-144718.93055036085,-138973.94433308917,0.18037617522186236
727,w160032133,136.6476590367034,mfh,17304.298376071107,19226.998195634562,21630.372970088883,r1,-3102.7696251811985,-77695.83445072637,-74593.06482554517,0.18037617522186236
728,w160032134,132.71697852164507,th,15243.003074861019,16936.67008317891,19053.753843576273,r1,-2733.166402321404,-75019.49061627724,-72286.32421395583,0.18037617522186236
729,w160032135,165.9338162511587,mfh,22655.11538553312,25172.350428370133,28318.8942319164,r1,-4062.2047970700423,-103825.6247008093,-99763.41990373927,0.18037617522186236
730,w160032136,153.4784858365543,mfh,20651.507489251788,22946.119432501986,25814.384361564735,r1,-3702.9452890421644,-101989.02453013124,-98286.07924108907,0.18037617522186236
731,w160032137,244.7570460377261,mfh,31882.694606522888,35425.21622946987,39853.368258153605,r1,-5716.767836761504,-137642.60775520178,-131925.83991844027,0.18037617522186236
732,w160032138,345.56507694348693,mfh,33660.554635708184,37400.61626189798,42075.693294635224,r1,-6035.549331191119,-141798.16671084933,-135762.61737965822,0.18037617522186236
733,w160032139,170.051029805094,mfh,20953.231302739754,23281.36811415528,26191.53912842469,r1,-3757.0462680786136,-93499.9136684609,-89742.86740038228,0.18037617522186236
734,w160032140,210.13578363517297,mfh,25061.983224774885,27846.648027527648,31327.479030968607,r1,-4493.771351294035,-119841.43919203631,-115347.66784074227,0.18037617522186236
735,w160032141,252.5825279586017,mfh,26752.030081941455,29724.477868823837,33440.03760242682,r1,-4796.807391218122,-115731.16322087422,-110934.3558296561,0.18037617522186236
736,w160032142,252.46278136584442,mfh,34459.97295454553,38288.858838383916,43074.96619318191,r1,-6178.890067902634,-97338.3893069546,-91159.49923905198,0.18037617522186236
737,w160032143,236.73276664549485,mfh,29576.02728282697,32862.25253647441,36970.03410353371,r1,-5303.167865712769,-127469.60314436667,-122166.43527865391,0.18037617522186236
738,w160032144,216.15235636769793,mfh,24178.437367510116,26864.93040834457,30223.046709387643,r1,-4335.3460173800795,-110028.75492985344,-105693.40891247336,0.18037617522186236
739,w160032145,143.2480424195528,mfh,18000.89068230275,20000.989647003054,22501.113352878438,r1,-3227.67301056776,-50846.75218454552,-47619.07917397776,0.18037617522186236
740,w160032146,425.3107569515705,mfh,43179.60460429989,47977.3384492221,53974.50575537486,r1,-7742.374910665108,-186335.62800926325,-178593.25309859816,0.18037617522186236
741,w160032147,237.48158785337583,mfh,32014.72814949744,35571.92016610827,40018.4101868718,r1,-5740.442282135898,-146099.805983741,-140359.36370160512,0.18037617522186236
742,w160032148,183.97369813346305,th,23560.800292201195,26178.66699133466,29451.000365251493,r1,-4224.599801901946,-106450.36716717739,-102225.76736527545,0.18037617522186236
743,w160032149,343.71558685973287,mfh,34361.6584028396,38179.620447599555,42952.0730035495,r1,-6161.261649915559,-148144.00850504,-141982.74685512442,0.18037617522186236
744,w160032150,136.78365420317277,mfh,19017.245100468906,21130.27233385434,23771.556375586133,r1,-3409.9117554489408,-88362.3568461111,-84952.44509066216,0.18037617522186236
745,w160032151,156.68413198292254,mfh,18994.198311231074,21104.66479025675,23742.74788903884,r1,-3405.7793210646623,-99659.91531322412,-96254.13599215946,0.18037617522186236
746,w160032152,131.687454425171,th,16816.435705141692,18684.928561268545,21020.544631427114,r1,-3015.2927773066385,-47501.046143640015,-44485.753366333374,0.18037617522186236
747,w160032153,131.7784823913127,mfh,14664.81319433541,16294.236882594898,18331.01649291926,r1,-2629.4933171784205,-61154.68368942489,-58525.19037224647,0.18037617522186236
748,w160032155,131.65618118494749,mfh,16155.971644692994,17951.079605214436,20194.96455586624,r1,-2896.867413807484,-71217.85055503811,-68320.98314123062,0.18037617522186236
749,w160032156,597.6746075108182,mfh,62825.58869422202,69806.20966024668,78531.98586777752,r2,-10369.724711803437,-259981.17020291236,-249611.44549110893,0.16604060147060518
750,w160032157,145.99030133634804,mfh,18497.65764028637,20552.95293365152,23122.072050357958,r1,-3316.74645316146,-119829.62623354365,-116512.8797803822,0.18037617522186236
751,w160032158,192.3817300193943,mfh,24447.84564861781,27164.27294290868,30559.807060772262,r1,-4383.652618042326,-106397.82344681468,-102014.17082877236,0.18037617522186236
752,w160032159,156.72131929650496,mfh,19753.449044420944,21948.276716023272,24691.81130552618,r1,-3541.9177568243995,-85315.93512040579,-81774.01736358138,0.18037617522186236
753,w160032160,462.61881872685626,other,21516.45961733097,23907.177352589966,26895.57452166371,nr1,-3605.326826016638,-110737.26852872781,-107131.94170271118,0.18036897824725637
754,w160032161,876.0951372385025,trade,41598.98809684389,46221.0978853821,51998.73512105486,nr1,-6970.382227747848,-109812.27359697038,-102841.89136922253,0.18036897824725637
755,w160032162,197.75498196221892,mfh,21819.024375477275,24243.36041719697,27273.78046934659,r1,-3912.2884159773726,-96241.20946247414,-92328.92104649678,0.18037617522186236
756,w160032163,355.37988740094,mfh,43004.925360010486,47783.25040001165,53756.1567000131,r1,-7711.053822600639,-181782.86417797906,-174071.81035537843,0.18037617522186236
757,w160032164,218.83437259588393,mfh,24626.450963512878,27362.723292792085,30783.063704391097,r1,-4415.67767528005,-110736.7967262159,-106321.11905093586,0.18037617522186236
758,w160032165,192.38173281145282,mfh,24614.11645560697,27349.018284007743,30767.645569508713,r1,-4413.466020369792,-106143.31476958471,-101729.84874921493,0.18037617522186236
759,w160032166,5513.669180350005,other,296885.1769801247,329872.41886680527,371106.47122515587,nr2,-45794.65531595211,-1242874.1417656983,-1197079.4864497462,0.16604060147060518
760,w160032167,119.51807446111924,mfh,13433.338114289052,14925.931238098947,16791.672642861315,r1,-2408.682083489848,-60934.527003988645,-58525.8449204988,0.18037617522186236
761,w160032168,107.41719602905214,th,13873.999853026246,15415.555392251383,17342.499816282805,r1,-2487.6955071039483,-39189.60704698877,-36701.91153988482,0.18037617522186236
763,w160032170,37.81535124108195,sfh,4769.791538029326,5299.76837558814,5962.239422536657,r0,-1049.4597158627487,-32720.398421913145,-31670.938706050398,0.22133495736831146
764,w160032171,82.13437312801835,th,9646.465808249995,10718.295342499994,12058.082260312494,r1,-1729.6720415764569,-46866.267430353335,-45136.59538877688,0.18037617522186236
765,w160032172,100.39566505721304,th,14312.979822175337,15903.310913528152,17891.22477771917,r1,-2566.4073788445717,-71830.48052578823,-69264.07314694366,0.18037617522186236
766,w160032173,119.7984774223063,mfh,12295.751901574888,13661.94655730543,15369.689876968609,r1,-2204.7057147215332,-54219.3993263363,-52014.69361161477,0.18037617522186236
767,w160032174,119.65868240431882,mfh,13051.979082176204,14502.19898019578,16314.973852720253,r1,-2340.302008469614,-56881.65775223601,-54541.3557437664,0.18037617522186236
768,w160032175,69.26172256879508,th,7386.415528105403,8207.128364561559,9233.019410131752,r1,-1324.4307998794304,-42019.21034222669,-40694.779542347256,0.18037617522186236
769,w160032176,103.52918697646818,th,13372.589931875937,14858.433257639928,16715.73741484492,r1,-2397.7895519881354,-64462.65156504621,-62064.862013058075,0.18037617522186236
770,w160032177,62.96843930834439,th,7111.322358229594,7901.469286921771,8889.152947786992,r1,-1275.1048628760677,-20087.20857400719,-18812.10371113112,0.18037617522186236
771,w160032178,300.84989367914386,mfh,31793.30178992664,35325.89087769627,39741.6272374083,r1,-5700.739142039749,-145389.51363192376,-139688.774489884,0.18037617522186236
772,w160127708,318.335366258584,mfh,40928.439383668316,45476.04375963146,51160.54922958539,r1,-7338.726816068054,-187329.76502837217,-179991.03821230412,0.18037617522186236
773,w160127710,130.057766958978,mfh,19160.41845180246,21289.353835336067,23950.523064753073,r1,-3435.5836385844887,-54122.04684564884,-50686.46320706435,0.18037617522186236
774,w160127712,149.28690248169005,mfh,19893.976263748034,22104.41807083115,24867.470329685042,r1,-3567.115171834431,-94187.86712078327,-90620.75194894883,0.18037617522186236
775,w160127717,149.4986190713942,mfh,20018.073736971855,22242.30415219095,25022.59217121482,r1,-3589.3666299468878,-94544.98490109252,-90955.61827114563,0.18037617522186236
776,w160127718,161.62649620659647,mfh,19998.168014560528,22220.18668284503,24997.710018200658,r1,-3585.797408616853,-94256.04250442622,-90670.24509580937,0.18037617522186236
777,w160127719,242.7560603125021,mfh,26016.569220877962,28907.299134308847,32520.71152609745,r1,-4664.934629282106,-115052.73781715686,-110387.80318787476,0.18037617522186236
778,w164087844,70.24407002975931,other,5531.1032271675895,6145.670252408432,6913.879033959486,nr1,-926.7990736873913,-39361.37981412691,-38434.58074043952,0.18036897824725637
779,w164087850,88.49543042890728,other,9571.515035104732,10635.016705671924,11964.393793880914,nr1,-1603.8158942230898,-65349.73868692292,-63745.922792699836,0.18036897824725637
780,w164087857,77.59434223277493,other,5732.685063821826,6369.65007091314,7165.856329777282,nr1,-960.5763965487151,-37907.378835454736,-36946.80243890602,0.18036897824725637
786,w164088149,49.229225591477004,other,5037.637509600219,5597.37501066691,6297.046887000274,nr1,-844.1132963380284,-36624.481703816324,-35780.368407478294,0.18036897824725637
788,w164088153,80.69597001839429,other,6314.859681225849,7016.51075691761,7893.574601532311,nr1,-1058.1263561090723,-47575.45780609056,-46517.33144998149,0.18036897824725637
791,w164088159,54.065223559696456,other,5119.410322922457,5688.233692136064,6399.262903653072,nr1,-857.8152585917092,-34419.95911514864,-33562.143856556926,0.18036897824725637
793,w164088169,56.479432658094446,other,4565.7132450906565,5073.014716767396,5707.14155636332,nr0,-938.0641011951375,-37239.87820914801,-36301.81410795287,0.22116270977607513
795,w164088175,32.08830586867407,other,2825.594723491785,3139.54969276865,3531.993404364731,nr0,-580.5421480387814,-23527.845389811933,-22947.303241773152,0.22116270977607513
799,w164088182,35.81288355943252,other,2845.4381235960636,3161.597915106737,3556.7976544950793,nr0,-584.6191411139577,-23858.91149328468,-23274.29235217072,0.22116270977607513
800,w359788107,586.4023264580406,other,46109.15580262688,51232.39533625209,57636.4447532836,nr1,-7726.111976446646,-229852.3626244225,-222126.25064797586,0.18036897824725637
801,w377595955,68.13203878551721,other,5269.498540512313,5854.998378347015,6586.873175640391,nr1,-882.9642415921409,-13910.329119122896,-13027.364877530756,0.18036897824725637
802,w377595956,85.03076633159071,other,6722.920315991011,7469.911462212234,8403.650394988763,nr1,-1126.5015432599923,-44088.63866773901,-42962.13712447902,0.18036897824725637
805,w377595969,38.68702136902139,other,3090.1691164444,3433.521240493778,3862.7113955555,nr0,-634.9011773517175,-24276.62022557497,-23641.719048223255,0.22116270977607513
814,w377595984,35.49371746703982,other,2841.029831970761,3156.699813300845,3551.287289963451,nr0,-583.7134206056138,-20749.801612438525,-20166.08819183291,0.22116270977607513
818,w377595990,36.364706988167015,other,2791.57936980043,3101.754855333811,3489.474212250537,nr0,-573.5534081695778,-19826.93646140577,-19253.383053236194,0.22116270977607513
819,w377595993,54.98309161569923,other,4220.0307815631595,4688.923090625733,5275.038476953949,nr0,-867.040738132089,-29588.9706197411,-28721.929881609012,0.22116270977607513
823,w377596001,68.93592455182224,other,4836.798385703419,5374.220428559354,6045.997982129273,nr0,-993.7608182523691,-34258.44466151682,-33264.68384326445,0.22116270977607513
825,w377596004,35.535723760165276,other,2630.7606042728767,2923.067338080974,3288.450755341096,nr0,-540.5118432175676,-21192.912459572257,-20652.40061635469,0.22116270977607513
827,w377596008,41.66994294051546,other,3243.63691899437,3604.041021104855,4054.546148742962,nr0,-666.4324252714654,-24811.11005696845,-24144.677631696984,0.22116270977607513
831,w377596012,33.714099188242116,other,2925.7385905314077,3250.8206561460083,3657.1732381642596,nr0,-601.1175459190009,-22516.966336862904,-21915.848790943903,0.22116270977607513
836,w377596021,41.97082374822348,other,3488.321395519886,3875.9126616887625,4360.401744399857,nr0,-716.7049043403416,-24729.632022525235,-24012.927118184893,0.22116270977607513
838,w377596023,32.13139781658538,other,2490.0711216668888,2766.7456907409874,3112.5889020836107,nr0,-511.60600836464425,-20076.921657436884,-19565.31564907224,0.22116270977607513
844,w377596038,30.39147779517807,other,2398.685899783123,2665.2065553145812,2998.357374728904,nr0,-492.83014763333586,-7764.107797892329,-7271.277650258993,0.22116270977607513
847,w377596043,50.74534401865676,other,3919.317771017566,4354.797523352851,4899.1472137719575,nr0,-805.2567265631509,-27751.288226845336,-26946.031500282184,0.22116270977607513
848,w377596044,31.44567816138733,other,2904.869813374752,3227.633125971947,3631.08726671844,nr0,-596.829880523556,-21025.600186630058,-20428.7703061065,0.22116270977607513
861,w377596072,32.00744857888203,other,2718.9974702297686,3021.108300255298,3398.7468377872106,nr0,-558.640847803024,-21527.71234823353,-20969.071500430506,0.22116270977607513
863,w377596074,30.798605113010854,other,2855.316162411527,3172.5735137905854,3569.1452030144083,nr0,-586.6486670840702,-22072.951984154177,-21486.303317070106,0.22116270977607513
877,w377596096,31.32093481458723,other,2660.043472138398,2955.603857931553,3325.0543401729974,nr0,-546.5282541593242,-19477.23943894404,-18930.71118478472,0.22116270977607513
882,w377596101,34.10184732507914,other,2734.2308274665847,3038.0342527406497,3417.788534333231,nr0,-561.7706688840794,-20757.22299093706,-20195.45232205298,0.22116270977607513
886,w377596106,35.077698366669935,other,2779.2898943774467,3088.099882641607,3474.112367971808,nr0,-571.0284323119247,-20643.65632484293,-20072.627892531007,0.22116270977607513
893,w377596115,40.14825235735625,other,3192.6172371227067,3547.352485691896,3990.771546403383,nr0,-655.9500034790618,-24758.2479882714,-24102.297984792338,0.22116270977607513
895,w377596117,32.339281557500364,other,2797.665055321845,3108.5167281353833,3497.081319152306,nr0,-574.8037633303933,-21329.236825815136,-20754.433062484743,0.22116270977607513
899,w377596123,32.752713098051025,other,2913.410473739367,3237.1227485992963,3641.7630921742084,nr0,-598.5846308678007,-22953.348410957176,-22354.763780089375,0.22116270977607513
901,w377596125,37.63718191203661,other,2922.0877489035165,3246.7641654483514,3652.6096861293954,nr0,-600.367449869067,-22287.53719900026,-21687.169749131193,0.22116270977607513
909,w377596135,73.15242530554532,other,5088.204744337678,5653.560827041864,6360.255930422097,nr1,-852.5864099988647,-32335.398901421773,-31482.81249142291,0.18036897824725637
916,w377596142,40.572792674647644,other,3113.8461841117532,3459.8290934575034,3892.3077301396916,nr0,-639.7658295994675,-24168.896131631587,-23529.13030203212,0.22116270977607513
917,w377596143,37.61386710904771,other,2745.329396719578,3050.3659963550867,3431.6617458994724,nr0,-564.0509630751471,-21598.177538731397,-21034.12657565625,0.22116270977607513
918,w377596145,32.806498026452026,other,2693.449218590027,2992.721353988919,3366.811523237534,nr0,-553.3917451053655,-19412.86542261157,-18859.473677506205,0.22116270977607513
919,w377596147,34.850180151499806,other,2595.9189583634725,2884.354398181636,3244.8986979543406,nr0,-533.3533346780075,-8402.51515596464,-7869.161821286632,0.22116270977607513
929,w377596159,36.51154847629368,other,2488.2164818409556,2764.684979823284,3110.2706023011942,nr0,-511.22495704846153,-19768.554769547816,-19257.329812499356,0.22116270977607513
931,w377596161,32.13265920560807,other,2649.7963962137605,2944.2182180152895,3312.2454952672006,nr0,-544.4229064182107,-20718.99013033202,-20174.567223913808,0.22116270977607513
934,w377596166,38.724472055921794,other,2981.905002903568,3313.227781003964,3727.38125362946,nr0,-612.6574066835592,-9651.881427122664,-9039.224020439106,0.22116270977607513
935,w377596167,41.94859704792034,other,3114.8432704850466,3460.9369672056073,3893.554088106308,nr0,-639.9706893623058,-25233.228862304088,-24593.258172941783,0.22116270977607513
936,w377596168,31.29673577034846,other,2563.979256552608,2848.865840614009,3204.97407069076,nr0,-526.7910549063057,-19719.7910402969,-19192.999985390594,0.22116270977607513
937,w377596169,36.7579496475868,other,3082.2442820121273,3424.7158689023636,3852.805352515159,nr0,-633.2729536132197,-22223.07359354781,-21589.80063993459,0.22116270977607513
940,w379327852,945.496160332486,other,38030.77627777757,42256.41808641952,47538.47034722196,nr1,-6372.487870544801,-248216.9959604446,-241844.50808989978,0.18036897824725637
941,w379327862,94.51021252730861,other,9084.066665311519,10093.407405901688,11355.083331639398,nr1,-1522.1383917357382,-59263.90902194422,-57741.770630208484,0.18036897824725637
942,w387435839,3594.435384737421,other,196483.33588232234,218314.8176470248,245604.1698529029,nr2,-30307.631837953864,-871559.9893359381,-841252.3574979843,0.16604060147060518
943,w387435840,942.2609318409114,other,56823.35165188755,63137.05739098616,71029.18956485944,nr2,-8765.024341277689,-294164.71691064327,-285399.6925693656,0.16604060147060518
944,w390787314,132.5826213063672,other,9844.203167691367,10938.003519657073,12305.253959614207,nr1,-1649.5078833809662,-55511.20869409529,-53861.70081071432,0.18036897824725637
945,w390787315,330.5195846647024,other,28537.57339615315,31708.414884614613,35671.966745191436,nr1,-4781.794065771701,-144100.17340907056,-139318.37934329885,0.18036897824725637
946,w390787316,150.59577141329646,other,12304.720854223664,13671.912060248515,15380.90106777958,nr1,-2061.795526372099,-32481.784649008616,-30419.989122636518,0.18036897824725637
947,w390789514,104.66224040389062,trade,10397.319493968453,11552.577215520503,12996.649367460564,nr1,-1742.188796714324,-100185.68357482494,-98443.49477811062,0.18036897824725637
948,w390789515,335.6007874913513,trade,25636.797863414322,28485.330959349245,32045.997329267902,nr1,-4295.736227705621,-114259.66568880632,-109963.92946110069,0.18036897824725637
949,w390790006,38.98714106846601,trade,2776.3285059702725,3084.8094510780807,3470.4106324628406,nr0,-570.4199902120068,-32404.21939422018,-31833.799404008176,0.22116270977607513
950,w390793102,268.1788772383239,sfh,30059.790808766775,33399.76756529642,37574.738510958465,r1,-5389.909711087569,-129852.06380882907,-124462.1540977415,0.18037617522186236
951,w390793103,629.0808588726446,th,87553.79058492262,97281.98953880291,109442.23823115327,r2,-14451.256640974932,-353114.2779737101,-338663.02133273514,0.16604060147060518
952,w390793104,761.76513240356,mfh,80676.55852455663,89640.6205828407,100845.69815569579,r2,-13316.12993977869,-306171.4203550318,-292855.2904152531,0.16604060147060518
953,w390793105,324.12222724705936,th,47118.253767594215,52353.615297326905,58897.817209492765,r1,-8448.59949848279,-221246.7828312356,-212798.18333275281,0.18037617522186236
954,w390793106,1475.9963392082602,mfh,145242.0290743921,161380.03230488012,181552.53634299012,r2,-23973.032157575522,-484631.5530843127,-460658.52092673717,0.16604060147060518
955,w390793107,895.6360460046678,mfh,90245.7910168643,100273.10112984922,112807.23877108037,r2,-14895.586793441269,-234655.80554464812,-219760.21875120685,0.16604060147060518
956,w390793108,286.70933025064875,mfh,25575.074405456515,28416.749339396127,31968.843006820643,r1,-4585.771829774503,-103875.2518418159,-99289.4800120414,0.18037617522186236
957,w390793793,117.72837251536548,mfh,12242.925925452717,13603.251028280796,15303.657406815895,r1,-2195.2336846761505,-57829.406918886154,-55634.17323421,0.18037617522186236
958,w390794364,96.81251710766227,sfh,13040.642047928714,14489.602275476347,16300.802559910891,r1,-2338.2692068651645,-79095.1240970086,-76756.85489014343,0.18037617522186236
959,w475684695,267.0884538785554,mfh,32327.72471892473,35919.69413213859,40409.65589865591,r1,-5796.564537271526,-144951.64694106116,-139155.08240378962,0.18037617522186236
960,w620369477,3702.806372543797,other,329831.05954184383,366478.95504649315,412288.8244273048,nr2,-50876.57065891572,-801515.8587189248,-750639.2880600091,0.16604060147060518
961,w620369478,20480.360502976928,other,1687025.1117225294,1874472.3463583658,2108781.3896531616,nr2,-260224.2870005626,-4099605.9709505006,-3839381.683949938,0.16604060147060518
962,w993163452,1412.2592688187956,other,69902.24125333331,77669.15694814813,87377.80156666663,nr2,-10782.448206308498,-339862.96865072934,-329080.52044442086,0.16604060147060518
963,w993163453,1066.3710880815981,other,51293.74656664398,56993.051740715535,64117.183208304974,nr2,-7912.080582051147,-246378.61952177293,-238466.53893972177,0.16604060147060518
964,w993163454,1257.084109787643,other,59883.17288306017,66536.85875895574,74853.96610382521,nr2,-9237.002969632593,-280312.53831778135,-271075.5353481488,0.16604060147060518
965,w993163455,1355.0658122852444,mfh,137933.86271477625,153259.84746086248,172417.3283934703,r2,-22766.77727206819,-358653.64248591143,-335886.86521384324,0.16604060147060518
966,w993163456,1286.649396429956,mfh,130250.32129646631,144722.5792182959,162812.90162058288,r2,-21498.564574413973,-488196.160975193,-466697.59640077903,0.16604060147060518
967,w993163457,923.1744978809729,ab,96260.7750734298,106956.41674825533,120325.96884178725,r2,-15888.394502988564,-362526.45328546973,-346638.0587824812,0.16604060147060518
968,w993163458,923.3917086940259,ab,96786.7143031862,107540.7936702069,120983.39287898275,r2,-15975.203797434751,-361813.050914797,-345837.84711736225,0.16604060147060518
969,w993163460,1313.604391914094,ab,125644.15428679457,139604.6158742162,157055.1928584932,r2,-20738.290220291132,-476283.31835891586,-455545.02813862474,0.16604060147060518
970,w993163461,1099.8535498690792,ab,118342.74284405124,131491.93649339027,147928.42855506405,r2,-19533.15027265984,-450710.7182632624,-431177.5679906026,0.16604060147060518
971,w993164648,226.1375619597733,ab,25333.36690212359,28148.18544680399,31666.708627654487,r1,-4542.4321529369345,-135222.70597832586,-130680.27382538893,0.18037617522186236
972,w993164649,158.37299746889622,other,12554.80104281894,13949.778936465487,15693.501303523673,nr1,-2103.699298118619,-73752.08708440904,-71648.38778629042,0.18036897824725637
973,w993164650,163.5844805765897,other,11822.83966197053,13136.48851330059,14778.549577463164,nr1,-1981.050867618681,-67905.16838199963,-65924.11751438094,0.18036897824725637
974,w993164651,162.24389737509188,other,11008.365752407117,12231.517502674575,13760.457190508896,nr1,-1844.576527161927,-63705.63237081079,-61861.055843648865,0.18036897824725637
975,w993164652,173.63842588849366,other,12537.52789010725,13930.586544563612,15671.909862634062,nr1,-2100.8049854877822,-72527.02779709788,-70426.2228116101,0.18036897824725637
976,w1006795433,259.34726619906723,mfh,31206.31317629144,34673.68130699049,39007.8914703643,r1,-5595.488388664329,-133083.51602976475,-127488.02764110043,0.18037617522186236
977,w1006849999,188.95288848243652,other,12692.659037467965,14102.954486075516,15865.823796834957,nr1,-2126.7989685629445,-73471.6396426138,-71344.84067405085,0.18036897824725637
978,w1007159125,240.08975319266318,education,18188.745430473453,20209.717144970502,22735.931788091813,nr1,-3047.7305745622457,-99495.30383478088,-96447.57326021863,0.18036897824725637
979,w1007160095,265.99824453517795,sfh,29700.45869061807,33000.5096562423,37125.57336327258,r1,-5325.479200395175,-134077.01870382897,-128751.5395034338,0.18037617522186236
980,w1007176059,713.9090096209663,trade,44584.74507920726,49538.60564356363,55730.93134900908,nr1,-7470.679671469051,-238372.34758462518,-230901.66791315612,0.18036897824725637
981,w1029411791,412.32884333096445,trade,24243.8769969841,26937.64110776011,30304.846246230125,nr1,-4062.336539486739,-137528.76933244415,-133466.4327929574,0.18036897824725637
982,w1030080397,647.4037659055554,other,30520.396752890152,33911.551947655724,38150.49594111269,nr1,-5114.038606297231,-180842.84118470375,-175728.80257840652,0.18036897824725637
983,w1030080398,123.65970464986749,other,6312.042173885407,7013.380193206007,7890.052717356758,nr1,-1057.6542508009659,-37852.03751055228,-36794.38325975132,0.18036897824725637
984,w1030080399,86.80603968682699,other,6773.282403048039,7525.869336720043,8466.603003810047,nr1,-1134.9402821004023,-42594.81451305839,-41459.87423095798,0.18036897824725637
985,w1036126248,1409.4026292502879,trade,62527.62490135226,69475.13877928029,78159.53112669032,nr2,-9644.910733533408,-322025.2769957628,-312380.3662622294,0.16604060147060518
986,w1036126249,536.9865712554193,mfh,58786.42745363585,65318.25272626206,73483.0343170448,r2,-9703.037920608802,-233581.96316374952,-223878.92524314072,0.16604060147060518
987,w1036126250,784.2879224468953,mfh,83022.8157791949,92247.57308799434,103778.51972399362,r2,-13703.39319252889,-308234.3355627617,-294530.94237023283,0.16604060147060518
988,w1036126251,422.468481163308,mfh,52845.09736255475,58716.77484728305,66056.37170319344,r2,-8722.387221634432,-219389.30045547173,-210666.9132338373,0.16604060147060518
989,w1036680208,878.3984476357698,mfh,87023.10356131091,96692.33729034546,108778.87945163864,r2,-14363.663695849278,-336224.1200132638,-321860.4563174145,0.16604060147060518
990,w1075387093,82.43980132825672,other,6640.5639729472905,7378.404414385878,8300.704966184112,nr1,-1112.7018039836946,-41234.64510529606,-40121.94330131237,0.18036897824725637
991,w1075387094,82.56877346616238,other,5523.9930738652965,6137.770082072551,6904.99134233162,nr1,-925.6076868656858,-28719.603029280082,-27793.995342414397,0.18036897824725637
992,w1075387095,130.11354850369972,other,4922.185612555075,5469.095125061194,6152.732015693843,nr0,-1011.3043405697794,-29772.69499166464,-28761.390651094862,0.22116270977607513
993,w1075387096,86.78853361294604,other,5651.038189360073,6278.931321511192,7063.797736700091,nr1,-946.8955367793752,-29912.500611191714,-28965.60507441234,0.18036897824725637
994,w1075387097,130.27800867820625,other,5001.394598025604,5557.105108917338,6251.743247532005,nr1,-838.040385474586,-27346.136168569436,-26508.09578309485,0.18036897824725637
995,w1075387098,130.18280181584413,other,4914.504272727153,5460.56030303017,6143.1303409089405,nr0,-1009.7261448411269,-29673.4476361554,-28663.721491314274,0.22116270977607513
996,w1075387099,86.85200681062415,other,7574.079042728552,8415.643380809503,9467.598803410689,nr1,-1269.1228408750173,-45283.21363485545,-44014.09079398043,0.18036897824725637
997,w1107949539,145.45949292609,other,7234.128086910359,8037.920096567066,9042.660108637949,nr1,-1212.1602028602524,-19096.523474704405,-17884.36327184415,0.18036897824725637
998,w1107949540,113.13991883732378,other,8157.082843669978,9063.42538185553,10196.353554587471,nr1,-1366.8117395407967,-46739.26397121435,-45372.45223167355,0.18036897824725637
999,w1108636740,113.13954655230044,other,8437.78627390423,9375.318082115811,10547.232842380286,nr1,-1413.8467827206362,-47931.28288926406,-46517.43610654343,0.18036897824725637
1000,w1108636741,169.70950587596744,other,6388.827258846157,7098.696954273508,7986.034073557696,nr1,-1070.5204626020923,-34163.28476598705,-33092.76430338496,0.18036897824725637
1001,w1108636742,113.35190696045755,other,7307.257952288273,8119.1755025425255,9134.072440360342,nr1,-1224.4139411666047,-38015.77583408899,-36791.36189292239,0.18036897824725637
1002,w1108636743,97.02220907397567,other,8465.714383767012,9406.34931529668,10582.142979708764,nr1,-1418.5264542594955,-47774.06087892833,-46355.53442466883,0.18036897824725637
1003,w1108636744,97.02139693088829,other,6248.685707876577,6942.984119862863,7810.857134845721,nr1,-1047.0381563985552,-33380.220733725204,-32333.18257732665,0.18036897824725637
1004,w1108636745,97.02220705058426,other,6051.606396825816,6724.00710758424,7564.507996032269,nr1,-1014.0152827650201,-31767.703341741926,-30753.688058976906,0.18036897824725637
1005,w1108636746,96.97299731615931,other,6049.968200571248,6722.186889523609,7562.46025071406,nr1,-1013.7407844038626,-31752.420730398004,-30738.67994599414,0.18036897824725637
1006,w1108636747,96.97299630921333,other,6204.737122419419,6894.152358243799,7755.921403024274,nr1,-1039.6740724864162,-32949.93527369732,-31910.261201210906,0.18036897824725637
1007,w1108636748,93.15071205198764,other,7049.813241953456,7833.125824392729,8812.266552441819,nr1,-1181.2761602819387,-39922.48732145527,-38741.211161173334,0.18036897824725637
1008,w1108636749,139.88183319568634,other,5418.6318681190805,6020.702075687867,6773.28983514885,nr1,-907.9532219465444,-29924.949421868027,-29016.996199921483,0.18036897824725637
1009,w1108636750,139.7263257611543,other,5255.293421448891,5839.2149127209905,6569.116776811114,nr1,-880.5840127934929,-28810.0581031536,-27929.474090360105,0.18036897824725637
1010,w1108636751,139.8837134392932,other,5137.657930030147,5708.508811144608,6422.072412537684,nr1,-860.8728521078365,-27412.03671960316,-26551.16386749532,0.18036897824725637
1011,w1108636752,93.1510556358844,other,5632.758798770266,6258.620887522518,7040.9484984628325,nr1,-943.8326175803642,-29821.0256582633,-28877.193040682938,0.18036897824725637
1012,w1108636753,93.25489941500128,other,5561.032789158997,6178.925321287774,6951.290986448746,nr1,-931.8141112287734,-29743.086307124573,-28811.2721958958,0.18036897824725637
1013,w1108636754,139.72684112749994,other,6793.787494520834,7548.652771689815,8492.234368151043,nr1,-1138.3761427239247,-41872.41057102654,-40734.03442830262,0.18036897824725637
1014,w1159236388,245.9913005110109,other,17161.798074090097,19068.664526766774,21452.24759261262,nr1,-2875.6538984396775,-114115.34461052659,-111239.69071208691,0.18036897824725637
1015,w1159236389,122.96537718712352,other,11214.556910810714,12460.618789789682,14018.19613851339,nr1,-1879.126194156452,-76867.1900457483,-74988.06385159184,0.18036897824725637
1016,w1159236390,245.9301320978673,other,9422.640053648083,10469.600059608982,11778.300067060103,nr1,-1578.8702026960295,-78959.74660137478,-77380.87639867875,0.18036897824725637
1017,w1219742100,99.15745026543736,other,6796.05397685548,7551.171085394977,8495.06747106935,nr1,-1138.7559175431616,-41784.83629172073,-40646.08037417757,0.18036897824725637
1018,w1219742101,534.7382739499211,other,26665.5596979286,29628.399664365108,33331.94962241074,nr1,-4468.1169402169335,-154105.71348268195,-149637.596542465,0.18036897824725637
1019,w1219742102,331.85329187787136,other,16686.177045042114,18540.19671671346,20857.72130630264,nr1,-2795.958201027491,-95408.51571981817,-92612.55751879068,0.18036897824725637
1020,w1219742103,321.63751182574777,other,17114.566871985295,19016.185413316995,21393.208589981616,nr1,-2867.739774880228,-99197.62366830824,-96329.883893428,0.18036897824725637
1021,w1219742104,906.7466930493712,other,37559.58202112246,41732.868912358295,46949.477526403076,nr1,-6293.5339290508555,-222681.2300741984,-216387.69614514755,0.18036897824725637
1022,w1219742105,1260.638449399173,ab,128554.44727096538,142838.2747455171,160693.0590887067,r2,-21218.650813861186,-499062.2137140477,-477843.5629001865,0.16604060147060518
1023,w1219929093,501.3837405549362,other,33138.81990165809,36820.91100184232,41423.52487707261,nr1,-5552.7851002841935,-190160.15523143607,-184607.37013115187,0.18036897824725637
1024,w1242595698,177.05818741209805,other,9156.077890481276,10173.419878312528,11445.097363101595,nr1,-1534.2046891887692,-55219.903149206126,-53685.69846001736,0.18036897824725637
1025,w1242595699,175.70056665593293,other,9159.768067274865,10177.52007474985,11449.71008409358,nr1,-1534.8230201606527,-55006.137028645535,-53471.314008484886,0.18036897824725637
