,full_id,NFA,building_usage,yearly_demand_useful_renovated,yearly_demand_delivered_renovated,yearly_demand_delivered_renovated_DH,consumer_size_renovated,npv_Gas_25years_ir_0.05,npv_DH_25years_ir_0.05,savings_npv_25years_ir_0.05,operator_selling_price
0,w24853838,27974.42320393324,trade,1197392.8826751309,1330436.536305701,1496741.1033439136,nr2,-923491.6154731568,-5019891.452273231,-4096399.836800074,0.04596760521515349
1,w24853840,937.1926232803613,trade,88019.54120636193,97799.49022929103,110024.4265079524,nr2,-67885.24424854385,-488890.22790050297,-421004.9836519591,0.04596760521515349
2,w24853841,8998.296452549099,trade,370411.49455784855,411568.3272864984,463014.36819731066,nr2,-285680.59360334685,-2097472.238028608,-1811791.6444252608,0.04596760521515349
3,w25538793,404.8852469230536,trade,30724.044681390333,34137.827423767034,38405.05585173791,nr1,-25740.810631393953,-241192.43136827077,-215451.62073687682,0.049934352873313936
4,w27689586,5481.69515059907,office,239232.2588022705,265813.6208914117,299040.3235028381,nr2,-184508.35005885217,-172211.30953105906,12297.040527793113,0.04596760521515349
5,w28994179,16672.165487814695,other,602602.7887910821,669558.6542123135,753253.4859888526,nr2,-464758.5858920557,-433783.53698759427,30975.048904461437,0.04596760521515349
6,w28994181,2845.002712316811,trade,324149.90597616514,360166.56219573907,405187.3824702064,nr2,-250001.2524348855,-233339.26650194408,16661.985932941432,0.04596760521515349
7,w29249266,23411.247439788887,trade,2697249.5326306587,2996943.9251451762,3371561.915788323,nr2,-2080259.0062656284,-1941614.7156403232,138644.29062530515,0.04596760521515349
8,w30213059,1747.46707642246,ab,186541.77691087977,207268.64101208863,233177.2211385997,r2,-153948.96522429062,-614331.2087961853,-460382.2435718947,0.04596760521515349
9,w50930444,8762.936898044496,other,330222.16830016905,366913.5203335212,412777.7103752113,nr2,-254684.49669356432,-2034204.5465428692,-1779520.0498493048,0.04596760521515349
10,w50930445,4934.112452852726,other,202146.16980193532,224606.85533548368,252682.71225241915,nr2,-155905.63098640798,-1423742.6534612738,-1267837.022474866,0.04596760521515349
11,w50930458,1974.6456010334193,other,60554.61203303029,67282.90225892254,75693.26504128786,nr2,-46702.86361298318,-793703.0575138911,-747000.193900908,0.04596760521515349
12,w50930471,4724.4749339554455,other,258143.60911438576,286826.2323493175,322679.5113929822,nr2,-199093.76617682358,-1437915.8049139488,-1238822.0387371252,0.04596760521515349
13,w50930472,9715.957844087014,other,1058464.4972369291,1176071.663596588,1323080.6215461614,nr2,-816342.8249969974,-761935.5268971593,54407.29809983808,0.04596760521515349
14,w50930478,6019.835157379508,trade,680901.6527717811,756557.3919686456,851127.0659647263,nr2,-525146.7387142959,-490146.9637613019,34999.77495299402,0.04596760521515349
15,w50930479,4489.048651921749,other,185541.01142931575,206156.6793659064,231926.26428664467,nr2,-143098.8699369701,-1101718.5973083826,-958619.7273714126,0.04596760521515349
16,w50930480,4441.97852948606,other,168700.98991545063,187445.54435050068,210876.23739431327,nr2,-130110.97022798094,-1046408.8867618555,-916297.9165338745,0.04596760521515349
17,w50930481,1370.623297881335,other,62080.660377160784,68978.51153017864,77600.82547145098,nr2,-47879.831399414856,-489332.3124510961,-441452.4810516812,0.04596760521515349
18,w50930482,1573.369959426485,other,63379.87619939754,70422.08466599727,79224.84524924692,nr2,-48881.854157262875,-473038.5453465976,-424156.6911893347,0.04596760521515349
19,w50930483,704.9254127380437,other,45123.70064816985,50137.445164633165,56404.62581021231,nr1,-37804.93894658948,-311450.9314787796,-273645.9925321901,0.049934352873313936
20,w50930486,509.32494937628496,trade,30466.044901173256,33851.16100130362,38082.55612646657,nr1,-25524.65668570166,-226008.3003783938,-200483.64369269213,0.049934352873313936
21,w98916060,2713.01504517002,other,226605.19701500298,251783.55223889218,283256.4962687537,nr2,-174769.70382391638,-163121.7207908038,11647.98303311257,0.04596760521515349
22,w98916062,151.14776481509907,trade,11092.043274505519,12324.492527228354,13865.054093131897,nr1,-9292.988224861321,-101658.35591089213,-92365.3676860308,0.049934352873313936
23,w98916065,222.67857759937178,other,20948.500685227787,23276.111872475318,26185.625856534734,nr1,-17550.794328739194,-153973.32235498098,-136422.52802624178,0.049934352873313936
24,w98916067,43210.64675020873,trade,3034378.024269405,3371531.1380771166,3792972.530336756,nr2,-2340270.0184155684,-2184296.615297194,155973.4031183743,0.04596760521515349
25,w98916074,4745.314506876469,trade,491122.8611791089,545692.0679767877,613903.5764738861,nr2,-378779.472492612,-353534.7259927814,25244.746499830624,0.04596760521515349
26,w98916075,67.06430839556852,sfh,8538.96409194254,9487.737879936156,10673.705114928174,r1,-7655.450061942284,-81803.4566883288,-74148.00662638652,0.049936345323862194
27,w98916076,98.82164086105185,sfh,13728.213996145805,15253.571106828673,17160.267495182256,r1,-12307.775926393782,-101833.01276977271,-89525.23684337894,0.049936345323862194
28,w98916079,3334.9361924076916,trade,133751.88480733606,148613.2053414845,167189.85600917006,nr2,-103156.4041848566,-1067682.5491323764,-964526.1449475199,0.04596760521515349
29,w98916080,2976.303781049745,other,104082.21116258297,115646.90129175886,130102.76395322871,nr2,-80273.61004001423,-770724.8363232057,-690451.2262831915,0.04596760521515349
30,w98916086,294.4025758753764,other,20686.516731325537,22985.018590361706,25858.14591415692,nr1,-17331.302415620525,-197540.15954895568,-180208.85713333514,0.049934352873313936
31,w98916091,1116.7099465291947,trade,65522.69205707044,72802.99117452271,81903.36507133805,nr2,-50534.50510140644,-47166.501121718,3368.0039796884375,0.04596760521515349
32,w98916094,150.05011938810347,trade,13612.2294499376,15124.699388819556,17015.286812422,nr1,-11404.417099880086,-141168.23595911058,-129763.8188592305,0.049934352873313936
33,w98916098,15131.85493721813,trade,1389797.224493673,1544219.1383263033,1737246.5306170913,nr2,-1071883.8424697681,-1000445.3463381133,71438.49613165483,0.04596760521515349
34,w98916102,1892.1415951219387,trade,73425.17962658805,81583.53291843117,91781.47453323506,nr2,-56629.314179881956,-659851.186951334,-603221.8727714521,0.04596760521515349
35,w98916109,81.43322088830173,sfh,9629.8057932929,10699.784214769888,12037.257241616126,r1,-8633.423980119529,-93499.99714171822,-84866.5731615987,0.049936345323862194
36,w98916113,559.2398283889517,trade,50271.6825643969,55857.425071552105,62839.60320549612,nr2,-38772.134038602344,-343796.61032554024,-305024.4762869379,0.04596760521515349
37,w98916116,6987.1012714248145,other,358101.17313169746,397890.1923685527,447626.4664146218,nr2,-276186.23399480176,-1816969.8735609697,-1540783.639566168,0.04596760521515349
38,w98916121,458.57296650111675,other,22475.134293848154,24972.371437609057,28093.917867310192,nr1,-18829.81820175226,-179310.6611501951,-160480.84294844285,0.049934352873313936
39,w98916126,1235.1179318586364,trade,54455.49615433791,60506.10683815323,68069.37019292239,nr2,-41998.908497442564,-425270.41982925334,-383271.5113318108,0.04596760521515349
40,w99055014,379.03616306802724,mfh,51250.231128429565,56944.70125381063,64062.788910536954,r2,-42295.7268896225,-252007.87178279096,-209712.14489316847,0.04596760521515349
41,w99055018,363.825429549627,mfh,39011.950831555296,43346.61203506144,48764.93853944412,r1,-34975.44177422323,-187089.6775926901,-152114.23581846687,0.049936345323862194
42,w99055022,32.828185592684896,sfh,3912.1656857345315,4346.850761927257,4890.207107168164,r0,-4303.815225701919,-41638.5015524686,-37334.686326766685,0.06127560277731562
43,w99055023,57.57688737055287,sfh,7638.842228320924,8487.602475912137,9548.552785401154,r1,-6848.462480963934,-57029.83688299823,-50181.37440203429,0.049936345323862194
44,w99055025,2922.078992408514,trade,131771.14343422168,146412.38159357963,164713.9292927771,nr2,-101628.75350565324,-803408.0186461034,-701779.2651404502,0.04596760521515349
45,w99055028,168.94065034445376,ab,18863.996140229203,20959.99571136578,23579.9951752865,r1,-16912.166261065056,-102566.84617464244,-85654.67991357739,0.049936345323862194
46,w99055030,502.22660109587014,other,33719.73290267432,37466.369891860355,42149.66612834289,nr1,-28250.61830855422,-264982.2362313917,-236731.6179228375,0.049934352873313936
47,w99055036,2513.4158389533286,other,94056.81089942587,104507.56766602874,117571.01362428232,nr2,-72541.50037179611,-716915.1284512917,-644373.6280794956,0.04596760521515349
48,w99055038,337.97397138923407,other,24561.514626422148,27290.57180713572,30701.893283027683,nr1,-20577.801633060746,-214286.50079026973,-193708.699157209,0.049934352873313936
49,w99055039,2475.299022556655,other,95255.37369289662,105839.30410321847,119069.21711612078,nr2,-73465.89428327105,-608939.3749763216,-535473.4806930505,0.04596760521515349
50,w99055040,101.95110847079195,trade,7536.8851086504455,8374.316787389384,9421.106385813056,nr1,-6314.45287702807,-89657.16414704303,-83342.71127001496,0.049934352873313936
51,w99055041,189.90211718752977,ab,21595.11692946048,23994.5743660672,26993.8961618256,r1,-19360.702007318097,-140902.5947218214,-121541.89271450331,0.049936345323862194
52,w99055043,190.2007592998445,sfh,29155.98911223378,32395.543458037533,36444.98639029222,r1,-26139.261888436176,-177752.17746991356,-151612.91558147737,0.049936345323862194
53,w99055048,47.74609960326925,sfh,5769.180841789516,6410.2009353216845,7211.476052236895,r1,-5172.252202618934,-61540.46025231191,-56368.20804969298,0.049936345323862194
54,w99055050,194.95880112051967,trade,16984.909900636445,18872.122111818273,21231.137375795555,nr1,-14230.071394486284,-153034.30938278677,-138804.23798830048,0.049934352873313936
55,w99055053,122.33706042193808,ab,14174.508663259385,15749.454070288204,17718.13582907423,r1,-12707.893142043285,-122065.54877128538,-109357.6556292421,0.049936345323862194
56,w99055057,303.91877080444243,ab,36040.58788819037,40045.09765354486,45050.73486023796,r1,-32311.52137545959,-189498.7946119699,-157187.27323651031,0.049936345323862194
57,w99055067,194.8848727118224,sfh,21931.666176569037,24368.517973965598,27414.582720711296,r1,-19662.428999829404,-132025.97581222912,-112363.54681239973,0.049936345323862194
58,w99055068,348.37368724122643,ab,40200.04013772175,44666.71126413528,50250.05017215219,r1,-36040.60123086827,-299152.4755681192,-263111.87433725095,0.049936345323862194
59,w99055094,263.70872883694244,other,16614.595860209945,18460.66206689994,20768.24482526243,nr1,-13919.819808550446,-167630.7491521741,-153710.92934362366,0.049934352873313936
60,w99055100,85.6876405166462,sfh,12089.433153049305,13432.703503388117,15111.79144131163,r1,-10838.55732192265,-93356.84115448399,-82518.28383256134,0.049936345323862194
61,w99055110,94.65369866762775,sfh,12604.978915374657,14005.532128194063,15756.22364421832,r1,-11300.760324023558,-118224.66341761219,-106923.90309358863,0.049936345323862194
62,w99055113,801.3236896117684,education,39333.930829421224,43704.367588245805,49167.41353677653,nr1,-32954.23097342869,-307110.9240043917,-274156.693030963,0.049934352873313936
63,w99055118,54.3237798044458,other,6219.479772060365,6910.533080067072,7774.349715075456,nr1,-5210.721853147183,-61007.99489444539,-55797.27304129821,0.049934352873313936
64,w99055131,500.74276516167447,th,69240.53713621371,76933.93015134857,86550.67142026713,r2,-57142.744216416155,-382153.95452973066,-325011.2103133145,0.04596760521515349
65,w99055135,663.0715527065098,ab,68880.52212837798,76533.91347597554,86100.65266047248,r2,-56845.631479315954,-272491.52134965925,-215645.8898703433,0.04596760521515349
66,w99055142,64.54166975589469,sfh,9032.758360397225,10036.398178219139,11290.947950496531,r1,-8098.152165186307,-67866.51291659217,-59768.36075140586,0.049936345323862194
67,w99055146,149.08371188635937,sfh,17342.70904751041,19269.67671945601,21678.38630938801,r1,-15548.284501780518,-88491.30460929242,-72943.0201075119,0.049936345323862194
68,w99055147,57.659734526090325,sfh,7330.462267285426,8144.958074761584,9163.077834106782,r1,-6571.990140011168,-68833.47265187235,-62261.48251186118,0.049936345323862194
69,w99055152,1635.3717537612654,other,76892.01538215307,85435.57264683674,96115.01922769133,nr2,-59303.118074000704,-525351.4314695244,-466048.3133955237,0.04596760521515349
70,w99055158,567.1104306213557,trade,39120.40099323338,43467.11221470375,48900.50124154172,nr1,-32775.33424500435,-308505.2304795421,-275729.89623453777,0.049934352873313936
71,w99055160,362.3993257842958,ab,41269.65009818708,45855.16677576342,51587.06262273384,r1,-36999.540225098855,-252184.5070345293,-215184.96680943045,0.049936345323862194
72,w99055171,150.93386064656082,sfh,16885.70894548665,18761.8988283185,21107.136181858314,r1,-15138.569526793484,-103007.08109850482,-87868.51157171134,0.049936345323862194
73,w99055172,71.28885925472714,sfh,9019.499646113589,10021.666273459543,11274.374557641986,r1,-8086.265310529114,-84221.38761066814,-76135.12230013903,0.049936345323862194
74,w99055173,413.9677898917347,ab,46033.80958093352,51148.67731214836,57542.2619761669,r1,-41270.75914750997,-219099.65797469838,-177828.89882718842,0.049936345323862194
75,w99055181,184.62117180265486,other,15209.502381678169,16899.44709075352,19011.87797709771,nr1,-12742.62307142292,-137953.93919951338,-125211.31612809046,0.049934352873313936
76,w99055182,84.81555104400032,sfh,9995.399856476368,11105.999840529297,12494.24982059546,r1,-8961.190564392273,-97477.13585941668,-88515.9452950244,0.049936345323862194
77,w99055185,136.9722994968528,education,10840.570650859518,12045.07850095502,13550.713313574397,nr1,-9082.302774707283,-121658.01007061021,-112575.70729590293,0.049934352873313936
78,w99055186,41.49024544628337,sfh,5137.404922484948,5708.227691649942,6421.756153106185,r1,-4605.845206583244,-51289.35719826097,-46683.511991677726,0.049936345323862194
79,w99055192,160.51305735595523,ab,18121.209085465063,20134.67676162785,22651.511356831328,r1,-16246.234288149304,-135538.7839226408,-119292.5496344915,0.049936345323862194
80,w99055193,133.23216011486946,other,9055.86994602939,10062.077717810433,11319.837432536737,nr1,-7587.068558211905,-89217.39855878502,-81630.33000057311,0.049934352873313936
81,w99055199,594.2030242990702,ab,69499.33638341566,77221.48487046185,86874.17047926957,r2,-57356.325736691906,-281212.5864012185,-223856.26066452658,0.04596760521515349
82,w99055201,119.5810925271362,sfh,16186.140935837673,17984.601039819638,20232.67616979709,r1,-14511.384788090392,-123832.39726822407,-109321.01248013368,0.049936345323862194
83,w99055202,635.4450178422034,ab,74224.65462412336,82471.83847124818,92780.8182801542,r2,-61256.03048679706,-370326.0647576388,-309070.03427084174,0.04596760521515349
84,w99055209,191.61494707558305,other,19092.937557201116,21214.375063556796,23866.171946501392,nr1,-15996.19109897426,-156770.2737061353,-140774.08260716105,0.049934352873313936
85,w99055216,463.1840371862054,education,30329.625776782435,33699.58419642493,37912.03222097804,nr1,-25410.36382862963,-225531.5580884775,-200121.19425984786,0.049934352873313936
86,w99055219,773.0541430711745,other,89363.99007406665,99293.3223045185,111704.9875925833,nr2,-68922.1530816612,-540663.3719860434,-471741.2189043822,0.04596760521515349
87,w99055224,318.955577952601,ab,39326.77401159415,43696.415568437944,49158.46751449268,r1,-35257.690663805,-201007.3772611702,-165749.6865973652,0.049936345323862194
88,w99055226,262.56915004737675,ab,28811.221455015977,32012.468283351085,36014.02681876997,r1,-25830.166832597464,-153037.39559174678,-127207.22875914932,0.049936345323862194
89,w99055235,1694.7837025728077,trade,149404.7926523063,166005.3251692292,186755.99081538286,nr2,-115228.74014221497,-808204.8986249116,-692976.1584826966,0.04596760521515349
90,w99055245,424.4345906373113,ab,47895.25638616388,53216.95154018208,59869.07048270485,r1,-42939.604795174615,-237272.68849710276,-194333.08370192815,0.049936345323862194
91,w99055249,70.42309986636974,sfh,9527.919340341607,10586.577044824007,11909.899175427008,r1,-8542.079568296429,-96572.11520606896,-88030.03563777254,0.049936345323862194
92,w99055257,137.79457132667304,trade,8302.741753787854,9225.268615319837,10378.427192234816,nr1,-6956.092709208675,-94416.20141713471,-87460.10870792603,0.049934352873313936
93,w99055287,226.3710821658373,mfh,29327.158711257514,32585.731901397237,36658.94838907189,r1,-26292.720821316027,-154111.68644134878,-127818.96562003274,0.049936345323862194
94,w99055292,58.725108856521544,trade,5742.2884325185605,6380.320480576178,7177.8605406482,nr1,-4810.927749425975,-72638.98696643958,-67828.05921701361,0.049934352873313936
95,w99055300,847.1402418442303,other,76273.07353797425,84747.85948663806,95341.34192246781,nr2,-58825.75795950961,-501068.7521702254,-442242.99421071575,0.04596760521515349
96,w99389931,488.4274571448564,mfh,51882.65252404952,57647.39169338835,64853.315655061895,r2,-42817.65083102415,-223094.16198775455,-180276.5111567304,0.04596760521515349
97,w99389943,3490.8252122399163,ab,329651.0091598724,366278.89906652493,412063.7614498405,r2,-272053.97410549497,-1134334.4579931588,-862280.4838876638,0.04596760521515349
98,w99389949,2474.179022271931,ab,284257.7582638273,315841.9536264748,355322.1978297841,r2,-234591.8885644562,-1290456.6269392336,-1055864.7383747774,0.04596760521515349
99,w99389956,671.7147096479312,education,46899.24791118664,52110.27545687404,58624.0598889833,nr1,-39292.50434816201,-36673.752848548495,2618.751499613514,0.049934352873313936
100,w99389960,693.6997662768932,ab,80098.50062143736,88998.33402381929,100123.12577679669,r2,-66103.5907928477,-381308.13158443203,-315204.54079158435,0.04596760521515349
101,w99389971,1612.9015118613836,education,79005.85520261421,87784.28355846023,98757.31900326777,nr2,-60933.42119246243,-608381.4690007463,-547448.0478082838,0.04596760521515349
102,w99389974,235.12884147074072,education,10047.192716967635,11163.547463297371,12558.990896209543,nr1,-8417.605422284561,-113166.00502758953,-104748.39960530498,0.049934352873313936
103,w99389975,1082.0712234761565,mfh,111466.82540481444,123852.0282275716,139333.53175601806,r2,-91991.20278620551,-409641.7059521938,-317650.5031659883,0.04596760521515349
104,w99389979,163.53384786918758,ab,21228.517390207166,23587.241544674627,26535.646737758954,r1,-19032.0339821026,-145038.42996753578,-126006.39598543318,0.049936345323862194
105,w99389992,2569.363114476204,other,222880.7619206125,247645.2910229028,278600.9524007656,nr2,-171897.22593315147,-160440.68668578984,11456.539247361623,0.04596760521515349
106,w99390006,431.6004564465955,education,13943.155864366083,15492.395404851202,17428.944830457604,nr1,-11681.669468670229,-205074.2056774243,-193392.53620875406,0.049934352873313936
107,w99390011,2554.974828636646,ab,247425.31787724234,274917.0198636026,309281.6473465529,r2,-204194.85805418546,-860708.2879447358,-656513.4298905504,0.04596760521515349
108,w99390014,587.280543653667,trade,43622.5019390578,48469.44659895311,54528.12742382225,nr1,-36547.224602919356,-327984.73289411195,-291437.5082911926,0.049934352873313936
109,w99390021,1617.1983746248297,other,56431.07453005592,62701.19392228436,70538.8431625699,nr2,-43522.57720475076,-461822.9569344342,-418300.3797296834,0.04596760521515349
110,w99390022,5590.431437242403,education,501507.8998853299,557230.9998725888,626884.8748566624,nr2,-386788.9540172833,-361010.39471773885,25778.55929954443,0.04596760521515349
111,w99390025,237.89438336268066,education,22880.136119028128,25422.373465586807,28600.170148785157,nr1,-19169.131446327803,-17891.554652633113,1277.5767936946904,0.049934352873313936
112,w99390027,116.0190749399364,mfh,12111.38188864718,13457.090987385754,15139.227360808974,r1,-10858.235054195919,-55917.6211343854,-45059.386080189484,0.049936345323862194
113,w99390046,1095.085822885856,mfh,104637.32667388588,116263.69630431764,130796.65834235735,r2,-86354.9625828683,-358453.69378640346,-272098.73120353516,0.04596760521515349
114,w99390052,1678.6958267321402,education,80452.87476272321,89392.08306969245,100566.093453404,nr2,-62049.43787380501,-708039.2006375525,-645989.7627637475,0.04596760521515349
115,w99390065,2581.633286331594,education,86800.34062073754,96444.82291193059,108500.42577592192,nr2,-66944.93339928557,-692580.1371190813,-625635.2037197958,0.04596760521515349
116,w99390082,124.21957990797236,education,9140.033185312222,10155.592428124692,11425.041481640277,nr1,-7657.581084377326,-88259.33745987965,-80601.75637550233,0.049934352873313936
117,w99390107,332.09000708311794,education,26712.358260262183,29680.39806695798,33390.44782532773,nr1,-22379.792850380843,-20888.233148085706,1491.559702295137,0.049934352873313936
118,w99390110,1066.5973296171287,mfh,111016.92938734422,123352.1437637158,138771.16173418026,r2,-91619.91316146284,-446817.22836552083,-355197.31520405796,0.04596760521515349
119,w99390116,694.0162199864862,ab,76366.64546448652,84851.8282938739,95458.30683060814,r2,-63023.77001868411,-331498.42831306515,-268474.65829438105,0.04596760521515349
120,w99390122,307.42072394330467,other,23978.9127918091,26643.236435343442,29973.640989761374,nr1,-20089.69390981685,-246533.17618867985,-226443.482278863,0.049934352873313936
121,w99390129,1196.3697846690193,trade,62972.859261591475,69969.84362399053,78716.07407698935,nr2,-48567.94154356861,-376562.9103082231,-327994.9687646545,0.04596760521515349
122,w99390130,964.417538562417,education,49512.76423577884,55014.18248419871,61890.95529472355,nr1,-41482.12584790332,-357078.1653218717,-315596.0394739684,0.049934352873313936
123,w99390133,9252.387912133521,education,680645.1328091653,756272.3697879614,850806.4160114565,nr2,-524948.8971886741,-489962.3079004907,34986.58928818337,0.04596760521515349
124,w99390139,1249.1388426542283,ab,101272.3942615666,112524.88251285178,126590.49282695825,r2,-83577.955354221,-483523.7757636811,-399945.8204094601,0.04596760521515349
125,w99390141,112.67489476799965,other,7161.259483685899,7956.954981873221,8951.574354607374,nr1,-5999.7512099533615,-86839.33856084739,-80839.58735089403,0.049934352873313936
126,w99758761,171.36210507287177,trade,18702.739494504167,20780.821660560185,23378.424368130207,nr1,-15669.280545862654,-171565.2504132594,-155895.96986739675,0.049934352873313936
127,w99758765,309.03573338240386,trade,17633.22369336,19592.4707704,22041.529616699998,nr1,-14773.233036818028,-152900.14879534647,-138126.91575852843,0.049934352873313936
128,w99758770,601.7205038767308,mfh,67803.20632134694,75336.89591260771,84754.00790168367,r2,-55956.54563238829,-306587.3804789044,-250630.8348465161,0.04596760521515349
129,w99758771,976.6668764967471,mfh,93790.2658837786,104211.40653753177,117237.83235472324,r2,-77403.11376907803,-365258.99279542034,-287855.8790263423,0.04596760521515349
130,w99758774,197.5460334163159,ab,21548.287941595398,23942.54215732822,26935.359926994246,r1,-19318.718345811576,-157327.082152927,-138008.3638071154,0.049936345323862194
131,w99758775,265.071225726977,sfh,27414.764697100116,30460.849663444573,34268.45587137514,r1,-24578.199397346816,-174479.64221869173,-149901.4428213449,0.049936345323862194
132,w99758777,337.6781565959565,ab,38785.81336494016,43095.34818326684,48482.26670617519,r1,-34772.702418000874,-239435.66610211605,-204662.96368411518,0.049936345323862194
133,w99758783,333.3155570875853,th,46165.858494498185,51295.3983272202,57707.32311812273,r1,-41389.14515459975,-38628.82498264662,2760.320171953128,0.049936345323862194
134,w99758786,182.17889552428386,mfh,24975.758120688377,27750.84235632042,31219.69765086047,r1,-22391.55323682628,-113704.1419054511,-91312.58866862483,0.049936345323862194
135,w99758788,349.08404515869915,other,29695.324703960447,32994.80522662272,37119.15587995056,nr1,-24878.94213698333,-222232.44001010034,-197353.497873117,0.049934352873313936
136,w99758792,60.93018751584459,sfh,7098.129910688255,7886.811011875839,8872.662388360319,r1,-6363.696869943277,-75837.16429168695,-69473.46742174367,0.049936345323862194
137,w99758793,126.39461716674268,ab,14533.912444621437,16148.79160513493,18167.390555776794,r1,-13030.109943831534,-105039.51776289499,-92009.40781906346,0.049936345323862194
138,w99758796,906.0679207786917,ab,92578.39928517047,102864.88809463385,115722.99910646307,r2,-76402.98601252335,-325719.2064388455,-249316.22042632214,0.04596760521515349
139,w99758800,420.9761067721993,ab,43617.35169245246,48463.724102724955,54521.68961556557,r1,-39104.32859541183,-209113.88611623566,-170009.55752082384,0.049936345323862194
140,w99758801,293.7319820257835,mfh,30453.792851169546,33837.547612410606,38067.241063961934,r1,-27302.78378718731,-147951.60484767877,-120648.82106049146,0.049936345323862194
141,w99758803,512.6721141899004,mfh,56071.10035591353,62301.2226176817,70088.8754448919,r2,-46274.28783904109,-234985.51668836668,-188711.2288493256,0.04596760521515349
142,w99758805,165.76912949401884,sfh,21149.48042883679,23499.42269870754,26436.850536045986,r1,-18961.174858641763,-156767.16687221132,-137805.99201356957,0.049936345323862194
143,w99758807,110.8734177275095,other,10633.353902934445,11814.837669927161,13291.692378668055,nr1,-8908.695193957232,-100505.82576091637,-91597.13056695914,0.049934352873313936
144,w99758813,43.0509613757953,other,4335.785169212401,4817.539076902668,5419.731461515501,nr0,-4454.1172423671105,-46564.872336811204,-42110.755094444095,0.061227916794194294
145,w99758814,84.92593946289271,th,9884.973779293656,10983.304199215172,12356.217224117068,r1,-8862.19011067141,-63171.4437238798,-54309.25361320839,0.049936345323862194
146,w99758818,424.19755738042295,mfh,42981.25264898336,47756.94738775929,53726.5658112292,r1,-38534.04578249757,-210329.57972252907,-171795.5339400315,0.049936345323862194
147,w99758821,35.03456762442365,sfh,4362.174934958981,4846.861038843312,5452.718668698726,r0,-4798.875203754775,-64749.51845389927,-59950.643250144494,0.06127560277731562
148,w99758824,478.7830200769007,ab,54415.092655594315,60461.21406177146,68018.86581949289,r2,-44907.61986745102,-367092.942399483,-322185.322532032,0.04596760521515349
149,w99758826,392.0728006519377,ab,50422.93344994148,56025.48161104609,63028.666812426854,r2,-41612.975692304666,-254607.4605908034,-212994.48489849875,0.04596760521515349
152,w99758837,194.723237061128,mfh,27818.768765056746,30909.743072285273,34773.46095632093,r1,-24940.401759806915,-153578.3525908951,-128637.9508310882,0.049936345323862194
153,w99758838,478.1149431033991,ab,49879.55482966044,55421.727588511596,62349.443537075545,r1,-44718.59080315091,-257498.01251424113,-212779.42171109022,0.049936345323862194
154,w99758842,66.20839738831855,sfh,9098.77198804681,10109.746653385344,11373.464985058512,r1,-8157.335460072852,-62445.37816478344,-54288.04270471059,0.049936345323862194
155,w99758845,141.8255072105676,th,20597.68337727332,22886.31486363702,25747.104221591646,r1,-18466.471434773623,-169744.5438024189,-151278.07236764528,0.049936345323862194
156,w99758846,563.5821329504251,other,39110.73926488373,43456.37696098192,48888.424081104655,nr1,-32767.23958421345,-292983.71244578785,-260216.4728615744,0.049934352873313936
157,w99758847,385.25146163031457,sfh,48245.97195129891,53606.635501443234,60307.46493912364,r1,-43254.0323376643,-287598.73257541144,-244344.70023774714,0.049936345323862194
158,w99758850,177.17881421931088,ab,22322.486341848085,24802.762602053426,27903.107927310106,r1,-20012.811578591736,-128929.13491256195,-108916.32333397021,0.049936345323862194
159,w99758852,422.9061155930161,other,27630.39919965029,30700.443555166985,34537.99899956286,nr1,-23148.93370464375,-225460.4464407134,-202311.51273606965,0.049934352873313936
160,w99758858,57.38898355839774,sfh,6590.511049374096,7322.7900548601065,8238.13881171762,r1,-5908.600584088477,-69461.62112611244,-63553.020542023965,0.049936345323862194
161,w99758862,402.33381934519855,sfh,47385.93913186298,52651.04347984775,59232.42391482872,r1,-42482.98584655236,-354185.70440145454,-311702.7185549022,0.049936345323862194
162,w99758864,101.365438436158,other,10686.907379847416,11874.341533163795,13358.63422480927,nr1,-8953.562655978094,-100402.99020469822,-91449.42754872012,0.049934352873313936
163,w99758865,63.831228005420414,other,4034.3888558582253,4482.654284286917,5042.986069822781,nr0,-4144.495233041272,-52941.33778308617,-48796.8425500449,0.061227916794194294
164,w99758868,445.0926624152809,ab,49002.607042031916,54447.341157813236,61253.258802539895,r1,-43932.37951067623,-232434.31995481282,-188501.9404441366,0.049936345323862194
165,w99758869,105.27734354436397,other,8736.207849217513,9706.897610241682,10920.259811521892,nr1,-7319.253510245491,-92910.10048943992,-85590.84697919444,0.049934352873313936
166,w99758874,732.9468768487684,ab,73910.07250364788,82122.30278183098,92387.59062955985,r2,-60996.412546369684,-336582.8496260842,-275586.4370797145,0.04596760521515349
167,w99758876,118.68904608124866,sfh,12352.210694951837,13724.678549946484,15440.263368689795,r1,-11074.145658841995,-112835.62791482749,-101761.4822559855,0.049936345323862194
168,w99758878,556.4759241774678,other,50045.05270888446,55605.61412098273,62556.31588610557,nr2,-38597.345316863786,-342691.23429754796,-304093.88898068416,0.04596760521515349
169,w99758879,141.26093079326674,other,12063.985867794016,13404.42874199335,15079.982334742519,nr1,-10107.28824615959,-166493.2206925149,-156385.93244635532,0.049934352873313936
170,w99758882,536.390386541374,other,53874.88809445505,59860.98677161672,67343.6101180688,nr2,-41551.11338947428,-334413.35768067103,-292862.24429119675,0.04596760521515349
171,w99758886,70.57262436598539,sfh,9862.178496867567,10957.97610763063,12327.723121084458,r1,-8841.753422522614,-93108.3973295695,-84266.64390704689,0.049936345323862194
172,w99758887,84.85345135740936,sfh,11592.59887534742,12880.665417052687,14490.748594184273,r1,-10393.129754707912,-108719.8908335226,-98326.76107881468,0.049936345323862194
173,w99758888,71.82869699064176,other,5611.650315189278,6235.167016876976,7014.562893986597,nr1,-4701.478258830366,-59956.624286077255,-55255.14602724689,0.049934352873313936
174,w99758891,1365.0763243824242,trade,109673.71393623555,121859.68215137284,137092.14242029443,nr2,-84586.06755005612,-834279.0735174691,-749693.005967413,0.04596760521515349
175,w99758895,154.4283221337944,other,11343.022479982455,12603.358311091617,14178.778099978068,nr1,-9503.260285965065,-8869.89070217439,633.3695837906744,0.049934352873313936
176,w99758899,158.4874060918577,th,20589.83452385864,22877.59391539849,25737.2931548233,r1,-18459.43469065424,-131842.12380449157,-113382.68911383732,0.049936345323862194
177,w99758900,82.77785695786588,sfh,10694.216001383687,11882.462223759652,13367.770001729608,r1,-9587.70123269044,-91382.18967943334,-81794.48844674291,0.049936345323862194
178,w99758903,400.34018093422054,trade,29613.781724427085,32904.20191603009,37017.22715553385,nr1,-24810.624882004227,-244261.38757179966,-219450.76268979543,0.049934352873313936
179,w99758905,110.54209396946244,sfh,14100.026680676654,15666.696311862948,17625.033350845817,r1,-12641.117700427998,-83560.11505720057,-70918.99735677257,0.049936345323862194
180,w99758908,248.9345047255978,ab,27512.151103074764,30569.05678119418,34390.18887884345,r1,-24665.50937542184,-147857.97568582147,-123192.46631039963,0.049936345323862194
181,w99758913,208.22132023065353,ab,22300.78576510543,24778.65085011714,27875.982206381785,r1,-19993.356328542664,-158363.6921613843,-138370.33583284164,0.049936345323862194
182,w99758915,71.10941483918579,ab,10013.713282288307,11126.348091431451,12517.141602860384,r1,-8977.609127025491,-68818.89691496232,-59841.287787936824,0.049936345323862194
183,w99758919,819.0798590054737,ab,94696.69321739217,105218.54801932463,118370.8665217402,r2,-78151.16898958496,-395354.46724828257,-317203.2982586976,0.04596760521515349
184,w99758922,83.9358181065414,th,11677.410484752485,12974.900538613872,14596.763105940605,r1,-10469.166031881874,-72273.58593642597,-61804.41990454409,0.049936345323862194
185,w99758926,36.12754547015065,sfh,4556.491211661925,5062.768012957695,5695.614014577406,r0,-5012.644613707263,-38332.69420060981,-33320.04958690255,0.06127560277731562
186,w99758928,119.38002583179623,sfh,17308.899478423707,19232.110531581897,21636.124348029633,r1,-15517.973158979199,-99771.60729416598,-84253.63413518679,0.049936345323862194
187,w99758931,65.79372537583113,th,8611.439252918039,9568.265836575598,10764.299066147547,r1,-7720.426324824417,-85460.62409726351,-77740.1977724391,0.049936345323862194
188,w99758935,355.7203856162727,ab,44548.24205703894,49498.046730043265,55685.30257129867,r1,-39938.90110590635,-223447.54776861754,-183508.6466627112,0.049936345323862194
189,w99758936,99.44306262517348,th,12820.809152675898,14245.343502973219,16026.011440844872,r1,-11494.2589247585,-127091.0325712601,-115596.7736465016,0.049936345323862194
190,w99758945,525.0721962768584,mfh,72696.76550898828,80774.18389887585,90870.95688623533,r2,-59995.09606155633,-55993.90992305559,4001.1861385007433,0.04596760521515349
191,w99758951,355.6037514369003,ab,38846.362119594094,43162.62457732677,48557.95264949262,r1,-34826.98628224658,-175556.2891707149,-140729.30288846832,0.049936345323862194
192,w99758953,525.4067761451006,other,30960.182478675506,34400.2027540839,38700.22809834438,nr1,-25938.64846120658,-274674.32293026836,-248735.67446906178,0.049934352873313936
193,w99758954,37.75478148937691,sfh,3643.787391156788,4048.6526568408754,4554.7342389459845,r0,-4008.5693994161284,-47823.778413898865,-43815.20901448274,0.06127560277731562
194,w99758959,30.14875982720405,sfh,3902.3905445980445,4335.989493997827,4877.988180747555,r0,-4293.061488606884,-37045.61095598524,-32752.549467378358,0.06127560277731562
195,w99758962,201.50926117040217,mfh,21723.95521923704,24137.72802137449,27154.944024046297,r1,-19476.209589131355,-18177.304429306096,1298.905159825259,0.049936345323862194
196,w99758966,155.61690238779408,th,21851.717362183943,24279.685957982158,27314.646702729926,r1,-19590.752371441406,-140831.62189616042,-121240.86952471902,0.049936345323862194
197,w99758967,90.83302856497467,ab,10128.948163735615,11254.386848595128,12661.185204669518,r1,-9080.920825120831,-93587.69461168943,-84506.77378656859,0.049936345323862194
198,w99758970,391.2386861808598,th,48443.52710272418,53826.14122524909,60554.40887840523,r1,-43431.146748725325,-243300.9968547685,-199869.8501060432,0.049936345323862194
199,w99758974,163.93810575278476,sfh,20363.139486646123,22625.710540717915,25453.924358307653,r1,-18256.195454842466,-103662.68056064688,-85406.48510580442,0.049936345323862194
200,w99758975,139.83927450878545,sfh,19017.06701210734,21130.074457897044,23771.333765134175,r1,-17049.399115423446,-115195.6687645349,-98146.26964911146,0.049936345323862194
201,w99758979,705.2831632008775,trade,40567.1544633245,45074.61607036056,50708.94307915562,nr1,-33987.43400238051,-283611.589125398,-249624.1551230175,0.049934352873313936
202,w99758981,319.7999828794971,other,27092.453379920906,30102.725977689894,33865.56672490113,nr1,-22698.239090077222,-21185.455707042318,1512.7833830349045,0.049934352873313936
203,w99758984,336.42351993245535,ab,41356.19257743753,45951.325086041696,51695.24072179691,r1,-37077.12828156622,-206589.4441761042,-169512.31589453798,0.049936345323862194
204,w99758985,1446.6540044941007,ab,159203.44292933436,176892.71436592707,199004.30366166795,r2,-131387.2190186367,-555509.5033112228,-424122.28429258603,0.04596760521515349
205,w99758989,963.3213891830295,education,66773.88157928629,74193.20175476254,83467.35197410785,nr2,-51499.48748091812,-569858.6681051122,-518359.18062419404,0.04596760521515349
206,w99758991,346.04414169639347,ab,38927.20383955835,43252.44871062039,48659.00479944794,r1,-34899.46342858941,-248271.382354802,-213371.9189262126,0.049936345323862194
207,w99758995,38.315451947040856,sfh,4605.429916486004,5117.144351651115,5756.787395607505,r0,-5066.482605210543,-46151.60604616198,-41085.123440951436,0.06127560277731562
208,w99758997,604.6954287230968,other,49421.63020499519,54912.92244999466,61777.03775624399,nr1,-41405.77314588103,-416635.7213886045,-375229.9482427235,0.049934352873313936
209,w99759000,505.76658869385716,other,34496.09632156219,38328.995912846876,43120.120401952736,nr1,-28901.06078622835,-26974.874162852757,1926.1866233755936,0.049934352873313936
210,w99759001,277.86601877255595,other,21620.245901575137,24022.495446194596,27025.30737696892,nr1,-18113.586974885005,-181311.81158735265,-163198.22461246766,0.049934352873313936
211,w99759005,200.24946516156197,th,21517.100210125434,23907.889122361594,26896.37526265679,r1,-19290.757562952815,-124162.17383271056,-104871.41626975774,0.049936345323862194
212,w99759006,478.86383471041916,sfh,50992.01233528256,56657.79148364729,63740.0154191032,r2,-42082.624405745984,-225027.87244756494,-182945.24804181897,0.04596760521515349
213,w99759010,347.4218390390277,ab,42845.86231337848,47606.513681531644,53557.32789172309,r1,-38412.66408538155,-214402.43710621775,-175989.7730208362,0.049936345323862194
214,w99759011,1184.1155465334652,health,81096.3879180279,90107.09768669767,101370.48489753487,nr2,-62545.74866032219,-540891.0105843553,-478345.26192403317,0.04596760521515349
215,w99759013,1127.2734199425206,other,48346.56544700629,53718.406052229206,60433.20680875786,nr1,-40505.07668358747,-362524.23887053144,-322019.162186944,0.049934352873313936
216,w99759015,262.8249901607633,mfh,34217.03964154063,38018.932935045144,42771.29955192578,r1,-30676.65297837354,-28630.769119020624,2045.8838593529144,0.049936345323862194
217,w99759016,162.4421672269469,other,8362.91554321064,9292.128381345156,10453.644429013299,nr1,-7006.506713437862,-122050.03045061251,-115043.52373717465,0.049934352873313936
218,w99759020,78.66829424034803,other,5363.4306045502435,5959.367338389159,6704.288255687804,nr1,-4493.5181210035635,-68684.20485155965,-64190.68673055609,0.049934352873313936
219,w99759023,45.55874986834824,th,6763.263251708072,7514.736946342302,8454.079064635089,r1,-6063.478370646477,-41844.90877188401,-35781.430401237536,0.049936345323862194
220,w99759028,314.5253525768406,trade,33061.024403090545,36734.47155898949,41326.28050386318,nr1,-27698.747911120972,-258641.43189056084,-230942.68397943987,0.049934352873313936
221,w99759036,422.98085668310523,mfh,42631.70476229463,47368.56084699403,53289.63095286828,r1,-38220.66510048626,-187352.23872657743,-149131.57362609118,0.049936345323862194
222,w99759038,116.55152825303375,ab,12476.366237759883,13862.629153066537,15595.457797199853,r1,-11185.45501061421,-103457.64191525782,-92272.1869046436,0.049936345323862194
224,w99759044,415.2007402397692,trade,30727.523085082063,34141.69231675785,38409.403856352576,nr1,-25743.72486132875,-254713.24951174177,-228969.52465041302,0.049934352873313936
225,w99759045,941.2816024620085,trade,46874.11717738663,52082.35241931848,58592.646471733286,nr1,-39271.44965088884,-351697.71277461597,-312426.2631237271,0.049934352873313936
226,w99759047,442.628270605579,mfh,44840.233894655554,49822.482105172836,56050.29236831944,r1,-40200.68097841783,-183060.74939943812,-142860.0684210203,0.049936345323862194
227,w99759050,246.0824731603265,trade,22511.684368925235,25012.98263213915,28139.60546115654,nr1,-18860.440099711297,-201597.09439709425,-182736.65429738295,0.049934352873313936
228,w99759051,91.54405212756247,th,11301.573718027325,12557.30413114147,14126.967147534155,r1,-10132.216541507358,-75873.27074689251,-65741.05420538515,0.049936345323862194
229,w99759055,270.5142616614699,other,18027.259599334837,20030.288443705373,22534.074499168546,nr1,-15103.35896075966,-144038.65151613395,-128935.29255537428,0.049934352873313936
230,w99759057,194.30349186724052,th,26936.28423283178,29929.20470314642,33670.35529103972,r1,-24149.226601539223,-139725.69700430837,-115576.47040276915,0.049936345323862194
231,w99759061,534.3112589053809,trade,25116.553078843055,27907.281198714503,31395.691348553817,nr1,-21042.816569898223,-222048.6018404607,-201005.78527056248,0.049934352873313936
232,w99759062,137.67195288166403,th,17570.109600664895,19522.344000738773,21962.637000831117,r1,-15752.156254839525,-120996.59219974317,-105244.43594490364,0.049936345323862194
233,w99759063,182.5971095246263,sfh,23409.161696221272,26010.17966246808,29261.45212027659,r1,-20987.050235573235,-181100.44245227746,-160113.39221670423,0.049936345323862194
234,w99759067,347.13443305995315,other,14604.042087206286,16226.713430229207,18255.052609007857,nr1,-12235.36437724882,-132270.12573077757,-120034.76135352875,0.049934352873313936
235,w99759073,34.86947953915223,sfh,3369.323871661266,3743.69319073474,4211.654839576582,r0,-3706.629152250247,-53597.49914558999,-49890.869993339744,0.06127560277731562
236,w99759074,1179.944325777702,mfh,115106.04981104136,127895.61090115707,143882.5622638017,r2,-94994.57736982641,-438997.6787208236,-344003.1013509972,0.04596760521515349
237,w99759077,212.39228247441352,sfh,25996.152531155218,28884.613923505796,32495.19066394402,r1,-23306.368941483594,-141741.195035845,-118434.82609436142,0.049936345323862194
239,w99759083,341.51128259450195,trade,15755.53024255659,17506.144713951766,19694.412803195737,nr1,-13200.088874252253,-140846.67779103408,-127646.58891678182,0.049934352873313936
240,w99759085,319.12387123871594,other,16124.762320599133,17916.40257844348,20155.952900748915,nr1,-13509.433984848516,-163229.37052951747,-149719.93654466895,0.049934352873313936
241,w99759087,592.8829183824361,other,51137.99563470979,56819.99514967755,63922.494543387234,nr2,-39440.27969771248,-339980.5103490031,-300540.2306512906,0.04596760521515349
242,w99759088,334.1662621571682,ab,38269.47653436571,42521.64059373968,47836.84566795714,r1,-34309.79019831673,-189833.25136815867,-155523.46116984193,0.049936345323862194
243,w99759091,80.87078364617192,sfh,11524.131641001168,12804.590712223518,14405.164551251459,r1,-10331.746724193517,-9642.703044074588,689.0436801189298,0.049936345323862194
244,w99759093,176.2003906674683,sfh,24764.95217261122,27516.61352512358,30956.190215764025,r1,-22202.559069514125,-158653.66715003594,-136451.1080805218,0.049936345323862194
245,w99759094,339.69808716569094,other,37582.71276836215,41758.56974262461,46978.390960452685,nr1,-31487.048740377766,-271593.1747506069,-240106.1260102291,0.049934352873313936
246,w99759096,246.47077107857913,mfh,23598.463882924807,26220.515425472007,29498.079853656007,r1,-21156.765604009182,-115553.87342002522,-94397.10781601604,0.049936345323862194
247,w99759099,50.23060751573648,th,7134.781015914094,7927.53446212677,8918.476269892617,r1,-6396.555739327229,-78346.89410060969,-71950.33836128245,0.049936345323862194
248,w99759102,1460.464218017459,other,128159.99370613102,142399.99300681223,160199.99213266376,nr2,-98843.6471764262,-726283.8603017017,-627440.2131252754,0.04596760521515349
249,w99759105,189.26809048298745,mfh,22334.256335775855,24815.840373084284,27917.820419719817,r1,-20023.36374859423,-113297.9585662229,-93274.59481762866,0.049936345323862194
250,w99759110,35.61810292806477,th,4375.3120568172735,4861.457840908081,5469.140071021591,r0,-4813.327491724528,-64272.13703101331,-59458.809539288784,0.06127560277731562
251,w99759111,238.72463138289748,th,34535.9950545772,38373.327838419114,43169.9938182215,r1,-30962.606544894756,-28897.65190273244,2064.9546421623163,0.049936345323862194
252,w99759113,635.4707306571305,th,86670.32318175596,96300.35909083995,108337.90397719495,r2,-71527.17632715966,-441373.6414885817,-369846.46516142203,0.04596760521515349
253,w99759120,160.90588292758912,th,23237.39167444857,25819.324082720632,29046.73959306071,r1,-20833.053004801357,-19443.657397868144,1389.3956069332125,0.049936345323862194
254,w99759121,33.129497365746644,ab,3818.7156608234063,4243.017400914896,4773.394576029257,r0,-4201.009855898361,-50181.571682541704,-45980.561826643345,0.06127560277731562
255,w99759126,310.54387535755524,ab,34300.81502744586,38112.016697162064,42876.01878430732,r1,-30751.76024856601,-172141.40911114102,-141389.648862575,0.049936345323862194
256,w99759127,85.13879598667843,other,8496.79167350324,9440.879637225822,10620.989591879048,nr1,-7118.669033004236,-77512.08876256665,-70393.41972956242,0.049934352873313936
257,w99759131,184.6887545518577,ab,20787.501022478882,23097.223358309868,25984.3762780986,r1,-18636.648927980063,-150875.82384745602,-132239.17491947595,0.049936345323862194
258,w99759132,153.35469039995223,ab,17695.00512599379,19661.116806659767,22118.756407492237,r1,-15864.129024231734,-106890.93490094427,-91026.80587671253,0.049936345323862194
259,w99759137,162.2998407471925,mfh,21055.671207008436,23395.19023000937,26319.589008760544,r1,-18877.071938741414,-210403.2928739706,-191526.2209352292,0.049936345323862194
260,w99759138,557.9003615580499,mfh,56330.74901759959,62589.721130666214,70413.43627199948,r2,-46488.57036304395,-235819.1172764981,-189330.54691345413,0.04596760521515349
261,w99759140,160.4533356629312,ab,17634.05521702537,19593.394685583742,22042.56902128171,r1,-15809.485512517238,-125558.2185600244,-109748.73304750716,0.049936345323862194
262,w99759142,128.98004897348582,sfh,17650.096411774208,19611.218235304674,22062.620514717757,r1,-15823.86694848668,-90622.98052911977,-74799.11358063309,0.049936345323862194
263,w99759148,518.2482564277947,ab,59352.94618142581,65947.71797936202,74191.18272678225,r2,-48982.7254728514,-255714.5629647958,-206731.8374919444,0.04596760521515349
264,w99759152,155.39786574579776,ab,16837.00273483737,18707.780816485967,21046.253418546712,r1,-15094.90287597763,-106432.34229567059,-91337.43941969296,0.049936345323862194
265,w99759159,71.9146042395383,sfh,9767.034283888204,10852.260315431338,12208.792854860254,r1,-8756.45364103816,-97399.15711119815,-88642.70347015999,0.049936345323862194
266,w99759161,242.4930030848831,mfh,32388.127737790874,35986.808597545416,40485.15967223859,r1,-29036.97589388273,-168581.91197797604,-139544.9360840933,0.049936345323862194
267,w99759162,714.1891373082996,mfh,77904.36715681193,86560.40795201325,97380.45894601491,r2,-64292.81906097741,-317806.14207208157,-253513.32301110416,0.04596760521515349
268,w99759164,595.7694656141102,mfh,71961.73720566227,79957.48578406918,89952.17150707783,r2,-59388.492819207764,-55427.76219531048,3960.7306238972815,0.04596760521515349
269,w99759165,160.50856082765387,mfh,22755.65774251579,25284.064158350877,28444.572178144736,r1,-20401.16337283365,-126058.80367303526,-105657.64030020162,0.049936345323862194
270,w99759170,93.69908212199807,sfh,11619.451405943726,12910.501562159696,14524.314257429656,r1,-10417.203893538264,-108048.42865572241,-97631.22476218415,0.049936345323862194
271,w99759172,204.59550149962305,other,17169.669362300792,19077.410402556434,21462.08670287599,nr1,-14384.864110236394,-149915.91301328086,-135531.04890304446,0.049934352873313936
272,w99759176,41.50382452430203,sfh,4163.668093659857,4626.297881844285,5204.585117074821,r0,-4580.495708963833,-35442.77690765312,-30862.281198689285,0.06127560277731562
273,w99759177,360.73507672324774,ab,44758.280247853094,49731.42249761455,55947.850309816364,r1,-40127.20695466801,-216319.21238513023,-176192.00543046222,0.049936345323862194
274,w99759180,347.1465133147314,education,19069.298725020304,21188.109694467003,23836.62340627538,nr1,-15976.38632688049,-149512.77397262453,-133536.38764574405,0.049934352873313936
275,w99759183,128.67689446713774,sfh,18376.72489710795,20418.583219008833,22970.906121384935,r1,-16475.31225533675,-136723.23788219428,-120247.92562685753,0.049936345323862194
276,w99759189,171.2441471248865,ab,18363.415474169808,20403.794971299787,22954.269342712258,r1,-16463.379938774797,-135436.96271492506,-118973.58277615026,0.049936345323862194
277,w99759190,369.99921465907244,other,20710.457907946584,23011.619897718425,25888.072384933228,nr1,-17351.360493913468,-172004.5139711145,-154653.15347720103,0.049934352873313936
278,w99759195,184.4751641433686,sfh,22818.050116989565,25353.389018877293,28522.562646236955,r1,-20457.100100273543,-120107.12786526814,-99650.0277649946,0.049936345323862194
279,w155463247,886.8482149265707,mfh,90574.02742084471,100637.808245383,113217.53427605589,r2,-74748.82049771186,-333829.76571285864,-259080.94521514678,0.04596760521515349
280,w155463249,403.549402025342,trade,23648.752708879776,26276.391898755304,29560.940886099717,nr1,-19813.08357869477,-215727.35149261222,-195914.26791391746,0.049934352873313936
281,w155463253,721.7602650925515,mfh,85711.09171490726,95234.54634989696,107138.86464363408,r2,-70735.54297736859,-66018.05617194739,4717.486805421198,0.04596760521515349
282,w155463254,852.2730644002556,mfh,87014.59305688317,96682.88117431464,108768.24132110395,r2,-71811.29494075607,-67022.06420746523,4789.2307332908385,0.04596760521515349
283,w155463255,713.9319995328784,mfh,71073.4939418158,78970.54882423978,88841.86742726975,r2,-58655.4445251415,-54743.6022748883,3911.842250253205,0.04596760521515349
284,w155463260,725.1058137452229,mfh,66389.32398774149,73765.91554193498,82986.65498467686,r2,-54789.69858175976,-217271.79063867356,-162482.0920569138,0.04596760521515349
285,w155463261,1003.1358517257496,mfh,96812.24176736335,107569.15751929261,121015.30220920418,r2,-79897.08626100351,-351178.6107733626,-271281.5245123591,0.04596760521515349
286,w155463268,907.8277638942003,mfh,88048.47049851796,97831.63388724218,110060.58812314743,r2,-72664.53202761224,-306451.7680979227,-233787.23607031044,0.04596760521515349
287,w155463269,646.430608794326,mfh,65800.13973759115,73111.26637510127,82250.17467198893,r2,-54303.457337899265,-275670.6455519718,-221367.18821407255,0.04596760521515349
288,w155463275,531.2511221051216,mfh,56742.54191479465,63047.26879421628,70928.17739349332,r2,-46828.41429216111,-191425.69953659852,-144597.2852444374,0.04596760521515349
289,w155463277,722.3371928531676,mfh,75825.75026506544,84250.83362785049,94782.18783133179,r2,-62577.38070244294,-293959.06598679075,-231381.6852843478,0.04596760521515349
290,w155463281,852.691491766274,mfh,81167.2147222987,90185.79413588744,101459.01840287336,r2,-66985.57783442506,-316715.13437356905,-249729.556539144,0.04596760521515349
291,w155463286,75.58565192222595,sfh,11379.481362010443,12643.868180011603,14224.351702513053,r1,-10202.063196386624,-90184.862048079,-79982.79885169238,0.049936345323862194
292,w155463289,870.3151384696364,mfh,92029.85106537899,102255.39007264332,115037.31383172373,r2,-75950.28082116629,-333139.4052972111,-257189.1244760448,0.04596760521515349
293,w155463294,520.8021583877504,mfh,73954.39748668816,82171.55276298684,92442.9968583602,r2,-61032.99301314576,-56962.58756892658,4070.4054442191773,0.04596760521515349
294,w155463296,531.2875348292291,mfh,59600.264491446156,66222.51610160685,74500.33061430769,r2,-49186.832019594774,-263366.8637501243,-214180.0317305295,0.04596760521515349
295,w155463300,903.6974393147975,mfh,82377.16016846654,91530.17796496282,102971.45021058316,r2,-67984.12010468749,-312848.05477840296,-244863.93467371547,0.04596760521515349
296,w155463302,619.062746527791,mfh,73694.19011571503,81882.43346190559,92117.73764464378,r2,-60818.2493982386,-276525.7336951333,-215707.4842968947,0.04596760521515349
297,w155463304,1087.9011799693108,mfh,132782.97083749846,147536.6342638872,165978.71354687307,r2,-109582.96472969755,-102274.67008104143,7308.294648656112,0.04596760521515349
298,w155463308,740.3594694465398,mfh,74398.41232336155,82664.90258151284,92998.01540420194,r2,-61399.42902432817,-287094.45230717433,-225695.02328284614,0.04596760521515349
299,w155463310,722.3160033598542,mfh,78437.63363840502,87152.92626489447,98047.04204800627,r2,-64732.91255847463,-60415.752499792485,4317.160058682144,0.04596760521515349
300,w155463313,774.0583199881017,mfh,75098.58684319264,83442.87427021404,93873.2335539908,r2,-61977.26817966068,-274523.1851648199,-212545.91698515922,0.04596760521515349
301,w155463314,1101.9502923069522,mfh,104359.84119134728,115955.37910149698,130449.8014891841,r2,-86125.95970957637,-370716.4849542829,-284590.5252447065,0.04596760521515349
302,w155463317,740.3064833164215,mfh,74649.75970721088,82944.17745245653,93312.1996340136,r2,-61606.86068010102,-278174.84646822215,-216567.98578812112,0.04596760521515349
303,w155463319,828.4481069911271,mfh,78474.43739685023,87193.8193298336,98093.04674606278,r2,-64763.28591838806,-260052.7974507625,-195289.51153237445,0.04596760521515349
304,w155463321,781.2118542082608,mfh,75955.85291213829,84395.3921245981,94944.81614017286,r2,-62684.75165291574,-272176.08721182914,-209491.33555891342,0.04596760521515349
305,w155463324,722.1055689860135,mfh,76230.77521241456,84700.86134712728,95288.4690155182,r2,-62911.639186343884,-286266.2078787642,-223354.56869242032,0.04596760521515349
306,w155463327,780.4636536210775,mfh,78934.78481367027,87705.31645963363,98668.48101708783,r2,-65143.20086096404,-316074.631436489,-250931.43057552495,0.04596760521515349
307,w155463330,867.026127423346,mfh,92798.36038612344,103109.28931791494,115997.9504826543,r2,-76584.51523585376,-71476.94943629084,5107.565799562915,0.04596760521515349
308,w155463331,701.7002469789237,mfh,75620.8436945795,84023.15966064388,94526.05461822437,r2,-62408.275663258915,-302503.7063385747,-240095.4306753158,0.04596760521515349
309,w155463336,356.26551316827533,mfh,37646.38639526564,41829.31821696182,47057.98299408205,r1,-33751.170277608755,-132945.85080359902,-99194.68052599026,0.049936345323862194
310,w155463337,437.0872274041176,trade,16347.364508861188,18163.7383431791,20434.205636076484,nr1,-13695.931590668562,-134947.07959842196,-121251.14800775339,0.049934352873313936
311,w155463339,868.4495440013707,mfh,96284.55889755068,106982.84321950076,120355.69862193835,r2,-79461.60079967945,-74162.15673617563,5299.444063503819,0.04596760521515349
312,w155463342,722.9579402044416,mfh,72192.16091602764,80213.5121289196,90240.20114503455,r2,-59578.656611797975,-293857.801701295,-234279.14508949703,0.04596760521515349
313,w155463343,844.8904670208692,mfh,87271.28425516972,96968.09361685524,109089.10531896215,r2,-72023.13673304947,-347204.1933046999,-275181.05657165044,0.04596760521515349
314,w155463347,1083.6851687338203,mfh,101563.78341079073,112848.64823421191,126954.7292634884,r2,-83818.4326282317,-319056.97563267685,-235238.54300444515,0.04596760521515349
315,w155463348,740.608741542697,mfh,73742.38733091138,81935.98592323487,92177.98416363922,r2,-60858.02553594375,-263356.82549356256,-202498.79995761882,0.04596760521515349
316,w155463352,356.4181080274284,mfh,38492.77211566138,42769.74679517931,48115.965144576716,r1,-34509.981714905305,-32208.44593044855,2301.535784456755,0.049936345323862194
317,w155463353,722.1394314199686,mfh,96023.96050529758,106693.28945033065,120029.95063162198,r2,-79246.53448321756,-73961.43359808622,5285.100885131338,0.04596760521515349
318,w155463354,696.3946817303076,mfh,75225.69127239037,83584.10141376707,94032.11409048796,r2,-62082.164764621186,-327173.0553413867,-265090.8905767655,0.04596760521515349
319,w155463358,865.4375973489136,mfh,87470.73329689098,97189.70366321219,109338.41662111372,r2,-72187.73778969445,-314091.30472875026,-241903.5669390558,0.04596760521515349
320,w155463359,1101.9756921548396,mfh,103923.56216152417,115470.62462391573,129904.4527019052,r2,-85765.9078954328,-366213.603461255,-280447.69556582224,0.04596760521515349
321,w155463364,740.593882034719,mfh,74624.72489312779,82916.3609923642,93280.90611640972,r2,-61586.19997992706,-279412.4895233226,-217826.28954339554,0.04596760521515349
322,w155463365,603.6562003400177,mfh,57345.292217422895,63716.9913526921,71681.61527177862,r2,-47325.85131090775,-200185.69510678833,-152859.8437958806,0.04596760521515349
323,w155463369,722.4004129424691,mfh,76517.50006263371,85019.44451403746,95646.87507829214,r2,-63148.26711348332,-289064.92327137064,-225916.6561578873,0.04596760521515349
324,w155463370,696.1379145577084,mfh,67777.64861111336,75308.49845679261,84722.06076389168,r2,-55935.453397130754,-231753.7597345255,-175818.30633739475,0.04596760521515349
325,w155463373,865.3327697202564,mfh,87284.13642326384,96982.3738036265,109105.1705290798,r2,-72033.74335432082,-313883.6944808128,-241849.951126492,0.04596760521515349
326,w155463376,746.0008564919234,mfh,78349.89022816702,87055.43358685223,97937.36278520877,r2,-64660.49978619871,-324766.0372616105,-260105.53747541178,0.04596760521515349
327,w155463378,701.7079005709849,mfh,75289.53058162499,83655.03397958331,94111.91322703123,r2,-62134.84999020471,-288090.8852551088,-225956.03526490412,0.04596760521515349
328,w155463380,903.4881653226912,mfh,80794.44802773364,89771.60891970404,100993.06003466704,r2,-66677.94140118905,-297193.58340508526,-230515.6420038962,0.04596760521515349
329,w155463382,654.6620004437864,mfh,67195.36451178146,74661.51612420162,83994.20563972682,r2,-55454.90670114035,-245778.7471469146,-190323.84044577426,0.04596760521515349
330,w155463388,654.8312545590103,mfh,81045.45395849762,90050.50439833068,101306.81744812202,r2,-66885.09126298506,-62424.39834636353,4460.692916621534,0.04596760521515349
331,w155463390,658.415929133445,mfh,67307.170216775,74785.74468530556,84133.96277096875,r2,-55547.17757405131,-237958.3312631778,-182411.15368912648,0.04596760521515349
332,w155463392,746.3197361536323,mfh,74500.89326832342,82778.77029813713,93126.11658540426,r2,-61484.0043708985,-283705.76686247805,-222221.76249157955,0.04596760521515349
333,w155463395,740.6091377854347,mfh,81203.21252281987,90225.79169202207,101504.01565352484,r2,-67015.28605438714,-62545.91020151146,4469.375852875673,0.04596760521515349
334,w155463397,721.9107812985777,mfh,69115.7372055503,76795.26356172255,86394.67150693786,r2,-57039.749485134715,-244088.61070692714,-187048.8612217924,0.04596760521515349
335,w155463400,957.7393607803388,mfh,132263.3739372203,146959.30437468924,165329.2174215254,r2,-109154.15244723608,-101874.45609866176,7279.696348574318,0.04596760521515349
336,w155463402,519.368776667118,mfh,57328.60677905928,63698.45197673253,71660.7584738241,r2,-47312.081173124505,-244087.82311913607,-196775.74194601155,0.04596760521515349
337,w155463405,658.592996231094,mfh,66453.3492473543,73837.05471928256,83066.68655919287,r2,-54842.53726823973,-236141.728527561,-181299.1912593213,0.04596760521515349
338,w155463406,932.8967588515952,mfh,87329.94975847227,97033.27750941363,109162.43719809034,r2,-72071.55212651977,-343982.5736785443,-271911.0215520245,0.04596760521515349
339,w155463408,740.3845857441426,mfh,81123.65596148898,90137.39551276554,101404.56995186122,r2,-66949.62971457675,-62484.63260686525,4464.997107711497,0.04596760521515349
340,w155463411,886.3585438661277,mfh,86630.34371086476,96255.9374565164,108287.92963858094,r2,-71494.18211923564,-309025.9535426795,-237531.77142344386,0.04596760521515349
341,w155463413,436.59599217027426,trade,16616.663351011164,18462.959278901293,20770.829188763953,nr1,-13921.551966205738,-137691.4487968375,-123769.89683063177,0.049934352873313936
342,w155463416,722.4005093876273,mfh,71360.79474582999,79289.7719398111,89200.99343228748,r2,-58892.54777471128,-290437.1316169314,-231544.58384222013,0.04596760521515349
343,w155463417,828.3400002270937,mfh,74807.01169807202,83118.90188674668,93508.76462259002,r2,-61736.63740718827,-270176.09211183485,-208439.45470464657,0.04596760521515349
344,w155463421,509.4774500131606,mfh,62634.51134401355,69593.90149334838,78293.13918001692,r2,-51690.931481513035,-48243.56574485658,3447.365736656451,0.04596760521515349
345,w155463422,674.0859733853489,mfh,66828.4486191273,74253.83179903033,83535.56077390912,r2,-55152.09881041547,-242577.43920800133,-187425.34039758588,0.04596760521515349
346,w155463424,701.7858467099256,mfh,75354.80212003247,83727.55791114719,94193.50265004058,r2,-62188.71720409553,-298722.5735226972,-236533.85631860167,0.04596760521515349
347,w155463427,540.3469697440042,mfh,55711.525451732596,61901.69494636955,69639.40681466574,r2,-45977.53831013677,-223417.28646533747,-177439.7481552007,0.04596760521515349
348,w155463430,521.3457492198795,mfh,65819.9805171453,73133.31168571701,82274.97564643163,r2,-54319.83151172878,-50697.13947257569,3622.6920391530875,0.04596760521515349
349,w155463434,634.5610695700626,mfh,64418.57211226843,71576.19123585381,80523.21514033554,r2,-53163.27892945929,-232055.28046127717,-178892.0015318179,0.04596760521515349
350,w155463435,740.6094772338867,mfh,73569.89609015193,81744.3289890577,91962.37011268991,r2,-60715.672179688016,-271876.87066572794,-211161.19848603994,0.04596760521515349
351,w155463436,830.3215000247583,mfh,74986.73881598086,83318.59868442318,93733.42351997607,r2,-61884.9623791222,-248287.29979337845,-186402.33741425624,0.04596760521515349
352,w155463437,634.6341266736388,mfh,64166.464939277284,71296.07215475253,80208.0811740966,r2,-52955.220235850116,-235563.0583760931,-182607.838140243,0.04596760521515349
353,w155463439,740.3900625675916,mfh,77902.86750022264,86558.74166691404,97378.5843752783,r2,-64291.581426255914,-317919.9295809414,-253628.34815468546,0.04596760521515349
354,w155463441,304.4361848443746,mfh,36817.49098632539,40908.32331813932,46021.863732906735,r1,-33008.039455018334,-30806.671033322727,2201.3684216956062,0.049936345323862194
355,w155463442,681.7836883433163,mfh,68711.68346108304,76346.31495675893,85889.6043263538,r2,-56706.29251433802,-267277.8355214502,-210571.5430071122,0.04596760521515349
356,w155463445,701.5969566701912,mfh,73907.62346345419,82119.58162606022,92384.52932931774,r2,-60994.39140553007,-288512.56421715854,-227518.17281162846,0.04596760521515349
357,w155463446,527.3302180506289,mfh,52013.41474555332,57792.683050614796,65016.768431941644,r2,-42925.56611426152,-199616.7188864483,-156691.1527721868,0.04596760521515349
358,w155463447,540.1562461696565,mfh,59085.19228162839,65650.21364625376,73856.49035203549,r2,-48761.75386803885,-253726.80877592694,-204965.0549078881,0.04596760521515349
359,w155463448,488.2503870327026,mfh,51268.34796637681,56964.83107375201,64085.43495797101,r2,-42310.67833107063,-214975.02264309494,-172664.3443120243,0.04596760521515349
360,w155463452,416.2699146196246,mfh,40700.76121869014,45223.06802076682,50875.95152336267,r1,-36489.51343954383,-34055.958949937914,2433.5544896059146,0.049936345323862194
361,w155463453,826.68092449978,mfh,83117.14823153104,92352.38692392338,103896.4352894138,r2,-68594.81653137338,-301516.08070048917,-232921.2641691158,0.04596760521515349
362,w155463454,830.106713430956,mfh,73765.5043705863,81961.67152287367,92206.88046323288,r2,-60877.10353764362,-254834.4693831705,-193957.3658455269,0.04596760521515349
363,w155463458,653.3753796381876,mfh,58960.56636749198,65511.74040832442,73700.70795936497,r2,-48658.902748900015,-203156.11493349238,-154497.21218459238,0.04596760521515349
364,w155463459,716.456727950275,mfh,75283.97896378927,83648.8655153214,94104.97370473658,r2,-62130.26835795438,-292218.99256467295,-230088.72420671856,0.04596760521515349
365,w155463463,389.00259175430983,mfh,37000.96483362116,41112.18314846796,46251.206042026446,r1,-33172.52953373533,-30960.19095837569,2212.3385753596413,0.049936345323862194
366,w155463464,681.5525098629297,mfh,69179.35495120153,76865.94994577947,86474.19368900191,r2,-57092.25185900022,-261299.97790336818,-204207.72604436797,0.04596760521515349
367,w155463468,854.9059582386632,mfh,81699.0096870192,90776.67743002134,102123.762108774,r2,-67424.45692031113,-284371.35089185904,-216946.8939715479,0.04596760521515349
368,w155463469,716.6904537379742,mfh,100679.18201464991,111865.75779405545,125848.97751831239,r2,-83088.38989020792,-77547.06842023408,5541.3214699738455,0.04596760521515349
369,w155463470,608.2978411447257,mfh,64367.74654988399,71519.71838875998,80459.68318735498,r2,-53121.33367266157,-49578.57171539015,3542.7619572714175,0.04596760521515349
370,w155463473,376.1376306014136,mfh,43550.29606288637,48389.217847651526,54437.870078607964,r1,-39044.211113011406,-36440.279016064866,2603.9320969465407,0.049936345323862194
371,w155463474,720.4433401308954,mfh,67276.75041664802,74751.94490738669,84095.93802081002,r2,-55522.07275930454,-272876.54842519853,-217354.475665894,0.04596760521515349
372,w155463478,851.8925360153429,mfh,87684.85616685112,97427.61796316791,109606.0702085639,r2,-72364.44884502534,-67538.32723432097,4826.121610704373,0.04596760521515349
373,w155463479,376.5337288361043,mfh,37121.41584101446,41246.017601127176,46401.76980126807,r1,-33280.517652912466,-152842.35321391004,-119561.83556099757,0.049936345323862194
374,w155463480,664.0854127705097,mfh,73172.86575571459,81303.18417301621,91466.08219464324,r2,-60388.011479969886,-56360.62107097101,4027.390408998879,0.04596760521515349
375,w155463484,531.1159037780716,mfh,68085.21955592721,75650.24395103024,85106.52444490901,r2,-56189.28516324378,-52441.91573330301,3747.3694299407725,0.04596760521515349
376,w155463485,716.6882258921862,mfh,74226.11389675422,82473.45988528247,92782.64237094278,r2,-61257.234793495656,-269797.58840093855,-208540.3536074429,0.04596760521515349
377,w155463490,790.5601109853014,mfh,73479.01625668757,81643.35139631951,91848.77032085945,r2,-60640.670983959724,-274139.7507214638,-213499.0797375041,0.04596760521515349
378,w155463491,681.5525530032813,mfh,68426.0537270324,76028.94858559156,85532.5671587905,r2,-56470.56836330566,-252666.26649232494,-196195.6981290193,0.04596760521515349
379,w155463494,531.001435648324,mfh,56124.10929184654,62360.12143538504,70155.13661480817,r2,-46318.034987640545,-201301.8490656597,-154983.81407801918,0.04596760521515349
380,w155463495,716.4590312853455,mfh,79038.97749810597,87821.08610900663,98798.72187263246,r2,-65229.188869754595,-335025.98912591947,-269796.80025616486,0.04596760521515349
381,w155463496,611.941689690575,mfh,60485.334200613484,67205.92688957053,75606.66775076685,r2,-49917.26124640957,-232311.122451937,-182393.86120552744,0.04596760521515349
382,w155463500,1108.025532820262,mfh,100906.99247980208,112118.88053311342,126133.7405997526,r2,-83276.39702704459,-363987.0030971589,-280710.6060701143,0.04596760521515349
383,w155463502,540.1563036605716,mfh,59609.47184418452,66232.74649353835,74511.83980523064,r2,-49194.43065219063,-244655.82686030588,-195461.39620811524,0.04596760521515349
384,w155463507,1267.198863344267,mfh,124829.28501538603,138699.20557265115,156036.60626923252,r2,-103018.95680444707,-470280.7371803609,-367261.78037591383,0.04596760521515349
385,w155463508,530.6506136165466,mfh,59404.70237854505,66005.22486505006,74255.87797318131,r2,-49025.438762723505,-240685.9128083129,-191660.4740455894,0.04596760521515349
386,w155463511,1747.3368958860635,mfh,164794.07162005454,183104.52402228283,205992.58952506818,r2,-136001.04609878073,-565606.1585353198,-429605.11243653914,0.04596760521515349
387,w155463513,612.2091895099729,mfh,81863.33408033723,90959.26008926358,102329.16760042153,r2,-67560.07035088602,-63054.36180552847,4505.708545357549,0.04596760521515349
388,w155463514,830.106801855378,mfh,74653.97590525495,82948.86211694994,93317.46988156869,r2,-61610.340218769605,-257754.39762410973,-196144.05740534014,0.04596760521515349
389,w155463518,691.345141955465,mfh,72173.4858662746,80192.76207363844,90216.85733284324,r2,-59563.24449000627,-260362.4959142168,-200799.25142421052,0.04596760521515349
390,w155463519,507.32179623667616,mfh,55562.18913504426,61735.76570560473,69452.73641880532,r2,-45854.294220768206,-213224.91501394912,-167370.62079318092,0.04596760521515349
391,w155463522,1139.1653657640795,mfh,129564.6746402093,143960.74960023255,161955.84330026162,r2,-106926.9732538865,-99795.81168734244,7131.161566544062,0.04596760521515349
392,w155463523,446.09937440417707,mfh,52022.345619720814,57802.60624413424,65027.93202465102,r2,-42932.9365749669,-40069.658040790775,2863.2785341761264,0.04596760521515349
393,w155463528,681.6119319483638,mfh,68495.57242516302,76106.19158351446,85619.46553145377,r2,-56527.940667880954,-253755.42603194652,-197227.48536406556,0.04596760521515349
394,w155463529,691.3949336603283,mfh,83645.16797269836,92939.0755252204,104556.45996587294,r2,-69030.58000546927,-64426.80039709664,4603.779608372628,0.04596760521515349
395,w155463531,507.3216828555101,mfh,54061.208972385146,60068.00996931683,67576.51121548143,r2,-44615.56718229921,-205938.50069038317,-161322.93350808395,0.04596760521515349
396,w155463534,640.8467616457492,mfh,62761.80582241785,69735.3398026865,78452.25727802231,r2,-51795.98491004595,-212242.9990561096,-160447.01414606365,0.04596760521515349
397,w155463535,684.7868416263722,mfh,63983.21967634138,71092.46630704598,79979.02459542672,r2,-52803.99181357177,-249173.73600856814,-196369.74419499637,0.04596760521515349
398,w155463536,691.6131192699074,mfh,70337.30683773482,78152.56315303869,87921.63354716853,r2,-58047.88494914967,-244981.34286972482,-186933.45792057514,0.04596760521515349
399,w155463537,507.3215693686623,mfh,56345.158000452444,62605.73111161382,70431.44750056555,r2,-46500.461790459645,-247357.7968581451,-200857.33506768546,0.04596760521515349
400,w155463538,643.413233704865,mfh,67471.69315381986,74968.54794868872,84339.61644227481,r2,-55682.95485854569,-51969.35355182922,3713.6013067164677,0.04596760521515349
401,w155463539,710.019569536671,mfh,70101.74839593095,77890.83155103438,87627.18549491368,r2,-57853.4835717956,-238072.92666497413,-180219.44309317853,0.04596760521515349
402,w155463540,840.6794232809916,mfh,76273.68228195352,84748.53586883724,95342.1028524419,r2,-62947.04947923225,-284529.1886853896,-221582.13920615733,0.04596760521515349
403,w155463541,696.2558067506179,mfh,69091.86352939304,76768.73725488115,86364.8294117413,r2,-57020.04704742145,-257092.04675668382,-200071.99970926237,0.04596760521515349
404,w155463542,640.557884996757,mfh,65685.4859572708,72983.87328585643,82106.85744658849,r2,-54208.83600893119,-50593.54646925531,3615.289539675883,0.04596760521515349
405,w155463543,587.0278481058776,mfh,64620.647257978446,71800.7191755316,80775.80907247306,r2,-53330.04725393207,-265230.8437569334,-211900.79650300133,0.04596760521515349
406,w155463544,825.5248426020145,mfh,98226.61890138821,109140.68766820912,122783.27362673526,r2,-81064.34165990565,-75658.00778482514,5406.333875080512,0.04596760521515349
407,w155463545,709.4769112125038,mfh,68799.48875180824,76443.87639089805,85999.3609397603,r2,-56778.75635526531,-264640.1040427619,-207861.3476874966,0.04596760521515349
408,w155463546,647.0489746004342,mfh,65167.88665066121,72408.76294517911,81459.8583133265,r2,-53781.6722980836,-222824.74733000607,-169043.07503192246,0.04596760521515349
409,w155463547,586.4484846569597,mfh,65038.9578364076,72265.50870711956,81298.6972955095,r2,-53675.27008689731,-50095.56506514648,3579.7050217508295,0.04596760521515349
410,w155463548,500.40091222245246,mfh,58521.66054916764,65024.06727685293,73152.07568645955,r2,-48296.68310201505,-45075.68619311648,3220.996908898567,0.04596760521515349
411,w155463549,672.5395986035466,mfh,71071.92574614852,78968.80638460947,88839.90718268565,r2,-58654.15032657512,-273820.3519986682,-215166.2016720931,0.04596760521515349
412,w155463551,586.1050742082298,mfh,58460.95059670617,64956.61177411796,73076.1882458827,r2,-48246.580468090186,-199382.23967341255,-151135.65920532236,0.04596760521515349
413,w155463552,667.035758360289,mfh,68669.64406031062,76299.60451145624,85837.05507538827,r2,-56671.598290048234,-273214.2424825084,-216542.64419246017,0.04596760521515349
414,w155463553,817.6307530952618,mfh,76749.54752122253,85277.27502358059,95936.93440152815,r2,-63339.77095098424,-297210.40104935766,-233870.63009837343,0.04596760521515349
415,w155463556,732.9133296664804,mfh,64357.9958795773,71508.88431064144,80447.49484947162,r2,-53113.28665161987,-219940.76897538413,-166827.48232376424,0.04596760521515349
416,w155463558,710.1379440590739,mfh,77163.4124884325,85737.12498714722,96454.26561054062,r2,-63681.3249154616,-271683.8716137983,-208002.54669833672,0.04596760521515349
417,w155463561,654.0662793286144,mfh,66767.48224207119,74186.09138007909,83459.35280258898,r2,-55101.78455472063,-51426.94259195766,3674.84196276297,0.04596760521515349
418,w155463562,586.3292756803334,mfh,59654.3554106497,66282.61712294411,74567.94426331212,r2,-49231.47210599962,-233343.95369556226,-184112.48158956264,0.04596760521515349
419,w155463566,653.8032613813876,mfh,66481.29901255308,73868.11001394787,83101.62376569134,r2,-54865.603615638516,-247247.57219346083,-192381.96857782232,0.04596760521515349
420,w155463567,133.41999841853976,sfh,16572.97361038044,18414.415122644932,20716.217012975547,r1,-14858.19245590622,-146714.8323473852,-131856.639891479,0.049936345323862194
421,w155463569,886.7166110530495,mfh,90690.7250070177,100767.47223001966,113363.40625877211,r2,-74845.12853622746,-303512.0769591727,-228666.94842294522,0.04596760521515349
422,w155463572,311.3570919752121,mfh,35890.06917924034,39877.854643600374,44862.58647405042,r1,-32176.57661549248,-30030.660019138988,2145.9165963534906,0.049936345323862194
423,w155463574,863.4385226266459,mfh,80266.77887142508,89185.30985713897,100333.47358928135,r2,-66242.46725732856,-297122.4853261599,-230880.01806883136,0.04596760521515349
424,w155463577,931.9227139726281,mfh,104741.59050899002,116379.54500998891,130926.98813623752,r2,-86441.00931079387,-80676.09532686602,5764.9139839278505,0.04596760521515349
425,w155463578,931.2066993936896,mfh,95901.79540846782,106557.55045385312,119877.24426058478,r2,-79145.71422431945,-350769.91421044205,-271624.1999861226,0.04596760521515349
426,w155463581,136.57608463019133,sfh,20238.058157433414,22486.731286037128,25297.572696791765,r1,-18144.05610642047,-126136.29195058548,-107992.23584416501,0.049936345323862194
427,w155463583,949.1963916398585,mfh,98696.62464541465,109662.91627268294,123370.7808067683,r2,-81452.2274147246,-384562.119942787,-303109.8925280624,0.04596760521515349
428,w155463586,949.1754787907004,mfh,101711.11223859426,113012.34693177139,127138.89029824281,r2,-83940.01997967467,-78341.90169241418,5598.118287260499,0.04596760521515349
429,w155463589,722.9646147996187,mfh,79863.38270239974,88737.09189155528,99829.22837799968,r2,-65909.55296957327,-61513.92054211524,4395.632427458033,0.04596760521515349
430,w155463591,591.1442194825038,mfh,72104.48386231158,80116.0931803462,90130.60482788947,r2,-59506.29860214983,-302347.2053709162,-242840.9067687664,0.04596760521515349
431,w155463593,535.6290349200369,mfh,57403.922688774626,63782.13632086069,71754.90336096828,r2,-47374.23779325332,-228713.34661175418,-181339.10881850086,0.04596760521515349
432,w155463596,724.8313003255054,mfh,67296.75836170698,74774.1759574522,84120.94795213372,r2,-55538.58489127359,-243035.75216175627,-187497.1672704827,0.04596760521515349
433,w155463597,752.1160736689344,mfh,96345.81377389302,107050.90419321446,120432.26721736627,r2,-79512.15314770576,-74209.33765274387,5302.815494961891,0.04596760521515349
434,w155463600,535.4490051213652,mfh,64489.169061256325,71654.6322902848,80611.4613265704,r2,-53221.54109155861,-49672.0961124773,3549.4449790813087,0.04596760521515349
435,w155463601,907.8308945208788,mfh,90872.07987539202,100968.97763932447,113590.09984424003,r2,-74994.79685603744,-347091.36947962944,-272096.572623592,0.04596760521515349
436,w155463605,389.4215188790113,mfh,42998.73447932191,47776.37164369101,53748.41809915238,r1,-38549.718793615444,-35978.765322320774,2570.9534712946697,0.049936345323862194
437,w155463606,690.2915003947913,mfh,72619.17804943162,80687.97561047958,90773.97256178952,r2,-59931.06477960477,-275372.55190765485,-215441.48712805007,0.04596760521515349
438,w155463610,725.1058211326599,mfh,66694.63523034648,74105.15025594053,83368.2940379331,r2,-55041.66546364937,-231233.46302174113,-176191.79755809176,0.04596760521515349
439,w155463611,1002.8680375270545,mfh,112403.2420384642,124892.49115384911,140504.05254808025,r2,-92764.00753888066,-86577.40087463726,6186.606664243402,0.04596760521515349
440,w155463612,535.6290688522159,mfh,63516.22491576578,70573.58323973975,79395.28114470722,r2,-52418.59095942354,-48922.69623943857,3495.8947199849717,0.04596760521515349
441,w155463616,543.6235096465331,mfh,57717.03913082603,64130.04347869559,72146.29891353253,r2,-47632.646140417055,-203249.92684579844,-155617.2807053814,0.04596760521515349
442,w155463618,752.1486698825844,mfh,78276.75754478379,86974.17504975977,97845.94693097973,r2,-64600.14493637705,-283488.192035916,-218888.04709953896,0.04596760521515349
443,w155463621,238.18491610530762,mfh,25941.058157091844,28823.39795232427,32426.322696364805,r1,-23256.97510110732,-115375.22765906034,-92118.25255795302,0.049936345323862194
444,w155463623,73.76475410088896,mfh,9386.532258258556,10429.48028695395,11733.165322823193,r1,-8415.32159922242,-52144.290177659925,-43728.9685784375,0.049936345323862194
445,w155463625,52.41574023310095,sfh,7168.165529890833,7964.628366545369,8960.206912363541,r1,-6426.486006844375,-44430.53872662946,-38004.05271978508,0.049936345323862194
446,w155463626,98.3909645654261,mfh,11326.695090576788,12585.216767307542,14158.368863220985,r1,-10154.73864266262,-52825.76546081036,-42671.026818147744,0.049936345323862194
447,w155463629,643.7923131911084,mfh,60925.212855087026,67694.68095009669,76156.51606885878,r2,-50280.283754299635,-210321.88906834644,-160041.6053140468,0.04596760521515349
448,w155463631,546.7249739198014,mfh,62732.02766693095,69702.25296325661,78415.03458366368,r2,-51771.40963098828,-48318.67665471942,3452.7329762688605,0.04596760521515349
449,w155463632,612.4270064728335,mfh,67447.16411095476,74941.2934566164,84308.95513869345,r2,-55662.71156061234,-51950.46031762451,3712.2512429878334,0.04596760521515349
450,w155463633,683.6260891854763,mfh,67343.37274848943,74825.96972054381,84179.21593561179,r2,-55577.054754317476,-242344.32787057996,-186767.27311626248,0.04596760521515349
451,w155463638,279.5906790524721,ab,31093.580676718997,34548.42297413222,38866.97584589874,r1,-27876.37370933655,-175332.5670822265,-147456.19337288995,0.049936345323862194
452,w155463639,282.758548167441,other,12733.875761949328,14148.750846610365,15917.34470243666,nr1,-10668.526490933426,-158720.01246163432,-148051.4859707009,0.049934352873313936
453,w155463640,56.80619836300611,sfh,8149.209288913908,9054.67698768212,10186.511611142383,r1,-7306.02261396843,-67169.9488056945,-59863.92619172607,0.049936345323862194
454,w155463643,240.41873629689215,ab,28483.777730710135,31648.64192301126,35604.72216338767,r1,-25536.603227864052,-181462.95429382334,-155926.3510659593,0.049936345323862194
455,w155463644,98.43792371228336,mfh,11153.843250929993,12393.159167699992,13942.30406366249,r1,-9999.771528117712,-54904.344255460426,-44904.57272734272,0.049936345323862194
456,w155463645,98.39091195091605,mfh,11053.44919247696,12281.61021386329,13816.811490596201,r1,-9909.765094933611,-56541.39567313855,-46631.63057820494,0.049936345323862194
457,w155463647,97.66299930792302,mfh,9369.723502372359,10410.803891524843,11712.154377965448,r1,-8400.252020535283,-52492.77646111236,-44092.52444057707,0.049936345323862194
458,w155463653,376.11661268314344,mfh,49110.00769747382,54566.67521941535,61387.50962184227,r1,-44028.66757858499,-41092.31267665535,2936.3549019296406,0.049936345323862194
459,w155463654,482.5493668295443,mfh,52586.0148678914,58428.905408768216,65732.51858486424,r2,-43398.12082978438,-213343.74547486246,-169945.6246450781,0.04596760521515349
460,w155463656,73.78574474137277,mfh,10518.511422655341,11687.23491406149,13148.139278319177,r1,-9430.176547772431,-60715.276768823685,-51285.10022105125,0.049936345323862194
461,w155463657,470.15250823192764,mfh,44569.71600670739,49521.906674119324,55712.145008384236,r1,-39958.15317765059,-159528.27730846725,-119570.12413081666,0.049936345323862194
462,w155463660,49.947176152281465,mfh,6130.094348688484,6811.2159429872045,7662.617935860605,r1,-5495.822520867803,-33436.898406343105,-27941.0758854753,0.049936345323862194
463,w155463661,78.16354378722608,sfh,10628.335831745004,11809.262035272226,13285.419789681255,r1,-9528.6375871111,-80001.48859139305,-70472.85100428195,0.049936345323862194
464,w155463663,104.99722011834383,sfh,12659.813951807402,14066.45994645267,15824.767439759253,r1,-11349.921660051632,-80949.27513469172,-69599.35347464008,0.049936345323862194
465,w155463665,467.86907609552145,trade,25152.751602532997,27947.501780592218,31440.939503166246,nr1,-21073.143935748045,-204747.95417552383,-183674.81023977578,0.049934352873313936
466,w155463667,587.3173447391018,mfh,62170.68286456457,69078.53651618285,77713.3535807057,r2,-51308.14369190791,-237865.9631227405,-186557.81943083258,0.04596760521515349
467,w155463669,557.4523567564785,mfh,63822.83861379559,70914.26512643954,79778.54826724448,r2,-52671.63273010332,-285981.4614425896,-233309.82871248625,0.04596760521515349
468,w155463671,449.48969881236553,mfh,44460.06219337882,49400.06910375424,55575.07774172352,r1,-39859.84508278103,-205429.06877815942,-165569.2236953784,0.049936345323862194
469,w155576276,58.73152135126293,other,7036.542804460303,7818.380893844781,8795.678505575379,nr1,-5895.262739902838,-82097.35823049188,-76202.09549058904,0.049934352873313936
470,w159548666,1258.4072781499474,other,45034.07044829587,50037.85605366207,56292.58806036983,nr1,-37729.84616418613,-394303.2861458691,-356573.439981683,0.049934352873313936
471,w159548667,15669.025621107221,trade,613413.7969842755,681570.8855380839,766767.2462303443,nr2,-473096.59722123644,-3446371.168813306,-2973274.571592069,0.04596760521515349
472,w159548669,2256.2803165019486,trade,261494.21083095495,290549.1231455055,326867.76353869366,nr2,-201677.92433978897,-188236.5727241221,13441.351615666877,0.04596760521515349
473,w159548670,188.14899220019578,mfh,23028.989782019133,25587.766424465703,28786.237227523914,r1,-20646.214149042113,-108428.2474984066,-87782.0333493645,0.049936345323862194
474,w159548671,318.3455893772654,other,12677.331192583715,14085.923547315238,15846.663990729643,nr1,-10621.15307160119,-93331.6505440359,-82710.49747243471,0.049934352873313936
475,w159548672,170.00981159284711,ab,21983.144401197525,24425.716001330584,27478.930501496907,r1,-19708.580848423386,-125054.93454264103,-105346.35369421764,0.049936345323862194
476,w159548674,118.95309109317604,trade,10044.893361266411,11160.992623629345,12556.116701583014,nr1,-8415.679006661449,-95352.83993904675,-86937.1609323853,0.049934352873313936
477,w159548675,865.047436706489,mfh,94066.05527670533,104517.83919633925,117582.56909588166,r2,-77630.71689564838,-399235.8768814483,-321605.1599857999,0.04596760521515349
478,w159548677,106.67055884185247,other,5052.772241354683,5614.191379282981,6315.965301693353,nr1,-4233.246461428765,-66467.7161340463,-62234.46967261754,0.049934352873313936
479,w159872586,633.9711885744706,mfh,61528.304105702184,68364.7823396691,76910.38013212773,r2,-50778.00215017609,-253246.2916311297,-202468.2894809536,0.04596760521515349
480,w159872589,1091.462102752924,mfh,104981.15974855874,116645.73305395416,131226.4496856984,r2,-86638.72071433,-390567.0365487316,-303928.31583440164,0.04596760521515349
481,w159872591,2692.1037788091226,mfh,238842.17683578568,265380.1964842063,298552.7210447321,r2,-197111.37410979441,-757686.0176266272,-560574.6435168328,0.04596760521515349
482,w159872593,436.90541737405584,mfh,41771.57313857874,46412.85904286526,52214.46642322342,r1,-37449.53002822758,-161412.95197669172,-123963.42194846415,0.049936345323862194
483,w159872596,218.88012801047884,mfh,23926.839112240952,26585.376791378836,29908.54889030119,r1,-21451.164332302313,-121847.84150780851,-100396.6771755062,0.049936345323862194
484,w159872599,487.8712977081537,mfh,46825.5540892305,52028.39343247833,58531.94261153812,r1,-41980.58301839427,-182346.765468959,-140366.18245056472,0.049936345323862194
485,w159872601,629.8896718598901,mfh,59138.13100415723,65709.03444906359,73922.66375519653,r2,-48805.443071007605,-229608.24241937007,-180802.79934836246,0.04596760521515349
486,w159872603,453.131132603623,mfh,41977.27905722256,46641.42117469173,52471.59882152819,r1,-37633.951858635526,-157152.11743447933,-119518.1655758438,0.049936345323862194
487,w159872608,317.054659525305,mfh,36148.8017943321,40165.33532703567,45186.00224291513,r1,-32408.538548216817,-167190.2799516924,-134781.7414034756,0.049936345323862194
488,w159872611,474.9952949794941,mfh,49392.47210315651,54880.52455906279,61740.59012894564,r1,-44281.90580850336,-208685.467530749,-164403.56172224565,0.049936345323862194
489,w159872613,461.6615135567263,mfh,49483.41463924298,54981.57182138109,61854.26829905373,r1,-44363.43865441067,-227299.2150080405,-182935.77635362983,0.049936345323862194
490,w159872615,129.00588214695452,mfh,16719.873106670097,18577.636785188995,20899.841383337618,r1,-14989.892477812991,-93135.88820028782,-78145.99572247484,0.049936345323862194
491,w159872617,185.93316667452453,mfh,23274.884584316744,25860.98287146305,29093.605730395928,r1,-20866.66657854194,-104739.04780050619,-83872.38122196426,0.049936345323862194
492,w159872620,129.2747205838561,mfh,17497.094806705965,19441.216451895518,21871.368508382457,r1,-15686.696194003454,-81183.97816107619,-65497.28196707273,0.049936345323862194
493,w159872622,447.3657494872576,mfh,46366.44062561429,51518.26736179365,57958.05078201786,r1,-41568.97334822411,-215433.73261854335,-173864.75927031925,0.049936345323862194
494,w159872625,238.36158968657256,mfh,25116.058872769172,27906.732080854636,31395.073590961463,r1,-22517.33727686235,-121325.76895836082,-98808.43168149846,0.049936345323862194
495,w159872628,167.04002443812786,mfh,19006.772350224233,21118.635944693593,23758.46543778029,r1,-17040.16962703327,-113099.17546028181,-96059.00583324855,0.049936345323862194
496,w159872630,195.52493976540862,mfh,18074.7621351929,20083.069039103222,22593.452668991125,r1,-16204.59313536901,-74162.98318755486,-57958.390052185845,0.049936345323862194
497,w159872632,133.65780365467072,th,16477.88462317202,18308.760692413354,20597.355778965022,r1,-14772.942186063578,-13787.706802173156,985.2353838904219,0.049936345323862194
498,w159872635,49.369007284846155,th,6739.6868476192685,7488.540941799187,8424.608559524086,r1,-6042.341382342202,-68272.20343346013,-62229.86205111793,0.049936345323862194
499,w159872640,133.91130499513818,mfh,16908.877072954834,18787.64119217204,21136.09634119354,r1,-15159.340482257367,-81419.2296862659,-66259.88920400853,0.049936345323862194
500,w159872643,87.82295271442271,other,9591.78852868142,10657.542809646022,11989.735660851775,nr1,-8036.064739962891,-82610.47766950405,-74574.41292954115,0.049934352873313936
501,w159872648,133.79360626488923,mfh,16965.31316645674,18850.347962729713,21206.641458070924,r1,-15209.93721633927,-93168.0621820941,-77958.12496575483,0.049936345323862194
502,w159872651,467.48304517045614,other,34799.30109969496,38665.890110772176,43499.126374618696,nr1,-29155.08778226305,-286210.05023904436,-257054.9624567813,0.049934352873313936
503,w159872654,134.11286987382917,mfh,15572.749109392586,17303.054565991763,19465.93638674073,r1,-13961.459709920202,-69298.01369160767,-55336.55398168747,0.049936345323862194
504,w159872660,131.42538360562176,mfh,16010.967487406166,17789.96387489574,20013.709359257708,r1,-14354.336278200179,-73149.96412088639,-58795.62784268621,0.049936345323862194
505,w159872663,509.8066861014813,other,40789.69983623175,45321.88870692417,50987.12479528969,nr1,-34173.88400791538,-31896.27631968124,2277.6076882341404,0.049934352873313936
506,w159872669,96.41428965386004,other,6140.942525975589,6823.26947330621,7676.178157469486,nr1,-5144.922821804024,-77589.10071868604,-72444.17789688201,0.049934352873313936
507,w159872671,385.8471666022902,mfh,41085.27500261371,45650.30555845967,51356.59375326713,r1,-36834.24214893529,-162340.706877798,-125506.46472886269,0.049936345323862194
508,w159872676,450.3884779855609,trade,21572.307796555673,23969.230885061857,26965.38474569459,nr1,-18073.42410908624,-178325.519866061,-160252.09575697474,0.049934352873313936
509,w159872680,74.82275880910456,trade,6347.627257792996,7052.919175325551,7934.534072241245,nr1,-5318.084675892031,-69530.59956675959,-64212.514890867555,0.049934352873313936
510,w159872682,128.20031198486686,mfh,17098.113549140475,18997.903943489415,21372.641936425593,r1,-15328.996939145862,-101344.6302437361,-86015.63330459024,0.049936345323862194
511,w159872688,74.73616111706941,trade,5317.786693607912,5908.651881786568,6647.23336700989,nr1,-4455.277346384641,-57757.88024207669,-53302.60289569205,0.049934352873313936
512,w159872690,271.2794532585889,mfh,37662.36732773164,41847.07480859071,47077.95915966455,r1,-33765.49768654495,-168828.93323569882,-135063.43554915386,0.049936345323862194
513,w159872699,406.91918786983007,mfh,43877.34349126553,48752.60387918392,54846.67936408191,r1,-39337.4194259736,-158625.583854943,-119288.16442896938,0.049936345323862194
514,w159872700,406.7131608505966,mfh,40678.93594210743,45198.8177134527,50848.66992763429,r1,-36469.94639216339,-154529.61376079876,-118059.66736863538,0.049936345323862194
515,w159872708,435.5580747295171,mfh,46872.894326570284,52080.9936961892,58591.11790821285,r1,-42023.0250311458,-211267.12409254635,-169244.09906140054,0.049936345323862194
516,w159872710,142.59727319749075,mfh,15785.244708098155,17539.160786775727,19731.555885122692,r1,-14151.968702200427,-82193.13699285321,-68041.16829065279,0.049936345323862194
517,w159872717,364.7500545413,mfh,42624.77941045999,47360.86601162221,53280.97426307498,r1,-38214.45630459947,-167876.77481407922,-129662.31850947975,0.049936345323862194
518,w159872718,186.0198295045644,mfh,25865.705318047403,28739.672575608223,32332.131647559254,r1,-23189.418909264958,-133651.06520872575,-110461.64629946079,0.049936345323862194
519,w159872719,169.79583046399057,mfh,20853.61252597942,23170.680584421578,26067.015657474276,r1,-18695.91997164752,-126252.05633453662,-107556.13636288911,0.049936345323862194
520,w159872726,172.48843573874328,mfh,18695.70090016346,20773.001000181623,23369.626125204326,r1,-16761.284281458004,-95655.42252713401,-78894.138245676,0.049936345323862194
521,w159872727,172.59632431017235,mfh,21043.444879268325,23381.60542140925,26304.306099085406,r1,-18866.110651113606,-17607.8941404307,1258.2165106829052,0.049936345323862194
522,w159872732,140.4957689295523,mfh,18976.199229647278,21084.665810719198,23720.249037059097,r1,-17012.75986218422,-106552.05154308185,-89539.29168089763,0.049936345323862194
523,w159872736,118.37831126665697,mfh,14679.616639748732,16310.68515527637,18349.520799685914,r1,-13160.738340625596,-77836.04041290701,-64675.30207228141,0.049936345323862194
524,w159872737,187.97203346798193,mfh,24944.26660849226,27715.85178721362,31180.333260615324,r1,-22363.320104985392,-128705.90848842371,-106342.58838343831,0.049936345323862194
525,w159872743,753.6066189933568,other,31827.00488865078,35363.33876516753,39783.75611081347,nr1,-26664.87808811949,-272532.56579015433,-245867.68770203483,0.049934352873313936
526,w159872746,394.377677144669,mfh,44537.18740147157,49485.76377941285,55671.484251839465,r1,-39928.99025925837,-37266.050571892,2662.9396873663645,0.049936345323862194
527,w159872748,575.8923149108887,trade,55207.313642999135,61341.45960333237,69009.14205374892,nr2,-42578.749214044765,-39740.97734875607,2837.771865288698,0.04596760521515349
528,w159872750,127.08080641776323,mfh,17865.116812482014,19850.129791646683,22331.396015602517,r1,-16016.639505226989,-189963.47674485925,-173946.83723963227,0.049936345323862194
529,w159872753,434.5401292324066,other,25725.96143987,28584.401599855555,32157.451799837498,nr1,-21553.38298070299,-213992.31283321787,-192438.92985251488,0.049934352873313936
530,w159872756,252.43327465518377,mfh,33635.93448393886,37373.260537709844,42044.91810492357,r1,-30155.673915005034,-158459.74629440022,-128304.07237939519,0.049936345323862194
531,w159872759,386.07803563163617,mfh,40885.04737063046,45427.83041181162,51106.30921328808,r1,-36654.731774940956,-178331.02188908414,-141676.29011414316,0.049936345323862194
532,w159872763,1345.7076428122818,trade,70170.62199602295,77967.35777335883,87713.27749502868,nr2,-54119.23020712086,-411774.6608929822,-357655.4306858613,0.04596760521515349
533,w159872767,486.0339612279087,mfh,45082.85482234876,50092.060913720845,56353.568527935946,r1,-40418.19827629359,-162269.860253931,-121851.66197763741,0.049936345323862194
534,w159872769,563.4171857964247,other,35443.64525157622,39381.82805730691,44304.55656447027,nr1,-29694.923632881637,-276039.7935985533,-246344.86996567165,0.049934352873313936
535,w159872774,2747.8572637828997,other,119011.47723873041,132234.97470970044,148764.346548413,nr2,-91787.83586010426,-797127.914079074,-705340.0782189697,0.04596760521515349
536,w159872776,80.53474041707815,sfh,12444.034937831644,13826.705486479605,15555.043672289554,r1,-11156.46898264018,-81834.01355631079,-70677.54457367062,0.049936345323862194
537,w159872779,530.1892838459462,trade,41088.84380523203,45654.270894702255,51361.054756540034,nr1,-34424.50883083212,-285286.9246741613,-250862.4158433292,0.049934352873313936
538,w159872782,386.9254036822822,mfh,34779.397511211064,38643.77501245674,43474.246889013826,r1,-31180.824508063495,-127084.74044111161,-95903.91593304812,0.049936345323862194
539,w159872787,649.6997715241275,sfh,73844.5187104147,82049.46523379411,92305.64838801838,r2,-60942.31239356803,-267056.98086474807,-206114.66847118005,0.04596760521515349
540,w159872789,103.62989482581615,mfh,13622.502345110554,15136.113716789503,17028.12793138819,r1,-12213.002104094952,-77147.76060833494,-64934.75850423999,0.049936345323862194
541,w159872791,7102.280937734339,other,341045.9633446604,378939.9592718449,426307.4541808255,nr2,-263032.3699069544,-1757087.4978715943,-1494055.1279646398,0.04596760521515349
542,w159872796,295.65545302389654,other,14692.2812732514,16324.756970279332,18365.35159156425,nr1,-12309.29175893992,-132068.81032115925,-119759.51856221934,0.049934352873313936
543,w159872797,3172.659030787088,other,124134.27925297005,137926.9769477445,155167.84906621257,nr2,-95738.80698773444,-886742.4224943059,-791003.6155065715,0.04596760521515349
544,w159872802,393.79842739673325,mfh,39710.81716874246,44123.130187491624,49638.521460928074,r1,-35601.99744148003,-149506.257087434,-113904.25964595398,0.049936345323862194
545,w159872803,469.9664310747758,mfh,46940.21759095484,52155.79732328315,58675.271988693545,r1,-42083.38245658447,-39276.76228926704,2806.620167317429,0.049936345323862194
546,w159872804,664.4021281981841,mfh,71285.2107419375,79205.78971326388,89106.51342742186,r2,-58830.169902153975,-54906.6748868843,3923.4950152696765,0.04596760521515349
547,w159872808,295.65545226749964,other,15824.74835213696,17583.053724596622,19780.935440171197,nr1,-13258.080270549453,-132046.11685525306,-118788.0365847036,0.049934352873313936
548,w159872809,678.8678823016584,other,34505.649287262946,38339.61031918105,43132.06160907868,nr1,-28909.06432494278,-276816.5504181904,-247907.48609324766,0.049934352873313936
549,w159872812,337.05531151816245,mfh,38041.70913462511,42268.56570513901,47552.136418281385,r1,-34105.58955574724,-165289.38322334382,-131183.7936675966,0.049936345323862194
550,w159872814,765.4437305399682,mfh,79399.36095195425,88221.51216883806,99249.2011899428,r2,-65526.60567752096,-291093.7700746135,-225567.16439709254,0.04596760521515349
551,w159872815,1229.117813373683,mfh,149792.9605537908,166436.62283754532,187241.2006922385,r2,-123620.94784888964,-623559.2814045695,-499938.3335556799,0.04596760521515349
552,w159872820,336.8380303993821,mfh,38637.43829336847,42930.48699263163,48296.797866710585,r1,-34639.67949641183,-186296.2532807693,-151656.57378435746,0.049936345323862194
553,w159872826,1791.1392054180615,th,178358.86709907744,198176.51899897493,222948.5838738468,r2,-147195.78361043413,-658965.0835985751,-511769.29998814093,0.04596760521515349
554,w159872827,157.03123329076917,th,22144.882072210334,24605.424524678147,27681.102590262915,r1,-19853.583760982972,-120910.79401989409,-101057.21025891112,0.049936345323862194
555,w159872832,35.670331929810345,sfh,3676.201183569743,4084.667981744159,4595.251479462178,r0,-4044.2281584043553,-41403.69680165835,-37359.468643254,0.06127560277731562
556,w159872833,162.84196072258055,mfh,21239.15922568886,23599.065806320956,26548.949032111075,r1,-19041.574722550773,-107994.86025297375,-88953.28553042299,0.049936345323862194
557,w159872834,33.79703346360475,sfh,4555.214293213258,5061.349214681398,5694.017866516572,r0,-5011.239862093242,-48720.68154819942,-43709.441686106176,0.06127560277731562
558,w159872835,42.916394099872555,th,6704.477568681241,7449.419520756934,8380.59696085155,r1,-6010.7751556050025,-42501.01886954647,-36490.24371394147,0.049936345323862194
559,w159872839,58.88304680213332,other,5318.843004436388,5909.8255604848755,6648.553755545484,nr1,-4456.162330679047,-63056.60277903427,-58600.44044835522,0.049934352873313936
560,w159872840,318.65718863122163,other,26659.24765591642,29621.386284351578,33324.05956989552,nr1,-22335.296429966143,-198053.83976296138,-175718.54333299524,0.049934352873313936
561,w159872842,48.8293092939537,other,2375.76436505535,2639.7381833948334,2969.7054563191873,nr0,-2440.6036298418826,-25640.641675208655,-23200.03804536677,0.061227916794194294
562,w159872843,143.51003436879253,mfh,19080.71500207315,21200.794446747943,23850.893752591437,r1,-17106.461541670913,-116796.76163375602,-99690.3000920851,0.049936345323862194
563,w159872845,162.83680398128925,mfh,21498.13375395689,23886.81528217432,26872.667192446108,r1,-19273.753538051562,-121975.72768750363,-102701.97414945207,0.049936345323862194
564,w159872848,156.42925329236314,mfh,21291.72814453538,23657.47571615042,26614.660180669223,r1,-19088.70441283951,-17815.64270425875,1273.0617085807608,0.049936345323862194
565,w159872851,167.48750086340587,mfh,20694.65294755158,22994.058830612867,25868.316184439474,r1,-18553.407706527443,-114015.60211109658,-95462.19440456913,0.049936345323862194
566,w159872853,143.46053532976657,th,18641.830787650975,20713.145319612195,23302.288484563716,r1,-16712.988030094242,-15598.367328923436,1114.6207011708066,0.049936345323862194
567,w159872855,768.5454076524824,other,30902.518900127714,34336.13211125301,38628.14862515964,nr1,-25890.337528478816,-244482.01109858643,-218591.6735701076,0.049934352873313936
568,w159872857,315.41669200100006,mfh,33248.68266430212,36942.98073811347,41560.85333037765,r1,-29808.49047042038,-153204.33407092304,-123395.84360050266,0.049936345323862194
569,w159872858,136.24142913175746,other,12600.205042488164,14000.227824986849,15750.256303110204,nr1,-10556.536265938863,-127148.67804321418,-116592.14177727532,0.049934352873313936
570,w159872860,131.01957194106652,other,10778.366395040914,11975.96266115657,13472.957993801141,nr1,-9030.187632117893,-89794.23718299305,-80764.04955087515,0.049934352873313936
571,w159872862,156.42902136784977,mfh,20547.76308719318,22830.847874659088,25684.703858991474,r1,-18421.716323536322,-88391.37217430964,-69969.65585077331,0.049936345323862194
572,w159872865,158.90607472276315,mfh,21250.92912058293,23612.143467314363,26563.66140072866,r1,-19052.12680376644,-17781.504524939286,1270.6222788271552,0.049936345323862194
573,w159872867,192.56274920739233,mfh,23626.608294376343,26251.78699375149,29533.260367970426,r1,-21181.997954686623,-110561.64132941127,-89379.64337472465,0.049936345323862194
574,w159872868,54.98272090442479,other,4338.732794656411,4820.814216284901,5423.415993320514,nr0,-4457.145314285303,-45248.28481311913,-40791.13949883382,0.061227916794194294
575,w159872870,315.09365436807275,mfh,33572.70898486998,37303.00998318887,41965.886231087476,r1,-30098.990265144057,-152381.20331453317,-122282.2130493891,0.049936345323862194
576,w159872874,56.548262861557305,th,6258.9085433516675,6954.342825946297,7823.635679189584,r1,-5611.308500653551,-68197.42437109437,-62586.115870440815,0.049936345323862194
577,w159872876,86.08918008172186,other,7937.8236826816055,8819.804091868451,9922.279603352006,nr1,-6650.361902548019,-77218.21362504519,-70567.85172249717,0.049934352873313936
578,w159872878,413.8979488207959,mfh,49390.03592714167,54877.81769682407,61737.544908927084,r1,-44279.72170003037,-226026.30727460902,-181746.58557457864,0.049936345323862194
579,w159872879,205.3686287334189,mfh,25436.2263636754,28262.47373741711,31795.282954594248,r1,-22804.377509342397,-131960.06030324,-109155.6827938976,0.049936345323862194
580,w159872883,329.8948070596903,th,38258.33027645758,42509.25586273064,47822.91284557197,r1,-34299.79722728718,-216917.21435399464,-182617.41712670747,0.049936345323862194
581,w159872884,900.053558271192,other,37831.76819712391,42035.297996804344,47289.71024640488,nr1,-31695.70904845108,-346866.1850903352,-315170.4760418841,0.049934352873313936
582,w159872887,1008.3728146322071,other,88407.21114906944,98230.23461007715,110509.01393633679,nr2,-68184.2354542219,-507248.19977391907,-439063.9643196972,0.04596760521515349
583,w159872892,458.9937253634445,other,39649.09661200691,44054.55179111879,49561.370765008636,nr1,-33218.2789791897,-296673.7472446857,-263455.468265496,0.049934352873313936
584,w159872895,353.7920229201671,th,49227.57275316536,54697.30305907262,61534.4659414567,r1,-44134.06835122969,-209149.29061723742,-165015.22226600774,0.049936345323862194
585,w159872899,2008.66189844124,other,87830.35072413228,97589.2785823692,109787.93840516535,nr2,-67739.33071707531,-574795.0350131104,-507055.70429603505,0.04596760521515349
587,w160025355,131.5437356668757,ab,15822.357973565722,17580.397748406358,19777.94746695715,r1,-14185.241912787023,-119923.66113493842,-105738.4192221514,0.049936345323862194
588,w160025360,102.43726858533918,mfh,14598.10513130861,16220.116812565122,18247.63141413576,r1,-13087.660707833375,-83109.00019091099,-70021.33948307761,0.049936345323862194
589,w160025362,106.2412323884666,mfh,12893.32495058692,14325.916611763245,16116.65618823365,r1,-11559.271619932326,-97921.29490945989,-86362.02328952757,0.049936345323862194
590,w160025367,104.2175793532282,mfh,14296.527182761089,15885.030203067876,17870.65897845136,r1,-12817.286585161155,-78706.17314223477,-65888.88655707361,0.049936345323862194
591,w160025369,103.97346241511406,mfh,13712.751918131698,15236.391020146331,17140.939897664623,r1,-12293.913686804022,-77677.79981944534,-65383.88613264132,0.049936345323862194
592,w160025373,103.9182820610702,mfh,12692.477684318626,14102.75298257625,15865.597105398283,r1,-11379.205724299223,-69094.81125135161,-57715.60552705239,0.049936345323862194
593,w160025375,104.46434533819556,mfh,15200.83881015165,16889.8209001685,19001.048512689562,r1,-13628.030421226085,-12719.151362835562,908.8790583905229,0.049936345323862194
594,w160025376,101.26918978765606,other,6767.594541506047,7519.5494905622745,8459.493176882557,nr1,-5669.936081966389,-62349.9765184982,-56680.04043653181,0.049934352873313936
595,w160025380,128.15635424628857,th,16535.50385671767,18372.782063019633,20669.379820897087,r1,-14824.599642432597,-103558.13919680803,-88733.53955437543,0.049936345323862194
596,w160025381,64.08582323277369,th,8805.145795153388,9783.495327948209,11006.432243941736,r1,-7894.090336616378,-83000.63745367246,-75106.54711705608,0.049936345323862194
597,w160025384,125.48521707579494,mfh,13228.087159594033,14697.874621771149,16535.10894949254,r1,-11859.396476540836,-77653.3823118733,-65793.98583533247,0.049936345323862194
598,w160025385,125.6767025694251,mfh,12483.801305090501,13870.890338989446,15604.751631363126,r1,-11192.120782485817,-68190.40758306967,-56998.28680058385,0.049936345323862194
599,w160025388,125.67682776004075,mfh,12887.497210468891,14319.441344965435,16109.371513086113,r1,-11554.046867495477,-64490.01276418876,-52935.965896693284,0.049936345323862194
600,w160025389,125.54291224256157,mfh,15947.091501286146,17718.990556984605,19933.864376607682,r1,-14297.069446224554,-91390.19886288166,-77093.1294166571,0.049936345323862194
601,w160025392,101.23846836648882,other,7707.166695034264,8563.51855003807,9633.95836879283,nr1,-6457.115931797486,-73150.45653726075,-66693.34060546327,0.049934352873313936
602,w160025393,241.441205301648,mfh,29760.98461218925,33067.76068021028,37201.23076523656,r1,-26681.659395644256,-155831.09995131704,-129149.44055567279,0.049936345323862194
603,w160025394,520.9474028991534,mfh,62962.95736238052,69958.84151375612,78703.69670297565,r2,-51961.99100231833,-48496.54779485924,3465.443207459095,0.04596760521515349
604,w160025395,347.3527018059045,mfh,41270.74084393225,45856.37871548028,51588.42605491531,r1,-37000.51811298929,-266374.6797049087,-229374.1615919194,0.049936345323862194
605,w160025396,362.18757194392384,mfh,37666.70161233902,41851.89068037669,47083.37701542377,r1,-33769.383509111794,-174812.47952906997,-141043.09601995818,0.049936345323862194
606,w160025398,216.67090053744613,mfh,25759.482837806354,28621.647597562616,32199.353547257942,r1,-23094.18711250541,-139791.03488603502,-116696.84777352962,0.049936345323862194
607,w160025399,277.5212213275954,mfh,34672.16062353594,38524.62291503994,43340.20077941992,r1,-31084.683263112056,-29011.587094311228,2073.0961688008283,0.049936345323862194
608,w160025402,733.1297983160242,mfh,73752.53405858297,81947.26006509218,92190.66757322871,r2,-60866.39941471407,-306196.26325043745,-245329.86383572337,0.04596760521515349
609,w160025403,118.93753181435167,th,13366.26539456982,14851.405993966466,16707.831743212275,r1,-11983.277613188618,-75570.86413006914,-63587.58651688052,0.049936345323862194
610,w160025405,118.80893169231713,mfh,11413.826109522666,12682.02901058074,14267.282636903332,r1,-10232.854343490515,-51774.05621288249,-41541.201869391974,0.049936345323862194
611,w160025406,118.8714888818562,mfh,12694.703117102687,14105.225685669651,15868.378896378357,r1,-11381.200894832926,-51818.42592464023,-40437.225029807305,0.049936345323862194
612,w160025409,118.87152101863175,mfh,13545.552141340295,15050.613490378106,16931.94017667537,r1,-12144.013824500786,-74697.99412609938,-62553.980301598596,0.049936345323862194
613,w160025412,678.325670054555,mfh,83112.16289052342,92346.84765613714,103890.20361315427,r2,-68590.70223535817,-64016.258905313975,4574.443330044196,0.04596760521515349
614,w160025415,1309.668819526094,mfh,134843.0872649352,149825.65251659465,168553.85908116898,r2,-111283.1350480974,-513404.4583567933,-402121.32330869586,0.04596760521515349
615,w160025422,678.3786613484378,mfh,78555.95700031816,87284.39666702018,98194.9462503977,r2,-64830.56231516741,-296305.01541199535,-231474.45309682796,0.04596760521515349
616,w160025427,555.729584345687,mfh,68356.5049155554,75951.67212839489,85445.63114444424,r2,-56413.171206825384,-52650.870394271886,3762.300812553498,0.04596760521515349
617,w160025428,926.2977557130158,mfh,100962.61735123128,112180.68594581253,126203.2716890391,r2,-83322.30305163098,-398781.1132225551,-315458.8101709241,0.04596760521515349
618,w160025434,188.0208901744336,mfh,25126.424219116037,27918.249132351153,31408.030273895045,r1,-22526.63013609899,-125064.73118150233,-102538.10104540334,0.049936345323862194
619,w160025437,385.6369404070079,mfh,43222.04791881172,48024.497687568575,54027.55989851464,r1,-38749.92632063712,-190952.2556709174,-152202.32935028028,0.049936345323862194
620,w160025438,514.208815998584,mfh,66439.19135967275,73821.32373296973,83048.98919959094,r2,-54830.85306433415,-51174.08003378368,3656.773030550474,0.04596760521515349
621,w160025439,231.99735509790483,mfh,23422.747428464972,26025.274920516636,29278.434285581214,r1,-20999.23027212412,-130094.55083652012,-109095.32056439601,0.049936345323862194
622,w160025441,239.19352681115268,mfh,29974.211052689745,33304.67894743305,37467.76381586218,r1,-26872.823610595984,-25080.62430779346,1792.1993028025245,0.049936345323862194
623,w160025442,258.45977183450015,mfh,26407.168715404667,29341.29857267185,33008.96089425583,r1,-23674.857886898037,-121327.35710178339,-97652.49921488535,0.049936345323862194
624,w160025445,358.2598954875022,mfh,37036.861616907394,41152.06846323044,46296.07702113424,r1,-33204.71212975906,-175047.04412451305,-141842.331994754,0.049936345323862194
625,w160025446,282.03160609211767,mfh,32653.249972380814,36281.3888582009,40816.56246547602,r1,-29274.666321592686,-27322.283597261194,1952.3827243314918,0.049936345323862194
626,w160025449,151.84076374266294,mfh,15398.815708212785,17109.79523134754,19248.51963526598,r1,-13805.522941420122,-90623.79319494916,-76818.27025352904,0.049936345323862194
627,w160025451,187.46145662125198,mfh,22242.272514884975,24713.63612764997,27802.840643606218,r1,-19940.897358086597,-114815.24226804184,-94874.34490995524,0.049936345323862194
628,w160025452,105.00601281486452,mfh,13097.326417448377,14552.584908275974,16371.658021810472,r1,-11742.165355671834,-75737.09449172838,-63994.92913605654,0.049936345323862194
629,w160025453,104.94913844838739,mfh,14710.976976171565,16345.52997352396,18388.721220214455,r1,-13188.853869257136,-83533.66301588622,-70344.8091466291,0.049936345323862194
630,w160025454,86.96602670811116,mfh,9958.714429546208,11065.238255051341,12448.393036932759,r1,-8928.30092452016,-86902.70180380826,-77974.4008792881,0.049936345323862194
631,w160025455,103.15431486908346,mfh,14454.34817374303,16060.386859714477,18067.935217178787,r1,-12958.778070800327,-82460.10654533871,-69501.32847453839,0.049936345323862194
632,w160025456,162.83409464433788,mfh,15439.821255317227,17155.356950352474,19299.776569146532,r1,-13842.285704999007,-66310.32733489915,-52468.041629900144,0.049936345323862194
633,w160025457,103.20248084068298,mfh,13888.002639595677,15431.114043995196,17360.003299494594,r1,-12451.031474399922,-76606.23453460584,-64155.203060205924,0.049936345323862194
634,w160025458,101.69107806179672,mfh,14620.583473797502,16245.09274866389,18275.729342246876,r1,-13107.813249353174,-168858.2565253804,-155750.44327602722,0.049936345323862194
635,w160025459,108.44199563004076,mfh,13875.057936342178,15416.731040380198,17343.82242042772,r1,-12439.426140514362,-82777.3362423177,-70337.91010180334,0.049936345323862194
636,w160025462,124.9876569705084,mfh,15710.045915399749,17455.606572666387,19637.557394249685,r1,-14084.55061775571,-92200.03719785946,-78115.48658010375,0.049936345323862194
637,w160025465,103.21026510931551,mfh,13114.320013160435,14571.466681289372,16392.90001645054,r1,-11757.400649080462,-65255.086721685686,-53497.686072605225,0.049936345323862194
638,w160025467,105.14285953305661,mfh,14341.115732538854,15934.573036154281,17926.394665673568,r1,-12857.261623407327,-78134.1912017533,-65276.929578345975,0.049936345323862194
639,w160025469,108.37528205253183,mfh,12119.687617749969,13466.319575277743,15149.60952218746,r1,-10865.681401749296,-73718.23253874274,-62852.55113699345,0.049936345323862194
640,w160025471,48.55004379618913,sfh,6829.869385996844,7588.743762218715,8537.336732496055,r1,-6123.19286638348,-49688.792278714165,-43565.59941233069,0.049936345323862194
641,w160025472,101.69099241122603,mfh,13375.50809475645,14861.6756608405,16719.38511844556,r1,-11991.563984808688,-11191.823960295149,799.7400245135395,0.049936345323862194
642,w160025474,105.6897082787007,mfh,13340.076698786537,14822.307443096151,16675.09587348317,r1,-11959.79862316154,-85825.21200657605,-73865.41338341452,0.049936345323862194
643,w160025476,96.35599186792969,mfh,11760.455718228655,13067.17302025406,14700.569647785818,r1,-10543.618697441043,-9840.444875724788,703.1738217162547,0.049936345323862194
644,w160025477,108.4367577029392,mfh,13789.217767408181,15321.35307489798,17236.522209260227,r1,-12362.467727350053,-70538.17888197572,-58175.711154625664,0.049936345323862194
645,w160025481,105.0061043202877,mfh,13105.966754568803,14562.185282854225,16382.458443211002,r1,-11749.911689844403,-62674.54717473016,-50924.63548488576,0.049936345323862194
646,w160025482,103.2132654029876,mfh,14060.161845670413,15622.402050744902,17575.202307088013,r1,-12605.377621147678,-81882.95486080299,-69277.57723965531,0.049936345323862194
647,w160025484,128.51466068420558,mfh,13247.347808026228,14719.275342251365,16559.184760032786,r1,-11876.664254065796,-56726.24834751666,-44849.58409345086,0.049936345323862194
648,w160025486,101.26240085978061,mfh,13302.68360909849,14780.75956566499,16628.354511373112,r1,-11926.274541354156,-70096.48077502594,-58170.20623367178,0.049936345323862194
649,w160025487,105.13472320698202,mfh,14158.708934601254,15731.898816223616,17698.386168251567,r1,-12693.728188024017,-80992.00349085883,-68298.27530283481,0.049936345323862194
650,w160025490,87.12732640933245,mfh,12040.780464448602,13378.644960498446,15050.975580560753,r1,-10794.938655307882,-155197.60883631356,-144402.67018100567,0.049936345323862194
651,w160025492,101.576605540514,mfh,13964.916070301266,15516.57341144585,17456.145087876583,r1,-12519.98678578423,-77674.61694811734,-65154.63016233311,0.049936345323862194
652,w160025494,105.68961535468698,mfh,14285.138779463909,15872.376421626564,17856.423474329884,r1,-12807.076523169082,-80149.09728927372,-67342.02076610463,0.049936345323862194
653,w160025496,100.3227494932711,mfh,13748.271791453237,15275.857546059151,17185.339739316543,r1,-12325.75837118162,-79608.52875155718,-67282.77038037556,0.049936345323862194
654,w160025498,53.38166442215442,th,6600.947610690868,7334.386234100964,8251.184513363583,r1,-5917.957289787046,-65321.723593311275,-59403.76630352423,0.049936345323862194
655,w160025500,108.55102695096282,mfh,13356.061664075802,14840.06851563978,16695.07708009475,r1,-11974.129647650718,-66351.74260908156,-54377.61296143084,0.049936345323862194
656,w160025504,103.15687311664223,mfh,13210.204122827778,14678.004580919753,16512.75515353472,r1,-11843.363771233042,-64797.810742992384,-52954.446971759346,0.049936345323862194
657,w160025505,103.09466042611747,mfh,11999.591279695112,13332.879199661236,14999.48909961889,r1,-10758.011254796853,-71376.58037325335,-60618.5691184565,0.049936345323862194
658,w160025507,85.83866344131528,mfh,11973.740029139291,13304.155587932546,14967.175036424114,r1,-10734.83479503687,-77053.07601837709,-66318.24122334021,0.049936345323862194
659,w160025509,108.27769679883495,mfh,14945.057217444468,16605.61913049385,18681.321521805585,r1,-13398.714172949363,-90064.00558805991,-76665.29141511055,0.049936345323862194
660,w160025513,105.03020258601755,mfh,11679.227174263047,12976.919082514496,14599.03396782881,r1,-10470.794751206186,-60962.27620974321,-50491.481458537026,0.049936345323862194
661,w160025515,104.96566433478147,mfh,13255.429579015141,14728.255087794601,16569.286973768925,r1,-11883.909816121277,-62649.00490229931,-50765.09508617804,0.049936345323862194
662,w160025517,132.51887063886969,mfh,14316.368058185923,15907.07562020658,17895.460072732403,r1,-12835.074554446956,-66923.86306298996,-54088.788508543,0.049936345323862194
663,w160032048,197.876624872908,mfh,22760.163304132715,25289.070337925237,28450.204130165894,r1,-20405.2027506303,-115796.424416472,-95391.2216658417,0.049936345323862194
664,w160032049,177.6117346536368,mfh,20420.46582699145,22689.406474434945,25525.582283739313,r1,-18307.590323238932,-169721.5704119885,-151413.98008874958,0.049936345323862194
665,w160032050,605.1206229591743,mfh,68794.57954872533,76438.42172080593,85993.22443590667,r2,-56774.704894261755,-279829.4979402357,-223054.79304597396,0.04596760521515349
666,w160032051,604.9254235289991,mfh,66484.26842234895,73871.4093581655,83105.33552793619,r2,-54868.05420645507,-255112.2217185448,-200244.16751208974,0.04596760521515349
667,w160032052,558.9287057133391,mfh,63671.536875409336,70746.15208378815,79589.42109426166,r2,-52546.76661996475,-282101.3165899928,-229554.54997002805,0.04596760521515349
668,w160032053,914.9869650162756,mfh,118384.96876544278,131538.85418382531,147981.21095680346,r2,-97700.59951909314,-91184.76222269284,6515.8372964003065,0.04596760521515349
669,w160032054,558.7663555394857,mfh,60610.35153484233,67344.8350387137,75762.93941855291,r2,-50020.43539623461,-249559.43974515467,-199539.00434892008,0.04596760521515349
670,w160032055,915.1860893286764,mfh,117551.19343225891,130612.43714695434,146938.99179032363,r2,-97012.50245097891,-90542.55564616241,6469.9468048165,0.04596760521515349
671,w160032056,579.5610938113182,mfh,57693.31188162339,64103.67986847043,72116.63985202923,r2,-47613.06454575845,-197665.26301090335,-150052.1984651449,0.04596760521515349
672,w160032057,300.306428108085,mfh,37313.43611538925,41459.37346154361,46641.79514423657,r1,-33452.66987249421,-31221.64820945143,2231.021663042782,0.049936345323862194
673,w160032058,579.3688813976943,mfh,57693.4417204568,64103.82413384089,72116.80215057099,r2,-47613.171698989114,-227962.56330396025,-180349.39160497114,0.04596760521515349
674,w160032059,915.3225905947387,mfh,92194.63134061452,102438.47926734947,115243.28917576815,r2,-76086.27048140205,-71011.93356446392,5074.336916938133,0.04596760521515349
675,w160032060,914.9022733874618,mfh,89683.02969465003,99647.81077183336,112103.78711831254,r2,-74013.49900439083,-306719.43060528557,-232705.93160089472,0.04596760521515349
676,w160032061,434.5004198986106,mfh,54507.02112981529,60563.35681090588,68133.77641226912,r2,-44983.48648411635,-41983.45290808857,3000.0335760277812,0.04596760521515349
677,w160032062,579.3681231357157,mfh,63760.568600850966,70845.07622316774,79700.7107510637,r2,-52620.242611406706,-49110.89936233042,3509.343249076286,0.04596760521515349
678,w160032063,157.0142166607082,mfh,21768.76703500984,24187.51892778871,27210.9587937623,r1,-19516.3847923691,-109211.42152609566,-89695.03673372656,0.049936345323862194
679,w160032064,245.02896427586674,mfh,31648.601750868154,35165.11305652017,39560.75218858519,r1,-28373.967570924953,-139225.84989301456,-110851.8823220896,0.049936345323862194
680,w160032065,177.6155174203217,mfh,23633.30432957042,26259.22703285602,29541.630411963022,r1,-21188.001160987682,-123451.99345055693,-102263.99228956924,0.049936345323862194
681,w160032066,915.0334876678884,mfh,90981.15204470573,101090.16893856191,113726.44005588215,r2,-75084.81180002843,-318739.6285973524,-243654.816797324,0.04596760521515349
682,w160032067,686.1767572972923,mfh,82068.33429355826,91187.03810395363,102585.41786694783,r2,-67729.25267142976,-335006.73765786865,-267277.4849864389,0.04596760521515349
683,w160032068,579.4084268193692,mfh,55797.50842459628,61997.23158288475,69746.88553074535,r2,-46048.49823084985,-197010.93631902075,-150962.4380881709,0.04596760521515349
684,w160032069,582.2339869499207,mfh,56337.525071553566,62597.25007950396,70421.90633944195,r2,-46494.16249640834,-191657.81450697713,-145163.6520105688,0.04596760521515349
685,w160032070,655.6557445708662,mfh,64738.30461673968,71931.4495741552,80922.8807709246,r2,-53427.147372373474,-234306.96507513442,-180879.81770276095,0.04596760521515349
686,w160032071,187.63290931591763,mfh,21296.262178485253,23662.513531650282,26620.327723106566,r1,-19092.769316978774,-107124.80287812458,-88032.0335611458,0.049936345323862194
687,w160032072,300.05888833065984,mfh,31840.051021962732,35377.83446884748,39800.06377745341,r1,-28545.607868094346,-128886.58586198976,-100340.97799389542,0.049936345323862194
688,w160032074,652.9879129000007,mfh,66119.07190804384,73465.63545338204,82648.8398850548,r2,-54566.66528215181,-253262.68324777394,-198696.01796562213,0.04596760521515349
689,w160032075,187.48918503960593,mfh,19824.58853199762,22027.320591108466,24780.73566499702,r1,-17773.367573763382,-113249.06258965757,-95475.69501589419,0.049936345323862194
690,w160032079,410.4375718038529,mfh,56450.435111772305,62722.70567974701,70563.04388971538,r2,-46587.344753717996,-43480.346843974236,3106.997909743761,0.04596760521515349
691,w160032080,367.35827468354256,mfh,37513.62238413698,41681.802649041085,46892.027980171224,r1,-33632.14316304603,-169412.68810387386,-135780.54494082782,0.049936345323862194
692,w160032082,146.62608959153295,mfh,18641.24062010344,20712.48957789271,23301.550775129297,r1,-16712.45892631307,-105230.83444788936,-88518.3755215763,0.049936345323862194
693,w160032083,292.00384606306903,mfh,30643.0030164966,34047.781129440664,38303.75377062075,r1,-27472.41665556298,-129395.64113778305,-101923.22448222007,0.049936345323862194
694,w160032087,547.5336022242903,mfh,60767.66004008141,67519.62226675713,75959.57505010176,r2,-50150.258763437276,-46805.64339686451,3344.615366572769,0.04596760521515349
695,w160032089,324.3052944285795,mfh,36712.527765060455,40791.69751673384,45890.65970632557,r1,-32913.936623564514,-188830.1342246439,-155916.1976010794,0.049936345323862194
696,w160032093,651.9691053661052,mfh,70334.93715781553,78149.93017535059,87918.6714472694,r2,-58045.92930265843,-266695.93135086267,-208650.00204820425,0.04596760521515349
697,w160032096,417.5862662355881,mfh,47555.89860683755,52839.88734093061,59444.87325854694,r1,-42635.359865134946,-218715.55061447376,-176080.19074933883,0.049936345323862194
698,w160032097,55.47504670508206,th,7948.649698139474,8831.832997932748,9935.812122674342,r1,-7126.214628469808,-75544.08250512111,-68417.8678766513,0.049936345323862194
699,w160032099,154.26596265360712,mfh,19916.581628132146,22129.53514236905,24895.727035165182,r1,-17855.842279818873,-94599.19474796877,-76743.3524681499,0.049936345323862194
700,w160032101,417.4909567882307,mfh,46112.95125263289,51236.61250292543,57641.18906579111,r1,-41341.71214707638,-206192.72821906215,-164851.01607198577,0.049936345323862194
701,w160032104,110.95144802480935,th,12429.560392323068,13810.622658136743,15536.950490403835,r1,-11143.492097023014,-78573.75873221496,-67430.26663519195,0.049936345323862194
702,w160032105,152.98637234792113,mfh,20848.956423449432,23165.507137166034,26061.19552931179,r1,-18691.745629184217,-17445.15785075749,1246.5877784267286,0.049936345323862194
703,w160032106,115.7174410201609,mfh,13210.000451569256,14677.778279521395,16512.50056446157,r1,-11843.181173539471,-103484.80706921074,-91641.62589567127,0.049936345323862194
704,w160032107,169.80155310891567,th,20257.197734231464,22507.997482479404,25321.49716778933,r1,-18161.215339414837,-16950.009626870666,1211.2057125441715,0.049936345323862194
705,w160032108,125.84912734059617,mfh,15892.879065874109,17658.7545176379,19866.098832342635,r1,-14248.466291607154,-89358.15205336476,-75109.6857617576,0.049936345323862194
706,w160032109,117.1162128248019,mfh,12173.84675432335,13526.49639369261,15217.308442904186,r1,-10914.236772280326,-76836.19454120383,-65921.9577689235,0.049936345323862194
707,w160032110,214.96215275530702,mfh,27759.583627761367,30843.98180862374,34699.479534701706,r1,-24887.340421441346,-137977.69724864463,-113090.35682720329,0.049936345323862194
708,w160032111,253.8681676615961,th,29680.37219464188,32978.191327379864,37100.46524330235,r1,-26609.387826135175,-159531.8523060923,-132922.46447995713,0.049936345323862194
709,w160032112,125.84912488418631,th,14784.277193453934,16426.97465939326,18480.346491817418,r1,-13254.569821086025,-81200.61356070769,-67946.04373962166,0.049936345323862194
710,w160032113,105.45346036842092,mfh,13847.210707174945,15385.789674638827,17309.01338396868,r1,-12414.460223108246,-78817.48931423742,-66403.02909112917,0.049936345323862194
711,w160032114,381.28189064939505,mfh,38441.58971886041,42712.87746540045,48051.98714857551,r1,-34464.09508526952,-161906.29149119696,-127442.19640592745,0.049936345323862194
712,w160032115,139.91205219514669,mfh,18194.998750903073,20216.66527878119,22743.748438628838,r1,-16312.38904565451,-95330.74150362868,-79018.35245797418,0.049936345323862194
713,w160032116,192.1807412372902,mfh,25401.90433957016,28224.338155077952,31752.3804244627,r1,-22773.606734488054,-21254.791938421924,1518.81479606613,0.049936345323862194
714,w160032117,302.6253065098543,mfh,38132.472874110405,42369.414304567115,47665.591092638,r1,-34186.962104874176,-31906.969107594457,2279.992997279718,0.049936345323862194
715,w160032118,188.54685349911452,mfh,24193.179771566014,26881.31085729557,30241.474714457516,r1,-21689.947116135754,-127429.3465574562,-105739.39944132045,0.049936345323862194
716,w160032119,301.6826584111899,mfh,37828.96424629396,42032.182495882174,47286.20530786744,r1,-33914.85706747159,-168318.5237896149,-134403.6667221433,0.049936345323862194
717,w160032121,128.1140758719295,mfh,17251.90075647625,19168.778618306944,21564.87594559531,r1,-15466.872010787813,-87028.74572233383,-71561.87371154601,0.049936345323862194
718,w160032123,387.4767547928728,mfh,54442.01474559972,60491.1274951108,68052.51843199965,r2,-44929.83809634666,-280432.85726588784,-235503.0191695412,0.04596760521515349
719,w160032125,297.0948597435839,mfh,31398.011390583837,34886.67932287093,39247.51423822979,r1,-28149.30542590306,-142612.6843780161,-114463.37895211304,0.049936345323862194
720,w160032126,464.2806208854541,mfh,50568.14004669606,56186.82227410674,63210.17505837008,r2,-41732.8116115518,-213886.6773921571,-172153.8657806053,0.04596760521515349
721,w160032127,228.89082276217522,mfh,26202.43345212795,29113.81494680883,32753.041815159933,r1,-23491.306279576904,-150985.03295875288,-127493.72667917598,0.049936345323862194
722,w160032128,268.14993185095955,mfh,30473.596445371426,33859.55160596825,38091.99555671428,r1,-27320.538332683347,-236580.42632752558,-209259.88799484223,0.049936345323862194
723,w160032129,100.24086796883493,mfh,13847.774666178364,15386.416295753737,17309.718332722954,r1,-12414.965830104735,-78030.15539783498,-65615.18956773025,0.049936345323862194
724,w160032130,150.2635816658847,mfh,14029.486662093666,15588.318513437407,17536.858327617083,r1,-12577.876353607007,-66535.34636985941,-53957.47001625241,0.049936345323862194
725,w160032131,100.12314690686762,mfh,14135.939899488163,15706.599888320181,17669.924874360204,r1,-12673.315031417427,-79906.56680224957,-67233.25177083214,0.049936345323862194
726,w160032132,257.78643680289383,mfh,32040.0698986087,35600.07766512078,40050.087373260874,r1,-28724.93108635848,-162349.19251440908,-133624.2614280506,0.049936345323862194
727,w160032133,136.6476590367034,mfh,17304.298376071107,19226.998195634562,21630.372970088883,r1,-15513.848125905986,-86521.03152279755,-71007.18339689156,0.049936345323862194
728,w160032134,132.71697852164507,th,15243.003074861019,16936.67008317891,19053.753843576273,r1,-13665.832011607015,-92661.65147042158,-78995.81945881457,0.049936345323862194
729,w160032135,165.9338162511587,mfh,22655.11538553312,25172.350428370133,28318.8942319164,r1,-20311.02398535021,-118536.88857917102,-98225.8645938208,0.049936345323862194
730,w160032136,153.4784858365543,mfh,20651.507489251788,22946.119432501986,25814.384361564735,r1,-18514.726445210817,-126417.76593342496,-107903.03948821414,0.049936345323862194
731,w160032137,244.7570460377261,mfh,31882.694606522888,35425.21622946987,39853.368258153605,r1,-28583.83918380751,-145638.04032819427,-117054.20114438675,0.049936345323862194
732,w160032138,345.56507694348693,mfh,33660.554635708184,37400.61626189798,42075.693294635224,r1,-30177.746655955587,-144959.83124064002,-114782.08458468443,0.049936345323862194
733,w160032139,170.051029805094,mfh,20953.231302739754,23281.36811415528,26191.53912842469,r1,-18785.231340393068,-103316.77029432746,-84531.53895393439,0.049936345323862194
734,w160032140,210.13578363517297,mfh,25061.983224774885,27846.648027527648,31327.479030968607,r1,-22468.856756470177,-143593.77025913287,-121124.91350266269,0.049936345323862194
735,w160032141,252.5825279586017,mfh,26752.030081941455,29724.477868823837,33440.03760242682,r1,-23984.036956090604,-122797.60728397655,-98813.57032788594,0.049936345323862194
736,w160032142,252.46278136584442,mfh,34459.97295454553,38288.858838383916,43074.96619318191,r1,-30894.45033951317,-28834.041163266033,2060.409176247136,0.049936345323862194
737,w160032143,236.73276664549485,mfh,29576.02728282697,32862.25253647441,36970.03410353371,r1,-26515.839328563834,-134564.43920942646,-108048.59988086263,0.049936345323862194
738,w160032144,216.15235636769793,mfh,24178.437367510116,26864.93040834457,30223.046709387643,r1,-21676.730086900385,-124562.0966813152,-102885.36659441482,0.049936345323862194
739,w160032145,143.2480424195528,mfh,18000.89068230275,20000.989647003054,22501.113352878438,r1,-16138.365052838795,-15062.067042060875,1076.2980107779204,0.049936345323862194
740,w160032146,425.3107569515705,mfh,43179.60460429989,47977.3384492221,53974.50575537486,r1,-38711.874553325535,-197047.78503352354,-158335.910480198,0.049936345323862194
741,w160032147,237.48158785337583,mfh,32014.72814949744,35571.92016610827,40018.4101868718,r1,-28702.211410679483,-165959.13245686158,-137256.9210461821,0.049936345323862194
742,w160032148,183.97369813346305,th,23560.800292201195,26178.66699133466,29451.000365251493,r1,-21122.999009509727,-119460.89298405897,-98337.89397454924,0.049936345323862194
743,w160032149,343.71558685973287,mfh,34361.6584028396,38179.620447599555,42952.0730035495,r1,-30806.308249577793,-156460.09324995708,-125653.78500037928,0.049936345323862194
744,w160032150,136.78365420317277,mfh,19017.245100468906,21130.27233385434,23771.556375586133,r1,-17049.558777244707,-102524.31372053619,-85474.75494329148,0.049936345323862194
745,w160032151,156.68413198292254,mfh,18994.198311231074,21104.66479025675,23742.74788903884,r1,-17028.896605323313,-130911.6752153149,-113882.77860999158,0.049936345323862194
746,w160032152,131.687454425171,th,16816.435705141692,18684.928561268545,21020.544631427114,r1,-15076.463886533187,-14070.98606783764,1005.4778186955464,0.049936345323862194
747,w160032153,131.7784823913127,mfh,14664.81319433541,16294.236882594898,18331.01649291926,r1,-13147.466585892098,-61598.84267728461,-48451.37609139251,0.049936345323862194
748,w160032155,131.65618118494749,mfh,16155.971644692994,17951.079605214436,20194.96455586624,r1,-14484.337069037418,-77474.35904891077,-62990.02197987336,0.049936345323862194
749,w160032156,597.6746075108182,mfh,62825.58869422202,69806.20966024668,78531.98586777752,r2,-51848.623559017185,-289948.1902115352,-238099.566652518,0.04596760521515349
750,w160032157,145.99030133634804,mfh,18497.65764028637,20552.95293365152,23122.072050357958,r1,-16583.7322658073,-184426.89802652155,-167843.16576071424,0.049936345323862194
751,w160032158,192.3817300193943,mfh,24447.84564861781,27164.27294290868,30559.807060772262,r1,-21918.26309021163,-113807.71236541907,-91889.44927520744,0.049936345323862194
752,w160032159,156.72131929650496,mfh,19753.449044420944,21948.276716023272,24691.81130552618,r1,-17709.588784122,-90325.41975494364,-72615.83097082164,0.049936345323862194
753,w160032160,462.61881872685626,other,21516.45961733097,23907.177352589966,26895.57452166371,nr1,-18026.63413008318,-151671.4487827859,-133644.81465270274,0.049934352873313936
754,w160032161,876.0951372385025,trade,41598.98809684389,46221.0978853821,51998.73512105486,nr1,-34851.91113873923,-32529.1145628259,2322.796575913333,0.049934352873313936
755,w160032162,197.75498196221892,mfh,21819.024375477275,24243.36041719697,27273.78046934659,r1,-19561.44207988686,-104780.48306440155,-85219.0409845147,0.049936345323862194
756,w160032163,355.37988740094,mfh,43004.925360010486,47783.25040001165,53756.1567000131,r1,-38555.2691130032,-186753.24665669014,-148197.97754368692,0.049936345323862194
757,w160032164,218.83437259588393,mfh,24626.450963512878,27362.723292792085,30783.063704391097,r1,-22078.388376400246,-123543.33473247594,-101464.9463560757,0.049936345323862194
758,w160032165,192.38173281145282,mfh,24614.11645560697,27349.018284007743,30767.645569508713,r1,-22067.330101848955,-112136.41165166543,-90069.08154981647,0.049936345323862194
759,w160032166,5513.669180350005,other,296885.1769801247,329872.41886680527,371106.47122515587,nr2,-228973.2765797605,-1517261.2877208856,-1288288.011141125,0.04596760521515349
760,w160032167,119.51807446111924,mfh,13433.338114289052,14925.931238098947,16791.672642861315,r1,-12043.410417449239,-68714.33332254755,-56670.92290509831,0.049936345323862194
761,w160032168,107.41719602905214,th,13873.999853026246,15415.555392251383,17342.499816282805,r1,-12438.47753551974,-11608.932003196389,829.5455323233509,0.049936345323862194
763,w160032170,37.81535124108195,sfh,4769.791538029326,5299.76837558814,5962.239422536657,r0,-5247.298579313744,-45367.0040527897,-40119.70547347596,0.06127560277731562
764,w160032171,82.13437312801835,th,9646.465808249995,10718.295342499994,12058.082260312494,r1,-8648.360207882284,-57116.81069565421,-48468.45048777193,0.049936345323862194
765,w160032172,100.39566505721304,th,14312.979822175337,15903.310913528152,17891.22477771917,r1,-12832.036894222856,-90478.48322072702,-77646.44632650417,0.049936345323862194
766,w160032173,119.7984774223063,mfh,12295.751901574888,13661.94655730543,15369.689876968609,r1,-11023.528573607664,-59007.94210127684,-47984.41352766918,0.049936345323862194
767,w160032174,119.65868240431882,mfh,13051.979082176204,14502.19898019578,16314.973852720253,r1,-11701.51004234807,-60956.10467976755,-49254.59463741948,0.049936345323862194
768,w160032175,69.26172256879508,th,7386.415528105403,8207.128364561559,9233.019410131752,r1,-6622.153999397151,-59067.889180829014,-52445.73518143186,0.049936345323862194
769,w160032176,103.52918697646818,th,13372.589931875937,14858.433257639928,16715.73741484492,r1,-11988.947759940678,-77912.79969352065,-65923.85193357996,0.049936345323862194
770,w160032177,62.96843930834439,th,7111.322358229594,7901.469286921771,8889.152947786992,r1,-6375.524314380338,-5950.328570278195,425.1957441021432,0.049936345323862194
771,w160032178,300.84989367914386,mfh,31793.30178992664,35325.89087769627,39741.6272374083,r1,-28503.695710198743,-165561.7716727613,-137058.07596256255,0.049936345323862194
772,w160127708,318.335366258584,mfh,40928.439383668316,45476.04375963146,51160.54922958539,r1,-36693.63408034027,-213546.53965217154,-176852.90557183127,0.049936345323862194
773,w160127710,130.057766958978,mfh,19160.41845180246,21289.353835336067,23950.523064753073,r1,-17177.918192922443,-16032.290422090968,1145.6277708314756,0.049936345323862194
774,w160127712,149.28690248169005,mfh,19893.976263748034,22104.41807083115,24867.470329685042,r1,-17835.575859172153,-111630.47352286949,-93794.89766369734,0.049936345323862194
775,w160127717,149.4986190713942,mfh,20018.073736971855,22242.30415219095,25022.59217121482,r1,-17946.833149734437,-111750.76624284925,-93803.93309311481,0.049936345323862194
776,w160127718,161.62649620659647,mfh,19998.168014560528,22220.18668284503,24997.710018200658,r1,-17928.987043084264,-111152.3225647542,-93223.33552166994,0.049936345323862194
777,w160127719,242.7560603125021,mfh,26016.569220877962,28907.299134308847,32520.71152609745,r1,-23324.67314641052,-125679.75776521028,-102355.08461879975,0.049936345323862194
778,w164087844,70.24407002975931,other,5531.1032271675895,6145.670252408432,6913.879033959486,nr1,-4633.995368436956,-66226.32881941128,-61592.33345097433,0.049934352873313936
779,w164087850,88.49543042890728,other,9571.515035104732,10635.016705671924,11964.393793880914,nr1,-8019.079471115448,-107692.18312905173,-99673.10365793628,0.049934352873313936
780,w164087857,77.59434223277493,other,5732.685063821826,6369.65007091314,7165.856329777282,nr1,-4802.881982743575,-61418.62667327525,-56615.744690531676,0.049934352873313936
786,w164088149,49.229225591477004,other,5037.637509600219,5597.37501066691,6297.046887000274,nr1,-4220.566481690141,-62254.81390450307,-58034.24742281293,0.049934352873313936
788,w164088153,80.69597001839429,other,6314.859681225849,7016.51075691761,7893.574601532311,nr1,-5290.631780545361,-82202.0308738887,-76911.39909334334,0.049934352873313936
791,w164088159,54.065223559696456,other,5119.410322922457,5688.233692136064,6399.262903653072,nr1,-4289.076292958544,-56267.79516034814,-51978.718867389594,0.049934352873313936
793,w164088169,56.479432658094446,other,4565.7132450906565,5073.014716767396,5707.14155636332,nr0,-4690.320505975688,-60531.46937723739,-55841.1488712617,0.061227916794194294
795,w164088175,32.08830586867407,other,2825.594723491785,3139.54969276865,3531.993404364731,nr0,-2902.7107401939065,-38664.031419625826,-35761.32067943192,0.061227916794194294
799,w164088182,35.81288355943252,other,2845.4381235960636,3161.597915106737,3556.7976544950793,nr0,-2923.0957055697877,-39350.149387139274,-36427.05368156949,0.061227916794194294
800,w359788107,586.4023264580406,other,46109.15580262688,51232.39533625209,57636.4447532836,nr1,-38630.55988223322,-306391.4954645097,-267760.9355822765,0.049934352873313936
801,w377595955,68.13203878551721,other,5269.498540512313,5854.998378347015,6586.873175640391,nr1,-4414.821207960703,-4120.583926558877,294.2372814018263,0.049934352873313936
802,w377595956,85.03076633159071,other,6722.920315991011,7469.911462212234,8403.650394988763,nr1,-5632.5077162999605,-71111.09561984234,-65478.58790354238,0.049934352873313936
805,w377595969,38.68702136902139,other,3090.1691164444,3433.521240493778,3862.7113955555,nr0,-3174.505886758587,-38648.70178870457,-35474.19590194598,0.061227916794194294
814,w377595984,35.49371746703982,other,2841.029831970761,3156.699813300845,3551.287289963451,nr0,-2918.5671030280687,-31608.819988498235,-28690.252885470167,0.061227916794194294
818,w377595990,36.364706988167015,other,2791.57936980043,3101.754855333811,3489.474212250537,nr0,-2867.7670408478884,-29654.398018747383,-26786.630977899495,0.061227916794194294
819,w377595993,54.98309161569923,other,4220.0307815631595,4688.923090625733,5275.038476953949,nr0,-4335.203690660446,-43870.02864180503,-39534.82495114458,0.061227916794194294
823,w377596001,68.93592455182224,other,4836.798385703419,5374.220428559354,6045.997982129273,nr0,-4968.804091261845,-51144.17620793337,-46175.372116671526,0.061227916794194294
825,w377596004,35.535723760165276,other,2630.7606042728767,2923.067338080974,3288.450755341096,nr0,-2702.5592160878377,-34216.493265272395,-31513.934049184558,0.061227916794194294
827,w377596008,41.66994294051546,other,3243.63691899437,3604.041021104855,4054.546148742962,nr0,-3332.1621263573265,-38890.20713467953,-35558.0450083222,0.061227916794194294
831,w377596012,33.714099188242116,other,2925.7385905314077,3250.8206561460083,3657.1732381642596,nr0,-3005.5877295950045,-35422.48579083637,-32416.898061241365,0.061227916794194294
836,w377596021,41.97082374822348,other,3488.321395519886,3875.9126616887625,4360.401744399857,nr0,-3583.524521701708,-36941.124430464384,-33357.59990876268,0.061227916794194294
838,w377596023,32.13139781658538,other,2490.0711216668888,2766.7456907409874,3112.5889020836107,nr0,-2558.0300418232214,-32430.084955526214,-29872.054913702992,0.061227916794194294
844,w377596038,30.39147779517807,other,2398.685899783123,2665.2065553145812,2998.357374728904,nr0,-2464.150738166679,-2299.9209811710653,164.22975699561357,0.061227916794194294
847,w377596043,50.74534401865676,other,3919.317771017566,4354.797523352851,4899.1472137719575,nr0,-4026.283632815754,-41420.87400349612,-37394.590370680366,0.061227916794194294
848,w377596044,31.44567816138733,other,2904.869813374752,3227.633125971947,3631.08726671844,nr0,-2984.1494026177797,-31842.931944074866,-28858.782541457087,0.061227916794194294
861,w377596072,32.00744857888203,other,2718.9974702297686,3021.108300255298,3398.7468377872106,nr0,-2793.20423901512,-34424.080220375705,-31630.875981360587,0.061227916794194294
863,w377596074,30.798605113010854,other,2855.316162411527,3172.5735137905854,3569.1452030144083,nr0,-2933.243335420351,-34814.78841383135,-31881.545078411003,0.061227916794194294
877,w377596096,31.32093481458723,other,2660.043472138398,2955.603857931553,3325.0543401729974,nr0,-2732.6412707966206,-29718.429644821223,-26985.788374024603,0.061227916794194294
882,w377596101,34.10184732507914,other,2734.2308274665847,3038.0342527406497,3417.788534333231,nr0,-2808.853344420397,-32389.193974954916,-29580.34063053452,0.061227916794194294
886,w377596106,35.077698366669935,other,2779.2898943774467,3088.099882641607,3474.112367971808,nr0,-2855.1421615596237,-31783.861179908527,-28928.719018348904,0.061227916794194294
893,w377596115,40.14825235735625,other,3192.6172371227067,3547.352485691896,3990.771546403383,nr0,-3279.750017395309,-39121.98645638349,-35842.236438988184,0.061227916794194294
895,w377596117,32.339281557500364,other,2797.665055321845,3108.5167281353833,3497.081319152306,nr0,-2874.018816651966,-33366.73841060913,-30492.71959395716,0.061227916794194294
899,w377596123,32.752713098051025,other,2913.410473739367,3237.1227485992963,3641.7630921742084,nr0,-2992.9231543390033,-36601.38011593474,-33608.45696159574,0.061227916794194294
901,w377596125,37.63718191203661,other,2922.0877489035165,3246.7641654483514,3652.6096861293954,nr0,-3001.837249345334,-34874.955193989976,-31873.11794464464,0.061227916794194294
909,w377596135,73.15242530554532,other,5088.204744337678,5653.560827041864,6360.255930422097,nr1,-4262.932049994322,-51237.93267149727,-46975.00062150295,0.049934352873313936
916,w377596142,40.572792674647644,other,3113.8461841117532,3459.8290934575034,3892.3077301396916,nr0,-3198.8291479973363,-38210.49787768611,-35011.668729688776,0.061227916794194294
917,w377596143,37.61386710904771,other,2745.329396719578,3050.3659963550867,3431.6617458994724,nr0,-2820.2548153757357,-34412.41183474228,-31592.157019366543,0.061227916794194294
918,w377596145,32.806498026452026,other,2693.449218590027,2992.721353988919,3366.811523237534,nr0,-2766.958725526827,-29319.204144953852,-26552.245419427025,0.061227916794194294
919,w377596147,34.850180151499806,other,2595.9189583634725,2884.354398181636,3244.8986979543406,nr0,-2666.766673390037,-2489.033048595358,177.7336247946787,0.061227916794194294
929,w377596159,36.51154847629368,other,2488.2164818409556,2764.684979823284,3110.2706023011942,nr0,-2556.124785242308,-31672.397285279658,-29116.27250003735,0.061227916794194294
931,w377596161,32.13265920560807,other,2649.7963962137605,2944.2182180152895,3312.2454952672006,nr0,-2722.114532091054,-32895.900995780656,-30173.7864636896,0.061227916794194294
934,w377596166,38.724472055921794,other,2981.905002903568,3313.227781003964,3727.38125362946,nr0,-3063.2870334177956,-2859.126274372547,204.1607590452486,0.061227916794194294
935,w377596167,41.94859704792034,other,3114.8432704850466,3460.9369672056073,3893.554088106308,nr0,-3199.8534468115295,-40864.21727028555,-37664.36382347402,0.061227916794194294
936,w377596168,31.29673577034846,other,2563.979256552608,2848.865840614009,3204.97407069076,nr0,-2633.955274531528,-31010.055603006098,-28376.10032847457,0.061227916794194294
937,w377596169,36.7579496475868,other,3082.2442820121273,3424.7158689023636,3852.805352515159,nr0,-3166.3647680660993,-33571.36477720616,-30405.00000914006,0.061227916794194294
940,w379327852,945.496160332486,other,38030.77627777757,42256.41808641952,47538.47034722196,nr1,-31862.439352724003,-399298.9460816779,-367436.5067289539,0.049934352873313936
941,w379327862,94.51021252730861,other,9084.066665311519,10093.407405901688,11355.083331639398,nr1,-7610.691958678689,-95313.33348546189,-87702.6415267832,0.049934352873313936
942,w387435839,3594.435384737421,other,196483.33588232234,218314.8176470248,245604.1698529029,nr2,-151538.15918976927,-1126662.9179195508,-975124.7587297815,0.04596760521515349
943,w387435840,942.2609318409114,other,56823.35165188755,63137.05739098616,71029.18956485944,nr2,-43825.12170638844,-431102.84947087086,-387277.72776448244,0.04596760521515349
944,w390787314,132.5826213063672,other,9844.203167691367,10938.003519657073,12305.253959614207,nr1,-8247.53941690483,-81509.49850051329,-73261.95908360847,0.049934352873313936
945,w390787315,330.5195846647024,other,28537.57339615315,31708.414884614613,35671.966745191436,nr1,-23908.970328858504,-194233.47336240188,-170324.50303354338,0.049934352873313936
946,w390787316,150.59577141329646,other,12304.720854223664,13671.912060248515,15380.90106777958,nr1,-10308.977631860496,-9621.908912755554,687.0687191049419,0.049934352873313936
947,w390789514,104.66224040389062,trade,10397.319493968453,11552.577215520503,12996.649367460564,nr1,-8710.943983571622,-189977.93870511308,-181266.99472154144,0.049934352873313936
948,w390789515,335.6007874913513,trade,25636.797863414322,28485.330959349245,32045.997329267902,nr1,-21478.681138528103,-136507.42780159574,-115028.74666306764,0.049934352873313936
949,w390790006,38.98714106846601,trade,2776.3285059702725,3084.8094510780807,3470.4106324628406,nr0,-2852.0999510600345,-61206.39308130301,-58354.29313024297,0.061227916794194294
950,w390793102,268.1788772383239,sfh,30059.790808766775,33399.76756529642,37574.738510958465,r1,-26949.548555437847,-137509.1825689065,-110559.63401346863,0.049936345323862194
951,w390793103,629.0808588726446,th,87553.79058492262,97281.98953880291,109442.23823115327,r2,-72256.28320487463,-381082.80827970017,-308826.5250748255,0.04596760521515349
952,w390793104,761.76513240356,mfh,80676.55852455663,89640.6205828407,100845.69815569579,r2,-66580.64969889342,-303133.74872401654,-236553.0990251231,0.04596760521515349
953,w390793105,324.12222724705936,th,47118.253767594215,52353.615297326905,58897.817209492765,r1,-42242.99749241394,-259807.7410090252,-217564.74351661126,0.049936345323862194
954,w390793106,1475.9963392082602,mfh,145242.0290743921,161380.03230488012,181552.53634299012,r2,-119865.16078787758,-379309.4314011694,-259444.27061329182,0.04596760521515349
955,w390793107,895.6360460046678,mfh,90245.7910168643,100273.10112984922,112807.23877108037,r2,-74477.93396720634,-69510.86004656447,4967.073920641866,0.04596760521515349
956,w390793108,286.70933025064875,mfh,25575.074405456515,28416.749339396127,31968.843006820643,r1,-22928.859148872518,-100484.33012223477,-77555.47097336224,0.049936345323862194
957,w390793793,117.72837251536548,mfh,12242.925925452717,13603.251028280796,15303.657406815895,r1,-10976.16842338075,-68361.80063856758,-57385.63221518684,0.049936345323862194
958,w390794364,96.81251710766227,sfh,13040.642047928714,14489.602275476347,16300.802559910891,r1,-11691.346034325821,-116560.34311945373,-104868.9970851279,0.049936345323862194
959,w475684695,267.0884538785554,mfh,32327.72471892473,35919.69413213859,40409.65589865591,r1,-28982.82268635763,-161140.34391734336,-132157.52123098573,0.049936345323862194
960,w620369477,3702.806372543797,other,329831.05954184383,366478.95504649315,412288.8244273048,nr2,-254382.85329457858,-237428.84413704555,16954.00915753303,0.04596760521515349
961,w620369478,20480.360502976928,other,1687025.1117225294,1874472.3463583658,2108781.3896531616,nr2,-1301121.435002813,-1214404.8012423003,86716.6337605128,0.04596760521515349
962,w993163452,1412.2592688187956,other,69902.24125333331,77669.15694814813,87377.80156666663,nr2,-53912.241031542486,-475306.4458894243,-421394.2048578818,0.04596760521515349
963,w993163453,1066.3710880815981,other,51293.74656664398,56993.051740715535,64117.183208304974,nr2,-39560.402910255725,-341250.5772280646,-301690.1743178089,0.04596760521515349
964,w993163454,1257.084109787643,other,59883.17288306017,66536.85875895574,74853.96610382521,nr2,-46185.01484816297,-380085.9890063625,-333900.9741581995,0.04596760521515349
965,w993163455,1355.0658122852444,mfh,137933.86271477625,153259.84746086248,172417.3283934703,r2,-113833.88636034096,-106242.0897286739,7591.79663166705,0.04596760521515349
966,w993163456,1286.649396429956,mfh,130250.32129646631,144722.5792182959,162812.90162058288,r2,-107492.82287206984,-474126.80417960807,-366633.9813075382,0.04596760521515349
967,w993163457,923.1744978809729,ab,96260.7750734298,106956.41674825533,120325.96884178725,r2,-79441.97251494283,-354720.2696501941,-275278.2971352513,0.04596760521515349
968,w993163458,923.3917086940259,ab,96786.7143031862,107540.7936702069,120983.39287898275,r2,-79876.01898717377,-349923.01379891305,-270046.9948117393,0.04596760521515349
969,w993163460,1313.604391914094,ab,125644.15428679457,139604.6158742162,157055.1928584932,r2,-103691.45110145565,-470739.0692558003,-367047.6181543446,0.04596760521515349
970,w993163461,1099.8535498690792,ab,118342.74284405124,131491.93649339027,147928.42855506405,r2,-97665.75136329919,-448646.29664918425,-350980.54528588505,0.04596760521515349
971,w993164648,226.1375619597733,ab,25333.36690212359,28148.18544680399,31666.708627654487,r1,-22712.160764684668,-180357.5848551847,-157645.42409050002,0.049936345323862194
972,w993164649,158.37299746889622,other,12554.80104281894,13949.778936465487,15693.501303523673,nr1,-10518.496490593096,-111342.82677340318,-100824.33028281009,0.049934352873313936
973,w993164650,163.5844805765897,other,11822.83966197053,13136.48851330059,14778.549577463164,nr1,-9905.254338093406,-100983.70578153034,-91078.45144343693,0.049934352873313936
974,w993164651,162.24389737509188,other,11008.365752407117,12231.517502674575,13760.457190508896,nr1,-9222.882635809632,-95223.0570748217,-86000.17443901207,0.049934352873313936
975,w993164652,173.63842588849366,other,12537.52789010725,13930.586544563612,15671.909862634062,nr1,-10504.02492743891,-108380.66489521351,-97876.63996777461,0.049934352873313936
976,w1006795433,259.34726619906723,mfh,31206.31317629144,34673.68130699049,39007.8914703643,r1,-27977.44194332164,-138450.757947618,-110473.31600429636,0.049936345323862194
977,w1006849999,188.95288848243652,other,12692.659037467965,14102.954486075516,15865.823796834957,nr1,-10633.994842814724,-109839.72108726267,-99205.72624444796,0.049934352873313936
978,w1007159125,240.08975319266318,education,18188.745430473453,20209.717144970502,22735.931788091813,nr1,-15238.652872811226,-142925.47082673715,-127686.81795392591,0.049934352873313936
979,w1007160095,265.99824453517795,sfh,29700.45869061807,33000.5096562423,37125.57336327258,r1,-26627.39600197587,-150308.3976481697,-123681.00164619382,0.049936345323862194
980,w1007176059,713.9090096209663,trade,44584.74507920726,49538.60564356363,55730.93134900908,nr1,-37353.39835734525,-336559.6973198806,-299206.29896253534,0.049934352873313936
981,w1029411791,412.32884333096445,trade,24243.8769969841,26937.64110776011,30304.846246230125,nr1,-20311.68269743369,-202783.48584148625,-182471.80314405257,0.049934352873313936
982,w1030080397,647.4037659055554,other,30520.396752890152,33911.551947655724,38150.49594111269,nr1,-25570.193031486153,-274555.0938451275,-248984.90081364135,0.049934352873313936
983,w1030080398,123.65970464986749,other,6312.042173885407,7013.380193206007,7890.052717356758,nr1,-5288.27125400483,-57909.870947162744,-52621.599693157914,0.049934352873313936
984,w1030080399,86.80603968682699,other,6773.282403048039,7525.869336720043,8466.603003810047,nr1,-5674.701410502012,-67083.55445007033,-61408.85303956831,0.049934352873313936
985,w1036126248,1409.4026292502879,trade,62527.62490135226,69475.13877928029,78159.53112669032,nr2,-48224.55366766703,-470205.8692809452,-421981.3156132782,0.04596760521515349
986,w1036126249,536.9865712554193,mfh,58786.42745363585,65318.25272626206,73483.0343170448,r2,-48515.189603044,-247095.47381106502,-198580.284208021,0.04596760521515349
987,w1036126250,784.2879224468953,mfh,83022.8157791949,92247.57308799434,103778.51972399362,r2,-68516.96596264443,-294846.4556507098,-226329.48968806537,0.04596760521515349
988,w1036126251,422.468481163308,mfh,52845.09736255475,58716.77484728305,66056.37170319344,r2,-43611.93610817215,-245658.97302218812,-202047.03691401597,0.04596760521515349
989,w1036680208,878.3984476357698,mfh,87023.10356131091,96692.33729034546,108778.87945163864,r2,-71818.31847924637,-341898.36922843836,-270080.050749192,0.04596760521515349
990,w1075387093,82.43980132825672,other,6640.5639729472905,7378.404414385878,8300.704966184112,nr1,-5563.509019918472,-64455.21866274689,-58891.70964282842,0.049934352873313936
991,w1075387094,82.56877346616238,other,5523.9930738652965,6137.770082072551,6904.99134233162,nr1,-4628.038434328428,-39663.25008117922,-35035.21164685079,0.049934352873313936
992,w1075387095,130.11354850369972,other,4922.185612555075,5469.095125061194,6152.732015693843,nr0,-5056.521702848897,-39320.71636261534,-34264.19465976644,0.061227916794194294
993,w1075387096,86.78853361294604,other,5651.038189360073,6278.931321511192,7063.797736700091,nr1,-4734.4776838968755,-41906.410737428894,-37171.93305353202,0.049934352873313936
994,w1075387097,130.27800867820625,other,5001.394598025604,5557.105108917338,6251.743247532005,nr1,-4190.201927372929,-39269.7927306674,-35079.59080329447,0.049934352873313936
995,w1075387098,130.18280181584413,other,4914.504272727153,5460.56030303017,6143.1303409089405,nr0,-5048.6307242056355,-39127.3906424108,-34078.75991820516,0.061227916794194294
996,w1075387099,86.85200681062415,other,7574.079042728552,8415.643380809503,9467.598803410689,nr1,-6345.614204375084,-69145.92827204026,-62800.31406766517,0.049934352873313936
997,w1107949539,145.45949292609,other,7234.128086910359,8037.920096567066,9042.660108637949,nr1,-6060.801014301261,-5656.863112954359,403.9379013469015,0.049934352873313936
998,w1107949540,113.13991883732378,other,8157.082843669978,9063.42538185553,10196.353554587471,nr1,-6834.058697703981,-69394.43712257252,-62560.37842486854,0.049934352873313936
999,w1108636740,113.13954655230044,other,8437.78627390423,9375.318082115811,10547.232842380286,nr1,-7069.2339136031815,-70741.49588194647,-63672.261968343286,0.049934352873313936
1000,w1108636741,169.70950587596744,other,6388.827258846157,7098.696954273508,7986.034073557696,nr1,-5352.602313010461,-48241.29285780233,-42888.69054479187,0.049934352873313936
1001,w1108636742,113.35190696045755,other,7307.257952288273,8119.1755025425255,9134.072440360342,nr1,-6122.069705833024,-52529.56197560692,-46407.492269773895,0.049934352873313936
1002,w1108636743,97.02220907397567,other,8465.714383767012,9406.34931529668,10582.142979708764,nr1,-7092.632271297476,-70185.96944208471,-63093.33717078723,0.049934352873313936
1003,w1108636744,97.02139693088829,other,6248.685707876577,6942.984119862863,7810.857134845721,nr1,-5235.1907819927765,-47098.90441784203,-41863.71363584926,0.049934352873313936
1004,w1108636745,97.02220705058426,other,6051.606396825816,6724.00710758424,7564.507996032269,nr1,-5070.0764138251,-44214.11725350275,-39144.04083967765,0.049934352873313936
1005,w1108636746,96.97299731615931,other,6049.968200571248,6722.186889523609,7562.46025071406,nr1,-5068.703922019311,-44185.440910437734,-39116.73698841842,0.049934352873313936
1006,w1108636747,96.97299630921333,other,6204.737122419419,6894.152358243799,7755.921403024274,nr1,-5198.3703624320815,-46278.861089129234,-41080.49072669715,0.049934352873313936
1007,w1108636748,93.15071205198764,other,7049.813241953456,7833.125824392729,8812.266552441819,nr1,-5906.38080140969,-58794.02193081939,-52887.641129409705,0.049934352873313936
1008,w1108636749,139.88183319568634,other,5418.6318681190805,6020.702075687867,6773.28983514885,nr1,-4539.766109732723,-43289.5534996901,-38749.787389957375,0.049934352873313936
1009,w1108636750,139.7263257611543,other,5255.293421448891,5839.2149127209905,6569.116776811114,nr1,-4402.920063967464,-41452.544481083496,-37049.624417116036,0.049934352873313936
1010,w1108636751,139.8837134392932,other,5137.657930030147,5708.508811144608,6422.072412537684,nr1,-4304.3642605391815,-38641.833955686525,-34337.469695147345,0.049934352873313936
1011,w1108636752,93.1510556358844,other,5632.758798770266,6258.620887522518,7040.9484984628325,nr1,-4719.163087901821,-41784.06347089751,-37064.90038299569,0.049934352873313936
1012,w1108636753,93.25489941500128,other,5561.032789158997,6178.925321287774,6951.290986448746,nr1,-4659.070556143866,-42006.48021628974,-37347.40966014587,0.049934352873313936
1013,w1108636754,139.72684112749994,other,6793.787494520834,7548.652771689815,8492.234368151043,nr1,-5691.880713619622,-65158.25649341088,-59466.37577979126,0.049934352873313936
1014,w1159236388,245.9913005110109,other,17161.798074090097,19068.664526766774,21452.24759261262,nr1,-14378.269492198384,-185449.82558657342,-171071.55609437503,0.049934352873313936
1015,w1159236389,122.96537718712352,other,11214.556910810714,12460.618789789682,14018.19613851339,nr1,-9395.63097078226,-126927.43689369062,-117531.80592290836,0.049934352873313936
1016,w1159236390,245.9301320978673,other,9422.640053648083,10469.600059608982,11778.300067060103,nr1,-7894.351013480147,-142583.281173562,-134688.93016008183,0.049934352873313936
1017,w1219742100,99.15745026543736,other,6796.05397685548,7551.171085394977,8495.06747106935,nr1,-5693.779587715809,-64926.13556379429,-59232.355976078485,0.049934352873313936
1018,w1219742101,534.7382739499211,other,26665.5596979286,29628.399664365108,33331.94962241074,nr1,-22340.58470108467,-230137.73876300684,-207797.15406192216,0.049934352873313936
1019,w1219742102,331.85329187787136,other,16686.177045042114,18540.19671671346,20857.72130630264,nr1,-13979.791005137455,-141449.6724784928,-127469.88147335536,0.049934352873313936
1020,w1219742103,321.63751182574777,other,17114.566871985295,19016.185413316995,21393.208589981616,nr1,-14338.698874401138,-148430.29013181847,-134091.59125741734,0.049934352873313936
1021,w1219742104,906.7466930493712,other,37559.58202112246,41732.868912358295,46949.477526403076,nr1,-31467.669645254267,-338200.6977942286,-306733.02814897435,0.049934352873313936
1022,w1219742105,1260.638449399173,ab,128554.44727096538,142838.2747455171,160693.0590887067,r2,-106093.2540693059,-511009.6751253285,-404916.4210560226,0.04596760521515349
1023,w1219929093,501.3837405549362,other,33138.81990165809,36820.91100184232,41423.52487707261,nr1,-27763.925501420963,-282615.7365246603,-254851.81102323934,0.049934352873313936
1024,w1242595698,177.05818741209805,other,9156.077890481276,10173.419878312528,11445.097363101595,nr1,-7671.023445943845,-84784.39444259473,-77113.37099665088,0.049934352873313936
1025,w1242595699,175.70056665593293,other,9159.768067274865,10177.52007474985,11449.71008409358,nr1,-7674.115100803261,-84228.51158593822,-76554.39648513496,0.049934352873313936
