,full_id,NFA,building_usage,yearly_demand_useful_renovated,yearly_demand_delivered_renovated,yearly_demand_delivered_renovated_DH,consumer_size_renovated,npv_Gas_25years_ir_0.05,npv_DH_25years_ir_0.05,savings_npv_25years_ir_0.05,operator_selling_price
0,w24853838,27974.42320393324,trade,1197392.8826751309,1330436.536305701,1496741.1033439136,nr2,-5540949.69283894,-1818209.5083161786,3722740.184522761,0.05629980619643026
1,w24853840,937.1926232803613,trade,88019.54120636193,97799.49022929103,110024.4265079524,nr2,-407311.4654912631,-157631.63187497918,249679.8336162839,0.05629980619643026
2,w24853841,8998.296452549099,trade,370411.49455784855,411568.3272864984,463014.36819731066,nr2,-1714083.5616200808,-671375.5191299925,1042708.0424900884,0.05629980619643026
3,w25538793,404.8852469230536,trade,30724.044681390333,34137.827423767034,38405.05585173791,nr1,-154444.86378836373,-70933.84293740093,83511.0208509628,0.06115816510678212
4,w27689586,5481.69515059907,office,239232.2588022705,265813.6208914117,299040.3235028381,nr2,-1107050.100353113,-197121.00858553988,909929.091767573,0.05629980619643026
5,w28994179,16672.165487814695,other,602602.7887910821,669558.6542123135,753253.4859888526,nr2,-2788551.515352334,-496528.6458342373,2292022.8695180966,0.05629980619643026
6,w28994181,2845.002712316811,trade,324149.90597616514,360166.56219573907,405187.3824702064,nr2,-1500007.514609313,-267090.8878210331,1232916.62678828,0.05629980619643026
7,w29249266,23411.247439788887,trade,2697249.5326306587,2996943.9251451762,3371561.915788323,nr2,-12481554.037593769,-2222461.7655701595,10259092.272023609,0.05629980619643026
8,w30213059,1747.46707642246,ab,186541.77691087977,207268.64101208863,233177.2211385997,r2,-923693.7913457435,-258594.715029299,665099.0763164444,0.05629980619643026
9,w50930444,8762.936898044496,other,330222.16830016905,366913.5203335212,412777.7103752113,nr2,-1528106.9801613858,-631393.1027868047,896713.8773745812,0.05629980619643026
10,w50930445,4934.112452852726,other,202146.16980193532,224606.85533548368,252682.71225241915,nr2,-935433.785918448,-422208.6111765735,513225.1747418745,0.05629980619643026
11,w50930458,1974.6456010334193,other,60554.61203303029,67282.90225892254,75693.26504128786,nr2,-280217.18167789903,-199917.95288853304,80299.228789366,0.05629980619643026
12,w50930471,4724.4749339554455,other,258143.60911438576,286826.2323493175,322679.5113929822,nr2,-1194562.5970609414,-463121.6899598362,731440.9071011052,0.05629980619643026
13,w50930472,9715.957844087014,other,1058464.4972369291,1176071.663596588,1323080.6215461614,nr2,-4898056.949981983,-872146.5503520533,4025910.3996299296,0.05629980619643026
14,w50930478,6019.835157379508,trade,680901.6527717811,756557.3919686456,851127.0659647263,nr2,-3150880.4322857754,-561044.8240296458,2589835.6082561295,0.05629980619643026
15,w50930479,4489.048651921749,other,185541.01142931575,206156.6793659064,231926.26428664467,nr2,-858593.2196218206,-346512.2359821981,512080.9836396225,0.05629980619643026
16,w50930480,4441.97852948606,other,168700.98991545063,187445.54435050068,210876.23739431327,nr2,-780665.8213678856,-323999.0221771606,456666.79919072497,0.05629980619643026
17,w50930481,1370.623297881335,other,62080.660377160784,68978.51153017864,77600.82547145098,nr2,-287278.9883964891,-140081.52192135016,147197.46647513896,0.05629980619643026
18,w50930482,1573.369959426485,other,63379.87619939754,70422.08466599727,79224.84524924692,nr2,-293291.1249435773,-137706.23966226444,155584.88528131283,0.05629980619643026
19,w50930483,704.9254127380437,other,45123.70064816985,50137.445164633165,56404.62581021231,nr1,-226829.63367953687,-95622.3367602635,131207.2969192734,0.06115816510678212
20,w50930486,509.32494937628496,trade,30466.044901173256,33851.16100130362,38082.55612646657,nr1,-153147.94011420992,-67706.43645965066,85441.50365455926,0.06115816510678212
21,w98916060,2713.01504517002,other,226605.19701500298,251783.55223889218,283256.4962687537,nr2,-1048618.222943498,-186716.6460324305,861901.5769110676,0.05629980619643026
22,w98916062,151.14776481509907,trade,11092.043274505519,12324.492527228354,13865.054093131897,nr1,-55757.929349167935,-28525.184791963504,27232.74455720443,0.06115816510678212
23,w98916065,222.67857759937178,other,20948.500685227787,23276.111872475318,26185.625856534734,nr1,-105304.76597243515,-46268.98432543776,59035.78164699739,0.06115816510678212
24,w98916067,43210.64675020873,trade,3034378.024269405,3371531.1380771166,3792972.530336756,nr2,-14041620.110493407,-2500246.662253669,11541373.448239738,0.05629980619643026
25,w98916074,4745.314506876469,trade,491122.8611791089,545692.0679767877,613903.5764738861,nr2,-2272676.8349556723,-404672.15508364054,1868004.6798720318,0.05629980619643026
26,w98916075,67.06430839556852,sfh,8538.96409194254,9487.737879936156,10673.705114928174,r1,-45932.7003716537,-23110.087461172025,22822.612910481675,0.06116060540314294
27,w98916076,98.82164086105185,sfh,13728.213996145805,15253.571106828673,17160.267495182256,r1,-73846.65555836269,-31217.702679282767,42628.95287907992,0.06116060540314294
28,w98916079,3334.9361924076916,trade,133751.88480733606,148613.2053414845,167189.85600917006,nr2,-618938.4251091394,-304488.24474462913,314450.1803645103,0.05629980619643026
29,w98916080,2976.303781049745,other,104082.21116258297,115646.90129175886,130102.76395322871,nr2,-481641.6602400855,-224921.22356181854,256720.43667826697,0.05629980619643026
30,w98916086,294.4025758753764,other,20686.516731325537,22985.018590361706,25858.14591415692,nr1,-103987.81449372317,-54788.82843956472,49198.98605415845,0.06115816510678212
31,w98916091,1116.7099465291947,trade,65522.69205707044,72802.99117452271,81903.36507133805,nr2,-303207.0306084386,-53988.9528619327,249218.0777465059,0.05629980619643026
32,w98916094,150.05011938810347,trade,13612.2294499376,15124.699388819556,17015.286812422,nr1,-68426.50259928052,-38288.781714595876,30137.72088468464,0.06115816510678212
33,w98916098,15131.85493721813,trade,1389797.224493673,1544219.1383263033,1737246.5306170913,nr2,-6431303.05481861,-1145155.8915723313,5286147.163246279,0.05629980619643026
34,w98916102,1892.1415951219387,trade,73425.17962658805,81583.53291843117,91781.47453323506,nr2,-339775.8850792917,-181899.60835453292,157876.2767247588,0.05629980619643026
35,w98916109,81.43322088830173,sfh,9629.8057932929,10699.784214769888,12037.257241616126,r1,-51800.54388071717,-26311.622242485657,25488.92163823151,0.06116060540314294
36,w98916113,559.2398283889517,trade,50271.6825643969,55857.425071552105,62839.60320549612,nr2,-232632.80423161402,-102944.23656610968,129688.56766550434,0.05629980619643026
37,w98916116,6987.1012714248145,other,358101.17313169746,397890.1923685527,447626.4664146218,nr2,-1657117.4039688106,-606903.9859503136,1050213.418018497,0.05629980619643026
38,w98916121,458.57296650111675,other,22475.134293848154,24972.371437609057,28093.917867310192,nr1,-112978.90921051355,-52464.15172825465,60514.7574822589,0.06115816510678212
39,w98916126,1235.1179318586364,trade,54455.49615433791,60506.10683815323,68069.37019292239,nr2,-251993.4509846553,-122084.00588583123,129909.44509882407,0.05629980619643026
40,w99055014,379.03616306802724,mfh,51250.231128429565,56944.70125381063,64062.788910536954,r2,-253774.36133773497,-87691.42835598068,166082.9329817543,0.05629980619643026
41,w99055018,363.825429549627,mfh,39011.950831555296,43346.61203506144,48764.93853944412,r1,-209852.65064533942,-68253.89019381013,141598.7604515293,0.06116060540314294
42,w99055022,32.828185592684896,sfh,3912.1656857345315,4346.850761927257,4890.207107168164,r0,-25822.89135421151,-12122.141338206453,13700.750016005059,0.07504860313660772
43,w99055023,57.57688737055287,sfh,7638.842228320924,8487.602475912137,9548.552785401154,r1,-41090.774885783605,-17443.886211807712,23646.888673975893,0.06116060540314294
44,w99055025,2922.078992408514,trade,131771.14343422168,146412.38159357963,164713.9292927771,nr2,-609772.5210339193,-250286.427801457,359486.0932324623,0.05629980619643026
45,w99055028,168.94065034445376,ab,18863.996140229203,20959.99571136578,23579.9951752865,r1,-101472.99756639035,-35423.91119901066,66049.08636737968,0.06116060540314294
46,w99055030,502.22660109587014,other,33719.73290267432,37466.369891860355,42149.66612834289,nr1,-169503.70985132531,-77904.67052119126,91599.03933013405,0.06115816510678212
47,w99055036,2513.4158389533286,other,94056.81089942587,104507.56766602874,117571.01362428232,nr2,-435249.0022307766,-207341.97583510366,227907.02639567293,0.05629980619643026
48,w99055038,337.97397138923407,other,24561.514626422148,27290.57180713572,30701.893283027683,nr1,-123466.80979836445,-61000.495184264866,62466.31461409959,0.06115816510678212
49,w99055039,2475.299022556655,other,95255.37369289662,105839.30410321847,119069.21711612078,nr2,-440795.3656996263,-186561.85190127674,254233.51379834954,0.05629980619643026
50,w99055040,101.95110847079195,trade,7536.8851086504455,8374.316787389384,9421.106385813056,nr1,-37886.71726216843,-23498.808396275646,14387.908865892783,0.06115816510678212
51,w99055041,189.90211718752977,ab,21595.11692946048,23994.5743660672,26993.8961618256,r1,-116164.2120439086,-45249.80239853645,70914.40964537216,0.06116060540314294
52,w99055043,190.2007592998445,sfh,29155.98911223378,32395.543458037533,36444.98639029222,r1,-156835.57133061704,-58596.0084431406,98239.56288747644,0.06116060540314294
53,w99055048,47.74609960326925,sfh,5769.180841789516,6410.2009353216845,7211.476052236895,r1,-31033.513215713603,-16868.186974169057,14165.326241544546,0.06116060540314294
54,w99055050,194.95880112051967,trade,16984.909900636445,18872.122111818273,21231.137375795555,nr1,-85380.42836691772,-43153.341094836636,42227.08727208109,0.06115816510678212
55,w99055053,122.33706042193808,ab,14174.508663259385,15749.454070288204,17718.13582907423,r1,-76247.35885225973,-35616.97158038696,40630.387271872765,0.06116060540314294
56,w99055057,303.91877080444243,ab,36040.58788819037,40045.09765354486,45050.73486023796,r1,-193869.12825275757,-66387.07911278737,127482.0491399702,0.06116060540314294
57,w99055067,194.8848727118224,sfh,21931.666176569037,24368.517973965598,27414.582720711296,r1,-117974.57399897641,-43740.49498105579,74234.07901792062,0.06116060540314294
58,w99055068,348.37368724122643,ab,40200.04013772175,44666.71126413528,50250.05017215219,r1,-216243.60738520965,-91605.54325164817,124638.06413356148,0.06116060540314294
59,w99055094,263.70872883694244,other,16614.595860209945,18460.66206689994,20768.24482526243,nr1,-83518.91885130269,-45799.08403495611,37719.83481634658,0.06115816510678212
60,w99055100,85.6876405166462,sfh,12089.433153049305,13432.703503388117,15111.79144131163,r1,-65031.34393153589,-28227.13780434826,36804.20612718763,0.06116060540314294
61,w99055110,94.65369866762775,sfh,12604.978915374657,14005.532128194063,15756.22364421832,r1,-67804.56194414134,-33608.20163655464,34196.36030758671,0.06116060540314294
62,w99055113,801.3236896117684,education,39333.930829421224,43704.367588245805,49167.41353677653,nr1,-197725.38584057213,-90477.52560701802,107247.8602335541,0.06115816510678212
63,w99055118,54.3237798044458,other,6219.479772060365,6910.533080067072,7774.349715075456,nr1,-31264.331118883096,-16795.828454650957,14468.502664232139,0.06115816510678212
64,w99055131,500.74276516167447,th,69240.53713621371,76933.93015134857,86550.67142026713,r2,-342856.4652984968,-126810.45678844259,216046.00851005423,0.05629980619643026
65,w99055135,663.0715527065098,ab,68880.52212837798,76533.91347597554,86100.65266047248,r2,-341073.7888758958,-104616.02192733341,236457.76694856238,0.05629980619643026
66,w99055142,64.54166975589469,sfh,9032.758360397225,10036.398178219139,11290.947950496531,r1,-48588.91299111784,-20713.005198974315,27875.907792143524,0.06116060540314294
67,w99055146,149.08371188635937,sfh,17342.70904751041,19269.67671945601,21678.38630938801,r1,-93289.70701068311,-31406.342131242658,61883.36487944045,0.06116060540314294
68,w99055147,57.659734526090325,sfh,7330.462267285426,8144.958074761584,9163.077834106782,r1,-39431.940840067,-19560.862661027633,19871.078179039367,0.06116060540314294
69,w99055152,1635.3717537612654,other,76892.01538215307,85435.57264683674,96115.01922769133,nr2,-355818.7084440042,-157357.11732012918,198461.591123875,0.05629980619643026
70,w99055158,567.1104306213557,trade,39120.40099323338,43467.11221470375,48900.50124154172,nr1,-196652.0054700261,-90598.65585325914,106053.34961676697,0.06115816510678212
71,w99055160,362.3993257842958,ab,41269.65009818708,45855.16677576342,51587.06262273384,r1,-221997.2413505931,-83057.39417300171,138939.8471775914,0.06116060540314294
72,w99055171,150.93386064656082,sfh,16885.70894548665,18761.8988283185,21107.136181858314,r1,-90831.4171607609,-33948.273903159825,56883.14325760108,0.06116060540314294
73,w99055172,71.28885925472714,sfh,9019.499646113589,10021.666273459543,11274.374557641986,r1,-48517.591863174675,-23973.500141173405,24544.09172200127,0.06116060540314294
74,w99055173,413.9677898917347,ab,46033.80958093352,51148.67731214836,57542.2619761669,r1,-247624.5548850599,-80206.12699175118,167418.4278933087,0.06116060540314294
75,w99055181,184.62117180265486,other,15209.502381678169,16899.44709075352,19011.87797709771,nr1,-76455.73842853753,-38825.80213603056,37629.93629250697,0.06115816510678212
76,w99055182,84.81555104400032,sfh,9995.399856476368,11105.999840529297,12494.24982059546,r1,-53767.14338635363,-27396.024049653955,26371.119336699674,0.06116060540314294
77,w99055185,136.9722994968528,education,10840.570650859518,12045.07850095502,13550.713313574397,nr1,-54493.8166482437,-32339.356849500986,22154.459798742715,0.06115816510678212
78,w99055186,41.49024544628337,sfh,5137.404922484948,5708.227691649942,6421.756153106185,r1,-27635.071239499466,-14318.595960255467,13316.475279244,0.06116060540314294
79,w99055192,160.51305735595523,ab,18121.209085465063,20134.67676162785,22651.511356831328,r1,-97477.40572889584,-41431.18255816443,56046.22317073141,0.06116060540314294
80,w99055193,133.23216011486946,other,9055.86994602939,10062.077717810433,11319.837432536737,nr1,-45522.41134927143,-24532.904898348082,20989.50645092335,0.06115816510678212
81,w99055199,594.2030242990702,ab,69499.33638341566,77221.48487046185,86874.17047926957,r2,-344137.9544201514,-106810.48643339542,237327.467986756,0.05629980619643026
82,w99055201,119.5810925271362,sfh,16186.140935837673,17984.601039819638,20232.67616979709,r1,-87068.30872854237,-37560.38228665417,49507.9264418882,0.06116060540314294
83,w99055202,635.4450178422034,ab,74224.65462412336,82471.83847124818,92780.8182801542,r2,-367536.1829207824,-128071.34079034932,239464.8421304331,0.05629980619643026
84,w99055209,191.61494707558305,other,19092.937557201116,21214.375063556796,23866.171946501392,nr1,-95977.14659384554,-45457.70001686975,50519.44657697579,0.06115816510678212
85,w99055216,463.1840371862054,education,30329.625776782435,33699.58419642493,37912.03222097804,nr1,-152462.18297177777,-67510.31739298251,84951.86557879526,0.06115816510678212
86,w99055219,773.0541430711745,other,89363.99007406665,99293.3223045185,111704.9875925833,nr2,-413532.9184899672,-168900.49047810215,244632.42801186503,0.05629980619643026
87,w99055224,318.955577952601,ab,39326.77401159415,43696.415568437944,49158.46751449268,r1,-211546.14398283,-71286.27370244858,140259.8702803814,0.06116060540314294
88,w99055226,262.56915004737675,ab,28811.221455015977,32012.468283351085,36014.02681876997,r1,-154981.00099558482,-53380.53968028078,101600.46131530404,0.06116060540314294
89,w99055235,1694.7837025728077,trade,149404.7926523063,166005.3251692292,186755.99081538286,nr2,-691372.4408532898,-263236.7450212108,428135.695832079,0.05629980619643026
90,w99055245,424.4345906373113,ab,47895.25638616388,53216.95154018208,59869.07048270485,r1,-257637.62877104772,-85312.06401132395,172325.56475972378,0.06116060540314294
91,w99055249,70.42309986636974,sfh,9527.919340341607,10586.577044824007,11909.899175427008,r1,-51252.47740977856,-26845.5124296167,24406.96498016186,0.06116060540314294
92,w99055257,137.79457132667304,trade,8302.741753787854,9225.268615319837,10378.427192234816,nr1,-41736.55625525206,-25016.341811668524,16720.214443583533,0.06115816510678212
93,w99055287,226.3710821658373,mfh,29327.158711257514,32585.731901397237,36658.94838907189,r1,-157756.32492789617,-54003.20667569268,103753.1182522035,0.06116060540314294
94,w99055292,58.725108856521544,trade,5742.2884325185605,6380.320480576178,7177.8605406482,nr1,-28865.56649655585,-18769.53331684792,10096.03317970793,0.06115816510678212
95,w99055300,847.1402418442303,other,76273.07353797425,84747.85948663806,95341.34192246781,nr2,-352954.5477570576,-152079.69890880032,200874.84884825727,0.05629980619643026
96,w99389931,488.4274571448564,mfh,51882.65252404952,57647.39169338835,64853.315655061895,r2,-256905.9049861449,-82368.83849754992,174537.06648859498,0.05629980619643026
97,w99389943,3490.8252122399163,ab,329651.0091598724,366278.89906652493,412063.7614498405,r2,-1632323.84463297,-466722.16115886887,1165601.6834741011,0.05629980619643026
98,w99389949,2474.179022271931,ab,284257.7582638273,315841.9536264748,355322.1978297841,r2,-1407551.331386737,-464918.3010028162,942633.0303839209,0.05629980619643026
99,w99389956,671.7147096479312,education,46899.24791118664,52110.27545687404,58624.0598889833,nr1,-235755.02608897214,-41978.469183052606,193776.55690591954,0.06115816510678212
100,w99389960,693.6997662768932,ab,80098.50062143736,88998.33402381929,100123.12577679669,r2,-396621.5447570861,-134541.58580157987,262079.9589555062,0.05629980619643026
101,w99389971,1612.9015118613836,education,79005.85520261421,87784.28355846023,98757.31900326777,nr2,-365600.5271547745,-175400.54306752176,190199.98408725276,0.05629980619643026
102,w99389974,235.12884147074072,education,10047.192716967635,11163.547463297371,12558.990896209543,nr1,-50505.63253370737,-30054.900347046816,20450.732186660556,0.06115816510678212
103,w99389975,1082.0712234761565,mfh,111466.82540481444,123852.0282275716,139333.53175601806,r2,-551947.216717233,-163032.00752725077,388915.20918998215,0.05629980619643026
104,w99389979,163.53384786918758,ab,21228.517390207166,23587.241544674627,26535.646737758954,r1,-114192.20389261561,-45787.20063234371,68405.0032602719,0.06116060540314294
105,w99389992,2569.363114476204,other,222880.7619206125,247645.2910229028,278600.9524007656,nr2,-1031383.3555989087,-183647.81072613335,847735.5448727754,0.05629980619643026
106,w99390006,431.6004564465955,education,13943.155864366083,15492.395404851202,17428.944830457604,nr1,-70090.01681202138,-51314.42566745478,18775.5911445666,0.06115816510678212
107,w99390011,2554.974828636646,ab,247425.31787724234,274917.0198636026,309281.6473465529,r2,-1225169.1483251126,-352169.21602633654,872999.9322987761,0.05629980619643026
108,w99390014,587.280543653667,trade,43622.5019390578,48469.44659895311,54528.12742382225,nr1,-219283.34761751615,-97820.18574991907,121463.16186759708,0.06115816510678212
109,w99390021,1617.1983746248297,other,56431.07453005592,62701.19392228436,70538.8431625699,nr2,-261135.46322850458,-130737.91329705942,130397.54993144516,0.05629980619643026
110,w99390022,5590.431437242403,education,501507.8998853299,557230.9998725888,626884.8748566624,nr2,-2320733.7241037,-413229.15034096537,1907504.5737627344,0.05629980619643026
111,w99390025,237.89438336268066,education,22880.136119028128,25422.373465586807,28600.170148785157,nr1,-115014.78867796685,-20479.498750076422,94535.28992789042,0.06115816510678212
112,w99390027,116.0190749399364,mfh,12111.38188864718,13457.090987385754,15139.227360808974,r1,-65149.410325175515,-20756.64259221536,44392.76773296016,0.06116060540314294
113,w99390046,1095.085822885856,mfh,104637.32667388588,116263.69630431764,130796.65834235735,r2,-518129.7754972099,-147825.23705410125,370304.5384431087,0.05629980619643026
114,w99390052,1678.6958267321402,education,80452.87476272321,89392.08306969245,100566.093453404,nr2,-372296.62724283,-196316.06759931726,175980.55964351274,0.05629980619643026
115,w99390065,2581.633286331594,education,86800.34062073754,96444.82291193059,108500.42577592192,nr2,-401669.6003957133,-197540.55318892744,204129.04720678585,0.05629980619643026
116,w99390082,124.21957990797236,education,9140.033185312222,10155.592428124692,11425.041481640277,nr1,-45945.486506263966,-24403.46270706775,21542.023799196217,0.06115816510678212
117,w99390107,332.09000708311794,education,26712.358260262183,29680.39806695798,33390.44782532773,nr1,-134278.75710228505,-23909.635185591287,110369.12191669375,0.06115816510678212
118,w99390110,1066.5973296171287,mfh,111016.92938734422,123352.1437637158,138771.16173418026,r2,-549719.478968777,-170139.76603630788,379579.7129324691,0.05629980619643026
119,w99390116,694.0162199864862,ab,76366.64546448652,84851.8282938739,95458.30683060814,r2,-378142.6201121047,-121864.33380361788,256278.28630848683,0.05629980619643026
120,w99390122,307.42072394330467,other,23978.9127918091,26643.236435343442,29973.640989761374,nr1,-120538.16345890111,-67019.47167780981,53518.6917810913,0.06115816510678212
121,w99390129,1196.3697846690193,trade,62972.859261591475,69969.84362399053,78716.07407698935,nr2,-291407.6492614116,-118134.33975761046,173273.30950380117,0.05629980619643026
122,w99390130,964.417538562417,education,49512.76423577884,55014.18248419871,61890.95529472355,nr1,-248892.75508741988,-107989.91406780099,140902.8410196189,0.06115816510678212
123,w99390133,9252.387912133521,education,680645.1328091653,756272.3697879614,850806.4160114565,nr2,-3149693.383132044,-560833.4584136276,2588859.9247184168,0.05629980619643026
124,w99390139,1249.1388426542283,ab,101272.3942615666,112524.88251285178,126590.49282695825,r2,-501467.73212532606,-170390.91642530277,331076.8157000233,0.05629980619643026
125,w99390141,112.67489476799965,other,7161.259483685899,7956.954981873221,8951.574354607374,nr1,-35998.50725972017,-22657.774683380656,13340.732576339517,0.06115816510678212
126,w99758761,171.36210507287177,trade,18702.739494504167,20780.821660560185,23378.424368130207,nr1,-94015.68327517594,-48128.46233773219,45887.220937443744,0.06115816510678212
127,w99758765,309.03573338240386,trade,17633.22369336,19592.4707704,22041.529616699998,nr1,-88639.39822090816,-43605.40792794149,45033.99029296667,0.06115816510678212
128,w99758770,601.7205038767308,mfh,67803.20632134694,75336.89591260771,84754.00790168367,r2,-335739.2737943298,-110651.33486570178,225087.938928628,0.05629980619643026
129,w99758771,976.6668764967471,mfh,93790.2658837786,104211.40653753177,117237.83235472324,r2,-464418.68261446815,-141293.93609420687,323124.7465202613,0.05629980619643026
130,w99758774,197.5460334163159,ab,21548.287941595398,23942.54215732822,26935.359926994246,r1,-115912.31007486946,-48497.685161922214,67414.62491294724,0.06116060540314294
131,w99758775,265.071225726977,sfh,27414.764697100116,30460.849663444573,34268.45587137514,r1,-147469.1963840809,-56565.19705537744,90903.99932870344,0.06116060540314294
132,w99758777,337.6781565959565,ab,38785.81336494016,43095.34818326684,48482.26670617519,r1,-208636.21450800524,-78544.3435744735,130091.87093353174,0.06116060540314294
133,w99758783,333.3155570875853,th,46165.858494498185,51295.3983272202,57707.32311812273,r1,-248334.87092759847,-44216.33493054814,204118.53599705035,0.06116060540314294
134,w99758786,182.17889552428386,mfh,24975.758120688377,27750.84235632042,31219.69765086047,r1,-134349.31942095768,-42482.24938091265,91867.07004004502,0.06116060540314294
135,w99758788,349.08404515869915,other,29695.324703960447,32994.80522662272,37119.15587995056,nr1,-149273.6528219,-66381.94579707934,82891.70702482066,0.06115816510678212
136,w99758792,60.93018751584459,sfh,7098.129910688255,7886.811011875839,8872.662388360319,r1,-38182.18121965966,-20777.960082424186,17404.221137235472,0.06116060540314294
137,w99758793,126.39461716674268,ab,14533.912444621437,16148.79160513493,18167.390555776794,r1,-78180.6596629892,-32495.84649939043,45684.81316359877,0.06116060540314294
138,w99758796,906.0679207786917,ab,92578.39928517047,102864.88809463385,115722.99910646307,r2,-458417.9160751401,-132504.22029158633,325913.69578355376,0.05629980619643026
139,w99758800,420.9761067721993,ab,43617.35169245246,48463.724102724955,54521.68961556557,r1,-234625.97157247105,-76298.9480164278,158327.02355604325,0.06116060540314294
140,w99758801,293.7319820257835,mfh,30453.792851169546,33837.547612410606,38067.241063961934,r1,-163816.70272312386,-53661.70822477677,110154.99449834709,0.06116060540314294
141,w99758803,512.6721141899004,mfh,56071.10035591353,62301.2226176817,70088.8754448919,r2,-277645.72703424655,-87794.63926720645,189851.0877670401,0.05629980619643026
142,w99758805,165.76912949401884,sfh,21149.48042883679,23499.42269870754,26436.850536045986,r1,-113767.04915185059,-48070.4753579376,65696.57379391299,0.06116060540314294
143,w99758807,110.8734177275095,other,10633.353902934445,11814.837669927161,13291.692378668055,nr1,-53452.171163743405,-27955.852315332537,25496.31884841087,0.06115816510678212
144,w99758813,43.0509613757953,other,4335.785169212401,4817.539076902668,5419.731461515501,nr0,-26724.70345420267,-13240.11494810442,13484.588506098251,0.0749901987103721
145,w99758814,84.92593946289271,th,9884.973779293656,10983.304199215172,12356.217224117068,r1,-53173.140664028455,-20447.602278894356,32725.5383851341,0.06116060540314294
146,w99758818,424.19755738042295,mfh,42981.25264898336,47756.94738775929,53726.5658112292,r1,-231204.27469498542,-76039.29923654131,155164.9754584441,0.06116060540314294
147,w99758821,35.03456762442365,sfh,4362.174934958981,4846.861038843312,5452.718668698726,r0,-28793.25122252865,-17180.81231605213,11612.438906476516,0.07504860313660772
148,w99758824,478.7830200769007,ab,54415.092655594315,60461.21406177146,68018.86581949289,r2,-269445.7192047061,-113011.20720208921,156434.5120026169,0.05629980619643026
149,w99758826,392.0728006519377,ab,50422.93344994148,56025.48161104609,63028.666812426854,r2,-249677.854153828,-87609.40132698165,162068.45282684633,0.05629980619643026
152,w99758837,194.723237061128,mfh,27818.768765056746,30909.743072285273,34773.46095632093,r1,-149642.41055884145,-52704.27335593582,96938.13720290564,0.06116060540314294
153,w99758838,478.1149431033991,ab,49879.55482966044,55421.727588511596,62349.443537075545,r1,-268311.5448189054,-90925.56452641514,177385.98029249028,0.06116060540314294
154,w99758842,66.20839738831855,sfh,9098.77198804681,10109.746653385344,11373.464985058512,r1,-48944.01276043712,-19680.95695761746,29263.05580281966,0.06116060540314294
155,w99758845,141.8255072105676,th,20597.68337727332,22886.31486363702,25747.104221591646,r1,-110798.82860864174,-50229.797500952955,60569.03110768878,0.06116060540314294
156,w99758846,563.5821329504251,other,39110.73926488373,43456.37696098192,48888.424081104655,nr1,-196603.43750528072,-87487.21528348284,109116.22222179787,0.06115816510678212
157,w99758847,385.25146163031457,sfh,48245.97195129891,53606.635501443234,60307.46493912364,r1,-259524.1940259858,-95654.48657917953,163869.70744680628,0.06116060540314294
158,w99758850,177.17881421931088,ab,22322.486341848085,24802.762602053426,27903.107927310106,r1,-120076.8694715504,-43430.040163460006,76646.82930809038,0.06116060540314294
159,w99758852,422.9061155930161,other,27630.39919965029,30700.443555166985,34537.99899956286,nr1,-138893.60222786252,-65502.21989108352,73391.382336779,0.06115816510678212
160,w99758858,57.38898355839774,sfh,6590.511049374096,7322.7900548601065,8238.13881171762,r1,-35451.60350453087,-19101.617676935723,16349.985827595145,0.06116060540314294
161,w99758862,402.33381934519855,sfh,47385.93913186298,52651.04347984775,59232.42391482872,r1,-254897.91507931417,-108292.09097044195,146605.8241088722,0.06116060540314294
162,w99758864,101.365438436158,other,10686.907379847416,11874.341533163795,13358.63422480927,nr1,-53721.37593586857,-27974.844294427683,25746.531641440888,0.06115816510678212
163,w99758865,63.831228005420414,other,4034.3888558582253,4482.654284286917,5042.986069822781,nr0,-24866.971398247635,-14242.418113567908,10624.553284679727,0.0749901987103721
164,w99758868,445.0926624152809,ab,49002.607042031916,54447.341157813236,61253.258802539895,r1,-263594.2770640575,-85219.66605570937,178374.61100834812,0.06116060540314294
165,w99758869,105.27734354436397,other,8736.207849217513,9706.897610241682,10920.259811521892,nr1,-43915.521061472944,-25035.316045172847,18880.205016300097,0.06115816510678212
166,w99758874,732.9468768487684,ab,73910.07250364788,82122.30278183098,92387.59062955985,r2,-365978.4752782181,-121093.80667252386,244884.66860569426,0.05629980619643026
167,w99758876,118.68904608124866,sfh,12352.210694951837,13724.678549946484,15440.263368689795,r1,-66444.87395305198,-32330.60064663386,34114.27330641812,0.06116060540314294
168,w99758878,556.4759241774678,other,50045.05270888446,55605.61412098273,62556.31588610557,nr2,-231584.07190118267,-102569.05229077517,129015.0196104075,0.05629980619643026
169,w99758879,141.26093079326674,other,12063.985867794016,13404.42874199335,15079.982334742519,nr1,-60643.729476957546,-42210.11607832299,18433.613398634552,0.06115816510678212
170,w99758882,536.390386541374,other,53874.88809445505,59860.98677161672,67343.6101180688,nr2,-249306.68033684563,-103517.77800786987,145788.90232897576,0.05629980619643026
171,w99758886,70.57262436598539,sfh,9862.178496867567,10957.97610763063,12327.723121084458,r1,-53050.52053513569,-26416.97507781313,26633.54545732256,0.06116060540314294
172,w99758887,84.85345135740936,sfh,11592.59887534742,12880.665417052687,14490.748594184273,r1,-62358.77852824748,-30907.038353883894,31451.740174363586,0.06116060540314294
173,w99758888,71.82869699064176,other,5611.650315189278,6235.167016876976,7014.562893986597,nr1,-28208.8695529822,-16136.560508841394,12072.309044140806,0.06115816510678212
174,w99758891,1365.0763243824242,trade,109673.71393623555,121859.68215137284,137092.14242029443,nr2,-507516.4053003367,-241434.3118348541,266082.0934654826,0.05629980619643026
175,w99758895,154.4283221337944,other,11343.022479982455,12603.358311091617,14178.778099978068,nr1,-57019.56171579041,-10152.886044576417,46866.675671214,0.06115816510678212
176,w99758899,158.4874060918577,th,20589.83452385864,22877.59391539849,25737.2931548233,r1,-110756.60814392545,-42643.10958479862,68113.49855912683,0.06116060540314294
177,w99758900,82.77785695786588,sfh,10694.216001383687,11882.462223759652,13367.770001729608,r1,-57526.20739614266,-26729.39537270117,30796.81202344149,0.06116060540314294
178,w99758903,400.34018093422054,trade,29613.781724427085,32904.20191603009,37017.22715553385,nr1,-148863.74929202537,-70727.50082456783,78136.24846745754,0.06115816510678212
179,w99758905,110.54209396946244,sfh,14100.026680676654,15666.696311862948,17625.033350845817,r1,-75846.70620256799,-27857.012543565466,47989.69365900253,0.06116060540314294
180,w99758908,248.9345047255978,ab,27512.151103074764,30569.05678119418,34390.18887884345,r1,-147993.05625253104,-51317.84023258878,96675.21601994225,0.06116060540314294
181,w99758913,208.22132023065353,ab,22300.78576510543,24778.65085011714,27875.982206381785,r1,-119960.13797125599,-49299.79897187739,70660.3389993786,0.06116060540314294
182,w99758915,71.10941483918579,ab,10013.713282288307,11126.348091431451,12517.141602860384,r1,-53865.654762152946,-21678.851619114786,32186.80314303816,0.06116060540314294
183,w99758919,819.0798590054737,ab,94696.69321739217,105218.54801932463,118370.8665217402,r2,-468907.0139375098,-147972.55079936967,320934.46313814016,0.05629980619643026
184,w99758922,83.9358181065414,th,11677.410484752485,12974.900538613872,14596.763105940605,r1,-62814.99619129123,-23684.814446126104,39130.18174516513,0.06116060540314294
185,w99758926,36.12754547015065,sfh,4556.491211661925,5062.768012957695,5695.614014577406,r0,-30075.86768224358,-12085.916388211754,17989.951294031827,0.07504860313660772
186,w99758928,119.38002583179623,sfh,17308.899478423707,19232.110531581897,21636.124348029633,r1,-93107.83895387522,-33635.67879725667,59472.160156618556,0.06116060540314294
187,w99758931,65.79372537583113,th,8611.439252918039,9568.265836575598,10764.299066147547,r1,-46322.5579489465,-23898.806998418564,22423.750950527938,0.06116060540314294
188,w99758935,355.7203856162727,ab,44548.24205703894,49498.046730043265,55685.30257129867,r1,-239633.40663543815,-79901.47777508145,159731.92886035668,0.06116060540314294
189,w99758936,99.44306262517348,th,12820.809152675898,14245.343502973219,16026.011440844872,r1,-68965.553548551,-35552.07271436142,33413.480834189584,0.06116060540314294
190,w99758945,525.0721962768584,mfh,72696.76550898828,80774.18389887585,90870.95688623533,r2,-359970.57636933797,-64093.21216322273,295877.36420611525,0.05629980619643026
191,w99758951,355.6037514369003,ab,38846.362119594094,43162.62457732677,48557.95264949262,r1,-208961.91769347954,-65816.32733428455,143145.590359195,0.06116060540314294
192,w99758953,525.4067761451006,other,30960.182478675506,34400.2027540839,38700.22809834438,nr1,-155631.8907672394,-77804.65243510673,77827.23833213268,0.06115816510678212
193,w99758954,37.75478148937691,sfh,3643.787391156788,4048.6526568408754,4554.7342389459845,r0,-24051.41639649677,-13098.894439653946,10952.521956842824,0.07504860313660772
194,w99758959,30.14875982720405,sfh,3902.3905445980445,4335.989493997827,4877.988180747555,r0,-25758.36893164131,-11194.0822307412,14564.286700900111,0.07504860313660772
195,w99758962,201.50926117040217,mfh,21723.95521923704,24137.72802137449,27154.944024046297,r1,-116857.25753478814,-20806.581125410852,96050.67640937728,0.06116060540314294
196,w99758966,155.61690238779408,th,21851.717362183943,24279.685957982158,27314.646702729926,r1,-117544.51422864845,-45438.43079263744,72106.08343601102,0.06116060540314294
197,w99758967,90.83302856497467,ab,10128.948163735615,11254.386848595128,12661.185204669518,r1,-54485.52495072499,-26723.69549301867,27761.82945770632,0.06116060540314294
198,w99758970,391.2386861808598,th,48443.52710272418,53826.14122524909,60554.40887840523,r1,-260586.88049235192,-86951.09162855487,173635.78886379703,0.06116060540314294
199,w99758974,163.93810575278476,sfh,20363.139486646123,22625.710540717915,25453.924358307653,r1,-109537.1727290548,-36828.03589801975,72709.13683103505,0.06116060540314294
200,w99758975,139.83927450878545,sfh,19017.06701210734,21130.074457897044,23771.333765134175,r1,-102296.39469254066,-38070.666499729516,64225.72819281115,0.06116060540314294
201,w99758979,705.2831632008775,trade,40567.1544633245,45074.61607036056,50708.94307915562,nr1,-203924.60401428313,-86688.62105520474,117235.98295907839,0.06115816510678212
202,w99758981,319.7999828794971,other,27092.453379920906,30102.725977689894,33865.56672490113,nr1,-136189.43454046332,-24249.8498367396,111939.58470372373,0.06115816510678212
203,w99758984,336.42351993245535,ab,41356.19257743753,45951.325086041696,51695.24072179691,r1,-222462.76968939728,-74006.78679282262,148455.98289657466,0.06116060540314294
204,w99758985,1446.6540044941007,ab,159203.44292933436,176892.71436592707,199004.30366166795,r2,-788323.3141118202,-226938.90300011446,561384.4111117057,0.05629980619643026
205,w99758989,963.3213891830295,education,66773.88157928629,74193.20175476254,83467.35197410785,nr2,-308996.9248855087,-159378.19937366308,149618.72551184564,0.05629980619643026
206,w99758991,346.04414169639347,ab,38927.20383955835,43252.44871062039,48659.00479944794,r1,-209396.78057153654,-80423.24514967551,128973.53542186103,0.06116060540314294
207,w99758995,38.315451947040856,sfh,4605.429916486004,5117.144351651115,5756.787395607505,r0,-30398.895631263258,-13697.16480154029,16701.73082972297,0.07504860313660772
208,w99758997,604.6954287230968,other,49421.63020499519,54912.92244999466,61777.03775624399,nr1,-248434.6388752862,-119834.106041305,128600.53283398121,0.06115816510678212
209,w99759000,505.76658869385716,other,34496.09632156219,38328.995912846876,43120.120401952736,nr1,-173406.3647173701,-30876.685253302458,142529.67946406765,0.06115816510678212
210,w99759001,277.86601877255595,other,21620.245901575137,24022.495446194596,27025.30737696892,nr1,-108681.52184931005,-52232.88953751988,56448.63231179018,0.06115816510678212
211,w99759005,200.24946516156197,th,21517.100210125434,23907.889122361594,26896.37526265679,r1,-115744.5453777169,-41840.05198844314,73904.49338927376,0.06116060540314294
212,w99759006,478.86383471041916,sfh,50992.01233528256,56657.79148364729,63740.0154191032,r2,-252495.7464344759,-82107.54755875531,170388.1988757206,0.05629980619643026
213,w99759010,347.4218390390277,ab,42845.86231337848,47606.513681531644,53557.32789172309,r1,-230475.9845122893,-76746.85503825654,153729.12947403273,0.06116060540314294
214,w99759011,1184.1155465334652,health,81096.3879180279,90107.09768669767,101370.48489753487,nr2,-375274.4919619331,-163324.02071497805,211950.47124695504,0.05629980619643026
215,w99759013,1127.2734199425206,other,48346.56544700629,53718.406052229206,60433.20680875786,nr1,-243030.4601015248,-108217.67652648693,134812.78357503787,0.06115816510678212
216,w99759015,262.8249901607633,mfh,34217.03964154063,38018.932935045144,42771.29955192578,r1,-184059.91787024122,-32772.099002610536,151287.81886763067,0.06116060540314294
217,w99759016,162.4421672269469,other,8362.91554321064,9292.128381345156,10453.644429013299,nr1,-42039.040280627174,-30587.557026862258,11451.483253764916,0.06115816510678212
218,w99759020,78.66829424034803,other,5363.4306045502435,5959.367338389159,6704.288255687804,nr1,-26961.10872602138,-17698.720721946716,9262.388004074663,0.06115816510678212
219,w99759023,45.55874986834824,th,6763.263251708072,7514.736946342302,8454.079064635089,r1,-36380.87022387887,-13714.822570876398,22666.047653002468,0.06116060540314294
220,w99759028,314.5253525768406,trade,33061.024403090545,36734.47155898949,41326.28050386318,nr1,-166192.48746672587,-76149.93229999348,90042.55516673239,0.06115816510678212
221,w99759036,422.98085668310523,mfh,42631.70476229463,47368.56084699403,53289.63095286828,r1,-229323.99060291753,-71167.54024540081,158156.4503575167,0.06116060540314294
222,w99759038,116.55152825303375,ab,12476.366237759883,13862.629153066537,15595.457797199853,r1,-67112.73006368526,-30553.13887981434,36559.591183870914,0.06116060540314294
224,w99759044,415.2007402397692,trade,30727.523085082063,34141.69231675785,38409.403856352576,nr1,-154462.3491679725,-73640.57600684499,80821.77316112752,0.06115816510678212
225,w99759045,941.2816024620085,trade,46874.11717738663,52082.35241931848,58592.646471733286,nr1,-235628.69790533307,-104964.69750020978,130664.0004051233,0.06115816510678212
226,w99759047,442.628270605579,mfh,44840.233894655554,49822.482105172836,56050.29236831944,r1,-241204.085870507,-72054.91525130792,169149.17061919908,0.06116060540314294
227,w99759050,246.0824731603265,trade,22511.684368925235,25012.98263213915,28139.60546115654,nr1,-113162.64059826778,-56948.43732906041,56214.20326920737,0.06115816510678212
228,w99759051,91.54405212756247,th,11301.573718027325,12557.30413114147,14126.967147534155,r1,-60793.29924904415,-24107.681273119593,36685.61797592456,0.06116060540314294
229,w99759055,270.5142616614699,other,18027.259599334837,20030.288443705373,22534.074499168546,nr1,-90620.15376455797,-42124.176445640835,48495.97731891713,0.06115816510678212
230,w99759057,194.30349186724052,th,26936.28423283178,29929.20470314642,33670.35529103972,r1,-144895.3596092353,-49236.205907897296,95659.15370133801,0.06116060540314294
231,w99759061,534.3112589053809,trade,25116.553078843055,27907.281198714503,31395.691348553817,nr1,-126256.89941938934,-62962.913354220655,63293.98606516869,0.06115816510678212
232,w99759062,137.67195288166403,th,17570.109600664895,19522.344000738773,21962.637000831117,r1,-94512.93752903717,-38087.142343577456,56425.79518545971,0.06116060540314294
233,w99759063,182.5971095246263,sfh,23409.161696221272,26010.17966246808,29261.45212027659,r1,-125922.30141343942,-54723.2351843379,71199.06622910152,0.06116060540314294
234,w99759067,347.13443305995315,other,14604.042087206286,16226.713430229207,18255.052609007857,nr1,-73412.18626349293,-37241.79568023081,36170.39058326212,0.06115816510678212
235,w99759073,34.86947953915223,sfh,3369.323871661266,3743.69319073474,4211.654839576582,r0,-22239.774913501482,-13987.434206463524,8252.340707037958,0.07504860313660772
236,w99759074,1179.944325777702,mfh,115106.04981104136,127895.61090115707,143882.5622638017,r2,-569967.4642189586,-171551.11495456487,398416.3492643938,0.05629980619643026
237,w99759077,212.39228247441352,sfh,25996.152531155218,28884.613923505796,32495.19066394402,r1,-139838.21364890155,-48896.20351792517,90942.01013097638,0.06116060540314294
239,w99759083,341.51128259450195,trade,15755.53024255659,17506.144713951766,19694.412803195737,nr1,-79200.53324551354,-39807.69183549268,39392.841410020854,0.06115816510678212
240,w99759085,319.12387123871594,other,16124.762320599133,17916.40257844348,20155.952900748915,nr1,-81056.60390909109,-44556.976168771005,36499.62774032009,0.06115816510678212
241,w99759087,592.8829183824361,other,51137.99563470979,56819.99514967755,63922.494543387234,nr2,-236641.67818627486,-102770.11239431704,133871.56579195784,0.05629980619643026
242,w99759088,334.1662621571682,ab,38269.47653436571,42521.64059373968,47836.84566795714,r1,-205858.74118990044,-68215.73596933018,137643.00522057025,0.06116060540314294
243,w99759091,80.87078364617192,sfh,11524.131641001168,12804.590712223518,14405.164551251459,r1,-61990.4803451611,-11037.482699102435,50952.99764605866,0.06116060540314294
244,w99759093,176.2003906674683,sfh,24764.95217261122,27516.61352512358,30956.190215764025,r1,-133215.35441708472,-51305.528497990126,81909.82591909458,0.06116060540314294
245,w99759094,339.69808716569094,other,37582.71276836215,41758.56974262461,46978.390960452685,nr1,-188922.29244226665,-82080.37919682747,106841.91324543918,0.06115816510678212
246,w99759096,246.47077107857913,mfh,23598.463882924807,26220.515425472007,29498.079853656007,r1,-126940.59362405512,-41763.55023583213,85177.04338822298,0.06116060540314294
247,w99759099,50.23060751573648,th,7134.781015914094,7927.53446212677,8918.476269892617,r1,-38379.33443596338,-21308.875931524086,17070.45850443929,0.06116060540314294
248,w99759102,1460.464218017459,other,128159.99370613102,142399.99300681223,160199.99213266376,nr2,-593061.8830585573,-232406.00208025982,360655.88097829744,0.05629980619643026
249,w99759105,189.26809048298745,mfh,22334.256335775855,24815.840373084284,27917.820419719817,r1,-120140.1824915654,-40313.10817156102,79827.07432000438,0.06116060540314294
250,w99759110,35.61810292806477,th,4375.3120568172735,4861.457840908081,5469.140071021591,r0,-28879.964950347166,-17098.07783184064,11781.887118506525,0.07504860313660772
251,w99759111,238.72463138289748,th,34535.9950545772,38373.327838419114,43169.9938182215,r1,-185775.6392693686,-33077.58534751231,152698.0539218563,0.06116060540314294
252,w99759113,635.4707306571305,th,86670.32318175596,96300.35909083995,108337.90397719495,r2,-429163.05796295777,-151336.36970634657,277826.68825661123,0.05629980619643026
253,w99759120,160.90588292758912,th,23237.39167444857,25819.324082720632,29046.73959306071,r1,-124998.31802880812,-22256.107147064053,102742.21088174407,0.06116060540314294
254,w99759121,33.129497365746644,ab,3818.7156608234063,4243.017400914896,4773.394576029257,r0,-25206.059135390173,-13740.117431922716,11465.941703467457,0.07504860313660772
255,w99759126,310.54387535755524,ab,34300.81502744586,38112.016697162064,42876.01878430732,r1,-184510.56149139607,-61540.44501750427,122970.1164738918,0.06116060540314294
256,w99759127,85.13879598667843,other,8496.79167350324,9440.879637225822,10620.989591879048,nr1,-42712.01419802541,-21778.86082918,20933.15336884541,0.06115816510678212
257,w99759131,184.6887545518577,ab,20787.501022478882,23097.223358309868,25984.3762780986,r1,-111819.89356788043,-46606.089798312096,65213.80376956833,0.06116060540314294
258,w99759132,153.35469039995223,ab,17695.00512599379,19661.116806659767,22118.756407492237,r1,-95184.7741453904,-35364.73121633361,59820.04292905679,0.06116060540314294
259,w99759137,162.2998407471925,mfh,21055.671207008436,23395.19023000937,26319.589008760544,r1,-113262.4316324485,-58723.55156417964,54538.88006826886,0.06116060540314294
260,w99759138,557.9003615580499,mfh,56330.74901759959,62589.721130666214,70413.43627199948,r2,-278931.42217826366,-88150.28069254657,190781.1414857171,0.05629980619643026
261,w99759140,160.4533356629312,ab,17634.05521702537,19593.394685583742,22042.56902128171,r1,-94856.91307510344,-39050.01172034377,55806.90135475967,0.06116060540314294
262,w99759142,128.98004897348582,sfh,17650.096411774208,19611.218235304674,22062.620514717757,r1,-94943.20169092009,-32075.643448153292,62867.5582427668,0.06116060540314294
263,w99759148,518.2482564277947,ab,59352.94618142581,65947.71797936202,74191.18272678225,r2,-293896.3528371084,-94328.33144491838,199568.02139219004,0.05629980619643026
264,w99759152,155.39786574579776,ab,16837.00273483737,18707.780816485967,21046.253418546712,r1,-90569.41725586579,-34594.827619141266,55974.58963672452,0.06116060540314294
265,w99759159,71.9146042395383,sfh,9767.034283888204,10852.260315431338,12208.792854860254,r1,-52538.72184622897,-27199.922831926215,25338.799014302753,0.06116060540314294
266,w99759161,242.4930030848831,mfh,32388.127737790874,35986.808597545416,40485.15967223859,r1,-174221.85536329634,-59316.71300330264,114905.14235999371,0.06116060540314294
267,w99759162,714.1891373082996,mfh,77904.36715681193,86560.40795201325,97380.45894601491,r2,-385756.9143658645,-120244.72843444716,265512.18593141733,0.05629980619643026
268,w99759164,595.7694656141102,mfh,71961.73720566227,79957.48578406918,89952.17150707783,r2,-356330.95691524656,-63445.17335900356,292885.783556243,0.05629980619643026
269,w99759165,160.50856082765387,mfh,22755.65774251579,25284.064158350877,28444.572178144736,r1,-122406.98023700189,-43198.36268086628,79208.6175561356,0.06116060540314294
270,w99759170,93.69908212199807,sfh,11619.451405943726,12910.501562159696,14524.314257429656,r1,-62503.22336122959,-30793.970784005636,31709.252577223953,0.06116060540314294
271,w99759172,204.59550149962305,other,17169.669362300792,19077.410402556434,21462.08670287599,nr1,-86309.18466141837,-42666.14065772136,43643.04400369702,0.06115816510678212
272,w99759176,41.50382452430203,sfh,4163.668093659857,4626.297881844285,5204.585117074821,r0,-27482.974253783,-11126.930621610749,16356.04363217225,0.07504860313660772
273,w99759177,360.73507672324774,ab,44758.280247853094,49731.42249761455,55947.850309816364,r1,-240763.241728008,-78641.82977699881,162121.41195100918,0.06116060540314294
274,w99759180,347.1465133147314,education,19069.298725020304,21188.109694467003,23836.62340627538,nr1,-95858.31796128294,-43988.73844579419,51869.57951548875,0.06115816510678212
275,w99759183,128.67689446713774,sfh,18376.72489710795,20418.583219008833,22970.906121384935,r1,-98851.87353202049,-41870.03899954124,56981.834532479246,0.06116060540314294
276,w99759189,171.2441471248865,ab,18363.415474169808,20403.794971299787,22954.269342712258,r1,-98780.27963264877,-41602.26388816957,57178.015744479206,0.06116060540314294
277,w99759190,369.99921465907244,other,20710.457907946584,23011.619897718425,25888.072384933228,nr1,-104108.1629634808,-49699.38428533538,54408.77867814543,0.06115816510678212
278,w99759195,184.4751641433686,sfh,22818.050116989565,25353.389018877293,28522.562646236955,r1,-122742.60060164123,-42057.34390545471,80685.25669618652,0.06116060540314294
279,w155463247,886.8482149265707,mfh,90574.02742084471,100637.808245383,113217.53427605589,r2,-448492.9229862712,-132667.94391016895,315824.97907610226,0.05629980619643026
280,w155463249,403.549402025342,trade,23648.752708879776,26276.391898755304,29560.940886099717,nr1,-118878.50147216859,-60614.422806128496,58264.07866604009,0.06115816510678212
281,w155463253,721.7602650925515,mfh,85711.09171490726,95234.54634989696,107138.86464363408,r2,-424413.25786421157,-75567.31234962269,348845.94551458885,0.05629980619643026
282,w155463254,852.2730644002556,mfh,87014.59305688317,96682.88117431464,108768.24132110395,r2,-430867.76964453637,-76716.54625956848,354151.2233849679,0.05629980619643026
283,w155463255,713.9319995328784,mfh,71073.4939418158,78970.54882423978,88841.86742726975,r2,-351932.667150849,-62662.05235542568,289270.61479542335,0.05629980619643026
284,w155463260,725.1058137452229,mfh,66389.32398774149,73765.91554193498,82986.65498467686,r2,-328738.1914905586,-91759.47098506862,236978.72050549,0.05629980619643026
285,w155463261,1003.1358517257496,mfh,96812.24176736335,107569.15751929261,121015.30220920418,r2,-479382.5175660211,-140676.6603002015,338705.8572658196,0.05629980619643026
286,w155463268,907.8277638942003,mfh,88048.47049851796,97831.63388724218,110060.58812314743,r2,-435987.19216567336,-125354.74001297334,310632.45215270005,0.05629980619643026
287,w155463269,646.430608794326,mfh,65800.13973759115,73111.26637510127,82250.17467198893,r2,-325820.7440273956,-103010.54937097082,222810.1946564248,0.05629980619643026
288,w155463275,531.2511221051216,mfh,56742.54191479465,63047.26879421628,70928.17739349332,r2,-280970.48575296666,-79571.21914970303,201399.26660326362,0.05629980619643026
289,w155463277,722.3371928531676,mfh,75825.75026506544,84250.83362785049,94782.18783133179,r2,-375464.2842146576,-113962.90403000948,261501.38018464815,0.05629980619643026
290,w155463281,852.691491766274,mfh,81167.2147222987,90185.79413588744,101459.01840287336,r2,-401913.4670065502,-122400.58661428957,279512.8803922607,0.05629980619643026
291,w155463286,75.58565192222595,sfh,11379.481362010443,12643.868180011603,14224.351702513053,r1,-61212.37917831973,-27031.579549929073,34180.799628390654,0.06116060540314294
292,w155463289,870.3151384696364,mfh,92029.85106537899,102255.39007264332,115037.31383172373,r2,-455701.6849269978,-133589.13438953503,322112.5505374628,0.05629980619643026
293,w155463294,520.8021583877504,mfh,73954.39748668816,82171.55276298684,92442.9968583602,r2,-366197.9580788745,-65202.00527947227,300995.95279940224,0.05629980619643026
294,w155463296,531.2875348292291,mfh,59600.264491446156,66222.51610160685,74500.33061430769,r2,-295120.99211756873,-96038.7413011168,199082.25081645194,0.05629980619643026
295,w155463300,903.6974393147975,mfh,82377.16016846654,91530.17796496282,102971.45021058316,r2,-407904.72062812495,-122507.53138908037,285397.18923904456,0.05629980619643026
296,w155463302,619.062746527791,mfh,73694.19011571503,81882.43346190559,92117.73764464378,r2,-364909.49638943165,-108925.30667809666,255984.189711335,0.05629980619643026
297,w155463304,1087.9011799693108,mfh,132782.97083749846,147536.6342638872,165978.71354687307,r2,-657497.7883781851,-117068.30506095302,540429.4833172321,0.05629980619643026
298,w155463308,740.3594694465398,mfh,74398.41232336155,82664.90258151284,92998.01540420194,r2,-368396.57414596895,-111551.44503225754,256845.12911371142,0.05629980619643026
299,w155463310,722.3160033598542,mfh,78437.63363840502,87152.92626489447,98047.04204800627,r2,-388397.4753508477,-69154.65714558991,319242.81820525776,0.05629980619643026
300,w155463313,774.0583199881017,mfh,75098.58684319264,83442.87427021404,93873.2335539908,r2,-371863.6090779641,-109546.64112320809,262316.967954756,0.05629980619643026
301,w155463314,1101.9502923069522,mfh,104359.84119134728,115955.37910149698,130449.8014891841,r2,-516755.75825745816,-150075.8958444357,366679.86241302243,0.05629980619643026
302,w155463317,740.3064833164215,mfh,74649.75970721088,82944.17745245653,93312.1996340136,r2,-369641.16408060613,-109950.40513232697,259690.75894827917,0.05629980619643026
303,w155463319,828.4481069911271,mfh,78474.43739685023,87193.8193298336,98093.04674606278,r2,-388579.71551032836,-109108.84468387696,279470.8708264514,0.05629980619643026
304,w155463321,781.2118542082608,mfh,75955.85291213829,84395.3921245981,94944.81614017286,r2,-376108.5099174945,-109700.97143277204,266407.53848472243,0.05629980619643026
305,w155463324,722.1055689860135,mfh,76230.77521241456,84700.86134712728,95288.4690155182,r2,-377469.8351180633,-112719.03002869245,264750.8050893709,0.05629980619643026
306,w155463327,780.4636536210775,mfh,78934.78481367027,87705.31645963363,98668.48101708783,r2,-390859.2051657843,-120648.16193069363,270211.0432350907,0.05629980619643026
307,w155463330,867.026127423346,mfh,92798.36038612344,103109.28931791494,115997.9504826543,r2,-459507.0914151225,-81815.81338569502,377691.2780294275,0.05629980619643026
308,w155463331,701.7002469789237,mfh,75620.8436945795,84023.15966064388,94526.05461822437,r2,-374449.65397955355,-115522.74133670129,258926.91264285226,0.05629980619643026
309,w155463336,356.26551316827533,mfh,37646.38639526564,41829.31821696182,47057.98299408205,r1,-202507.02166565257,-56345.750896313635,146161.27076933894,0.06116060540314294
310,w155463337,437.0872274041176,trade,16347.364508861188,18163.7383431791,20434.205636076484,nr1,-82175.5895440114,-39064.950631609936,43110.63891240146,0.06115816510678212
311,w155463339,868.4495440013707,mfh,96284.55889755068,106982.84321950076,120355.69862193835,r2,-476769.6047980768,-84889.42552334083,391880.179274736,0.05629980619643026
312,w155463342,722.9579402044416,mfh,72192.16091602764,80213.5121289196,90240.20114503455,r2,-357471.93967078783,-111298.83838736537,246173.10128342247,0.05629980619643026
313,w155463343,844.8904670208692,mfh,87271.28425516972,96968.09361685524,109089.10531896215,r2,-432138.82039829675,-132939.74152563614,299199.07887266064,0.05629980619643026
314,w155463347,1083.6851687338203,mfh,101563.78341079073,112848.64823421191,126954.7292634884,r2,-502910.5957693902,-137709.57220063757,365201.0235687526,0.05629980619643026
315,w155463348,740.608741542697,mfh,73742.38733091138,81935.98592323487,92177.98416363922,r2,-365148.1532156625,-106326.59350631971,258821.5597093428,0.05629980619643026
316,w155463352,356.4181080274284,mfh,38492.77211566138,42769.74679517931,48115.965144576716,r1,-207059.8902894319,-36867.27291065506,170192.61737877683,0.06116060540314294
317,w155463353,722.1394314199686,mfh,96023.96050529758,106693.28945033065,120029.95063162198,r2,-475479.2068993054,-84659.66856060487,390819.53833870054,0.05629980619643026
318,w155463354,696.3946817303076,mfh,75225.69127239037,83584.10141376707,94032.11409048796,r2,-372492.9885877271,-120169.09680207905,252323.891785648,0.05629980619643026
319,w155463358,865.4375973489136,mfh,87470.73329689098,97189.70366321219,109338.41662111372,r2,-433126.4267381667,-126462.28365639334,306664.14308177336,0.05629980619643026
320,w155463359,1101.9756921548396,mfh,103923.56216152417,115470.62462391573,129904.4527019052,r2,-514595.4473725967,-148857.8813418083,365737.5660307884,0.05629980619643026
321,w155463364,740.593882034719,mfh,74624.72489312779,82916.3609923642,93280.90611640972,r2,-369517.1998795624,-110179.71832184539,259337.48155771702,0.05629980619643026
322,w155463365,603.6562003400177,mfh,57345.292217422895,63716.9913526921,71681.61527177862,r2,-283955.1078654464,-81761.78156947109,202193.32629597533,0.05629980619643026
323,w155463369,722.4004129424691,mfh,76517.50006263371,85019.44451403746,95646.87507829214,r2,-378889.60268089996,-113487.39514788093,265402.207533019,0.05629980619643026
324,w155463370,696.1379145577084,mfh,67777.64861111336,75308.49845679261,84722.06076389168,r2,-335612.72038278455,-95666.01483418926,239946.7055485953,0.05629980619643026
325,w155463373,865.3327697202564,mfh,87284.13642326384,96982.3738036265,109105.1705290798,r2,-432202.4601259249,-126284.99304496526,305917.46708095964,0.05629980619643026
326,w155463376,746.0008564919234,mfh,78349.89022816702,87055.43358685223,97937.36278520877,r2,-387962.9987171922,-121960.8716745118,266002.1270426804,0.05629980619643026
327,w155463378,701.7079005709849,mfh,75289.53058162499,83655.03397958331,94111.91322703123,r2,-372809.0999412283,-112399.11249770022,260409.98744352808,0.05629980619643026
328,w155463380,903.4881653226912,mfh,80794.44802773364,89771.60891970404,100993.06003466704,r2,-400067.6484071342,-118225.0500219968,281842.59838513745,0.05629980619643026
329,w155463382,654.6620004437864,mfh,67195.36451178146,74661.51612420162,83994.20563972682,r2,-332729.4402068421,-98047.3402946647,234682.0999121774,0.05629980619643026
330,w155463388,654.8312545590103,mfh,81045.45395849762,90050.50439833068,101306.81744812202,r2,-401310.5475779103,-71453.84583560929,329856.701742301,0.05629980619643026
331,w155463390,658.415929133445,mfh,67307.170216775,74785.74468530556,84133.96277096875,r2,-333283.0654443078,-96564.60735427166,236718.45809003615,0.05629980619643026
332,w155463392,746.3197361536323,mfh,74500.89326832342,82778.77029813713,93126.11658540426,r2,-368904.0262253911,-110948.27345046251,257955.75277492858,0.05629980619643026
333,w155463395,740.6091377854347,mfh,81203.21252281987,90225.79169202207,101504.01565352484,r2,-402091.7163263227,-71592.93391006319,330498.7824162595,0.05629980619643026
334,w155463397,721.9107812985777,mfh,69115.7372055503,76795.26356172255,86394.67150693786,r2,-342238.4969108084,-99106.58314181384,243131.91376899453,0.05629980619643026
335,w155463400,957.7393607803388,mfh,132263.3739372203,146959.30437468924,165329.2174215254,r2,-654924.9146834165,-116610.20167580635,538314.7130076102,0.05629980619643026
336,w155463402,519.368776667118,mfh,57328.60677905928,63698.45197673253,71660.7584738241,r2,-283872.48703874706,-90530.06678648683,193342.42025226023,0.05629980619643026
337,w155463405,658.592996231094,mfh,66453.3492473543,73837.05471928256,83066.68655919287,r2,-329055.2236094384,-95580.04357389231,233475.18003554607,0.05629980619643026
338,w155463406,932.8967588515952,mfh,87329.94975847227,97033.27750941363,109162.43719809034,r2,-432429.3127591187,-132338.10283332574,300091.20992579294,0.05629980619643026
339,w155463408,740.3845857441426,mfh,81123.65596148898,90137.39551276554,101404.56995186122,r2,-401697.7782874604,-71522.79274864212,330174.9855388183,0.05629980619643026
340,w155463411,886.3585438661277,mfh,86630.34371086476,96255.9374565164,108287.92963858094,r2,-428965.09271541366,-124837.74290918242,304127.3498062312,0.05629980619643026
341,w155463413,436.59599217027426,trade,16616.663351011164,18462.959278901293,20770.829188763953,nr1,-83529.31179723442,-39812.75118602438,43716.560611210036,0.06115816510678212
342,w155463416,722.4005093876273,mfh,71360.79474582999,79289.7719398111,89200.99343228748,r2,-353355.28664826765,-110009.79933057111,243345.48731769653,0.05629980619643026
343,w155463417,828.3400002270937,mfh,74807.01169807202,83118.90188674668,93508.76462259002,r2,-370419.8244431296,-108465.07137978669,261954.75306334288,0.05629980619643026
344,w155463421,509.4774500131606,mfh,62634.51134401355,69593.90149334838,78293.13918001692,r2,-310145.5888890782,-55221.81071199506,254923.77817708312,0.05629980619643026
345,w155463422,674.0859733853489,mfh,66828.4486191273,74253.83179903033,83535.56077390912,r2,-330912.5928624928,-97140.10937297104,233772.48348952172,0.05629980619643026
346,w155463424,701.7858467099256,mfh,75354.80212003247,83727.55791114719,94193.50265004058,r2,-373132.30322457326,-114572.941959234,258559.36126533925,0.05629980619643026
347,w155463427,540.3469697440042,mfh,55711.525451732596,61901.69494636955,69639.40681466574,r2,-275865.2298608206,-85219.36521852075,190645.86464229983,0.05629980619643026
348,w155463430,521.3457492198795,mfh,65819.9805171453,73133.31168571701,82274.97564643163,r2,-325918.9890703728,-58030.28437823673,267888.70469213603,0.05629980619643026
349,w155463434,634.5610695700626,mfh,64418.57211226843,71576.19123585381,80523.21514033554,r2,-318979.6735767557,-93282.24273916271,225697.43083759298,0.05629980619643026
350,w155463435,740.6094772338867,mfh,73569.89609015193,81744.3289890577,91962.37011268991,r2,-364294.0330781281,-107905.09728853295,256388.93578959518,0.05629980619643026
351,w155463436,830.3215000247583,mfh,74986.73881598086,83318.59868442318,93733.42351997607,r2,-371309.77427473315,-104218.08301876602,267091.69125596713,0.05629980619643026
352,w155463437,634.6341266736388,mfh,64166.464939277284,71296.07215475253,80208.0811740966,r2,-317731.3214151007,-93800.36422893147,223930.95718616922,0.05629980619643026
353,w155463439,740.3900625675916,mfh,77902.86750022264,86558.74166691404,97378.5843752783,r2,-385749.48855753546,-120266.39478064708,265483.0937768884,0.05629980619643026
354,w155463441,304.4361848443746,mfh,36817.49098632539,40908.32331813932,46021.863732906735,r1,-198048.23673011,-35262.73670287773,162785.50002723225,0.06116060540314294
355,w155463442,681.7836883433163,mfh,68711.68346108304,76346.31495675893,85889.6043263538,r2,-340237.7550860282,-103450.43713516854,236787.31795085967,0.05629980619643026
356,w155463445,701.5969566701912,mfh,73907.62346345419,82119.58162606022,92384.52932931774,r2,-365966.3484331804,-111477.96766021372,254488.38077296672,0.05629980619643026
357,w155463446,527.3302180506289,mfh,52013.41474555332,57792.683050614796,65016.768431941644,r2,-257553.3966855691,-77768.49294379109,179784.90374177802,0.05629980619643026
358,w155463447,540.1562461696565,mfh,59085.19228162839,65650.21364625376,73856.49035203549,r2,-292570.5232082331,-93735.96189879184,198834.56130944128,0.05629980619643026
359,w155463448,488.2503870327026,mfh,51268.34796637681,56964.83107375201,64085.43495797101,r2,-253864.0699864238,-80298.04040502249,173566.02958140132,0.05629980619643026
360,w155463452,416.2699146196246,mfh,40700.76121869014,45223.06802076682,50875.95152336267,r1,-218937.08063726305,-38982.02153412439,179955.05910313866,0.06116060540314294
361,w155463453,826.68092449978,mfh,83117.14823153104,92352.38692392338,103896.4352894138,r2,-411568.8991882403,-120779.55457133731,290789.344616903,0.05629980619643026
362,w155463454,830.106713430956,mfh,73765.5043705863,81961.67152287367,92206.88046323288,r2,-365262.6212258618,-104638.94232612982,260623.67889973195,0.05629980619643026
363,w155463458,653.3753796381876,mfh,58960.56636749198,65511.74040832442,73700.70795936497,r2,-291953.41649340006,-83531.1448632929,208422.27163010716,0.05629980619643026
364,w155463459,716.456727950275,mfh,75283.97896378927,83648.8655153214,94104.97370473658,r2,-372781.61014772626,-113220.69458234594,259560.9155653803,0.05629980619643026
365,w155463463,389.00259175430983,mfh,37000.96483362116,41112.18314846796,46251.206042026446,r1,-199035.17720241196,-35438.462690600725,163596.71451181124,0.06116060540314294
366,w155463464,681.5525098629297,mfh,69179.35495120153,76865.94994577947,86474.19368900191,r2,-342553.5111540013,-102595.14508351215,239958.36607048914,0.05629980619643026
367,w155463468,854.9059582386632,mfh,81699.0096870192,90776.67743002134,102123.762108774,r2,-404546.74152186676,-116318.76586253603,288227.9756593307,0.05629980619643026
368,w155463469,716.6904537379742,mfh,100679.18201464991,111865.75779405545,125848.97751831239,r2,-498530.33934124745,-88763.95157480343,409766.387766444,0.05629980619643026
369,w155463470,608.2978411447257,mfh,64367.74654988399,71519.71838875998,80459.68318735498,r2,-318728.00203596946,-56749.92012650383,261978.08190946563,0.05629980619643026
370,w155463473,376.1376306014136,mfh,43550.29606288637,48389.217847651526,54437.870078607964,r1,-234265.26667806844,-41711.22426480172,192554.04241326672,0.06116060540314294
371,w155463474,720.4433401308954,mfh,67276.75041664802,74751.94490738669,84095.93802081002,r2,-333132.4365558273,-103526.11722980297,229606.31932602436,0.05629980619643026
372,w155463478,851.8925360153429,mfh,87684.85616685112,97427.61796316791,109606.0702085639,r2,-434186.693070152,-77307.48473408763,356879.20833606436,0.05629980619643026
373,w155463479,376.5337288361043,mfh,37121.41584101446,41246.017601127176,46401.76980126807,r1,-199683.10591747484,-59910.102423717355,139773.00349375748,0.06116060540314294
374,w155463480,664.0854127705097,mfh,73172.86575571459,81303.18417301621,91466.08219464324,r2,-362328.0688798193,-64512.96665863589,297815.1022211834,0.05629980619643026
375,w155463484,531.1159037780716,mfh,68085.21955592721,75650.24395103024,85106.52444490901,r2,-337135.71097946266,-60027.43576862579,277108.27521083684,0.05629980619643026
376,w155463485,716.6882258921862,mfh,74226.11389675422,82473.45988528247,92782.64237094278,r2,-367543.40876097395,-107966.70729106675,259576.7014699072,0.05629980619643026
377,w155463490,790.5601109853014,mfh,73479.01625668757,81643.35139631951,91848.77032085945,r2,-363844.02590375836,-108291.54880332641,255552.47710043195,0.05629980619643026
378,w155463491,681.5525530032813,mfh,68426.0537270324,76028.94858559156,85532.5671587905,r2,-338823.410179834,-100320.29809917133,238503.1120806627,0.05629980619643026
379,w155463494,531.001435648324,mfh,56124.10929184654,62360.12143538504,70155.13661480817,r2,-277908.2099258433,-81096.47523665725,196811.73468918604,0.05629980619643026
380,w155463495,716.4590312853455,mfh,79038.97749810597,87821.08610900663,98798.72187263246,r2,-391375.1332185275,-124514.24444357182,266860.88877495565,0.05629980619643026
381,w155463496,611.941689690575,mfh,60485.334200613484,67205.92688957053,75606.66775076685,r2,-299503.5674784575,-90471.57297108108,209031.99450737645,0.05629980619643026
382,w155463500,1108.025532820262,mfh,100906.99247980208,112118.88053311342,126133.7405997526,r2,-499658.3821622676,-146217.69423066074,353440.68793160684,0.05629980619643026
383,w155463502,540.1563036605716,mfh,59609.47184418452,66232.74649353835,74511.83980523064,r2,-295166.58391314384,-92303.23322639086,202863.350686753,0.05629980619643026
384,w155463507,1267.198863344267,mfh,124829.28501538603,138699.20557265115,156036.60626923252,r2,-618113.7408266823,-184882.3878370426,433231.35298963974,0.05629980619643026
385,w155463508,530.6506136165466,mfh,59404.70237854505,66005.22486505006,74255.87797318131,r2,-294152.63257634104,-91360.25941031073,202792.37316603033,0.05629980619643026
386,w155463511,1747.3368958860635,mfh,164794.07162005454,183104.52402228283,205992.58952506818,r2,-816006.2765926844,-233025.9957515986,582980.2808410858,0.05629980619643026
387,w155463513,612.2091895099729,mfh,81863.33408033723,90959.26008926358,102329.16760042153,r2,-405360.42210531596,-72174.93106967887,333185.4910356371,0.05629980619643026
388,w155463514,830.106801855378,mfh,74653.97590525495,82948.86211694994,93317.46988156869,r2,-369662.0413126176,-105869.38308448903,263792.65822812857,0.05629980619643026
389,w155463518,691.345141955465,mfh,72173.4858662746,80192.76207363844,90216.85733284324,r2,-357379.46694003756,-104586.18919603476,252793.27774400281,0.05629980619643026
390,w155463519,507.32179623667616,mfh,55562.18913504426,61735.76570560473,69452.73641880532,r2,-275125.7653246092,-83072.23328273577,192053.5320418734,0.05629980619643026
391,w155463522,1139.1653657640795,mfh,129564.6746402093,143960.74960023255,161955.84330026162,r2,-641561.839523319,-114230.88939970954,527330.9501236095,0.05629980619643026
392,w155463523,446.09937440417707,mfh,52022.345619720814,57802.60624413424,65027.93202465102,r2,-257597.61944980136,-45865.578911086704,211732.04053871467,0.05629980619643026
393,w155463528,681.6119319483638,mfh,68495.57242516302,76106.19158351446,85619.46553145377,r2,-339167.64400728577,-100588.71206392627,238578.9319433595,0.05629980619643026
394,w155463529,691.3949336603283,mfh,83645.16797269836,92939.0755252204,104556.45996587294,r2,-414183.4800328156,-73745.88758890121,340437.5924439144,0.05629980619643026
395,w155463531,507.3216828555101,mfh,54061.208972385146,60068.00996931683,67576.51121548143,r2,-267693.40309379523,-80522.83180920446,187170.57128459075,0.05629980619643026
396,w155463534,640.8467616457492,mfh,62761.80582241785,69735.3398026865,78452.25727802231,r2,-310775.90946027567,-88114.31729829508,222661.59216198057,0.05629980619643026
397,w155463535,684.7868416263722,mfh,63983.21967634138,71092.46630704598,79979.02459542672,r2,-316823.95088143053,-96389.1698376776,220434.7810437529,0.05629980619643026
398,w155463536,691.6131192699074,mfh,70337.30683773482,78152.56315303869,87921.63354716853,r2,-348287.309694898,-100173.94806809175,248113.36162680626,0.05629980619643026
399,w155463537,507.3215693686623,mfh,56345.158000452444,62605.73111161382,70431.44750056555,r2,-279002.7707427578,-90468.50063704583,188534.270105712,0.05629980619643026
400,w155463538,643.413233704865,mfh,67471.69315381986,74968.54794868872,84339.61644227481,r2,-334097.7291512741,-59486.51929754642,274611.20985372766,0.05629980619643026
401,w155463539,710.019569536671,mfh,70101.74839593095,77890.83155103438,87627.18549491368,r2,-347120.9014307735,-98620.87165076383,248500.02978000965,0.05629980619643026
402,w155463540,840.6794232809916,mfh,76273.68228195352,84748.53586883724,95342.1028524419,r2,-377682.29687539354,-112402.84552939262,265279.4513460009,0.05629980619643026
403,w155463541,696.2558067506179,mfh,69091.86352939304,76768.73725488115,86364.8294117413,r2,-342120.2822845287,-101689.89977842859,240430.3825061001,0.05629980619643026
404,w155463542,640.557884996757,mfh,65685.4859572708,72983.87328585643,82106.85744658849,r2,-325253.0160535872,-57911.70704813846,267341.3090054487,0.05629980619643026
405,w155463543,587.0278481058776,mfh,64620.647257978446,71800.7191755316,80775.80907247306,r2,-319980.28352359246,-100064.38600702539,219915.89751656709,0.05629980619643026
406,w155463544,825.5248426020145,mfh,98226.61890138821,109140.68766820912,122783.27362673526,r2,-486386.04995943396,-86601.64563366029,399784.4043257737,0.05629980619643026
407,w155463545,709.4769112125038,mfh,68799.48875180824,76443.87639089805,85999.3609397603,r2,-340672.5381315919,-102986.77828733946,237685.75984425246,0.05629980619643026
408,w155463546,647.0489746004342,mfh,65167.88665066121,72408.76294517911,81459.8583133265,r2,-322690.0337885015,-91981.3400880143,230708.6937004872,0.05629980619643026
409,w155463547,586.4484846569597,mfh,65038.9578364076,72265.50870711956,81298.6972955095,r2,-322051.6205213839,-57341.69456230302,264709.92595908087,0.05629980619643026
410,w155463548,500.40091222245246,mfh,58521.66054916764,65024.06727685293,73152.07568645955,r2,-289780.09861209034,-51595.70965035779,238184.38896173256,0.05629980619643026
411,w155463549,672.5395986035466,mfh,71071.92574614852,78968.80638460947,88839.90718268565,r2,-351924.90195945074,-106476.26127532794,245448.6406841228,0.05629980619643026
412,w155463551,586.1050742082298,mfh,58460.95059670617,64956.61177411796,73076.1882458827,r2,-289479.4828085411,-82412.84756487525,207066.63524366583,0.05629980619643026
413,w155463552,667.035758360289,mfh,68669.64406031062,76299.60451145624,85837.05507538827,r2,-340029.58974028943,-104607.13050694572,235422.45923334372,0.05629980619643026
414,w155463553,817.6307530952618,mfh,76749.54752122253,85277.27502358059,95936.93440152815,r2,-380038.62570590543,-115285.32927573824,264753.29643016716,0.05629980619643026
415,w155463556,732.9133296664804,mfh,64357.9958795773,71508.88431064144,80447.49484947162,r2,-318679.71990971925,-90815.26495543211,227864.45495428715,0.05629980619643026
416,w155463558,710.1379440590739,mfh,77163.4124884325,85737.12498714722,96454.26561054062,r2,-382087.9494927696,-110481.1530394188,271606.7964533508,0.05629980619643026
417,w155463561,654.0662793286144,mfh,66767.48224207119,74186.09138007909,83459.35280258898,r2,-330610.7073283238,-58865.65069275571,271745.0566355681,0.05629980619643026
418,w155463562,586.3292756803334,mfh,59654.3554106497,66282.61712294411,74567.94426331212,r2,-295388.8326359978,-90073.5160391474,205315.3165968504,0.05629980619643026
419,w155463566,653.8032613813876,mfh,66481.29901255308,73868.11001394787,83101.62376569134,r2,-329193.6216938311,-97821.54865757513,231372.07303625598,0.05629980619643026
420,w155463567,133.41999841853976,sfh,16572.97361038044,18414.415122644932,20716.217012975547,r1,-89149.15473543732,-42442.630859262135,46706.52387617518,0.06116060540314294
421,w155463569,886.7166110530495,mfh,90690.7250070177,100767.47223001966,113363.40625877211,r2,-449070.7712173649,-126689.31574626993,322381.45547109493,0.05629980619643026
422,w155463572,311.3570919752121,mfh,35890.06917924034,39877.854643600374,44862.58647405042,r1,-193059.45969295487,-34374.47870050885,158684.980992446,0.06116060540314294
423,w155463574,863.4385226266459,mfh,80266.77887142508,89185.30985713897,100333.47358928135,r2,-397454.8035439714,-117826.89641478375,279627.9071291876,0.05629980619643026
424,w155463577,931.9227139726281,mfh,104741.59050899002,116379.54500998891,130926.98813623752,r2,-518646.0558647632,-92345.5801066702,426300.475758093,0.05629980619643026
425,w155463578,931.2066993936896,mfh,95901.79540846782,106557.55045385312,119877.24426058478,r2,-474874.2853459166,-139932.4769156591,334941.8084302575,0.05629980619643026
426,w155463581,136.57608463019133,sfh,20238.058157433414,22486.731286037128,25297.572696791765,r1,-108864.33663852284,-41223.89097977368,67640.44565874917,0.06116060540314294
427,w155463583,949.1963916398585,mfh,98696.62464541465,109662.91627268294,123370.7808067683,r2,-488713.36448834755,-148724.44594882,339988.91853952757,0.05629980619643026
428,w155463586,949.1754787907004,mfh,101711.11223859426,113012.34693177139,127138.89029824281,r2,-503640.11987804814,-89673.75440190073,413966.3654761474,0.05629980619643026
429,w155463589,722.9646147996187,mfh,79863.38270239974,88737.09189155528,99829.22837799968,r2,-395457.3178174396,-70411.67094270074,325045.64687473886,0.05629980619643026
430,w155463591,591.1442194825038,mfh,72104.48386231158,80116.0931803462,90130.60482788947,r2,-357037.791612899,-112932.92497909386,244104.86663380513,0.05629980619643026
431,w155463593,535.6290349200369,mfh,57403.922688774626,63782.13632086069,71754.90336096828,r2,-284245.42675951996,-87509.97161401047,196735.4551455095,0.05629980619643026
432,w155463596,724.8313003255054,mfh,67296.75836170698,74774.1759574522,84120.94795213372,r2,-333231.50934764155,-97572.51583048707,235658.99351715448,0.05629980619643026
433,w155463597,752.1160736689344,mfh,96345.81377389302,107050.90419321446,120432.26721736627,r2,-477072.9188862346,-84943.43097678779,392129.4879094468,0.05629980619643026
434,w155463600,535.4490051213652,mfh,64489.169061256325,71654.6322902848,80611.4613265704,r2,-319329.24654935166,-56856.97246546678,262472.2740838849,0.05629980619643026
435,w155463601,907.8308945208788,mfh,90872.07987539202,100968.97763932447,113590.09984424003,r2,-449968.7811362246,-135537.1287101727,314431.6524260519,0.05629980619643026
436,w155463605,389.4215188790113,mfh,42998.73447932191,47776.37164369101,53748.41809915238,r1,-231298.31276169265,-41182.95440241811,190115.35835927454,0.06116060540314294
437,w155463606,690.2915003947913,mfh,72619.17804943162,80687.97561047958,90773.97256178952,r2,-359586.38867762854,-107912.48764324152,251673.901034387,0.05629980619643026
438,w155463610,725.1058211326599,mfh,66694.63523034648,74105.15025594053,83368.2940379331,r2,-330249.9927818962,-94773.95102884245,235476.04175305375,0.05629980619643026
439,w155463611,1002.8680375270545,mfh,112403.2420384642,124892.49115384911,140504.05254808025,r2,-556584.0452332839,-99100.48664977564,457483.55858350825,0.05629980619643026
440,w155463612,535.6290688522159,mfh,63516.22491576578,70573.58323973975,79395.28114470722,r2,-314511.54575654125,-55999.17480276085,258512.3709537804,0.05629980619643026
441,w155463616,543.6235096465331,mfh,57717.03913082603,64130.04347869559,72146.29891353253,r2,-285795.8768425023,-82645.11231939806,203150.7645231042,0.05629980619643026
442,w155463618,752.1486698825844,mfh,78276.75754478379,86974.17504975977,97845.94693097973,r2,-387600.8696182623,-113652.09102376839,273948.77859449387,0.05629980619643026
443,w155463621,238.18491610530762,mfh,25941.058157091844,28823.39795232427,32426.322696364805,r1,-139541.85060664394,-43579.46216594919,95962.38844069475,0.06116060540314294
444,w155463623,73.76475410088896,mfh,9386.532258258556,10429.48028695395,11733.165322823193,r1,-50491.92959533452,-17848.191780808855,32643.737814525666,0.06116060540314294
445,w155463625,52.41574023310095,sfh,7168.165529890833,7964.628366545369,8960.206912363541,r1,-38558.91604106626,-14551.992754228675,24006.923286837584,0.06116060540314294
446,w155463626,98.3909645654261,mfh,11326.695090576788,12585.216767307542,14158.368863220985,r1,-60928.431855975716,-19518.036733939403,41410.39512203631,0.06116060540314294
447,w155463629,643.7923131911084,mfh,60925.212855087026,67694.68095009669,76156.51606885878,r2,-301681.70252579777,-86393.78359833253,215287.91892746522,0.05629980619643026
448,w155463631,546.7249739198014,mfh,62732.02766693095,69702.25296325661,78415.03458366368,r2,-310628.45778592967,-55307.786124110884,255320.67166181878,0.05629980619643026
449,w155463632,612.4270064728335,mfh,67447.16411095476,74941.2934566164,84308.95513869345,r2,-333976.26936367404,-59464.89323017597,274511.3761334981,0.05629980619643026
450,w155463633,683.6260891854763,mfh,67343.37274848943,74825.96972054381,84179.21593561179,r2,-333462.3285259048,-97468.14776909578,235994.18075680902,0.05629980619643026
451,w155463638,279.5906790524721,ab,31093.580676718997,34548.42297413222,38866.97584589874,r1,-167258.2422560193,-59643.60387211372,107614.63838390558,0.06116060540314294
452,w155463639,282.758548167441,other,12733.875761949328,14148.750846610365,15917.34470243666,nr1,-64011.15894560057,-41150.3113011514,22860.847644449168,0.06115816510678212
453,w155463640,56.80619836300611,sfh,8149.209288913908,9054.67698768212,10186.511611142383,r1,-43836.135683810586,-19875.31460944661,23960.821074363976,0.06116060540314294
454,w155463643,240.41873629689215,ab,28483.777730710135,31648.64192301126,35604.72216338767,r1,-153219.61936718435,-58806.83227358414,94412.7870936002,0.06116060540314294
455,w155463644,98.43792371228336,mfh,11153.843250929993,12393.159167699992,13942.30406366249,r1,-59998.629168706284,-19797.12637243007,40201.50279627621,0.06116060540314294
456,w155463645,98.39091195091605,mfh,11053.44919247696,12281.61021386329,13816.811490596201,r1,-59458.590569601656,-20045.182853601615,39413.407716000045,0.06116060540314294
457,w155463647,97.66299930792302,mfh,9369.723502372359,10410.803891524843,11712.154377965448,r1,-50401.5121232117,-17904.60300530648,32496.909117905223,0.06116060540314294
458,w155463653,376.11661268314344,mfh,49110.00769747382,54566.67521941535,61387.50962184227,r1,-264172.00547150994,-47036.15657991248,217135.84889159747,0.06116060540314294
459,w155463654,482.5493668295443,mfh,52586.0148678914,58428.905408768216,65732.51858486424,r2,-260388.72497870622,-80930.52418670207,179458.20079200415,0.05629980619643026
460,w155463656,73.78574474137277,mfh,10518.511422655341,11687.23491406149,13148.139278319177,r1,-56581.05928663458,-20457.131798718598,36123.927487915986,0.06116060540314294
461,w155463657,470.15250823192764,mfh,44569.71600670739,49521.906674119324,55712.145008384236,r1,-239748.91906590355,-67134.59719308002,172614.32187282352,0.06116060540314294
462,w155463660,49.947176152281465,mfh,6130.094348688484,6811.2159429872045,7662.617935860605,r1,-32974.935125206815,-11532.749047888521,21442.186077318293,0.06116060540314294
463,w155463661,78.16354378722608,sfh,10628.335831745004,11809.262035272226,13285.419789681255,r1,-57171.82552266659,-24401.18193440878,32770.64358825781,0.06116060540314294
464,w155463663,104.99722011834383,sfh,12659.813951807402,14066.45994645267,15824.767439759253,r1,-68099.5299603098,-26196.46687008536,41903.06309022443,0.06116060540314294
465,w155463665,467.86907609552145,trade,25152.751602532997,27947.501780592218,31440.939503166246,nr1,-126438.86361448828,-59529.523087315065,66909.34052717322,0.06115816510678212
466,w155463667,587.3173447391018,mfh,62170.68286456457,69078.53651618285,77713.3535807057,r2,-307848.86215144745,-92808.80690410952,215040.05524733794,0.05629980619643026
467,w155463669,557.4523567564785,mfh,63822.83861379559,70914.26512643954,79778.54826724448,r2,-316029.7963806199,-103634.02108184111,212395.7752987788,0.05629980619643026
468,w155463671,449.48969881236553,mfh,44460.06219337882,49400.06910375424,55575.07774172352,r1,-239159.07049668618,-76228.08255870552,162930.98793798068,0.06116060540314294
469,w155576276,58.73152135126293,other,7036.542804460303,7818.380893844781,8795.678505575379,nr1,-35371.57643941703,-21617.252416274012,13754.32402314302,0.06115816510678212
470,w159548666,1258.4072781499474,other,45034.07044829587,50037.85605366207,56292.58806036983,nr1,-226379.07698511682,-112126.5993094964,114252.47767562041,0.06115816510678212
471,w159548667,15669.025621107221,trade,613413.7969842755,681570.8855380839,766767.2462303443,nr2,-2838579.583327418,-1106397.6944063501,1732181.888921068,0.05629980619643026
472,w159548669,2256.2803165019486,trade,261494.21083095495,290549.1231455055,326867.76353869366,nr2,-1210067.5460387333,-215464.26404342602,994603.2819953073,0.05629980619643026
473,w159548670,188.14899220019578,mfh,23028.989782019133,25587.766424465703,28786.237227523914,r1,-123877.28489425266,-39888.29945691587,83988.98543733679,0.06116060540314294
474,w159548671,318.3455893772654,other,12677.331192583715,14085.923547315238,15846.663990729643,nr1,-63726.91842960713,-28030.870355501997,35696.048074105136,0.06115816510678212
475,w159548672,170.00981159284711,ab,21983.144401197525,24425.716001330584,27478.930501496907,r1,-118251.48509054034,-42386.97631500988,75864.50877553047,0.06116060540314294
476,w159548674,118.95309109317604,trade,10044.893361266411,11160.992623629345,12556.116701583014,nr1,-50494.0740399687,-26490.568832337707,24003.50520763099,0.06115816510678212
477,w159548675,865.047436706489,mfh,94066.05527670533,104517.83919633925,117582.56909588166,r2,-465784.30137389025,-148289.97827370232,317494.32310018793,0.05629980619643026
478,w159548677,106.67055884185247,other,5052.772241354683,5614.191379282981,6315.965301693353,nr1,-25399.47876857259,-17025.944652057886,8373.534116514704,0.06115816510678212
479,w159872586,633.9711885744706,mfh,61528.304105702184,68364.7823396691,76910.38013212773,r2,-304668.01290105656,-95417.47549161079,209250.53740944577,0.05629980619643026
480,w159872589,1091.462102752924,mfh,104981.15974855874,116645.73305395416,131226.4496856984,r2,-519832.32428598,-154498.07979841772,365334.24448756233,0.05629980619643026
481,w159872591,2692.1037788091226,mfh,238842.17683578568,265380.1964842063,298552.7210447321,r2,-1182668.2446587668,-325319.6374189775,857348.6072397893,0.05629980619643026
482,w159872593,436.90541737405584,mfh,41771.57313857874,46412.85904286526,52214.46642322342,r1,-224697.18016936549,-65299.81482427306,159397.36534509243,0.06116060540314294
483,w159872596,218.88012801047884,mfh,23926.839112240952,26585.376791378836,29908.54889030119,r1,-128706.98599381388,-43281.89928375922,85425.08671005466,0.06116060540314294
484,w159872599,487.8712977081537,mfh,46825.5540892305,52028.39343247833,58531.94261153812,r1,-251883.49811036556,-73481.36179272845,178402.1363176371,0.06116060540314294
485,w159872601,629.8896718598901,mfh,59138.13100415723,65709.03444906359,73922.66375519653,r2,-292832.6584260456,-88950.76703394519,203881.89139210043,0.05629980619643026
486,w159872603,453.131132603623,mfh,41977.27905722256,46641.42117469173,52471.59882152819,r1,-225803.71115181313,-64610.24266560674,161193.46848620637,0.06116060540314294
487,w159872608,317.054659525305,mfh,36148.8017943321,40165.33532703567,45186.00224291513,r1,-194451.23128930092,-62010.910972863334,132440.32031643757,0.06116060540314294
488,w159872611,474.9952949794941,mfh,49392.47210315651,54880.52455906279,61740.59012894564,r1,-265691.43485102017,-80778.05399666255,184913.38085435762,0.06116060540314294
489,w159872613,461.6615135567263,mfh,49483.41463924298,54981.57182138109,61854.26829905373,r1,-266180.63192646403,-84572.68659104418,181607.94533541985,0.06116060540314294
490,w159872615,129.00588214695452,mfh,16719.873106670097,18577.636785188995,20899.841383337618,r1,-89939.35486687794,-31842.954813562883,58096.400053315054,0.06116060540314294
491,w159872617,185.93316667452453,mfh,23274.884584316744,25860.98287146305,29093.605730395928,r1,-125199.99947125165,-39344.82049690519,85855.17897434646,0.06116060540314294
492,w159872620,129.2747205838561,mfh,17497.094806705965,19441.216451895518,21871.368508382457,r1,-94120.17716402073,-30066.90694190424,64053.270222116495,0.06116060540314294
493,w159872622,447.3657494872576,mfh,46366.44062561429,51518.26736179365,57958.05078201786,r1,-249413.84008934465,-79735.86124648906,169677.9788428556,0.06116060540314294
494,w159872625,238.36158968657256,mfh,25116.058872769172,27906.732080854636,31395.073590961463,r1,-135104.0236611741,-44117.47177408207,90986.55188709204,0.06116060540314294
495,w159872628,167.04002443812786,mfh,19006.772350224233,21118.635944693593,23758.46543778029,r1,-102241.01776219961,-37643.23069832433,64597.78706387528,0.06116060540314294
496,w159872630,195.52493976540862,mfh,18074.7621351929,20083.069039103222,22593.452668991125,r1,-97227.55881221405,-29119.309659724448,68108.2491524896,0.06116060540314294
497,w159872632,133.65780365467072,th,16477.88462317202,18308.760692413354,20597.355778965022,r1,-88637.65311638148,-15782.045199742854,72855.60791663863,0.06116060540314294
498,w159872635,49.369007284846155,th,6739.6868476192685,7488.540941799187,8424.608559524086,r1,-36254.04829405322,-18981.646164214926,17272.40212983829,0.06116060540314294
499,w159872640,133.91130499513818,mfh,16908.877072954834,18787.64119217204,21136.09634119354,r1,-90956.0428935442,-29649.016248337473,61307.02664520673,0.06116060540314294
500,w159872643,87.82295271442271,other,9591.78852868142,10657.542809646022,11989.735660851775,nr1,-48216.38843977735,-23607.395140743094,24608.993299034257,0.06115816510678212
501,w159872648,133.79360626488923,mfh,16965.31316645674,18850.347962729713,21206.641458070924,r1,-91259.62329803563,-32043.391150420164,59216.23214761546,0.06116060540314294
502,w159872651,467.48304517045614,other,34799.30109969496,38665.890110772176,43499.126374618696,nr1,-174930.52669357831,-82947.6929517615,91982.83374181681,0.06115816510678212
503,w159872654,134.11286987382917,mfh,15572.749109392586,17303.054565991763,19465.93638674073,r1,-83768.75825952122,-26168.666383459677,57600.09187606154,0.06116060540314294
504,w159872660,131.42538360562176,mfh,16010.967487406166,17789.96387489574,20013.709359257708,r1,-86126.01766920107,-27285.43448308468,58840.58318611639,0.06116060540314294
505,w159872663,509.8066861014813,other,40789.69983623175,45321.88870692417,50987.12479528969,nr1,-205043.30404749225,-36509.949174532434,168533.3548729598,0.06115816510678212
506,w159872669,96.41428965386004,other,6140.942525975589,6823.26947330621,7676.178157469486,nr1,-30869.536930824146,-20054.035421506396,10815.50150931775,0.06115816510678212
507,w159872671,385.8471666022902,mfh,41085.27500261371,45650.30555845967,51356.59375326713,r1,-221005.4528936117,-64942.89977131088,156062.55312230083,0.06116060540314294
508,w159872676,450.3884779855609,trade,21572.307796555673,23969.230885061857,26965.38474569459,nr1,-108440.54465451745,-51600.22008764434,56840.32456687311,0.06115816510678212
509,w159872680,74.82275880910456,trade,6347.627257792996,7052.919175325551,7934.534072241245,nr1,-31908.508055352188,-18595.009871625924,13313.498183726264,0.06115816510678212
510,w159872682,128.20031198486686,mfh,17098.113549140475,18997.903943489415,21372.641936425593,r1,-91973.98163487518,-33783.67327865221,58190.308356222966,0.06116060540314294
511,w159872688,74.73616111706941,trade,5317.786693607912,5908.651881786568,6647.23336700989,nr1,-26731.66407830784,-15479.739378624925,11251.924699682915,0.06115816510678212
512,w159872690,271.2794532585889,mfh,37662.36732773164,41847.07480859071,47077.95915966455,r1,-202592.98611926968,-63534.99908401195,139057.98703525774,0.06116060540314294
513,w159872699,406.91918786983007,mfh,43877.34349126553,48752.60387918392,54846.67936408191,r1,-236024.51655584163,-66406.79113815763,169617.725417684,0.06116060540314294
514,w159872700,406.7131608505966,mfh,40678.93594210743,45198.8177134527,50848.66992763429,r1,-218819.6783529803,-63059.501289291155,155760.17706368913,0.06116060540314294
515,w159872708,435.5580747295171,mfh,46872.894326570284,52080.9936961892,58591.11790821285,r1,-252138.15018687485,-79302.85234377507,172835.29784309978,0.06116060540314294
516,w159872710,142.59727319749075,mfh,15785.244708098155,17539.160786775727,19731.555885122692,r1,-84911.81221320256,-28915.65251476343,55996.15969843913,0.06116060540314294
517,w159872717,364.7500545413,mfh,42624.77941045999,47360.86601162221,53280.97426307498,r1,-229286.73782759684,-67266.97350349306,162019.76432410377,0.06116060540314294
518,w159872718,186.0198295045644,mfh,25865.705318047403,28739.672575608223,32332.131647559254,r1,-139136.51345558977,-47175.06903664482,91961.44441894494,0.06116060540314294
519,w159872719,169.79583046399057,mfh,20853.61252597942,23170.680584421578,26067.015657474276,r1,-112175.51982988509,-41733.5923680856,70441.9274617995,0.06116060540314294
520,w159872726,172.48843573874328,mfh,18695.70090016346,20773.001000181623,23369.626125204326,r1,-100567.70568874798,-33908.60199151919,66659.1036972288,0.06116060540314294
521,w159872727,172.59632431017235,mfh,21043.444879268325,23381.60542140925,26304.306099085406,r1,-113196.66390668163,-20154.807843227794,93041.85606345383,0.06116060540314294
522,w159872732,140.4957689295523,mfh,18976.199229647278,21084.665810719198,23720.249037059097,r1,-102076.55917310531,-36309.64020821502,65766.9189648903,0.06116060540314294
523,w159872736,118.37831126665697,mfh,14679.616639748732,16310.68515527637,18349.520799685914,r1,-78964.43004375357,-27170.319019231167,51794.111024522404,0.06116060540314294
524,w159872737,187.97203346798193,mfh,24944.26660849226,27715.85178721362,31180.333260615324,r1,-134179.92062991235,-45457.711072709215,88722.20955720314,0.06116060540314294
525,w159872743,753.6066189933568,other,31827.00488865078,35363.33876516753,39783.75611081347,nr1,-159989.26852871693,-78016.60875180067,81972.65977691626,0.06115816510678212
526,w159872746,394.377677144669,mfh,44537.18740147157,49485.76377941285,55671.484251839465,r1,-239573.9415555502,-42656.44047847054,196917.50107707968,0.06116060540314294
527,w159872748,575.8923149108887,trade,55207.313642999135,61341.45960333237,69009.14205374892,nr2,-255472.49528426852,-45489.35582972867,209983.13945453984,0.05629980619643026
528,w159872750,127.08080641776323,mfh,17865.116812482014,19850.129791646683,22331.396015602517,r1,-96099.83703136192,-52113.69982467074,43986.137206691186,0.06116060540314294
529,w159872753,434.5401292324066,other,25725.96143987,28584.401599855555,32157.451799837498,nr1,-129320.29788421796,-61801.815687962655,67518.4821962553,0.06115816510678212
530,w159872756,252.43327465518377,mfh,33635.93448393886,37373.260537709844,42044.91810492357,r1,-180934.04349003025,-58278.57538494939,122655.46810508086,0.06116060540314294
531,w159872759,386.07803563163617,mfh,40885.04737063046,45427.83041181162,51106.30921328808,r1,-219928.39064964582,-67982.6981891788,151945.69246046702,0.06116060540314294
532,w159872763,1345.7076428122818,trade,70170.62199602295,77967.35777335883,87713.27749502868,nr2,-324715.3812427251,-130071.19292525775,194644.18831746737,0.05629980619643026
533,w159872767,486.0339612279087,mfh,45082.85482234876,50092.060913720845,56353.568527935946,r1,-242509.18965776154,-68088.51065502746,174420.67900273408,0.06116060540314294
534,w159872769,563.4171857964247,other,35443.64525157622,39381.82805730691,44304.55656447027,nr1,-178169.5417972898,-81389.60826453993,96779.93353274987,0.06115816510678212
535,w159872774,2747.8572637828997,other,119011.47723873041,132234.97470970044,148764.346548413,nr2,-550727.0151606255,-240353.79063603998,310373.2245245855,0.05629980619643026
536,w159872776,80.53474041707815,sfh,12444.034937831644,13826.705486479605,15555.043672289554,r1,-66938.81389584107,-26202.857795441636,40735.95610039943,0.06116060540314294
537,w159872779,530.1892838459462,trade,41088.84380523203,45654.270894702255,51361.054756540034,nr1,-206547.05298499277,-87409.05167438618,119138.00131060659,0.06115816510678212
538,w159872782,386.9254036822822,mfh,34779.397511211064,38643.77501245674,43474.246889013826,r1,-187084.94704838094,-52907.39402668862,134177.55302169232,0.06116060540314294
539,w159872787,649.6997715241275,sfh,73844.5187104147,82049.46523379411,92305.64838801838,r2,-365653.8743614082,-107140.93574260591,258512.93861880226,0.05629980619643026
540,w159872789,103.62989482581615,mfh,13622.502345110554,15136.113716789503,17028.12793138819,r1,-73278.0126245697,-26197.09529558702,47080.91732898269,0.06116060540314294
541,w159872791,7102.280937734339,other,341045.9633446604,378939.9592718449,426307.4541808255,nr2,-1578194.2194417263,-583329.9103617342,994864.3090799921,0.05629980619643026
542,w159872796,295.65545302389654,other,14692.2812732514,16324.756970279332,18365.35159156425,nr1,-73855.75055363953,-37266.71346299407,36589.03709064546,0.06115816510678212
543,w159872797,3172.659030787088,other,124134.27925297005,137926.9769477445,155167.84906621257,nr2,-574432.8419264064,-261760.2150485676,312672.62687783875,0.05629980619643026
544,w159872802,393.79842739673325,mfh,39710.81716874246,44123.130187491624,49638.521460928074,r1,-213611.98464888026,-61289.60632494996,152322.37832393032,0.06116060540314294
545,w159872803,469.9664310747758,mfh,46940.21759095484,52155.79732328315,58675.271988693545,r1,-252500.29473950685,-44957.99385950588,207542.30088000098,0.06116060540314294
546,w159872804,664.4021281981841,mfh,71285.2107419375,79205.78971326388,89106.51342742186,r2,-352981.0194129239,-62848.712789266305,290132.3066236576,0.05629980619643026
547,w159872808,295.65545226749964,other,15824.74835213696,17583.053724596622,19780.935440171197,nr1,-79548.48162329673,-38098.70995037865,41449.771672918076,0.06115816510678212
548,w159872809,678.8678823016584,other,34505.649287262946,38339.61031918105,43132.06160907868,nr1,-173454.38594965666,-80852.0771261795,92602.30882347716,0.06115816510678212
549,w159872812,337.05531151816245,mfh,38041.70913462511,42268.56570513901,47552.136418281385,r1,-204633.53733448335,-63126.92968203564,141506.6076524477,0.06116060540314294
550,w159872814,765.4437305399682,mfh,79399.36095195425,88221.51216883806,99249.2011899428,r2,-393159.6340651257,-115990.01694106022,277169.6171240655,0.05629980619643026
551,w159872815,1229.117813373683,mfh,149792.9605537908,166436.62283754532,187241.2006922385,r2,-741725.6870933378,-233701.75752047292,508023.92957286484,0.05629980619643026
552,w159872820,336.8380303993821,mfh,38637.43829336847,42930.48699263163,48296.797866710585,r1,-207838.07697847096,-67799.18189740919,140038.89508106175,0.06116060540314294
553,w159872826,1791.1392054180615,th,178358.86709907744,198176.51899897493,222948.5838738468,r2,-883174.701662605,-261567.5751399514,621607.1265226536,0.05629980619643026
554,w159872827,157.03123329076917,th,22144.882072210334,24605.424524678147,27681.102590262915,r1,-119121.50256589787,-41685.9894331199,77435.51313277797,0.06116060540314294
555,w159872832,35.670331929810345,sfh,3676.201183569743,4084.667981744159,4595.251479462178,r0,-24265.368950426127,-11846.316515698009,12419.052434728119,0.07504860313660772
556,w159872833,162.84196072258055,mfh,21239.15922568886,23599.065806320956,26548.949032111075,r1,-114249.44833530464,-38386.89824408521,75862.55009121943,0.06116060540314294
557,w159872834,33.79703346360475,sfh,4555.214293213258,5061.349214681398,5694.017866516572,r0,-30067.439172559447,-14162.275364235315,15905.163808324132,0.07504860313660772
558,w159872835,42.916394099872555,th,6704.477568681241,7449.419520756934,8380.59696085155,r1,-36064.65093363002,-13799.57901720038,22265.071916429642,0.06116060540314294
559,w159872839,58.88304680213332,other,5318.843004436388,5909.8255604848755,6648.553755545484,nr1,-26736.973984074288,-16540.264165802142,10196.709818272146,0.06115816510678212
560,w159872840,318.65718863122163,other,26659.24765591642,29621.386284351578,33324.05956989552,nr1,-134011.77857979687,-59303.52456105582,74708.25401874105,0.06115816510678212
561,w159872842,48.8293092939537,other,2375.76436505535,2639.7381833948334,2969.7054563191873,nr0,-14643.621779051298,-7279.978587439821,7363.643191611477,0.0749901987103721
562,w159872843,143.51003436879253,mfh,19080.71500207315,21200.794446747943,23850.893752591437,r1,-102638.76925002546,-38441.19392744861,64197.57532257686,0.06116060540314294
563,w159872845,162.83680398128925,mfh,21498.13375395689,23886.81528217432,26872.667192446108,r1,-115642.52122830936,-41387.7712306446,74254.74999766477,0.06116060540314294
564,w159872848,156.42925329236314,mfh,21291.72814453538,23657.47571615042,26614.660180669223,r1,-114532.22647703701,-20392.606432330307,94139.62004470671,0.06116060540314294
565,w159872851,167.48750086340587,mfh,20694.65294755158,22994.058830612867,25868.316184439474,r1,-111320.44623916464,-39160.65616982977,72159.79006933488,0.06116060540314294
566,w159872853,143.46053532976657,th,18641.830787650975,20713.145319612195,23302.288484563716,r1,-100277.92818056546,-17854.610760105592,82423.31742045988,0.06116060540314294
567,w159872855,768.5454076524824,other,30902.518900127714,34336.13211125301,38628.14862515964,nr1,-155342.02517087286,-71723.59491259148,83618.43025828138,0.06115816510678212
568,w159872857,315.41669200100006,mfh,33248.68266430212,36942.98073811347,41560.85333037765,r1,-178850.94282252225,-56921.400081432446,121929.5427410898,0.06116060540314294
569,w159872858,136.24142913175746,other,12600.205042488164,14000.227824986849,15750.256303110204,nr1,-63339.21759563317,-34737.30401121128,28601.91358442189,0.06115816510678212
570,w159872860,131.01957194106652,other,10778.366395040914,11975.96266115657,13472.957993801141,nr1,-54181.12579270736,-25920.652990675375,28260.472802031985,0.06115816510678212
571,w159872862,156.42902136784977,mfh,20547.76308719318,22830.847874659088,25684.703858991474,r1,-110530.29794121794,-33919.70501521668,76610.59292600126,0.06116060540314294
572,w159872865,158.90607472276315,mfh,21250.92912058293,23612.143467314363,26563.66140072866,r1,-114312.76082259866,-20353.5302975686,93959.23052503006,0.06116060540314294
573,w159872867,192.56274920739233,mfh,23626.608294376343,26251.78699375149,29533.260367970426,r1,-127091.98772811977,-40787.349816111964,86304.6379120078,0.06116060540314294
574,w159872868,54.98272090442479,other,4338.732794656411,4820.814216284901,5423.415993320514,nr0,-26742.871885711822,-12979.46725719475,13763.404628517072,0.0749901987103721
575,w159872870,315.09365436807275,mfh,33572.70898486998,37303.00998318887,41965.886231087476,r1,-180593.94159086433,-57012.891881747484,123581.04970911684,0.06116060540314294
576,w159872874,56.548262861557305,th,6258.9085433516675,6954.342825946297,7823.635679189584,r1,-33667.851003921314,-18586.671980877367,15081.179023043947,0.06116060540314294
577,w159872876,86.08918008172186,other,7937.8236826816055,8819.804091868451,9922.279603352006,nr1,-39902.17141528812,-21307.18515506915,18594.986260218968,0.06115816510678212
578,w159872878,413.8979488207959,mfh,49390.03592714167,54877.81769682407,61737.544908927084,r1,-265678.33020018233,-84244.29633516452,181434.03386501782,0.06116060540314294
579,w159872879,205.3686287334189,mfh,25436.2263636754,28262.47373741711,31795.282954594248,r1,-136826.26505605437,-46497.39788579942,90328.86717025495,0.06116060540314294
580,w159872883,329.8948070596903,th,38258.33027645758,42509.25586273064,47822.91284557197,r1,-205798.78336372308,-73623.71830460768,132175.0650591154,0.06116060540314294
581,w159872884,900.053558271192,other,37831.76819712391,42035.297996804344,47289.71024640488,nr1,-190174.25429070648,-97318.95449627328,92855.2997944332,0.06115816510678212
582,w159872887,1008.3728146322071,other,88407.21114906944,98230.23461007715,110509.01393633679,nr2,-409105.4127253314,-161566.84312441273,247538.56960091865,0.05629980619643026
583,w159872892,458.9937253634445,other,39649.09661200691,44054.55179111879,49561.370765008636,nr1,-199309.67387513822,-88622.8981395258,110686.77573561242,0.06115816510678212
584,w159872895,353.7920229201671,th,49227.57275316536,54697.30305907262,61534.4659414567,r1,-264804.41010737815,-80740.47832658871,184063.93178078945,0.06116060540314294
585,w159872899,2008.66189844124,other,87830.35072413228,97589.2785823692,109787.93840516535,nr2,-406435.98430245195,-174683.94312846882,231752.04117398313,0.05629980619643026
587,w160025355,131.5437356668757,ab,15822.357973565722,17580.397748406358,19777.94746695715,r1,-85111.45147672214,-36491.092532716386,48620.358944005755,0.06116060540314294
588,w160025360,102.43726858533918,mfh,14598.10513130861,16220.116812565122,18247.63141413576,r1,-78525.96424700026,-28160.482379845125,50365.48186715513,0.06116060540314294
589,w160025362,106.2412323884666,mfh,12893.32495058692,14325.916611763245,16116.65618823365,r1,-69355.62971959398,-29775.4433578414,39580.18636175258,0.06116060540314294
590,w160025367,104.2175793532282,mfh,14296.527182761089,15885.030203067876,17870.65897845136,r1,-76903.71951096693,-27041.54273467044,49862.17677629649,0.06116060540314294
591,w160025369,103.97346241511406,mfh,13712.751918131698,15236.391020146331,17140.939897664623,r1,-73763.48212082412,-26374.438502583824,47389.04361824029,0.06116060540314294
592,w160025373,103.9182820610702,mfh,12692.477684318626,14102.75298257625,15865.597105398283,r1,-68275.23434579534,-23851.39226845786,44423.84207733748,0.06116060540314294
593,w160025375,104.46434533819556,mfh,15200.83881015165,16889.8209001685,19001.048512689562,r1,-81768.18252735652,-14558.927353967449,67209.25517338907,0.06116060540314294
594,w160025376,101.26918978765606,other,6767.594541506047,7519.5494905622745,8459.493176882557,nr1,-34019.61649179833,-17469.10832634595,16550.508165452382,0.06115816510678212
595,w160025380,128.15635424628857,th,16535.50385671767,18372.782063019633,20669.379820897087,r1,-88947.59785459559,-33781.67526303734,55165.92259155825,0.06116060540314294
596,w160025381,64.08582323277369,th,8805.145795153388,9783.495327948209,11006.432243941736,r1,-47364.54201969827,-23559.91983285173,23804.622186846536,0.06116060540314294
597,w160025384,125.48521707579494,mfh,13228.087159594033,14697.874621771149,16535.10894949254,r1,-71156.37885924503,-25986.464686219515,45169.914173025514,0.06116060540314294
598,w160025385,125.6767025694251,mfh,12483.801305090501,13870.890338989446,15604.751631363126,r1,-67152.72469491491,-23505.56886378608,43647.15583112883,0.06116060540314294
599,w160025388,125.67682776004075,mfh,12887.497210468891,14319.441344965435,16109.371513086113,r1,-69324.28120497287,-23084.580547247457,46239.70065772541,0.06116060540314294
600,w160025389,125.54291224256157,mfh,15947.091501286146,17718.990556984605,19933.864376607682,r1,-85782.41667734733,-30882.992364137677,54899.424313209645,0.06116060540314294
601,w160025392,101.23846836648882,other,7707.166695034264,8563.51855003807,9633.95836879283,nr1,-38742.69559078493,-20323.251137957835,18419.444452827098,0.06115816510678212
602,w160025393,241.441205301648,mfh,29760.98461218925,33067.76068021028,37201.23076523656,r1,-160089.9563738655,-54689.995475252465,105399.96089861305,0.06116060540314294
603,w160025394,520.9474028991534,mfh,62962.95736238052,69958.84151375612,78703.69670297565,r2,-311771.94601391,-55511.38563588568,256260.56037802433,0.05629980619643026
604,w160025395,347.3527018059045,mfh,41270.74084393225,45856.37871548028,51588.42605491531,r1,-222003.10867793573,-85896.29085792223,136106.8178200135,0.06116060540314294
605,w160025396,362.18757194392384,mfh,37666.70161233902,41851.89068037669,47083.37701542377,r1,-202616.30105467082,-64735.13426220197,137881.16679246887,0.06116060540314294
606,w160025398,216.67090053744613,mfh,25759.482837806354,28621.647597562616,32199.353547257942,r1,-138565.12267503247,-48319.102249395044,90246.02042563743,0.06116060540314294
607,w160025399,277.5212213275954,mfh,34672.16062353594,38524.62291503994,43340.20077941992,r1,-186508.09957867226,-33208.00082335157,153300.0987553207,0.06116060540314294
608,w160025402,733.1297983160242,mfh,73752.53405858297,81947.26006509218,92190.66757322871,r2,-365198.3964882846,-114901.86385354,250296.5326347446,0.05629980619643026
609,w160025403,118.93753181435167,th,13366.26539456982,14851.405993966466,16707.831743212275,r1,-71899.66567913171,-25679.180345484787,46220.485333646924,0.06116060540314294
610,w160025405,118.80893169231713,mfh,11413.826109522666,12682.02901058074,14267.282636903332,r1,-61397.12606094309,-19376.565271344374,42020.56078959872,0.06116060540314294
611,w160025406,118.8714888818562,mfh,12694.703117102687,14105.225685669651,15868.378896378357,r1,-68287.20536899757,-20397.87423702698,47889.3311319706,0.06116060540314294
612,w160025409,118.87152101863175,mfh,13545.552141340295,15050.613490378106,16931.94017667537,r1,-72864.0829470047,-25646.318765614415,47217.76418139029,0.06116060540314294
613,w160025412,678.325670054555,mfh,83112.16289052342,92346.84765613714,103890.20361315427,r2,-411544.2134121491,-73275.96286010856,338268.2505520405,0.05629980619643026
614,w160025415,1309.668819526094,mfh,134843.0872649352,149825.65251659465,168553.85908116898,r2,-667698.8102885844,-200793.21089856952,466905.5993900149,0.05629980619643026
615,w160025422,678.3786613484378,mfh,78555.95700031816,87284.39666702018,98194.9462503977,r2,-388983.3738910045,-116418.60223519216,272564.77165581234,0.05629980619643026
616,w160025427,555.729584345687,mfh,68356.5049155554,75951.67212839489,85445.63114444424,r2,-338479.0272409523,-60266.61491215008,278212.4123288022,0.05629980619643026
617,w160025428,926.2977557130158,mfh,100962.61735123128,112180.68594581253,126203.2716890391,r2,-499933.8183097858,-153216.98911388445,346716.82919590134,0.05629980619643026
618,w160025434,188.0208901744336,mfh,25126.424219116037,27918.249132351153,31408.030273895045,r1,-135159.78081659396,-44873.45722991162,90286.32358668235,0.06116060540314294
619,w160025437,385.6369404070079,mfh,43222.04791881172,48024.497687568575,54027.55989851464,r1,-232499.55792382278,-72354.16461653697,160145.3933072858,0.06116060540314294
620,w160025438,514.208815998584,mfh,66439.19135967275,73821.32373296973,83048.98919959094,r2,-328985.1183860049,-58576.212544724054,270408.9058412808,0.05629980619643026
621,w160025439,231.99735509790483,mfh,23422.747428464972,26025.274920516636,29278.434285581214,r1,-125995.38163274471,-44532.79534041569,81462.58629232903,0.06116060540314294
622,w160025441,239.19352681115268,mfh,29974.211052689745,33304.67894743305,37467.76381586218,r1,-161236.9416635759,-28708.439491981204,132528.5021715947,0.06116060540314294
623,w160025442,258.45977183450015,mfh,26407.168715404667,29341.29857267185,33008.96089425583,r1,-142049.14732138824,-45138.31269728747,96910.83462410077,0.06116060540314294
624,w160025445,358.2598954875022,mfh,37036.861616907394,41152.06846323044,46296.07702113424,r1,-199228.27277855438,-64284.20697751146,134944.06580104292,0.06116060540314294
625,w160025446,282.03160609211767,mfh,32653.249972380814,36281.3888582009,40816.56246547602,r1,-175647.99792955612,-31274.3461170936,144373.6518124625,0.06116060540314294
626,w160025449,151.84076374266294,mfh,15398.815708212785,17109.79523134754,19248.51963526598,r1,-82833.13764852074,-30296.341272259222,52536.796376261525,0.06116060540314294
627,w160025451,187.46145662125198,mfh,22242.272514884975,24713.63612764997,27802.840643606218,r1,-119645.38414851957,-40543.85875723656,79101.52539128301,0.06116060540314294
628,w160025452,105.00601281486452,mfh,13097.326417448377,14552.584908275974,16371.658021810472,r1,-70452.99213403098,-25499.85078567924,44953.14134835174,0.06116060540314294
629,w160025453,104.94913844838739,mfh,14710.976976171565,16345.52997352396,18388.721220214455,r1,-79133.12321554283,-28334.631480238168,50798.49173530466,0.06116060540314294
630,w160025454,86.96602670811116,mfh,9958.714429546208,11065.238255051341,12448.393036932759,r1,-53569.80554712095,-25252.140222542326,28317.665324578626,0.06116060540314294
631,w160025455,103.15431486908346,mfh,14454.34817374303,16060.386859714477,18067.935217178787,r1,-77752.66842480194,-27917.07480281975,49835.593621982196,0.06116060540314294
632,w160025456,162.83409464433788,mfh,15439.821255317227,17155.356950352474,19299.776569146532,r1,-83053.71422999405,-25466.059839857084,57587.65439013696,0.06116060540314294
633,w160025457,103.20248084068298,mfh,13888.002639595677,15431.114043995196,17360.003299494594,r1,-74706.18884639953,-26298.64769812273,48407.541148276796,0.06116060540314294
634,w160025458,101.69107806179672,mfh,14620.583473797502,16245.09274866389,18275.729342246876,r1,-78646.87949611903,-45328.10105224906,33318.77844386997,0.06116060540314294
635,w160025459,108.44199563004076,mfh,13875.057936342178,15416.731040380198,17343.82242042772,r1,-74636.55684308617,-27522.636244681744,47113.92059840443,0.06116060540314294
636,w160025462,124.9876569705084,mfh,15710.045915399749,17455.606572666387,19637.557394249685,r1,-84507.30370653427,-30857.59367834747,53649.71002818679,0.06116060540314294
637,w160025465,103.21026510931551,mfh,13114.320013160435,14571.466681289372,16392.90001645054,r1,-70544.40389448279,-23416.88136556756,47127.52252891523,0.06116060540314294
638,w160025467,105.14285953305661,mfh,14341.115732538854,15934.573036154281,17926.394665673568,r1,-77143.56974044397,-26962.39017495689,50181.17956548708,0.06116060540314294
639,w160025469,108.37528205253183,mfh,12119.687617749969,13466.319575277743,15149.60952218746,r1,-65194.08841049578,-24323.32991484197,40870.75849565381,0.06116060540314294
640,w160025471,48.55004379618913,sfh,6829.869385996844,7588.743762218715,8537.336732496055,r1,-36739.157198300876,-15336.246312296687,21402.91088600419,0.06116060540314294
641,w160025472,101.69099241122603,mfh,13375.50809475645,14861.6756608405,16719.38511844556,r1,-71949.38390885213,-12810.67795705545,59138.705951796685,0.06116060540314294
642,w160025474,105.6897082787007,mfh,13340.076698786537,14822.307443096151,16675.09587348317,r1,-71758.79173896926,-27709.349765603863,44049.44197336539,0.06116060540314294
643,w160025476,96.35599186792969,mfh,11760.455718228655,13067.17302025406,14700.569647785818,r1,-63261.712184646254,-11263.82712096754,51997.88506367871,0.06116060540314294
644,w160025477,108.4367577029392,mfh,13789.217767408181,15321.35307489798,17236.522209260227,r1,-74174.80636410031,-25006.954703541032,49167.851660559274,0.06116060540314294
645,w160025481,105.0061043202877,mfh,13105.966754568803,14562.185282854225,16382.458443211002,r1,-70499.47013906644,-22894.170846006178,47605.29929306026,0.06116060540314294
646,w160025482,103.2132654029876,mfh,14060.161845670413,15622.402050744902,17575.202307088013,r1,-75632.26572688608,-27490.07041009206,48142.19531679402,0.06116060540314294
647,w160025484,128.51466068420558,mfh,13247.347808026228,14719.275342251365,16559.184760032786,r1,-71259.98552439478,-21816.261958523395,49443.72356587139,0.06116060540314294
648,w160025486,101.26240085978061,mfh,13302.68360909849,14780.75956566499,16628.354511373112,r1,-71557.64724812495,-24534.04715017588,47023.60009794907,0.06116060540314294
649,w160025487,105.13472320698202,mfh,14158.708934601254,15731.898816223616,17698.386168251567,r1,-76162.3691281441,-27389.774050733962,48772.59507741014,0.06116060540314294
650,w160025490,87.12732640933245,mfh,12040.780464448602,13378.644960498446,15050.975580560753,r1,-64769.63193184729,-40556.83512233639,24212.796809510895,0.06116060540314294
651,w160025492,101.576605540514,mfh,13964.916070301266,15516.57341144585,17456.145087876583,r1,-75119.92071470537,-26573.11834806363,48546.80236664174,0.06116060540314294
652,w160025494,105.68961535468698,mfh,14285.138779463909,15872.376421626564,17856.423474329884,r1,-76842.45913901449,-27321.12590483254,49521.33323418195,0.06116060540314294
653,w160025496,100.3227494932711,mfh,13748.271791453237,15275.857546059151,17185.339739316543,r1,-73954.55022708971,-26788.660024273668,47165.890202816045,0.06116060540314294
654,w160025498,53.38166442215442,th,6600.947610690868,7334.386234100964,8251.184513363583,r1,-35507.743738722274,-18281.887471547823,17225.85626717445,0.06116060540314294
655,w160025500,108.55102695096282,mfh,13356.061664075802,14840.06851563978,16695.07708009475,r1,-71844.7778859043,-23827.290775020767,48017.487110883536,0.06116060540314294
656,w160025504,103.15687311664223,mfh,13210.204122827778,14678.004580919753,16512.75515353472,r1,-71060.18262739824,-23401.21520361875,47658.9674237795,0.06116060540314294
657,w160025505,103.09466042611747,mfh,11999.591279695112,13332.879199661236,14999.48909961889,r1,-64548.067528781125,-23760.07253864105,40787.994990140076,0.06116060540314294
658,w160025507,85.83866344131528,mfh,11973.740029139291,13304.155587932546,14967.175036424114,r1,-64409.008770221226,-24874.93823705167,39534.07053316956,0.06116060540314294
659,w160025509,108.27769679883495,mfh,14945.057217444468,16605.61913049385,18681.321521805585,r1,-80392.28503769617,-29825.722470001918,50566.56256769426,0.06116060540314294
660,w160025513,105.03020258601755,mfh,11679.227174263047,12976.919082514496,14599.03396782881,r1,-62824.768507237124,-21423.98845449637,41400.78005274075,0.06116060540314294
661,w160025515,104.96566433478147,mfh,13255.429579015141,14728.255087794601,16569.286973768925,r1,-71303.45889672765,-23007.201289525015,48296.257607202635,0.06116060540314294
662,w160025517,132.51887063886969,mfh,14316.368058185923,15907.07562020658,17895.460072732403,r1,-77010.44732668174,-24700.763408927385,52309.68391775435,0.06116060540314294
663,w160032048,197.876624872908,mfh,22760.163304132715,25289.070337925237,28450.204130165894,r1,-122431.21650378182,-41149.44813040746,81281.76837337436,0.06116060540314294
664,w160032049,177.6117346536368,mfh,20420.46582699145,22689.406474434945,25525.582283739313,r1,-109845.5419394336,-50085.125943047424,59760.41599638618,0.06116060540314294
665,w160032050,605.1206229591743,mfh,68794.57954872533,76438.42172080593,85993.22443590667,r2,-340648.2293655705,-106021.08511287061,234627.14425269992,0.05629980619643026
666,w160032051,604.9254235289991,mfh,66484.26842234895,73871.4093581655,83105.33552793619,r2,-329208.32523873035,-99396.6391159263,229811.68612280407,0.05629980619643026
667,w160032052,558.9287057133391,mfh,63671.536875409336,70746.15208378815,79589.42109426166,r2,-315280.59971978853,-102747.90441786054,212532.69530192798,0.05629980619643026
668,w160032053,914.9869650162756,mfh,118384.96876544278,131538.85418382531,147981.21095680346,r2,-586203.5971145588,-104374.2849753319,481829.3121392269,0.05629980619643026
669,w160032054,558.7663555394857,mfh,60610.35153484233,67344.8350387137,75762.93941855291,r2,-300122.61237740767,-94012.19949541519,206110.41288199247,0.05629980619643026
670,w160032055,915.1860893286764,mfh,117551.19343225891,130612.43714695434,146938.99179032363,r2,-582075.0147058733,-103639.18570438006,478435.8290014933,0.05629980619643026
671,w160032056,579.5610938113182,mfh,57693.31188162339,64103.67986847043,72116.63985202923,r2,-285678.3872745506,-81510.91551986555,204167.47175468507,0.05629980619643026
672,w160032057,300.306428108085,mfh,37313.43611538925,41459.37346154361,46641.79514423657,r1,-200716.01923496526,-35737.738720580375,164978.28051438488,0.06116060540314294
673,w160032058,579.3688813976943,mfh,57693.4417204568,64103.82413384089,72116.80215057099,r2,-285679.0301939347,-87570.47004968292,198108.56014425177,0.05629980619643026
674,w160032059,915.3225905947387,mfh,92194.63134061452,102438.47926734947,115243.28917576815,r2,-456517.6228884122,-81283.53476873071,375234.0881196815,0.05629980619643026
675,w160032060,914.9022733874618,mfh,89683.02969465003,99647.81077183336,112103.78711831254,r2,-444080.9940263451,-126597.5837123688,317483.4103139763,0.05629980619643026
676,w160032061,434.5004198986106,mfh,54507.02112981529,60563.35681090588,68133.77641226912,r2,-269900.91890469816,-48056.196794980846,221844.72210971732,0.05629980619643026
677,w160032062,579.3681231357157,mfh,63760.568600850966,70845.07622316774,79700.7107510637,r2,-315721.4556684402,-56214.60077858329,259506.8548898569,0.05629980619643026
678,w160032063,157.0142166607082,mfh,21768.76703500984,24187.51892778871,27210.9587937623,r1,-117098.30875421462,-39048.824847794705,78049.48390641992,0.06116060540314294
679,w160032064,245.02896427586674,mfh,31648.601750868154,35165.11305652017,39560.75218858519,r1,-170243.8054255497,-52860.962019849074,117382.84340570064,0.06116060540314294
680,w160032065,177.6155174203217,mfh,23633.30432957042,26259.22703285602,29541.630411963022,r1,-127128.0069659261,-43370.712942534854,83757.29402339125,0.06116060540314294
681,w160032066,915.0334876678884,mfh,90981.15204470573,101090.16893856191,113726.44005588215,r2,-450508.8708001705,-129946.14183959934,320562.72896057117,0.05629980619643026
682,w160032067,686.1767572972923,mfh,82068.33429355826,91187.03810395363,102585.41786694783,r2,-406375.51602857845,-126714.56513860545,279660.95088997297,0.05629980619643026
683,w160032068,579.4084268193692,mfh,55797.50842459628,61997.23158288475,69746.88553074535,r2,-276290.98938509903,-80000.65671208229,196290.33267301676,0.05629980619643026
684,w160032069,582.2339869499207,mfh,56337.525071553566,62597.25007950396,70421.90633944195,r2,-278964.9749784501,-79322.95042006887,199642.02455838124,0.05629980619643026
685,w160032070,655.6557445708662,mfh,64738.30461673968,71931.4495741552,80922.8807709246,r2,-320562.8842342408,-93965.21819151903,226597.66604272177,0.05629980619643026
686,w160032071,187.63290931591763,mfh,21296.262178485253,23662.513531650282,26620.327723106566,r1,-114556.61590187266,-38258.02227315251,76298.59362872015,0.06116060540314294
687,w160032072,300.05888833065984,mfh,31840.051021962732,35377.83446884748,39800.06377745341,r1,-171273.6472085661,-50944.435177105326,120329.21203146077,0.06116060540314294
688,w160032074,652.9879129000007,mfh,66119.07190804384,73465.63545338204,82648.8398850548,r2,-327399.99169291084,-98761.01311378226,228638.97857912857,0.05629980619643026
689,w160032075,187.48918503960593,mfh,19824.58853199762,22027.320591108466,24780.73566499702,r1,-106640.20544258034,-38319.62908434973,68320.57635823061,0.06116060540314294
690,w160032079,410.4375718038529,mfh,56450.435111772305,62722.70567974701,70563.04388971538,r2,-279524.06852230796,-49769.61064213672,229754.45788017125,0.05629980619643026
691,w160032080,367.35827468354256,mfh,37513.62238413698,41681.802649041085,46892.027980171224,r1,-201792.8589782762,-63534.17858938932,138258.6803888869,0.06116060540314294
692,w160032082,146.62608959153295,mfh,18641.24062010344,20712.48957789271,23301.550775129297,r1,-100274.75355787843,-35780.637701721935,64494.115856156495,0.06116060540314294
693,w160032083,292.00384606306903,mfh,30643.0030164966,34047.781129440664,38303.75377062075,r1,-164834.4999333779,-50100.071604902834,114734.42832847507,0.06116060540314294
694,w160032087,547.5336022242903,mfh,60767.66004008141,67519.62226675713,75959.57505010176,r2,-300901.5525806236,-53575.898464560654,247325.65411606294,0.05629980619643026
695,w160032089,324.3052944285795,mfh,36712.527765060455,40791.69751673384,45890.65970632557,r1,-197483.61974138705,-66784.46396605803,130699.15577532903,0.06116060540314294
696,w160032093,651.9691053661052,mfh,70334.93715781553,78149.93017535059,87918.6714472694,r2,-348275.5758159506,-104515.14157661774,243760.43423933286,0.05629980619643026
697,w160032096,417.5862662355881,mfh,47555.89860683755,52839.88734093061,59444.87325854694,r1,-255812.15919080976,-81332.40014107396,174479.7590497358,0.06116060540314294
698,w160032097,55.47504670508206,th,7948.649698139474,8831.832997932748,9935.812122674342,r1,-42757.28777081885,-21391.61437698147,21365.673393837384,0.06116060540314294
699,w160032099,154.26596265360712,mfh,19916.581628132146,22129.53514236905,24895.727035165182,r1,-107135.05367891325,-34662.36900206885,72472.6846768444,0.06116060540314294
700,w160032101,417.4909567882307,mfh,46112.95125263289,51236.61250292543,57641.18906579111,r1,-248050.27288245835,-77687.29646144828,170362.97642101007,0.06116060540314294
701,w160032104,110.95144802480935,th,12429.560392323068,13810.622658136743,15536.950490403835,r1,-66860.95258213808,-25539.365812684788,41321.58676945329,0.06116060540314294
702,w160032105,152.98637234792113,mfh,20848.956423449432,23165.507137166034,26061.19552931179,r1,-112150.47377510529,-19968.532379431574,92181.94139567371,0.06116060540314294
703,w160032106,115.7174410201609,mfh,13210.000451569256,14677.778279521395,16512.50056446157,r1,-71059.08704123684,-31138.453482355402,39920.63355888144,0.06116060540314294
704,w160032107,169.80155310891567,th,20257.197734231464,22507.997482479404,25321.49716778933,r1,-108967.29203648903,-19401.76288236607,89565.52915412295,0.06116060540314294
705,w160032108,125.84912734059617,mfh,15892.879065874109,17658.7545176379,19866.098832342635,r1,-85490.79774964292,-30433.732230469013,55057.065519173906,0.06116060540314294
706,w160032109,117.1162128248019,mfh,12173.84675432335,13526.49639369261,15217.308442904186,r1,-65485.42063368195,-24989.73095845587,40495.68967522608,0.06116060540314294
707,w160032110,214.96215275530702,mfh,27759.583627761367,30843.98180862374,34699.479534701706,r1,-149324.04252864807,-49537.36097631852,99786.68155232955,0.06116060540314294
708,w160032111,253.8681676615961,th,29680.37219464188,32978.191327379864,37100.46524330235,r1,-159656.32695681104,-55366.428013605575,104289.89894320547,0.06116060540314294
709,w160032112,125.84912488418631,th,14784.277193453934,16426.97465939326,18480.346491817418,r1,-79527.41892651615,-27925.959788385742,51601.45913813041,0.06116060540314294
710,w160032113,105.45346036842092,mfh,13847.210707174945,15385.789674638827,17309.01338396868,r1,-74486.76133864946,-26708.655760463098,47778.10557818637,0.06116060540314294
711,w160032114,381.28189064939505,mfh,38441.58971886041,42712.87746540045,48051.98714857551,r1,-206784.57051161712,-62766.386264138855,144018.18424747826,0.06116060540314294
712,w160032115,139.91205219514669,mfh,18194.998750903073,20216.66527878119,22743.748438628838,r1,-97874.33427392706,-33447.89914476862,64426.43512915844,0.06116060540314294
713,w160032116,192.1807412372902,mfh,25401.90433957016,28224.338155077952,31752.3804244627,r1,-136641.64040692835,-24329.2152854914,112312.42512143694,0.06116060540314294
714,w160032117,302.6253065098543,mfh,38132.472874110405,42369.414304567115,47665.591092638,r1,-205121.77262924504,-36522.188632810656,168599.58399643438,0.06116060540314294
715,w160032118,188.54685349911452,mfh,24193.179771566014,26881.31085729557,30241.474714457516,r1,-130139.68269681453,-44608.722154915115,85530.96054189942,0.06116060540314294
716,w160032119,301.6826584111899,mfh,37828.96424629396,42032.182495882174,47286.20530786744,r1,-203489.14240482953,-63564.599279908216,139924.54312492133,0.06116060540314294
717,w160032121,128.1140758719295,mfh,17251.90075647625,19168.778618306944,21564.87594559531,r1,-92801.2320647269,-31042.053365344036,61759.17869938286,0.06116060540314294
718,w160032123,387.4767547928728,mfh,54442.01474559972,60491.1274951108,68052.51843199965,r2,-269579.02857808,-95698.77878567606,173880.24979240395,0.05629980619643026
719,w160032125,297.0948597435839,mfh,31398.011390583837,34886.67932287093,39247.51423822979,r1,-168895.83255541843,-53340.25645886974,115555.57609654868,0.06116060540314294
720,w160032126,464.2806208854541,mfh,50568.14004669606,56186.82227410674,63210.17505837008,r2,-250396.8696693108,-79570.89753356174,170825.97213574906,0.05629980619643026
721,w160032127,228.89082276217522,mfh,26202.43345212795,29113.81494680883,32753.041815159933,r1,-140947.83767746142,-50908.020347517675,90039.81732994373,0.06116060540314294
722,w160032128,268.14993185095955,mfh,30473.596445371426,33859.55160596825,38091.99555671428,r1,-163923.2299961001,-71403.125742905,92520.1042531951,0.06116060540314294
723,w160032129,100.24086796883493,mfh,13847.774666178364,15386.416295753737,17309.718332722954,r1,-74489.79498062842,-26551.634743515675,47938.16023711274,0.06116060540314294
724,w160032130,150.2635816658847,mfh,14029.486662093666,15588.318513437407,17536.858327617083,r1,-75467.25812164204,-24396.30233226157,51070.95578938047,0.06116060540314294
725,w160032131,100.12314690686762,mfh,14135.939899488163,15706.599888320181,17669.924874360204,r1,-76039.89018850456,-27154.689537280534,48885.20065122403,0.06116060540314294
726,w160032132,257.78643680289383,mfh,32040.0698986087,35600.07766512078,40050.087373260874,r1,-172349.58651815087,-57795.05608689722,114554.53043125366,0.06116060540314294
727,w160032133,136.6476590367034,mfh,17304.298376071107,19226.998195634562,21630.372970088883,r1,-93083.08875543594,-30981.926824506154,62101.16193092978,0.06116060540314294
728,w160032134,132.71697852164507,th,15243.003074861019,16936.67008317891,19053.753843576273,r1,-81994.99206964212,-30580.754992478436,51414.23707716368,0.06116060540314294
729,w160032135,165.9338162511587,mfh,22655.11538553312,25172.350428370133,28318.8942319164,r1,-121866.14391210125,-41614.508641117085,80251.63527098417,0.06116060540314294
730,w160032136,153.4784858365543,mfh,20651.507489251788,22946.119432501986,25814.384361564735,r1,-111088.35867126491,-41606.98575903203,69481.37291223288,0.06116060540314294
731,w160032137,244.7570460377261,mfh,31882.694606522888,35425.21622946987,39853.368258153605,r1,-171503.0351028451,-54328.43255291527,117174.60254992984,0.06116060540314294
732,w160032138,345.56507694348693,mfh,33660.554635708184,37400.61626189798,42075.693294635224,r1,-181066.47993573354,-55598.05271565362,125468.42722007993,0.06116060540314294
733,w160032139,170.051029805094,mfh,20953.231302739754,23281.36811415528,26191.53912842469,r1,-112711.38804235842,-37225.276161698646,75486.11188065977,0.06116060540314294
734,w160032140,210.13578363517297,mfh,25061.983224774885,27846.648027527648,31327.479030968607,r1,-134813.14053882108,-48528.32938243247,86284.8111563886,0.06116060540314294
735,w160032141,252.5825279586017,mfh,26752.030081941455,29724.477868823837,33440.03760242682,r1,-143904.22173654364,-45704.94919098112,98199.27254556252,0.06116060540314294
736,w160032142,252.46278136584442,mfh,34459.97295454553,38288.858838383916,43074.96619318191,r1,-185366.70203707903,-33004.7735609076,152361.92847617142,0.06116060540314294
737,w160032143,236.73276664549485,mfh,29576.02728282697,32862.25253647441,36970.03410353371,r1,-159095.035971383,-50290.46874538057,108804.56722600244,0.06116060540314294
738,w160032144,216.15235636769793,mfh,24178.437367510116,26864.93040834457,30223.046709387643,r1,-130060.38052140235,-44023.619440113995,86036.76108128835,0.06116060540314294
739,w160032145,143.2480424195528,mfh,18000.89068230275,20000.989647003054,22501.113352878438,r1,-96830.19031703279,-17240.736713511717,79589.45360352108,0.06116060540314294
740,w160032146,425.3107569515705,mfh,43179.60460429989,47977.3384492221,53974.50575537486,r1,-232271.24731995328,-73539.72230460044,158731.52501535285,0.06116060540314294
741,w160032147,237.48158785337583,mfh,32014.72814949744,35571.92016610827,40018.4101868718,r1,-172213.26846407694,-58497.01336658362,113716.25509749333,0.06116060540314294
742,w160032148,183.97369813346305,th,23560.800292201195,26178.66699133466,29451.000365251493,r1,-126737.99405705839,-42515.18396920141,84222.81008785698,0.06116060540314294
743,w160032149,343.71558685973287,mfh,34361.6584028396,38179.620447599555,42952.0730035495,r1,-184837.84949746673,-58452.273866454336,126385.57563101238,0.06116060540314294
744,w160032150,136.78365420317277,mfh,19017.245100468906,21130.27233385434,23771.556375586133,r1,-102297.35266346823,-35536.53625611913,66760.8164073491,0.06116060540314294
745,w160032151,156.68413198292254,mfh,18994.198311231074,21104.66479025675,23742.74788903884,r1,-102173.37963193987,-41195.791836013144,60977.58779592672,0.06116060540314294
746,w160032152,131.687454425171,th,16816.435705141692,18684.928561268545,21020.544631427114,r1,-90458.78331919915,-16106.299714218188,74352.48360498097,0.06116060540314294
747,w160032153,131.7784823913127,mfh,14664.81319433541,16294.236882594898,18331.01649291926,r1,-78884.7995153526,-23911.178484022952,54973.62103132965,0.06116060540314294
748,w160032155,131.65618118494749,mfh,16155.971644692994,17951.079605214436,20194.96455586624,r1,-86906.0224142245,-28264.92813231222,58641.09428191228,0.06116060540314294
749,w160032156,597.6746075108182,mfh,62825.58869422202,69806.20966024668,78531.98586777752,r2,-311091.7413541031,-103701.76417817791,207389.97717592516,0.05629980619643026
750,w160032157,145.99030133634804,mfh,18497.65764028637,20552.95293365152,23122.072050357958,r1,-99502.3935948438,-51506.35908560249,47996.03450924131,0.06116060540314294
751,w160032158,192.3817300193943,mfh,24447.84564861781,27164.27294290868,30559.807060772262,r1,-131509.57854126976,-42085.689157874775,89423.88938339498,0.06116060540314294
752,w160032159,156.72131929650496,mfh,19753.449044420944,21948.276716023272,24691.81130552618,r1,-106257.53270473199,-33678.67020931473,72578.86249541726,0.06116060540314294
753,w160032160,462.61881872685626,other,21516.45961733097,23907.177352589966,26895.57452166371,nr1,-108159.80478049912,-46228.15172103383,61931.653059465294,0.06115816510678212
754,w160032161,876.0951372385025,trade,41598.98809684389,46221.0978853821,51998.73512105486,nr1,-209111.46683243546,-37234.32501895209,171877.14181348338,0.06115816510678212
755,w160032162,197.75498196221892,mfh,21819.024375477275,24243.36041719697,27273.78046934659,r1,-117368.65247932116,-38202.36172804763,79166.29075127353,0.06116060540314294
756,w160032163,355.37988740094,mfh,43004.925360010486,47783.25040001165,53756.1567000131,r1,-231331.6146780192,-71342.74408559762,159988.87059242156,0.06116060540314294
757,w160032164,218.83437259588393,mfh,24626.450963512878,27362.723292792085,30783.063704391097,r1,-132470.3302584015,-44173.98743258225,88296.34282581924,0.06116060540314294
758,w160032165,192.38173281145282,mfh,24614.11645560697,27349.018284007743,30767.645569508713,r1,-132403.98061109375,-41882.8533340533,90521.12727704045,0.06116060540314294
759,w160032166,5513.669180350005,other,296885.1769801247,329872.41886680527,371106.47122515587,nr2,-1373839.659478563,-505335.18395468016,868504.4755238828,0.05629980619643026
760,w160032167,119.51807446111924,mfh,13433.338114289052,14925.931238098947,16791.672642861315,r1,-72260.46250469543,-24360.890024027525,47899.572480667906,0.06116060540314294
761,w160032168,107.41719602905214,th,13873.999853026246,15415.555392251383,17342.499816282805,r1,-74630.86521311845,-13288.119063157745,61342.7461499607,0.06116060540314294
763,w160032170,37.81535124108195,sfh,4769.791538029326,5299.76837558814,5962.239422536657,r0,-31483.791475882463,-13699.660064231995,17784.131411650465,0.07504860313660772
764,w160032171,82.13437312801835,th,9646.465808249995,10718.295342499994,12058.082260312494,r1,-51890.161247293705,-19048.153417170608,32842.0078301231,0.06116060540314294
765,w160032172,100.39566505721304,th,14312.979822175337,15903.310913528152,17891.22477771917,r1,-76992.22136533714,-29409.00929980701,47583.21206553013,0.06116060540314294
766,w160032173,119.7984774223063,mfh,12295.751901574888,13661.94655730543,15369.689876968609,r1,-66141.17144164599,-21520.437138496673,44620.734303149315,0.06116060540314294
767,w160032174,119.65868240431882,mfh,13051.979082176204,14502.19898019578,16314.973852720253,r1,-70209.06025408843,-22507.809233174525,47701.2510209139,0.06116060540314294
768,w160032175,69.26172256879508,th,7386.415528105403,8207.128364561559,9233.019410131752,r1,-39732.92399638291,-17651.972727537195,22080.951268845714,0.06116060540314294
769,w160032176,103.52918697646818,th,13372.589931875937,14858.433257639928,16715.73741484492,r1,-71933.68655964408,-26152.56651978458,45781.120039859496,0.06116060540314294
770,w160032177,62.96843930834439,th,7111.322358229594,7901.469286921771,8889.152947786992,r1,-38253.14588628203,-6811.020555981822,31442.12533030021,0.06116060540314294
771,w160032178,300.84989367914386,mfh,31793.30178992664,35325.89087769627,39741.6272374083,r1,-171022.17426119244,-58242.52065728933,112779.6536039031,0.06116060540314294
772,w160127708,318.335366258584,mfh,40928.439383668316,45476.04375963146,51160.54922958539,r1,-220161.80448204163,-75060.09979966788,145101.70468237373,0.06116060540314294
773,w160127710,130.057766958978,mfh,19160.41845180246,21289.353835336067,23950.523064753073,r1,-103067.50915753465,-18351.299148380782,84716.21000915386,0.06116060540314294
774,w160127712,149.28690248169005,mfh,19893.976263748034,22104.41807083115,24867.470329685042,r1,-107013.4551550329,-38050.756950474126,68962.69820455878,0.06116060540314294
775,w160127717,149.4986190713942,mfh,20018.073736971855,22242.30415219095,25022.59217121482,r1,-107680.99889840664,-38172.90502801246,69508.0938703942,0.06116060540314294
776,w160127718,161.62649620659647,mfh,19998.168014560528,22220.18668284503,24997.710018200658,r1,-107573.92225850557,-38037.48234571888,69536.43991278668,0.06116060540314294
777,w160127719,242.7560603125021,mfh,26016.569220877962,28907.299134308847,32520.71152609745,r1,-139948.03887846318,-45700.05389093812,94247.98498752507,0.06116060540314294
778,w164087844,70.24407002975931,other,5531.1032271675895,6145.670252408432,6913.879033959486,nr1,-27803.97221062173,-17331.00257966691,10472.96963095482,0.06115816510678212
779,w164087850,88.49543042890728,other,9571.515035104732,10635.016705671924,11964.393793880914,nr1,-48114.476826692684,-28608.760529670988,19505.716297021696,0.06115816510678212
780,w164087857,77.59434223277493,other,5732.685063821826,6369.65007091314,7165.856329777282,nr1,-28817.29189646145,-16518.367404524695,12298.924491936756,0.06115816510678212
786,w164088149,49.229225591477004,other,5037.637509600219,5597.37501066691,6297.046887000274,nr1,-25323.39889014085,-16172.18442371045,9151.214466430398,0.06115816510678212
788,w164088153,80.69597001839429,other,6314.859681225849,7016.51075691761,7893.574601532311,nr1,-31743.790683272175,-21105.09125231713,10638.699430955046,0.06115816510678212
791,w164088159,54.065223559696456,other,5119.410322922457,5688.233692136064,6399.262903653072,nr1,-25734.457757751275,-15035.184934246727,10699.272823504549,0.06115816510678212
793,w164088169,56.479432658094446,other,4565.7132450906565,5073.014716767396,5707.14155636332,nr0,-28141.923035854124,-16241.691873386864,11900.23116246726,0.0749901987103721
795,w164088175,32.08830586867407,other,2825.594723491785,3139.54969276865,3531.993404364731,nr0,-17416.26444116344,-10292.09070133365,7124.17373982979,0.0749901987103721
799,w164088182,35.81288355943252,other,2845.4381235960636,3161.597915106737,3556.7976544950793,nr0,-17538.57423341873,-10447.287468502418,7091.286764916313,0.0749901987103721
800,w359788107,586.4023264580406,other,46109.15580262688,51232.39533625209,57636.4447532836,nr1,-231783.35929339938,-95338.38939861397,136444.9698947854,0.06115816510678212
801,w377595955,68.13203878551721,other,5269.498540512313,5854.998378347015,6586.873175640391,nr1,-26488.927247764226,-4716.6104350316,21772.316812732628,0.06115816510678212
802,w377595956,85.03076633159071,other,6722.920315991011,7469.911462212234,8403.650394988763,nr1,-33795.04629779977,-19188.332016187465,14606.714281612301,0.06115816510678212
805,w377595969,38.68702136902139,other,3090.1691164444,3433.521240493778,3862.7113955555,nr0,-19047.035320551524,-10528.66321851829,8518.372102033234,0.0749901987103721
814,w377595984,35.49371746703982,other,2841.029831970761,3156.699813300845,3551.287289963451,nr0,-17511.402618168413,-8895.02877551963,8616.373842648783,0.0749901987103721
818,w377595990,36.364706988167015,other,2791.57936980043,3101.754855333811,3489.474212250537,nr0,-17206.602245087335,-8459.354590516274,8747.247654571062,0.0749901987103721
819,w377595993,54.98309161569923,other,4220.0307815631595,4688.923090625733,5275.038476953949,nr0,-26011.222143962674,-12596.301590696174,13414.9205532665,0.0749901987103721
823,w377596001,68.93592455182224,other,4836.798385703419,5374.220428559354,6045.997982129273,nr0,-29812.824547571072,-14609.768797188724,15203.055750382347,0.0749901987103721
825,w377596004,35.535723760165276,other,2630.7606042728767,2923.067338080974,3288.450755341096,nr0,-16215.355296527028,-9226.111929307846,6989.243367219182,0.0749901987103721
827,w377596008,41.66994294051546,other,3243.63691899437,3604.041021104855,4054.546148742962,nr0,-19992.972758143966,-10715.967858315467,9277.004899828498,0.0749901987103721
831,w377596012,33.714099188242116,other,2925.7385905314077,3250.8206561460083,3657.1732381642596,nr0,-18033.52637757003,-9734.486953909987,8299.039423660042,0.0749901987103721
836,w377596021,41.97082374822348,other,3488.321395519886,3875.9126616887625,4360.401744399857,nr0,-21501.147130210247,-10547.774454982991,10953.372675227256,0.0749901987103721
838,w377596023,32.13139781658538,other,2490.0711216668888,2766.7456907409874,3112.5889020836107,nr0,-15348.180250939331,-8741.400669075028,6606.779581864303,0.0749901987103721
844,w377596038,30.39147779517807,other,2398.685899783123,2665.2065553145812,2998.357374728904,nr0,-14784.904429000075,-2632.5956449086693,12152.308784091405,0.0749901987103721
847,w377596043,50.74534401865676,other,3919.317771017566,4354.797523352851,4899.1472137719575,nr0,-24157.70179689453,-11834.099641244586,12323.602155649944,0.0749901987103721
848,w377596044,31.44567816138733,other,2904.869813374752,3227.633125971947,3631.08726671844,nr0,-17904.89641570668,-8999.674274901869,8905.222140804812,0.0749901987103721
861,w377596072,32.00744857888203,other,2718.9974702297686,3021.108300255298,3398.7468377872106,nr0,-16759.225434090724,-9347.549924018402,7411.675510072322,0.0749901987103721
863,w377596074,30.798605113010854,other,2855.316162411527,3172.5735137905854,3569.1452030144083,nr0,-17599.460012522108,-9549.162314477902,8050.297698044205,0.0749901987103721
877,w377596096,31.32093481458723,other,2660.043472138398,2955.603857931553,3325.0543401729974,nr0,-16395.847624779726,-8353.022183478504,8042.825441301222,0.0749901987103721
882,w377596101,34.10184732507914,other,2734.2308274665847,3038.0342527406497,3417.788534333231,nr0,-16853.120066522384,-8954.370299015598,7898.749767506786,0.0749901987103721
886,w377596106,35.077698366669935,other,2779.2898943774467,3088.099882641607,3474.112367971808,nr0,-17130.85296935774,-8874.116021700216,8256.736947657524,0.0749901987103721
893,w377596115,40.14825235735625,other,3192.6172371227067,3547.352485691896,3990.771546403383,nr0,-19678.500104371855,-10716.112609749762,8962.387494622093,0.0749901987103721
895,w377596117,32.339281557500364,other,2797.665055321845,3108.5167281353833,3497.081319152306,nr0,-17244.112899911797,-9207.334782849879,8036.778117061918,0.0749901987103721
899,w377596123,32.752713098051025,other,2913.410473739367,3237.1227485992963,3641.7630921742084,nr0,-17957.53892603402,-9959.099618434044,7998.439307599976,0.0749901987103721
901,w377596125,37.63718191203661,other,2922.0877489035165,3246.7641654483514,3652.6096861293954,nr0,-18011.023496072008,-9621.674082156509,8389.3494139155,0.0749901987103721
909,w377596135,73.15242530554532,other,5088.204744337678,5653.560827041864,6360.255930422097,nr1,-25577.592299965938,-14006.161378478675,11571.430921487263,0.06115816510678212
916,w377596142,40.572792674647644,other,3113.8461841117532,3459.8290934575034,3892.3077301396916,nr0,-19192.974887984023,-10462.46795708486,8730.506930899162,0.0749901987103721
917,w377596143,37.61386710904771,other,2745.329396719578,3050.3659963550867,3431.6617458994724,nr0,-16921.528892254417,-9369.066407916378,7552.462484338039,0.0749901987103721
918,w377596145,32.806498026452026,other,2693.449218590027,2992.721353988919,3366.811523237534,nr0,-16601.752353160962,-8303.434361958572,8298.31799120239,0.0749901987103721
919,w377596147,34.850180151499806,other,2595.9189583634725,2884.354398181636,3244.8986979543406,nr0,-16000.600040340223,-2849.06204057039,13151.537999769833,0.0749901987103721
929,w377596159,36.51154847629368,other,2488.2164818409556,2764.684979823284,3110.2706023011942,nr0,-15336.748711453847,-8588.183293692864,6748.565417760983,0.0749901987103721
931,w377596161,32.13265920560807,other,2649.7963962137605,2944.2182180152895,3312.2454952672006,nr0,-16332.687192546326,-8979.23515741092,7353.452035135406,0.0749901987103721
934,w377596166,38.724472055921794,other,2981.905002903568,3313.227781003964,3727.38125362946,nr0,-18379.72220050678,-3272.6878183113,15107.034382195481,0.0749901987103721
935,w377596167,41.94859704792034,other,3114.8432704850466,3460.9369672056073,3893.554088106308,nr0,-19199.12068086918,-10994.114947291913,8205.005733577265,0.0749901987103721
936,w377596168,31.29673577034846,other,2563.979256552608,2848.865840614009,3204.97407069076,nr0,-15803.731647189172,-8524.337143968296,7279.394503220876,0.0749901987103721
937,w377596169,36.7579496475868,other,3082.2442820121273,3424.7158689023636,3852.805352515159,nr0,-18998.188608396587,-9506.017891831776,9492.170716564811,0.0749901987103721
940,w379327852,945.496160332486,other,38030.77627777757,42256.41808641952,47538.47034722196,nr1,-191174.63611634402,-107952.51075654733,83222.12535979669,0.06115816510678212
941,w379327862,94.51021252730861,other,9084.066665311519,10093.407405901688,11355.083331639398,nr1,-45664.151752072146,-25772.92034580463,19891.231406267518,0.06115816510678212
942,w387435839,3594.435384737421,other,196483.33588232234,218314.8176470248,245604.1698529029,nr2,-909228.9551386158,-358941.9178130709,550287.037325545,0.05629980619643026
943,w387435840,942.2609318409114,other,56823.35165188755,63137.05739098616,71029.18956485944,nr2,-262950.73023833067,-124860.64157651397,138090.0886618167,0.05629980619643026
944,w390787314,132.5826213063672,other,9844.203167691367,10938.003519657073,12305.253959614207,nr1,-49485.23650142898,-23573.653932919085,25911.582568509897,0.06115816510678212
945,w390787315,330.5195846647024,other,28537.57339615315,31708.414884614613,35671.966745191436,nr1,-143453.82197315103,-59926.94023454479,83526.88173860624,0.06115816510678212
946,w390787316,150.59577141329646,other,12304.720854223664,13671.912060248515,15380.90106777958,nr1,-61853.86579116298,-11013.680777211071,50840.18501395191,0.06115816510678212
947,w390789514,104.66224040389062,trade,10397.319493968453,11552.577215520503,12996.649367460564,nr1,-52265.66390142973,-45675.92009015078,6589.743811278953,0.06115816510678212
948,w390789515,335.6007874913513,trade,25636.797863414322,28485.330959349245,32045.997329267902,nr1,-128872.08683116859,-46238.97498465233,82633.11184651626,0.06115816510678212
949,w390790006,38.98714106846601,trade,2776.3285059702725,3084.8094510780807,3470.4106324628406,nr0,-17112.59970636021,-14755.94012233676,2356.6595840234513,0.0749901987103721
950,w390793102,268.1788772383239,sfh,30059.790808766775,33399.76756529642,37574.738510958465,r1,-161697.29133262706,-51261.79537688795,110435.49595573911,0.06116060540314294
951,w390793103,629.0808588726446,th,87553.79058492262,97281.98953880291,109442.23823115327,r2,-433537.6992292478,-139921.01715051604,293616.68207873177,0.05629980619643026
952,w390793104,761.76513240356,mfh,80676.55852455663,89640.6205828407,100845.69815569579,r2,-399483.89819336066,-119327.30625581091,280156.59193754976,0.05629980619643026
953,w390793105,324.12222724705936,th,47118.253767594215,52353.615297326905,58897.817209492765,r1,-253457.9849544836,-89204.91354461889,164253.0714098647,0.06116060540314294
954,w390793106,1475.9963392082602,mfh,145242.0290743921,161380.03230488012,181552.53634299012,r2,-719190.9647272655,-181540.51327396778,537650.4514532977,0.05629980619643026
955,w390793107,895.6360460046678,mfh,90245.7910168643,100273.10112984922,112807.23877108037,r2,-446867.6038032381,-79565.33677920773,367302.2670240303,0.05629980619643026
956,w390793108,286.70933025064875,mfh,25575.074405456515,28416.749339396127,31968.843006820643,r1,-137573.15489323507,-40312.00057612577,97261.15431710929,0.06116060540314294
957,w390793793,117.72837251536548,mfh,12242.925925452717,13603.251028280796,15303.657406815895,r1,-65857.01054028451,-23349.453963908203,42507.5565763763,0.06116060540314294
958,w390794364,96.81251710766227,sfh,13040.642047928714,14489.602275476347,16300.802559910891,r1,-70148.07620595495,-33619.69586515953,36528.38034079542,0.06116060540314294
959,w475684695,267.0884538785554,mfh,32327.72471892473,35919.69413213859,40409.65589865591,r1,-173896.9361181458,-57780.655438046255,116116.28068009953,0.06116060540314294
960,w620369477,3702.806372543797,other,329831.05954184383,366478.95504649315,412288.8244273048,nr2,-1526297.1197674714,-271772.0070246164,1254525.112742855,0.05629980619643026
961,w620369478,20480.360502976928,other,1687025.1117225294,1874472.3463583658,2108781.3896531616,nr2,-7806728.610016879,-1390063.7530941619,6416664.856922717,0.05629980619643026
962,w993163452,1412.2592688187956,other,69902.24125333331,77669.15694814813,87377.80156666663,nr2,-323473.4461892549,-142595.05011004707,180878.3960792078,0.05629980619643026
963,w993163453,1066.3710880815981,other,51293.74656664398,56993.051740715535,64117.183208304974,nr2,-237362.41746153435,-103130.03693164262,134232.38052989173,0.05629980619643026
964,w993163454,1257.084109787643,other,59883.17288306017,66536.85875895574,74853.96610382521,nr2,-277110.0890889777,-116737.95828972086,160372.13079925685,0.05629980619643026
965,w993163455,1355.0658122852444,mfh,137933.86271477625,153259.84746086248,172417.3283934703,r2,-683003.3181620458,-121609.59659722316,561393.7215648226,0.05629980619643026
966,w993163456,1286.649396429956,mfh,130250.32129646631,144722.5792182959,162812.90162058288,r2,-644956.9372324191,-189595.96689137045,455360.97034104867,0.05629980619643026
967,w993163457,923.1744978809729,ab,96260.7750734298,106956.41674825533,120325.96884178725,r2,-476651.83508965676,-140983.74290947538,335668.0921801814,0.05629980619643026
968,w993163458,923.3917086940259,ab,96786.7143031862,107540.7936702069,120983.39287898275,r2,-479256.1139230426,-140406.96702981525,338849.14689322736,0.05629980619643026
969,w993163460,1313.604391914094,ab,125644.15428679457,139604.6158742162,157055.1928584932,r2,-622148.706608734,-185566.95608867626,436581.75052005774,0.05629980619643026
970,w993163461,1099.8535498690792,ab,118342.74284405124,131491.93649339027,147928.42855506405,r2,-585994.508179795,-175835.868127117,410158.640052678,0.05629980619643026
971,w993164648,226.1375619597733,ab,25333.36690212359,28148.18544680399,31666.708627654487,r1,-136272.964588108,-56095.60028178631,80177.36430632169,0.06116060540314294
972,w993164649,158.37299746889622,other,12554.80104281894,13949.778936465487,15693.501303523673,nr1,-63110.97894355857,-31542.594554414954,31568.384389143615,0.06115816510678212
973,w993164650,163.5844805765897,other,11822.83966197053,13136.48851330059,14778.549577463164,nr1,-59431.52602856043,-28930.082280147002,30501.44374841343,0.06115816510678212
974,w993164651,162.24389737509188,other,11008.365752407117,12231.517502674575,13760.457190508896,nr1,-55337.2958148578,-27176.31378770509,28160.982027152713,0.06115816510678212
975,w993164652,173.63842588849366,other,12537.52789010725,13930.586544563612,15671.909862634062,nr1,-63024.14956463346,-30937.402779239477,32086.74678539398,0.06115816510678212
976,w1006795433,259.34726619906723,mfh,31206.31317629144,34673.68130699049,39007.8914703643,r1,-167864.65165992983,-52356.34843882651,115508.30322110333,0.06116060540314294
977,w1006849999,188.95288848243652,other,12692.659037467965,14102.954486075516,15865.823796834957,nr1,-63803.969056888345,-31343.806896142953,32460.162160745393,0.06115816510678212
978,w1007159125,240.08975319266318,education,18188.745430473453,20209.717144970502,22735.931788091813,nr1,-91431.91723686738,-42020.82728875107,49411.08994811631,0.06115816510678212
979,w1007160095,265.99824453517795,sfh,29700.45869061807,33000.5096562423,37125.57336327258,r1,-159764.3760118552,-53537.613916332186,106226.76209552301,0.06116060540314294
980,w1007176059,713.9090096209663,trade,44584.74507920726,49538.60564356363,55730.93134900908,nr1,-224120.3901440715,-100245.97213538832,123874.41800868319,0.06115816510678212
981,w1029411791,412.32884333096445,trade,24243.8769969841,26937.64110776011,30304.846246230125,nr1,-121870.09618460217,-58465.258396625126,63404.83778797704,0.06115816510678212
982,w1030080397,647.4037659055554,other,30520.396752890152,33911.551947655724,38150.49594111269,nr1,-153421.15818891695,-77455.9439899374,75965.21419897955,0.06115816510678212
983,w1030080398,123.65970464986749,other,6312.042173885407,7013.380193206007,7890.052717356758,nr1,-31729.62752402898,-16244.578019705927,15485.049504323053,0.06115816510678212
984,w1030080399,86.80603968682699,other,6773.282403048039,7525.869336720043,8466.603003810047,nr1,-34048.20846301208,-18420.025444317038,15628.183018695043,0.06115816510678212
985,w1036126248,1409.4026292502879,trade,62527.62490135226,69475.13877928029,78159.53112669032,nr2,-289347.3220060022,-136560.1706784127,152787.1513275895,0.05629980619643026
986,w1036126249,536.9865712554193,mfh,58786.42745363585,65318.25272626206,73483.0343170448,r2,-291091.13761826395,-92192.31253366808,198898.82508459588,0.05629980619643026
987,w1036126250,784.2879224468953,mfh,83022.8157791949,92247.57308799434,103778.51972399362,r2,-411101.7957758666,-119376.99292701764,291724.802848849,0.05629980619643026
988,w1036126251,422.468481163308,mfh,52845.09736255475,58716.77484728305,66056.37170319344,r2,-261671.61664903295,-87582.07905870242,174089.53759033052,0.05629980619643026
989,w1036680208,878.3984476357698,mfh,87023.10356131091,96692.33729034546,108778.87945163864,r2,-430909.9108754783,-131697.9995376433,299211.911337835,0.05629980619643026
990,w1075387093,82.43980132825672,other,6640.5639729472905,7378.404414385878,8300.704966184112,nr1,-33381.05411951084,-17796.3213213999,15584.732798110937,0.06115816510678212
991,w1075387094,82.56877346616238,other,5523.9930738652965,6137.770082072551,6904.99134233162,nr1,-27768.230605970573,-12013.134676361868,15755.095929608706,0.06115816510678212
992,w1075387095,130.11354850369972,other,4922.185612555075,5469.095125061194,6152.732015693843,nr0,-30339.130217093385,-12322.416369181845,18016.71384791154,0.0749901987103721
993,w1075387096,86.78853361294604,other,5651.038189360073,6278.931321511192,7063.797736700091,nr1,-28406.866103381253,-12555.612986994796,15851.253116386457,0.06115816510678212
994,w1075387097,130.27800867820625,other,5001.394598025604,5557.105108917338,6251.743247532005,nr1,-25141.211564237572,-11548.408134246469,13592.803429991103,0.06115816510678212
995,w1075387098,130.18280181584413,other,4914.504272727153,5460.56030303017,6143.1303409089405,nr0,-30291.784345233806,-12276.793846164052,18014.990499069754,0.0749901987103721
996,w1075387099,86.85200681062415,other,7574.079042728552,8415.643380809503,9467.598803410689,nr1,-38073.685226250505,-19424.035780968785,18649.64944528172,0.06115816510678212
997,w1107949539,145.45949292609,other,7234.128086910359,8037.920096567066,9042.660108637949,nr1,-36364.80608580756,-6475.106456668513,29889.69962913905,0.06115816510678212
998,w1107949540,113.13991883732378,other,8157.082843669978,9063.42538185553,10196.353554587471,nr1,-41004.3521862239,-19904.3930632611,21099.9591229628,0.06115816510678212
999,w1108636740,113.13954655230044,other,8437.78627390423,9375.318082115811,10547.232842380286,nr1,-42415.40348161909,-20381.155915291078,22034.247566328013,0.06115816510678212
1000,w1108636741,169.70950587596744,other,6388.827258846157,7098.696954273508,7986.034073557696,nr1,-32115.613878062766,-14367.58230664168,17748.03157142109,0.06115816510678212
1001,w1108636742,113.35190696045755,other,7307.257952288273,8119.1755025425255,9134.072440360342,nr1,-36732.41823499815,-15903.666082207792,20828.75215279036,0.06115816510678212
1002,w1108636743,97.02220907397567,other,8465.714383767012,9406.34931529668,10582.142979708764,nr1,-42555.79362778485,-20290.680671990678,22265.11295579417,0.06115816510678212
1003,w1108636744,97.02139693088829,other,6248.685707876577,6942.984119862863,7810.857134845721,nr1,-31411.144691956655,-14035.584313440853,17375.560378515802,0.06115816510678212
1004,w1108636745,97.02220705058426,other,6051.606396825816,6724.00710758424,7564.507996032269,nr1,-30420.458482950602,-13313.047569589515,17107.410913361087,0.06115816510678212
1005,w1108636746,96.97299731615931,other,6049.968200571248,6722.186889523609,7562.46025071406,nr1,-30412.22353211587,-13306.1021918041,17106.12134031177,0.06115816510678212
1006,w1108636747,96.97299630921333,other,6204.737122419419,6894.152358243799,7755.921403024274,nr1,-31190.22217459249,-13839.111535887472,17351.110638705017,0.06115816510678212
1007,w1108636748,93.15071205198764,other,7049.813241953456,7833.125824392729,8812.266552441819,nr1,-35438.28480845815,-16966.387814652055,18471.896993806095,0.06115816510678212
1008,w1108636749,139.88183319568634,other,5418.6318681190805,6020.702075687867,6773.28983514885,nr1,-27238.596658396335,-12660.566735358876,14578.029923037459,0.06115816510678212
1009,w1108636750,139.7263257611543,other,5255.293421448891,5839.2149127209905,6569.116776811114,nr1,-26417.520383804782,-12172.509453411156,14245.010930393626,0.06115816510678212
1010,w1108636751,139.8837134392932,other,5137.657930030147,5708.508811144608,6422.072412537684,nr1,-25826.185563235093,-11523.471906610166,14302.713656624926,0.06115816510678212
1011,w1108636752,93.1510556358844,other,5632.758798770266,6258.620887522518,7040.9484984628325,nr1,-28314.978527410927,-12517.640842446735,15797.337684964192,0.06115816510678212
1012,w1108636753,93.25489941500128,other,5561.032789158997,6178.925321287774,6951.290986448746,nr1,-27954.423336863205,-12509.141344146981,15445.281992716224,0.06115816510678212
1013,w1108636754,139.72684112749994,other,6793.787494520834,7548.652771689815,8492.234368151043,nr1,-34151.28428171773,-18050.11263360026,16101.17164811747,0.06115816510678212
1014,w1159236388,245.9913005110109,other,17161.798074090097,19068.664526766774,21452.24759261262,nr1,-86269.6169531903,-49767.108778630696,36502.5081745596,0.06115816510678212
1015,w1159236389,122.96537718712352,other,11214.556910810714,12460.618789789682,14018.19613851339,nr1,-56373.78582469356,-33669.49983725724,22704.28598743632,0.06115816510678212
1016,w1159236390,245.9301320978673,other,9422.640053648083,10469.600059608982,11778.300067060103,nr1,-47366.10608088089,-35477.00858900965,11889.097491871238,0.06115816510678212
1017,w1219742100,99.15745026543736,other,6796.05397685548,7551.171085394977,8495.06747106935,nr1,-34162.67752629484,-18005.36266165138,16157.314864643464,0.06115816510678212
1018,w1219742101,534.7382739499211,other,26665.5596979286,29628.399664365108,33331.94962241074,nr1,-134043.50820650804,-65724.96696477573,68318.54124173231,0.06115816510678212
1019,w1219742102,331.85329187787136,other,16686.177045042114,18540.19671671346,20857.72130630264,nr1,-83878.74603082474,-40615.74456786768,43263.00146295706,0.06115816510678212
1020,w1219742103,321.63751182574777,other,17114.566871985295,19016.185413316995,21393.208589981616,nr1,-86032.19324640685,-42328.31275985324,43703.880486553615,0.06115816510678212
1021,w1219742104,906.7466930493712,other,37559.58202112246,41732.868912358295,46949.477526403076,nr1,-188806.01787152563,-95384.79749533623,93421.2203761894,0.06115816510678212
1022,w1219742105,1260.638449399173,ab,128554.44727096538,142838.2747455171,160693.0590887067,r2,-636559.5244158353,-195738.6169904188,440820.90742541646,0.05629980619643026
1023,w1219929093,501.3837405549362,other,33138.81990165809,36820.91100184232,41423.52487707261,nr1,-166583.55300852575,-81002.25950786895,85581.2935006568,0.06115816510678212
1024,w1242595698,177.05818741209805,other,9156.077890481276,10173.419878312528,11445.097363101595,nr1,-46026.140675663075,-23720.32606874597,22305.814606917105,0.06115816510678212
1025,w1242595699,175.70056665593293,other,9159.768067274865,10177.52007474985,11449.71008409358,nr1,-46044.690604819574,-23611.87537154197,22432.815233277604,0.06115816510678212
