,full_id,NFA,building_usage,yearly_demand_useful_renovated,yearly_demand_delivered_renovated,yearly_demand_delivered_renovated_DH,consumer_size_renovated,npv_Gas_25years_ir_0.05,npv_DH_25years_ir_0.05,savings_npv_25years_ir_0.05,operator_selling_price
0,w24853838,27974.42320393324,trade,1197392.8826751309,1330436.536305701,1496741.1033439136,nr2,-7387932.923785254,-6279091.986202206,1108840.937583048,0.15746988176611104
1,w24853840,937.1926232803613,trade,88019.54120636193,97799.49022929103,110024.4265079524,nr2,-543081.9539883508,-557476.9274867111,-14394.973498360254,0.15746988176611104
2,w24853841,8998.296452549099,trade,370411.49455784855,411568.3272864984,463014.36819731066,nr2,-2285444.748826775,-2378088.3914803467,-92643.64265357191,0.15746988176611104
3,w25538793,404.8852469230536,trade,30724.044681390333,34137.827423767034,38405.05585173791,nr1,-205926.48505115163,-256036.3343305944,-50109.84927944277,0.17105865328907494
4,w27689586,5481.69515059907,office,239232.2588022705,265813.6208914117,299040.3235028381,nr2,-1476066.8004708174,-589939.2501244198,886127.5503463976,0.15746988176611104
5,w28994179,16672.165487814695,other,602602.7887910821,669558.6542123135,753253.4859888526,nr2,-3718068.6871364457,-1485999.5851818675,2232069.1019545784,0.15746988176611104
6,w28994181,2845.002712316811,trade,324149.90597616514,360166.56219573907,405187.3824702064,nr2,-2000010.019479084,-799343.505833525,1200666.513645559,0.15746988176611104
7,w29249266,23411.247439788887,trade,2697249.5326306587,2996943.9251451762,3371561.915788323,nr2,-16642072.050125027,-6651332.786995659,9990739.263129368,0.15746988176611104
8,w30213059,1747.46707642246,ab,186541.77691087977,207268.64101208863,233177.2211385997,r2,-1231591.721794325,-868726.1182090729,362865.6035852521,0.15746988176611104
9,w50930444,8762.936898044496,other,330222.16830016905,366913.5203335212,412777.7103752113,nr2,-2037475.9735485145,-2251512.844609995,-214036.87106148037,0.15746988176611104
10,w50930445,4934.112452852726,other,202146.16980193532,224606.85533548368,252682.71225241915,nr2,-1247245.0478912639,-1521068.325434979,-273823.2775437152,0.15746988176611104
11,w50930458,1974.6456010334193,other,60554.61203303029,67282.90225892254,75693.26504128786,nr2,-373622.90890386543,-749416.0373551183,-375793.1284512529,0.15746988176611104
12,w50930471,4724.4749339554455,other,258143.60911438576,286826.2323493175,322679.5113929822,nr2,-1592750.1294145887,-1638246.9770215699,-45496.84760698117,0.15746988176611104
13,w50930472,9715.957844087014,other,1058464.4972369291,1176071.663596588,1323080.6215461614,nr2,-6530742.599975979,-2610140.26665767,3920602.333318309,0.15746988176611104
14,w50930478,6019.835157379508,trade,680901.6527717811,756557.3919686456,851127.0659647263,nr2,-4201173.909714367,-1679082.1290395733,2522091.7806747938,0.15746988176611104
15,w50930479,4489.048651921749,other,185541.01142931575,206156.6793659064,231926.26428664467,nr2,-1144790.9594957607,-1232063.857376472,-87272.89788071136,0.15746988176611104
16,w50930480,4441.97852948606,other,168700.98991545063,187445.54435050068,210876.23739431327,nr2,-1040887.7618238475,-1155986.9536205262,-115099.1917966787,0.15746988176611104
17,w50930481,1370.623297881335,other,62080.660377160784,68978.51153017864,77600.82547145098,nr2,-383038.65119531885,-508803.8081216496,-125765.15692633076,0.15746988176611104
18,w50930482,1573.369959426485,other,63379.87619939754,70422.08466599727,79224.84524924692,nr2,-391054.833258103,-498224.4276556304,-107169.5943975274,0.15746988176611104
19,w50930483,704.9254127380437,other,45123.70064816985,50137.445164633165,56404.62581021231,nr1,-302439.5115727158,-341808.4052673008,-39368.89369458496,0.17105865328907494
20,w50930486,509.32494937628496,trade,30466.044901173256,33851.16100130362,38082.55612646657,nr1,-204197.25348561327,-243359.3062315168,-39162.05274590352,0.17105865328907494
21,w98916060,2713.01504517002,other,226605.19701500298,251783.55223889218,283256.4962687537,nr2,-1398157.630591331,-558801.3116233574,839356.3189679737,0.15746988176611104
22,w98916062,151.14776481509907,trade,11092.043274505519,12324.492527228354,13865.054093131897,nr1,-74343.90579889057,-104100.78880650413,-29756.883007613564,0.17105865328907494
23,w98916065,222.67857759937178,other,20948.500685227787,23276.111872475318,26185.625856534734,nr1,-140406.35462991355,-166189.96996348162,-25783.615333568072,0.17105865328907494
24,w98916067,43210.64675020873,trade,3034378.024269405,3371531.1380771166,3792972.530336756,nr2,-18722160.147324547,-7482681.078186274,11239479.069138274,0.15746988176611104
25,w98916074,4745.314506876469,trade,491122.8611791089,545692.0679767877,613903.5764738861,nr2,-3030235.779940896,-1211093.5786566809,1819142.2012842153,0.15746988176611104
26,w98916075,67.06430839556852,sfh,8538.96409194254,9487.737879936156,10673.705114928174,r1,-61243.600495538274,-84202.9038088939,-22959.303313355624,0.17106547876868802
27,w98916076,98.82164086105185,sfh,13728.213996145805,15253.571106828673,17160.267495182256,r1,-98462.20741115026,-111627.35158749328,-13165.14417634302,0.17106547876868802
28,w98916079,3334.9361924076916,trade,133751.88480733606,148613.2053414845,167189.85600917006,nr2,-825251.2334788528,-1106948.97291035,-281697.7394314972,0.15746988176611104
29,w98916080,2976.303781049745,other,104082.21116258297,115646.90129175886,130102.76395322871,nr2,-642188.8803201139,-813304.4861048247,-171115.60578471085,0.15746988176611104
30,w98916086,294.4025758753764,other,20686.516731325537,22985.018590361706,25858.14591415692,nr1,-138650.4193249642,-200505.53613451347,-61855.116809549276,0.17105865328907494
31,w98916091,1116.7099465291947,trade,65522.69205707044,72802.99117452271,81903.36507133805,nr2,-404276.0408112515,-161576.90443507425,242699.13637617725,0.15746988176611104
32,w98916094,150.05011938810347,trade,13612.2294499376,15124.699388819556,17015.286812422,nr1,-91235.33679904068,-140883.1211117462,-49647.784312705524,0.17105865328907494
33,w98916098,15131.85493721813,trade,1389797.224493673,1544219.1383263033,1737246.5306170913,nr2,-8575070.739758145,-3427196.384583131,5147874.355175015,0.15746988176611104
34,w98916102,1892.1415951219387,trade,73425.17962658805,81583.53291843117,91781.47453323506,nr2,-453034.51343905565,-666661.0560004864,-213626.54256143072,0.15746988176611104
35,w98916109,81.43322088830173,sfh,9629.8057932929,10699.784214769888,12037.257241616126,r1,-69067.39184095623,-95956.71977741484,-26889.327936458605,0.17106547876868802
36,w98916113,559.2398283889517,trade,50271.6825643969,55857.425071552105,62839.60320549612,nr2,-310177.07230881875,-370055.23023424204,-59878.15792542329,0.15746988176611104
37,w98916116,6987.1012714248145,other,358101.17313169746,397890.1923685527,447626.4664146218,nr2,-2209489.871958414,-2130418.8997925823,79070.97216583183,0.15746988176611104
38,w98916121,458.57296650111675,other,22475.134293848154,24972.371437609057,28093.917867310192,nr1,-150638.54561401808,-189594.31422797916,-38955.76861396109,0.17105865328907494
39,w98916126,1235.1179318586364,trade,54455.49615433791,60506.10683815323,68069.37019292239,nr2,-335991.2679795405,-443142.05686189525,-107150.78888235474,0.15746988176611104
40,w99055014,379.03616306802724,mfh,51250.231128429565,56944.70125381063,64062.788910536954,r2,-338365.81511698,-305254.50703123683,33111.30808574316,0.15746988176611104
41,w99055018,363.825429549627,mfh,39011.950831555296,43346.61203506144,48764.93853944412,r1,-279803.53419378586,-235381.15497779357,44422.37921599229,0.17106547876868802
42,w99055022,32.828185592684896,sfh,3912.1656857345315,4346.850761927257,4890.207107168164,r0,-34430.52180561535,-43857.55798122861,-9427.036175613255,0.2099100416331936
43,w99055023,57.57688737055287,sfh,7638.842228320924,8487.602475912137,9548.552785401154,r1,-54787.69984771147,-62406.43660948619,-7618.736761774722,0.17106547876868802
44,w99055025,2922.078992408514,trade,131771.14343422168,146412.38159357963,164713.9292927771,nr2,-813030.0280452259,-891785.5715229263,-78755.54347770044,0.15746988176611104
45,w99055028,168.94065034445376,ab,18863.996140229203,20959.99571136578,23579.9951752865,r1,-135297.33008852045,-123497.75234077433,11799.577747746123,0.17106547876868802
46,w99055030,502.22660109587014,other,33719.73290267432,37466.369891860355,42149.66612834289,nr1,-226004.94646843377,-281218.9038942358,-55213.957425802015,0.17105865328907494
47,w99055036,2513.4158389533286,other,94056.81089942587,104507.56766602874,117571.01362428232,nr2,-580332.0029743689,-751307.8234927802,-170975.82051841135,0.15746988176611104
48,w99055038,337.97397138923407,other,24561.514626422148,27290.57180713572,30701.893283027683,nr1,-164622.41306448597,-221858.72714659423,-57236.31408210826,0.17105865328907494
49,w99055039,2475.299022556655,other,95255.37369289662,105839.30410321847,119069.21711612078,nr2,-587727.1542661684,-667192.6107724281,-79465.45650625974,0.15746988176611104
50,w99055040,101.95110847079195,trade,7536.8851086504455,8374.316787389384,9421.106385813056,nr1,-50515.62301622456,-87200.41002550362,-36684.787009279054,0.17105865328907494
51,w99055041,189.90211718752977,ab,21595.11692946048,23994.5743660672,26993.8961618256,r1,-154885.61605854478,-160166.634538472,-5281.01847992721,0.17106547876868802
52,w99055043,190.2007592998445,sfh,29155.98911223378,32395.543458037533,36444.98639029222,r1,-209114.0951074894,-206257.5673363284,2856.527771161025,0.17106547876868802
53,w99055048,47.74609960326925,sfh,5769.180841789516,6410.2009353216845,7211.476052236895,r1,-41378.01762095147,-61907.28171795996,-20529.26409700849,0.17106547876868802
54,w99055050,194.95880112051967,trade,16984.909900636445,18872.122111818273,21231.137375795555,nr1,-113840.57115589027,-157300.74327834963,-43460.172122459364,0.17105865328907494
55,w99055053,122.33706042193808,ab,14174.508663259385,15749.454070288204,17718.13582907423,r1,-101663.14513634628,-128793.8915675853,-27130.746431239022,0.17106547876868802
56,w99055057,303.91877080444243,ab,36040.58788819037,40045.09765354486,45050.73486023796,r1,-258492.17100367672,-230780.3522542503,27711.818749426428,0.17106547876868802
57,w99055067,194.8848727118224,sfh,21931.666176569037,24368.517973965598,27414.582720711296,r1,-157299.43199863523,-153804.73946047484,3494.692538160394,0.17106547876868802
58,w99055068,348.37368724122643,ab,40200.04013772175,44666.71126413528,50250.05017215219,r1,-288324.80984694615,-327641.6303429086,-39316.820495962456,0.17106547876868802
59,w99055094,263.70872883694244,other,16614.595860209945,18460.66206689994,20768.24482526243,nr1,-111358.55846840357,-168217.5689493047,-56859.010480901125,0.17105865328907494
60,w99055100,85.6876405166462,sfh,12089.433153049305,13432.703503388117,15111.79144131163,r1,-86708.4585753812,-101246.00619093537,-14537.54761555417,0.17106547876868802
61,w99055110,94.65369866762775,sfh,12604.978915374657,14005.532128194063,15756.22364421832,r1,-90406.08259218847,-122272.92011506465,-31866.837522876187,0.17106547876868802
62,w99055113,801.3236896117684,education,39333.930829421224,43704.367588245805,49167.41353677653,nr1,-263633.8477874295,-326448.88522248773,-62815.03743505821,0.17105865328907494
63,w99055118,54.3237798044458,other,6219.479772060365,6910.533080067072,7774.349715075456,nr1,-41685.77482517746,-61576.1873897903,-19890.412564612838,0.17105865328907494
64,w99055131,500.74276516167447,th,69240.53713621371,76933.93015134857,86550.67142026713,r2,-457141.95373132924,-445754.87759348616,11387.076137843076,0.15746988176611104
65,w99055135,663.0715527065098,ab,68880.52212837798,76533.91347597554,86100.65266047248,r2,-454765.05183452764,-357296.83850874193,97468.2133257857,0.15746988176611104
66,w99055142,64.54166975589469,sfh,9032.758360397225,10036.398178219139,11290.947950496531,r1,-64785.217321490454,-74138.21678560141,-9352.999464110959,0.17106547876868802
67,w99055146,149.08371188635937,sfh,17342.70904751041,19269.67671945601,21678.38630938801,r1,-124386.27601424414,-108895.04522636926,15491.230787874883,0.17106547876868802
68,w99055147,57.659734526090325,sfh,7330.462267285426,8144.958074761584,9163.077834106782,r1,-52575.92112008934,-71171.83320972309,-18595.912089633748,0.17106547876868802
69,w99055152,1635.3717537612654,other,76892.01538215307,85435.57264683674,96115.01922769133,nr2,-474424.94459200563,-565613.8788964719,-91188.9343044663,0.15746988176611104
70,w99055158,567.1104306213557,trade,39120.40099323338,43467.11221470375,48900.50124154172,nr1,-262202.6739600348,-327125.91246709274,-64923.23850705795,0.17105865328907494
71,w99055160,362.3993257842958,ab,41269.65009818708,45855.16677576342,51587.06262273384,r1,-295996.32180079084,-292417.19290171633,3579.128899074509,0.17106547876868802
72,w99055171,150.93386064656082,sfh,16885.70894548665,18761.8988283185,21107.136181858314,r1,-121108.55621434787,-119503.63535529669,1604.9208590511844,0.17106547876868802
73,w99055172,71.28885925472714,sfh,9019.499646113589,10021.666273459543,11274.374557641986,r1,-64690.12248423291,-87192.9870922475,-22502.864608014585,0.17106547876868802
74,w99055173,413.9677898917347,ab,46033.80958093352,51148.67731214836,57542.2619761669,r1,-330166.07318007975,-276416.19120141666,53749.88197866309,0.17106547876868802
75,w99055181,184.62117180265486,other,15209.502381678169,16899.44709075352,19011.87797709771,nr1,-101940.98457138336,-141591.19308641163,-39650.208515028266,0.17105865328907494
76,w99055182,84.81555104400032,sfh,9995.399856476368,11105.999840529297,12494.24982059546,r1,-71689.52451513818,-99941.64237900052,-28252.11786386234,0.17106547876868802
77,w99055185,136.9722994968528,education,10840.570650859518,12045.07850095502,13550.713313574397,nr1,-72658.42219765826,-119584.19033838437,-46925.76814072611,0.17105865328907494
78,w99055186,41.49024544628337,sfh,5137.404922484948,5708.227691649942,6421.756153106185,r1,-36846.761652665955,-52318.38503866994,-15471.623386003987,0.17106547876868802
79,w99055192,160.51305735595523,ab,18121.209085465063,20134.67676162785,22651.511356831328,r1,-129969.87430519443,-148243.39639197354,-18273.522086779107,0.17106547876868802
80,w99055193,133.23216011486946,other,9055.86994602939,10062.077717810433,11319.837432536737,nr1,-60696.54846569524,-89967.36638070631,-29270.817915011074,0.17105865328907494
81,w99055199,594.2030242990702,ab,69499.33638341566,77221.48487046185,86874.17047926957,r2,-458850.60589353525,-365525.17738625314,93325.42850728211,0.15746988176611104
82,w99055201,119.5810925271362,sfh,16186.140935837673,17984.601039819638,20232.67616979709,r1,-116091.07830472314,-134626.93455984048,-18535.856255117338,0.17106547876868802
83,w99055202,635.4450178422034,ab,74224.65462412336,82471.83847124818,92780.8182801542,r2,-490048.2438943765,-446372.41990931466,43675.82398506184,0.15746988176611104
84,w99055209,191.61494707558305,other,19092.937557201116,21214.375063556796,23866.171946501392,nr1,-127969.52879179407,-164617.70207468607,-36648.17328289199,0.17105865328907494
85,w99055216,463.1840371862054,education,30329.625776782435,33699.58419642493,37912.03222097804,nr1,-203282.91062903704,-242697.81762712478,-39414.90699808774,0.17105865328907494
86,w99055219,773.0541430711745,other,89363.99007406665,99293.3223045185,111704.9875925833,nr2,-551377.2246532897,-601436.5704433739,-50059.34579008422,0.15746988176611104
87,w99055224,318.955577952601,ab,39326.77401159415,43696.415568437944,49158.46751449268,r1,-282061.52531044,-247206.98250550852,34854.542804931465,0.17106547876868802
88,w99055226,262.56915004737675,ab,28811.221455015977,32012.468283351085,36014.02681876997,r1,-206641.3346607797,-185728.2859040494,20913.048756730306,0.17106547876868802
89,w99055235,1694.7837025728077,trade,149404.7926523063,166005.3251692292,186755.99081538286,nr2,-921829.9211377198,-928952.2376251079,-7122.316487388103,0.15746988176611104
90,w99055245,424.4345906373113,ab,47895.25638616388,53216.95154018208,59869.07048270485,r1,-343516.8383613969,-295044.22173815547,48472.616623241454,0.17106547876868802
91,w99055249,70.42309986636974,sfh,9527.919340341607,10586.577044824007,11909.899175427008,r1,-68336.63654637143,-98190.56928192018,-29853.932735548748,0.17106547876868802
92,w99055257,137.79457132667304,trade,8302.741753787854,9225.268615319837,10378.427192234816,nr1,-55648.7416736694,-92580.0912387975,-36931.3495651281,0.17105865328907494
93,w99055287,226.3710821658373,mfh,29327.158711257514,32585.731901397237,36658.94838907189,r1,-210341.7665705282,-187721.23481106648,22620.531759461737,0.17106547876868802
94,w99055292,58.725108856521544,trade,5742.2884325185605,6380.320480576178,7177.8605406482,nr1,-38487.4219954078,-69901.21519516219,-31413.793199754393,0.17105865328907494
95,w99055300,847.1402418442303,other,76273.07353797425,84747.85948663806,95341.34192246781,nr2,-470606.0636760769,-545017.8804365643,-74411.81676048745,0.15746988176611104
96,w99389931,488.4274571448564,mfh,51882.65252404952,57647.39169338835,64853.315655061895,r2,-342541.2066481932,-283402.5450441306,59138.661604062596,0.15746988176611104
97,w99389943,3490.8252122399163,ab,329651.0091598724,366278.89906652493,412063.7614498405,r2,-2176431.7928439598,-1574152.1089145713,602279.6839293884,0.15746988176611104
98,w99389949,2474.179022271931,ab,284257.7582638273,315841.9536264748,355322.1978297841,r2,-1876735.1085156496,-1607246.7618231657,269488.3466924839,0.15746988176611104
99,w99389956,671.7147096479312,education,46899.24791118664,52110.27545687404,58624.0598889833,nr1,-314340.03478529607,-125632.20332993861,188707.83145535746,0.17105865328907494
100,w99389960,693.6997662768932,ab,80098.50062143736,88998.33402381929,100123.12577679669,r2,-528828.7263427816,-467037.3099656335,61791.41637714807,0.15746988176611104
101,w99389971,1612.9015118613836,education,79005.85520261421,87784.28355846023,98757.31900326777,nr2,-487467.36953969946,-636033.2537986615,-148565.88425896206,0.15746988176611104
102,w99389974,235.12884147074072,education,10047.192716967635,11163.547463297371,12558.990896209543,nr1,-67340.84337827649,-111161.62839311965,-43820.78501484316,0.17105865328907494
103,w99389975,1082.0712234761565,mfh,111466.82540481444,123852.0282275716,139333.53175601806,r2,-735929.6222896441,-553143.3116943013,182786.31059534277,0.15746988176611104
104,w99389979,163.53384786918758,ab,21228.517390207166,23587.241544674627,26535.646737758954,r1,-152256.2718568208,-162669.88207264655,-10413.610215825756,0.17106547876868802
105,w99389992,2569.363114476204,other,222880.7619206125,247645.2910229028,278600.9524007656,nr2,-1375177.8074652117,-549616.9714439763,825560.8360212354,0.15746988176611104
106,w99390006,431.6004564465955,education,13943.155864366083,15492.395404851202,17428.944830457604,nr1,-93453.35574936183,-192687.3526383962,-99233.99688903437,0.17105865328907494
107,w99390011,2554.974828636646,ab,247425.31787724234,274917.0198636026,309281.6473465529,r2,-1633558.8644334837,-1188958.3484859976,444600.51594748604,0.15746988176611104
108,w99390014,587.280543653667,trade,43622.5019390578,48469.44659895311,54528.12742382225,nr1,-292377.79682335485,-351953.19592536025,-59575.39910200541,0.17105865328907494
109,w99390021,1617.1983746248297,other,56431.07453005592,62701.19392228436,70538.8431625699,nr2,-348180.6176380061,-476118.10502111743,-127937.48738311132,0.15746988176611104
110,w99390022,5590.431437242403,education,501507.8998853299,557230.9998725888,626884.8748566624,nr2,-3094311.632138266,-1236702.7585287183,1857608.873609548,0.15746988176611104
111,w99390025,237.89438336268066,education,22880.136119028128,25422.373465586807,28600.170148785157,nr1,-153353.05157062243,-61290.57588654377,92062.47568407866,0.17105865328907494
112,w99390027,116.0190749399364,mfh,12111.38188864718,13457.090987385754,15139.227360808974,r1,-86865.88043356735,-71342.85163525445,15523.028798312895,0.17106547876868802
113,w99390046,1095.085822885856,mfh,104637.32667388588,116263.69630431764,130796.65834235735,r2,-690839.7006629464,-498380.95808601053,192458.7425769359,0.15746988176611104
114,w99390052,1678.6958267321402,education,80452.87476272321,89392.08306969245,100566.093453404,nr2,-496395.50299044006,-718494.4345087734,-222098.93151833332,0.15746988176611104
115,w99390065,2581.633286331594,education,86800.34062073754,96444.82291193059,108500.42577592192,nr2,-535559.4671942845,-718124.4575430456,-182564.9903487611,0.15746988176611104
116,w99390082,124.21957990797236,education,9140.033185312222,10155.592428124692,11425.041481640277,nr1,-61260.64867501861,-89373.72086373233,-28113.072188713726,0.17105865328907494
117,w99390107,332.09000708311794,education,26712.358260262183,29680.39806695798,33390.44782532773,nr1,-179038.34280304675,-71556.20982943206,107482.13297361469,0.17105865328907494
118,w99390110,1066.5973296171287,mfh,111016.92938734422,123352.1437637158,138771.16173418026,r2,-732959.3052917027,-581973.8621825635,150985.44310913922,0.15746988176611104
119,w99390116,694.0162199864862,ab,76366.64546448652,84851.8282938739,95458.30683060814,r2,-504190.1601494729,-419642.2622533008,84547.89789617207,0.15746988176611104
120,w99390122,307.42072394330467,other,23978.9127918091,26643.236435343442,29973.640989761374,nr1,-160717.5512785348,-246459.8735370237,-85742.32225848889,0.17105865328907494
121,w99390129,1196.3697846690193,trade,62972.859261591475,69969.84362399053,78716.07407698935,nr2,-388543.5323485489,-420274.62148717156,-31731.089138622687,0.15746988176611104
122,w99390130,964.417538562417,education,49512.76423577884,55014.18248419871,61890.95529472355,nr1,-331857.00678322656,-387321.7863713427,-55464.77958811616,0.17105865328907494
123,w99390133,9252.387912133521,education,680645.1328091653,756272.3697879614,850806.4160114565,nr2,-4199591.177509393,-1678449.558853825,2521141.6186555675,0.15746988176611104
124,w99390139,1249.1388426542283,ab,101272.3942615666,112524.88251285178,126590.49282695825,r2,-668623.642833768,-591631.8012854253,76991.84154834272,0.15746988176611104
125,w99390141,112.67489476799965,other,7161.259483685899,7956.954981873221,8951.574354607374,nr1,-47998.00967962689,-84174.91770453207,-36176.90802490518,0.17105865328907494
126,w99758761,171.36210507287177,trade,18702.739494504167,20780.821660560185,23378.424368130207,nr1,-125354.24436690123,-175652.53156323408,-50298.28719633285,0.17105865328907494
127,w99758765,309.03573338240386,trade,17633.22369336,19592.4707704,22041.529616699998,nr1,-118185.86429454423,-158524.52806004588,-40338.66376550165,0.17105865328907494
128,w99758770,601.7205038767308,mfh,67803.20632134694,75336.89591260771,84754.00790168367,r2,-447652.3650591063,-382394.7677437476,65257.5973153587,0.15746988176611104
129,w99758771,976.6668764967471,mfh,93790.2658837786,104211.40653753177,117237.83235472324,r2,-619224.9101526242,-481888.15612059215,137336.7540320321,0.15746988176611104
130,w99758774,197.5460334163159,ab,21548.287941595398,23942.54215732822,26935.359926994246,r1,-154549.7467664926,-173203.34100864592,-18653.59424215331,0.17106547876868802
131,w99758775,265.071225726977,sfh,27414.764697100116,30460.849663444573,34268.45587137514,r1,-196625.59517877453,-199814.06209117605,-3188.46691240152,0.17106547876868802
132,w99758777,337.6781565959565,ab,38785.81336494016,43095.34818326684,48482.26670617519,r1,-278181.619344007,-276761.12086153636,1420.4984824706335,0.17106547876868802
133,w99758783,333.3155570875853,th,46165.858494498185,51295.3983272202,57707.32311812273,r1,-331113.161236798,-132329.63680204737,198783.5244347506,0.17106547876868802
134,w99758786,182.17889552428386,mfh,24975.758120688377,27750.84235632042,31219.69765086047,r1,-179132.42589461023,-145835.1545812316,33297.271313378646,0.17106547876868802
135,w99758788,349.08404515869915,other,29695.324703960447,32994.80522662272,37119.15587995056,nr1,-199031.53709586663,-238756.18072925566,-39724.64363338903,0.17105865328907494
136,w99758792,60.93018751584459,sfh,7098.129910688255,7886.811011875839,8872.662388360319,r1,-50909.57495954622,-76264.35139956708,-25354.77644002086,0.17106547876868802
137,w99758793,126.39461716674268,ab,14533.912444621437,16148.79160513493,18167.390555776794,r1,-104240.87955065227,-115962.67831423768,-11721.798763585408,0.17106547876868802
138,w99758796,906.0679207786917,ab,92578.39928517047,102864.88809463385,115722.99910646307,r2,-611223.8881001868,-447805.4541229531,163418.4339772337,0.15746988176611104
139,w99758800,420.9761067721993,ab,43617.35169245246,48463.724102724955,54521.68961556557,r1,-312834.62876329466,-263118.6060133809,49716.02274991374,0.17106547876868802
140,w99758801,293.7319820257835,mfh,30453.792851169546,33837.547612410606,38067.241063961934,r1,-218422.27029749847,-185268.38927343598,33153.88102406249,0.17106547876868802
141,w99758803,512.6721141899004,mfh,56071.10035591353,62301.2226176817,70088.8754448919,r2,-370194.30271232873,-301386.3246285821,68807.97808374662,0.15746988176611104
142,w99758805,165.76912949401884,sfh,21149.48042883679,23499.42269870754,26436.850536045986,r1,-151689.3988691341,-171879.2270743278,-20189.828205193684,0.17106547876868802
143,w99758807,110.8734177275095,other,10633.353902934445,11814.837669927161,13291.692378668055,nr1,-71269.56155165785,-102236.98694287315,-30967.425391215293,0.17105865328907494
144,w99758813,43.0509613757953,other,4335.785169212401,4817.539076902668,5419.731461515501,nr0,-35632.937938936884,-48167.4965119796,-12534.55857304272,0.20974668515445452
145,w99758814,84.92593946289271,th,9884.973779293656,10983.304199215172,12356.217224117068,r1,-70897.52088537128,-72254.48213480848,-1356.9612494371977,0.17106547876868802
146,w99758818,424.19755738042295,mfh,42981.25264898336,47756.94738775929,53726.5658112292,r1,-308272.36625998054,-262693.64874118706,45578.71751879348,0.17106547876868802
147,w99758821,35.03456762442365,sfh,4362.174934958981,4846.861038843312,5452.718668698726,r0,-38391.0016300382,-63559.54560164274,-25168.543971604544,0.2099100416331936
148,w99758824,478.7830200769007,ab,54415.092655594315,60461.21406177146,68018.86581949289,r2,-359260.9589396082,-403723.163555376,-44462.20461576781,0.15746988176611104
149,w99758826,392.0728006519377,ab,50422.93344994148,56025.48161104609,63028.666812426854,r2,-332903.80553843733,-305661.0554146331,27242.750123804202,0.15746988176611104
152,w99758837,194.723237061128,mfh,27818.768765056746,30909.743072285273,34773.46095632093,r1,-199523.21407845532,-183980.62895135765,15542.585127097671,0.17106547876868802
153,w99758838,478.1149431033991,ab,49879.55482966044,55421.727588511596,62349.443537075545,r1,-357748.7264252073,-315583.99261412665,42164.73381108063,0.17106547876868802
154,w99758842,66.20839738831855,sfh,9098.77198804681,10109.746653385344,11373.464985058512,r1,-65258.68368058281,-69946.34118964233,-4687.6575090595215,0.17106547876868802
155,w99758845,141.8255072105676,th,20597.68337727332,22886.31486363702,25747.104221591646,r1,-147731.77147818898,-181048.82827658913,-33317.056798400154,0.17106547876868802
156,w99758846,563.5821329504251,other,39110.73926488373,43456.37696098192,48888.424081104655,nr1,-262137.9166737076,-314688.86064840585,-52550.94397469825,0.17105865328907494
157,w99758847,385.25146163031457,sfh,48245.97195129891,53606.635501443234,60307.46493912364,r1,-346032.2587013144,-336075.5805081678,9956.678193146596,0.17106547876868802
158,w99758850,177.17881421931088,ab,22322.486341848085,24802.762602053426,27903.107927310106,r1,-160102.4926287339,-152185.9002159447,7916.592412789178,0.17106547876868802
159,w99758852,422.9061155930161,other,27630.39919965029,30700.443555166985,34537.99899956286,nr1,-185191.46963715,-237098.8955674405,-51907.42593029048,0.17105865328907494
160,w99758858,57.38898355839774,sfh,6590.511049374096,7322.7900548601065,8238.13881171762,r1,-47268.80467270782,-70048.67618688854,-22779.87151418072,0.17106547876868802
161,w99758862,402.33381934519855,sfh,47385.93913186298,52651.04347984775,59232.42391482872,r1,-339863.88677241886,-387455.6624051943,-47591.77563277545,0.17106547876868802
162,w99758864,101.365438436158,other,10686.907379847416,11874.341533163795,13358.63422480927,nr1,-71628.50124782475,-102264.67411443927,-30636.17286661452,0.17105865328907494
163,w99758865,63.831228005420414,other,4034.3888558582253,4482.654284286917,5042.986069822781,nr0,-33155.96186433017,-52509.88561279176,-19353.923748461588,0.20974668515445452
164,w99758868,445.0926624152809,ab,49002.607042031916,54447.341157813236,61253.258802539895,r1,-351459.03608540987,-293606.3807496161,57852.655335793796,0.17106547876868802
165,w99758869,105.27734354436397,other,8736.207849217513,9706.897610241682,10920.259811521892,nr1,-58554.02808196393,-92265.19998975858,-33711.17190779465,0.17105865328907494
166,w99758874,732.9468768487684,ab,73910.07250364788,82122.30278183098,92387.59062955985,r2,-487971.30037095747,-418741.6385062178,69229.66186473967,0.15746988176611104
167,w99758876,118.68904608124866,sfh,12352.210694951837,13724.678549946484,15440.263368689795,r1,-88593.16527073596,-117406.3589158004,-28813.193645064443,0.17106547876868802
168,w99758878,556.4759241774678,other,50045.05270888446,55605.61412098273,62556.31588610557,nr2,-308778.7625349103,-368742.5788701087,-59963.81633519841,0.15746988176611104
169,w99758879,141.26093079326674,other,12063.985867794016,13404.42874199335,15079.982334742519,nr1,-80858.30596927671,-157964.26622675458,-77105.96025747787,0.17105865328907494
170,w99758882,536.390386541374,other,53874.88809445505,59860.98677161672,67343.6101180688,nr2,-332408.90711579425,-369359.00637724425,-36950.09926145,0.15746988176611104
171,w99758886,70.57262436598539,sfh,9862.178496867567,10957.97610763063,12327.723121084458,r1,-70734.02738018091,-96153.96369217543,-25419.93631199452,0.17106547876868802
172,w99758887,84.85345135740936,sfh,11592.59887534742,12880.665417052687,14490.748594184273,r1,-83145.0380376633,-112444.89902752478,-29299.86098986148,0.17106547876868802
173,w99758888,71.82869699064176,other,5611.650315189278,6235.167016876976,7014.562893986597,nr1,-37611.82607064293,-59487.099800848126,-21875.273730205197,0.17105865328907494
174,w99758891,1365.0763243824242,trade,109673.71393623555,121859.68215137284,137092.14242029443,nr2,-676688.540400449,-874716.3123833762,-198027.77198292722,0.15746988176611104
175,w99758895,154.4283221337944,other,11343.022479982455,12603.358311091617,14178.778099978068,nr1,-76026.08228772052,-30385.325352761378,45640.75693495914,0.17105865328907494
176,w99758899,158.4874060918577,th,20589.83452385864,22877.59391539849,25737.2931548233,r1,-147675.47752523393,-150709.64831572294,-3034.1707904890063,0.17106547876868802
177,w99758900,82.77785695786588,sfh,10694.216001383687,11882.462223759652,13367.770001729608,r1,-76701.60986152352,-96600.98731638365,-19899.37745486012,0.17106547876868802
178,w99758903,400.34018093422054,trade,29613.781724427085,32904.20191603009,37017.22715553385,nr1,-198484.99905603382,-256211.9153150794,-57726.91625904557,0.17105865328907494
179,w99758905,110.54209396946244,sfh,14100.026680676654,15666.696311862948,17625.033350845817,r1,-101128.94160342398,-97825.90738097724,3303.034222446746,0.17106547876868802
180,w99758908,248.9345047255978,ab,27512.151103074764,30569.05678119418,34390.18887884345,r1,-197324.07500337472,-178730.6871905458,18593.387812828907,0.17106547876868802
181,w99758913,208.22132023065353,ab,22300.78576510543,24778.65085011714,27875.982206381785,r1,-159946.85062834132,-175685.86976060783,-15739.01913226652,0.17106547876868802
182,w99758915,71.10941483918579,ab,10013.713282288307,11126.348091431451,12517.141602860384,r1,-71820.87301620393,-77055.28589361215,-5234.41287740822,0.17106547876868802
183,w99758919,819.0798590054737,ab,94696.69321739217,105218.54801932463,118370.8665217402,r2,-625209.3519166796,-507797.68976233684,117411.6621543428,0.15746988176611104
184,w99758922,83.9358181065414,th,11677.410484752485,12974.900538613872,14596.763105940605,r1,-83753.32825505499,-83474.18655686757,279.14169818742084,0.17106547876868802
185,w99758926,36.12754547015065,sfh,4556.491211661925,5062.768012957695,5695.614014577406,r0,-40101.1569096581,-42949.94092948348,-2848.784019825376,0.2099100416331936
186,w99758928,119.38002583179623,sfh,17308.899478423707,19232.110531581897,21636.124348029633,r1,-124143.78527183359,-117845.00761498464,6298.77765684895,0.17106547876868802
187,w99758931,65.79372537583113,th,8611.439252918039,9568.265836575598,10764.299066147547,r1,-61763.410598595336,-87287.8659562383,-25524.45535764296,0.17106547876868802
188,w99758935,355.7203856162727,ab,44548.24205703894,49498.046730043265,55685.30257129867,r1,-319511.2088472508,-276630.70521081664,42880.50363643415,0.17106547876868802
189,w99758936,99.44306262517348,th,12820.809152675898,14245.343502973219,16026.011440844872,r1,-91954.071398068,-129840.19533751725,-37886.123939449244,0.17106547876868802
190,w99758945,525.0721962768584,mfh,72696.76550898828,80774.18389887585,90870.95688623533,r2,-479960.76849245065,-191816.7007816875,288144.06771076313,0.15746988176611104
191,w99758951,355.6037514369003,ab,38846.362119594094,43162.62457732677,48557.95264949262,r1,-278615.89025797264,-225790.64517394925,52825.245084023394,0.17106547876868802
192,w99758953,525.4067761451006,other,30960.182478675506,34400.2027540839,38700.22809834438,nr1,-207509.18768965264,-283306.68402006046,-75797.49633040783,0.17105865328907494
193,w99758954,37.75478148937691,sfh,3643.787391156788,4048.6526568408754,4554.7342389459845,r0,-32068.555195329027,-48082.26190634719,-16013.70671101816,0.2099100416331936
194,w99758959,30.14875982720405,sfh,3902.3905445980445,4335.989493997827,4877.988180747555,r0,-34344.491908855074,-40156.89282781597,-5812.400918960899,0.2099100416331936
195,w99758962,201.50926117040217,mfh,21723.95521923704,24137.72802137449,27154.944024046297,r1,-155809.67671305084,-62269.46054535461,93540.21616769623,0.17106547876868802
196,w99758966,155.61690238779408,th,21851.717362183943,24279.685957982158,27314.646702729926,r1,-156726.01897153124,-160673.60846081938,-3947.5894892881333,0.17106547876868802
197,w99758967,90.83302856497467,ab,10128.948163735615,11254.386848595128,12661.185204669518,r1,-72647.36660096665,-97123.49554906927,-24476.128948102618,0.17106547876868802
198,w99758970,391.2386861808598,th,48443.52710272418,53826.14122524909,60554.40887840523,r1,-347449.1739898026,-301071.42139400606,46377.75259579654,0.17106547876868802
199,w99758974,163.93810575278476,sfh,20363.139486646123,22625.710540717915,25453.924358307653,r1,-146049.56363873972,-127668.0438120039,18381.51982673582,0.17106547876868802
200,w99758975,139.83927450878545,sfh,19017.06701210734,21130.074457897044,23771.333765134175,r1,-136395.19292338757,-133937.10773393663,2458.0851894509397,0.17106547876868802
201,w99758979,705.2831632008775,trade,40567.1544633245,45074.61607036056,50708.94307915562,nr1,-271899.4720190441,-310181.4632818484,-38281.99126280431,0.17105865328907494
202,w99758981,319.7999828794971,other,27092.453379920906,30102.725977689894,33865.56672490113,nr1,-181585.91272061778,-72574.39646321582,109011.51625740196,0.17105865328907494
203,w99758984,336.42351993245535,ab,41356.19257743753,45951.325086041696,51695.24072179691,r1,-296617.02625252976,-256131.2767900092,40485.74946252056,0.17106547876868802
204,w99758985,1446.6540044941007,ab,159203.44292933436,176892.71436592707,199004.30366166795,r2,-1051097.7521490937,-766379.8447102325,284717.9074388612,0.15746988176611104
205,w99758989,963.3213891830295,education,66773.88157928629,74193.20175476254,83467.35197410785,nr2,-411995.89984734496,-582095.4972696943,-170099.59742234938,0.15746988176611104
206,w99758991,346.04414169639347,ab,38927.20383955835,43252.44871062039,48659.00479944794,r1,-279195.7074287153,-284140.32930516853,-4944.621876453224,0.17106547876868802
207,w99758995,38.315451947040856,sfh,4605.429916486004,5117.144351651115,5756.787395607505,r0,-40531.86084168434,-49337.00362562392,-8805.142783939576,0.2099100416331936
208,w99758997,604.6954287230968,other,49421.63020499519,54912.92244999466,61777.03775624399,nr1,-331246.18516704824,-434780.71548322577,-103534.53031617752,0.17105865328907494
209,w99759000,505.76658869385716,other,34496.09632156219,38328.995912846876,43120.120401952736,nr1,-231208.4862898268,-92407.03806949373,138801.44822033308,0.17105865328907494
210,w99759001,277.86601877255595,other,21620.245901575137,24022.495446194596,27025.30737696892,nr1,-144908.69579908004,-189439.9838327617,-44531.28803368166,0.17105865328907494
211,w99759005,200.24946516156197,th,21517.100210125434,23907.889122361594,26896.37526265679,r1,-154326.06050362252,-146602.8947809797,7723.1657226428215,0.17106547876868802
212,w99759006,478.86383471041916,sfh,50992.01233528256,56657.79148364729,63740.0154191032,r2,-336660.9952459679,-283148.28717484,53512.70807112788,0.15746988176611104
213,w99759010,347.4218390390277,ab,42845.86231337848,47606.513681531644,53557.32789172309,r1,-307301.3126830524,-265654.48153620237,41646.83114685002,0.17106547876868802
214,w99759011,1184.1155465334652,health,81096.3879180279,90107.09768669767,101370.48489753487,nr2,-500365.98928257753,-585992.1794455698,-85626.19016299222,0.15746988176611104
215,w99759013,1127.2734199425206,other,48346.56544700629,53718.406052229206,60433.20680875786,nr1,-324040.61346869974,-389284.21418132354,-65243.6007126238,0.17105865328907494
216,w99759015,262.8249901607633,mfh,34217.03964154063,38018.932935045144,42771.29955192578,r1,-245413.2238269883,-98079.58902672514,147333.63480026316,0.17106547876868802
217,w99759016,162.4421672269469,other,8362.91554321064,9292.128381345156,10453.644429013299,nr1,-56052.0537075029,-114810.70286051062,-58758.64915300772,0.17105865328907494
218,w99759020,78.66829424034803,other,5363.4306045502435,5959.367338389159,6704.288255687804,nr1,-35948.14496802851,-65959.52131510692,-30011.37634707841,0.17105865328907494
219,w99759023,45.55874986834824,th,6763.263251708072,7514.736946342302,8454.079064635089,r1,-48507.826965171815,-48334.8435869343,172.98337823751353,0.17106547876868802
220,w99759028,314.5253525768406,trade,33061.024403090545,36734.47155898949,41326.28050386318,nr1,-221589.98328896778,-274793.80483199307,-53203.82154302529,0.17105865328907494
221,w99759036,422.98085668310523,mfh,42631.70476229463,47368.56084699403,53289.63095286828,r1,-305765.32080389006,-243543.8178313039,62221.50297258617,0.17106547876868802
222,w99759038,116.55152825303375,ab,12476.366237759883,13862.629153066537,15595.457797199853,r1,-89483.64008491368,-110176.74034311326,-20693.10025819957,0.17106547876868802
224,w99759044,415.2007402397692,trade,30727.523085082063,34141.69231675785,38409.403856352576,nr1,-205949.79889063,-266860.1306790028,-60910.3317883728,0.17105865328907494
225,w99759045,941.2816024620085,trade,46874.11717738663,52082.35241931848,58592.646471733286,nr1,-314171.5972071107,-377599.773027534,-63428.17582042329,0.17105865328907494
226,w99759047,442.628270605579,mfh,44840.233894655554,49822.482105172836,56050.29236831944,r1,-321605.44782734266,-244962.7737572625,76642.67407008016,0.17106547876868802
227,w99759050,246.0824731603265,trade,22511.684368925235,25012.98263213915,28139.60546115654,nr1,-150883.52079769038,-207498.50517875754,-56614.98438106716,0.17105865328907494
228,w99759051,91.54405212756247,th,11301.573718027325,12557.30413114147,14126.967147534155,r1,-81057.73233205886,-85528.21951693123,-4470.487184872371,0.17106547876868802
229,w99759055,270.5142616614699,other,18027.259599334837,20030.288443705373,22534.074499168546,nr1,-120826.87168607728,-152244.36194625124,-31417.49026017396,0.17105865328907494
230,w99759057,194.30349186724052,th,26936.28423283178,29929.20470314642,33670.35529103972,r1,-193193.8128123138,-170959.68241497016,22234.13039734363,0.17106547876868802
231,w99759061,534.3112589053809,trade,25116.553078843055,27907.281198714503,31395.691348553817,nr1,-168342.53255918578,-229208.0089754723,-60865.47641628652,0.17105865328907494
232,w99759062,137.67195288166403,th,17570.109600664895,19522.344000738773,21962.637000831117,r1,-126017.2500387162,-135398.87522873568,-9381.625190019477,0.17106547876868802
233,w99759063,182.5971095246263,sfh,23409.161696221272,26010.17966246808,29261.45212027659,r1,-167896.40188458588,-196310.3763724585,-28413.97448787262,0.17106547876868802
234,w99759067,347.13443305995315,other,14604.042087206286,16226.713430229207,18255.052609007857,nr1,-97882.91501799056,-135801.01555650262,-37918.100538512066,0.17105865328907494
235,w99759073,34.86947953915223,sfh,3369.323871661266,3743.69319073474,4211.654839576582,r0,-29653.033218001976,-51961.31584873177,-22308.282630729795,0.2099100416331936
236,w99759074,1179.944325777702,mfh,115106.04981104136,127895.61090115707,143882.5622638017,r2,-759956.6189586113,-583988.0390401861,175968.57991842518,0.15746988176611104
237,w99759077,212.39228247441352,sfh,25996.152531155218,28884.613923505796,32495.19066394402,r1,-186450.95153186875,-170506.60770990877,15944.343821959978,0.17106547876868802
239,w99759083,341.51128259450195,trade,15755.53024255659,17506.144713951766,19694.412803195737,nr1,-105600.71099401802,-145026.48446611472,-39425.7734720967,0.17105865328907494
240,w99759085,319.12387123871594,other,16124.762320599133,17916.40257844348,20155.952900748915,nr1,-108075.47187878813,-163690.74332401238,-55615.27144522425,0.17105865328907494
241,w99759087,592.8829183824361,other,51137.99563470979,56819.99514967755,63922.494543387234,nr2,-315522.23758169985,-368639.7588466215,-53117.52126492164,0.15746988176611104
242,w99759088,334.1662621571682,ab,38269.47653436571,42521.64059373968,47836.84566795714,r1,-274478.32158653386,-235944.79498061832,38533.52660591554,0.17106547876868802
243,w99759091,80.87078364617192,sfh,11524.131641001168,12804.590712223518,14405.164551251459,r1,-82653.97379354814,-33032.7260066962,49621.24778685194,0.17106547876868802
244,w99759093,176.2003906674683,sfh,24764.95217261122,27516.61352512358,30956.190215764025,r1,-177620.472556113,-181331.63326100085,-3711.1607048878504,0.17106547876868802
245,w99759094,339.69808716569094,other,37582.71276836215,41758.56974262461,46978.390960452685,nr1,-251896.38992302213,-294439.0973964384,-42542.70747341629,0.17105865328907494
246,w99759096,246.47077107857913,mfh,23598.463882924807,26220.515425472007,29498.079853656007,r1,-169254.12483207346,-144289.01881231795,24965.106019755505,0.17106547876868802
247,w99759099,50.23060751573648,th,7134.781015914094,7927.53446212677,8918.476269892617,r1,-51172.445914617834,-78352.65787231656,-27180.211957698724,0.17106547876868802
248,w99759102,1460.464218017459,other,128159.99370613102,142399.99300681223,160199.99213266376,nr2,-790749.1774114096,-823260.8513491285,-32511.673937718966,0.15746988176611104
249,w99759105,189.26809048298745,mfh,22334.256335775855,24815.840373084284,27917.820419719817,r1,-160186.90998875385,-139706.81786287797,20480.092125875875,0.17106547876868802
250,w99759110,35.61810292806477,th,4375.3120568172735,4861.457840908081,5469.140071021591,r0,-38506.619933796224,-63213.056659789705,-24706.43672599348,0.2099100416331936
251,w99759111,238.72463138289748,th,34535.9950545772,38373.327838419114,43169.9938182215,r1,-247700.85235915805,-98993.84157914342,148707.01078001462,0.17106547876868802
252,w99759113,635.4707306571305,th,86670.32318175596,96300.35909083995,108337.90397719495,r2,-572217.4106172773,-528380.5387734846,43836.871843792615,0.15746988176611104
253,w99759120,160.90588292758912,th,23237.39167444857,25819.324082720632,29046.73959306071,r1,-166664.42403841086,-66607.56890014645,100056.85513826441,0.17106547876868802
254,w99759121,33.129497365746644,ab,3818.7156608234063,4243.017400914896,4773.394576029257,r0,-33608.07884718689,-50440.08337498798,-16832.004527801095,0.2099100416331936
255,w99759126,310.54387535755524,ab,34300.81502744586,38112.016697162064,42876.01878430732,r1,-246014.08198852808,-213072.15588024416,32941.92610828392,0.17106547876868802
256,w99759127,85.13879598667843,other,8496.79167350324,9440.879637225822,10620.989591879048,nr1,-56949.352264033885,-79455.223025202,-22505.87076116811,0.17105865328907494
257,w99759131,184.6887545518577,ab,20787.501022478882,23097.223358309868,25984.3762780986,r1,-149093.1914238405,-166370.88244268252,-17277.691018842015,0.17106547876868802
258,w99759132,153.35469039995223,ab,17695.00512599379,19661.116806659767,22118.756407492237,r1,-126913.03219385387,-124388.74536124003,2524.2868326138414,0.17106547876868802
259,w99759137,162.2998407471925,mfh,21055.671207008436,23395.19023000937,26319.589008760544,r1,-151016.5755099313,-214582.028638028,-63565.45312809668,0.17106547876868802
260,w99759138,557.9003615580499,mfh,56330.74901759959,62589.721130666214,70413.43627199948,r2,-371908.5629043516,-302578.3172462433,69330.24565810832,0.15746988176611104
261,w99759140,160.4533356629312,ab,17634.05521702537,19593.394685583742,22042.56902128171,r1,-126475.8841001379,-139188.6650933277,-12712.780993189794,0.17106547876868802
262,w99759142,128.98004897348582,sfh,17650.096411774208,19611.218235304674,22062.620514717757,r1,-126590.93558789344,-111275.7172379934,15315.218349900038,0.17106547876868802
263,w99759148,518.2482564277947,ab,59352.94618142581,65947.71797936202,74191.18272678225,r2,-391861.8037828112,-324606.7501369654,67255.0536458458,0.15746988176611104
264,w99759152,155.39786574579776,ab,16837.00273483737,18707.780816485967,21046.253418546712,r1,-120759.22300782104,-122136.8365723107,-1377.6135644896567,0.17106547876868802
265,w99759159,71.9146042395383,sfh,9767.034283888204,10852.260315431338,12208.792854860254,r1,-70051.62912830529,-99377.53929884228,-29325.910170536998,0.17106547876868802
266,w99759161,242.4930030848831,mfh,32388.127737790874,35986.808597545416,40485.15967223859,r1,-232295.80715106183,-206022.37650449955,26273.43064656228,0.17106547876868802
267,w99759162,714.1891373082996,mfh,77904.36715681193,86560.40795201325,97380.45894601491,r2,-514342.5524878193,-411798.31387511856,102544.23861270072,0.15746988176611104
268,w99759164,595.7694656141102,mfh,71961.73720566227,79957.48578406918,89952.17150707783,r2,-475107.9425536621,-189877.2650566177,285230.67749704444,0.15746988176611104
269,w99759165,160.50856082765387,mfh,22755.65774251579,25284.064158350877,28444.572178144736,r1,-163209.3069826692,-150841.314534035,12367.992448634206,0.17106547876868802
270,w99759170,93.69908212199807,sfh,11619.451405943726,12910.501562159696,14524.314257429656,r1,-83337.63114830611,-111966.72440301982,-28629.093254713705,0.17106547876868802
271,w99759172,204.59550149962305,other,17169.669362300792,19077.410402556434,21462.08670287599,nr1,-115078.91288189116,-155185.37299064742,-40106.46010875626,0.17105865328907494
272,w99759176,41.50382452430203,sfh,4163.668093659857,4626.297881844285,5204.585117074821,r0,-36643.96567171066,-39579.000345421875,-2935.0346737112122,0.2099100416331936
273,w99759177,360.73507672324774,ab,44758.280247853094,49731.42249761455,55947.850309816364,r1,-321017.65563734405,-271389.4916541303,49628.16398321377,0.17106547876868802
274,w99759180,347.1465133147314,education,19069.298725020304,21188.109694467003,23836.62340627538,nr1,-127811.09061504393,-158763.16720637432,-30952.07659133039,0.17105865328907494
275,w99759183,128.67689446713774,sfh,18376.72489710795,20418.583219008833,22970.906121384935,r1,-131802.498042694,-149752.32882561558,-17949.830782921577,0.17106547876868802
276,w99759189,171.2441471248865,ab,18363.415474169808,20403.794971299787,22954.269342712258,r1,-131707.03951019837,-148694.06783606758,-16987.028325869207,0.17106547876868802
277,w99759190,369.99921465907244,other,20710.457907946584,23011.619897718425,25888.072384933228,nr1,-138810.88395130774,-180126.17552519016,-41315.29157388242,0.17105865328907494
278,w99759195,184.4751641433686,sfh,22818.050116989565,25353.389018877293,28522.562646236955,r1,-163656.80080218834,-146217.0501855153,17439.75061667303,0.17106547876868802
279,w155463247,886.8482149265707,mfh,90574.02742084471,100637.808245383,113217.53427605589,r2,-597990.5639816949,-450240.26996732457,147750.2940143703,0.15746988176611104
280,w155463249,403.549402025342,trade,23648.752708879776,26276.391898755304,29560.940886099717,nr1,-158504.66862955815,-221137.33145453478,-62632.662824976636,0.17105865328907494
281,w155463253,721.7602650925515,mfh,85711.09171490726,95234.54634989696,107138.86464363408,r2,-565884.3438189487,-226156.1256273141,339728.21819163463,0.15746988176611104
282,w155463254,852.2730644002556,mfh,87014.59305688317,96682.88117431464,108768.24132110395,r2,-574490.3595260485,-229595.52661209938,344894.83291394915,0.15746988176611104
283,w155463255,713.9319995328784,mfh,71073.4939418158,78970.54882423978,88841.86742726975,r2,-469243.556201132,-187533.55841204186,281709.99778909015,0.15746988176611104
284,w155463260,725.1058137452229,mfh,66389.32398774149,73765.91554193498,82986.65498467686,r2,-438317.5886540781,-308082.86735302396,130234.72130105412,0.15746988176611104
285,w155463261,1003.1358517257496,mfh,96812.24176736335,107569.15751929261,121015.30220920418,r2,-639176.6900880281,-476735.4793269828,162441.21076104528,0.15746988176611104
286,w155463268,907.8277638942003,mfh,88048.47049851796,97831.63388724218,110060.58812314743,r2,-581316.2562208979,-423230.1982612077,158086.05795969017,0.15746988176611104
287,w155463269,646.430608794326,mfh,65800.13973759115,73111.26637510127,82250.17467198893,r2,-434427.6587031941,-353610.38802022045,80817.27068297367,0.15746988176611104
288,w155463275,531.2511221051216,mfh,56742.54191479465,63047.26879421628,70928.17739349332,r2,-374627.3143372889,-267896.3909379675,106730.92339932139,0.15746988176611104
289,w155463277,722.3371928531676,mfh,75825.75026506544,84250.83362785049,94782.18783133179,r2,-500619.0456195435,-388516.86866210203,112102.1769574415,0.15746988176611104
290,w155463281,852.691491766274,mfh,81167.2147222987,90185.79413588744,101459.01840287336,r2,-535884.6226754005,-417524.27421804913,118360.34845735133,0.15746988176611104
291,w155463286,75.58565192222595,sfh,11379.481362010443,12643.868180011603,14224.351702513053,r1,-81616.50557109299,-97148.6559650971,-15532.150394004115,0.17106547876868802
292,w155463289,870.3151384696364,mfh,92029.85106537899,102255.39007264332,115037.31383172373,r2,-607602.2465693303,-452632.2320495701,154970.0145197602,0.15746988176611104
293,w155463294,520.8021583877504,mfh,73954.39748668816,82171.55276298684,92442.9968583602,r2,-488263.94410516607,-195135.0714832027,293128.8726219634,0.15746988176611104
294,w155463296,531.2875348292291,mfh,59600.264491446156,66222.51610160685,74500.33061430769,r2,-393494.6561567582,-331228.766071207,62265.89008555119,0.15746988176611104
295,w155463300,903.6974393147975,mfh,82377.16016846654,91530.17796496282,102971.45021058316,r2,-543872.9608374999,-416877.59812526515,126995.36271223478,0.15746988176611104
296,w155463302,619.062746527791,mfh,73694.19011571503,81882.43346190559,92117.73764464378,r2,-486545.9951859088,-370259.3463061605,116286.6488797483,0.15746988176611104
297,w155463304,1087.9011799693108,mfh,132782.97083749846,147536.6342638872,165978.71354687307,r2,-876663.7178375804,-350359.3482833959,526304.3695541844,0.15746988176611104
298,w155463308,740.3594694465398,mfh,74398.41232336155,82664.90258151284,92998.01540420194,r2,-491195.4321946254,-380138.53664574394,111056.89554888144,0.15746988176611104
299,w155463310,722.3160033598542,mfh,78437.63363840502,87152.92626489447,98047.04204800627,r2,-517863.30046779703,-206964.47766690963,310898.8228008874,0.15746988176611104
300,w155463313,774.0583199881017,mfh,75098.58684319264,83442.87427021404,93873.2335539908,r2,-495818.1454372854,-371497.552358336,124320.59307894943,0.15746988176611104
301,w155463314,1101.9502923069522,mfh,104359.84119134728,115955.37910149698,130449.8014891841,r2,-689007.677676611,-507630.0057763991,181377.6719002119,0.15746988176611104
302,w155463317,740.3064833164215,mfh,74649.75970721088,82944.17745245653,93312.1996340136,r2,-492854.88544080814,-373511.1756592033,119343.70978160482,0.15746988176611104
303,w155463319,828.4481069911271,mfh,78474.43739685023,87193.8193298336,98093.04674606278,r2,-518106.28734710446,-366748.54536361323,151357.74198349123,0.15746988176611104
304,w155463321,781.2118542082608,mfh,75955.85291213829,84395.3921245981,94944.81614017286,r2,-501478.0132233259,-371353.6045810539,130124.408642272,0.15746988176611104
305,w155463324,722.1055689860135,mfh,76230.77521241456,84700.86134712728,95288.4690155182,r2,-503293.1134907511,-383181.7025916043,120111.41089914675,0.15746988176611104
306,w155463327,780.4636536210775,mfh,78934.78481367027,87705.31645963363,98668.48101708783,r2,-521145.6068877123,-412497.0168520602,108648.5900356521,0.15746988176611104
307,w155463330,867.026127423346,mfh,92798.36038612344,103109.28931791494,115997.9504826543,r2,-612676.1218868301,-244856.49674489864,367819.62514193146,0.15746988176611104
308,w155463331,701.7002469789237,mfh,75620.8436945795,84023.15966064388,94526.05461822437,r2,-499266.2053060713,-394938.17892622034,104328.02637985098,0.15746988176611104
309,w155463336,356.26551316827533,mfh,37646.38639526564,41829.31821696182,47057.98299408205,r1,-270009.36222087004,-189065.94298696946,80943.41923390058,0.17106547876868802
310,w155463337,437.0872274041176,trade,16347.364508861188,18163.7383431791,20434.205636076484,nr1,-109567.4527253485,-141521.95580317295,-31954.503077824455,0.17105865328907494
311,w155463339,868.4495440013707,mfh,96284.55889755068,106982.84321950076,120355.69862193835,r2,-635692.8063974356,-254055.1329159856,381637.67348145,0.15746988176611104
312,w155463342,722.9579402044416,mfh,72192.16091602764,80213.5121289196,90240.20114503455,r2,-476629.2528943838,-381087.30441403505,95541.94848034874,0.15746988176611104
313,w155463343,844.8904670208692,mfh,87271.28425516972,96968.09361685524,109089.10531896215,r2,-576185.0938643957,-454260.3608779425,121924.73298645322,0.15746988176611104
314,w155463347,1083.6851687338203,mfh,101563.78341079073,112848.64823421191,126954.7292634884,r2,-670547.4610258536,-460647.66513009527,209899.79589575838,0.15746988176611104
315,w155463348,740.608741542697,mfh,73742.38733091138,81935.98592323487,92177.98416363922,r2,-486864.20428755,-359821.69355044694,127042.51073710306,0.15746988176611104
316,w155463352,356.4181080274284,mfh,38492.77211566138,42769.74679517931,48115.965144576716,r1,-276079.85371924244,-110335.53192076982,165744.3217984726,0.17106547876868802
317,w155463353,722.1394314199686,mfh,96023.96050529758,106693.28945033065,120029.95063162198,r2,-633972.2758657405,-253367.5215280371,380604.7543377034,0.15746988176611104
318,w155463354,696.3946817303076,mfh,75225.69127239037,83584.10141376707,94032.11409048796,r2,-496657.3181169695,-413874.50385776325,82782.81425920624,0.15746988176611104
319,w155463358,865.4375973489136,mfh,87470.73329689098,97189.70366321219,109338.41662111372,r2,-577501.9023175556,-428173.4147557737,149328.48756178195,0.15746988176611104
320,w155463359,1101.9756921548396,mfh,103923.56216152417,115470.62462391573,129904.4527019052,r2,-686127.2631634624,-503145.37206689065,182981.89109657175,0.15746988176611104
321,w155463364,740.593882034719,mfh,74624.72489312779,82916.3609923642,93280.90611640972,r2,-492689.5998394165,-374450.65982122684,118238.94001818966,0.15746988176611104
322,w155463365,603.6562003400177,mfh,57345.292217422895,63716.9913526921,71681.61527177862,r2,-378606.810487262,-276123.38657384476,102483.42391341721,0.15746988176611104
323,w155463369,722.4004129424691,mfh,76517.50006263371,85019.44451403746,95646.87507829214,r2,-505186.1369078666,-386000.5458003204,119185.59110754618,0.15746988176611104
324,w155463370,696.1379145577084,mfh,67777.64861111336,75308.49845679261,84722.06076389168,r2,-447483.62717704603,-322476.18336364353,125007.4438134025,0.15746988176611104
325,w155463373,865.3327697202564,mfh,87284.13642326384,96982.3738036265,109105.1705290798,r2,-576269.9468345665,-427629.9539789297,148639.9928556368,0.15746988176611104
326,w155463376,746.0008564919234,mfh,78349.89022816702,87055.43358685223,97937.36278520877,r2,-517283.99828958965,-418267.2536449172,99016.74464467244,0.15746988176611104
327,w155463378,701.7079005709849,mfh,75289.53058162499,83655.03397958331,94111.91322703123,r2,-497078.7999216377,-382737.876086575,114340.92383506271,0.15746988176611104
328,w155463380,903.4881653226912,mfh,80794.44802773364,89771.60891970404,100993.06003466704,r2,-533423.5312095124,-401153.1519554846,132270.3792540278,0.15746988176611104
329,w155463382,654.6620004437864,mfh,67195.36451178146,74661.51612420162,83994.20563972682,r2,-443639.2536091228,-332518.56486041483,111120.688748708,0.15746988176611104
330,w155463388,654.8312545590103,mfh,81045.45395849762,90050.50439833068,101306.81744812202,r2,-535080.7301038805,-213845.43704012627,321235.2930637542,0.15746988176611104
331,w155463390,658.415929133445,mfh,67307.170216775,74785.74468530556,84133.96277096875,r2,-444377.4205924105,-326488.3474487334,117889.07314367709,0.15746988176611104
332,w155463392,746.3197361536323,mfh,74500.89326832342,82778.77029813713,93126.11658540426,r2,-491872.034967188,-377634.8452375176,114237.18972967041,0.15746988176611104
333,w155463395,740.6091377854347,mfh,81203.21252281987,90225.79169202207,101504.01565352484,r2,-536122.2884350971,-214261.69665107972,321860.5917840174,0.15746988176611104
334,w155463397,721.9107812985777,mfh,69115.7372055503,76795.26356172255,86394.67150693786,r2,-456317.9958810777,-335050.2077833119,121267.78809776582,0.15746988176611104
335,w155463400,957.7393607803388,mfh,132263.3739372203,146959.30437468924,165329.2174215254,r2,-873233.2195778886,-348988.34694035235,524244.87263753626,0.15746988176611104
336,w155463402,519.368776667118,mfh,57328.60677905928,63698.45197673253,71660.7584738241,r2,-378496.64938499604,-311211.3444371173,67285.30494787876,0.15746988176611104
337,w155463405,658.592996231094,mfh,66453.3492473543,73837.05471928256,83066.68655919287,r2,-438740.2981459178,-323308.3020270772,115431.99611884065,0.15746988176611104
338,w155463406,932.8967588515952,mfh,87329.94975847227,97033.27750941363,109162.43719809034,r2,-576572.4170121582,-451801.7099957632,124770.707016395,0.15746988176611104
339,w155463408,740.3845857441426,mfh,81123.65596148898,90137.39551276554,101404.56995186122,r2,-535597.037716614,-214051.77978595952,321545.25793065445,0.15746988176611104
340,w155463411,886.3585438661277,mfh,86630.34371086476,96255.9374565164,108287.92963858094,r2,-571953.4569538852,-422421.5341359608,149531.92281792435,0.15746988176611104
341,w155463413,436.59599217027426,trade,16616.663351011164,18462.959278901293,20770.829188763953,nr1,-111372.4157296459,-144270.37362239097,-32897.957892745064,0.17105865328907494
342,w155463416,722.4005093876273,mfh,71360.79474582999,79289.7719398111,89200.99343228748,r2,-471140.38219769025,-376669.4175863647,94470.96461132553,0.15746988176611104
343,w155463417,828.3400002270937,mfh,74807.01169807202,83118.90188674668,93508.76462259002,r2,-493893.09925750614,-367430.19780930923,126462.9014481969,0.15746988176611104
344,w155463421,509.4774500131606,mfh,62634.51134401355,69593.90149334838,78293.13918001692,r2,-413527.4518521043,-165266.57323696747,248260.8786151368,0.15746988176611104
345,w155463422,674.0859733853489,mfh,66828.4486191273,74253.83179903033,83535.56077390912,r2,-441216.79048332374,-329215.4696538572,112001.32082946657,0.15746988176611104
346,w155463424,701.7858467099256,mfh,75354.80212003247,83727.55791114719,94193.50265004058,r2,-497509.7376327642,-391375.23153155355,106134.50610121066,0.15746988176611104
347,w155463427,540.3469697440042,mfh,55711.525451732596,61901.69494636955,69639.40681466574,r2,-367820.30648109416,-291404.5379728889,76415.76850820525,0.15746988176611104
348,w155463430,521.3457492198795,mfh,65819.9805171453,73133.31168571701,82274.97564643163,r2,-434558.6520938302,-173671.70904945914,260886.9430443711,0.15746988176611104
349,w155463434,634.5610695700626,mfh,64418.57211226843,71576.19123585381,80523.21514033554,r2,-425306.2314356743,-315924.0205325882,109382.21090308612,0.15746988176611104
350,w155463435,740.6094772338867,mfh,73569.89609015193,81744.3289890577,91962.37011268991,r2,-485725.3774375041,-366288.8842706345,119436.49316686962,0.15746988176611104
351,w155463436,830.3215000247583,mfh,74986.73881598086,83318.59868442318,93733.42351997607,r2,-495079.6990329776,-350282.64317363367,144797.0558593439,0.15746988176611104
352,w155463437,634.6341266736388,mfh,64166.464939277284,71296.07215475253,80208.0811740966,r2,-423641.76188680093,-318220.38258608175,105421.37930071919,0.15746988176611104
353,w155463439,740.3900625675916,mfh,77902.86750022264,86558.74166691404,97378.5843752783,r2,-514332.6514100473,-411886.3109842646,102446.34042578272,0.15746988176611104
354,w155463441,304.4361848443746,mfh,36817.49098632539,40908.32331813932,46021.863732906735,r1,-264064.31564014667,-105533.5126230506,158530.80301709607,0.17106547876868802
355,w155463442,681.7836883433163,mfh,68711.68346108304,76346.31495675893,85889.6043263538,r2,-453650.34011470416,-352784.43137482915,100865.90873987501,0.15746988176611104
356,w155463445,701.5969566701912,mfh,73907.62346345419,82119.58162606022,92384.52932931774,r2,-487955.13124424056,-380280.45725251007,107674.6739917305,0.15746988176611104
357,w155463446,527.3302180506289,mfh,52013.41474555332,57792.683050614796,65016.768431941644,r2,-343404.52891409217,-264885.04342201754,78519.48549207463,0.15746988176611104
358,w155463447,540.1562461696565,mfh,59085.19228162839,65650.21364625376,73856.49035203549,r2,-390094.0309443108,-322475.0426459336,67618.98829837725,0.15746988176611104
359,w155463448,488.2503870327026,mfh,51268.34796637681,56964.83107375201,64085.43495797101,r2,-338485.42664856504,-275664.8671214025,62820.55952716252,0.15746988176611104
360,w155463452,416.2699146196246,mfh,40700.76121869014,45223.06802076682,50875.95152336267,r1,-291916.10751635063,-116664.50327741631,175251.60423893432,0.17106547876868802
361,w155463453,826.68092449978,mfh,83117.14823153104,92352.38692392338,103896.4352894138,r2,-548758.532250987,-409308.5669989514,139449.9652520356,0.15746988176611104
362,w155463454,830.106713430956,mfh,73765.5043705863,81961.67152287367,92206.88046323288,r2,-487016.82830114895,-353050.560446875,133966.26785427396,0.15746988176611104
363,w155463458,653.3753796381876,mfh,58960.56636749198,65511.74040832442,73700.70795936497,r2,-389271.2219912001,-281766.4447502032,107504.77724099689,0.15746988176611104
364,w155463459,716.456727950275,mfh,75283.97896378927,83648.8655153214,94104.97370473658,r2,-497042.14686363505,-386029.1343702443,111013.01249339076,0.15746988176611104
365,w155463463,389.00259175430983,mfh,37000.96483362116,41112.18314846796,46251.206042026446,r1,-265380.23626988265,-106059.4213436307,159320.81492625194,0.17106547876868802
366,w155463464,681.5525098629297,mfh,69179.35495120153,76865.94994577947,86474.19368900191,r2,-456738.0148720018,-348947.9617492224,107790.05312277935,0.15746988176611104
367,w155463468,854.9059582386632,mfh,81699.0096870192,90776.67743002134,102123.762108774,r2,-539395.655362489,-392724.74689398333,146670.90846850572,0.15746988176611104
368,w155463469,716.6904537379742,mfh,100679.18201464991,111865.75779405545,125848.97751831239,r2,-664707.1191216634,-265650.7259468293,399056.3931748341,0.15746988176611104
369,w155463470,608.2978411447257,mfh,64367.74654988399,71519.71838875998,80459.68318735498,r2,-424970.66938129254,-169839.864174205,255130.80520708754,0.15746988176611104
370,w155463473,376.1376306014136,mfh,43550.29606288637,48389.217847651526,54437.870078607964,r1,-312353.68890409125,-124832.39884535437,187521.29005873686,0.17106547876868802
371,w155463474,720.4433401308954,mfh,67276.75041664802,74751.94490738669,84095.93802081002,r2,-444176.5820744363,-354361.4003276087,89815.18174682761,0.15746988176611104
372,w155463478,851.8925360153429,mfh,87684.85616685112,97427.61796316791,109606.0702085639,r2,-578915.5907602027,-231364.0737752305,347551.51698497223,0.15746988176611104
373,w155463479,376.5337288361043,mfh,37121.41584101446,41246.017601127176,46401.76980126807,r1,-266244.1412232997,-203829.78249581897,62414.35872748075,0.17106547876868802
374,w155463480,664.0854127705097,mfh,73172.86575571459,81303.18417301621,91466.08219464324,r2,-483104.0918397591,-193072.932443839,290031.1593959201,0.15746988176611104
375,w155463484,531.1159037780716,mfh,68085.21955592721,75650.24395103024,85106.52444490901,r2,-449514.28130595025,-179648.7380941324,269865.54321181786,0.15746988176611104
376,w155463485,716.6882258921862,mfh,74226.11389675422,82473.45988528247,92782.64237094278,r2,-490057.87834796525,-365952.59004958184,124105.28829838341,0.15746988176611104
377,w155463490,790.5601109853014,mfh,73479.01625668757,81643.35139631951,91848.77032085945,r2,-485125.3678716778,-367915.39339722216,117209.97447445564,0.15746988176611104
378,w155463491,681.5525530032813,mfh,68426.0537270324,76028.94858559156,85532.5671587905,r2,-451764.5469064453,-340517.52001432807,111247.02689211722,0.15746988176611104
379,w155463494,531.001435648324,mfh,56124.10929184654,62360.12143538504,70155.13661480817,r2,-370544.27990112436,-274546.5955357707,95997.68436535366,0.15746988176611104
380,w155463495,716.4590312853455,mfh,79038.97749810597,87821.08610900663,98798.72187263246,r2,-521833.51095803676,-427868.821764436,93964.68919360073,0.15746988176611104
381,w155463496,611.941689690575,mfh,60485.334200613484,67205.92688957053,75606.66775076685,r2,-399338.0899712766,-308174.1335598776,91163.956411399,0.15746988176611104
382,w155463500,1108.025532820262,mfh,100906.99247980208,112118.88053311342,126133.7405997526,r2,-666211.1762163567,-495263.3964270265,170947.7797893302,0.15746988176611104
383,w155463502,540.1563036605716,mfh,59609.47184418452,66232.74649353835,74511.83980523064,r2,-393555.44521752506,-316278.55746321,77276.88775431504,0.15746988176611104
384,w155463507,1267.198863344267,mfh,124829.28501538603,138699.20557265115,156036.60626923252,r2,-824151.6544355765,-628678.7077695314,195472.9466660451,0.15746988176611104
385,w155463508,530.6506136165466,mfh,59404.70237854505,66005.22486505006,74255.87797318131,r2,-392203.51010178804,-312688.50148445845,79515.00861732959,0.15746988176611104
386,w155463511,1747.3368958860635,mfh,164794.07162005454,183104.52402228283,205992.58952506818,r2,-1088008.3687902458,-785763.628228346,302244.74056189985,0.15746988176611104
387,w155463513,612.2091895099729,mfh,81863.33408033723,90959.26008926358,102329.16760042153,r2,-540480.5628070881,-216003.4844512838,324477.0783558043,0.15746988176611104
388,w155463514,830.106801855378,mfh,74653.97590525495,82948.86211694994,93317.46988156869,r2,-492882.72175015684,-357183.3434016268,135699.37834853004,0.15746988176611104
389,w155463518,691.345141955465,mfh,72173.4858662746,80192.76207363844,90216.85733284324,r2,-476505.95592005015,-354253.2914577023,122252.66446234786,0.15746988176611104
390,w155463519,507.32179623667616,mfh,55562.18913504426,61735.76570560473,69452.73641880532,r2,-366834.35376614565,-282948.6237961874,83885.72996995825,0.15746988176611104
391,w155463522,1139.1653657640795,mfh,129564.6746402093,143960.74960023255,161955.84330026162,r2,-855415.786031092,-341867.5955296103,513548.19050148176,0.15746988176611104
392,w155463523,446.09937440417707,mfh,52022.345619720814,57802.60624413424,65027.93202465102,r2,-343463.4925997352,-137265.45650047858,206198.03609925663,0.15746988176611104
393,w155463528,681.6119319483638,mfh,68495.57242516302,76106.19158351446,85619.46553145377,r2,-452223.52534304763,-341529.4419113908,110694.08343165682,0.15746988176611104
394,w155463529,691.3949336603283,mfh,83645.16797269836,92939.0755252204,104556.45996587294,r2,-552244.6400437541,-220705.00722441796,331539.63281933614,0.15746988176611104
395,w155463531,507.3216828555101,mfh,54061.208972385146,60068.00996931683,67576.51121548143,r2,-356924.53745839366,-274083.91760748817,82840.6198509055,0.15746988176611104
396,w155463534,640.8467616457492,mfh,62761.80582241785,69735.3398026865,78452.25727802231,r2,-414367.8792803676,-296723.55959870305,117644.31968166452,0.15746988176611104
397,w155463535,684.7868416263722,mfh,63983.21967634138,71092.46630704598,79979.02459542672,r2,-422431.93450857414,-328738.33039416856,93693.60411440558,0.15746988176611104
398,w155463536,691.6131192699074,mfh,70337.30683773482,78152.56315303869,87921.63354716853,r2,-464383.0795931974,-338234.8897922202,126148.18980097718,0.15746988176611104
399,w155463537,507.3215693686623,mfh,56345.158000452444,62605.73111161382,70431.44750056555,r2,-372003.69432367716,-311838.40156599396,60165.2927576832,0.15746988176611104
400,w155463538,643.413233704865,mfh,67471.69315381986,74968.54794868872,84339.61644227481,r2,-445463.6388683655,-178029.89563985373,267433.74322851177,0.15746988176611104
401,w155463539,710.019569536671,mfh,70101.74839593095,77890.83155103438,87627.18549491368,r2,-462827.8685743648,-332231.7646207604,130596.10395360441,0.15746988176611104
402,w155463540,840.6794232809916,mfh,76273.68228195352,84748.53586883724,95342.1028524419,r2,-503576.395833858,-381878.8622784838,121697.53355537419,0.15746988176611104
403,w155463541,696.2558067506179,mfh,69091.86352939304,76768.73725488115,86364.8294117413,r2,-456160.3763793716,-345404.67462056037,110755.70175881125,0.15746988176611104
404,w155463542,640.557884996757,mfh,65685.4859572708,72983.87328585643,82106.85744658849,r2,-433670.6880714495,-173316.83352552642,260353.8545459231,0.15746988176611104
405,w155463543,587.0278481058776,mfh,64620.647257978446,71800.7191755316,80775.80907247306,r2,-426640.37803145655,-342873.1469271996,83767.23110425693,0.15746988176611104
406,w155463544,825.5248426020145,mfh,98226.61890138821,109140.68766820912,122783.27362673526,r2,-648514.7332792452,-259179.42613657084,389335.30714267434,0.15746988176611104
407,w155463545,709.4769112125038,mfh,68799.48875180824,76443.87639089805,85999.3609397603,r2,-454230.05084212247,-350851.8231701112,103378.22767201124,0.15746988176611104
408,w155463546,647.0489746004342,mfh,65167.88665066121,72408.76294517911,81459.8583133265,r2,-430253.3783846688,-310055.00398037303,120198.37440429576,0.15746988176611104
409,w155463547,586.4484846569597,mfh,65038.9578364076,72265.50870711956,81298.6972955095,r2,-429402.1606951785,-171610.91318315262,257791.24751202588,0.15746988176611104
410,w155463548,500.40091222245246,mfh,58521.66054916764,65024.06727685293,73152.07568645955,r2,-386373.4648161204,-154414.46083896622,231959.00397715418,0.15746988176611104
411,w155463549,672.5395986035466,mfh,71071.92574614852,78968.80638460947,88839.90718268565,r2,-469233.202612601,-362791.7866800376,106441.41593256337,0.15746988176611104
412,w155463551,586.1050742082298,mfh,58460.95059670617,64956.61177411796,73076.1882458827,r2,-385972.6437447215,-277736.9241207639,108235.71962395759,0.15746988176611104
413,w155463552,667.035758360289,mfh,68669.64406031062,76299.60451145624,85837.05507538827,r2,-453372.7863203859,-357448.536671045,95924.24964934087,0.15746988176611104
414,w155463553,817.6307530952618,mfh,76749.54752122253,85277.27502358059,95936.93440152815,r2,-506718.1676078739,-392986.21963557805,113731.94797229586,0.15746988176611104
415,w155463556,732.9133296664804,mfh,64357.9958795773,71508.88431064144,80447.49484947162,r2,-424906.29321295896,-306109.9022756255,118796.39093733346,0.15746988176611104
416,w155463558,710.1379440590739,mfh,77163.4124884325,85737.12498714722,96454.26561054062,r2,-509450.5993236928,-373401.99451474834,136048.60480894445,0.15746988176611104
417,w155463561,654.0662793286144,mfh,66767.48224207119,74186.09138007909,83459.35280258898,r2,-440814.27643776505,-176171.77426677293,264642.5021709921,0.15746988176611104
418,w155463562,586.3292756803334,mfh,59654.3554106497,66282.61712294411,74567.94426331212,r2,-393851.776847997,-307319.83123043465,86531.94561756233,0.15746988176611104
419,w155463566,653.8032613813876,mfh,66481.29901255308,73868.11001394787,83101.62376569134,r2,-438924.82892510813,-332249.50242432574,106675.3265007824,0.15746988176611104
420,w155463567,133.41999841853976,sfh,16572.97361038044,18414.415122644932,20716.217012975547,r1,-118865.53964724977,-153782.75556518562,-34917.21591793586,0.17106547876868802
421,w155463569,886.7166110530495,mfh,90690.7250070177,100767.47223001966,113363.40625877211,r2,-598761.0282898197,-426222.1275755709,172538.90071424883,0.15746988176611104
422,w155463572,311.3570919752121,mfh,35890.06917924034,39877.854643600374,44862.58647405042,r1,-257412.61292393983,-102875.15437095637,154537.45855298347,0.17106547876868802
423,w155463574,863.4385226266459,mfh,80266.77887142508,89185.30985713897,100333.47358928135,r2,-529939.7380586285,-400029.1180452185,129910.62001340999,0.15746988176611104
424,w155463577,931.9227139726281,mfh,104741.59050899002,116379.54500998891,130926.98813623752,r2,-691528.074486351,-276369.7419739658,415158.3325123852,0.15746988176611104
425,w155463578,931.2066993936896,mfh,95901.79540846782,106557.55045385312,119877.24426058478,r2,-633165.7137945556,-474567.2399406801,158598.47385387553,0.15746988176611104
426,w155463581,136.57608463019133,sfh,20238.058157433414,22486.731286037128,25297.572696791765,r1,-145152.44885136376,-145372.1287405311,-219.67988916733884,0.17106547876868802
427,w155463583,949.1963916398585,mfh,98696.62464541465,109662.91627268294,123370.7808067683,r2,-651617.8193177968,-507253.25311515934,144364.5662026375,0.15746988176611104
428,w155463586,949.1754787907004,mfh,101711.11223859426,113012.34693177139,127138.89029824281,r2,-671520.1598373974,-268373.56305805454,403146.59677934286,0.15746988176611104
429,w155463589,722.9646147996187,mfh,79863.38270239974,88737.09189155528,99829.22837799968,r2,-527276.4237565862,-210726.4398351471,316549.98392143904,0.15746988176611104
430,w155463591,591.1442194825038,mfh,72104.48386231158,80116.0931803462,90130.60482788947,r2,-476050.38881719863,-387701.5097173815,88348.87909981713,0.15746988176611104
431,w155463593,535.6290349200369,mfh,57403.922688774626,63782.13632086069,71754.90336096828,r2,-378993.90234602656,-299064.0817481216,79929.82059790497,0.15746988176611104
432,w155463596,724.8313003255054,mfh,67296.75836170698,74774.1759574522,84120.94795213372,r2,-444308.6791301887,-330529.2272842864,113779.45184590231,0.15746988176611104
433,w155463597,752.1160736689344,mfh,96345.81377389302,107050.90419321446,120432.26721736627,r2,-636097.2251816461,-254216.75920299446,381880.4659786516,0.15746988176611104
434,w155463600,535.4490051213652,mfh,64489.169061256325,71654.6322902848,80611.4613265704,r2,-425772.3287324689,-170160.247968023,255612.08076444588,0.15746988176611104
435,w155463601,907.8308945208788,mfh,90872.07987539202,100968.97763932447,113590.09984424003,r2,-599958.3748482995,-461452.33276537835,138506.0420829212,0.15746988176611104
436,w155463605,389.4215188790113,mfh,42998.73447932191,47776.37164369101,53748.41809915238,r1,-308397.75034892355,-123251.40487259535,185146.34547632822,0.17106547876868802
437,w155463606,690.2915003947913,mfh,72619.17804943162,80687.97561047958,90773.97256178952,r2,-479448.51823683816,-367162.70188148576,112285.8163553524,0.15746988176611104
438,w155463610,725.1058211326599,mfh,66694.63523034648,74105.15025594053,83368.2940379331,r2,-440333.32370919496,-319869.6651805657,120463.65852862928,0.15746988176611104
439,w155463611,1002.8680375270545,mfh,112403.2420384642,124892.49115384911,140504.05254808025,r2,-742112.0603110453,-296585.67192123417,445526.3883898111,0.15746988176611104
440,w155463612,535.6290688522159,mfh,63516.22491576578,70573.58323973975,79395.28114470722,r2,-419348.72767538833,-167593.05072442922,251755.6769509591,0.15746988176611104
441,w155463616,543.6235096465331,mfh,57717.03913082603,64130.04347869559,72146.29891353253,r2,-381061.16912333644,-279326.59105253883,101734.57807079761,0.15746988176611104
442,w155463618,752.1486698825844,mfh,78276.75754478379,86974.17504975977,97845.94693097973,r2,-516801.1594910164,-385097.07429340266,131704.08519761375,0.15746988176611104
443,w155463621,238.18491610530762,mfh,25941.058157091844,28823.39795232427,32426.322696364805,r1,-186055.80080885856,-149292.79124704507,36763.009561813495,0.17106547876868802
444,w155463623,73.76475410088896,mfh,9386.532258258556,10429.48028695395,11733.165322823193,r1,-67322.57279377936,-62337.68127112283,4984.89152265653,0.17106547876868802
445,w155463625,52.41574023310095,sfh,7168.165529890833,7964.628366545369,8960.206912363541,r1,-51411.888054755,-51292.91948462946,118.96857012553664,0.17106547876868802
446,w155463626,98.3909645654261,mfh,11326.695090576788,12585.216767307542,14158.368863220985,r1,-81237.90914130096,-67145.40704460815,14092.502096692813,0.17106547876868802
447,w155463629,643.7923131911084,mfh,60925.212855087026,67694.68095009669,76156.51606885878,r2,-402242.2700343971,-291472.35523087555,110769.91480352153,0.15746988176611104
448,w155463631,546.7249739198014,mfh,62732.02766693095,69702.25296325661,78415.03458366368,r2,-414171.27704790625,-165523.8784857418,248647.39856216445,0.15746988176611104
449,w155463632,612.4270064728335,mfh,67447.16411095476,74941.2934566164,84308.95513869345,r2,-445301.6924848987,-177965.17363960005,267336.5188452987,0.15746988176611104
450,w155463633,683.6260891854763,mfh,67343.37274848943,74825.96972054381,84179.21593561179,r2,-444616.4380345398,-330070.36055266694,114546.07748187287,0.15746988176611104
451,w155463638,279.5906790524721,ab,31093.580676718997,34548.42297413222,38866.97584589874,r1,-223010.9896746924,-208578.77548737152,14432.214187320875,0.17106547876868802
452,w155463639,282.758548167441,other,12733.875761949328,14148.750846610365,15917.34470243666,nr1,-85348.2119274674,-153121.11279115122,-67772.90086368381,0.17105865328907494
453,w155463640,56.80619836300611,sfh,8149.209288913908,9054.67698768212,10186.511611142383,r1,-58448.18091174744,-71639.80463273244,-13191.623720985,0.17106547876868802
454,w155463643,240.41873629689215,ab,28483.777730710135,31648.64192301126,35604.72216338767,r1,-204292.82582291242,-207749.3376862588,-3456.5118633463862,0.17106547876868802
455,w155463644,98.43792371228336,mfh,11153.843250929993,12393.159167699992,13942.30406366249,r1,-79998.17222494169,-68428.5138933226,11569.658331619095,0.17106547876868802
456,w155463645,98.39091195091605,mfh,11053.44919247696,12281.61021386329,13816.811490596201,r1,-79278.12075946889,-69517.58887720575,9760.531882263138,0.17106547876868802
457,w155463647,97.66299930792302,mfh,9369.723502372359,10410.803891524843,11712.154377965448,r1,-67202.01616428226,-62579.5413935891,4622.474770693167,0.17106547876868802
458,w155463653,376.11661268314344,mfh,49110.00769747382,54566.67521941535,61387.50962184227,r1,-352229.3406286799,-140768.73459911818,211460.60602956172,0.17106547876868802
459,w155463654,482.5493668295443,mfh,52586.0148678914,58428.905408768216,65732.51858486424,r2,-347184.966638275,-277024.6882995347,70160.27833874029,0.15746988176611104
460,w155463656,73.78574474137277,mfh,10518.511422655341,11687.23491406149,13148.139278319177,r1,-75441.41238217945,-71681.43332165293,3759.9790605265152,0.17106547876868802
461,w155463657,470.15250823192764,mfh,44569.71600670739,49521.906674119324,55712.145008384236,r1,-319665.2254212047,-225542.46719649763,94122.75822470707,0.17106547876868802
462,w155463660,49.947176152281465,mfh,6130.094348688484,6811.2159429872045,7662.617935860605,r1,-43966.580166942425,-40217.3606676271,3749.2194993153244,0.17106547876868802
463,w155463661,78.16354378722608,sfh,10628.335831745004,11809.262035272226,13285.419789681255,r1,-76229.1006968888,-87351.68744825029,-11122.586751361494,0.17106547876868802
464,w155463663,104.99722011834383,sfh,12659.813951807402,14066.45994645267,15824.767439759253,r1,-90799.37328041306,-92573.08228434656,-1773.7090039335017,0.17106547876868802
465,w155463665,467.86907609552145,trade,25152.751602532997,27947.501780592218,31440.939503166246,nr1,-168585.15148598436,-215441.81339398312,-46856.66190799876,0.17105865328907494
466,w155463667,587.3173447391018,mfh,62170.68286456457,69078.53651618285,77713.3535807057,r2,-410465.1495352633,-316026.4467558605,94438.70277940278,0.15746988176611104
467,w155463669,557.4523567564785,mfh,63822.83861379559,70914.26512643954,79778.54826724448,r2,-421373.0618408266,-357860.1568873365,63512.90495349007,0.15746988176611104
468,w155463671,449.48969881236553,mfh,44460.06219337882,49400.06910375424,55575.07774172352,r1,-318878.76066224824,-262022.19050328282,56856.57015896542,0.17106547876868802
469,w155576276,58.73152135126293,other,7036.542804460303,7818.380893844781,8795.678505575379,nr1,-47162.1019192227,-80125.26604467155,-32963.16412544884,0.17105865328907494
470,w159548666,1258.4072781499474,other,45034.07044829587,50037.85605366207,56292.58806036983,nr1,-301838.769313489,-407906.26091435883,-106067.4916008698,0.17105865328907494
471,w159548667,15669.025621107221,trade,613413.7969842755,681570.8855380839,766767.2462303443,nr2,-3784772.7777698915,-3916503.455672349,-131730.6779024573,0.15746988176611104
472,w159548669,2256.2803165019486,trade,261494.21083095495,290549.1231455055,326867.76353869366,nr2,-1613423.3947183117,-644836.5259009391,968586.8688173726,0.15746988176611104
473,w159548670,188.14899220019578,mfh,23028.989782019133,25587.766424465703,28786.237227523914,r1,-165169.7131923369,-137337.38118460705,27832.332007729856,0.17106547876868802
474,w159548671,318.3455893772654,other,12677.331192583715,14085.923547315238,15846.663990729643,nr1,-84969.22457280951,-100694.32635085804,-15725.101778048527,0.17105865328907494
475,w159548672,170.00981159284711,ab,21983.144401197525,24425.716001330584,27478.930501496907,r1,-157668.6467873871,-148341.00431138583,9327.64247600126,0.17106547876868802
476,w159548674,118.95309109317604,trade,10044.893361266411,11160.992623629345,12556.116701583014,nr1,-67325.43205329159,-96906.37530157213,-29580.943248280542,0.17105865328907494
477,w159548675,865.047436706489,mfh,94066.05527670533,104517.83919633925,117582.56909588166,r2,-621045.735165187,-509627.41847023106,111418.31669495598,0.15746988176611104
478,w159548677,106.67055884185247,other,5052.772241354683,5614.191379282981,6315.965301693353,nr1,-33865.97169143012,-63548.488807218215,-29682.517115788098,0.17105865328907494
479,w159872586,633.9711885744706,mfh,61528.304105702184,68364.7823396691,76910.38013212773,r2,-406224.01720140874,-327031.565992321,79192.45120908774,0.15746988176611104
480,w159872589,1091.462102752924,mfh,104981.15974855874,116645.73305395416,131226.4496856984,r2,-693109.76571464,-524766.9985763397,168342.76713830035,0.15746988176611104
481,w159872591,2692.1037788091226,mfh,238842.17683578568,265380.1964842063,298552.7210447321,r2,-1576890.9928783553,-1089182.030969246,487708.96190910926,0.15746988176611104
482,w159872593,436.90541737405584,mfh,41771.57313857874,46412.85904286526,52214.46642322342,r1,-299596.2402258206,-220902.67579418691,78693.56443163371,0.17106547876868802
483,w159872596,218.88012801047884,mfh,23926.839112240952,26585.376791378836,29908.54889030119,r1,-171609.3146584185,-150045.6349822511,21563.679676167405,0.17106547876868802
484,w159872599,487.8712977081537,mfh,46825.5540892305,52028.39343247833,58531.94261153812,r1,-335844.66414715414,-248753.343066369,87091.32108078513,0.17106547876868802
485,w159872601,629.8896718598901,mfh,59138.13100415723,65709.03444906359,73922.66375519653,r2,-390443.54456806084,-303287.25256680686,87156.29200125398,0.15746988176611104
486,w159872603,453.131132603623,mfh,41977.27905722256,46641.42117469173,52471.59882152819,r1,-301071.6148690842,-217945.94489113562,83125.6699779486,0.17106547876868802
487,w159872608,317.054659525305,mfh,36148.8017943321,40165.33532703567,45186.00224291513,r1,-259268.30838573453,-213171.2869131152,46097.02147261932,0.17106547876868802
488,w159872611,474.9952949794941,mfh,49392.47210315651,54880.52455906279,61740.59012894564,r1,-354255.2464680269,-275463.83391789935,78791.41255012754,0.17106547876868802
489,w159872613,461.6615135567263,mfh,49483.41463924298,54981.57182138109,61854.26829905373,r1,-354907.50923528534,-290554.6330173336,64352.876217951765,0.17106547876868802
490,w159872615,129.00588214695452,mfh,16719.873106670097,18577.636785188995,20899.841383337618,r1,-119919.13982250393,-111242.33903176362,8676.800790740308,0.17106547876868802
491,w159872617,185.93316667452453,mfh,23274.884584316744,25860.98287146305,29093.605730395928,r1,-166933.3326283355,-134926.25329605362,32007.079332281894,0.17106547876868802
492,w159872620,129.2747205838561,mfh,17497.094806705965,19441.216451895518,21871.368508382457,r1,-125493.56955202763,-103388.37020177016,22105.199350257477,0.17106547876868802
493,w159872622,447.3657494872576,mfh,46366.44062561429,51518.26736179365,57958.05078201786,r1,-332551.7867857929,-274214.2426596744,58337.54412611853,0.17106547876868802
494,w159872625,238.36158968657256,mfh,25116.058872769172,27906.732080854636,31395.073590961463,r1,-180138.6982148988,-152240.69754024476,27898.00067465403,0.17106547876868802
495,w159872628,167.04002443812786,mfh,19006.772350224233,21118.635944693593,23758.46543778029,r1,-136321.35701626615,-132237.29567696643,4084.0613392997184,0.17106547876868802
496,w159872630,195.52493976540862,mfh,18074.7621351929,20083.069039103222,22593.452668991125,r1,-129636.74508295208,-99040.71166732263,30596.033415629456,0.17106547876868802
497,w159872632,133.65780365467072,th,16477.88462317202,18308.760692413354,20597.355778965022,r1,-118183.53748850862,-47232.14424162083,70951.39324688779,0.17106547876868802
498,w159872635,49.369007284846155,th,6739.6868476192685,7488.540941799187,8424.608559524086,r1,-48338.73105873762,-69424.88186157534,-21086.15080283772,0.17106547876868802
499,w159872640,133.91130499513818,mfh,16908.877072954834,18787.64119217204,21136.09634119354,r1,-121274.72385805893,-102284.25469474762,18990.46916331131,0.17106547876868802
500,w159872643,87.82295271442271,other,9591.78852868142,10657.542809646022,11989.735660851775,nr1,-64288.517919703125,-85782.1738778722,-21493.65595816908,0.17105865328907494
501,w159872648,133.79360626488923,mfh,16965.31316645674,18850.347962729713,21206.641458070924,r1,-121679.49773071417,-111807.31101584971,9872.186714864452,0.17106547876868802
502,w159872651,467.48304517045614,other,34799.30109969496,38665.890110772176,43499.126374618696,nr1,-233240.7022581044,-300417.7168166767,-67177.01455857232,0.17105865328907494
503,w159872654,134.11286987382917,mfh,15572.749109392586,17303.054565991763,19465.93638674073,r1,-111691.67767936162,-89651.80338846092,22039.874290900698,0.17106547876868802
504,w159872660,131.42538360562176,mfh,16010.967487406166,17789.96387489574,20013.709359257708,r1,-114834.69022560143,-93696.131271126,21138.558954475433,0.17106547876868802
505,w159872663,509.8066861014813,other,40789.69983623175,45321.88870692417,50987.12479528969,nr1,-273391.07206332305,-109266.14160843102,164124.93045489205,0.17105865328907494
506,w159872669,96.41428965386004,other,6140.942525975589,6823.26947330621,7676.178157469486,nr1,-41159.382574432195,-74679.81993610924,-33520.437361677046,0.17105865328907494
507,w159872671,385.8471666022902,mfh,41085.27500261371,45650.30555845967,51356.59375326713,r1,-294673.93719148234,-220137.07994970243,74536.85724177992,0.17106547876868802
508,w159872676,450.3884779855609,trade,21572.307796555673,23969.230885061857,26965.38474569459,nr1,-144587.39287268993,-186952.52428067787,-42365.13140798794,0.17105865328907494
509,w159872680,74.82275880910456,trade,6347.627257792996,7052.919175325551,7934.534072241245,nr1,-42544.677407136245,-68657.38263064942,-26112.70522351317,0.17105865328907494
510,w159872682,128.20031198486686,mfh,17098.113549140475,18997.903943489415,21372.641936425593,r1,-122631.9755131669,-118640.32844011289,3991.6470730540022,0.17106547876868802
511,w159872688,74.73616111706941,trade,5317.786693607912,5908.651881786568,6647.23336700989,nr1,-35642.218771077125,-57124.74587537348,-21482.527104296358,0.17105865328907494
512,w159872690,271.2794532585889,mfh,37662.36732773164,41847.07480859071,47077.95915966455,r1,-270123.9814923596,-217807.51910556082,52316.46238679878,0.17106547876868802
513,w159872699,406.91918786983007,mfh,43877.34349126553,48752.60387918392,54846.67936408191,r1,-314699.3554077888,-223299.1672321637,91400.18817562514,0.17106547876868802
514,w159872700,406.7131608505966,mfh,40678.93594210743,45198.8177134527,50848.66992763429,r1,-291759.5711373071,-212995.47690565998,78764.09423164712,0.17106547876868802
515,w159872708,435.5580747295171,mfh,46872.894326570284,52080.9936961892,58591.11790821285,r1,-336184.2002491664,-271993.6366571019,64190.563592064485,0.17106547876868802
516,w159872710,142.59727319749075,mfh,15785.244708098155,17539.160786775727,19731.555885122692,r1,-113215.74961760342,-100434.75571458325,12780.993903020164,0.17106547876868802
517,w159872717,364.7500545413,mfh,42624.77941045999,47360.86601162221,53280.97426307498,r1,-305715.6504367958,-227948.23167546725,77767.41876132853,0.17106547876868802
518,w159872718,186.0198295045644,mfh,25865.705318047403,28739.672575608223,32332.131647559254,r1,-185515.35127411966,-163747.91079628773,21767.44047783193,0.17106547876868802
519,w159872719,169.79583046399057,mfh,20853.61252597942,23170.680584421578,26067.015657474276,r1,-149567.35977318016,-146817.11567147312,2750.2441017070378,0.17106547876868802
520,w159872726,172.48843573874328,mfh,18695.70090016346,20773.001000181623,23369.626125204326,r1,-134090.27425166403,-117598.86810337062,16491.406148293405,0.17106547876868802
521,w159872727,172.59632431017235,mfh,21043.444879268325,23381.60542140925,26304.306099085406,r1,-150928.88520890885,-60318.84835997027,90610.03684893859,0.17106547876868802
522,w159872732,140.4957689295523,mfh,18976.199229647278,21084.665810719198,23720.249037059097,r1,-136102.07889747375,-126932.42727431758,9169.651623156169,0.17106547876868802
523,w159872736,118.37831126665697,mfh,14679.616639748732,16310.68515527637,18349.520799685914,r1,-105285.90672500477,-94520.00913704133,10765.897587963438,0.17106547876868802
524,w159872737,187.97203346798193,mfh,24944.26660849226,27715.85178721362,31180.333260615324,r1,-178906.56083988314,-157767.38086863927,21139.179971243866,0.17106547876868802
525,w159872743,753.6066189933568,other,31827.00488865078,35363.33876516753,39783.75611081347,nr1,-213319.02470495593,-283373.03189287556,-70054.00718791963,0.17105865328907494
526,w159872746,394.377677144669,mfh,44537.18740147157,49485.76377941285,55671.484251839465,r1,-319431.92207406694,-127661.22033068704,191770.7017433799,0.17106547876868802
527,w159872748,575.8923149108887,trade,55207.313642999135,61341.45960333237,69009.14205374892,nr2,-340629.9937123581,-136139.5046595842,204490.48905277392,0.15746988176611104
528,w159872750,127.08080641776323,mfh,17865.116812482014,19850.129791646683,22331.396015602517,r1,-128133.11604181591,-191220.51489586587,-63087.398854049956,0.17106547876868802
529,w159872753,434.5401292324066,other,25725.96143987,28584.401599855555,32157.451799837498,nr1,-172427.06384562392,-224014.2106666685,-51587.14682104459,0.17105865328907494
530,w159872756,252.43327465518377,mfh,33635.93448393886,37373.260537709844,42044.91810492357,r1,-241245.39132004027,-200666.08039826519,40579.31092177509,0.17106547876868802
531,w159872759,386.07803563163617,mfh,40885.04737063046,45427.83041181162,51106.30921328808,r1,-293237.85419952765,-232489.43104584265,60748.423153685,0.17106547876868802
532,w159872763,1345.7076428122818,trade,70170.62199602295,77967.35777335883,87713.27749502868,nr2,-432953.8416569669,-462048.4323696368,-29094.590712669888,0.15746988176611104
533,w159872767,486.0339612279087,mfh,45082.85482234876,50092.060913720845,56353.568527935946,r1,-323345.5862103487,-228863.10159494865,94482.48461540006,0.17106547876868802
534,w159872769,563.4171857964247,other,35443.64525157622,39381.82805730691,44304.55656447027,nr1,-237559.3890630531,-293604.4743176897,-56045.08525463662,0.17105865328907494
535,w159872774,2747.8572637828997,other,119011.47723873041,132234.97470970044,148764.346548413,nr2,-734302.686880834,-862644.5862594289,-128341.89937859483,0.15746988176611104
536,w159872776,80.53474041707815,sfh,12444.034937831644,13826.705486479605,15555.043672289554,r1,-89251.75186112143,-92806.80565995965,-3555.053798838213,0.17106547876868802
537,w159872779,530.1892838459462,trade,41088.84380523203,45654.270894702255,51361.054756540034,nr1,-275396.07064665697,-312592.86055391945,-37196.789907262486,0.17105865328907494
538,w159872782,386.9254036822822,mfh,34779.397511211064,38643.77501245674,43474.246889013826,r1,-249446.59606450796,-178078.26858616484,71368.32747834313,0.17106547876868802
539,w159872787,649.6997715241275,sfh,73844.5187104147,82049.46523379411,92305.64838801838,r2,-487538.4991485442,-362988.36783550156,124550.13131304266,0.15746988176611104
540,w159872789,103.62989482581615,mfh,13622.502345110554,15136.113716789503,17028.12793138819,r1,-97704.01683275962,-91646.9009357904,6057.115896969219,0.17106547876868802
541,w159872791,7102.280937734339,other,341045.9633446604,378939.9592718449,426307.4541808255,nr2,-2104258.9592556353,-2050277.1389867535,53981.82026888174,0.15746988176611104
542,w159872796,295.65545302389654,other,14692.2812732514,16324.756970279332,18365.35159156425,nr1,-98474.33407151936,-135821.13529575706,-37346.8012242377,0.17105865328907494
543,w159872797,3172.659030787088,other,124134.27925297005,137926.9769477445,155167.84906621257,nr2,-765910.4559018755,-944018.743479333,-178108.2875774575,0.15746988176611104
544,w159872802,393.79842739673325,mfh,39710.81716874246,44123.130187491624,49638.521460928074,r1,-284815.97953184025,-206849.8307275992,77966.14880424103,0.17106547876868802
545,w159872803,469.9664310747758,mfh,46940.21759095484,52155.79732328315,58675.271988693545,r1,-336667.05965267576,-134549.2566971411,202117.80295553466,0.17106547876868802
546,w159872804,664.4021281981841,mfh,71285.2107419375,79205.78971326388,89106.51342742186,r2,-470641.3592172318,-188092.1914931021,282549.16772412974,0.15746988176611104
547,w159872808,295.65545226749964,other,15824.74835213696,17583.053724596622,19780.935440171197,nr1,-106064.64216439563,-138128.15384601132,-32063.511681615695,0.17105865328907494
548,w159872809,678.8678823016584,other,34505.649287262946,38339.61031918105,43132.06160907868,nr1,-231272.51459954225,-292299.99315475294,-61027.47855521069,0.17105865328907494
549,w159872812,337.05531151816245,mfh,38041.70913462511,42268.56570513901,47552.136418281385,r1,-272844.7164459779,-215809.2945713353,57035.421874642605,0.17106547876868802
550,w159872814,765.4437305399682,mfh,79399.36095195425,88221.51216883806,99249.2011899428,r2,-524212.84542016766,-393451.8842074406,130760.96121272707,0.15746988176611104
551,w159872815,1229.117813373683,mfh,149792.9605537908,166436.62283754532,187241.2006922385,r2,-988967.5827911171,-801787.954970768,187179.62782034918,0.15746988176611104
552,w159872820,336.8380303993821,mfh,38637.43829336847,42930.48699263163,48296.797866710585,r1,-277117.43597129465,-233923.60997537285,43193.8259959218,0.17106547876868802
553,w159872826,1791.1392054180615,th,178358.86709907744,198176.51899897493,222948.5838738468,r2,-1177566.268883473,-887884.1424140936,289682.1264693794,0.15746988176611104
554,w159872827,157.03123329076917,th,22144.882072210334,24605.424524678147,27681.102590262915,r1,-158828.67008786378,-145381.03020699794,13447.639880865841,0.17106547876868802
555,w159872832,35.670331929810345,sfh,3676.201183569743,4084.667981744159,4595.251479462178,r0,-32353.825267234843,-43033.58053917921,-10679.755271944367,0.2099100416331936
556,w159872833,162.84196072258055,mfh,21239.15922568886,23599.065806320956,26548.949032111075,r1,-152332.59778040618,-133058.4064563573,19274.19132404888,0.17106547876868802
557,w159872834,33.79703346360475,sfh,4555.214293213258,5061.349214681398,5694.017866516572,r0,-40089.918896745934,-51256.88837966848,-11166.969482922548,0.2099100416331936
558,w159872835,42.916394099872555,th,6704.477568681241,7449.419520756934,8380.59696085155,r1,-48086.20124484002,-48730.57928298719,-644.3780381471734,0.17106547876868802
559,w159872839,58.88304680213332,other,5318.843004436388,5909.8255604848755,6648.553755545484,nr1,-35649.298645432376,-61365.892714792775,-25716.5940693604,0.17105865328907494
560,w159872840,318.65718863122163,other,26659.24765591642,29621.386284351578,33324.05956989552,nr1,-178682.37143972915,-213179.64880758582,-34497.277367856674,0.17105865328907494
561,w159872842,48.8293092939537,other,2375.76436505535,2639.7381833948334,2969.7054563191873,nr0,-19524.82903873506,-26493.642308990253,-6968.813270255192,0.20974668515445452
562,w159872843,143.51003436879253,mfh,19080.71500207315,21200.794446747943,23850.893752591437,r1,-136851.6923333673,-135357.81691929436,1493.8754140729434,0.17106547876868802
563,w159872845,162.83680398128925,mfh,21498.13375395689,23886.81528217432,26872.667192446108,r1,-154190.0283044125,-144812.06848431873,9377.959820093762,0.17106547876868802
564,w159872848,156.42925329236314,mfh,21291.72814453538,23657.47571615042,26614.660180669223,r1,-152709.63530271608,-61030.52654355112,91679.10875916496,0.17106547876868802
565,w159872851,167.48750086340587,mfh,20694.65294755158,22994.058830612867,25868.316184439474,r1,-148427.26165221955,-136678.71745949556,11748.544192723988,0.17106547876868802
566,w159872853,143.46053532976657,th,18641.830787650975,20713.145319612195,23302.288484563716,r1,-133703.90424075394,-53434.871090918125,80269.03314983581,0.17106547876868802
567,w159872855,768.5454076524824,other,30902.518900127714,34336.13211125301,38628.14862515964,nr1,-207122.70022783053,-259034.44010683495,-51911.739879004424,0.17105865328907494
568,w159872857,315.41669200100006,mfh,33248.68266430212,36942.98073811347,41560.85333037765,r1,-238467.92376336304,-195610.95681400978,42856.96694935326,0.17106547876868802
569,w159872858,136.24142913175746,other,12600.205042488164,14000.227824986849,15750.256303110204,nr1,-84452.2901275109,-127589.59348933998,-43137.30336182908,0.17105865328907494
570,w159872860,131.01957194106652,other,10778.366395040914,11975.96266115657,13472.957993801141,nr1,-72241.50105694315,-93965.45469424901,-21723.953637305865,0.17105865328907494
571,w159872862,156.42902136784977,mfh,20547.76308719318,22830.847874659088,25684.703858991474,r1,-147373.73058829058,-115856.61589598985,31517.114692300733,0.17106547876868802
572,w159872865,158.90607472276315,mfh,21250.92912058293,23612.143467314363,26563.66140072866,r1,-152417.01443013153,-60913.58038035676,91503.43404977478,0.17106547876868802
573,w159872867,192.56274920739233,mfh,23626.608294376343,26251.78699375149,29533.260367970426,r1,-169455.983637493,-140357.06652499753,29098.91711249546,0.17106547876868802
574,w159872868,54.98272090442479,other,4338.732794656411,4820.814216284901,5423.415993320514,nr0,-35657.16251428243,-47121.64731648459,-11464.484802202162,0.20974668515445452
575,w159872870,315.09365436807275,mfh,33572.70898486998,37303.00998318887,41965.886231087476,r1,-240791.92212115246,-195664.33933859083,45127.58278256163,0.17106547876868802
576,w159872874,56.548262861557305,th,6258.9085433516675,6954.342825946297,7823.635679189584,r1,-44890.46800522841,-68308.78674326198,-23418.318738033573,0.17106547876868802
577,w159872876,86.08918008172186,other,7937.8236826816055,8819.804091868451,9922.279603352006,nr1,-53202.895220384155,-78072.45382626369,-24869.558605879538,0.17105865328907494
578,w159872878,413.8979488207959,mfh,49390.03592714167,54877.81769682407,61737.544908927084,r1,-354237.773600243,-289331.1534244831,64906.62017575989,0.17106547876868802
579,w159872879,205.3686287334189,mfh,25436.2263636754,28262.47373741711,31795.282954594248,r1,-182435.02007473918,-161451.53988155216,20983.480193187017,0.17106547876868802
580,w159872883,329.8948070596903,th,38258.33027645758,42509.25586273064,47822.91284557197,r1,-274398.3778182974,-257587.47699582682,16810.900822470605,0.17106547876868802
581,w159872884,900.053558271192,other,37831.76819712391,42035.297996804344,47289.71024640488,nr1,-253565.67238760865,-355168.8644968325,-101603.19210922383,0.17105865328907494
582,w159872887,1008.3728146322071,other,88407.21114906944,98230.23461007715,110509.01393633679,nr2,-545473.8836337752,-572896.0355852998,-27422.151951524662,0.15746988176611104
583,w159872892,458.9937253634445,other,39649.09661200691,44054.55179111879,49561.370765008636,nr1,-265746.2318335176,-318746.23994991934,-53000.00811640173,0.17105865328907494
584,w159872895,353.7920229201671,th,49227.57275316536,54697.30305907262,61534.4659414567,r1,-353072.5468098375,-275472.6078518471,77599.93895799044,0.17106547876868802
585,w159872899,2008.66189844124,other,87830.35072413228,97589.2785823692,109787.93840516535,nr2,-541914.6457366025,-625843.1863735411,-83928.54063693865,0.15746988176611104
587,w160025355,131.5437356668757,ab,15822.357973565722,17580.397748406358,19777.94746695715,r1,-113481.93530229619,-130700.7130217729,-17218.77771947671,0.17106547876868802
588,w160025360,102.43726858533918,mfh,14598.10513130861,16220.116812565122,18247.63141413576,r1,-104701.285662667,-98559.29584751914,6141.989815147856,0.17106547876868802
589,w160025362,106.2412323884666,mfh,12893.32495058692,14325.916611763245,16116.65618823365,r1,-92474.1729594586,-106663.72270778452,-14189.54974832591,0.17106547876868802
590,w160025367,104.2175793532282,mfh,14296.527182761089,15885.030203067876,17870.65897845136,r1,-102538.29268128924,-94374.46624251312,8163.8264387761155,0.17106547876868802
591,w160025369,103.97346241511406,mfh,13712.751918131698,15236.391020146331,17140.939897664623,r1,-98351.30949443218,-92269.21097963773,6082.098514794445,0.17106547876868802
592,w160025373,103.9182820610702,mfh,12692.477684318626,14102.75298257625,15865.597105398283,r1,-91033.64579439379,-83161.27352939242,7872.372265001366,0.17106547876868802
593,w160025375,104.46434533819556,mfh,15200.83881015165,16889.8209001685,19001.048512689562,r1,-109024.24336980868,-43571.62510199084,65452.618267817845,0.17106547876868802
594,w160025376,101.26918978765606,other,6767.594541506047,7519.5494905622745,8459.493176882557,nr1,-45359.48865573111,-63775.1580212933,-18415.669365562186,0.17105865328907494
595,w160025380,128.15635424628857,th,16535.50385671767,18372.782063019633,20669.379820897087,r1,-118596.79713946077,-119175.07984520361,-578.2827057428367,0.17106547876868802
596,w160025381,64.08582323277369,th,8805.145795153388,9783.495327948209,11006.432243941736,r1,-63152.72269293103,-85745.45069384675,-22592.728000915726,0.17106547876868802
597,w160025384,125.48521707579494,mfh,13228.087159594033,14697.874621771149,16535.10894949254,r1,-94875.17181232669,-91184.86654949465,3690.305262832044,0.17106547876868802
598,w160025385,125.6767025694251,mfh,12483.801305090501,13870.890338989446,15604.751631363126,r1,-89536.96625988654,-81979.28775019586,7557.678509690682,0.17106547876868802
599,w160025388,125.67682776004075,mfh,12887.497210468891,14319.441344965435,16109.371513086113,r1,-92432.37493996382,-79905.89342308606,12526.481516877757,0.17106547876868802
600,w160025389,125.54291224256157,mfh,15947.091501286146,17718.990556984605,19933.864376607682,r1,-114376.55556979643,-108147.9832662735,6228.572303522931,0.17106547876868802
601,w160025392,101.23846836648882,other,7707.166695034264,8563.51855003807,9633.95836879283,nr1,-51656.92745437989,-74344.66487539535,-22687.73742101546,0.17105865328907494
602,w160025393,241.441205301648,mfh,29760.98461218925,33067.76068021028,37201.23076523656,r1,-213453.27516515405,-190049.8828684655,23403.392296688544,0.17106547876868802
603,w160025394,520.9474028991534,mfh,62962.95736238052,69958.84151375612,78703.69670297565,r2,-415695.92801854666,-166133.20645217216,249562.7215663745,0.15746988176611104
604,w160025395,347.3527018059045,mfh,41270.74084393225,45856.37871548028,51588.42605491531,r1,-296004.1449039143,-303771.72741080966,-7767.582506895356,0.17106547876868802
605,w160025396,362.18757194392384,mfh,37666.70161233902,41851.89068037669,47083.37701542377,r1,-270155.06807289436,-222603.87858097494,47551.18949191942,0.17106547876868802
606,w160025398,216.67090053744613,mfh,25759.482837806354,28621.647597562616,32199.353547257942,r1,-184753.49690004328,-168426.51532176253,16326.981578280742,0.17106547876868802
607,w160025399,277.5212213275954,mfh,34672.16062353594,38524.62291503994,43340.20077941992,r1,-248677.46610489645,-99384.1460351388,149293.32006975764,0.17106547876868802
608,w160025402,733.1297983160242,mfh,73752.53405858297,81947.26006509218,92190.66757322871,r2,-486931.19531771255,-394113.7644469439,92817.43087076867,0.15746988176611104
609,w160025403,118.93753181435167,th,13366.26539456982,14851.405993966466,16707.831743212275,r1,-95866.22090550895,-89822.43014211915,6043.790763389799,0.17106547876868802
610,w160025405,118.80893169231713,mfh,11413.826109522666,12682.02901058074,14267.282636903332,r1,-81862.83474792412,-66495.46684537701,15367.367902547106,0.17106547876868802
611,w160025406,118.8714888818562,mfh,12694.703117102687,14105.225685669651,15868.378896378357,r1,-91049.6071586634,-69345.05455280177,21704.552605861638,0.17106547876868802
612,w160025409,118.87152101863175,mfh,13545.552141340295,15050.613490378106,16931.94017667537,r1,-97152.11059600629,-89518.02784278424,7634.082753222043,0.17106547876868802
613,w160025412,678.325670054555,mfh,83112.16289052342,92346.84765613714,103890.20361315427,r2,-548725.6178828654,-219298.6272342377,329426.99064862763,0.15746988176611104
614,w160025415,1309.668819526094,mfh,134843.0872649352,149825.65251659465,168553.85908116898,r2,-890265.0803847793,-683429.5480028329,206835.53238194634,0.15746988176611104
615,w160025422,678.3786613484378,mfh,78555.95700031816,87284.39666702018,98194.9462503977,r2,-518644.49852133926,-395915.184568545,122729.31395279424,0.15746988176611104
616,w160025427,555.729584345687,mfh,68356.5049155554,75951.67212839489,85445.63114444424,r2,-451305.36965460307,-180364.54796943994,270940.82168516313,0.15746988176611104
617,w160025428,926.2977557130158,mfh,100962.61735123128,112180.68594581253,126203.2716890391,r2,-666578.4244130478,-523211.17998748476,143367.24442556308,0.15746988176611104
618,w160025434,188.0208901744336,mfh,25126.424219116037,27918.249132351153,31408.030273895045,r1,-180213.0410887919,-155254.64002637696,24958.401062414952,0.17106547876868802
619,w160025437,385.6369404070079,mfh,43222.04791881172,48024.497687568575,54027.55989851464,r1,-309999.41056509694,-247720.81767631666,62278.59288878029,0.17106547876868802
620,w160025438,514.208815998584,mfh,66439.19135967275,73821.32373296973,83048.98919959094,r2,-438646.8245146732,-175305.55039123353,263341.2741234397,0.15746988176611104
621,w160025439,231.99735509790483,mfh,23422.747428464972,26025.274920516636,29278.434285581214,r1,-167993.84217699297,-155535.51098824106,12458.331188751908,0.17106547876868802
622,w160025441,239.19352681115268,mfh,29974.211052689745,33304.67894743305,37467.76381586218,r1,-214982.58888476787,-85917.96170113578,129064.6271836321,0.17106547876868802
623,w160025442,258.45977183450015,mfh,26407.168715404667,29341.29857267185,33008.96089425583,r1,-189398.8630951843,-155078.54157278012,34320.32152240418,0.17106547876868802
624,w160025445,358.2598954875022,mfh,37036.861616907394,41152.06846323044,46296.07702113424,r1,-265637.69703807245,-221407.7692538163,44229.92778425614,0.17106547876868802
625,w160025446,282.03160609211767,mfh,32653.249972380814,36281.3888582009,40816.56246547602,r1,-234197.33057274148,-93597.14841578374,140600.18215695774,0.17106547876868802
626,w160025449,151.84076374266294,mfh,15398.815708212785,17109.79523134754,19248.51963526598,r1,-110444.18353136098,-106330.2946090899,4113.888922271071,0.17106547876868802
627,w160025451,187.46145662125198,mfh,22242.272514884975,24713.63612764997,27802.840643606218,r1,-159527.17886469277,-140718.55599982824,18808.622864864534,0.17106547876868802
628,w160025452,105.00601281486452,mfh,13097.326417448377,14552.584908275974,16371.658021810472,r1,-93937.32284537467,-89364.5544168958,4572.76842847887,0.17106547876868802
629,w160025453,104.94913844838739,mfh,14710.976976171565,16345.52997352396,18388.721220214455,r1,-105510.83095405709,-99147.00600469354,6363.824949363552,0.17106547876868802
630,w160025454,86.96602670811116,mfh,9958.714429546208,11065.238255051341,12448.393036932759,r1,-71426.40739616127,-91401.49710398,-19975.089707818726,0.17106547876868802
631,w160025455,103.15431486908346,mfh,14454.34817374303,16060.386859714477,18067.935217178787,r1,-103670.22456640261,-97724.34631702316,5945.878249379457,0.17106547876868802
632,w160025456,162.83409464433788,mfh,15439.821255317227,17155.356950352474,19299.776569146532,r1,-110738.28563999206,-86969.61127298436,23768.674367007698,0.17106547876868802
633,w160025457,103.20248084068298,mfh,13888.002639595677,15431.114043995196,17360.003299494594,r1,-99608.25179519938,-91796.98529177363,7811.266503425752,0.17106547876868802
634,w160025458,101.69107806179672,mfh,14620.583473797502,16245.09274866389,18275.729342246876,r1,-104862.50599482539,-167208.0859239626,-62345.579929137195,0.17106547876868802
635,w160025459,108.44199563004076,mfh,13875.057936342178,15416.731040380198,17343.82242042772,r1,-99515.4091241149,-96705.42709282479,2809.982031290114,0.17106547876868802
636,w160025462,124.9876569705084,mfh,15710.045915399749,17455.606572666387,19637.557394249685,r1,-112676.40494204569,-108275.06382854051,4401.341113505172,0.17106547876868802
637,w160025465,103.21026510931551,mfh,13114.320013160435,14571.466681289372,16392.90001645054,r1,-94059.2051926437,-81016.28319899828,13042.921993645417,0.17106547876868802
638,w160025467,105.14285953305661,mfh,14341.115732538854,15934.573036154281,17926.394665673568,r1,-102858.09298725861,-94014.84191334846,8843.251073910156,0.17106547876868802
639,w160025469,108.37528205253183,mfh,12119.687617749969,13466.319575277743,15149.60952218746,r1,-86925.45121399437,-85601.5884789892,1323.8627350051684,0.17106547876868802
640,w160025471,48.55004379618913,sfh,6829.869385996844,7588.743762218715,8537.336732496055,r1,-48985.54293106784,-54756.284337355995,-5770.741406288158,0.17106547876868802
641,w160025472,101.69099241122603,mfh,13375.50809475645,14861.6756608405,16719.38511844556,r1,-95932.51187846951,-38339.504255789,57593.00762268051,0.17106547876868802
642,w160025474,105.6897082787007,mfh,13340.076698786537,14822.307443096151,16675.09587348317,r1,-95678.38898529232,-97968.371773344,-2289.9827880516823,0.17106547876868802
643,w160025476,96.35599186792969,mfh,11760.455718228655,13067.17302025406,14700.569647785818,r1,-84348.94957952834,-33710.12442030567,50638.82515922267,0.17106547876868802
644,w160025477,108.4367577029392,mfh,13789.217767408181,15321.35307489798,17236.522209260227,r1,-98899.74181880042,-86725.51000810857,12174.231810691854,0.17106547876868802
645,w160025481,105.0061043202877,mfh,13105.966754568803,14562.185282854225,16382.458443211002,r1,-93999.29351875522,-78933.49941870681,15065.794100048413,0.17106547876868802
646,w160025482,103.2132654029876,mfh,14060.161845670413,15622.402050744902,17575.202307088013,r1,-100843.02096918142,-96396.59602099299,4446.424948188433,0.17106547876868802
647,w160025484,128.51466068420558,mfh,13247.347808026228,14719.275342251365,16559.184760032786,r1,-95013.31403252637,-74485.4751000914,20527.83893243497,0.17106547876868802
648,w160025486,101.26240085978061,mfh,13302.68360909849,14780.75956566499,16628.354511373112,r1,-95410.19633083325,-85303.23401964449,10106.962311188763,0.17106547876868802
649,w160025487,105.13472320698202,mfh,14158.708934601254,15731.898816223616,17698.386168251567,r1,-101549.82550419214,-95900.34327582728,5649.482228364854,0.17106547876868802
650,w160025490,87.12732640933245,mfh,12040.780464448602,13378.644960498446,15050.975580560753,r1,-86359.50924246306,-150611.73018383645,-64252.220941373394,0.17106547876868802
651,w160025492,101.576605540514,mfh,13964.916070301266,15516.57341144585,17456.145087876583,r1,-100159.89428627383,-92820.67033922956,7339.223947044273,0.17106547876868802
652,w160025494,105.68961535468698,mfh,14285.138779463909,15872.376421626564,17856.423474329884,r1,-102456.61218535266,-95503.7851922902,6952.826993062452,0.17106547876868802
653,w160025496,100.3227494932711,mfh,13748.271791453237,15275.857546059151,17185.339739316543,r1,-98606.06696945296,-93891.83142989434,4714.23553955862,0.17106547876868802
654,w160025498,53.38166442215442,th,6600.947610690868,7334.386234100964,8251.184513363583,r1,-47343.658318296366,-66759.68732784191,-19416.029009545542,0.17106547876868802
655,w160025500,108.55102695096282,mfh,13356.061664075802,14840.06851563978,16695.07708009475,r1,-95793.03718120574,-82424.71528838889,13368.32189281685,0.17106547876868802
656,w160025504,103.15687311664223,mfh,13210.204122827778,14678.004580919753,16512.75515353472,r1,-94746.91016986434,-80861.12019067943,13885.789979184905,0.17106547876868802
657,w160025505,103.09466042611747,mfh,11999.591279695112,13332.879199661236,14999.48909961889,r1,-86064.09003837482,-83464.41460880011,2599.6754295747087,0.17106547876868802
658,w160025507,85.83866344131528,mfh,11973.740029139291,13304.155587932546,14967.175036424114,r1,-85878.67836029496,-87948.81582344057,-2070.137463145613,0.17106547876868802
659,w160025509,108.27769679883495,mfh,14945.057217444468,16605.61913049385,18681.321521805585,r1,-107189.7133835949,-104885.55529410369,2304.1580894912186,0.17106547876868802
660,w160025513,105.03020258601755,mfh,11679.227174263047,12976.919082514496,14599.03396782881,r1,-83766.35800964948,-74429.13004968376,9337.22795996572,0.17106547876868802
661,w160025515,104.96566433478147,mfh,13255.429579015141,14728.255087794601,16569.286973768925,r1,-95071.27852897022,-79241.43602728932,15829.84250168089,0.17106547876868802
662,w160025517,132.51887063886969,mfh,14316.368058185923,15907.07562020658,17895.460072732403,r1,-102680.59643557564,-84992.20866223617,17688.387773339477,0.17106547876868802
663,w160032048,197.876624872908,mfh,22760.163304132715,25289.070337925237,28450.204130165894,r1,-163241.6220050424,-142641.30986578052,20600.312139261863,0.17106547876868802
664,w160032049,177.6117346536368,mfh,20420.46582699145,22689.406474434945,25525.582283739313,r1,-146460.72258591146,-180641.10189341274,-34180.37930750128,0.17106547876868802
665,w160032050,605.1206229591743,mfh,68794.57954872533,76438.42172080593,85993.22443590667,r2,-454197.63915409404,-362993.4099404726,91204.22921362147,0.15746988176611104
666,w160032051,604.9254235289991,mfh,66484.26842234895,73871.4093581655,83105.33552793619,r2,-438944.43365164055,-338547.22736382554,100397.206287815,0.15746988176611104
667,w160032052,558.9287057133391,mfh,63671.536875409336,70746.15208378815,79589.42109426166,r2,-420374.132959718,-354450.0491307139,65924.08382900408,0.15746988176611104
668,w160032053,914.9869650162756,mfh,118384.96876544278,131538.85418382531,147981.21095680346,r2,-781604.7961527451,-312368.97503951134,469235.8211132338,0.15746988176611104
669,w160032054,558.7663555394857,mfh,60610.35153484233,67344.8350387137,75762.93941855291,r2,-400163.48316987685,-322225.6218222603,77937.86134761653,0.15746988176611104
670,w160032055,915.1860893286764,mfh,117551.19343225891,130612.43714695434,146938.99179032363,r2,-776100.0196078313,-310168.9867390042,465931.03286882705,0.15746988176611104
671,w160032056,579.5610938113182,mfh,57693.31188162339,64103.67986847043,72116.63985202923,r2,-380904.5163660676,-274810.8741152021,106093.64225086547,0.15746988176611104
672,w160032057,300.306428108085,mfh,37313.43611538925,41459.37346154361,46641.79514423657,r1,-267621.3589799537,-106955.08780746066,160666.27117249303,0.17106547876868802
673,w160032058,579.3688813976943,mfh,57693.4417204568,64103.82413384089,72116.80215057099,r2,-380905.3735919129,-299048.9769350511,81856.39665686182,0.15746988176611104
674,w160032059,915.3225905947387,mfh,92194.63134061452,102438.47926734947,115243.28917576815,r2,-608690.1638512164,-243263.5054630337,365426.65838818275,0.15746988176611104
675,w160032060,914.9022733874618,mfh,89683.02969465003,99647.81077183336,112103.78711831254,r2,-592107.9920351267,-426750.052562232,165357.93947289465,0.15746988176611104
676,w160032061,434.5004198986106,mfh,54507.02112981529,60563.35681090588,68133.77641226912,r2,-359867.8918729308,-143821.48764605206,216046.40422687875,0.15746988176611104
677,w160032062,579.3681231357157,mfh,63760.568600850966,70845.07622316774,79700.7107510637,r2,-420961.94089125365,-168237.77266221738,252724.16822903627,0.15746988176611104
678,w160032063,157.0142166607082,mfh,21768.76703500984,24187.51892778871,27210.9587937623,r1,-156131.0783389528,-135195.20596229594,20935.87237665686,0.17106547876868802
679,w160032064,245.02896427586674,mfh,31648.601750868154,35165.11305652017,39560.75218858519,r1,-226991.74056739963,-180912.7852684962,46078.95529890343,0.17106547876868802
680,w160032065,177.6155174203217,mfh,23633.30432957042,26259.22703285602,29541.630411963022,r1,-169504.00928790146,-150684.05943817046,18819.949849730998,0.17106547876868802
681,w160032066,915.0334876678884,mfh,90981.15204470573,101090.16893856191,113726.44005588215,r2,-600678.4944002274,-438991.52706605766,161686.96733416978,0.15746988176611104
682,w160032067,686.1767572972923,mfh,82068.33429355826,91187.03810395363,102585.41786694783,r2,-541834.021371438,-433979.9765330612,107854.04483837687,0.15746988176611104
683,w160032068,579.4084268193692,mfh,55797.50842459628,61997.23158288475,69746.88553074535,r2,-368387.9858467988,-270453.34938759275,97934.63645920606,0.15746988176611104
684,w160032069,582.2339869499207,mfh,56337.525071553566,62597.25007950396,70421.90633944195,r2,-371953.2999712667,-267262.9788880541,104690.32108321262,0.15746988176611104
685,w160032070,655.6557445708662,mfh,64738.30461673968,71931.4495741552,80922.8807709246,r2,-427417.1789789878,-318371.99363220966,109045.18534677813,0.15746988176611104
686,w160032071,187.63290931591763,mfh,21296.262178485253,23662.513531650282,26620.327723106566,r1,-152742.1545358302,-132487.81597346996,20254.338562360237,0.17106547876868802
687,w160032072,300.05888833065984,mfh,31840.051021962732,35377.83446884748,39800.06377745341,r1,-228364.86294475477,-173061.9888623815,55302.87408237328,0.17106547876868802
688,w160032074,652.9879129000007,mfh,66119.07190804384,73465.63545338204,82648.8398850548,r2,-436533.32225721446,-336329.024993905,100204.29726330948,0.15746988176611104
689,w160032075,187.48918503960593,mfh,19824.58853199762,22027.320591108466,24780.73566499702,r1,-142186.94059010706,-134153.9508215127,8032.989768594358,0.17106547876868802
690,w160032079,410.4375718038529,mfh,56450.435111772305,62722.70567974701,70563.04388971538,r2,-372698.75802974397,-148949.35345496354,223749.40457478043,0.15746988176611104
691,w160032080,367.35827468354256,mfh,37513.62238413698,41681.802649041085,46892.027980171224,r1,-269057.1453043682,-217947.72976069248,51109.41554367574,0.17106547876868802
692,w160032082,146.62608959153295,mfh,18641.24062010344,20712.48957789271,23301.550775129297,r1,-133699.67141050455,-125139.54818561497,8560.123224889583,0.17106547876868802
693,w160032083,292.00384606306903,mfh,30643.0030164966,34047.781129440664,38303.75377062075,r1,-219779.33324450385,-170839.31379984636,48940.01944465749,0.17106547876868802
694,w160032087,547.5336022242903,mfh,60767.66004008141,67519.62226675713,75959.57505010176,r2,-401202.0701074982,-160340.72467323768,240861.34543426053,0.15746988176611104
695,w160032089,324.3052944285795,mfh,36712.527765060455,40791.69751673384,45890.65970632557,r1,-263311.4929885161,-231721.67855677087,31589.81443174524,0.17106547876868802
696,w160032093,651.9691053661052,mfh,70334.93715781553,78149.93017535059,87918.6714472694,r2,-464367.4344212674,-355601.76814838307,108765.66627288435,0.15746988176611104
697,w160032096,417.5862662355881,mfh,47555.89860683755,52839.88734093061,59444.87325854694,r1,-341082.87892107957,-279452.9410257957,61629.93789528386,0.17106547876868802
698,w160032097,55.47504670508206,th,7948.649698139474,8831.832997932748,9935.812122674342,r1,-57009.71702775847,-77898.48136458546,-20888.764336826993,0.17106547876868802
699,w160032099,154.26596265360712,mfh,19916.581628132146,22129.53514236905,24895.727035165182,r1,-142846.73823855098,-119436.1657504141,23410.57248813688,0.17106547876868802
700,w160032101,417.4909567882307,mfh,46112.95125263289,51236.61250292543,57641.18906579111,r1,-330733.69717661105,-266264.52196798084,64469.175208630215,0.17106547876868802
701,w160032104,110.95144802480935,th,12429.560392323068,13810.622658136743,15536.950490403835,r1,-89147.93677618411,-90166.80116597639,-1018.8643897922739,0.17106547876868802
702,w160032105,152.98637234792113,mfh,20848.956423449432,23165.507137166034,26061.19552931179,r1,-149533.96503347374,-59761.36740846207,89772.59762501167,0.17106547876868802
703,w160032106,115.7174410201609,mfh,13210.000451569256,14677.778279521395,16512.50056446157,r1,-94745.44938831577,-111810.26978507989,-17064.820396764117,0.17106547876868802
704,w160032107,169.80155310891567,th,20257.197734231464,22507.997482479404,25321.49716778933,r1,-145289.7227153187,-58065.152608774086,87224.57010654462,0.17106547876868802
705,w160032108,125.84912734059617,mfh,15892.879065874109,17658.7545176379,19866.098832342635,r1,-113987.73033285723,-106403.24087998865,7584.489452868584,0.17106547876868802
706,w160032109,117.1162128248019,mfh,12173.84675432335,13526.49639369261,15217.308442904186,r1,-87313.89417824261,-88214.9459218665,-901.0517436238879,0.17106547876868802
707,w160032110,214.96215275530702,mfh,27759.583627761367,30843.98180862374,34699.479534701706,r1,-199098.72337153077,-171370.07469284534,27728.648678685422,0.17106547876868802
708,w160032111,253.8681676615961,th,29680.37219464188,32978.191327379864,37100.46524330235,r1,-212875.1026090814,-192833.3789466683,20041.723662413104,0.17106547876868802
709,w160032112,125.84912488418631,th,14784.277193453934,16426.97465939326,18480.346491817418,r1,-106036.5585686882,-97441.60731277236,8594.951255915832,0.17106547876868802
710,w160032113,105.45346036842092,mfh,13847.210707174945,15385.789674638827,17309.01338396868,r1,-99315.68178486597,-93476.36907586383,5839.312709002144,0.17106547876868802
711,w160032114,381.28189064939505,mfh,38441.58971886041,42712.87746540045,48051.98714857551,r1,-275712.76068215613,-213981.36043771412,61731.40024444202,0.17106547876868802
712,w160032115,139.91205219514669,mfh,18194.998750903073,20216.66527878119,22743.748438628838,r1,-130499.11236523608,-116239.07864855224,14260.033716683844,0.17106547876868802
713,w160032116,192.1807412372902,mfh,25401.90433957016,28224.338155077952,31752.3804244627,r1,-182188.85387590443,-72811.91956467715,109376.93431122728,0.17106547876868802
714,w160032117,302.6253065098543,mfh,38132.472874110405,42369.414304567115,47665.591092638,r1,-273495.6968389934,-109302.7715794848,164192.9252595086,0.17106547876868802
715,w160032118,188.54685349911452,mfh,24193.179771566014,26881.31085729557,30241.474714457516,r1,-173519.57692908603,-155095.9905218695,18423.586407216528,0.17106547876868802
716,w160032119,301.6826584111899,mfh,37828.96424629396,42032.182495882174,47286.20530786744,r1,-271318.8565397727,-217765.20564891608,53553.65089085663,0.17106547876868802
717,w160032121,128.1140758719295,mfh,17251.90075647625,19168.778618306944,21564.87594559531,r1,-123734.9760863025,-107525.4919361213,16209.484150181204,0.17106547876868802
718,w160032123,387.4767547928728,mfh,54442.01474559972,60491.1274951108,68052.51843199965,r2,-359438.7047707733,-334449.54254788737,24989.162222885934,0.15746988176611104
719,w160032125,297.0948597435839,mfh,31398.011390583837,34886.67932287093,39247.51423822979,r1,-225194.4434072245,-183071.70482694576,42122.73858027873,0.17106547876868802
720,w160032126,464.2806208854541,mfh,50568.14004669606,56186.82227410674,63210.17505837008,r2,-333862.4928924144,-273378.09394648863,60484.39894592576,0.15746988176611104
721,w160032127,228.89082276217522,mfh,26202.43345212795,29113.81494680883,32753.041815159933,r1,-187930.45023661523,-178354.8780613832,9575.572175232024,0.17106547876868802
722,w160032128,268.14993185095955,mfh,30473.596445371426,33859.55160596825,38091.99555671428,r1,-218564.30666146678,-256214.9550334355,-37650.64837196871,0.17106547876868802
723,w160032129,100.24086796883493,mfh,13847.774666178364,15386.416295753737,17309.718332722954,r1,-99319.72664083788,-92847.74096294094,6471.985677896941,0.17106547876868802
724,w160032130,150.2635816658847,mfh,14029.486662093666,15588.318513437407,17536.858327617083,r1,-100623.01082885606,-84051.11572652822,16571.895102327835,0.17106547876868802
725,w160032131,100.12314690686762,mfh,14135.939899488163,15706.599888320181,17669.924874360204,r1,-101386.52025133942,-94981.9702632073,6404.549988132116,0.17106547876868802
726,w160032132,257.78643680289383,mfh,32040.0698986087,35600.07766512078,40050.087373260874,r1,-229799.44869086784,-200271.51646088992,29527.932229977916,0.17106547876868802
727,w160032133,136.6476590367034,mfh,17304.298376071107,19226.998195634562,21630.372970088883,r1,-124110.78500724789,-107234.43835751317,16876.346649734725,0.17106547876868802
728,w160032134,132.71697852164507,th,15243.003074861019,16936.67008317891,19053.753843576273,r1,-109326.65609285612,-107618.26024723312,1708.395845623003,0.17106547876868802
729,w160032135,165.9338162511587,mfh,22655.11538553312,25172.350428370133,28318.8942319164,r1,-162488.19188280168,-144602.89049621808,17885.301386583596,0.17106547876868802
730,w160032136,153.4784858365543,mfh,20651.507489251788,22946.119432501986,25814.384361564735,r1,-148117.81156168654,-146505.65777191974,1612.1537897668022,0.17106547876868802
731,w160032137,244.7570460377261,mfh,31882.694606522888,35425.21622946987,39853.368258153605,r1,-228670.7134704601,-186556.8405621588,42113.8729083013,0.17106547876868802
732,w160032138,345.56507694348693,mfh,33660.554635708184,37400.61626189798,42075.693294635224,r1,-241421.9732476447,-189920.23892772954,51501.73431991515,0.17106547876868802
733,w160032139,170.051029805094,mfh,20953.231302739754,23281.36811415528,26191.53912842469,r1,-150281.85072314454,-128687.74969256762,21594.101030576916,0.17106547876868802
734,w160032140,210.13578363517297,mfh,25061.983224774885,27846.648027527648,31327.479030968607,r1,-179750.85405176142,-169936.29416469808,9814.55988706334,0.17106547876868802
735,w160032141,252.5825279586017,mfh,26752.030081941455,29724.477868823837,33440.03760242682,r1,-191872.29564872483,-157012.40352803093,34859.8921206939,0.17106547876868802
736,w160032142,252.46278136584442,mfh,34459.97295454553,38288.858838383916,43074.96619318191,r1,-247155.60271610535,-98775.93212799956,148379.6705881058,0.17106547876868802
737,w160032143,236.73276664549485,mfh,29576.02728282697,32862.25253647441,36970.03410353371,r1,-212126.71462851067,-172630.20227834777,39496.5123501629,0.17106547876868802
738,w160032144,216.15235636769793,mfh,24178.437367510116,26864.93040834457,30223.046709387643,r1,-173413.84069520308,-152769.80149994418,20644.039195258898,0.17106547876868802
739,w160032145,143.2480424195528,mfh,18000.89068230275,20000.989647003054,22501.113352878438,r1,-129106.92042271036,-51597.68287177769,77509.23755093268,0.17106547876868802
740,w160032146,425.3107569515705,mfh,43179.60460429989,47977.3384492221,53974.50575537486,r1,-309694.9964266043,-252503.9930336896,57191.00339291469,0.17106547876868802
741,w160032147,237.48158785337583,mfh,32014.72814949744,35571.92016610827,40018.4101868718,r1,-229617.69128543587,-203103.79249011655,26513.898795319314,0.17106547876868802
742,w160032148,183.97369813346305,th,23560.800292201195,26178.66699133466,29451.000365251493,r1,-168983.99207607782,-147331.88740322224,21652.10467285558,0.17106547876868802
743,w160032149,343.71558685973287,mfh,34361.6584028396,38179.620447599555,42952.0730035495,r1,-246450.46599662234,-200660.77633178135,45789.68966484099,0.17106547876868802
744,w160032150,136.78365420317277,mfh,19017.245100468906,21130.27233385434,23771.556375586133,r1,-136396.47021795766,-123800.4149595844,12596.05525837325,0.17106547876868802
745,w160032151,156.68413198292254,mfh,18994.198311231074,21104.66479025675,23742.74788903884,r1,-136231.1728425865,-146459.67026674547,-10228.497424158966,0.17106547876868802
746,w160032152,131.687454425171,th,16816.435705141692,18684.928561268545,21020.544631427114,r1,-120611.7110922655,-48202.565743071435,72409.14534919406,0.17106547876868802
747,w160032153,131.7784823913127,mfh,14664.81319433541,16294.236882594898,18331.01649291926,r1,-105179.73268713678,-81497.72771942303,23682.004967713758,0.17106547876868802
748,w160032155,131.65618118494749,mfh,16155.971644692994,17951.079605214436,20194.96455586624,r1,-115874.69655229934,-97474.22193038814,18400.4746219112,0.17106547876868802
749,w160032156,597.6746075108182,mfh,62825.58869422202,69806.20966024668,78531.98586777752,r2,-414788.9884721375,-359016.70668210206,55772.28179003543,0.15746988176611104
750,w160032157,145.99030133634804,mfh,18497.65764028637,20552.95293365152,23122.072050357958,r1,-132669.8581264584,-188180.9466642959,-55511.088537837495,0.17106547876868802
751,w160032158,192.3817300193943,mfh,24447.84564861781,27164.27294290868,30559.807060772262,r1,-175346.10472169303,-144758.18512452356,30587.91959716947,0.17106547876868802
752,w160032159,156.72131929650496,mfh,19753.449044420944,21948.276716023272,24691.81130552618,r1,-141676.710272976,-115658.7428133749,26017.96745960109,0.17106547876868802
753,w160032160,462.61881872685626,other,21516.45961733097,23907.177352589966,26895.57452166371,nr1,-144213.07304066545,-165514.60033110995,-21301.5272904445,0.17105865328907494
754,w160032161,876.0951372385025,trade,41598.98809684389,46221.0978853821,51998.73512105486,nr1,-278815.28910991387,-111434.03708305131,167381.25202686255,0.17105865328907494
755,w160032162,197.75498196221892,mfh,21819.024375477275,24243.36041719697,27273.78046934659,r1,-156491.53663909488,-131760.87077210922,24730.665866985655,0.17106547876868802
756,w160032163,355.37988740094,mfh,43004.925360010486,47783.25040001165,53756.1567000131,r1,-308442.1529040256,-243884.59132986667,64557.56157415896,0.17106547876868802
757,w160032164,218.83437259588393,mfh,24626.450963512878,27362.723292792085,30783.063704391097,r1,-176627.10701120197,-152939.07961343863,23688.027397763333,0.17106547876868802
758,w160032165,192.38173281145282,mfh,24614.11645560697,27349.018284007743,30767.645569508713,r1,-176538.64081479164,-143786.44218530503,32752.198629486607,0.17106547876868802
759,w160032166,5513.669180350005,other,296885.1769801247,329872.41886680527,371106.47122515587,nr2,-1831786.212638084,-1774948.3650904763,56837.84754760773,0.15746988176611104
760,w160032167,119.51807446111924,mfh,13433.338114289052,14925.931238098947,16791.672642861315,r1,-96347.28333959391,-84484.56453112699,11862.718808466918,0.17106547876868802
761,w160032168,107.41719602905214,th,13873.999853026246,15415.555392251383,17342.499816282805,r1,-99507.82028415792,-39768.379088226415,59739.441195931504,0.17106547876868802
763,w160032170,37.81535124108195,sfh,4769.791538029326,5299.76837558814,5962.239422536657,r0,-41978.38863450995,-49152.42239500518,-7174.033760495229,0.2099100416331936
764,w160032171,82.13437312801835,th,9646.465808249995,10718.295342499994,12058.082260312494,r1,-69186.88166305827,-66886.77274043977,2300.1089226184995,0.17106547876868802
765,w160032172,100.39566505721304,th,14312.979822175337,15903.310913528152,17891.22477771917,r1,-102656.29515378285,-103828.46082028125,-1172.1656664984039,0.17106547876868802
766,w160032173,119.7984774223063,mfh,12295.751901574888,13661.94655730543,15369.689876968609,r1,-88188.22858886131,-74220.17006880356,13968.058520057748,0.17106547876868802
767,w160032174,119.65868240431882,mfh,13051.979082176204,14502.19898019578,16314.973852720253,r1,-93612.08033878457,-77440.1342893232,16171.94604946136,0.17106547876868802
768,w160032175,69.26172256879508,th,7386.415528105403,8207.128364561559,9233.019410131752,r1,-52977.23199517721,-63482.295971983534,-10505.063976806327,0.17106547876868802
769,w160032176,103.52918697646818,th,13372.589931875937,14858.433257639928,16715.73741484492,r1,-95911.58207952543,-91709.87362678252,4201.708452742911,0.17106547876868802
770,w160032177,62.96843930834439,th,7111.322358229594,7901.469286921771,8889.152947786992,r1,-51004.194515042705,-20383.866682755386,30620.32783228732,0.17106547876868802
771,w160032178,300.84989367914386,mfh,31793.30178992664,35325.89087769627,39741.6272374083,r1,-228029.56568158994,-202299.4292601653,25730.136421424628,0.17106547876868802
772,w160127708,318.335366258584,mfh,40928.439383668316,45476.04375963146,51160.54922958539,r1,-293549.07264272217,-260757.17768350238,32791.89495921979,0.17106547876868802
773,w160127710,130.057766958978,mfh,19160.41845180246,21289.353835336067,23950.523064753073,r1,-137423.34554337955,-54921.34874962703,82501.9967937525,0.17106547876868802
774,w160127712,149.28690248169005,mfh,19893.976263748034,22104.41807083115,24867.470329685042,r1,-142684.60687337723,-133011.52469385203,9673.082179525198,0.17106547876868802
775,w160127717,149.4986190713942,mfh,20018.073736971855,22242.30415219095,25022.59217121482,r1,-143574.6651978755,-133380.40151769432,10194.263680181175,0.17106547876868802
776,w160127718,161.62649620659647,mfh,19998.168014560528,22220.18668284503,24997.710018200658,r1,-143431.8963446741,-132857.91362300926,10573.982721664855,0.17106547876868802
777,w160127719,242.7560603125021,mfh,26016.569220877962,28907.299134308847,32520.71152609745,r1,-186597.38517128417,-157702.3134428486,28895.071728435578,0.17106547876868802
778,w164087844,70.24407002975931,other,5531.1032271675895,6145.670252408432,6913.879033959486,nr1,-37071.962947495645,-64337.48472132285,-27265.521773827204,0.17105865328907494
779,w164087850,88.49543042890728,other,9571.515035104732,10635.016705671924,11964.393793880914,nr1,-64152.63576892358,-105805.912853208,-41653.277084284426,0.17105865328907494
780,w164087857,77.59434223277493,other,5732.685063821826,6369.65007091314,7165.856329777282,nr1,-38423.0558619486,-60905.209392570076,-22482.15353062148,0.17105865328907494
786,w164088149,49.229225591477004,other,5037.637509600219,5597.37501066691,6297.046887000274,nr1,-33764.531853521126,-60147.09250037494,-26382.560646853817,0.17105865328907494
788,w164088153,80.69597001839429,other,6314.859681225849,7016.51075691761,7893.574601532311,nr1,-42325.05424436289,-78727.2495220353,-36402.195277672414,0.17105865328907494
791,w164088159,54.065223559696456,other,5119.410322922457,5688.233692136064,6399.262903653072,nr1,-34312.610343668355,-55525.37286168153,-21212.762518013173,0.17105865328907494
793,w164088169,56.479432658094446,other,4565.7132450906565,5073.014716767396,5707.14155636332,nr0,-37522.56404780551,-59919.63183560055,-22397.067787795044,0.20974668515445452
795,w164088175,32.08830586867407,other,2825.594723491785,3139.54969276865,3531.993404364731,nr0,-23221.685921551252,-38044.82895239791,-14823.143030846659,0.20974668515445452
799,w164088182,35.81288355943252,other,2845.4381235960636,3161.597915106737,3556.7976544950793,nr0,-23384.7656445583,-38643.680273717655,-15258.914629159353,0.20974668515445452
800,w359788107,586.4023264580406,other,46109.15580262688,51232.39533625209,57636.4447532836,nr1,-309044.47905786574,-339784.1859449776,-30739.706887111883,0.17105865328907494
801,w377595955,68.13203878551721,other,5269.498540512313,5854.998378347015,6586.873175640391,nr1,-35318.56966368562,-14115.763931697289,21202.805731988334,0.17105865328907494
802,w377595956,85.03076633159071,other,6722.920315991011,7469.911462212234,8403.650394988763,nr1,-45060.061730399684,-70692.32850141938,-25632.2667710197,0.17105865328907494
805,w377595969,38.68702136902139,other,3090.1691164444,3433.521240493778,3862.7113955555,nr0,-25396.047094068697,-38698.64711561622,-13302.600021547525,0.20974668515445452
814,w377595984,35.49371746703982,other,2841.029831970761,3156.699813300845,3551.287289963451,nr0,-23348.53682422455,-32439.518616819874,-9090.981792595325,0.20974668515445452
818,w377595990,36.364706988167015,other,2791.57936980043,3101.754855333811,3489.474212250537,nr0,-22942.136326783108,-30751.486543097144,-7809.3502163140365,0.20974668515445452
819,w377595993,54.98309161569923,other,4220.0307815631595,4688.923090625733,5275.038476953949,nr0,-34681.62952528357,-45720.20295764025,-11038.57343235668,0.20974668515445452
823,w377596001,68.93592455182224,other,4836.798385703419,5374.220428559354,6045.997982129273,nr0,-39750.43273009476,-53092.27036498874,-13341.837634893978,0.20974668515445452
825,w377596004,35.535723760165276,other,2630.7606042728767,2923.067338080974,3288.450755341096,nr0,-21620.473728702702,-33996.29187375507,-12375.81814505237,0.20974668515445452
827,w377596008,41.66994294051546,other,3243.63691899437,3604.041021104855,4054.546148742962,nr0,-26657.297010858612,-39278.21576973707,-12620.918758878459,0.20974668515445452
831,w377596012,33.714099188242116,other,2925.7385905314077,3250.8206561460083,3657.1732381642596,nr0,-24044.701836760036,-35703.71062784013,-11659.008791080098,0.20974668515445452
836,w377596021,41.97082374822348,other,3488.321395519886,3875.9126616887625,4360.401744399857,nr0,-28668.196173613665,-38334.957419384766,-9666.7612457711,0.20974668515445452
838,w377596023,32.13139781658538,other,2490.0711216668888,2766.7456907409874,3112.5889020836107,nr0,-20464.24033458577,-32212.9710338065,-11748.73069922073,0.20974668515445452
844,w377596038,30.39147779517807,other,2398.685899783123,2665.2065553145812,2998.357374728904,nr0,-19713.20590533343,-7878.772089197608,11834.433816135823,0.20974668515445452
847,w377596043,50.74534401865676,other,3919.317771017566,4354.797523352851,4899.1472137719575,nr0,-32210.269062526033,-43003.816246498776,-10793.547183972743,0.20974668515445452
848,w377596044,31.44567816138733,other,2904.869813374752,3227.633125971947,3631.08726671844,nr0,-23873.195220942238,-32787.52915502794,-8914.333934085706,0.20974668515445452
861,w377596072,32.00744857888203,other,2718.9974702297686,3021.108300255298,3398.7468377872106,nr0,-22345.63391212096,-34384.503028500345,-12038.869116379385,0.20974668515445452
863,w377596074,30.798605113010854,other,2855.316162411527,3172.5735137905854,3569.1452030144083,nr0,-23465.946683362807,-35040.260048949545,-11574.313365586739,0.20974668515445452
877,w377596096,31.32093481458723,other,2660.043472138398,2955.603857931553,3325.0543401729974,nr0,-21861.130166372965,-30471.56234970567,-8610.432183332705,0.20974668515445452
882,w377596101,34.10184732507914,other,2734.2308274665847,3038.0342527406497,3417.788534333231,nr0,-22470.826755363178,-32794.94492066162,-10324.118165298441,0.20974668515445452
886,w377596106,35.077698366669935,other,2779.2898943774467,3088.099882641607,3474.112367971808,nr0,-22841.13729247699,-32424.117582173767,-9582.980289696778,0.20974668515445452
893,w377596115,40.14825235735625,other,3192.6172371227067,3547.352485691896,3990.771546403383,nr0,-26238.000139162472,-39335.194124668706,-13097.193985506234,0.20974668515445452
895,w377596117,32.339281557500364,other,2797.665055321845,3108.5167281353833,3497.081319152306,nr0,-22992.15053321573,-33736.67993409013,-10744.529400874399,0.20974668515445452
899,w377596123,32.752713098051025,other,2913.410473739367,3237.1227485992963,3641.7630921742084,nr0,-23943.385234712026,-36615.78931610741,-12672.404081395383,0.20974668515445452
901,w377596125,37.63718191203661,other,2922.0877489035165,3246.7641654483514,3652.6096861293954,nr0,-24014.69799476267,-35256.49493807684,-11241.796943314166,0.20974668515445452
909,w377596135,73.15242530554532,other,5088.204744337678,5653.560827041864,6360.255930422097,nr1,-34103.45639995458,-51437.41179939152,-17333.95539943694,0.17105865328907494
916,w377596142,40.572792674647644,other,3113.8461841117532,3459.8290934575034,3892.3077301396916,nr0,-25590.63318397869,-38407.69242162983,-12817.059237651138,0.20974668515445452
917,w377596143,37.61386710904771,other,2745.329396719578,3050.3659963550867,3431.6617458994724,nr0,-22562.038523005886,-34441.460520789966,-11879.42199778408,0.20974668515445452
918,w377596145,32.806498026452026,other,2693.449218590027,2992.721353988919,3366.811523237534,nr0,-22135.669804214616,-30236.282915701264,-8100.6131114866475,0.20974668515445452
919,w377596147,34.850180151499806,other,2595.9189583634725,2884.354398181636,3244.8986979543406,nr0,-21334.133387120295,-8526.607771706284,12807.525615414012,0.20974668515445452
929,w377596159,36.51154847629368,other,2488.2164818409556,2764.684979823284,3110.2706023011942,nr0,-20448.998281938464,-31602.151730854835,-11153.153448916371,0.20974668515445452
931,w377596161,32.13265920560807,other,2649.7963962137605,2944.2182180152895,3312.2454952672006,nr0,-21776.916256728433,-32987.74180358729,-11210.825546858858,0.20974668515445452
934,w377596166,38.724472055921794,other,2981.905002903568,3313.227781003964,3727.38125362946,nr0,-24506.296267342364,-9794.425319146423,14711.870948195941,0.20974668515445452
935,w377596167,41.94859704792034,other,3114.8432704850466,3460.9369672056073,3893.554088106308,nr0,-25598.827574492236,-40533.1781603257,-14934.350585833461,0.20974668515445452
936,w377596168,31.29673577034846,other,2563.979256552608,2848.865840614009,3204.97407069076,nr0,-21071.642196252225,-31263.01570446529,-10191.373508213066,0.20974668515445452
937,w377596169,36.7579496475868,other,3082.2442820121273,3424.7158689023636,3852.805352515159,nr0,-25330.918144528794,-34616.82626146526,-9285.908116936469,0.20974668515445452
940,w379327852,945.496160332486,other,38030.77627777757,42256.41808641952,47538.47034722196,nr1,-254899.51482179202,-397523.6752606135,-142624.16043882148,0.17105865328907494
941,w379327862,94.51021252730861,other,9084.066665311519,10093.407405901688,11355.083331639398,nr1,-60885.53566942951,-94902.00762481372,-34016.47195538421,0.17105865328907494
942,w387435839,3594.435384737421,other,196483.33588232234,218314.8176470248,245604.1698529029,nr2,-1212305.2735181542,-1272701.278281508,-60396.00476335385,0.15746988176611104
943,w387435840,942.2609318409114,other,56823.35165188755,63137.05739098616,71029.18956485944,nr2,-350600.9736511075,-452283.45762758324,-101682.48397647572,0.15746988176611104
944,w390787314,132.5826213063672,other,9844.203167691367,10938.003519657073,12305.253959614207,nr1,-65980.31533523864,-85419.64647779509,-19439.331142556446,0.17105865328907494
945,w390787315,330.5195846647024,other,28537.57339615315,31708.414884614613,35671.966745191436,nr1,-191271.76263086803,-213979.92068977075,-22708.158058902714,0.17105865328907494
946,w390787316,150.59577141329646,other,12304.720854223664,13671.912060248515,15380.90106777958,nr1,-82471.82105488397,-32961.4921587524,49510.32889613157,0.17105865328907494
947,w390789514,104.66224040389062,trade,10397.319493968453,11552.577215520503,12996.649367460564,nr1,-69687.55186857298,-173330.05313452156,-103642.50126594858,0.17105865328907494
948,w390789515,335.6007874913513,trade,25636.797863414322,28485.330959349245,32045.997329267902,nr1,-171829.44910822483,-161843.2326226289,9986.216485595942,0.17105865328907494
949,w390790006,38.98714106846601,trade,2776.3285059702725,3084.8094510780807,3470.4106324628406,nr0,-22816.799608480276,-55954.687630747314,-33137.88802226704,0.20974668515445452
950,w390793102,268.1788772383239,sfh,30059.790808766775,33399.76756529642,37574.738510958465,r1,-215596.38844350277,-176048.8273783745,39547.56106512828,0.17106547876868802
951,w390793103,629.0808588726446,th,87553.79058492262,97281.98953880291,109442.23823115327,r2,-578050.2656389971,-481934.592238005,96115.67340099206,0.15746988176611104
952,w390793104,761.76513240356,mfh,80676.55852455663,89640.6205828407,100845.69815569579,r2,-532645.1975911474,-405666.86507248174,126978.33251866564,0.15746988176611104
953,w390793105,324.12222724705936,th,47118.253767594215,52353.615297326905,58897.817209492765,r1,-337943.9799393115,-311365.1858691801,26578.794070131436,0.17106547876868802
954,w390793106,1475.9963392082602,mfh,145242.0290743921,161380.03230488012,181552.53634299012,r2,-958921.2863030207,-597184.294038891,361736.9922641297,0.15746988176611104
955,w390793107,895.6360460046678,mfh,90245.7910168643,100273.10112984922,112807.23877108037,r2,-595823.4717376507,-238121.3217821674,357702.14995548327,0.15746988176611104
956,w390793108,286.70933025064875,mfh,25575.074405456515,28416.749339396127,31968.843006820643,r1,-183430.87319098014,-136576.00544306147,46854.86774791867,0.17106547876868802
957,w390793793,117.72837251536548,mfh,12242.925925452717,13603.251028280796,15303.657406815895,r1,-87809.347387046,-81587.19801660172,6222.149370444284,0.17106547876868802
958,w390794364,96.81251710766227,sfh,13040.642047928714,14489.602275476347,16300.802559910891,r1,-93530.76827460657,-121898.61753122688,-28367.849256620306,0.17106547876868802
959,w475684695,267.0884538785554,mfh,32327.72471892473,35919.69413213859,40409.65589865591,r1,-231862.58149086105,-199936.41638057164,31926.16511028941,0.17106547876868802
960,w620369477,3702.806372543797,other,329831.05954184383,366478.95504649315,412288.8244273048,nr2,-2035062.8263566287,-813353.0524187463,1221709.7739378824,0.15746988176611104
961,w620369478,20480.360502976928,other,1687025.1117225294,1874472.3463583658,2108781.3896531616,nr2,-10408971.480022505,-4160151.036208035,6248820.4438144695,0.15746988176611104
962,w993163452,1412.2592688187956,other,69902.24125333331,77669.15694814813,87377.80156666663,nr2,-431297.9282523399,-512366.59694263304,-81068.66869029315,0.15746988176611104
963,w993163453,1066.3710880815981,other,51293.74656664398,56993.051740715535,64117.183208304974,nr2,-316483.2232820458,-369950.19543509843,-53466.97215305263,0.15746988176611104
964,w993163454,1257.084109787643,other,59883.17288306017,66536.85875895574,74853.96610382521,nr2,-369480.1187853038,-417253.30296121637,-47773.18417591258,0.15746988176611104
965,w993163455,1355.0658122852444,mfh,137933.86271477625,153259.84746086248,172417.3283934703,r2,-910671.0908827276,-363950.42182105494,546720.6690616726,0.15746988176611104
966,w993163456,1286.649396429956,mfh,130250.32129646631,144722.5792182959,162812.90162058288,r2,-859942.5829765587,-642719.0378716929,217223.5451048658,0.15746988176611104
967,w993163457,923.1744978809729,ab,96260.7750734298,106956.41674825533,120325.96884178725,r2,-635535.7801195426,-478453.52296094975,157082.25715859287,0.15746988176611104
968,w993163458,923.3917086940259,ab,96786.7143031862,107540.7936702069,120983.39287898275,r2,-639008.1518973901,-475679.37513229466,163328.77676509548,0.15746988176611104
969,w993163460,1313.604391914094,ab,125644.15428679457,139604.6158742162,157055.1928584932,r2,-829531.6088116452,-630693.3609449439,198838.24786670133,0.15746988176611104
970,w993163461,1099.8535498690792,ab,118342.74284405124,131491.93649339027,147928.42855506405,r2,-781326.0109063935,-598252.805089712,183073.2058166815,0.15746988176611104
971,w993164648,226.1375619597733,ab,25333.36690212359,28148.18544680399,31666.708627654487,r1,-181697.28611747734,-199943.57687232347,-18246.290754846123,0.17106547876868802
972,w993164649,158.37299746889622,other,12554.80104281894,13949.778936465487,15693.501303523673,nr1,-84147.97192474476,-114851.68930545759,-30703.717380712827,0.17105865328907494
973,w993164650,163.5844805765897,other,11822.83966197053,13136.48851330059,14778.549577463164,nr1,-79242.03470474725,-105061.53462943739,-25819.499924690143,0.17105865328907494
974,w993164651,162.24389737509188,other,11008.365752407117,12231.517502674575,13760.457190508896,nr1,-73783.06108647706,-98780.74364655357,-24997.682560076515,0.17105865328907494
975,w993164652,173.63842588849366,other,12537.52789010725,13930.586544563612,15671.909862634062,nr1,-84032.19941951128,-112446.4946890515,-28414.29526954022,0.17105865328907494
976,w1006795433,259.34726619906723,mfh,31206.31317629144,34673.68130699049,39007.8914703643,r1,-223819.5355465731,-179321.0019347152,44498.533611857914,0.17106547876868802
977,w1006849999,188.95288848243652,other,12692.659037467965,14102.954486075516,15865.823796834957,nr1,-85071.95874251779,-113932.25380714783,-28860.295064630045,0.17105865328907494
978,w1007159125,240.08975319266318,education,18188.745430473453,20209.717144970502,22735.931788091813,nr1,-121909.22298248981,-151685.3789505648,-29776.155968074992,0.17105865328907494
979,w1007160095,265.99824453517795,sfh,29700.45869061807,33000.5096562423,37125.57336327258,r1,-213019.16801580696,-185498.7453327884,27520.42268301855,0.17106547876868802
980,w1007176059,713.9090096209663,trade,44584.74507920726,49538.60564356363,55730.93134900908,nr1,-298827.186858762,-360788.8382129756,-61961.651354213594,0.17105865328907494
981,w1029411791,412.32884333096445,trade,24243.8769969841,26937.64110776011,30304.846246230125,nr1,-162493.46157946953,-212004.14387405745,-49510.682294587925,0.17105865328907494
982,w1030080397,647.4037659055554,other,30520.396752890152,33911.551947655724,38150.49594111269,nr1,-204561.54425188922,-282308.33583889314,-77746.79158700391,0.17105865328907494
983,w1030080398,123.65970464986749,other,6312.042173885407,7013.380193206007,7890.052717356758,nr1,-42306.17003203864,-59287.73669469413,-16981.566662655496,0.17105865328907494
984,w1030080399,86.80603968682699,other,6773.282403048039,7525.869336720043,8466.603003810047,nr1,-45397.61128401609,-67573.69864326989,-22176.087359253797,0.17105865328907494
985,w1036126248,1409.4026292502879,trade,62527.62490135226,69475.13877928029,78159.53112669032,nr2,-385796.42934133625,-494347.45620715537,-108551.02686581912,0.15746988176611104
986,w1036126249,536.9865712554193,mfh,58786.42745363585,65318.25272626206,73483.0343170448,r2,-388121.516824352,-316565.7541889349,71555.76263541705,0.15746988176611104
987,w1036126250,784.2879224468953,mfh,83022.8157791949,92247.57308799434,103778.51972399362,r2,-548135.7277011555,-403782.08948209014,144353.63821906532,0.15746988176611104
988,w1036126251,422.468481163308,mfh,52845.09736255475,58716.77484728305,66056.37170319344,r2,-348895.4888653772,-303400.8374712129,45494.651394164306,0.15746988176611104
989,w1036680208,878.3984476357698,mfh,87023.10356131091,96692.33729034546,108778.87945163864,r2,-574546.547833971,-449513.782230218,125032.76560375298,0.15746988176611104
990,w1075387093,82.43980132825672,other,6640.5639729472905,7378.404414385878,8300.704966184112,nr1,-44508.07215934778,-65198.53348005352,-20690.46132070574,0.17105865328907494
991,w1075387094,82.56877346616238,other,5523.9930738652965,6137.770082072551,6904.99134233162,nr1,-37024.30747462742,-43072.423214728195,-6048.115740100773,0.17105865328907494
992,w1075387095,130.11354850369972,other,4922.185612555075,5469.095125061194,6152.732015693843,nr0,-40452.173622791175,-43848.46994241024,-3396.2963196190613,0.20974668515445452
993,w1075387096,86.78853361294604,other,5651.038189360073,6278.931321511192,7063.797736700091,nr1,-37875.821471175004,-45127.79986403189,-7251.978392856887,0.17105865328907494
994,w1075387097,130.27800867820625,other,5001.394598025604,5557.105108917338,6251.743247532005,nr1,-33521.615418983434,-41684.661873958146,-8163.046454974712,0.17105865328907494
995,w1075387098,130.18280181584413,other,4914.504272727153,5460.56030303017,6143.1303409089405,nr0,-40389.045793645084,-43674.47113353297,-3285.4253398878864,0.20974668515445452
996,w1075387099,86.85200681062415,other,7574.079042728552,8415.643380809503,9467.598803410689,nr1,-50764.913635000674,-70867.78764546556,-20102.87401046489,0.17105865328907494
997,w1107949539,145.45949292609,other,7234.128086910359,8037.920096567066,9042.660108637949,nr1,-48486.408114410086,-19378.550642232392,29107.857472177693,0.17105865328907494
998,w1107949540,113.13991883732378,other,8157.082843669978,9063.42538185553,10196.353554587471,nr1,-54672.46958163185,-72263.61396858623,-17591.14438695438,0.17105865328907494
999,w1108636740,113.13954655230044,other,8437.78627390423,9375.318082115811,10547.232842380286,nr1,-56553.87130882545,-73917.59925542126,-17363.727946595805,0.17105865328907494
1000,w1108636741,169.70950587596744,other,6388.827258846157,7098.696954273508,7986.034073557696,nr1,-42820.81850408369,-51710.52881156621,-8889.71030748252,0.17105865328907494
1001,w1108636742,113.35190696045755,other,7307.257952288273,8119.1755025425255,9134.072440360342,nr1,-48976.557646664194,-57026.85944995782,-8050.301803293623,0.17105865328907494
1002,w1108636743,97.02220907397567,other,8465.714383767012,9406.34931529668,10582.142979708764,nr1,-56741.05817037981,-73530.51989935525,-16789.46172897544,0.17105865328907494
1003,w1108636744,97.02139693088829,other,6248.685707876577,6942.984119862863,7810.857134845721,nr1,-41881.52625594221,-50508.88042745765,-8627.354171515435,0.17105865328907494
1004,w1108636745,97.02220705058426,other,6051.606396825816,6724.00710758424,7564.507996032269,nr1,-40560.6113106008,-47796.40886126083,-7235.797550660034,0.17105865328907494
1005,w1108636746,96.97299731615931,other,6049.968200571248,6722.186889523609,7562.46025071406,nr1,-40549.63137615449,-47770.104253952166,-7220.472877797678,0.17105865328907494
1006,w1108636747,96.97299630921333,other,6204.737122419419,6894.152358243799,7755.921403024274,nr1,-41586.96289945665,-49762.610842525515,-8175.647943068863,0.17105865328907494
1007,w1108636748,93.15071205198764,other,7049.813241953456,7833.125824392729,8812.266552441819,nr1,-47251.04641127752,-61509.843772472006,-14258.797361194484,0.17105865328907494
1008,w1108636749,139.88183319568634,other,5418.6318681190805,6020.702075687867,6773.28983514885,nr1,-36318.12887786178,-45757.13907395205,-9439.010196090268,0.17105865328907494
1009,w1108636750,139.7263257611543,other,5255.293421448891,5839.2149127209905,6569.116776811114,nr1,-35223.36051173971,-43952.166526250076,-8728.806014510366,0.17105865328907494
1010,w1108636751,139.8837134392932,other,5137.657930030147,5708.508811144608,6422.072412537684,nr1,-34434.91408431345,-41462.069754616925,-7027.155670303473,0.17105865328907494
1011,w1108636752,93.1510556358844,other,5632.758798770266,6258.620887522518,7040.9484984628325,nr1,-37753.30470321457,-44992.390936523465,-7239.086233308895,0.17105865328907494
1012,w1108636753,93.25489941500128,other,5561.032789158997,6178.925321287774,6951.290986448746,nr1,-37272.56444915093,-45023.05700187343,-7750.492552722499,0.17105865328907494
1013,w1108636754,139.72684112749994,other,6793.787494520834,7548.652771689815,8492.234368151043,nr1,-45535.045708956975,-66075.56118539185,-20540.515476434877,0.17105865328907494
1014,w1159236388,245.9913005110109,other,17161.798074090097,19068.664526766774,21452.24759261262,nr1,-115026.15593758707,-183596.34177651137,-68570.1858389243,0.17105865328907494
1015,w1159236389,122.96537718712352,other,11214.556910810714,12460.618789789682,14018.19613851339,nr1,-75165.04776625808,-124567.59771631988,-49402.5499500618,0.17105865328907494
1016,w1159236390,245.9301320978673,other,9422.640053648083,10469.600059608982,11778.300067060103,nr1,-63154.80810784118,-133413.12223953783,-70258.31413169665,0.17105865328907494
1017,w1219742100,99.15745026543736,other,6796.05397685548,7551.171085394977,8495.06747106935,nr1,-45550.23670172647,-65894.51796705024,-20344.28126532377,0.17105865328907494
1018,w1219742101,534.7382739499211,other,26665.5596979286,29628.399664365108,33331.94962241074,nr1,-178724.67760867736,-238859.72784722713,-60135.05023854977,0.17105865328907494
1019,w1219742102,331.85329187787136,other,16686.177045042114,18540.19671671346,20857.72130630264,nr1,-111838.32804109964,-147419.6775881207,-35581.34954702108,0.17105865328907494
1020,w1219742103,321.63751182574777,other,17114.566871985295,19016.185413316995,21393.208589981616,nr1,-114709.5909952091,-153883.73864567545,-39174.147650466344,0.17105865328907494
1021,w1219742104,906.7466930493712,other,37559.58202112246,41732.868912358295,46949.477526403076,nr1,-251741.35716203414,-347677.6239462072,-95936.26678417309,0.17105865328907494
1022,w1219742105,1260.638449399173,ab,128554.44727096538,142838.2747455171,160693.0590887067,r2,-848746.0325544472,-668795.6075306816,179950.42502376554,0.15746988176611104
1023,w1219929093,501.3837405549362,other,33138.81990165809,36820.91100184232,41423.52487707261,nr1,-222111.4040113677,-294132.9777016384,-72021.57369027071,0.17105865328907494
1024,w1242595698,177.05818741209805,other,9156.077890481276,10173.419878312528,11445.097363101595,nr1,-61368.18756755076,-86626.70932403264,-25258.521756481874,0.17105865328907494
1025,w1242595699,175.70056665593293,other,9159.768067274865,10177.52007474985,11449.71008409358,nr1,-61392.92080642609,-86189.57968336012,-24796.65887693403,0.17105865328907494
