,full_id,NFA,building_usage,yearly_demand_useful_renovated,yearly_demand_delivered_renovated,yearly_demand_delivered_renovated_DH,consumer_size_renovated,npv_Gas_25years_ir_0.05,npv_DH_25years_ir_0.05,savings_npv_25years_ir_0.05,operator_selling_price
0,w24853838,27974.42320393324,trade,1197392.8826751309,1330436.536305701,1496741.1033439136,nr2,-3201437.6003069445,-3933805.246757136,-732367.6464501917,0.20074936316702333
1,w24853840,937.1926232803613,trade,88019.54120636193,97799.49022929103,110024.4265079524,nr2,-235335.51339495205,-301159.50404295634,-65823.99064800428,0.20074936316702333
2,w24853841,8998.296452549099,trade,370411.49455784855,411568.3272864984,463014.36819731066,nr2,-990359.3911582693,-1271373.8207268019,-281014.4295685326,0.20074936316702333
3,w25538793,404.8852469230536,trade,30724.044681390333,34137.827423767034,38405.05585173791,nr1,-89234.81018883239,-119775.47532252719,-30540.665133694798,0.21807291227280706
4,w27689586,5481.69515059907,office,239232.2588022705,265813.6208914117,299040.3235028381,nr2,-639628.9468706877,-702878.3865138341,-63249.43964314647,0.20074936316702333
5,w28994179,16672.165487814695,other,602602.7887910821,669558.6542123135,753253.4859888526,nr2,-1611163.0977591267,-1770482.2836801836,-159319.1859210569,0.20074936316702333
6,w28994181,2845.002712316811,trade,324149.90597616514,360166.56219573907,405187.3824702064,nr2,-866671.0084409367,-952371.4069407751,-85700.39849983843,0.20074936316702333
7,w29249266,23411.247439788887,trade,2697249.5326306587,2996943.9251451762,3371561.915788323,nr2,-7211564.555054181,-7924677.0858255075,-713112.5307713263,0.20074936316702333
8,w30213059,1747.46707642246,ab,186541.77691087977,207268.64101208863,233177.2211385997,r2,-533689.7461108741,-633500.5506050534,-99810.80449417932,0.20074936316702333
9,w50930444,8762.936898044496,other,330222.16830016905,366913.5203335212,412777.7103752113,nr2,-882906.2552043565,-1149861.4855402852,-266955.23033592873,0.20074936316702333
10,w50930445,4934.112452852726,other,202146.16980193532,224606.85533548368,252682.71225241915,nr2,-540472.8540862146,-721740.0611732932,-181267.2070870786,0.20074936316702333
11,w50930458,1974.6456010334193,other,60554.61203303029,67282.90225892254,75693.26504128786,nr2,-161903.26052500834,-252924.27922462768,-91021.01869961934,0.20074936316702333
12,w50930471,4724.4749339554455,other,258143.60911438576,286826.2323493175,322679.5113929822,nr2,-690191.7227463219,-883650.1574745392,-193458.4347282173,0.20074936316702333
13,w50930472,9715.957844087014,other,1058464.4972369291,1176071.663596588,1323080.6215461614,nr2,-2829988.4599895915,-3109830.6797118643,-279842.2197222728,0.20074936316702333
14,w50930478,6019.835157379508,trade,680901.6527717811,756557.3919686456,851127.0659647263,nr2,-1820508.69420956,-2000528.931469882,-180020.23726032185,0.20074936316702333
15,w50930479,4489.048651921749,other,185541.01142931575,206156.6793659064,231926.26428664467,nr2,-496076.0824481632,-641946.0499153392,-145869.96746717603,0.20074936316702333
16,w50930480,4441.97852948606,other,168700.98991545063,187445.54435050068,210876.23739431327,nr2,-451051.36345700064,-588150.3381748421,-137098.97471784143,0.20074936316702333
17,w50930481,1370.623297881335,other,62080.660377160784,68978.51153017864,77600.82547145098,nr2,-165983.41551797156,-226860.9715536742,-60877.55603570264,0.20074936316702333
18,w50930482,1573.369959426485,other,63379.87619939754,70422.08466599727,79224.84524924692,nr2,-169457.09441184468,-228955.2429812968,-59498.14856945211,0.20074936316702333
19,w50930483,704.9254127380437,other,45123.70064816985,50137.445164633165,56404.62581021231,nr1,-131057.12168151021,-171633.21022491757,-40576.08854340736,0.21807291227280706
20,w50930486,509.32494937628496,trade,30466.044901173256,33851.16100130362,38082.55612646657,nr1,-88485.47651043242,-117453.80577940171,-28968.32926896929,0.21807291227280706
21,w98916060,2713.01504517002,other,226605.19701500298,251783.55223889218,283256.4962687537,nr2,-605868.3065895769,-665779.33950454,-59911.032914963085,0.20074936316702333
22,w98916062,151.14776481509907,trade,11092.043274505519,12324.492527228354,13865.054093131897,nr1,-32215.692512852587,-44699.80004410275,-12484.10753125016,0.21807291227280706
23,w98916065,222.67857759937178,other,20948.500685227787,23276.111872475318,26185.625856534734,nr1,-60842.75367296254,-80618.38845607407,-19775.634783111527,0.21807291227280706
24,w98916067,43210.64675020873,trade,3034378.024269405,3371531.1380771166,3792972.530336756,nr2,-8112936.063840637,-8915180.337507535,-802244.2736668978,0.20074936316702333
25,w98916074,4745.314506876469,trade,491122.8611791089,545692.0679767877,613903.5764738861,nr2,-1313102.171307722,-1442947.7277600055,-129845.5564522834,0.20074936316702333
26,w98916075,67.06430839556852,sfh,8538.96409194254,9487.737879936156,10673.705114928174,r1,-26538.893548066586,-36627.65373580352,-10088.760187736934,0.21808161368713638
27,w98916076,98.82164086105185,sfh,13728.213996145805,15253.571106828673,17160.267495182256,r1,-42666.95654483178,-55918.44298183195,-13251.486437000167,0.21808161368713638
28,w98916079,3334.9361924076916,trade,133751.88480733606,148613.2053414845,167189.85600917006,nr2,-357608.8678408363,-490110.9977448843,-132502.129904048,0.20074936316702333
29,w98916080,2976.303781049745,other,104082.21116258297,115646.90129175886,130102.76395322871,nr2,-278281.8481387161,-375379.7588121824,-97097.91067346634,0.20074936316702333
30,w98916086,294.4025758753764,other,20686.516731325537,22985.018590361706,25858.14591415692,nr1,-60081.848374151166,-84159.41140608785,-24077.563031936683,0.21807291227280706
31,w98916091,1116.7099465291947,trade,65522.69205707044,72802.99117452271,81903.36507133805,nr2,-175186.2843515424,-192509.50646744217,-17323.222115899785,0.20074936316702333
32,w98916094,150.05011938810347,trade,13612.2294499376,15124.699388819556,17015.286812422,nr1,-39535.31261291763,-56497.134988210906,-16961.822375293275,0.21807291227280706
33,w98916098,15131.85493721813,trade,1389797.224493673,1544219.1383263033,1737246.5306170913,nr2,-3715863.9872285314,-4083305.6362223625,-367441.6489938311,0.20074936316702333
34,w98916102,1892.1415951219387,trade,73425.17962658805,81583.53291843117,91781.47453323506,nr2,-196314.95582359083,-276427.085860734,-80112.13003714316,0.20074936316702333
35,w98916109,81.43322088830173,sfh,9629.8057932929,10699.784214769888,12037.257241616126,r1,-29929.203131081034,-41431.41486913147,-11502.211738050435,0.21808161368713638
36,w98916113,559.2398283889517,trade,50271.6825643969,55857.425071552105,62839.60320549612,nr2,-134410.0646671548,-178462.00206839995,-44051.937401245144,0.20074936316702333
37,w98916116,6987.1012714248145,other,358101.17313169746,397890.1923685527,447626.4664146218,nr2,-957445.6111819796,-1208041.2973243252,-250595.68614234554,0.20074936316702333
38,w98916121,458.57296650111675,other,22475.134293848154,24972.371437609057,28093.917867310192,nr1,-65276.70309940784,-87905.14298906221,-22628.43988965437,0.21807291227280706
39,w98916126,1235.1179318586364,trade,54455.49615433791,60506.10683815323,68069.37019292239,nr2,-145596.21612446752,-198600.50059722303,-53004.284472755506,0.20074936316702333
40,w99055014,379.03616306802724,mfh,51250.231128429565,56944.70125381063,64062.788910536954,r2,-146625.18655069135,-182369.8057219489,-35744.61917125757,0.20074936316702333
41,w99055018,363.825429549627,mfh,39011.950831555296,43346.61203506144,48764.93853944412,r1,-121248.19815064056,-148676.1361006806,-27427.93795004004,0.21808161368713638
42,w99055022,32.828185592684896,sfh,3912.1656857345315,4346.850761927257,4890.207107168164,r0,-14919.89278243332,-20156.633936504884,-5236.741154071564,0.2676023294588879
43,w99055023,57.57688737055287,sfh,7638.842228320924,8487.602475912137,9548.552785401154,r1,-23741.336600674975,-31151.562204876638,-7410.225604201663,0.21808161368713638
44,w99055025,2922.078992408514,trade,131771.14343422168,146412.38159357963,164713.9292927771,nr2,-352313.01215293125,-458006.5941852153,-105693.58203228406,0.20074936316702333
45,w99055028,168.94065034445376,ab,18863.996140229203,20959.99571136578,23579.9951752865,r1,-58628.843038358886,-73101.53368781167,-14472.69064945278,0.21808161368713638
46,w99055030,502.22660109587014,other,33719.73290267432,37466.369891860355,42149.66612834289,nr1,-97935.47680298799,-131481.2306857381,-33545.7538827501,0.21807291227280706
47,w99055036,2513.4158389533286,other,94056.81089942587,104507.56766602874,117571.01362428232,nr2,-251477.2012888932,-341265.25323854916,-89788.05194965596,0.20074936316702333
48,w99055038,337.97397138923407,other,24561.514626422148,27290.57180713572,30701.893283027683,nr1,-71336.3789946106,-97898.4629015745,-26562.083906963904,0.21807291227280706
49,w99055039,2475.299022556655,other,95255.37369289662,105839.30410321847,119069.21711612078,nr2,-254681.76684867305,-333902.8470429999,-79221.08019432687,0.20074936316702333
50,w99055040,101.95110847079195,trade,7536.8851086504455,8374.316787389384,9421.106385813056,nr1,-21890.103307030648,-32431.052420633714,-10540.949113603067,0.21807291227280706
51,w99055041,189.90211718752977,ab,21595.11692946048,23994.5743660672,26993.8961618256,r1,-67117.10029203608,-86033.75723373113,-18916.65694169505,0.21808161368713638
52,w99055043,190.2007592998445,sfh,29155.98911223378,32395.543458037533,36444.98639029222,r1,-90616.10787991207,-114907.53910850122,-24291.43122858915,0.21808161368713638
53,w99055048,47.74609960326925,sfh,5769.180841789516,6410.2009353216845,7211.476052236895,r1,-17930.47430241231,-25373.90254802821,-7443.428245615902,0.21808161368713638
54,w99055050,194.95880112051967,trade,16984.909900636445,18872.122111818273,21231.137375795555,nr1,-49330.914167552466,-68184.24470992936,-18853.330542376898,0.21807291227280706
55,w99055053,122.33706042193808,ab,14174.508663259385,15749.454070288204,17718.13582907423,r1,-44054.02955908341,-59428.51415696354,-15374.484597880131,0.21808161368713638
56,w99055057,303.91877080444243,ab,36040.58788819037,40045.09765354486,45050.73486023796,r1,-112013.27410159327,-139018.0394312719,-27004.76532967863,0.21808161368713638
57,w99055067,194.8848727118224,sfh,21931.666176569037,24368.517973965598,27414.582720711296,r1,-68163.0871994086,-86267.29927443362,-18104.212075025018,0.21808161368713638
58,w99055068,348.37368724122643,ab,40200.04013772175,44666.71126413528,50250.05017215219,r1,-124940.7509336767,-163840.5005253134,-38899.749591636704,0.21808161368713638
59,w99055094,263.70872883694244,other,16614.595860209945,18460.66206689994,20768.24482526243,nr1,-48255.37533630823,-68490.95305615936,-20235.577719851128,0.21807291227280706
60,w99055100,85.6876405166462,sfh,12089.433153049305,13432.703503388117,15111.79144131163,r1,-37573.66538266519,-49611.27557558357,-12037.610192918379,0.21808161368713638
61,w99055110,94.65369866762775,sfh,12604.978915374657,14005.532128194063,15756.22364421832,r1,-39175.96912328166,-53815.583366540624,-14639.614243258962,0.21808161368713638
62,w99055113,801.3236896117684,education,39333.930829421224,43704.367588245805,49167.41353677653,nr1,-114241.33404121948,-153173.34173033832,-38932.00768911884,0.21807291227280706
63,w99055118,54.3237798044458,other,6219.479772060365,6910.533080067072,7774.349715075456,nr1,-18063.835757576904,-25464.526085989426,-7400.690328412522,0.21807291227280706
64,w99055131,500.74276516167447,th,69240.53713621371,76933.93015134857,86550.67142026713,r2,-198094.84661690934,-250555.26252331884,-52460.4159064095,0.20074936316702333
65,w99055135,663.0715527065098,ab,68880.52212837798,76533.91347597554,86100.65266047248,r2,-197064.855794962,-238484.96163919574,-41420.10584423374,0.20074936316702333
66,w99055142,64.54166975589469,sfh,9032.758360397225,10036.398178219139,11290.947950496531,r1,-28073.59417264587,-36879.02046032599,-8805.426287680122,0.21808161368713638
67,w99055146,149.08371188635937,sfh,17342.70904751041,19269.67671945601,21678.38630938801,r1,-53900.719606172475,-66625.85626492942,-12725.136658756943,0.21808161368713638
68,w99055147,57.659734526090325,sfh,7330.462267285426,8144.958074761584,9163.077834106782,r1,-22782.899152038717,-31304.56699927015,-8521.667847231434,0.21808161368713638
69,w99055152,1635.3717537612654,other,76892.01538215307,85435.57264683674,96115.01922769133,nr2,-205584.14265653584,-272913.3166650801,-67329.17400854424,0.20074936316702333
70,w99055158,567.1104306213557,trade,39120.40099323338,43467.11221470375,48900.50124154172,nr1,-113621.15871601508,-152647.96864511658,-39026.809929101495,0.21807291227280706
71,w99055160,362.3993257842958,ab,41269.65009818708,45855.16677576342,51587.06262273384,r1,-128265.07278034269,-162707.07783880085,-34442.00505845816,0.21808161368713638
72,w99055171,150.93386064656082,sfh,16885.70894548665,18761.8988283185,21107.136181858314,r1,-52480.374359550755,-66554.95149690569,-14074.577137354936,0.21808161368713638
73,w99055172,71.28885925472714,sfh,9019.499646113589,10021.666273459543,11274.374557641986,r1,-28032.386409834256,-38470.33691253088,-10437.950502696625,0.21808161368713638
74,w99055173,413.9677898917347,ab,46033.80958093352,51148.67731214836,57542.2619761669,r1,-143071.96504470124,-175270.25031731866,-32198.285272617417,0.21808161368713638
75,w99055181,184.62117180265486,other,15209.502381678169,16899.44709075352,19011.87797709771,nr1,-44174.42664759946,-61148.65441471927,-16974.22776711981,0.21807291227280706
76,w99055182,84.81555104400032,sfh,9995.399856476368,11105.999840529297,12494.24982059546,r1,-31065.460623226536,-43047.09462421606,-11981.634000989521,0.21808161368713638
77,w99055185,136.9722994968528,education,10840.570650859518,12045.07850095502,13550.713313574397,nr1,-31485.31628565192,-45916.83066339399,-14431.514377742067,0.21807291227280706
78,w99055186,41.49024544628337,sfh,5137.404922484948,5708.227691649942,6421.756153106185,r1,-15966.930049488583,-22244.049323899577,-6277.119274410994,0.21808161368713638
79,w99055192,160.51305735595523,ab,18121.209085465063,20134.67676162785,22651.511356831328,r1,-56320.27886558427,-73924.15420670896,-17603.875341124694,0.21808161368713638
80,w99055193,133.23216011486946,other,9055.86994602939,10062.077717810433,11319.837432536737,nr1,-26301.837668467946,-37116.282833014,-10814.44516454605,0.21807291227280706
81,w99055199,594.2030242990702,ab,69499.33638341566,77221.48487046185,86874.17047926957,r2,-198835.2625538653,-241254.78503232793,-42419.52247846263,0.20074936316702333
82,w99055201,119.5810925271362,sfh,16186.140935837673,17984.601039819638,20232.67616979709,r1,-50306.133932046694,-66306.8928373521,-16000.75890530541,0.21808161368713638
83,w99055202,635.4450178422034,ab,74224.65462412336,82471.83847124818,92780.8182801542,r2,-212354.23902089652,-264657.26029991143,-52303.02127901491,0.20074936316702333
84,w99055209,191.61494707558305,other,19092.937557201116,21214.375063556796,23866.171946501392,nr1,-55453.4624764441,-75120.9738632749,-19667.511386830804,0.21807291227280706
85,w99055216,463.1840371862054,education,30329.625776782435,33699.58419642493,37912.03222097804,nr1,-88089.26127258272,-116981.4042863854,-28892.143013802677,0.21807291227280706
86,w99055219,773.0541430711745,other,89363.99007406665,99293.3223045185,111704.9875925833,nr2,-238930.1306830922,-310190.10782597575,-71259.97714288355,0.20074936316702333
87,w99055224,318.955577952601,ab,39326.77401159415,43696.415568437944,49158.46751449268,r1,-122226.66096785734,-151116.73024488278,-28890.06927702544,0.21808161368713638
88,w99055226,262.56915004737675,ab,28811.221455015977,32012.468283351085,36014.02681876997,r1,-89544.57835300456,-111287.47759713395,-21742.899244129396,0.21808161368713638
89,w99055235,1694.7837025728077,trade,149404.7926523063,166005.3251692292,186755.99081538286,nr2,-399459.632493012,-509025.6182614534,-109565.9857684414,0.20074936316702333
90,w99055245,424.4345906373113,ab,47895.25638616388,53216.95154018208,59869.07048270485,r1,-148857.29662327206,-183288.90872701202,-34431.61210373996,0.21808161368713638
91,w99055249,70.42309986636974,sfh,9527.919340341607,10586.577044824007,11909.899175427008,r1,-29612.54250342762,-41399.19495015488,-11786.652446727261,0.21808161368713638
92,w99055257,137.79457132667304,trade,8302.741753787854,9225.268615319837,10378.427192234816,nr1,-24114.454725256743,-35291.37401410298,-11176.919288846235,0.21807291227280706
93,w99055287,226.3710821658373,mfh,29327.158711257514,32585.731901397237,36658.94838907189,r1,-91148.0988472289,-113113.73649722125,-21965.63764999235,0.21808161368713638
94,w99055292,58.725108856521544,trade,5742.2884325185605,6380.320480576178,7177.8605406482,nr1,-16677.88286467671,-25141.937909070948,-8464.055044394237,0.21807291227280706
95,w99055300,847.1402418442303,other,76273.07353797425,84747.85948663806,95341.34192246781,nr2,-203929.29425963335,-268711.1158702596,-64781.82161062624,0.20074936316702333
96,w99389931,488.4274571448564,mfh,51882.65252404952,57647.39169338835,64853.315655061895,r2,-148434.52288088374,-181417.8806311189,-32983.357750235155,0.20074936316702333
97,w99389943,3490.8252122399163,ab,329651.0091598724,366278.89906652493,412063.7614498405,r2,-943120.443565716,-1124373.7758390543,-181253.33227333822,0.20074936316702333
98,w99389949,2474.179022271931,ab,284257.7582638273,315841.9536264748,355322.1978297841,r2,-813251.8803567815,-1000778.5680108418,-187526.6876540603,0.20074936316702333
99,w99389956,671.7147096479312,education,46899.24791118664,52110.27545687404,58624.0598889833,nr1,-136214.01507362834,-149683.4807178902,-13469.465644261858,0.21807291227280706
100,w99389960,693.6997662768932,ab,80098.50062143736,88998.33402381929,100123.12577679669,r2,-229159.1147485387,-283768.78302327474,-54609.66827473603,0.20074936316702333
101,w99389971,1612.9015118613836,education,79005.85520261421,87784.28355846023,98757.31900326777,nr2,-211235.8601338698,-287274.7408722359,-76038.8807383661,0.20074936316702333
102,w99389974,235.12884147074072,education,10047.192716967635,11163.547463297371,12558.990896209543,nr1,-29181.03213058648,-42597.52751986029,-13416.495389273809,0.21807291227280706
103,w99389975,1082.0712234761565,mfh,111466.82540481444,123852.0282275716,139333.53175601806,r2,-318902.8363255125,-382799.3421313544,-63896.50580584188,0.20074936316702333
104,w99389979,163.53384786918758,ab,21228.517390207166,23587.241544674627,26535.646737758954,r1,-65977.71780462236,-85226.02516099383,-19248.30735637147,0.21808161368713638
105,w99389992,2569.363114476204,other,222880.7619206125,247645.2910229028,278600.9524007656,nr2,-595910.3832349251,-654836.7310832218,-58926.34784829675,0.20074936316702333
106,w99390006,431.6004564465955,education,13943.155864366083,15492.395404851202,17428.944830457604,nr1,-40496.454158056804,-63918.038166898084,-23421.58400884128,0.21807291227280706
107,w99390011,2554.974828636646,ab,247425.31787724234,274917.0198636026,309281.6473465529,r2,-707875.5079211764,-844849.7360772925,-136974.2281561161,0.20074936316702333
108,w99390014,587.280543653667,trade,43622.5019390578,48469.44659895311,54528.12742382225,nr1,-126697.04529012046,-168612.7587220556,-41915.71343193513,0.21807291227280706
109,w99390021,1617.1983746248297,other,56431.07453005592,62701.19392228436,70538.8431625699,nr2,-150878.267643136,-207917.90728837033,-57039.63964523433,0.20074936316702333
110,w99390022,5590.431437242403,education,501507.8998853299,557230.9998725888,626884.8748566624,nr2,-1340868.3739265825,-1473459.579657644,-132591.20573106152,0.20074936316702333
111,w99390025,237.89438336268066,education,22880.136119028128,25422.373465586807,28600.170148785157,nr1,-66452.9890139364,-73024.164909441,-6571.175895504595,0.21807291227280706
112,w99390027,116.0190749399364,mfh,12111.38188864718,13457.090987385754,15139.227360808974,r1,-37641.88152121253,-45940.47514154263,-8298.593620330103,0.21808161368713638
113,w99390046,1095.085822885856,mfh,104637.32667388588,116263.69630431764,130796.65834235735,r2,-299363.87028727686,-356736.5258527661,-57372.65556548926,0.20074936316702333
114,w99390052,1678.6958267321402,education,80452.87476272321,89392.08306969245,100566.093453404,nr2,-215104.71796252407,-301387.77856158855,-86283.06059906448,0.20074936316702333
115,w99390065,2581.633286331594,education,86800.34062073754,96444.82291193059,108500.42577592192,nr2,-232075.7691175233,-318034.1763821008,-85958.40726457749,0.20074936316702333
116,w99390082,124.21957990797236,education,9140.033185312222,10155.592428124692,11425.041481640277,nr1,-26546.281092508067,-37282.51052895292,-10736.22943644485,0.21807291227280706
117,w99390107,332.09000708311794,education,26712.358260262183,29680.39806695798,33390.44782532773,nr1,-77583.28188132026,-85255.0721101353,-7671.790228815036,0.21807291227280706
118,w99390110,1066.5973296171287,mfh,111016.92938734422,123352.1437637158,138771.16173418026,r2,-317615.6989597379,-385137.1988287722,-67521.49986903428,0.20074936316702333
119,w99390116,694.0162199864862,ab,76366.64546448652,84851.8282938739,95458.30683060814,r2,-218482.40273143823,-267343.3372381585,-48860.93450672028,0.20074936316702333
120,w99390122,307.42072394330467,other,23978.9127918091,26643.236435343442,29973.640989761374,nr1,-69644.27222069842,-99309.25805119224,-29664.985830493824,0.21807291227280706
121,w99390129,1196.3697846690193,trade,62972.859261591475,69969.84362399053,78716.07407698935,nr2,-168368.86401770453,-218141.13898689157,-49772.27496918704,0.20074936316702333
122,w99390130,964.417538562417,education,49512.76423577884,55014.18248419871,61890.95529472355,nr1,-143804.70293939818,-189860.8429650066,-46056.140025608416,0.21807291227280706
123,w99390133,9252.387912133521,education,680645.1328091653,756272.3697879614,850806.4160114565,nr2,-1819822.8435874037,-1999775.260797144,-179952.41720974026,0.20074936316702333
124,w99390139,1249.1388426542283,ab,101272.3942615666,112524.88251285178,126590.49282695825,r2,-289736.91189463285,-358924.3001062662,-69187.38821163337,0.20074936316702333
125,w99390141,112.67489476799965,other,7161.259483685899,7956.954981873221,8951.574354607374,nr1,-20799.13752783832,-30979.797145478533,-10180.659617640213,0.21807291227280706
126,w99758761,171.36210507287177,trade,18702.739494504167,20780.821660560185,23378.424368130207,nr1,-54320.17255899054,-75385.6289938592,-21065.456434868654,0.21807291227280706
127,w99758765,309.03573338240386,trade,17633.22369336,19592.4707704,22041.529616699998,nr1,-51213.87452763584,-70189.28863355603,-18975.414105920194,0.21807291227280706
128,w99758770,601.7205038767308,mfh,67803.20632134694,75336.89591260771,84754.00790168367,r2,-193982.69152561275,-238590.74453846467,-44608.05301285192,0.20074936316702333
129,w99758771,976.6668764967471,mfh,93790.2658837786,104211.40653753177,117237.83235472324,r2,-268330.79439947056,-324152.38824041275,-55821.593840942194,0.20074936316702333
130,w99758774,197.5460334163159,ab,21548.287941595398,23942.54215732822,26935.359926994246,r1,-66971.55693214682,-87520.19657922407,-20548.639647077245,0.21808161368713638
131,w99758775,265.071225726977,sfh,27414.764697100116,30460.849663444573,34268.45587137514,r1,-85204.42457746896,-108779.4475873769,-23575.023009907934,0.21808161368713638
132,w99758777,337.6781565959565,ab,38785.81336494016,43095.34818326684,48482.26670617519,r1,-120545.36838240304,-153157.36462367495,-32611.996241271903,0.21808161368713638
133,w99758783,333.3155570875853,th,46165.858494498185,51295.3983272202,57707.32311812273,r1,-143482.36986927918,-157663.08409513073,-14180.714225851552,0.21808161368713638
134,w99758786,182.17889552428386,mfh,24975.758120688377,27750.84235632042,31219.69765086047,r1,-77624.05122099778,-94576.41878491915,-16952.367563921376,0.21808161368713638
135,w99758788,349.08404515869915,other,29695.324703960447,32994.80522662272,37119.15587995056,nr1,-86246.9994082089,-114676.65969443024,-28429.660286221348,0.21807291227280706
136,w99758792,60.93018751584459,sfh,7098.129910688255,7886.811011875839,8872.662388360319,r1,-22060.815815803362,-31230.92774128371,-9170.111925480349,0.21808161368713638
137,w99758793,126.39461716674268,ab,14533.912444621437,16148.79160513493,18167.390555776794,r1,-45171.04780528266,-58923.25419737134,-13752.20639208868,0.21808161368713638
138,w99758796,906.0679207786917,ab,92578.39928517047,102864.88809463385,115722.99910646307,r2,-264863.6848434143,-316481.9798498963,-51618.29500648199,0.20074936316702333
139,w99758800,420.9761067721993,ab,43617.35169245246,48463.724102724955,54521.68961556557,r1,-135561.67246409436,-166221.31465188263,-30659.642187788268,0.21808161368713638
140,w99758801,293.7319820257835,mfh,30453.792851169546,33837.547612410606,38067.241063961934,r1,-94649.65046224937,-116251.07688362064,-21601.426421371274,0.21808161368713638
141,w99758803,512.6721141899004,mfh,56071.10035591353,62301.2226176817,70088.8754448919,r2,-160417.53117534248,-195451.72373392788,-35034.192558585404,0.20074936316702333
142,w99758805,165.76912949401884,sfh,21149.48042883679,23499.42269870754,26436.850536045986,r1,-65732.07284329148,-86135.58953611925,-20403.516692827776,0.21808161368713638
143,w99758807,110.8734177275095,other,10633.353902934445,11814.837669927161,13291.692378668055,nr1,-30883.47667238508,-43156.46366693341,-12272.986994548326,0.21807291227280706
144,w99758813,43.0509613757953,other,4335.785169212401,4817.539076902668,5419.731461515501,nr0,-15440.939773539323,-21208.571751119092,-5767.631977579769,0.2673940756092737
145,w99758814,84.92593946289271,th,9884.973779293656,10983.304199215172,12356.217224117068,r1,-30722.25905032756,-39248.644177948445,-8526.385127620884,0.21808161368713638
146,w99758818,424.19755738042295,mfh,42981.25264898336,47756.94738775929,53726.5658112292,r1,-133584.6920459916,-164223.73873261252,-30639.046686620917,0.21808161368713638
147,w99758821,35.03456762442365,sfh,4362.174934958981,4846.861038843312,5452.718668698726,r0,-16636.10070634989,-24307.356235932442,-7671.255529582551,0.2676023294588879
148,w99758824,478.7830200769007,ab,54415.092655594315,60461.21406177146,68018.86581949289,r2,-155679.74887383022,-203583.9895990964,-47904.240725266194,0.20074936316702333
149,w99758826,392.0728006519377,ab,50422.93344994148,56025.48161104609,63028.666812426854,r2,-144258.31573332287,-180092.69186554445,-35834.37613222157,0.20074936316702333
152,w99758837,194.723237061128,mfh,27818.768765056746,30909.743072285273,34773.46095632093,r1,-86460.0594339973,-108035.24631064014,-21575.186876642838,0.21808161368713638
153,w99758838,478.1149431033991,ab,49879.55482966044,55421.727588511596,62349.443537075545,r1,-155024.44811758984,-191922.07311068042,-36897.624993090576,0.21808161368713638
154,w99758842,66.20839738831855,sfh,9098.77198804681,10109.746653385344,11373.464985058512,r1,-28278.762928252563,-36556.82944671609,-8278.066518463525,0.21808161368713638
155,w99758845,141.8255072105676,th,20597.68337727332,22886.31486363702,25747.104221591646,r1,-64017.10097388189,-85595.03155916712,-21577.930585285234,0.21808161368713638
156,w99758846,563.5821329504251,other,39110.73926488373,43456.37696098192,48888.424081104655,nr1,-113593.09722527332,-151065.7360193783,-37472.638794104976,0.21807291227280706
157,w99758847,385.25146163031457,sfh,48245.97195129891,53606.635501443234,60307.46493912364,r1,-149947.31210390295,-189489.91173891857,-39542.59963501562,0.21808161368713638
158,w99758850,177.17881421931088,ab,22322.486341848085,24802.762602053426,27903.107927310106,r1,-69377.74680578469,-87259.62108597528,-17881.87428019059,0.21808161368713638
159,w99758852,422.9061155930161,other,27630.39919965029,30700.443555166985,34537.99899956286,nr1,-80249.63684276502,-108570.52184535003,-28320.88500258501,0.21807291227280706
160,w99758858,57.38898355839774,sfh,6590.511049374096,7322.7900548601065,8238.13881171762,r1,-20483.148691506725,-28902.256097972913,-8419.107406466188,0.21808161368713638
161,w99758862,402.33381934519855,sfh,47385.93913186298,52651.04347984775,59232.42391482872,r1,-147274.35093471484,-193283.43484434352,-46009.08390962868,0.21808161368713638
162,w99758864,101.365438436158,other,10686.907379847416,11874.341533163795,13358.63422480927,nr1,-31039.01720739073,-43312.91349147235,-12273.896284081617,0.21807291227280706
163,w99758865,63.831228005420414,other,4034.3888558582253,4482.654284286917,5042.986069822781,nr0,-14367.58347454308,-20695.62225438674,-6328.03877984366,0.2673940756092737
164,w99758868,445.0926624152809,ab,49002.607042031916,54447.341157813236,61253.258802539895,r1,-152298.91563701097,-186494.17805784883,-34195.262420837855,0.21808161368713638
165,w99758869,105.27734354436397,other,8736.207849217513,9706.897610241682,10920.259811521892,nr1,-25373.412168851035,-36490.31714256557,-11116.904973714532,0.21807291227280706
166,w99758874,732.9468768487684,ab,73910.07250364788,82122.30278183098,92387.59062955985,r2,-211454.23016074832,-260318.21019845718,-48863.980037708854,0.20074936316702333
167,w99758876,118.68904608124866,sfh,12352.210694951837,13724.678549946484,15440.263368689795,r1,-38390.37161731893,-52434.58991419863,-14044.218296879699,0.21808161368713638
168,w99758878,556.4759241774678,other,50045.05270888446,55605.61412098273,62556.31588610557,nr2,-133804.1304317945,-177701.9266251073,-43897.796193312795,0.20074936316702333
169,w99758879,141.26093079326674,other,12063.985867794016,13404.42874199335,15079.982334742519,nr1,-35038.599253353255,-54209.332322513765,-19170.73306916051,0.21807291227280706
170,w99758882,536.390386541374,other,53874.88809445505,59860.98677161672,67343.6101180688,nr2,-144043.85975017754,-187850.72896372594,-43806.8692135484,0.20074936316702333
171,w99758886,70.57262436598539,sfh,9862.178496867567,10957.97610763063,12327.723121084458,r1,-30651.41186474507,-42166.39772465497,-11514.985859909899,0.21808161368713638
172,w99758887,84.85345135740936,sfh,11592.59887534742,12880.665417052687,14490.748594184273,r1,-36029.51648298744,-49492.39174027497,-13462.875257287531,0.21808161368713638
173,w99758888,71.82869699064176,other,5611.650315189278,6235.167016876976,7014.562893986597,nr1,-16298.457963945273,-23466.972962791333,-7168.51499884606,0.21807291227280706
174,w99758891,1365.0763243824242,trade,109673.71393623555,121859.68215137284,137092.14242029443,nr2,-293231.70084019465,-397760.84088319243,-104529.14004299778,0.20074936316702333
175,w99758895,154.4283221337944,other,11343.022479982455,12603.358311091617,14178.778099978068,nr1,-32944.63565801224,-36202.35211192089,-3257.7164539086516,0.21807291227280706
176,w99758899,158.4874060918577,th,20589.83452385864,22877.59391539849,25737.2931548233,r1,-63992.706927601386,-81778.6413347589,-17785.93440715751,0.21808161368713638
177,w99758900,82.77785695786588,sfh,10694.216001383687,11882.462223759652,13367.770001729608,r1,-33237.36427332687,-44765.685467440104,-11528.321194113232,0.21808161368713638
178,w99758903,400.34018093422054,trade,29613.781724427085,32904.20191603009,37017.22715553385,nr1,-86010.16625761466,-116625.67856074763,-30615.51230313297,0.21807291227280706
179,w99758905,110.54209396946244,sfh,14100.026680676654,15666.696311862948,17625.033350845817,r1,-43822.54136148374,-55329.836248255735,-11507.294886771997,0.21808161368713638
180,w99758908,248.9345047255978,ab,27512.151103074764,30569.05678119418,34390.18887884345,r1,-85507.09916812906,-106441.72088517365,-20934.62171704459,0.21808161368713638
181,w99758913,208.22132023065353,ab,22300.78576510543,24778.65085011714,27875.982206381785,r1,-69310.30193894792,-90130.78197682586,-20820.480037877947,0.21808161368713638
182,w99758915,71.10941483918579,ab,10013.713282288307,11126.348091431451,12517.141602860384,r1,-31122.378307021703,-40242.28136996356,-9119.903062941856,0.21808161368713638
183,w99758919,819.0798590054737,ab,94696.69321739217,105218.54801932463,118370.8665217402,r2,-270924.05249722785,-329941.67523552076,-59017.62273829291,0.20074936316702333
184,w99758922,83.9358181065414,th,11677.410484752485,12974.900538613872,14596.763105940605,r1,-36293.108910523835,-46130.308636222806,-9837.19972569897,0.21808161368713638
185,w99758926,36.12754547015065,sfh,4556.491211661925,5062.768012957695,5695.614014577406,r0,-17377.16799418518,-22460.03132205072,-5082.86332786554,0.2676023294588879
186,w99758928,119.38002583179623,sfh,17308.899478423707,19232.110531581897,21636.124348029633,r1,-53795.64028446124,-67641.25094705466,-13845.610662593426,0.21808161368713638
187,w99758931,65.79372537583113,th,8611.439252918039,9568.265836575598,10764.299066147547,r1,-26764.144592724653,-37234.81934675592,-10470.674754031264,0.21808161368713638
188,w99758935,355.7203856162727,ab,44548.24205703894,49498.046730043265,55685.30257129867,r1,-138454.85716714204,-170755.91472475068,-32301.05755760864,0.21808161368713638
189,w99758936,99.44306262517348,th,12820.809152675898,14245.343502973219,16026.011440844872,r1,-39846.76427249614,-55421.25237813701,-15574.48810564087,0.21808161368713638
190,w99758945,525.0721962768584,mfh,72696.76550898828,80774.18389887585,90870.95688623533,r2,-207982.999680062,-228538.46921255835,-20555.469532496354,0.20074936316702333
191,w99758951,355.6037514369003,ab,38846.362119594094,43162.62457732677,48557.95264949262,r1,-120733.55244512152,-146971.14332823432,-26237.590883112804,0.21808161368713638
192,w99758953,525.4067761451006,other,30960.182478675506,34400.2027540839,38700.22809834438,nr1,-89920.64799884948,-123858.85583127085,-33938.207832421365,0.21807291227280706
193,w99758954,37.75478148937691,sfh,3643.787391156788,4048.6526568408754,4554.7342389459845,r0,-13896.373917975914,-19678.04141313951,-5781.667495163594,0.2676023294588879
194,w99758959,30.14875982720405,sfh,3902.3905445980445,4335.989493997827,4877.988180747555,r0,-14882.613160503872,-19657.384473544083,-4774.771313040212,0.2676023294588879
195,w99758962,201.50926117040217,mfh,21723.95521923704,24137.72802137449,27154.944024046297,r1,-67517.52657565537,-74190.44918264881,-6672.9226069934375,0.21808161368713638
196,w99758966,155.61690238779408,th,21851.717362183943,24279.685957982158,27314.646702729926,r1,-67914.60822099689,-86881.51675594889,-18966.908534952003,0.21808161368713638
197,w99758967,90.83302856497467,ab,10128.948163735615,11254.386848595128,12661.185204669518,r1,-31480.525527085552,-43103.06276251412,-11622.537235428568,0.21808161368713638
198,w99758970,391.2386861808598,th,48443.52710272418,53826.14122524909,60554.40887840523,r1,-150561.30872891448,-185718.28735126354,-35156.97862234907,0.21808161368713638
199,w99758974,163.93810575278476,sfh,20363.139486646123,22625.710540717915,25453.924358307653,r1,-63288.14424345388,-78205.4691523579,-14917.324908904018,0.21808161368713638
200,w99758975,139.83927450878545,sfh,19017.06701210734,21130.074457897044,23771.333765134175,r1,-59104.58360013462,-74874.36706048531,-15769.783460350693,0.21808161368713638
201,w99758979,705.2831632008775,trade,40567.1544633245,45074.61607036056,50708.94307915562,nr1,-117823.10454158581,-154662.9263620372,-36839.82182045138,0.21807291227280706
202,w99758981,319.7999828794971,other,27092.453379920906,30102.725977689894,33865.56672490113,nr1,-78687.22884560103,-86468.18240610724,-7780.953560506212,0.21807291227280706
203,w99758984,336.42351993245535,ab,41356.19257743753,45951.325086041696,51695.24072179691,r1,-128534.04470942955,-158435.88528066687,-29901.84057123732,0.21808161368713638
204,w99758985,1446.6540044941007,ab,159203.44292933436,176892.71436592707,199004.30366166795,r2,-455475.6925979406,-543779.9460457677,-88304.25344782713,0.20074936316702333
205,w99758989,963.3213891830295,education,66773.88157928629,74193.20175476254,83467.35197410785,nr2,-178531.5566005162,-248364.72439439478,-69833.16779387859,0.20074936316702333
206,w99758991,346.04414169639347,ab,38927.20383955835,43252.44871062039,48659.00479944794,r1,-120984.80655244332,-154511.9744622315,-33527.167909788186,0.21808161368713638
207,w99758995,38.315451947040856,sfh,4605.429916486004,5117.144351651115,5756.787395607505,r0,-17563.806364729888,-23441.98206125114,-5878.175696521252,0.2676023294588879
208,w99758997,604.6954287230968,other,49421.63020499519,54912.92244999466,61777.03775624399,nr1,-143540.01357238763,-195532.86190552602,-51992.84833313839,0.21807291227280706
209,w99759000,505.76658869385716,other,34496.09632156219,38328.995912846876,43120.120401952736,nr1,-100190.34405892497,-110097.62413182354,-9907.280072898575,0.21807291227280706
210,w99759001,277.86601877255595,other,21620.245901575137,24022.495446194596,27025.30737696892,nr1,-62793.768179601364,-85443.6487494905,-22649.880569889137,0.21807291227280706
211,w99759005,200.24946516156197,th,21517.100210125434,23907.889122361594,26896.37526265679,r1,-66874.62621823644,-84099.8047358522,-17225.178517615757,0.21808161368713638
212,w99759006,478.86383471041916,sfh,50992.01233528256,56657.79148364729,63740.0154191032,r2,-145886.43127325276,-178879.9265442772,-32993.49527102444,0.20074936316702333
213,w99759010,347.4218390390277,ab,42845.86231337848,47606.513681531644,53557.32789172309,r1,-133163.90216265607,-164179.97554458096,-31016.073381924885,0.21808161368713638
214,w99759011,1184.1155465334652,health,81096.3879180279,90107.09768669767,101370.48489753487,nr2,-216825.26202245028,-286517.3156067132,-69692.0535842629,0.20074936316702333
215,w99759013,1127.2734199425206,other,48346.56544700629,53718.406052229206,60433.20680875786,nr1,-140417.59916976988,-186774.60733450617,-46357.0081647363,0.21807291227280706
216,w99759015,262.8249901607633,mfh,34217.03964154063,38018.932935045144,42771.29955192578,r1,-106345.73032502827,-116856.13945928382,-10510.409134255548,0.21808161368713638
217,w99759016,162.4421672269469,other,8362.91554321064,9292.128381345156,10453.644429013299,nr1,-24289.22327325126,-38242.10197674257,-13952.878703491308,0.21807291227280706
218,w99759020,78.66829424034803,other,5363.4306045502435,5959.367338389159,6704.288255687804,nr1,-15577.529486145686,-23566.923841112275,-7989.394354966589,0.21807291227280706
219,w99759023,45.55874986834824,th,6763.263251708072,7514.736946342302,8454.079064635089,r1,-21020.05835157446,-26716.103750570626,-5696.045398996168,0.21808161368713638
220,w99759028,314.5253525768406,trade,33061.024403090545,36734.47155898949,41326.28050386318,nr1,-96022.32609188608,-128796.32739183003,-32774.00129994395,0.21807291227280706
221,w99759036,422.98085668310523,mfh,42631.70476229463,47368.56084699403,53289.63095286828,r1,-132498.30568168568,-160761.49611538864,-28263.190433702955,0.21808161368713638
222,w99759038,116.55152825303375,ab,12476.366237759883,13862.629153066537,15595.457797199853,r1,-38776.24403679594,-51910.411858426305,-13134.167821630363,0.21808161368713638
224,w99759044,415.2007402397692,trade,30727.523085082063,34141.69231675785,38409.403856352576,nr1,-89244.91285260633,-121138.38679796296,-31893.47394535663,0.21807291227280706
225,w99759045,941.2816024620085,trade,46874.11717738663,52082.35241931848,58592.646471733286,nr1,-136141.0254564147,-181107.6346908573,-44966.609234442585,0.21807291227280706
226,w99759047,442.628270605579,mfh,44840.233894655554,49822.482105172836,56050.29236831944,r1,-139362.36072518185,-167689.99711850644,-28327.63639332459,0.21808161368713638
227,w99759050,246.0824731603265,trade,22511.684368925235,25012.98263213915,28139.60546115654,nr1,-65382.8590123325,-90247.58130735517,-24864.72229502267,0.21807291227280706
228,w99759051,91.54405212756247,th,11301.573718027325,12557.30413114147,14126.967147534155,r1,-35125.017343892185,-45238.18796795291,-10113.170624060724,0.21808161368713638
229,w99759055,270.5142616614699,other,18027.259599334837,20030.288443705373,22534.074499168546,nr1,-52358.31106396683,-70529.93018595933,-18171.619121992495,0.21807291227280706
230,w99759057,194.30349186724052,th,26936.28423283178,29929.20470314642,33670.35529103972,r1,-83717.31888533599,-103710.00945309419,-19992.690567758196,0.21808161368713638
231,w99759061,534.3112589053809,trade,25116.553078843055,27907.281198714503,31395.691348553817,nr1,-72948.43077564718,-100402.72957034821,-27454.298794701026,0.21807291227280706
232,w99759062,137.67195288166403,th,17570.109600664895,19522.344000738773,21962.637000831117,r1,-54607.475016777025,-70633.96328762939,-16026.488270852366,0.21808161368713638
233,w99759063,182.5971095246263,sfh,23409.161696221272,26010.17966246808,29261.45212027659,r1,-72755.10748332055,-96096.97886535482,-23341.871382034267,0.21808161368713638
234,w99759067,347.13443305995315,other,14604.042087206286,16226.713430229207,18255.052609007857,nr1,-42415.929841129255,-58695.233155040696,-16279.303313911441,0.21807291227280706
235,w99759073,34.86947953915223,sfh,3369.323871661266,3743.69319073474,4211.654839576582,r0,-12849.64772780086,-19133.417109943282,-6283.769382142422,0.2676023294588879
236,w99759074,1179.944325777702,mfh,115106.04981104136,127895.61090115707,143882.5622638017,r2,-329314.534882065,-396895.3442609004,-67580.80937883537,0.20074936316702333
237,w99759077,212.39228247441352,sfh,25996.152531155218,28884.613923505796,32495.19066394402,r1,-80795.41233047647,-100779.5381055377,-19984.125775061228,0.21808161368713638
239,w99759083,341.51128259450195,trade,15755.53024255659,17506.144713951766,19694.412803195737,nr1,-45760.308097407826,-63137.93126441783,-17377.623167010002,0.21807291227280706
240,w99759085,319.12387123871594,other,16124.762320599133,17916.40257844348,20155.952900748915,nr1,-46832.7044808082,-66525.76758758891,-19693.06310678071,0.21807291227280706
241,w99759087,592.8829183824361,other,51137.99563470979,56819.99514967755,63922.494543387234,nr2,-136726.30295206996,-180563.30907040584,-43837.00611833588,0.20074936316702333
242,w99759088,334.1662621571682,ab,38269.47653436571,42521.64059373968,47836.84566795714,r1,-118940.60602083137,-146476.96216499826,-27536.356144166886,0.21808161368713638
243,w99759091,80.87078364617192,sfh,11524.131641001168,12804.590712223518,14405.164551251459,r1,-35816.72197720419,-39356.57638111629,-3539.854403912097,0.21808161368713638
244,w99759093,176.2003906674683,sfh,24764.95217261122,27516.61352512358,30956.190215764025,r1,-76968.87144098233,-98369.07748512331,-21400.206044140985,0.21808161368713638
245,w99759094,339.69808716569094,other,37582.71276836215,41758.56974262461,46978.390960452685,nr1,-109155.10229997628,-144169.32497958833,-35014.22267961205,0.21807291227280706
246,w99759096,246.47077107857913,mfh,23598.463882924807,26220.515425472007,29498.079853656007,r1,-73343.45409389852,-90172.97663697334,-16829.522543074825,0.21808161368713638
247,w99759099,50.23060751573648,th,7134.781015914094,7927.53446212677,8918.476269892617,r1,-22174.726563001066,-31604.002802724397,-9429.276239723331,0.21808161368713638
248,w99759102,1460.464218017459,other,128159.99370613102,142399.99300681223,160199.99213266376,nr2,-342657.97687827755,-439944.35753489606,-97286.38065661851,0.20074936316702333
249,w99759105,189.26809048298745,mfh,22334.256335775855,24815.840373084284,27917.820419719817,r1,-69414.32766179336,-85735.71484040501,-16321.38717861165,0.21808161368713638
250,w99759110,35.61810292806477,th,4375.3120568172735,4861.457840908081,5469.140071021591,r0,-16686.2019713117,-24313.32214563577,-7627.120174324071,0.2676023294588879
251,w99759111,238.72463138289748,th,34535.9950545772,38373.327838419114,43169.9938182215,r1,-107337.03602230187,-117945.4183278697,-10608.382305567837,0.21808161368713638
252,w99759113,635.4707306571305,th,86670.32318175596,96300.35909083995,108337.90397719495,r2,-247960.87793415348,-309929.1338913933,-61968.25595723983,0.20074936316702333
253,w99759120,160.90588292758912,th,23237.39167444857,25819.324082720632,29046.73959306071,r1,-72221.2504166447,-79359.05357758471,-7137.803160940006,0.21808161368713638
254,w99759121,33.129497365746644,ab,3818.7156608234063,4243.017400914896,4773.394576029257,r0,-14563.50083378099,-20628.92081979056,-6065.4199860095705,0.2676023294588879
255,w99759126,310.54387535755524,ab,34300.81502744586,38112.016697162064,42876.01878430732,r1,-106606.10219502886,-131486.29869599946,-24880.196500970604,0.21808161368713638
256,w99759127,85.13879598667843,other,8496.79167350324,9440.879637225822,10620.989591879048,nr1,-24678.05264774802,-34205.11771484287,-9527.065067094849,0.21807291227280706
257,w99759131,184.6887545518577,ab,20787.501022478882,23097.223358309868,25984.3762780986,r1,-64607.04961699758,-84340.53147337414,-19733.48185637656,0.21808161368713638
258,w99759132,153.35469039995223,ab,17695.00512599379,19661.116806659767,22118.756407492237,r1,-54995.647284003346,-69639.48333196765,-14643.836047964309,0.21808161368713638
259,w99759137,162.2998407471925,mfh,21055.671207008436,23395.19023000937,26319.589008760544,r1,-65440.51605430358,-91186.67946912623,-25746.16341482265,0.21808161368713638
260,w99759138,557.9003615580499,mfh,56330.74901759959,62589.721130666214,70413.43627199948,r2,-161160.37725855235,-196331.34801291817,-35170.970754365815,0.20074936316702333
261,w99759140,160.4533356629312,ab,17634.05521702537,19593.394685583742,22042.56902128171,r1,-54806.216443393096,-71303.15886636013,-16496.942422967033,0.21808161368713638
262,w99759142,128.98004897348582,sfh,17650.096411774208,19611.218235304674,22062.620514717757,r1,-54856.07208808717,-67863.07583241556,-13007.003744328395,0.21808161368713638
263,w99759148,518.2482564277947,ab,59352.94618142581,65947.71797936202,74191.18272678225,r2,-169806.7816392182,-207589.0607758332,-37782.27913661499,0.20074936316702333
264,w99759152,155.39786574579776,ab,16837.00273483737,18707.780816485967,21046.253418546712,r1,-52328.996636722455,-66735.21430643665,-14406.217669714199,0.21808161368713638
265,w99759159,71.9146042395383,sfh,9767.034283888204,10852.260315431338,12208.792854860254,r1,-30355.705955598965,-42278.50355184046,-11922.797596241497,0.21808161368713638
266,w99759161,242.4930030848831,mfh,32388.127737790874,35986.808597545416,40485.15967223859,r1,-100661.51643212681,-124758.28745639817,-24096.771024271366,0.21808161368713638
267,w99759162,714.1891373082996,mfh,77904.36715681193,86560.40795201325,97380.45894601491,r2,-222881.7727447217,-270689.83776990446,-47808.06502518276,0.20074936316702333
268,w99759164,595.7694656141102,mfh,71961.73720566227,79957.48578406918,89952.17150707783,r2,-205880.10843992027,-226227.74407789938,-20347.63563797911,0.20074936316702333
269,w99759165,160.50856082765387,mfh,22755.65774251579,25284.064158350877,28444.572178144736,r1,-70724.03302582333,-88415.68576029339,-17691.65273447006,0.21808161368713638
270,w99759170,93.69908212199807,sfh,11619.451405943726,12910.501562159696,14524.314257429656,r1,-36112.97349759933,-49514.703939467545,-13401.730441868218,0.21808161368713638
271,w99759172,204.59550149962305,other,17169.669362300792,19077.410402556434,21462.08670287599,nr1,-49867.52891548618,-68447.63512965728,-18580.1062141711,0.21807291227280706
272,w99759176,41.50382452430203,sfh,4163.668093659857,4626.297881844285,5204.585117074821,r0,-15879.051791074626,-20565.193701975215,-4686.141910900589,0.2676023294588879
273,w99759177,360.73507672324774,ab,44758.280247853094,49731.42249761455,55947.850309816364,r1,-139107.65077618242,-170742.8172498851,-31635.166473702673,0.21808161368713638
274,w99759180,347.1465133147314,education,19069.298725020304,21188.109694467003,23836.62340627538,nr1,-55384.805933185715,-74321.62675637139,-18936.820823185677,0.21807291227280706
275,w99759183,128.67689446713774,sfh,18376.72489710795,20418.583219008833,22970.906121384935,r1,-57114.41581850074,-74893.8430241756,-17779.42720567486,0.21808161368713638
276,w99759189,171.2441471248865,ab,18363.415474169808,20403.794971299787,22954.269342712258,r1,-57073.0504544193,-74720.87555585288,-17647.825101433576,0.21808161368713638
277,w99759190,369.99921465907244,other,20710.457907946584,23011.619897718425,25888.072384933228,nr1,-60151.38304556669,-81680.38530095248,-21529.002255385785,0.21807291227280706
278,w99759195,184.4751641433686,sfh,22818.050116989565,25353.389018877293,28522.562646236955,r1,-70917.94701428161,-88028.37654249537,-17110.42952821376,0.21808161368713638
279,w155463247,886.8482149265707,mfh,90574.02742084471,100637.808245383,113217.53427605589,r2,-259129.24439206786,-311146.2311331742,-52016.986741106346,0.20074936316702333
280,w155463249,403.549402025342,trade,23648.752708879776,26276.391898755304,29560.940886099717,nr1,-68685.35640614187,-95200.75527100649,-26515.39886486462,0.21807291227280706
281,w155463253,721.7602650925515,mfh,85711.09171490726,95234.54634989696,107138.86464363408,r2,-245216.54898821114,-269451.9014417525,-24235.35245354136,0.20074936316702333
282,w155463254,852.2730644002556,mfh,87014.59305688317,96682.88117431464,108768.24132110395,r2,-248945.82246128767,-273549.748150969,-24603.925689681317,0.20074936316702333
283,w155463255,713.9319995328784,mfh,71073.4939418158,78970.54882423978,88841.86742726975,r2,-203338.8743538239,-223435.3535996361,-20096.479245812196,0.20074936316702333
284,w155463260,725.1058137452229,mfh,66389.32398774149,73765.91554193498,82986.65498467686,r2,-189937.62175010054,-225323.23440229677,-35385.61265219623,0.20074936316702333
285,w155463261,1003.1358517257496,mfh,96812.24176736335,107569.15751929261,121015.30220920418,r2,-276976.56570481224,-332011.83963245753,-55035.27392764529,0.20074936316702333
286,w155463268,907.8277638942003,mfh,88048.47049851796,97831.63388724218,110060.58812314743,r2,-251903.71102905576,-300663.3091738204,-48759.59814476466,0.20074936316702333
287,w155463269,646.430608794326,mfh,65800.13973759115,73111.26637510127,82250.17467198893,r2,-188251.9854380508,-229356.26930390994,-41104.28386585915,0.20074936316702333
288,w155463275,531.2511221051216,mfh,56742.54191479465,63047.26879421628,70928.17739349332,r2,-162338.5028794919,-193154.85099241266,-30816.348112920765,0.20074936316702333
289,w155463277,722.3371928531676,mfh,75825.75026506544,84250.83362785049,94782.18783133179,r2,-216934.91976846886,-261930.63838619847,-44995.71861772961,0.20074936316702333
290,w155463281,852.691491766274,mfh,81167.2147222987,90185.79413588744,101459.01840287336,r2,-232216.66982600684,-280586.9074744861,-48370.23764847926,0.20074936316702333
291,w155463286,75.58565192222595,sfh,11379.481362010443,12643.868180011603,14224.351702513053,r1,-35367.152414140306,-46928.8941257082,-11561.74171156789,0.21808161368713638
292,w155463289,870.3151384696364,mfh,92029.85106537899,102255.39007264332,115037.31383172373,r2,-263294.3068467098,-315541.7676085752,-52247.46076186537,0.20074936316702333
293,w155463294,520.8021583877504,mfh,73954.39748668816,82171.55276298684,92442.9968583602,r2,-211581.04244557198,-232492.1153617912,-20911.072916219215,0.20074936316702333
294,w155463296,531.2875348292291,mfh,59600.264491446156,66222.51610160685,74500.33061430769,r2,-170514.3510012619,-209112.74160079038,-38598.39059952847,0.20074936316702333
295,w155463300,903.6974393147975,mfh,82377.16016846654,91530.17796496282,102971.45021058316,r2,-235678.2830295833,-283910.73767408606,-48232.45464450275,0.20074936316702333
296,w155463302,619.062746527791,mfh,73694.19011571503,81882.43346190559,92117.73764464378,r2,-210836.59791389387,-253650.4523611755,-42813.85444728163,0.20074936316702333
297,w155463304,1087.9011799693108,mfh,132782.97083749846,147536.6342638872,165978.71354687307,r2,-379887.6110629515,-417432.8346004016,-37545.223537450074,0.20074936316702333
298,w155463308,740.3594694465398,mfh,74398.41232336155,82664.90258151284,92998.01540420194,r2,-212851.35395100436,-256866.96156986983,-44015.60761886547,0.20074936316702333
299,w155463310,722.3160033598542,mfh,78437.63363840502,87152.92626489447,98047.04204800627,r2,-224407.43020271207,-246586.16645275883,-22178.736250046757,0.20074936316702333
300,w155463313,774.0583199881017,mfh,75098.58684319264,83442.87427021404,93873.2335539908,r2,-214854.5296894904,-257757.05916405498,-42902.529474564595,0.20074936316702333
301,w155463314,1101.9502923069522,mfh,104359.84119134728,115955.37910149698,130449.8014891841,r2,-298569.9936598647,-357111.84059358045,-58541.846933715744,0.20074936316702333
302,w155463317,740.3064833164215,mfh,74649.75970721088,82944.17745245653,93312.1996340136,r2,-213570.45035768356,-256745.80768797995,-43175.35733029639,0.20074936316702333
303,w155463319,828.4481069911271,mfh,78474.43739685023,87193.8193298336,98093.04674606278,r2,-224512.72451707866,-266662.7369870168,-42150.01246993814,0.20074936316702333
304,w155463321,781.2118542082608,mfh,75955.85291213829,84395.3921245981,94944.81614017286,r2,-217307.13906344122,-260151.32613081846,-42844.187067377236,0.20074936316702333
305,w155463324,722.1055689860135,mfh,76230.77521241456,84700.86134712728,95288.4690155182,r2,-218093.68251265882,-262403.4420657054,-44309.759553046606,0.20074936316702333
306,w155463327,780.4636536210775,mfh,78934.78481367027,87705.31645963363,98668.48101708783,r2,-225829.76298467538,-273676.6672225824,-47846.904237907,0.20074936316702333
307,w155463330,867.026127423346,mfh,92798.36038612344,103109.28931791494,115997.9504826543,r2,-265492.9861509597,-291732.3085778527,-26239.32242689299,0.20074936316702333
308,w155463331,701.7002469789237,mfh,75620.8436945795,84023.15966064388,94526.05461822437,r2,-216348.68896596428,-262156.71570257895,-45808.02673661467,0.20074936316702333
309,w155463336,356.26551316827533,mfh,37646.38639526564,41829.31821696182,47057.98299408205,r1,-117004.05696237704,-138712.41561145245,-21708.35864907541,0.21808161368713638
310,w155463337,437.0872274041176,trade,16347.364508861188,18163.7383431791,20434.205636076484,nr1,-47479.22951431769,-64390.58808564655,-16911.358571328863,0.21807291227280706
311,w155463339,868.4495440013707,mfh,96284.55889755068,106982.84321950076,120355.69862193835,r2,-275466.88277222216,-302691.9498437928,-27225.067071570666,0.20074936316702333
312,w155463342,722.9579402044416,mfh,72192.16091602764,80213.5121289196,90240.20114503455,r2,-206539.34292089968,-250777.38812767243,-44238.045206772746,0.20074936316702333
313,w155463343,844.8904670208692,mfh,87271.28425516972,96968.09361685524,109089.10531896215,r2,-249680.2073412382,-302355.155631628,-52674.94829038982,0.20074936316702333
314,w155463347,1083.6851687338203,mfh,101563.78341079073,112848.64823421191,126954.7292634884,r2,-290570.5664445366,-343371.2228260602,-52800.656381523586,0.20074936316702333
315,w155463348,740.608741542697,mfh,73742.38733091138,81935.98592323487,92177.98416363922,r2,-210974.48852460503,-252481.36787949063,-41506.879354885605,0.20074936316702333
316,w155463352,356.4181080274284,mfh,38492.77211566138,42769.74679517931,48115.965144576716,r1,-119634.60327833844,-131458.38429170518,-11823.781013366737,0.21808161368713638
317,w155463353,722.1394314199686,mfh,96023.96050529758,106693.28945033065,120029.95063162198,r2,-274721.3195418209,-301872.70077228616,-27151.381230465253,0.20074936316702333
318,w155463354,696.3946817303076,mfh,75225.69127239037,83584.10141376707,94032.11409048796,r2,-215218.17118402012,-263411.8371728878,-48193.665988867695,0.20074936316702333
319,w155463358,865.4375973489136,mfh,87470.73329689098,97189.70366321219,109338.41662111372,r2,-250250.82433760745,-299655.5168963174,-49404.69255870997,0.20074936316702333
320,w155463359,1101.9756921548396,mfh,103923.56216152417,115470.62462391573,129904.4527019052,r2,-297321.81403750036,-355323.6160990415,-58001.80206154112,0.20074936316702333
321,w155463364,740.593882034719,mfh,74624.72489312779,82916.3609923642,93280.90611640972,r2,-213498.8265970805,-256792.79776101865,-43293.97116393814,0.20074936316702333
322,w155463365,603.6562003400177,mfh,57345.292217422895,63716.9913526921,71681.61527177862,r2,-164062.95121114686,-195879.3041350083,-31816.352923861443,0.20074936316702333
323,w155463369,722.4004129424691,mfh,76517.50006263371,85019.44451403746,95646.87507829214,r2,-218913.99266007554,-263562.6123380411,-44648.61967796553,0.20074936316702333
324,w155463370,696.1379145577084,mfh,67777.64861111336,75308.49845679261,84722.06076389168,r2,-193909.57177672,-231029.00466659656,-37119.43288987657,0.20074936316702333
325,w155463373,865.3327697202564,mfh,87284.13642326384,96982.3738036265,109105.1705290798,r2,-249716.97696164553,-299062.5194767687,-49345.54251512315,0.20074936316702333
326,w155463376,746.0008564919234,mfh,78349.89022816702,87055.43358685223,97937.36278520877,r2,-224156.39925882223,-272752.11232448905,-48595.713065666816,0.20074936316702333
327,w155463378,701.7079005709849,mfh,75289.53058162499,83655.03397958331,94111.91322703123,r2,-215400.81329937637,-259699.39609260208,-44298.58279322571,0.20074936316702333
328,w155463380,903.4881653226912,mfh,80794.44802773364,89771.60891970404,100993.06003466704,r2,-231150.1968574554,-277491.58923006593,-46341.39237261054,0.20074936316702333
329,w155463382,654.6620004437864,mfh,67195.36451178146,74661.51612420162,83994.20563972682,r2,-192243.67656395322,-230645.81350184768,-38402.13693789445,0.20074936316702333
330,w155463388,654.8312545590103,mfh,81045.45395849762,90050.50439833068,101306.81744812202,r2,-231868.31637834825,-254784.4302924571,-22916.113914108864,0.20074936316702333
331,w155463390,658.415929133445,mfh,67307.170216775,74785.74468530556,84133.96277096875,r2,-192563.5489233779,-230206.64632661338,-37643.09740323547,0.20074936316702333
332,w155463392,746.3197361536323,mfh,74500.89326832342,82778.77029813713,93126.11658540426,r2,-213144.54848578153,-256842.37120882375,-43697.82272304222,0.20074936316702333
333,w155463395,740.6091377854347,mfh,81203.21252281987,90225.79169202207,101504.01565352484,r2,-232319.6583218754,-255280.379466302,-22960.721144426585,0.20074936316702333
334,w155463397,721.9107812985777,mfh,69115.7372055503,76795.26356172255,86394.67150693786,r2,-197737.79821513372,-236366.00435258306,-38628.206137449335,0.20074936316702333
335,w155463400,957.7393607803388,mfh,132263.3739372203,146959.30437468924,165329.2174215254,r2,-378401.06181708514,-415799.366049693,-37398.30423260789,0.20074936316702333
336,w155463402,519.368776667118,mfh,57328.60677905928,63698.45197673253,71660.7584738241,r2,-164015.21473349835,-200218.34772365933,-36203.132990160986,0.20074936316702333
337,w155463405,658.592996231094,mfh,66453.3492473543,73837.05471928256,83066.68655919287,r2,-190120.79586323106,-227406.57437331558,-37285.77851008452,0.20074936316702333
338,w155463406,932.8967588515952,mfh,87329.94975847227,97033.27750941363,109162.43719809034,r2,-249848.04737193522,-302212.9030932904,-52364.85572135518,0.20074936316702333
339,w155463408,740.3845857441426,mfh,81123.65596148898,90137.39551276554,101404.56995186122,r2,-232092.04967719945,-255030.27570150484,-22938.22602430539,0.20074936316702333
340,w155463411,886.3585438661277,mfh,86630.34371086476,96255.9374565164,108287.92963858094,r2,-247846.49801335018,-296571.76010432764,-48725.262090977456,0.20074936316702333
341,w155463413,436.59599217027426,trade,16616.663351011164,18462.959278901293,20770.829188763953,nr1,-48261.38014951323,-65503.45994591252,-17242.079796399288,0.21807291227280706
342,w155463416,722.4005093876273,mfh,71360.79474582999,79289.7719398111,89200.99343228748,r2,-204160.8322856658,-247885.77154368517,-43724.93925801938,0.20074936316702333
343,w155463417,828.3400002270937,mfh,74807.01169807202,83118.90188674668,93508.76462259002,r2,-214020.343011586,-256428.17673248315,-42407.83372089715,0.20074936316702333
344,w155463421,509.4774500131606,mfh,62634.51134401355,69593.90149334838,78293.13918001692,r2,-179195.22913591188,-196905.53275946833,-17710.30362355645,0.20074936316702333
345,w155463422,674.0859733853489,mfh,66828.4486191273,74253.83179903033,83535.56077390912,r2,-191193.94254277364,-229200.46220715475,-38006.51966438111,0.20074936316702333
346,w155463424,701.7858467099256,mfh,75354.80212003247,83727.55791114719,94193.50265004058,r2,-215587.55297419784,-260962.73306308364,-45375.1800888858,0.20074936316702333
347,w155463427,540.3469697440042,mfh,55711.525451732596,61901.69494636955,69639.40681466574,r2,-159388.79947514084,-193192.19281082682,-33803.39333568598,0.20074936316702333
348,w155463430,521.3457492198795,mfh,65819.9805171453,73133.31168571701,82274.97564643163,r2,-188308.74924065982,-206919.76438936545,-18611.01514870563,0.20074936316702333
349,w155463434,634.5610695700626,mfh,64418.57211226843,71576.19123585381,80523.21514033554,r2,-184299.36695545886,-220757.88111743942,-36458.514161980565,0.20074936316702333
350,w155463435,740.6094772338867,mfh,73569.89609015193,81744.3289890577,91962.37011268991,r2,-210480.99688958516,-252804.39372830658,-42323.39683872141,0.20074936316702333
351,w155463436,830.3215000247583,mfh,74986.73881598086,83318.59868442318,93733.42351997607,r2,-214534.53624762365,-254790.46642427862,-40255.930176654976,0.20074936316702333
352,w155463437,634.6341266736388,mfh,64166.464939277284,71296.07215475253,80208.0811740966,r2,-183578.09681761378,-220335.52216252187,-36757.425344908086,0.20074936316702333
353,w155463439,740.3900625675916,mfh,77902.86750022264,86558.74166691404,97378.5843752783,r2,-222877.48227768717,-270696.6175258376,-47819.135248150444,0.20074936316702333
354,w155463441,304.4361848443746,mfh,36817.49098632539,40908.32331813932,46021.863732906735,r1,-114427.87011073025,-125737.05692574785,-11309.186815017601,0.21808161368713638
355,w155463442,681.7836883433163,mfh,68711.68346108304,76346.31495675893,85889.6043263538,r2,-196581.8140497052,-237445.81573036688,-40864.00168066169,0.20074936316702333
356,w155463445,701.5969566701912,mfh,73907.62346345419,82119.58162606022,92384.52932931774,r2,-211447.22353917098,-255503.671189121,-44056.447649950016,0.20074936316702333
357,w155463446,527.3302180506289,mfh,52013.41474555332,57792.683050614796,65016.768431941644,r2,-148808.62919610663,-179471.14465917196,-30662.515463065327,0.20074936316702333
358,w155463447,540.1562461696565,mfh,59085.19228162839,65650.21364625376,73856.49035203549,r2,-169040.74674253468,-206569.1648133736,-37528.4180708389,0.20074936316702333
359,w155463448,488.2503870327026,mfh,51268.34796637681,56964.83107375201,64085.43495797101,r2,-146677.0182143782,-178722.07969184357,-32045.06147746538,0.20074936316702333
360,w155463452,416.2699146196246,mfh,40700.76121869014,45223.06802076682,50875.95152336267,r1,-126496.97992375198,-138998.9864376274,-12502.006513875429,0.21808161368713638
361,w155463453,826.68092449978,mfh,83117.14823153104,92352.38692392338,103896.4352894138,r2,-237795.36397542767,-285046.8607170539,-47251.49674162621,0.20074936316702333
362,w155463454,830.106713430956,mfh,73765.5043705863,81961.67152287367,92206.88046323288,r2,-211040.62559716462,-251700.0252645872,-40659.39966742258,0.20074936316702333
363,w155463458,653.3753796381876,mfh,58960.56636749198,65511.74040832442,73700.70795936497,r2,-168684.19619618673,-201129.90529693654,-32445.70910074981,0.20074936316702333
364,w155463459,716.456727950275,mfh,75283.97896378927,83648.8655153214,94104.97370473658,r2,-215384.9303075752,-260095.18168421063,-44710.251376635424,0.20074936316702333
365,w155463463,389.00259175430983,mfh,37000.96483362116,41112.18314846796,46251.206042026446,r1,-114998.10238361584,-126363.64665154918,-11365.544267933336,0.21808161368713638
366,w155463464,681.5525098629297,mfh,69179.35495120153,76865.94994577947,86474.19368900191,r2,-197919.8064445341,-238282.23753181013,-40362.431087276025,0.20074936316702333
367,w155463468,854.9059582386632,mfh,81699.0096870192,90776.67743002134,102123.762108774,r2,-233738.11732374522,-278983.384067479,-45245.26674373378,0.20074936316702333
368,w155463469,716.6904537379742,mfh,100679.18201464991,111865.75779405545,125848.97751831239,r2,-288039.7516193875,-316507.42612965044,-28467.674510262965,0.20074936316702333
369,w155463470,608.2978411447257,mfh,64367.74654988399,71519.71838875998,80459.68318735498,r2,-184153.95673189347,-202354.34355540347,-18200.386823509994,0.20074936316702333
370,w155463473,376.1376306014136,mfh,43550.29606288637,48389.217847651526,54437.870078607964,r1,-135353.2651917729,-148730.56008151532,-13377.294889742421,0.21808161368713638
371,w155463474,720.4433401308954,mfh,67276.75041664802,74751.94490738669,84095.93802081002,r2,-192476.51889892243,-233605.17968050012,-41128.660781577695,0.20074936316702333
372,w155463478,851.8925360153429,mfh,87684.85616685112,97427.61796316791,109606.0702085639,r2,-250863.42266275454,-275656.86947953457,-24793.446816780022,0.20074936316702333
373,w155463479,376.5337288361043,mfh,37121.41584101446,41246.017601127176,46401.76980126807,r1,-115372.46119676324,-138953.14187036216,-23580.680673598923,0.21808161368713638
374,w155463480,664.0854127705097,mfh,73172.86575571459,81303.18417301621,91466.08219464324,r2,-209345.10646389564,-230035.1963477581,-20690.08988386244,0.20074936316702333
375,w155463484,531.1159037780716,mfh,68085.21955592721,75650.24395103024,85106.52444490901,r2,-194789.52189924516,-214041.04769129909,-19251.52579205393,0.20074936316702333
376,w155463485,716.6882258921862,mfh,74226.11389675422,82473.45988528247,92782.64237094278,r2,-212358.41395078495,-254608.88781376038,-42250.47386297543,0.20074936316702333
377,w155463490,790.5601109853014,mfh,73479.01625668757,81643.35139631951,91848.77032085945,r2,-210220.9927443938,-252751.98066431395,-42530.98791992015,0.20074936316702333
378,w155463491,681.5525530032813,mfh,68426.0537270324,76028.94858559156,85532.5671587905,r2,-195764.636992793,-235108.71848573897,-39344.08149294596,0.20074936316702333
379,w155463494,531.001435648324,mfh,56124.10929184654,62360.12143538504,70155.13661480817,r2,-160569.1879571539,-192245.9194079857,-31676.73145083181,0.20074936316702333
380,w155463495,716.4590312853455,mfh,79038.97749810597,87821.08610900663,98798.72187263246,r2,-226127.8547484826,-275891.330564214,-49763.47581573136,0.20074936316702333
381,w155463496,611.941689690575,mfh,60485.334200613484,67205.92688957053,75606.66775076685,r2,-173046.50565421986,-208721.40962109913,-35674.90396687927,0.20074936316702333
382,w155463500,1108.025532820262,mfh,100906.99247980208,112118.88053311342,126133.7405997526,r2,-288691.5096937546,-345850.0456607497,-57158.535966995114,0.20074936316702333
383,w155463502,540.1563036605716,mfh,59609.47184418452,66232.74649353835,74511.83980523064,r2,-170540.69292759424,-207269.87408872735,-36729.18116113311,0.20074936316702333
384,w155463507,1267.198863344267,mfh,124829.28501538603,138699.20557265115,156036.60626923252,r2,-357132.38358874986,-429841.8831272393,-72709.49953848944,0.20074936316702333
385,w155463508,530.6506136165466,mfh,59404.70237854505,66005.22486505006,74255.87797318131,r2,-169954.8543774415,-206244.91642398832,-36290.06204654684,0.20074936316702333
386,w155463511,1747.3368958860635,mfh,164794.07162005454,183104.52402228283,205992.58952506818,r2,-471470.29314244,-561934.3854553562,-90464.09231291624,0.20074936316702333
387,w155463513,612.2091895099729,mfh,81863.33408033723,90959.26008926358,102329.16760042153,r2,-234208.2438830715,-257355.61856659697,-23147.37468352547,0.20074936316702333
388,w155463514,830.106801855378,mfh,74653.97590525495,82948.86211694994,93317.46988156869,r2,-213582.51275840128,-254716.6926127419,-41134.17985434062,0.20074936316702333
389,w155463518,691.345141955465,mfh,72173.4858662746,80192.76207363844,90216.85733284324,r2,-206485.91423202175,-247370.5867976663,-40884.67256564455,0.20074936316702333
390,w155463519,507.32179623667616,mfh,55562.18913504426,61735.76570560473,69452.73641880532,r2,-158961.5532986631,-191714.9861734526,-32753.43287478952,0.20074936316702333
391,w155463522,1139.1653657640795,mfh,129564.6746402093,143960.74960023255,161955.84330026162,r2,-370680.1739468066,-407315.40391072206,-36635.22996391548,0.20074936316702333
392,w155463523,446.09937440417707,mfh,52022.345619720814,57802.60624413424,65027.93202465102,r2,-148834.18012655195,-163543.8268750438,-14709.646748491854,0.20074936316702333
393,w155463528,681.6119319483638,mfh,68495.57242516302,76106.19158351446,85619.46553145377,r2,-195963.52764865404,-235430.8273427388,-39467.299694084766,0.20074936316702333
394,w155463529,691.3949336603283,mfh,83645.16797269836,92939.0755252204,104556.45996587294,r2,-239306.0106856268,-262957.21015461494,-23651.19946898814,0.20074936316702333
395,w155463531,507.3216828555101,mfh,54061.208972385146,60068.00996931683,67576.51121548143,r2,-154667.29956530393,-186383.29078749564,-31715.99122219172,0.20074936316702333
396,w155463534,640.8467616457492,mfh,62761.80582241785,69735.3398026865,78452.25727802231,r2,-179559.41435482595,-213695.84990542964,-34136.435550603695,0.20074936316702333
397,w155463535,684.7868416263722,mfh,63983.21967634138,71092.46630704598,79979.02459542672,r2,-183053.8382870488,-221134.63191125347,-38080.79362420467,0.20074936316702333
398,w155463536,691.6131192699074,mfh,70337.30683773482,78152.56315303869,87921.63354716853,r2,-201232.66782371892,-240201.46360443547,-38968.79578071655,0.20074936316702333
399,w155463537,507.3215693686623,mfh,56345.158000452444,62605.73111161382,70431.44750056555,r2,-161201.60087359344,-197529.40398045044,-36327.803106857,0.20074936316702333
400,w155463538,643.413233704865,mfh,67471.69315381986,74968.54794868872,84339.61644227481,r2,-193034.24350962508,-212112.2908370238,-19078.0473273987,0.20074936316702333
401,w155463539,710.019569536671,mfh,70101.74839593095,77890.83155103438,87627.18549491368,r2,-200558.74304889143,-238788.23521042147,-38229.49216153004,0.20074936316702333
402,w155463540,840.6794232809916,mfh,76273.68228195352,84748.53586883724,95342.1028524419,r2,-218216.4381946718,-262361.32320188876,-44144.88500721697,0.20074936316702333
403,w155463541,696.2558067506179,mfh,69091.86352939304,76768.73725488115,86364.8294117413,r2,-197669.49643106107,-237593.1345852861,-39923.638154225046,0.20074936316702333
404,w155463542,640.557884996757,mfh,65685.4859572708,72983.87328585643,82106.85744658849,r2,-187923.96483096151,-206496.9507935207,-18572.985962559178,0.20074936316702333
405,w155463543,587.0278481058776,mfh,64620.647257978446,71800.7191755316,80775.80907247306,r2,-184877.49714696454,-224695.14103904786,-39817.64389208332,0.20074936316702333
406,w155463544,825.5248426020145,mfh,98226.61890138821,109140.68766820912,122783.27362673526,r2,-281023.05108767294,-308797.2478895648,-27774.19680189184,0.20074936316702333
407,w155463545,709.4769112125038,mfh,68799.48875180824,76443.87639089805,85999.3609397603,r2,-196833.02203158644,-237451.31495576096,-40618.292924174515,0.20074936316702333
408,w155463546,647.0489746004342,mfh,65167.88665066121,72408.76294517911,81459.8583133265,r2,-186443.1306333565,-222132.74974508508,-35689.61911172859,0.20074936316702333
409,w155463547,586.4484846569597,mfh,65038.9578364076,72265.50870711956,81298.6972955095,r2,-186074.26963457736,-204464.44568809512,-18390.17605351776,0.20074936316702333
410,w155463548,500.40091222245246,mfh,58521.66054916764,65024.06727685293,73152.07568645955,r2,-167428.50142031885,-183975.87050871077,-16547.36908839192,0.20074936316702333
411,w155463549,672.5395986035466,mfh,71071.92574614852,78968.80638460947,88839.90718268565,r2,-203334.3877987938,-245338.21938835803,-42003.831589564244,0.20074936316702333
412,w155463551,586.1050742082298,mfh,58460.95059670617,64956.61177411796,73076.1882458827,r2,-167254.81228937928,-199220.3467228299,-31965.534433450637,0.20074936316702333
413,w155463552,667.035758360289,mfh,68669.64406031062,76299.60451145624,85837.05507538827,r2,-196461.54073883386,-237910.53424965346,-41448.99351081959,0.20074936316702333
414,w155463553,817.6307530952618,mfh,76749.54752122253,85277.27502358059,95936.93440152815,r2,-219577.87263007875,-265088.77976162365,-45510.9071315449,0.20074936316702333
415,w155463556,732.9133296664804,mfh,64357.9958795773,71508.88431064144,80447.49484947162,r2,-184126.06039228226,-219360.66091318906,-35234.600520906795,0.20074936316702333
416,w155463558,710.1379440590739,mfh,77163.4124884325,85737.12498714722,96454.26561054062,r2,-220761.92637360023,-263805.3259860285,-43043.39961242824,0.20074936316702333
417,w155463561,654.0662793286144,mfh,66767.48224207119,74186.09138007909,83459.35280258898,r2,-191019.51978969824,-209898.44703466204,-18878.927244963794,0.20074936316702333
418,w155463562,586.3292756803334,mfh,59654.3554106497,66282.61712294411,74567.94426331212,r2,-170669.10330079874,-206276.33114838068,-35607.22784758193,0.20074936316702333
419,w155463566,653.8032613813876,mfh,66481.29901255308,73868.11001394787,83101.62376569134,r2,-190200.75920088022,-228602.87224925167,-38402.11304837145,0.20074936316702333
420,w155463567,133.41999841853976,sfh,16572.97361038044,18414.415122644932,20716.217012975547,r1,-51508.400513808236,-69883.85803850873,-18375.45752470049,0.21808161368713638
421,w155463569,886.7166110530495,mfh,90690.7250070177,100767.47223001966,113363.40625877211,r2,-259463.11225892196,-308472.33859672915,-49009.226337807195,0.20074936316702333
422,w155463572,311.3570919752121,mfh,35890.06917924034,39877.854643600374,44862.58647405042,r1,-111545.46560037394,-122569.77731413758,-11024.311713763644,0.21808161368713638
423,w155463574,863.4385226266459,mfh,80266.77887142508,89185.30985713897,100333.47358928135,r2,-229640.55315873903,-275866.2770924131,-46225.723933674075,0.20074936316702333
424,w155463577,931.9227139726281,mfh,104741.59050899002,116379.54500998891,130926.98813623752,r2,-299662.1656107521,-329278.5117771652,-29616.346166413045,0.20074936316702333
425,w155463578,931.2066993936896,mfh,95901.79540846782,106557.55045385312,119877.24426058478,r2,-274371.80931097415,-329178.90528662904,-54807.0959756549,0.20074936316702333
426,w155463581,136.57608463019133,sfh,20238.058157433414,22486.731286037128,25297.572696791765,r1,-62899.39450225765,-80036.12551695204,-17136.731014694393,0.21808161368713638
427,w155463583,949.1963916398585,mfh,98696.62464541465,109662.91627268294,123370.7808067683,r2,-282367.72170437867,-341129.0251220996,-58761.30341772095,0.20074936316702333
428,w155463586,949.1754787907004,mfh,101711.11223859426,113012.34693177139,127138.89029824281,r2,-290992.0692628722,-319751.5285606624,-28759.459297790192,0.20074936316702333
429,w155463589,722.9646147996187,mfh,79863.38270239974,88737.09189155528,99829.22837799968,r2,-228486.4502945207,-251068.32609611057,-22581.875801589864,0.20074936316702333
430,w155463591,591.1442194825038,mfh,72104.48386231158,80116.0931803462,90130.60482788947,r2,-206288.50182078604,-251357.44938564434,-45068.9475648583,0.20074936316702333
431,w155463593,535.6290349200369,mfh,57403.922688774626,63782.13632086069,71754.90336096828,r2,-164230.69101661153,-198911.87127734395,-34681.18026073242,0.20074936316702333
432,w155463596,724.8313003255054,mfh,67296.75836170698,74774.1759574522,84120.94795213372,r2,-192533.76095641512,-230682.45839379175,-38148.69743737663,0.20074936316702333
433,w155463597,752.1160736689344,mfh,96345.81377389302,107050.90419321446,120432.26721736627,r2,-275642.1309120467,-302884.5181867317,-27242.387274684967,0.20074936316702333
434,w155463600,535.4490051213652,mfh,64489.169061256325,71654.6322902848,80611.4613265704,r2,-184501.34245073656,-202736.06225612818,-18234.71980539162,0.20074936316702333
435,w155463601,907.8308945208788,mfh,90872.07987539202,100968.97763932447,113590.09984424003,r2,-259981.96243426314,-313386.4285926958,-53404.46615843265,0.20074936316702333
436,w155463605,389.4215188790113,mfh,42998.73447932191,47776.37164369101,53748.41809915238,r1,-133639.0251512002,-146846.89749689054,-13207.872345690324,0.21808161368713638
437,w155463606,690.2915003947913,mfh,72619.17804943162,80687.97561047958,90773.97256178952,r2,-207761.02456929654,-250238.39604758946,-42477.37147829292,0.20074936316702333
438,w155463610,725.1058211326599,mfh,66694.63523034648,74105.15025594053,83368.2940379331,r2,-190811.1069406512,-227655.69923954172,-36844.59229889052,0.20074936316702333
439,w155463611,1002.8680375270545,mfh,112403.2420384642,124892.49115384911,140504.05254808025,r2,-321581.89280145295,-353364.6193216554,-31782.726520202472,0.20074936316702333
440,w155463612,535.6290688522159,mfh,63516.22491576578,70573.58323973975,79395.28114470722,r2,-181717.7819926683,-199677.39569671656,-17959.61370404827,0.20074936316702333
441,w155463616,543.6235096465331,mfh,57717.03913082603,64130.04347869559,72146.29891353253,r2,-165126.50662011246,-197325.7630948904,-32199.25647477794,0.20074936316702333
442,w155463618,752.1486698825844,mfh,78276.75754478379,86974.17504975977,97845.94693097973,r2,-223947.1691127738,-268400.05189490947,-44452.88278213568,0.20074936316702333
443,w155463621,238.18491610530762,mfh,25941.058157091844,28823.39795232427,32426.322696364805,r1,-80624.18035050538,-97959.39607889186,-17335.21572838648,0.21808161368713638
444,w155463623,73.76475410088896,mfh,9386.532258258556,10429.48028695395,11733.165322823193,r1,-29173.114877304386,-36485.38553615716,-7312.270658852776,0.21808161368713638
445,w155463625,52.41574023310095,sfh,7168.165529890833,7964.628366545369,8960.206912363541,r1,-22278.484823727173,-28323.58679307431,-6045.101969347139,0.21808161368713638
446,w155463626,98.3909645654261,mfh,11326.695090576788,12585.216767307542,14158.368863220985,r1,-35203.09396123042,-43017.12855413157,-7814.0345929011455,0.21808161368713638
447,w155463629,643.7923131911084,mfh,60925.212855087026,67694.68095009669,76156.51606885878,r2,-174304.9836815721,-207871.46159230827,-33566.47791073617,0.20074936316702333
448,w155463631,546.7249739198014,mfh,62732.02766693095,69702.25296325661,78415.03458366368,r2,-179474.22005409273,-197212.09703377605,-17737.876979683322,0.20074936316702333
449,w155463632,612.4270064728335,mfh,67447.16411095476,74941.2934566164,84308.95513869345,r2,-192964.06674345615,-212035.17832908226,-19071.111585626117,0.20074936316702333
450,w155463633,683.6260891854763,mfh,67343.37274848943,74825.96972054381,84179.21593561179,r2,-192667.1231483006,-230756.2682452649,-38089.14509696429,0.20074936316702333
451,w155463638,279.5906790524721,ab,31093.580676718997,34548.42297413222,38866.97584589874,r1,-96638.09552570006,-121120.60745612913,-24482.51193042907,0.21808161368713638
452,w155463639,282.758548167441,other,12733.875761949328,14148.750846610365,15917.34470243666,nr1,-36984.22516856923,-55517.6465100071,-18533.42134143787,0.21807291227280706
453,w155463640,56.80619836300611,sfh,8149.209288913908,9054.67698768212,10186.511611142383,r1,-25327.54506175723,-33865.84626907727,-8538.30120732004,0.21808161368713638
454,w155463643,240.41873629689215,ab,28483.777730710135,31648.64192301126,35604.72216338767,r1,-88526.89118992875,-113039.16431745092,-24512.273127522174,0.21808161368713638
455,w155463644,98.43792371228336,mfh,11153.843250929993,12393.159167699992,13942.30406366249,r1,-34665.87463080808,-42649.135606794895,-7983.260975986814,0.21808161368713638
456,w155463645,98.39091195091605,mfh,11053.44919247696,12281.61021386329,13816.811490596201,r1,-34353.852329103174,-42478.38089158758,-8124.528562484404,0.21808161368713638
457,w155463647,97.66299930792302,mfh,9369.723502372359,10410.803891524843,11712.154377965448,r1,-29120.873671188987,-36464.236287972126,-7343.362616783139,0.21808161368713638
458,w155463653,376.11661268314344,mfh,49110.00769747382,54566.67521941535,61387.50962184227,r1,-152632.714272428,-167717.77945907981,-15085.065186651802,0.21808161368713638
459,w155463654,482.5493668295443,mfh,52586.0148678914,58428.905408768216,65732.51858486424,r2,-150446.8188765858,-182599.83938408503,-32153.020507499226,0.20074936316702333
460,w155463656,73.78574474137277,mfh,10518.511422655341,11687.23491406149,13148.139278319177,r1,-32691.278698944432,-41113.639533117544,-8422.360834173112,0.21808161368713638
461,w155463657,470.15250823192764,mfh,44569.71600670739,49521.906674119324,55712.145008384236,r1,-138521.5976825221,-164435.52751132604,-25913.929828803957,0.21808161368713638
462,w155463660,49.947176152281465,mfh,6130.094348688484,6811.2159429872045,7662.617935860605,r1,-19052.184739008386,-23765.91911096095,-4713.734371952563,0.21808161368713638
463,w155463661,78.16354378722608,sfh,10628.335831745004,11809.262035272226,13285.419789681255,r1,-33032.61030198515,-43408.13750850852,-10375.527206523366,0.21808161368713638
464,w155463663,104.99722011834383,sfh,12659.813951807402,14066.45994645267,15824.767439759253,r1,-39346.395088179,-50270.72585151675,-10924.330763337748,0.21808161368713638
465,w155463665,467.86907609552145,trade,25152.751602532997,27947.501780592218,31440.939503166246,nr1,-73053.56564392657,-98785.36527746638,-25731.799633539806,0.21807291227280706
466,w155463667,587.3173447391018,mfh,62170.68286456457,69078.53651618285,77713.3535807057,r2,-177868.2314652808,-214445.3502899321,-36577.11882465129,0.20074936316702333
467,w155463669,557.4523567564785,mfh,63822.83861379559,70914.26512643954,79778.54826724448,r2,-182594.99346435824,-224323.56405436265,-41728.57059000441,0.20074936316702333
468,w155463671,449.48969881236553,mfh,44460.06219337882,49400.06910375424,55575.07774172352,r1,-138180.79628697428,-168660.2981999286,-30479.50191295432,0.21808161368713638
469,w155576276,58.73152135126293,other,7036.542804460303,7818.380893844781,8795.678505575379,nr1,-20436.910831663175,-30117.306237948524,-9680.395406285348,0.21807291227280706
470,w159548666,1258.4072781499474,other,45034.07044829587,50037.85605366207,56292.58806036983,nr1,-130796.8000358453,-179639.3910522096,-48842.5910163643,0.21807291227280706
471,w159548667,15669.025621107221,trade,613413.7969842755,681570.8855380839,766767.2462303443,nr2,-1640068.2037002868,-2102726.191778835,-462657.9880785481,0.20074936316702333
472,w159548669,2256.2803165019486,trade,261494.21083095495,290549.1231455055,326867.76353869366,nr2,-699150.1377112687,-768285.3053002466,-69135.16758897784,0.20074936316702333
473,w159548670,188.14899220019578,mfh,23028.989782019133,25587.766424465703,28786.237227523914,r1,-71573.54238334601,-87563.22780416302,-15989.685420817012,0.21808161368713638
474,w159548671,318.3455893772654,other,12677.331192583715,14085.923547315238,15846.663990729643,nr1,-36819.99731488412,-48802.7644716744,-11982.76715679028,0.21807291227280706
475,w159548672,170.00981159284711,ab,21983.144401197525,24425.716001330584,27478.930501496907,r1,-68323.08027453443,-85741.69334081294,-17418.613066278514,0.21808161368713638
476,w159548674,118.95309109317604,trade,10044.893361266411,11160.992623629345,12556.116701583014,nr1,-29174.353889759703,-40809.05219760383,-11634.698307844126,0.21807291227280706
477,w159548675,865.047436706489,mfh,94066.05527670533,104517.83919633925,117582.56909588166,r2,-269119.8185715811,-328395.8396291361,-59276.021057554986,0.20074936316702333
478,w159548677,106.67055884185247,other,5052.772241354683,5614.191379282981,6315.965301693353,nr1,-14675.254399619722,-22378.071307589693,-7702.816907969971,0.21807291227280706
479,w159872586,633.9711885744706,mfh,61528.304105702184,68364.7823396691,76910.38013212773,r2,-176030.40745394383,-214013.4010189207,-37982.993564976874,0.20074936316702333
480,w159872589,1091.462102752924,mfh,104981.15974855874,116645.73305395416,131226.4496856984,r2,-300347.56514301075,-361002.29258128913,-60654.72743827838,0.20074936316702333
481,w159872591,2692.1037788091226,mfh,238842.17683578568,265380.1964842063,298552.7210447321,r2,-683319.4302472874,-808225.6013427216,-124906.17109543423,0.20074936316702333
482,w159872593,436.90541737405584,mfh,41771.57313857874,46412.85904286526,52214.46642322342,r1,-129825.03743118896,-155302.06419966408,-25477.026768475116,0.21808161368713638
483,w159872596,218.88012801047884,mfh,23926.839112240952,26585.376791378836,29908.54889030119,r1,-74364.03635198138,-91896.34587722414,-17532.30952524276,0.21808161368713638
484,w159872599,487.8712977081537,mfh,46825.5540892305,52028.39343247833,58531.94261153812,r1,-145532.68779710017,-174232.63464111998,-28699.94684401981,0.21808161368713638
485,w159872601,629.8896718598901,mfh,59138.13100415723,65709.03444906359,73922.66375519653,r2,-169192.2026461597,-204319.65529068926,-35127.45264452955,0.20074936316702333
486,w159872603,453.131132603623,mfh,41977.27905722256,46641.42117469173,52471.59882152819,r1,-130464.36644326986,-155561.2839714374,-25096.91752816754,0.21808161368713638
487,w159872608,317.054659525305,mfh,36148.8017943321,40165.33532703567,45186.00224291513,r1,-112349.60030048498,-137147.69941511063,-24798.099114625657,0.21808161368713638
488,w159872611,474.9952949794941,mfh,49392.47210315651,54880.52455906279,61740.59012894564,r1,-153510.6068028117,-185418.11681551352,-31907.510012701823,0.21808161368713638
489,w159872613,461.6615135567263,mfh,49483.41463924298,54981.57182138109,61854.26829905373,r1,-153793.254001957,-187582.46395106244,-33789.209949105454,0.21808161368713638
490,w159872615,129.00588214695452,mfh,16719.873106670097,18577.636785188995,20899.841383337618,r1,-51964.96058975172,-65015.35498097521,-13050.39439122349,0.21808161368713638
491,w159872617,185.93316667452453,mfh,23274.884584316744,25860.98287146305,29093.605730395928,r1,-72337.77747227873,-88013.49914583752,-15675.721673558786,0.21808161368713638
492,w159872620,129.2747205838561,mfh,17497.094806705965,19441.216451895518,21871.368508382457,r1,-54380.54680587864,-66409.45524226947,-12028.908436390826,0.21808161368713638
493,w159872622,447.3657494872576,mfh,46366.44062561429,51518.26736179365,57958.05078201786,r1,-144105.77427384356,-176011.80833706158,-31906.034063218016,0.21808161368713638
494,w159872625,238.36158968657256,mfh,25116.058872769172,27906.732080854636,31395.073590961463,r1,-78060.10255978946,-95805.98932487196,-17745.886765082498,0.21808161368713638
495,w159872628,167.04002443812786,mfh,19006.772350224233,21118.635944693593,23758.46543778029,r1,-59072.588040382,-74630.42136636989,-15557.833325987893,0.21808161368713638
496,w159872630,195.52493976540862,mfh,18074.7621351929,20083.069039103222,22593.452668991125,r1,-56175.92286927924,-67631.8374826024,-11455.914613323155,0.21808161368713638
497,w159872632,133.65780365467072,th,16477.88462317202,18308.760692413354,20597.355778965022,r1,-51212.86624502043,-56274.359316043985,-5061.493071023557,0.21808161368713638
498,w159872635,49.369007284846155,th,6739.6868476192685,7488.540941799187,8424.608559524086,r1,-20946.78345878631,-29280.289118989444,-8333.505660203133,0.21808161368713638
499,w159872640,133.91130499513818,mfh,16908.877072954834,18787.64119217204,21136.09634119354,r1,-52552.38033849221,-64473.35029185086,-11920.969953358654,0.21808161368713638
500,w159872643,87.82295271442271,other,9591.78852868142,10657.542809646022,11989.735660851775,nr1,-27858.3577652047,-38124.11951060747,-10265.761745402768,0.21807291227280706
501,w159872648,133.79360626488923,mfh,16965.31316645674,18850.347962729713,21206.641458070924,r1,-52727.78234997614,-65836.24872930173,-13108.46637932559,0.21808161368713638
502,w159872651,467.48304517045614,other,34799.30109969496,38665.890110772176,43499.126374618696,nr1,-101070.97097851192,-136965.1394115477,-35894.16843303577,0.21807291227280706
503,w159872654,134.11286987382917,mfh,15572.749109392586,17303.054565991763,19465.93638674073,r1,-48399.72699439004,-58809.957626353105,-10410.230631963066,0.21808161368713638
504,w159872660,131.42538360562176,mfh,16010.967487406166,17789.96387489574,20013.709359257708,r1,-49761.69909776062,-60655.064324340376,-10893.365226579757,0.21808161368713638
505,w159872663,509.8066861014813,other,40789.69983623175,45321.88870692417,50987.12479528969,nr1,-118469.46456077333,-130184.26778372283,-11714.8032229495,0.21807291227280706
506,w159872669,96.41428965386004,other,6140.942525975589,6823.26947330621,7676.178157469486,nr1,-17835.732448920622,-26878.118828245748,-9042.386379325126,0.21807291227280706
507,w159872671,385.8471666022902,mfh,41085.27500261371,45650.30555845967,51356.59375326713,r1,-127692.03944964235,-153108.45760766623,-25416.41815802388,0.21808161368713638
508,w159872676,450.3884779855609,trade,21572.307796555673,23969.230885061857,26965.38474569459,nr1,-62654.53691149899,-84995.76909449564,-22341.232182996653,0.21807291227280706
509,w159872680,74.82275880910456,trade,6347.627257792996,7052.919175325551,7934.534072241245,nr1,-18436.026876425716,-26715.76089974232,-8279.734023316603,0.21807291227280706
510,w159872682,128.20031198486686,mfh,17098.113549140475,18997.903943489415,21372.641936425593,r1,-53140.52272237234,-67096.32610978132,-13955.803387408982,0.21808161368713638
511,w159872688,74.73616111706941,trade,5317.786693607912,5908.651881786568,6647.23336700989,nr1,-15444.961467466755,-22332.183640501444,-6887.222173034688,0.21807291227280706
512,w159872690,271.2794532585889,mfh,37662.36732773164,41847.07480859071,47077.95915966455,r1,-117053.72531335584,-142353.963861783,-25300.238548427165,0.21808161368713638
513,w159872699,406.91918786983007,mfh,43877.34349126553,48752.60387918392,54846.67936408191,r1,-136369.7206767085,-162038.63946705396,-25668.91879034546,0.21808161368713638
514,w159872700,406.7131608505966,mfh,40678.93594210743,45198.8177134527,50848.66992763429,r1,-126429.14749283309,-150973.64165082734,-24544.494157994253,0.21808161368713638
515,w159872708,435.5580747295171,mfh,46872.894326570284,52080.9936961892,58591.11790821285,r1,-145679.82010797213,-177282.38311370497,-31602.563005732838,0.21808161368713638
516,w159872710,142.59727319749075,mfh,15785.244708098155,17539.160786775727,19731.555885122692,r1,-49060.15816762815,-60807.39280217234,-11747.234634544191,0.21808161368713638
517,w159872717,364.7500545413,mfh,42624.77941045999,47360.86601162221,53280.97426307498,r1,-132476.78185594486,-158790.8781179122,-26314.096261967323,0.21808161368713638
518,w159872718,186.0198295045644,mfh,25865.705318047403,28739.672575608223,32332.131647559254,r1,-80389.98555211855,-99535.94406383557,-19145.95851171702,0.21808161368713638
519,w159872719,169.79583046399057,mfh,20853.61252597942,23170.680584421578,26067.015657474276,r1,-64812.52256837806,-82098.40325417582,-17285.88068579776,0.21808161368713638
520,w159872726,172.48843573874328,mfh,18695.70090016346,20773.001000181623,23369.626125204326,r1,-58105.78550905441,-71849.72067392756,-13743.935164873146,0.21808161368713638
521,w159872727,172.59632431017235,mfh,21043.444879268325,23381.60542140925,26304.306099085406,r1,-65402.51692386049,-71866.40794401617,-6463.891020155686,0.21808161368713638
522,w159872732,140.4957689295523,mfh,18976.199229647278,21084.665810719198,23720.249037059097,r1,-58977.56752223864,-73873.85552143748,-14896.287999198837,0.21808161368713638
523,w159872736,118.37831126665697,mfh,14679.616639748732,16310.68515527637,18349.520799685914,r1,-45623.89291416874,-56688.315708834576,-11064.422794665836,0.21808161368713638
524,w159872737,187.97203346798193,mfh,24944.26660849226,27715.85178721362,31180.333260615324,r1,-77526.17636394934,-95971.68239529962,-18445.506031350276,0.21808161368713638
525,w159872743,753.6066189933568,other,31827.00488865078,35363.33876516753,39783.75611081347,nr1,-92438.24403881424,-126343.44476794962,-33905.20072913538,0.21807291227280706
526,w159872746,394.377677144669,mfh,44537.18740147157,49485.76377941285,55671.484251839465,r1,-138420.499565429,-152100.93674475135,-13680.437179322354,0.21808161368713638
527,w159872748,575.8923149108887,trade,55207.313642999135,61341.45960333237,69009.14205374892,nr2,-147606.33060868856,-162202.32058765367,-14595.98997896511,0.20074936316702333
528,w159872750,127.08080641776323,mfh,17865.116812482014,19850.129791646683,22331.396015602517,r1,-55524.3502847869,-78513.45960339652,-22989.10931860962,0.21808161368713638
529,w159872753,434.5401292324066,other,25725.96143987,28584.401599855555,32157.451799837498,nr1,-74718.39433310372,-101494.43249174593,-26776.038158642215,0.21807291227280706
530,w159872756,252.43327465518377,mfh,33635.93448393886,37373.260537709844,42044.91810492357,r1,-104539.66957201749,-127903.10241241613,-23363.432840398644,0.21808161368713638
531,w159872759,386.07803563163617,mfh,40885.04737063046,45427.83041181162,51106.30921328808,r1,-127069.73681979536,-154040.43663390246,-26970.699814107094,0.21808161368713638
532,w159872763,1345.7076428122818,trade,70170.62199602295,77967.35777335883,87713.27749502868,nr2,-187613.33138468568,-242291.63162726845,-54678.30024258277,0.20074936316702333
533,w159872767,486.0339612279087,mfh,45082.85482234876,50092.060913720845,56353.568527935946,r1,-140116.42069115114,-166419.1926983355,-26302.772007184365,0.21808161368713638
534,w159872769,563.4171857964247,other,35443.64525157622,39381.82805730691,44304.55656447027,nr1,-102942.40192732302,-137954.2146511724,-35011.812723849376,0.21807291227280706
535,w159872774,2747.8572637828997,other,119011.47723873041,132234.97470970044,148764.346548413,nr2,-318197.8309816948,-420808.44160272763,-102610.61062103283,0.20074936316702333
536,w159872776,80.53474041707815,sfh,12444.034937831644,13826.705486479605,15555.043672289554,r1,-38675.75913981929,-49640.338246451385,-10964.579106632096,0.21808161368713638
537,w159872779,530.1892838459462,trade,41088.84380523203,45654.270894702255,51361.054756540034,nr1,-119338.29728021806,-156454.68736924953,-37116.39008903147,0.21807291227280706
538,w159872782,386.9254036822822,mfh,34779.397511211064,38643.77501245674,43474.246889013826,r1,-108093.52496128679,-128575.01531679824,-20481.490355511443,0.21808161368713638
539,w159872787,649.6997715241275,sfh,73844.5187104147,82049.46523379411,92305.64838801838,r2,-211266.68296436916,-253164.58958808624,-41897.90662371708,0.20074936316702333
540,w159872789,103.62989482581615,mfh,13622.502345110554,15136.113716789503,17028.12793138819,r1,-42338.407294195844,-53097.742505213006,-10759.335211017162,0.21808161368713638
541,w159872791,7102.280937734339,other,341045.9633446604,378939.9592718449,426307.4541808255,nr2,-911845.5490107754,-1153171.5736458676,-241326.02463509224,0.20074936316702333
542,w159872796,295.65545302389654,other,14692.2812732514,16324.756970279332,18365.35159156425,nr1,-42672.21143099173,-58949.82547142701,-16277.614040435277,0.21807291227280706
543,w159872797,3172.659030787088,other,124134.27925297005,137926.9769477445,155167.84906621257,nr2,-331894.5308908127,-444452.2199340718,-112557.68904325913,0.20074936316702333
544,w159872802,393.79842739673325,mfh,39710.81716874246,44123.130187491624,49638.521460928074,r1,-123420.25779713079,-147246.04672548344,-23825.788928352646,0.21808161368713638
545,w159872803,469.9664310747758,mfh,46940.21759095484,52155.79732328315,58675.271988693545,r1,-145889.0591828262,-160307.63241126403,-14418.573228437832,0.21808161368713638
546,w159872804,664.4021281981841,mfh,71285.2107419375,79205.78971326388,89106.51342742186,r2,-203944.5889941338,-224100.93250218587,-20156.343508052058,0.20074936316702333
547,w159872808,295.65545226749964,other,15824.74835213696,17583.053724596622,19780.935440171197,nr1,-45961.344937904774,-62473.37881400054,-16512.033876095767,0.21807291227280706
548,w159872809,678.8678823016584,other,34505.649287262946,38339.61031918105,43132.06160907868,nr1,-100218.08965980166,-135111.53395811925,-34893.4442983176,0.21807291227280706
549,w159872812,337.05531151816245,mfh,38041.70913462511,42268.56570513901,47552.136418281385,r1,-118232.71045992372,-143263.77494823522,-25031.064488311502,0.21808161368713638
550,w159872814,765.4437305399682,mfh,79399.36095195425,88221.51216883806,99249.2011899428,r2,-227158.89968207272,-272603.29613811686,-45444.39645604414,0.20074936316702333
551,w159872815,1229.117813373683,mfh,149792.9605537908,166436.62283754532,187241.2006922385,r2,-428552.6192094841,-521725.8095365675,-93173.1903270834,0.20074936316702333
552,w159872820,336.8380303993821,mfh,38637.43829336847,42930.48699263163,48296.797866710585,r1,-120084.22225422767,-147349.11614865236,-27264.89389442469,0.21808161368713638
553,w159872826,1791.1392054180615,th,178358.86709907744,198176.51899897493,222948.5838738468,r2,-510278.71651617176,-612869.4189848915,-102590.70246871974,0.20074936316702333
554,w159872827,157.03123329076917,th,22144.882072210334,24605.424524678147,27681.102590262915,r1,-68825.75703807431,-85866.10358897969,-17040.34655090538,0.21808161368713638
555,w159872832,35.670331929810345,sfh,3676.201183569743,4084.667981744159,4595.251479462178,r0,-14019.9909491351,-19168.539596286617,-5148.548647151516,0.2676023294588879
556,w159872833,162.84196072258055,mfh,21239.15922568886,23599.065806320956,26548.949032111075,r1,-66010.79237150938,-81557.12115187431,-15546.32878036493,0.21808161368713638
557,w159872834,33.79703346360475,sfh,4555.214293213258,5061.349214681398,5694.017866516572,r0,-17372.298188589906,-23493.61006300158,-6121.311874411673,0.2676023294588879
558,w159872835,42.916394099872555,th,6704.477568681241,7449.419520756934,8380.59696085155,r1,-20837.353872764015,-26585.871983978373,-5748.518111214358,0.21808161368713638
559,w159872839,58.88304680213332,other,5318.843004436388,5909.8255604848755,6648.553755545484,nr1,-15448.029413020702,-22865.34461203747,-7417.315199016766,0.21807291227280706
560,w159872840,318.65718863122163,other,26659.24765591642,29621.386284351578,33324.05956989552,nr1,-77429.02762388265,-102806.27823078998,-25377.250606907328,0.21807291227280706
561,w159872842,48.8293092939537,other,2375.76436505535,2639.7381833948334,2969.7054563191873,nr0,-8460.759250118528,-11633.667717794719,-3172.9084676761904,0.2673940756092737
562,w159872843,143.51003436879253,mfh,19080.71500207315,21200.794446747943,23850.893752591437,r1,-59302.400011125836,-75246.5177565181,-15944.117745392257,0.21808161368713638
563,w159872845,162.83680398128925,mfh,21498.13375395689,23886.81528217432,26872.667192446108,r1,-66815.67893191209,-83817.97392968625,-17002.294997774166,0.21808161368713638
564,w159872848,156.42925329236314,mfh,21291.72814453538,23657.47571615042,26614.660180669223,r1,-66174.17529784363,-72714.3312060926,-6540.155908248969,0.21808161368713638
565,w159872851,167.48750086340587,mfh,20694.65294755158,22994.058830612867,25868.316184439474,r1,-64318.48004929514,-80345.1886652394,-16026.708615944262,0.21808161368713638
566,w159872853,143.46053532976657,th,18641.830787650975,20713.145319612195,23302.288484563716,r1,-57938.35850432672,-63664.548456537064,-5726.189952210341,0.21808161368713638
567,w159872855,768.5454076524824,other,30902.518900127714,34336.13211125301,38628.14862515964,nr1,-89753.17009872658,-120660.09487865248,-30906.924779925903,0.21807291227280706
568,w159872857,315.41669200100006,mfh,33248.68266430212,36942.98073811347,41560.85333037765,r1,-103336.10029745733,-126087.44312725839,-22751.342829801055,0.21808161368713638
569,w159872858,136.24142913175746,other,12600.205042488164,14000.227824986849,15750.256303110204,nr1,-36595.992388588056,-51944.342687285796,-15348.35029869774,0.21807291227280706
570,w159872860,131.01957194106652,other,10778.366395040914,11975.96266115657,13472.957993801141,nr1,-31304.6504580087,-42536.78666182713,-11232.13620381843,0.21807291227280706
571,w159872862,156.42902136784977,mfh,20547.76308719318,22830.847874659088,25684.703858991474,r1,-63861.94992159258,-77293.40641620645,-13431.456494613863,0.21808161368713638
572,w159872865,158.90607472276315,mfh,21250.92912058293,23612.143467314363,26563.66140072866,r1,-66047.37291972368,-72574.99663820663,-6527.6237184829515,0.21808161368713638
573,w159872867,192.56274920739233,mfh,23626.608294376343,26251.78699375149,29533.260367970426,r1,-73430.92624291364,-89767.51570800878,-16336.589465095138,0.21808161368713638
574,w159872868,54.98272090442479,other,4338.732794656411,4820.814216284901,5423.415993320514,nr0,-15451.437089522386,-21088.165711596786,-5636.728622074401,0.2673940756092737
575,w159872870,315.09365436807275,mfh,33572.70898486998,37303.00998318887,41965.886231087476,r1,-104343.16625249942,-127084.61422133255,-22741.447968833134,0.21808161368713638
576,w159872874,56.548262861557305,th,6258.9085433516675,6954.342825946297,7823.635679189584,r1,-19452.536135598988,-27671.1124134428,-8218.576277843811,0.21808161368713638
577,w159872876,86.08918008172186,other,7937.8236826816055,8819.804091868451,9922.279603352006,nr1,-23054.587928833138,-32435.43941356968,-9380.85148473654,0.21807291227280706
578,w159872878,413.8979488207959,mfh,49390.03592714167,54877.81769682407,61737.544908927084,r1,-153503.035226772,-187144.08474106106,-33641.04951428907,0.21808161368713638
579,w159872879,205.3686287334189,mfh,25436.2263636754,28262.47373741711,31795.282954594248,r1,-79055.17536572032,-97936.04705139632,-18880.871685676,0.21808161368713638
580,w159872883,329.8948070596903,th,38258.33027645758,42509.25586273064,47822.91284557197,r1,-118905.96372126223,-149148.22503274732,-30242.261311485083,0.21808161368713638
581,w159872884,900.053558271192,other,37831.76819712391,42035.297996804344,47289.71024640488,nr1,-109878.45803463043,-152472.03511635988,-42593.577081729454,0.21807291227280706
582,w159872887,1008.3728146322071,other,88407.21114906944,98230.23461007715,110509.01393633679,nr2,-236372.01624130263,-304106.39180943224,-67734.37556812962,0.20074936316702333
583,w159872892,458.9937253634445,other,39649.09661200691,44054.55179111879,49561.370765008636,nr1,-115156.70046119097,-153110.86111441744,-37954.16065322647,0.21807291227280706
584,w159872895,353.7920229201671,th,49227.57275316536,54697.30305907262,61534.4659414567,r1,-152998.10361759627,-184915.14178306895,-31917.03816547268,0.21808161368713638
585,w159872899,2008.66189844124,other,87830.35072413228,97589.2785823692,109787.93840516535,nr2,-234829.6798191945,-309207.7509122041,-74378.07109300958,0.20074936316702333
587,w160025355,131.5437356668757,ab,15822.357973565722,17580.397748406358,19777.94746695715,r1,-49175.505297661686,-64704.08697020009,-15528.581672538407,0.21808161368713638
588,w160025360,102.43726858533918,mfh,14598.10513130861,16220.116812565122,18247.63141413576,r1,-45370.55712048904,-56944.058490412055,-11573.501369923019,0.21808161368713638
589,w160025362,106.2412323884666,mfh,12893.32495058692,14325.916611763245,16116.65618823365,r1,-40072.14161576541,-52745.86286277303,-12673.72124700762,0.21808161368713638
590,w160025367,104.2175793532282,mfh,14296.527182761089,15885.030203067876,17870.65897845136,r1,-44433.26016189201,-55499.07770786641,-11065.817545974402,0.21808161368713638
591,w160025369,103.97346241511406,mfh,13712.751918131698,15236.391020146331,17140.939897664623,r1,-42618.90078092062,-53451.41022804534,-10832.509447124714,0.21808161368713638
592,w160025373,103.9182820610702,mfh,12692.477684318626,14102.75298257625,15865.597105398283,r1,-39447.913177570656,-49194.09772864901,-9746.184551078353,0.21808161368713638
593,w160025375,104.46434533819556,mfh,15200.83881015165,16889.8209001685,19001.048512689562,r1,-47243.838793583775,-51913.06315525537,-4669.224361671593,0.21808161368713638
594,w160025376,101.26918978765606,other,6767.594541506047,7519.5494905622745,8459.493176882557,nr1,-19655.778417483485,-27305.22461949542,-7649.446202011935,0.21807291227280706
595,w160025380,128.15635424628857,th,16535.50385671767,18372.782063019633,20669.379820897087,r1,-51391.94542709967,-65443.35933968021,-14051.413912580538,0.21808161368713638
596,w160025381,64.08582323277369,th,8805.145795153388,9783.495327948209,11006.432243941736,r1,-27366.17983360344,-37634.14833833067,-10267.968504727229,0.21808161368713638
597,w160025384,125.48521707579494,mfh,13228.087159594033,14697.874621771149,16535.10894949254,r1,-41112.574452008244,-51834.32206972977,-10721.747617721529,0.21808161368713638
598,w160025385,125.6767025694251,mfh,12483.801305090501,13870.890338989446,15604.751631363126,r1,-38799.352045950836,-48408.45813363762,-9609.106087686785,0.21808161368713638
599,w160025388,125.67682776004075,mfh,12887.497210468891,14319.441344965435,16109.371513086113,r1,-40054.02914065101,-49383.319703214336,-9329.290562563328,0.21808161368713638
600,w160025389,125.54291224256157,mfh,15947.091501286146,17718.990556984605,19933.864376607682,r1,-49563.174080245124,-62266.28682693815,-12703.112746693027,0.21808161368713638
601,w160025392,101.23846836648882,other,7707.166695034264,8563.51855003807,9633.95836879283,nr1,-22384.668563564624,-31310.536303452947,-8925.867739888323,0.21807291227280706
602,w160025393,241.441205301648,mfh,29760.98461218925,33067.76068021028,37201.23076523656,r1,-92496.41923823343,-114730.95609489459,-22234.536856661158,0.21808161368713638
603,w160025394,520.9474028991534,mfh,62962.95736238052,69958.84151375612,78703.69670297565,r2,-180134.90214137026,-197938.07595077803,-17803.173809407774,0.20074936316702333
604,w160025395,347.3527018059045,mfh,41270.74084393225,45856.37871548028,51588.42605491531,r1,-128268.46279169623,-164129.72889325162,-35861.26610155539,0.21808161368713638
605,w160025396,362.18757194392384,mfh,37666.70161233902,41851.89068037669,47083.37701542377,r1,-117067.19616492093,-142966.7580329836,-25899.56186806268,0.21808161368713638
606,w160025398,216.67090053744613,mfh,25759.482837806354,28621.647597562616,32199.353547257942,r1,-80059.84865668543,-99796.06395859625,-19736.215301910823,0.21808161368713638
607,w160025399,277.5212213275954,mfh,34672.16062353594,38524.62291503994,43340.20077941992,r1,-107760.23531212179,-118410.44344057635,-10650.208128454557,0.21808161368713638
608,w160025402,733.1297983160242,mfh,73752.53405858297,81947.26006509218,92190.66757322871,r2,-211003.51797100884,-256796.4286120086,-45792.91064099976,0.20074936316702333
609,w160025403,118.93753181435167,th,13366.26539456982,14851.405993966466,16707.831743212275,r1,-41542.029059053886,-52086.40698281815,-10544.377923764267,0.21808161368713638
610,w160025405,118.80893169231713,mfh,11413.826109522666,12682.02901058074,14267.282636903332,r1,-35473.89505743377,-43202.23205975608,-7728.337002322311,0.21808161368713638
611,w160025406,118.8714888818562,mfh,12694.703117102687,14105.225685669651,15868.378896378357,r1,-39454.82976875415,-47473.873159932846,-8019.043391178697,0.21808161368713638
612,w160025409,118.87152101863175,mfh,13545.552141340295,15050.613490378106,16931.94017667537,r1,-42099.24792493606,-52596.40851330015,-10497.160588364088,0.21808161368713638
613,w160025412,678.325670054555,mfh,83112.16289052342,92346.84765613714,103890.20361315427,r2,-237781.101082575,-261281.58999861625,-23500.488916041242,0.20074936316702333
614,w160025415,1309.668819526094,mfh,134843.0872649352,149825.65251659465,168553.85908116898,r2,-385781.5348334043,-464863.5698528118,-79082.03501940751,0.20074936316702333
615,w160025422,678.3786613484378,mfh,78555.95700031816,87284.39666702018,98194.9462503977,r2,-224745.94935924705,-270537.9548472947,-45792.00548804767,0.20074936316702333
616,w160025427,555.729584345687,mfh,68356.5049155554,75951.67212839489,85445.63114444424,r2,-195565.66018366138,-214893.89362433497,-19328.23344067359,0.20074936316702333
617,w160025428,926.2977557130158,mfh,100962.61735123128,112180.68594581253,126203.2716890391,r2,-288850.6505789874,-349500.04139567306,-60649.390816685685,0.20074936316702333
618,w160025434,188.0208901744336,mfh,25126.424219116037,27918.249132351153,31408.030273895045,r1,-78092.31780514319,-96214.41739409111,-18122.099588947924,0.21808161368713638
619,w160025437,385.6369404070079,mfh,43222.04791881172,48024.497687568575,54027.55989851464,r1,-134333.07791154206,-163088.20869627738,-28755.130784735316,0.21808161368713638
620,w160025438,514.208815998584,mfh,66439.19135967275,73821.32373296973,83048.98919959094,r2,-190080.29062302507,-208866.39154781235,-18786.100924787286,0.20074936316702333
621,w160025439,231.99735509790483,mfh,23422.747428464972,26025.274920516636,29278.434285581214,r1,-72797.33161003029,-91041.65017171061,-18244.318561680324,0.21808161368713638
622,w160025441,239.19352681115268,mfh,29974.211052689745,33304.67894743305,37467.76381586218,r1,-93159.1218500661,-102366.26615421049,-9207.144304144385,0.21808161368713638
623,w160025442,258.45977183450015,mfh,26407.168715404667,29341.29857267185,33008.96089425583,r1,-82072.84067457987,-100107.442657645,-18034.601983065135,0.21808161368713638
624,w160025445,358.2598954875022,mfh,37036.861616907394,41152.06846323044,46296.07702113424,r1,-115109.66871649807,-140891.92104732533,-25782.252330827265,0.21808161368713638
625,w160025446,282.03160609211767,mfh,32653.249972380814,36281.3888582009,40816.56246547602,r1,-101485.50991485467,-111515.57155572747,-10030.061640872795,0.21808161368713638
626,w160025449,151.84076374266294,mfh,15398.815708212785,17109.79523134754,19248.51963526598,r1,-47859.146196923095,-60363.081559405866,-12503.93536248277,0.21808161368713638
627,w160025451,187.46145662125198,mfh,22242.272514884975,24713.63612764997,27802.840643606218,r1,-69128.44417470023,-85581.0018130257,-16452.557638325467,0.21808161368713638
628,w160025452,105.00601281486452,mfh,13097.326417448377,14552.584908275974,16371.658021810472,r1,-40706.173232995694,-51207.06771594443,-10500.894482948737,0.21808161368713638
629,w160025453,104.94913844838739,mfh,14710.976976171565,16345.52997352396,18388.721220214455,r1,-45721.360080091414,-57362.55400881346,-11641.193928722045,0.21808161368713638
630,w160025454,86.96602670811116,mfh,9958.714429546208,11065.238255051341,12448.393036932759,r1,-30951.443205003223,-41867.43479635695,-10915.99159135373,0.21808161368713638
631,w160025455,103.15431486908346,mfh,14454.34817374303,16060.386859714477,18067.935217178787,r1,-44923.76397877447,-56400.247044135656,-11476.483065361186,0.21808161368713638
632,w160025456,162.83409464433788,mfh,15439.821255317227,17155.356950352474,19299.776569146532,r1,-47986.59044399657,-58068.34374916973,-10081.753305173166,0.21808161368713638
633,w160025457,103.20248084068298,mfh,13888.002639595677,15431.114043995196,17360.003299494594,r1,-43163.57577791973,-53928.09633067738,-10764.520552757647,0.21808161368713638
634,w160025458,101.69107806179672,mfh,14620.583473797502,16245.09274866389,18275.729342246876,r1,-45440.419264424345,-65593.87006162982,-20153.45079720547,0.21808161368713638
635,w160025459,108.44199563004076,mfh,13875.057936342178,15416.731040380198,17343.82242042772,r1,-43123.34395378312,-54502.08160276967,-11378.73764898655,0.21808161368713638
636,w160025462,124.9876569705084,mfh,15710.045915399749,17455.606572666387,19637.557394249685,r1,-48826.44214155314,-61557.56025352733,-12731.118111974189,0.21808161368713638
637,w160025465,103.21026510931551,mfh,13114.320013160435,14571.466681289372,16392.90001645054,r1,-40758.98891681228,-50215.48060392123,-9456.491687108944,0.21808161368713638
638,w160025467,105.14285953305661,mfh,14341.115732538854,15934.573036154281,17926.394665673568,r1,-44571.84029447874,-55590.42495775384,-11018.584663275105,0.21808161368713638
639,w160025469,108.37528205253183,mfh,12119.687617749969,13466.319575277743,15149.60952218746,r1,-37667.69552606423,-47748.20657452952,-10080.51104846529,0.21808161368713638
640,w160025471,48.55004379618913,sfh,6829.869385996844,7588.743762218715,8537.336732496055,r1,-21227.068603462732,-27722.388481290025,-6495.319877827293,0.21808161368713638
641,w160025472,101.69099241122603,mfh,13375.50809475645,14861.6756608405,16719.38511844556,r1,-41570.75514733679,-45679.29475003714,-4108.539602700344,0.21808161368713638
642,w160025474,105.6897082787007,mfh,13340.076698786537,14822.307443096151,16675.09587348317,r1,-41460.63522696,-53024.59489967779,-11563.959672717785,0.21808161368713638
643,w160025476,96.35599186792969,mfh,11760.455718228655,13067.17302025406,14700.569647785818,r1,-36551.211484462285,-40163.65728628481,-3612.445801822527,0.21808161368713638
644,w160025477,108.4367577029392,mfh,13789.217767408181,15321.35307489798,17236.522209260227,r1,-42856.55478814686,-52992.19186521806,-10135.637077071202,0.21808161368713638
645,w160025481,105.0061043202877,mfh,13105.966754568803,14562.185282854225,16382.458443211002,r1,-40733.027191460606,-49929.59801357845,-9196.570822117843,0.21808161368713638
646,w160025482,103.2132654029876,mfh,14060.161845670413,15622.402050744902,17575.202307088013,r1,-43698.64241997861,-55029.3117016974,-11330.669281718787,0.21808161368713638
647,w160025484,128.51466068420558,mfh,13247.347808026228,14719.275342251365,16559.184760032786,r1,-41172.43608076143,-49805.774957824724,-8633.338877063296,0.21808161368713638
648,w160025486,101.26240085978061,mfh,13302.68360909849,14780.75956566499,16628.354511373112,r1,-41344.418410027756,-51327.14779653199,-9982.72938650423,0.21808161368713638
649,w160025487,105.13472320698202,mfh,14158.708934601254,15731.898816223616,17698.386168251567,r1,-44004.92438514994,-55268.52329696389,-11263.598911813948,0.21808161368713638
650,w160025490,87.12732640933245,mfh,12040.780464448602,13378.644960498446,15050.975580560753,r1,-37422.45400506733,-55633.26734071369,-18210.81333564636,0.21808161368713638
651,w160025492,101.576605540514,mfh,13964.916070301266,15516.57341144585,17456.145087876583,r1,-43402.62085738532,-54291.16940733297,-10888.548549947649,0.21808161368713638
652,w160025494,105.68961535468698,mfh,14285.138779463909,15872.376421626564,17856.423474329884,r1,-44397.865280319485,-55605.42999148445,-11207.564711164967,0.21808161368713638
653,w160025496,100.3227494932711,mfh,13748.271791453237,15275.857546059151,17185.339739316543,r1,-42729.295686762955,-53762.816535942155,-11033.5208491792,0.21808161368713638
654,w160025498,53.38166442215442,th,6600.947610690868,7334.386234100964,8251.184513363583,r1,-20515.585271261763,-28523.03544217831,-8007.450170916545,0.21808161368713638
655,w160025500,108.55102695096282,mfh,13356.061664075802,14840.06851563978,16695.07708009475,r1,-41510.31611185583,-51130.50140228121,-9620.185290425383,0.21808161368713638
656,w160025504,103.15687311664223,mfh,13210.204122827778,14678.004580919753,16512.75515353472,r1,-41056.99440694122,-50489.188101113126,-9432.193694171903,0.21808161368713638
657,w160025505,103.09466042611747,mfh,11999.591279695112,13332.879199661236,14999.48909961889,r1,-37294.43901662909,-47113.94393520474,-9819.50491857565,0.21808161368713638
658,w160025507,85.83866344131528,mfh,11973.740029139291,13304.155587932546,14967.175036424114,r1,-37214.093956127814,-47595.47081778996,-10381.376861662146,0.21808161368713638
659,w160025509,108.27769679883495,mfh,14945.057217444468,16605.61913049385,18681.321521805585,r1,-46448.875799557805,-58795.4197144573,-12346.543914899492,0.21808161368713638
660,w160025513,105.03020258601755,mfh,11679.227174263047,12976.919082514496,14599.03396782881,r1,-36298.75513751478,-45005.22991129939,-8706.474773784612,0.21808161368713638
661,w160025515,104.96566433478147,mfh,13255.429579015141,14728.255087794601,16569.286973768925,r1,-41197.55402922042,-50424.97479597583,-9227.420766755415,0.21808161368713638
662,w160025517,132.51887063886969,mfh,14316.368058185923,15907.07562020658,17895.460072732403,r1,-44494.925122082794,-54386.945993656176,-9892.020871573382,0.21808161368713638
663,w160032048,197.876624872908,mfh,22760.163304132715,25289.070337925237,28450.204130165894,r1,-70738.03620218505,-87404.4579808271,-16666.42177864205,0.21808161368713638
664,w160032049,177.6117346536368,mfh,20420.46582699145,22689.406474434945,25525.582283739313,r1,-63466.31312056167,-85002.33915657074,-21536.026036009076,0.21808161368713638
665,w160032050,605.1206229591743,mfh,68794.57954872533,76438.42172080593,85993.22443590667,r2,-196818.9769667741,-238955.19929866493,-42136.222331890836,0.20074936316702333
666,w160032051,604.9254235289991,mfh,66484.26842234895,73871.4093581655,83105.33552793619,r2,-190209.25458237765,-229398.44348700007,-39189.188904622424,0.20074936316702333
667,w160032052,558.9287057133391,mfh,63671.536875409336,70746.15208378815,79589.42109426166,r2,-182162.1242825445,-223471.55272064926,-41309.42843810475,0.20074936316702333
668,w160032053,914.9869650162756,mfh,118384.96876544278,131538.85418382531,147981.21095680346,r2,-338695.4116661896,-372169.5091934409,-33474.09752725129,0.20074936316702333
669,w160032054,558.7663555394857,mfh,60610.35153484233,67344.8350387137,75762.93941855291,r2,-173404.17604028,-210829.6318501136,-37425.4558098336,0.20074936316702333
670,w160032055,915.1860893286764,mfh,117551.19343225891,130612.43714695434,146938.99179032363,r2,-336310.008496727,-369548.3507831747,-33238.3422864477,0.20074936316702333
671,w160032056,579.5610938113182,mfh,57693.31188162339,64103.67986847043,72116.63985202923,r2,-165058.62375862928,-196694.53238648348,-31635.908627854194,0.20074936316702333
672,w160032057,300.306428108085,mfh,37313.43611538925,41459.37346154361,46641.79514423657,r1,-115969.25555797992,-127430.78127400154,-11461.525716021613,0.21808161368713638
673,w160032058,579.3688813976943,mfh,57693.4417204568,64103.82413384089,72116.80215057099,r2,-165058.99522316226,-199724.66059237428,-34665.665369212016,0.20074936316702333
674,w160032059,915.3225905947387,mfh,92194.63134061452,102438.47926734947,115243.28917576815,r2,-263765.73766886047,-289834.35189554736,-26068.614226686885,0.20074936316702333
675,w160032060,914.9022733874618,mfh,89683.02969465003,99647.81077183336,112103.78711831254,r2,-256580.12988188828,-305702.77603002,-49122.646148131695,0.20074936316702333
676,w160032061,434.5004198986106,mfh,54507.02112981529,60563.35681090588,68133.77641226912,r2,-155942.7531449367,-171354.95758479618,-15412.204439859488,0.20074936316702333
677,w160032062,579.3681231357157,mfh,63760.568600850966,70845.07622316774,79700.7107510637,r2,-182416.8410528766,-200445.54447692906,-18028.70342405245,0.20074936316702333
678,w160032063,157.0142166607082,mfh,21768.76703500984,24187.51892778871,27210.9587937623,r1,-67656.80061354622,-83443.15014036807,-15786.349526821854,0.21808161368713638
679,w160032064,245.02896427586674,mfh,31648.601750868154,35165.11305652017,39560.75218858519,r1,-98363.08757920652,-119358.97214372948,-20995.88456452296,0.21808161368713638
680,w160032065,177.6155174203217,mfh,23633.30432957042,26259.22703285602,29541.630411963022,r1,-73451.73735809066,-91078.85856469734,-17627.12120660668,0.21808161368713638
681,w160032066,915.0334876678884,mfh,90981.15204470573,101090.16893856191,113726.44005588215,r2,-260294.0142400986,-310885.74598721875,-50591.73174712015,0.20074936316702333
682,w160032067,686.1767572972923,mfh,82068.33429355826,91187.03810395363,102585.41786694783,r2,-234794.74259428986,-285179.5300446853,-50384.78745039544,0.20074936316702333
683,w160032068,579.4084268193692,mfh,55797.50842459628,61997.23158288475,69746.88553074535,r2,-159634.79386694613,-190815.24166959245,-31180.44780264632,0.20074936316702333
684,w160032069,582.2339869499207,mfh,56337.525071553566,62597.25007950396,70421.90633944195,r2,-161179.7633208823,-191935.9978519986,-30756.234531116294,0.20074936316702333
685,w160032070,655.6557445708662,mfh,64738.30461673968,71931.4495741552,80922.8807709246,r2,-185214.11089089475,-221963.57284316572,-36749.46195227097,0.20074936316702333
686,w160032071,187.63290931591763,mfh,21296.262178485253,23662.513531650282,26620.327723106566,r1,-66188.26696552642,-81660.35222441012,-15472.0852588837,0.21808161368713638
687,w160032072,300.05888833065984,mfh,31840.051021962732,35377.83446884748,39800.06377745341,r1,-98958.10727606041,-118962.85336405569,-20004.74608799527,0.21808161368713638
688,w160032074,652.9879129000007,mfh,66119.07190804384,73465.63545338204,82648.8398850548,r2,-189164.43964479296,-228093.54195451507,-38929.102309722104,0.20074936316702333
689,w160032075,187.48918503960593,mfh,19824.58853199762,22027.320591108466,24780.73566499702,r1,-61614.34092237975,-77369.94066809563,-15755.599745715881,0.21808161368713638
690,w160032079,410.4375718038529,mfh,56450.435111772305,62722.70567974701,70563.04388971538,r2,-161502.7951462224,-177464.5121622667,-15961.717016044306,0.20074936316702333
691,w160032080,367.35827468354256,mfh,37513.62238413698,41681.802649041085,46892.027980171224,r1,-116591.42963189293,-141916.79993793194,-25325.37030603901,0.21808161368713638
692,w160032082,146.62608959153295,mfh,18641.24062010344,20712.48957789271,23301.550775129297,r1,-57936.52427788532,-72625.82904258337,-14689.304764698049,0.21808161368713638
693,w160032083,292.00384606306903,mfh,30643.0030164966,34047.781129440664,38303.75377062075,r1,-95237.71107261835,-115025.82862096194,-19788.117548343595,0.21808161368713638
694,w160032087,547.5336022242903,mfh,60767.66004008141,67519.62226675713,75959.57505010176,r2,-173854.23037991585,-191036.67000799737,-17182.439628081513,0.20074936316702333
695,w160032089,324.3052944285795,mfh,36712.527765060455,40791.69751673384,45890.65970632557,r1,-114101.64696169033,-141189.72135620186,-27088.074394511525,0.21808161368713638
696,w160032093,651.9691053661052,mfh,70334.93715781553,78149.93017535059,87918.6714472694,r2,-201225.8882492159,-242365.65535815814,-41139.76710894224,0.20074936316702333
697,w160032096,417.5862662355881,mfh,47555.89860683755,52839.88734093061,59444.87325854694,r1,-147802.58086580117,-180302.6344644958,-32500.05359869462,0.21808161368713638
698,w160032097,55.47504670508206,th,7948.649698139474,8831.832997932748,9935.812122674342,r1,-24704.21071202867,-34035.10125316496,-9330.89054113629,0.21808161368713638
699,w160032099,154.26596265360712,mfh,19916.581628132146,22129.53514236905,24895.727035165182,r1,-61900.25323670543,-75811.42618168975,-13911.172944984319,0.21808161368713638
700,w160032101,417.4909567882307,mfh,46112.95125263289,51236.61250292543,57641.18906579111,r1,-143317.93544319813,-174243.21549648265,-30925.280053284514,0.21808161368713638
701,w160032104,110.95144802480935,th,12429.560392323068,13810.622658136743,15536.950490403835,r1,-38630.772603013116,-49266.09124082444,-10635.318637811324,0.21808161368713638
702,w160032105,152.98637234792113,mfh,20848.956423449432,23165.507137166034,26061.19552931179,r1,-64798.05151450529,-71202.20173697767,-6404.150222472381,0.21808161368713638
703,w160032106,115.7174410201609,mfh,13210.000451569256,14677.778279521395,16512.50056446157,r1,-41056.36140160351,-54357.20920891938,-13300.84780731587,0.21808161368713638
704,w160032107,169.80155310891567,th,20257.197734231464,22507.997482479404,25321.49716778933,r1,-62958.879843304785,-69181.2602225181,-6222.3803792133185,0.21808161368713638
705,w160032108,125.84912734059617,mfh,15892.879065874109,17658.7545176379,19866.098832342635,r1,-49394.68314423814,-61882.47500973183,-12487.791865493695,0.21808161368713638
706,w160032109,117.1162128248019,mfh,12173.84675432335,13526.49639369261,15217.308442904186,r1,-37836.020810571805,-48240.43234751478,-10404.411536942978,0.21808161368713638
707,w160032110,214.96215275530702,mfh,27759.583627761367,30843.98180862374,34699.479534701706,r1,-86276.11346099667,-106278.00722989366,-20001.89376889699,0.21808161368713638
708,w160032111,253.8681676615961,th,29680.37219464188,32978.191327379864,37100.46524330235,r1,-92245.87779726861,-114832.4734290504,-22586.59563178179,0.21808161368713638
709,w160032112,125.84912488418631,th,14784.277193453934,16426.97465939326,18480.346491817418,r1,-45949.17537976489,-57373.44658420745,-11424.271204442557,0.21808161368713638
710,w160032113,105.45346036842092,mfh,13847.210707174945,15385.789674638827,17309.01338396868,r1,-43036.79544010859,-54013.324683916166,-10976.529243807578,0.21808161368713638
711,w160032114,381.28189064939505,mfh,38441.58971886041,42712.87746540045,48051.98714857551,r1,-119475.52962893435,-144257.6561961602,-24782.12656722586,0.21808161368713638
712,w160032115,139.91205219514669,mfh,18194.998750903073,20216.66527878119,22743.748438628838,r1,-56549.61535826899,-70149.17806787405,-13599.56270960506,0.21808161368713638
713,w160032116,192.1807412372902,mfh,25401.90433957016,28224.338155077952,31752.3804244627,r1,-78948.50334622529,-86751.1773997099,-7802.674053484603,0.21808161368713638
714,w160032117,302.6253065098543,mfh,38132.472874110405,42369.414304567115,47665.591092638,r1,-118514.80196356385,-130227.91026885484,-11713.108305290996,0.21808161368713638
715,w160032118,188.54685349911452,mfh,24193.179771566014,26881.31085729557,30241.474714457516,r1,-75191.81666927063,-93341.80246580737,-18149.98579653674,0.21808161368713638
716,w160032119,301.6826584111899,mfh,37828.96424629396,42032.182495882174,47286.20530786744,r1,-117571.50450056816,-142857.93565810216,-25286.431157533996,0.21808161368713638
717,w160032121,128.1140758719295,mfh,17251.90075647625,19168.778618306944,21564.87594559531,r1,-53618.48963739775,-66177.0752218625,-12558.585584464745,0.21808161368713638
718,w160032123,387.4767547928728,mfh,54442.01474559972,60491.1274951108,68052.51843199965,r2,-155756.7720673351,-195000.5430248761,-39243.77095754098,0.20074936316702333
719,w160032125,297.0948597435839,mfh,31398.011390583837,34886.67932287093,39247.51423822979,r1,-97584.25880979728,-118862.8211672497,-21278.56235745242,0.21808161368713638
720,w160032126,464.2806208854541,mfh,50568.14004669606,56186.82227410674,63210.17505837008,r2,-144673.74692004628,-176465.9184310528,-31792.171511006512,0.20074936316702333
721,w160032127,228.89082276217522,mfh,26202.43345212795,29113.81494680883,32753.041815159933,r1,-81436.52843586658,-102391.14072719292,-20954.61229132634,0.21808161368713638
722,w160032128,268.14993185095955,mfh,30473.596445371426,33859.55160596825,38091.99555671428,r1,-94711.19955330229,-125179.93412402032,-30468.734570718036,0.21808161368713638
723,w160032129,100.24086796883493,mfh,13847.774666178364,15386.416295753737,17309.718332722954,r1,-43038.54821102975,-53936.470105131295,-10897.921894101542,0.21808161368713638
724,w160032130,150.2635816658847,mfh,14029.486662093666,15588.318513437407,17536.858327617083,r1,-43603.304692504295,-53392.357379504596,-9789.052687000301,0.21808161368713638
725,w160032131,100.12314690686762,mfh,14135.939899488163,15706.599888320181,17669.924874360204,r1,-43934.15877558043,-55084.125256392814,-11149.966480812385,0.21808161368713638
726,w160032132,257.78643680289383,mfh,32040.0698986087,35600.07766512078,40050.087373260874,r1,-99579.76109937608,-122975.47104191537,-23395.709942539295,0.21808161368713638
727,w160032133,136.6476590367034,mfh,17304.298376071107,19226.998195634562,21630.372970088883,r1,-53781.34016980744,-66300.86493257311,-12519.524762765672,0.21808161368713638
728,w160032134,132.71697852164507,th,15243.003074861019,16936.67008317891,19053.753843576273,r1,-47374.88430690433,-60047.78217544997,-12672.897868545639,0.21808161368713638
729,w160032135,165.9338162511587,mfh,22655.11538553312,25172.350428370133,28318.8942319164,r1,-70411.54981588073,-87328.54034173614,-16916.990525855406,0.21808161368713638
730,w160032136,153.4784858365543,mfh,20651.507489251788,22946.119432501986,25814.384361564735,r1,-64184.38501006418,-81441.6672204092,-17257.282210345023,0.21808161368713638
731,w160032137,244.7570460377261,mfh,31882.694606522888,35425.21622946987,39853.368258153605,r1,-99090.64250386608,-120780.06466011648,-21689.422156250395,0.21808161368713638
732,w160032138,345.56507694348693,mfh,33660.554635708184,37400.61626189798,42075.693294635224,r1,-104616.18840731271,-126635.13221951974,-22018.943812207028,0.21808161368713638
733,w160032139,170.051029805094,mfh,20953.231302739754,23281.36811415528,26191.53912842469,r1,-65122.13531336264,-80136.75167894227,-15014.616365579626,0.21808161368713638
734,w160032140,210.13578363517297,mfh,25061.983224774885,27846.648027527648,31327.479030968607,r1,-77892.0367557633,-97852.63802195904,-19960.601266195736,0.21808161368713638
735,w160032141,252.5825279586017,mfh,26752.030081941455,29724.477868823837,33440.03760242682,r1,-83144.66144778077,-101403.3631892587,-18258.701741477926,0.21808161368713638
736,w160032142,252.46278136584442,mfh,34459.97295454553,38288.858838383916,43074.96619318191,r1,-107100.76117697898,-117685.7918605787,-10585.030683599718,0.21808161368713638
737,w160032143,236.73276664549485,mfh,29576.02728282697,32862.25253647441,36970.03410353371,r1,-91921.57633902131,-111988.11011047753,-20066.53377145622,0.21808161368713638
738,w160032144,216.15235636769793,mfh,24178.437367510116,26864.93040834457,30223.046709387643,r1,-75145.99763458806,-93005.96359209299,-17859.96595750493,0.21808161368713638
739,w160032145,143.2480424195528,mfh,18000.89068230275,20000.989647003054,22501.113352878438,r1,-55946.332183174505,-61475.645292492096,-5529.313109317591,0.21808161368713638
740,w160032146,425.3107569515705,mfh,43179.60460429989,47977.3384492221,53974.50575537486,r1,-134201.1651181952,-163556.36297688133,-29355.197858686122,0.21808161368713638
741,w160032147,237.48158785337583,mfh,32014.72814949744,35571.92016610827,40018.4101868718,r1,-99500.99955702222,-123252.039743331,-23751.040186308775,0.21808161368713638
742,w160032148,183.97369813346305,th,23560.800292201195,26178.66699133466,29451.000365251493,r1,-73226.3965663004,-90438.20344713106,-17211.806880830656,0.21808161368713638
743,w160032149,343.71558685973287,mfh,34361.6584028396,38179.620447599555,42952.0730035495,r1,-106795.20193186968,-130120.86502792164,-23325.663096051954,0.21808161368713638
744,w160032150,136.78365420317277,mfh,19017.245100468906,21130.27233385434,23771.556375586133,r1,-59105.13709444831,-73607.8248522312,-14502.687757782893,0.21808161368713638
745,w160032151,156.68413198292254,mfh,18994.198311231074,21104.66479025675,23742.74788903884,r1,-59033.508231787484,-76369.78130029053,-17336.273068503047,0.21808161368713638
746,w160032152,131.687454425171,th,16816.435705141692,18684.928561268545,21020.544631427114,r1,-52265.07480664841,-57430.5602283143,-5165.485421665893,0.21808161368713638
747,w160032153,131.7784823913127,mfh,14664.81319433541,16294.236882594898,18331.01649291926,r1,-45577.88416442595,-55015.2786916827,-9437.39452725675,0.21808161368713638
748,w160032155,131.65618118494749,mfh,16155.971644692994,17951.079605214436,20194.96455586624,r1,-50212.36850599638,-61570.58090810073,-11358.21240210435,0.21808161368713638
749,w160032156,597.6746075108182,mfh,62825.58869422202,69806.20966024668,78531.98586777752,r2,-179741.89500459295,-221661.97187271807,-41920.07686812512,0.20074936316702333
750,w160032157,145.99030133634804,mfh,18497.65764028637,20552.95293365152,23122.072050357958,r1,-57490.271854798644,-80067.09292048651,-22576.821065687865,0.21808161368713638
751,w160032158,192.3817300193943,mfh,24447.84564861781,27164.27294290868,30559.807060772262,r1,-75983.31204606697,-92828.0509359889,-16844.738889921922,0.21808161368713638
752,w160032159,156.72131929650496,mfh,19753.449044420944,21948.276716023272,24691.81130552618,r1,-61393.241118289596,-74840.57727126227,-13447.336152972675,0.21808161368713638
753,w160032160,462.61881872685626,other,21516.45961733097,23907.177352589966,26895.57452166371,nr1,-62492.33165095505,-82156.48428046676,-19664.152629511707,0.21807291227280706
754,w160032161,876.0951372385025,trade,41598.98809684389,46221.0978853821,51998.73512105486,nr1,-120819.95861429606,-132767.18945406494,-11947.230839768876,0.21807291227280706
755,w160032162,197.75498196221892,mfh,21819.024375477275,24243.36041719697,27273.78046934659,r1,-67812.99921027444,-83167.4871478139,-15354.487937539452,0.21808161368713638
756,w160032163,355.37988740094,mfh,43004.925360010486,47783.25040001165,53756.1567000131,r1,-133658.26625841108,-161944.97036750376,-28286.70410909268,0.21808161368713638
757,w160032164,218.83437259588393,mfh,24626.450963512878,27362.723292792085,30783.063704391097,r1,-76538.41303818753,-94396.63153329556,-17858.218495108027,0.21808161368713638
758,w160032165,192.38173281145282,mfh,24614.11645560697,27349.018284007743,30767.645569508713,r1,-76500.07768640973,-93214.84717441355,-16714.769488003818,0.21808161368713638
759,w160032166,5513.669180350005,other,296885.1769801247,329872.41886680527,371106.47122515587,nr2,-793774.0254765032,-1002620.8897211142,-208846.864244611,0.20074936316702333
760,w160032167,119.51807446111924,mfh,13433.338114289052,14925.931238098947,16791.672642861315,r1,-41750.48944715737,-51624.20469775947,-9873.715250602101,0.21808161368713638
761,w160032168,107.41719602905214,th,13873.999853026246,15415.555392251383,17342.499816282805,r1,-43120.05545646844,-47381.716205368386,-4261.660748899943,0.21808161368713638
763,w160032170,37.81535124108195,sfh,4769.791538029326,5299.76837558814,5962.239422536657,r0,-18190.635074954316,-24035.425888081398,-5844.7908131270815,0.2676023294588879
764,w160032171,82.13437312801835,th,9646.465808249995,10718.295342499994,12058.082260312494,r1,-29980.98205399192,-37848.598575018856,-7867.6165210269355,0.21808161368713638
765,w160032172,100.39566505721304,th,14312.979822175337,15903.310913528152,17891.22477771917,r1,-44484.39456663925,-56731.12020067945,-12246.725634040202,0.21808161368713638
766,w160032173,119.7984774223063,mfh,12295.751901574888,13661.94655730543,15369.689876968609,r1,-38214.89905517325,-46863.73052100854,-8648.83146583529,0.21808161368713638
767,w160032174,119.65868240431882,mfh,13051.979082176204,14502.19898019578,16314.973852720253,r1,-40565.23481347332,-49577.89541922511,-9012.660605751793,0.21808161368713638
768,w160032175,69.26172256879508,th,7386.415528105403,8207.128364561559,9233.019410131752,r1,-22956.80053124346,-30514.415297135718,-7557.614765892256,0.21808161368713638
769,w160032176,103.52918697646818,th,13372.589931875937,14858.433257639928,16715.73741484492,r1,-41561.68556779435,-52341.67054943515,-10779.984981640795,0.21808161368713638
770,w160032177,62.96843930834439,th,7111.322358229594,7901.469286921771,8889.152947786992,r1,-22101.817623185176,-24286.19442063996,-2184.3767974547845,0.21808161368713638
771,w160032178,300.84989367914386,mfh,31793.30178992664,35325.89087769627,39741.6272374083,r1,-98812.81179535565,-122474.62825171692,-23661.816456361266,0.21808161368713638
772,w160127708,318.335366258584,mfh,40928.439383668316,45476.04375963146,51160.54922958539,r1,-127204.59814517961,-157706.54762714234,-30501.94948196273,0.21808161368713638
773,w160127710,130.057766958978,mfh,19160.41845180246,21289.353835336067,23950.523064753073,r1,-59550.11640213114,-65435.600337085474,-5885.483934954333,0.21808161368713638
774,w160127712,149.28690248169005,mfh,19893.976263748034,22104.41807083115,24867.470329685042,r1,-61829.996311796815,-77439.24495169598,-15609.24863989916,0.21808161368713638
775,w160127717,149.4986190713942,mfh,20018.073736971855,22242.30415219095,25022.59217121482,r1,-62215.68825241273,-77864.70131076436,-15649.01305835163,0.21808161368713638
776,w160127718,161.62649620659647,mfh,19998.168014560528,22220.18668284503,24997.710018200658,r1,-62153.82174935879,-77738.54161340976,-15584.719864050974,0.21808161368713638
777,w160127719,242.7560603125021,mfh,26016.569220877962,28907.299134308847,32520.71152609745,r1,-80858.86690755651,-99241.41198060922,-18382.545073052708,0.21808161368713638
778,w164087844,70.24407002975931,other,5531.1032271675895,6145.670252408432,6913.879033959486,nr1,-16064.517277248116,-23843.168134628304,-7778.6508573801875,0.21807291227280706
779,w164087850,88.49543042890728,other,9571.515035104732,10635.016705671924,11964.393793880914,nr1,-27799.47549986689,-40569.170567286084,-12769.695067419194,0.21807291227280706
780,w164087857,77.59434223277493,other,5732.685063821826,6369.65007091314,7165.856329777282,nr1,-16649.990873511062,-23990.002754318855,-7340.011880807793,0.21807291227280706
786,w164088149,49.229225591477004,other,5037.637509600219,5597.37501066691,6297.046887000274,nr1,-14631.297136525827,-21909.66061499063,-7278.363478464802,0.21807291227280706
788,w164088153,80.69597001839429,other,6314.859681225849,7016.51075691761,7893.574601532311,nr1,-18340.85683922392,-27880.885466663454,-9540.028627439533,0.21807291227280706
791,w164088159,54.065223559696456,other,5119.410322922457,5688.233692136064,6399.262903653072,nr1,-14868.797815589625,-21565.550194882177,-6696.752379292551,0.21807291227280706
793,w164088169,56.479432658094446,other,4565.7132450906565,5073.014716767396,5707.14155636332,nr0,-16259.777754049052,-23482.993797238294,-7223.216043189243,0.2673940756092737
795,w164088175,32.08830586867407,other,2825.594723491785,3139.54969276865,3531.993404364731,nr0,-10062.730566005543,-14653.257390960931,-4590.526824955388,0.2673940756092737
799,w164088182,35.81288355943252,other,2845.4381235960636,3161.597915106737,3556.7976544950793,nr0,-10133.398445975266,-14797.622395682914,-4664.223949707648,0.2673940756092737
800,w359788107,586.4023264580406,other,46109.15580262688,51232.39533625209,57636.4447532836,nr1,-133919.27425840852,-174195.38242793197,-40276.108169523446,0.21807291227280706
801,w377595955,68.13203878551721,other,5269.498540512313,5854.998378347015,6586.873175640391,nr1,-15304.713520930442,-16818.113686500874,-1513.4001655704324,0.21807291227280706
802,w377595956,85.03076633159071,other,6722.920315991011,7469.911462212234,8403.650394988763,nr1,-19526.026749839868,-28042.247808307577,-8516.221058467709,0.21807291227280706
805,w377595969,38.68702136902139,other,3090.1691164444,3433.521240493778,3862.7113955555,nr0,-11004.953740763103,-15661.750880377991,-4656.797139614888,0.2673940756092737
814,w377595984,35.49371746703982,other,2841.029831970761,3156.699813300845,3551.287289963451,nr0,-10117.699290497305,-14006.660574148738,-3888.9612836514334,0.2673940756092737
818,w377595990,36.364706988167015,other,2791.57936980043,3101.754855333811,3489.474212250537,nr0,-9941.592408272683,-13622.43867584487,-3680.8462675721876,0.2673940756092737
819,w377595993,54.98309161569923,other,4220.0307815631595,4688.923090625733,5275.038476953949,nr0,-15028.706127622878,-20497.18900961437,-5468.482881991491,0.2673940756092737
823,w377596001,68.93592455182224,other,4836.798385703419,5374.220428559354,6045.997982129273,nr0,-17225.1875163744,-23579.146049326933,-6353.958532952533,0.2673940756092737
825,w377596004,35.535723760165276,other,2630.7606042728767,2923.067338080974,3288.450755341096,nr0,-9368.871949104507,-13464.714231189193,-4095.8422820846863,0.2673940756092737
827,w377596008,41.66994294051546,other,3243.63691899437,3604.041021104855,4054.546148742962,nr0,-11551.49537137207,-16271.772702268534,-4720.277330896464,0.2673940756092737
831,w377596012,33.714099188242116,other,2925.7385905314077,3250.8206561460083,3657.1732381642596,nr0,-10419.37079592935,-14711.40722888882,-4292.03643295947,0.2673940756092737
836,w377596021,41.97082374822348,other,3488.321395519886,3875.9126616887625,4360.401744399857,nr0,-12422.885008565925,-17010.960097913223,-4588.075089347298,0.2673940756092737
838,w377596023,32.13139781658538,other,2490.0711216668888,2766.7456907409874,3112.5889020836107,nr0,-8867.837478320502,-12748.984011343411,-3881.1465330229094,0.2673940756092737
844,w377596038,30.39147779517807,other,2398.685899783123,2665.2065553145812,2998.357374728904,nr0,-8542.389225644489,-9387.099794762773,-844.7105691182842,0.2673940756092737
847,w377596043,50.74534401865676,other,3919.317771017566,4354.797523352851,4899.1472137719575,nr0,-13957.78326042795,-19104.286048296828,-5146.502787868878,0.2673940756092737
848,w377596044,31.44567816138733,other,2904.869813374752,3227.633125971947,3631.08726671844,nr0,-10345.051262408304,-14273.78420622052,-3928.732943812216,0.2673940756092737
861,w377596072,32.00744857888203,other,2718.9974702297686,3021.108300255298,3398.7468377872106,nr0,-9683.108028585752,-13822.32173397971,-4139.213705393959,0.2673940756092737
863,w377596074,30.798605113010854,other,2855.316162411527,3172.5735137905854,3569.1452030144083,nr0,-10168.576896123885,-14381.796223304373,-4213.219327180488,0.2673940756092737
877,w377596096,31.32093481458723,other,2660.043472138398,2955.603857931553,3325.0543401729974,nr0,-9473.156405428288,-13126.696734345422,-3653.5403289171336,0.2673940756092737
882,w377596101,34.10184732507914,other,2734.2308274665847,3038.0342527406497,3417.788534333231,nr0,-9737.358260657378,-13676.987239918666,-3939.628979261288,0.2673940756092737
886,w377596106,35.077698366669935,other,2779.2898943774467,3088.099882641607,3474.112367971808,nr0,-9897.826160073362,-13788.469282824697,-3890.643122751335,0.2673940756092737
893,w377596115,40.14825235735625,other,3192.6172371227067,3547.352485691896,3990.771546403383,nr0,-11369.800060303742,-16100.180355600147,-4730.380295296405,0.2673940756092737
895,w377596117,32.339281557500364,other,2797.665055321845,3108.5167281353833,3497.081319152306,nr0,-9963.26523106015,-14016.905134804118,-4053.639903743968,0.2673940756092737
899,w377596123,32.752713098051025,other,2913.410473739367,3237.1227485992963,3641.7630921742084,nr0,-10375.466935041879,-14782.23343683401,-4406.766501792132,0.2673940756092737
901,w377596125,37.63718191203661,other,2922.0877489035165,3246.7641654483514,3652.6096861293954,nr0,-10406.369131063826,-14642.716892142176,-4236.34776107835,0.2673940756092737
909,w377596135,73.15242530554532,other,5088.204744337678,5653.560827041864,6360.255930422097,nr1,-14778.164439980319,-20965.408506290194,-6187.244066309875,0.21807291227280706
916,w377596142,40.572792674647644,other,3113.8461841117532,3459.8290934575034,3892.3077301396916,nr0,-11089.274379724104,-15708.31892178843,-4619.044542064326,0.2673940756092737
917,w377596143,37.61386710904771,other,2745.329396719578,3050.3659963550867,3431.6617458994724,nr0,-9776.883359969219,-13921.67838902974,-4144.79502906052,0.2673940756092737
918,w377596145,32.806498026452026,other,2693.449218590027,2992.721353988919,3366.811523237534,nr0,-9592.123581826334,-13214.302352165927,-3622.178770339593,0.2673940756092737
919,w377596147,34.850180151499806,other,2595.9189583634725,2884.354398181636,3244.8986979543406,nr0,-9244.791134418798,-10158.958421141253,-914.1672867224552,0.2673940756092737
929,w377596159,36.51154847629368,other,2488.2164818409556,2764.684979823284,3110.2706023011942,nr0,-8861.232588840001,-12666.135060695678,-3804.9024718556775,0.2673940756092737
931,w377596161,32.13265920560807,other,2649.7963962137605,2944.2182180152895,3312.2454952672006,nr0,-9436.663711248988,-13405.325126205289,-3968.661414956301,0.2673940756092737
934,w377596166,38.724472055921794,other,2981.905002903568,3313.227781003964,3727.38125362946,nr0,-10619.395049181696,-11669.489466415343,-1050.0944172336476,0.2673940756092737
935,w377596167,41.94859704792034,other,3114.8432704850466,3460.9369672056073,3893.554088106308,nr0,-11092.82528227997,-15977.497289936762,-4884.672007656793,0.2673940756092737
936,w377596168,31.29673577034846,other,2563.979256552608,2848.865840614009,3204.97407069076,nr0,-9131.044951709298,-12889.129210145942,-3758.0842584366437,0.2673940756092737
937,w377596169,36.7579496475868,other,3082.2442820121273,3424.7158689023636,3852.805352515159,nr0,-10976.731195962477,-15123.763713202865,-4147.032517240388,0.2673940756092737
940,w379327852,945.496160332486,other,38030.77627777757,42256.41808641952,47538.47034722196,nr1,-110456.45642277655,-158334.90291858028,-47878.44649580373,0.21807291227280706
941,w379327862,94.51021252730861,other,9084.066665311519,10093.407405901688,11355.083331639398,nr1,-26383.732123419464,-37813.6639836706,-11429.931860251138,0.21807291227280706
942,w387435839,3594.435384737421,other,196483.33588232234,218314.8176470248,245604.1698529029,nr2,-525332.2851912003,-675801.9889549302,-150469.7037637299,0.20074936316702333
943,w387435840,942.2609318409114,other,56823.35165188755,63137.05739098616,71029.18956485944,nr2,-151927.08858214665,-205970.19163549735,-54043.1030533507,0.20074936316702333
944,w390787314,132.5826213063672,other,9844.203167691367,10938.003519657073,12305.253959614207,nr1,-28591.46997860341,-38799.88926076168,-10208.41928215827,0.21807291227280706
945,w390787315,330.5195846647024,other,28537.57339615315,31708.414884614613,35671.966745191436,nr1,-82884.43047337615,-108272.22042918725,-25387.789955811095,0.21807291227280706
946,w390787316,150.59577141329646,other,12304.720854223664,13671.912060248515,15380.90106777958,nr1,-35737.78912378307,-39271.705384488494,-3533.916260705424,0.21807291227280706
947,w390789514,104.66224040389062,trade,10397.319493968453,11552.577215520503,12996.649367460564,nr1,-30197.939143048286,-51368.80549797343,-21170.866354925143,0.21807291227280706
948,w390789515,335.6007874913513,trade,25636.797863414322,28485.330959349245,32045.997329267902,nr1,-74459.42794689743,-93468.3421343878,-19008.914187490373,0.21807291227280706
949,w390790006,38.98714106846601,trade,2776.3285059702725,3084.8094510780807,3470.4106324628406,nr0,-9887.279830341455,-16719.417219292318,-6832.137388950863,0.2673940756092737
950,w390793102,268.1788772383239,sfh,30059.790808766775,33399.76756529642,37574.738510958465,r1,-93425.1016588512,-113894.22842405502,-20469.126765203822,0.21808161368713638
951,w390793103,629.0808588726446,th,87553.79058492262,97281.98953880291,109442.23823115327,r2,-250488.44844356546,-306609.37893086066,-56120.930487295205,0.20074936316702333
952,w390793104,761.76513240356,mfh,80676.55852455663,89640.6205828407,100845.69815569579,r2,-230812.91895616395,-277724.074172677,-46911.155216513056,0.20074936316702333
953,w390793105,324.12222724705936,th,47118.253767594215,52353.615297326905,58897.817209492765,r1,-146442.39130703502,-182953.85257645868,-36511.46126942366,0.21808161368713638
954,w390793106,1475.9963392082602,mfh,145242.0290743921,161380.03230488012,181552.53634299012,r2,-415532.5573979757,-483344.48876314244,-67811.93136516673,0.20074936316702333
955,w390793107,895.6360460046678,mfh,90245.7910168643,100273.10112984922,112807.23877108037,r2,-258190.17108631533,-283707.7384044077,-25517.567318092362,0.20074936316702333
956,w390793108,286.70933025064875,mfh,25575.074405456515,28416.749339396127,31968.843006820643,r1,-79486.71171609138,-95251.04220626307,-15764.330490171691,0.21808161368713638
957,w390793793,117.72837251536548,mfh,12242.925925452717,13603.251028280796,15303.657406815895,r1,-38050.71720105328,-47623.12818688426,-9572.410985830982,0.21808161368713638
958,w390794364,96.81251710766227,sfh,13040.642047928714,14489.602275476347,16300.802559910891,r1,-40529.99958566286,-55100.55026658809,-14570.550680925233,0.21808161368713638
959,w475684695,267.0884538785554,mfh,32327.72471892473,35919.69413213859,40409.65589865591,r1,-100473.78531270646,-123812.89976713194,-23339.11445442548,0.21808161368713638
960,w620369477,3702.806372543797,other,329831.05954184383,366478.95504649315,412288.8244273048,nr2,-881860.5580878726,-969062.9688219926,-87202.41073412006,0.20074936316702333
961,w620369478,20480.360502976928,other,1687025.1117225294,1874472.3463583658,2108781.3896531616,nr2,-4510554.308009753,-4956578.575450036,-446024.26744028274,0.20074936316702333
962,w993163452,1412.2592688187956,other,69902.24125333331,77669.15694814813,87377.80156666663,nr2,-186895.7689093473,-247875.61117189203,-60979.84226254473,0.20074936316702333
963,w993163453,1066.3710880815981,other,51293.74656664398,56993.051740715535,64117.183208304974,nr2,-137142.73008888654,-181136.70938881853,-43993.97929993199,0.20074936316702333
964,w993163454,1257.084109787643,other,59883.17288306017,66536.85875895574,74853.96610382521,nr2,-160108.05147363164,-209638.1783680269,-49530.126894395275,0.20074936316702333
965,w993163455,1355.0658122852444,mfh,137933.86271477625,153259.84746086248,172417.3283934703,r2,-394624.13938251534,-433625.81012648484,-39001.6707439695,0.20074936316702333
966,w993163456,1286.649396429956,mfh,130250.32129646631,144722.5792182959,162812.90162058288,r2,-372641.78595650883,-446851.17488764523,-74209.3889311364,0.20074936316702333
967,w993163457,923.1744978809729,ab,96260.7750734298,106956.41674825533,120325.96884178725,r2,-275398.83805180184,-330674.8233120476,-55275.98526024574,0.20074936316702333
968,w993163458,923.3917086940259,ab,96786.7143031862,107540.7936702069,120983.39287898275,r2,-276903.53248886904,-331807.99489312514,-54904.462404256104,0.20074936316702333
969,w993163460,1313.604391914094,ab,125644.15428679457,139604.6158742162,157055.1928584932,r2,-359463.69715171296,-432386.6748918234,-72922.97774011042,0.20074936316702333
970,w993163461,1099.8535498690792,ab,118342.74284405124,131491.93649339027,147928.42855506405,r2,-338574.6047261039,-407786.16845672566,-69211.56373062177,0.20074936316702333
971,w993164648,226.1375619597733,ab,25333.36690212359,28148.18544680399,31666.708627654487,r1,-78735.49065090688,-102433.12623160558,-23697.635580698698,0.21808161368713638
972,w993164649,158.37299746889622,other,12554.80104281894,13949.778936465487,15693.501303523673,nr1,-36464.1211673894,-50222.39676033328,-13758.275592943879,0.21807291227280706
973,w993164650,163.5844805765897,other,11822.83966197053,13136.48851330059,14778.549577463164,nr1,-34338.21503872381,-46907.59630111797,-12569.381262394163,0.21807291227280706
974,w993164651,162.24389737509188,other,11008.365752407117,12231.517502674575,13760.457190508896,nr1,-31972.659804140072,-43795.74858641347,-11823.0887822734,0.21807291227280706
975,w993164652,173.63842588849366,other,12537.52789010725,13930.586544563612,15671.909862634062,nr1,-36413.95308178823,-49872.4023436547,-13458.449261866466,0.21807291227280706
976,w1006795433,259.34726619906723,mfh,31206.31317629144,34673.68130699049,39007.8914703643,r1,-96988.46540351505,-117807.99155382966,-20819.526150314618,0.21808161368713638
977,w1006849999,188.95288848243652,other,12692.659037467965,14102.954486075516,15865.823796834957,nr1,-36864.515455091045,-50501.293234006516,-13636.777778915472,0.21807291227280706
978,w1007159125,240.08975319266318,education,18188.745430473453,20209.717144970502,22735.931788091813,nr1,-52827.32995907892,-70921.38205887735,-18094.052099798435,0.21807291227280706
979,w1007160095,265.99824453517795,sfh,29700.45869061807,33000.5096562423,37125.57336327258,r1,-92308.30614018303,-113977.0455346249,-21668.739394441858,0.21808161368713638
980,w1007176059,713.9090096209663,trade,44584.74507920726,49538.60564356363,55730.93134900908,nr1,-129491.78097213022,-172466.10269016953,-42974.32171803931,0.21807291227280706
981,w1029411791,412.32884333096445,trade,24243.8769969841,26937.64110776011,30304.846246230125,nr1,-70413.83335110349,-95759.22849934218,-25345.39514823869,0.21807291227280706
982,w1030080397,647.4037659055554,other,30520.396752890152,33911.551947655724,38150.49594111269,nr1,-88643.33584248536,-122477.70416612882,-33834.36832364346,0.21807291227280706
983,w1030080398,123.65970464986749,other,6312.042173885407,7013.380193206007,7890.052717356758,nr1,-18332.67368055008,-25442.89744741893,-7110.22376686885,0.21807291227280706
984,w1030080399,86.80603968682699,other,6773.282403048039,7525.869336720043,8466.603003810047,nr1,-19672.298223073638,-27796.290999199202,-8123.992776125564,0.21807291227280706
985,w1036126248,1409.4026292502879,trade,62527.62490135226,69475.13877928029,78159.53112669032,nr2,-167178.4527145791,-226229.36044900457,-59050.90773442548,0.20074936316702333
986,w1036126249,536.9865712554193,mfh,58786.42745363585,65318.25272626206,73483.0343170448,r2,-168185.99062388585,-204989.8095993056,-36803.81897541974,0.20074936316702333
987,w1036126250,784.2879224468953,mfh,83022.8157791949,92247.57308799434,103778.51972399362,r2,-237525.4820038341,-284090.60900061205,-46565.12699677795,0.20074936316702333
988,w1036126251,422.468481163308,mfh,52845.09736255475,58716.77484728305,66056.37170319344,r2,-151188.04517499683,-186625.89009530706,-35437.84492031022,0.20074936316702333
989,w1036680208,878.3984476357698,mfh,87023.10356131091,96692.33729034546,108778.87945163864,r2,-248970.17072805416,-301063.4778061582,-52093.30707810403,0.20074936316702333
990,w1075387093,82.43980132825672,other,6640.5639729472905,7378.404414385878,8300.704966184112,nr1,-19286.83126905071,-27120.251897018035,-7833.420627967327,0.21807291227280706
991,w1075387094,82.56877346616238,other,5523.9930738652965,6137.770082072551,6904.99134233162,nr1,-16043.866572338557,-21164.72351148667,-5120.856939148114,0.21807291227280706
992,w1075387095,130.11354850369972,other,4922.185612555075,5469.095125061194,6152.732015693843,nr0,-17529.275236542846,-22722.770227153287,-5193.494990610441,0.2673940756092737
993,w1075387096,86.78853361294604,other,5651.038189360073,6278.931321511192,7063.797736700091,nr1,-16412.855970842502,-21784.581804440462,-5371.72583359796,0.21807291227280706
994,w1075387097,130.27800867820625,other,5001.394598025604,5557.105108917338,6251.743247532005,nr1,-14526.033348226154,-19498.319826767372,-4972.2864785412185,0.21807291227280706
995,w1075387098,130.18280181584413,other,4914.504272727153,5460.56030303017,6143.1303409089405,nr0,-17501.919843912867,-22674.11374237494,-5172.193898462072,0.2673940756092737
996,w1075387099,86.85200681062415,other,7574.079042728552,8415.643380809503,9467.598803410689,nr1,-21998.129241833634,-30495.728417171606,-8497.599175337971,0.21807291227280706
997,w1107949539,145.45949292609,other,7234.128086910359,8037.920096567066,9042.660108637949,nr1,-21010.77684957771,-23088.418689748603,-2077.6418401708943,0.21807291227280706
998,w1107949540,113.13991883732378,other,8157.082843669978,9063.42538185553,10196.353554587471,nr1,-23691.40348537381,-32335.703174303348,-8644.29968892954,0.21807291227280706
999,w1108636740,113.13954655230044,other,8437.78627390423,9375.318082115811,10547.232842380286,nr1,-24506.677567157698,-33344.35103204218,-8837.67346488448,0.21807291227280706
1000,w1108636741,169.70950587596744,other,6388.827258846157,7098.696954273508,7986.034073557696,nr1,-18555.68801843627,-24715.10230069329,-6159.4142822570175,0.21807291227280706
1001,w1108636742,113.35190696045755,other,7307.257952288273,8119.1755025425255,9134.072440360342,nr1,-21223.174980221153,-28003.3710785893,-6780.196098368149,0.21807291227280706
1002,w1108636743,97.02220907397567,other,8465.714383767012,9406.34931529668,10582.142979708764,nr1,-24587.79187383125,-33375.74975755327,-8787.957883722018,0.21807291227280706
1003,w1108636744,97.02139693088829,other,6248.685707876577,6942.984119862863,7810.857134845721,nr1,-18148.661377574957,-24164.54679079519,-6015.885413220232,0.21807291227280706
1004,w1108636745,97.02220705058426,other,6051.606396825816,6724.00710758424,7564.507996032269,nr1,-17576.26490126035,-23262.481402021596,-5686.216500761246,0.21807291227280706
1005,w1108636746,96.97299731615931,other,6049.968200571248,6722.186889523609,7562.46025071406,nr1,-17571.50692966695,-23254.513407950697,-5683.006478283747,0.21807291227280706
1006,w1108636747,96.97299630921333,other,6204.737122419419,6894.152358243799,7755.921403024274,nr1,-18021.01725643122,-23945.712944156498,-5924.695687725278,0.21807291227280706
1007,w1108636748,93.15071205198764,other,7049.813241953456,7833.125824392729,8812.266552441819,nr1,-20475.453444886934,-27828.288784390166,-7352.835339503232,0.21807291227280706
1008,w1108636749,139.88183319568634,other,5418.6318681190805,6020.702075687867,6773.28983514885,nr1,-15737.85584707344,-21199.322304603233,-5461.466457529792,0.21807291227280706
1009,w1108636750,139.7263257611543,other,5255.293421448891,5839.2149127209905,6569.116776811114,nr1,-15263.456221753877,-20507.08352820293,-5243.627306449052,0.21807291227280706
1010,w1108636751,139.8837134392932,other,5137.657930030147,5708.508811144608,6422.072412537684,nr1,-14921.7961032025,-19859.766169321734,-4937.970066119235,0.21807291227280706
1011,w1108636752,93.1510556358844,other,5632.758798770266,6258.620887522518,7040.9484984628325,nr1,-16359.765371392985,-21715.436028197204,-5355.670656804219,0.21807291227280706
1012,w1108636753,93.25489941500128,other,5561.032789158997,6178.925321287774,6951.290986448746,nr1,-16151.444594632074,-21514.36596431531,-5362.921369683238,0.21807291227280706
1013,w1108636754,139.72684112749994,other,6793.787494520834,7548.652771689815,8492.234368151043,nr1,-19731.853140548028,-27667.60174963488,-7935.7486090868515,0.21807291227280706
1014,w1159236388,245.9913005110109,other,17161.798074090097,19068.664526766774,21452.24759261262,nr1,-49844.667572954415,-71976.51992045548,-22131.852347501066,0.21807291227280706
1015,w1159236389,122.96537718712352,other,11214.556910810714,12460.618789789682,14018.19613851339,nr1,-32571.520698711836,-47608.14206365997,-15036.621364948136,0.21807291227280706
1016,w1159236390,245.9301320978673,other,9422.640053648083,10469.600059608982,11778.300067060103,nr1,-27367.083513397847,-43594.77304577998,-16227.68953238213,0.21807291227280706
1017,w1219742100,99.15745026543736,other,6796.05397685548,7551.171085394977,8495.06747106935,nr1,-19738.43590408147,-27651.446122145004,-7913.010218063533,0.21807291227280706
1018,w1219742101,534.7382739499211,other,26665.5596979286,29628.399664365108,33331.94962241074,nr1,-77447.36029709352,-106034.32004064374,-28586.959743550222,0.21807291227280706
1019,w1219742102,331.85329187787136,other,16686.177045042114,18540.19671671346,20857.72130630264,nr1,-48463.27548447652,-66095.70622978527,-17632.430745308746,0.21807291227280706
1020,w1219742103,321.63751182574777,other,17114.566871985295,19016.185413316995,21393.208589981616,nr1,-49707.48943125729,-68127.51676345267,-18420.027332195386,0.21807291227280706
1021,w1219742104,906.7466930493712,other,37559.58202112246,41732.868912358295,46949.477526403076,nr1,-109087.92143688149,-150758.06202191286,-41670.140585031375,0.21807291227280706
1022,w1219742105,1260.638449399173,ab,128554.44727096538,142838.2747455171,160693.0590887067,r2,-367789.94744026056,-445338.727267602,-77548.77982734144,0.20074936316702333
1023,w1219929093,501.3837405549362,other,33138.81990165809,36820.91100184232,41423.52487707261,nr1,-96248.27507159268,-131435.9663388934,-35187.69126730072,0.21807291227280706
1024,w1242595698,177.05818741209805,other,9156.077890481276,10173.419878312528,11445.097363101595,nr1,-26592.881279272005,-36984.96980784566,-10392.088528573651,0.21807291227280706
1025,w1242595699,175.70056665593293,other,9159.768067274865,10177.52007474985,11449.71008409358,nr1,-26603.599016117983,-36940.870517585216,-10337.271501467232,0.21807291227280706
