,full_id,NFA,building_usage,yearly_demand_useful_renovated,yearly_demand_delivered_renovated,yearly_demand_delivered_renovated_DH,consumer_size_renovated,npv_Gas_25years_ir_0.05,npv_DH_25years_ir_0.05,savings_npv_25years_ir_0.05,operator_selling_price
0,w24853838,27974.42320393324,trade,1197392.8826751309,1330436.536305701,1496741.1033439136,nr2,-7223756.636590027,-7645074.103689069,-421317.4670990417,0.2701668865598597
1,w24853840,937.1926232803613,trade,88019.54120636193,97799.49022929103,110024.4265079524,nr2,-531013.4661219432,-645901.2092182646,-114887.74309632136,0.2701668865598597
2,w24853841,8998.296452549099,trade,370411.49455784855,411568.3272864984,463014.36819731066,nr2,-2234657.087741736,-2746194.9675658224,-511537.87982408656,0.2701668865598597
3,w25538793,404.8852469230536,trade,30724.044681390333,34137.827423767034,38405.05585173791,nr1,-201350.34093890386,-283983.71933935804,-82633.37840045418,0.2934807803239085
4,w27689586,5481.69515059907,office,239232.2588022705,265813.6208914117,299040.3235028381,nr2,-1443265.3160159106,-945928.10815877,497337.2078571406,0.2701668865598597
5,w28994179,16672.165487814695,other,602602.7887910821,669558.6542123135,753253.4859888526,nr2,-3635444.938533414,-2382700.890031212,1252744.0485022021,0.2701668865598597
6,w28994181,2845.002712316811,trade,324149.90597616514,360166.56219573907,405187.3824702064,nr2,-1955565.3523795498,-1281693.818613759,673871.5337657908,0.2701668865598597
7,w29249266,23411.247439788887,trade,2697249.5326306587,2996943.9251451762,3371561.915788323,nr2,-16272248.226788923,-10664967.009078085,5607281.217710838,0.2701668865598597
8,w30213059,1747.46707642246,ab,186541.77691087977,207268.64101208863,233177.2211385997,r2,-1204223.0168655626,-1118674.9267357306,85548.09012983204,0.2701668865598597
9,w50930444,8762.936898044496,other,330222.16830016905,366913.5203335212,412777.7103752113,nr2,-1992198.7296918815,-2563249.553173323,-571050.8234814417,0.2701668865598597
10,w50930445,4934.112452852726,other,202146.16980193532,224606.85533548368,252682.71225241915,nr2,-1219528.4912714586,-1694048.561958065,-474520.07068660646,0.2701668865598597
11,w50930458,1974.6456010334193,other,60554.61203303029,67282.90225892254,75693.26504128786,nr2,-365320.17759489064,-764512.866609405,-399192.6890145144,0.2701668865598597
12,w50930471,4724.4749339554455,other,258143.60911438576,286826.2323493175,322679.5113929822,nr2,-1557355.6820942648,-1897167.6979443005,-339812.0158500357,0.2701668865598597
13,w50930472,9715.957844087014,other,1058464.4972369291,1176071.663596588,1323080.6215461614,nr2,-6385614.98664318,-4185185.2439853717,2200429.7426578086,0.2701668865598597
14,w50930478,6019.835157379508,trade,680901.6527717811,756557.3919686456,851127.0659647263,nr2,-4107814.489498494,-2692295.8278002837,1415518.6616982105,0.2701668865598597
15,w50930479,4489.048651921749,other,185541.01142931575,206156.6793659064,231926.26428664467,nr2,-1119351.1603958555,-1411341.9204066328,-291990.7600107773,0.2701668865598597
16,w50930480,4441.97852948606,other,168700.98991545063,187445.54435050068,210876.23739431327,nr2,-1017756.9226722067,-1314525.0145715168,-296768.0918993101,0.2701668865598597
17,w50930481,1370.623297881335,other,62080.660377160784,68978.51153017864,77600.82547145098,nr2,-374526.68116875633,-556718.3961952713,-182191.71502651495,0.2701668865598597
18,w50930482,1573.369959426485,other,63379.87619939754,70422.08466599727,79224.84524924692,nr2,-382364.72585236747,-549795.2107506472,-167430.48489827977,0.2701668865598597
19,w50930483,704.9254127380437,other,45123.70064816985,50137.445164633165,56404.62581021231,nr1,-295718.63353776664,-387132.3762210082,-91413.74268324155,0.2934807803239085
20,w50930486,509.32494937628496,trade,30466.044901173256,33851.16100130362,38082.55612646657,nr1,-199659.53674148853,-272387.8839551191,-72728.3472136306,0.2934807803239085
21,w98916060,2713.01504517002,other,226605.19701500298,251783.55223889218,283256.4962687537,nr2,-1367087.461022635,-896000.5075591117,471086.9534635233,0.2701668865598597
22,w98916062,151.14776481509907,trade,11092.043274505519,12324.492527228354,13865.054093131897,nr1,-72691.81900335969,-112732.12977655593,-40040.31077319624,0.2934807803239085
23,w98916065,222.67857759937178,other,20948.500685227787,23276.111872475318,26185.625856534734,nr1,-137286.21341591547,-186293.10020602634,-49006.886790110875,0.2934807803239085
24,w98916067,43210.64675020873,trade,3034378.024269405,3371531.1380771166,3792972.530336756,nr2,-18306112.144050673,-11997978.359214753,6308133.78483592,0.2701668865598597
25,w98916074,4745.314506876469,trade,491122.8611791089,545692.0679767877,613903.5764738861,nr2,-2962897.207053322,-1941907.505595427,1020989.7014578949,0.2701668865598597
26,w98916075,67.06430839556852,sfh,8538.96409194254,9487.737879936156,10673.705114928174,r1,-59882.63159563743,-91506.70775605901,-31624.07616042158,0.29349249061768445
27,w98916076,98.82164086105185,sfh,13728.213996145805,15253.571106828673,17160.267495182256,r1,-96274.15835756916,-126338.13783541175,-30063.979477842586,0.29349249061768445
28,w98916079,3334.9361924076916,trade,133751.88480733606,148613.2053414845,167189.85600917006,nr2,-806912.3171793229,-1208837.9438491454,-401925.6266698225,0.2701668865598597
29,w98916080,2976.303781049745,other,104082.21116258297,115646.90129175886,130102.76395322871,nr2,-627918.0163130005,-898603.5867908351,-270685.57047783467,0.2701668865598597
30,w98916086,294.4025758753764,other,20686.516731325537,22985.018590361706,25858.14591415692,nr1,-135569.29889552057,-215808.01047725952,-80238.71158173896,0.2934807803239085
31,w98916091,1116.7099465291947,trade,65522.69205707044,72802.99117452271,81903.36507133805,nr2,-395292.1287932238,-259077.75334864698,136214.37544457684,0.2701668865598597
32,w98916094,150.05011938810347,trade,13612.2294499376,15124.699388819556,17015.286812422,nr1,-89207.88487017312,-149834.31790026225,-60626.43303008913,0.2934807803239085
33,w98916098,15131.85493721813,trade,1389797.224493673,1544219.1383263033,1737246.5306170913,nr2,-8384513.612207968,-5495280.050740099,2889233.561467869,0.2701668865598597
34,w98916102,1892.1415951219387,trade,73425.17962658805,81583.53291843117,91781.47453323506,nr2,-442967.0798070768,-715221.5701436484,-272254.49033657165,0.2701668865598597
35,w98916109,81.43322088830173,sfh,9629.8057932929,10699.784214769888,12037.257241616126,r1,-67532.5609111572,-104068.94991581411,-36536.389004656914,0.29349249061768445
36,w98916113,559.2398283889517,trade,50271.6825643969,55857.425071552105,62839.60320549612,nr2,-303284.24847973394,-414101.00476030336,-110816.75628056942,0.2701668865598597
37,w98916116,6987.1012714248145,other,358101.17313169746,397890.1923685527,447626.4664146218,nr2,-2160390.0970260054,-2507371.21646424,-346981.1194382347,0.2701668865598597
38,w98916121,458.57296650111675,other,22475.134293848154,24972.371437609057,28093.917867310192,nr1,-147291.022378151,-209750.82648797752,-62459.80410982651,0.2934807803239085
39,w98916126,1235.1179318586364,trade,54455.49615433791,60506.10683815323,68069.37019292239,nr2,-328524.7953577729,-485567.3336917287,-157042.5383339558,0.2701668865598597
40,w99055014,379.03616306802724,mfh,51250.231128429565,56944.70125381063,64062.788910536954,r2,-330846.5747810472,-365602.36271225754,-34755.78793121036,0.2701668865598597
41,w99055018,363.825429549627,mfh,39011.950831555296,43346.61203506144,48764.93853944412,r1,-273585.6778783685,-287414.5954291134,-13828.917550744954,0.29349249061768445
42,w99055022,32.828185592684896,sfh,3912.1656857345315,4346.850761927257,4890.207107168164,r0,-33665.3990988239,-48398.73735855909,-14733.338259735188,0.3601370736400408
43,w99055023,57.57688737055287,sfh,7638.842228320924,8487.602475912137,9548.552785401154,r1,-53570.195406651226,-70555.3645445103,-16985.169137859077,0.29349249061768445
44,w99055025,2922.078992408514,trade,131771.14343422168,146412.38159357963,164713.9292927771,nr2,-794962.6940886654,-1017011.975503231,-222049.28141456563,0.2701668865598597
45,w99055028,168.94065034445376,ab,18863.996140229203,20959.99571136578,23579.9951752865,r1,-132290.72275322003,-147448.13727481922,-15157.414521599188,0.29349249061768445
46,w99055030,502.22660109587014,other,33719.73290267432,37466.369891860355,42149.66612834289,nr1,-220982.61432469086,-311863.96372933226,-90881.3494046414,0.2934807803239085
47,w99055036,2513.4158389533286,other,94056.81089942587,104507.56766602874,117571.01362428232,nr2,-567435.7362416051,-826347.949330974,-258912.2130893689,0.2701668865598597
48,w99055038,337.97397138923407,other,24561.514626422148,27290.57180713572,30701.893283027683,nr1,-160964.13721860852,-242053.3484176771,-81089.21119906858,0.2934807803239085
49,w99055039,2475.299022556655,other,95255.37369289662,105839.30410321847,119069.21711612078,nr2,-574666.5508380316,-754900.1083191596,-180233.55748112802,0.2701668865598597
50,w99055040,101.95110847079195,trade,7536.8851086504455,8374.316787389384,9421.106385813056,nr1,-49393.053615864024,-91007.10682649264,-41614.05321062862,0.2934807803239085
51,w99055041,189.90211718752977,ab,21595.11692946048,23994.5743660672,26993.8961618256,r1,-151443.71347946607,-185235.92860349975,-33792.21512403368,0.29349249061768445
52,w99055043,190.2007592998445,sfh,29155.98911223378,32395.543458037533,36444.98639029222,r1,-204467.1152162119,-241352.4275935571,-36885.312377345195,0.29349249061768445
53,w99055048,47.74609960326925,sfh,5769.180841789516,6410.2009353216845,7211.476052236895,r1,-40458.506118263664,-66214.79266312424,-25756.28654486058,0.29349249061768445
54,w99055050,194.95880112051967,trade,16984.909900636445,18872.122111818273,21231.137375795555,nr1,-111310.7806857594,-170780.85946264272,-59470.078776883325,0.2934807803239085
55,w99055053,122.33706042193808,ab,14174.508663259385,15749.454070288204,17718.13582907423,r1,-99403.96413331639,-142290.71364718527,-42886.74951386888,0.29349249061768445
56,w99055057,303.91877080444243,ab,36040.58788819037,40045.09765354486,45050.73486023796,r1,-252747.90053692844,-277184.75337093446,-24436.852834006015,0.29349249061768445
57,w99055067,194.8848727118224,sfh,21931.666176569037,24368.517973965598,27414.582720711296,r1,-153803.88906533225,-180371.97774570808,-26568.088680375833,0.29349249061768445
58,w99055068,348.37368724122643,ab,40200.04013772175,44666.71126413528,50250.05017215219,r1,-281917.59185034747,-370623.2153947466,-88705.62354439916,0.29349249061768445
59,w99055094,263.70872883694244,other,16614.595860209945,18460.66206689994,20768.24482526243,nr1,-108883.92383577238,-179610.48695147794,-70726.56311570556,0.2934807803239085
60,w99055100,85.6876405166462,sfh,12089.433153049305,13432.703503388117,15111.79144131163,r1,-84781.60394037276,-113832.72269678258,-29051.11875640982,0.29349249061768445
61,w99055110,94.65369866762775,sfh,12604.978915374657,14005.532128194063,15756.22364421832,r1,-88397.05853458428,-133307.72045467206,-44910.661920087776,0.29349249061768445
62,w99055113,801.3236896117684,education,39333.930829421224,43704.367588245805,49167.41353677653,nr1,-257775.31783659782,-362395.19978905295,-104619.88195245512,0.2934807803239085
63,w99055118,54.3237798044458,other,6219.479772060365,6910.533080067072,7774.349715075456,nr1,-40759.42427350686,-66015.25476712693,-25255.830493620066,0.2934807803239085
64,w99055131,500.74276516167447,th,69240.53713621371,76933.93015134857,86550.67142026713,r2,-446983.2436484109,-523118.1605665345,-76134.9169181236,0.2701668865598597
65,w99055135,663.0715527065098,ab,68880.52212837798,76533.91347597554,86100.65266047248,r2,-444659.1617937605,-445025.4154059858,-366.2536122252932,0.2701668865598597
66,w99055142,64.54166975589469,sfh,9032.758360397225,10036.398178219139,11290.947950496531,r1,-63345.54582545735,-83731.13805000027,-20385.592224542917,0.29349249061768445
67,w99055146,149.08371188635937,sfh,17342.70904751041,19269.67671945601,21678.38630938801,r1,-121622.13654726098,-131494.35496813018,-9872.218420869205,0.29349249061768445
68,w99055147,57.659734526090325,sfh,7330.462267285426,8144.958074761584,9163.077834106782,r1,-51407.5673174207,-77581.19607645698,-26173.628759036284,0.29349249061768445
69,w99055152,1635.3717537612654,other,76892.01538215307,85435.57264683674,96115.01922769133,nr2,-463882.1680455167,-633032.7434475996,-169150.57540208288,0.2701668865598597
70,w99055158,567.1104306213557,trade,39120.40099323338,43467.11221470375,48900.50124154172,nr1,-256375.94787203413,-362570.9371747638,-106194.9893027297,0.2934807803239085
71,w99055160,362.3993257842958,ab,41269.65009818708,45855.16677576342,51587.06262273384,r1,-289418.6257607733,-342035.15441871143,-52616.52865793812,0.29349249061768445
72,w99055171,150.93386064656082,sfh,16885.70894548665,18761.8988283185,21107.136181858314,r1,-118417.25496514018,-139822.66529198844,-21405.410326848258,0.29349249061768445
73,w99055172,71.28885925472714,sfh,9019.499646113589,10021.666273459543,11274.374557641986,r1,-63252.56420680552,-95126.3781680666,-31873.813961261083,0.29349249061768445
74,w99055173,413.9677898917347,ab,46033.80958093352,51148.67731214836,57542.2619761669,r1,-322829.04933163367,-337981.7368677012,-15152.687536067562,0.29349249061768445
75,w99055181,184.62117180265486,other,15209.502381678169,16899.44709075352,19011.87797709771,nr1,-99675.62935868595,-153570.6446660821,-53895.015307396156,0.2934807803239085
76,w99055182,84.81555104400032,sfh,9995.399856476368,11105.999840529297,12494.24982059546,r1,-70096.42397035735,-108319.10945700471,-38222.68548664736,0.29349249061768445
77,w99055185,136.9722994968528,education,10840.570650859518,12045.07850095502,13550.713313574397,nr1,-71043.79059326586,-125789.40678092967,-54745.61618766381,0.2934807803239085
78,w99055186,41.49024544628337,sfh,5137.404922484948,5708.227691649942,6421.756153106185,r1,-36027.94472705117,-56505.37401429774,-20477.429287246574,0.29349249061768445
79,w99055192,160.51305735595523,ab,18121.209085465063,20134.67676162785,22651.511356831328,r1,-127081.65487619014,-167549.65298574275,-40467.99810955262,0.29349249061768445
80,w99055193,133.23216011486946,other,9055.86994602939,10062.077717810433,11319.837432536737,nr1,-59347.73627756871,-96392.19361598745,-37044.45733841874,0.2934807803239085
81,w99055199,594.2030242990702,ab,69499.33638341566,77221.48487046185,86874.17047926957,r2,-448653.92576256784,-453414.59374823916,-4760.667985671316,0.2701668865598597
82,w99055201,119.5810925271362,sfh,16186.140935837673,17984.601039819638,20232.67616979709,r1,-113511.2765646182,-151594.86966611477,-38083.593101496575,0.29349249061768445
83,w99055202,635.4450178422034,ab,74224.65462412336,82471.83847124818,92780.8182801542,r2,-479158.282918946,-533238.1516455635,-54079.86872661754,0.2701668865598597
84,w99055209,191.61494707558305,other,19092.937557201116,21214.375063556796,23866.171946501392,nr1,-125125.76148530976,-181296.5995279908,-56170.83804268103,0.2934807803239085
85,w99055216,463.1840371862054,education,30329.625776782435,33699.58419642493,37912.03222097804,nr1,-198765.51261505845,-271542.8863518833,-72777.37373682484,0.2934807803239085
86,w99055219,773.0541430711745,other,89363.99007406665,99293.3223045185,111704.9875925833,nr2,-539124.3974387723,-686780.9210775638,-147656.52363879152,0.2701668865598597
87,w99055224,318.955577952601,ab,39326.77401159415,43696.415568437944,49158.46751449268,r1,-275793.49141465244,-298419.5383069599,-22626.046892307466,0.29349249061768445
88,w99055226,262.56915004737675,ab,28811.221455015977,32012.468283351085,36014.02681876997,r1,-202049.30500165132,-222669.4391475134,-20620.134145862074,0.29349249061768445
89,w99055235,1694.7837025728077,trade,149404.7926523063,166005.3251692292,186755.99081538286,nr2,-901344.811779104,-1081208.0113886124,-179863.1996095084,0.2701668865598597
90,w99055245,424.4345906373113,ab,47895.25638616388,53216.95154018208,59869.07048270485,r1,-335883.13084225485,-358167.9230757707,-22284.79223351588,0.29349249061768445
91,w99055249,70.42309986636974,sfh,9527.919340341607,10586.577044824007,11909.899175427008,r1,-66818.04462311874,-105810.83158676515,-38992.78696364642,0.29349249061768445
92,w99055257,137.79457132667304,trade,8302.741753787854,9225.268615319837,10378.427192234816,nr1,-54412.10296981009,-97208.74641292433,-42796.64344311424,0.2934807803239085
93,w99055287,226.3710821658373,mfh,29327.158711257514,32585.731901397237,36658.94838907189,r1,-205667.50509118318,-225490.5349460109,-19823.029854827735,0.29349249061768445
94,w99055292,58.725108856521544,trade,5742.2884325185605,6380.320480576178,7177.8605406482,nr1,-37632.14595106542,-72368.50910747069,-34736.36315640527,0.2934807803239085
95,w99055300,847.1402418442303,other,76273.07353797425,84747.85948663806,95341.34192246781,nr2,-460148.15114994196,-613899.4438091482,-153751.2926592062,0.2701668865598597
96,w99389931,488.4274571448564,mfh,51882.65252404952,57647.39169338835,64853.315655061895,r2,-334929.17983378895,-347697.4311801193,-12768.251346330333,0.2701668865598597
97,w99389943,3490.8252122399163,ab,329651.0091598724,366278.89906652493,412063.7614498405,r2,-2128066.641891872,-2010983.4293395365,117083.21255233558,0.2701668865598597
98,w99389949,2474.179022271931,ab,284257.7582638273,315841.9536264748,355322.1978297841,r2,-1835029.8838819687,-1952693.8946984643,-117664.01081649563,0.2701668865598597
99,w99389956,671.7147096479312,education,46899.24791118664,52110.27545687404,58624.0598889833,nr1,-307354.7006789563,-201442.8305874601,105911.87009149618,0.2934807803239085
100,w99389960,693.6997662768932,ab,80098.50062143736,88998.33402381929,100123.12577679669,r2,-517076.9768684975,-562609.6601364891,-45532.68326799158,0.2701668865598597
101,w99389971,1612.9015118613836,education,79005.85520261421,87784.28355846023,98757.31900326777,nr2,-476634.76132770634,-698446.7724462616,-221812.01111855527,0.2701668865598597
102,w99389974,235.12884147074072,education,10047.192716967635,11163.547463297371,12558.990896209543,nr1,-65844.38019209258,-116871.54417512249,-51027.16398302991,0.2934807803239085
103,w99389975,1082.0712234761565,mfh,111466.82540481444,123852.0282275716,139333.53175601806,r2,-719575.6306832077,-698243.3875864828,21332.24309672485,0.2701668865598597
104,w99389979,163.53384786918758,ab,21228.517390207166,23587.241544674627,26535.646737758954,r1,-148872.7991488915,-186660.81851945014,-37788.01937055864,0.29349249061768445
105,w99389992,2569.363114476204,other,222880.7619206125,247645.2910229028,278600.9524007656,nr2,-1344618.300632652,-881274.0327081227,463344.26792452915,0.2701668865598597
106,w99390006,431.6004564465955,education,13943.155864366083,15492.395404851202,17428.944830457604,nr1,-91376.61451048715,-195808.7582585575,-104432.14374807035,0.2934807803239085
107,w99390011,2554.974828636646,ab,247425.31787724234,274917.0198636026,309281.6473465529,r2,-1597257.5563349621,-1515898.343006371,81359.21332859108,0.2701668865598597
108,w99390014,587.280543653667,trade,43622.5019390578,48469.44659895311,54528.12742382225,nr1,-285880.51244950254,-393079.77419717633,-107199.2617476738,0.2934807803239085
109,w99390021,1617.1983746248297,other,56431.07453005592,62701.19392228436,70538.8431625699,nr2,-340443.2705793839,-517970.0937061844,-177526.82312680053,0.2701668865598597
110,w99390022,5590.431437242403,education,501507.8998853299,557230.9998725888,626884.8748566624,nr2,-3025549.151424084,-1982970.111724354,1042579.0396997298,0.2701668865598597
111,w99390025,237.89438336268066,education,22880.136119028128,25422.373465586807,28600.170148785157,nr1,-149945.20598016423,-98275.33679797109,51669.86918219314,0.2934807803239085
112,w99390027,116.0190749399364,mfh,12111.38188864718,13457.090987385754,15139.227360808974,r1,-84935.52753504364,-87713.29093185121,-2777.763396807568,0.29349249061768445
113,w99390046,1095.085822885856,mfh,104637.32667388588,116263.69630431764,130796.65834235735,r2,-675487.7073148811,-637199.8017709969,38287.90554388426,0.2701668865598597
114,w99390052,1678.6958267321402,education,80452.87476272321,89392.08306969245,100566.093453404,nr2,-485364.49181287485,-773199.576870508,-287835.0850576332,0.2701668865598597
115,w99390065,2581.633286331594,education,86800.34062073754,96444.82291193059,108500.42577592192,nr2,-523658.1457010783,-784277.756374684,-260619.61067360576,0.2701668865598597
116,w99390082,124.21957990797236,education,9140.033185312222,10155.592428124692,11425.041481640277,nr1,-59899.30092668488,-96036.98178703408,-36137.680860349195,0.2934807803239085
117,w99390107,332.09000708311794,education,26712.358260262183,29680.39806695798,33390.44782532773,nr1,-175059.71296297907,-114735.59383731674,60324.11912566233,0.2934807803239085
118,w99390110,1066.5973296171287,mfh,111016.92938734422,123352.1437637158,138771.16173418026,r2,-716671.320729665,-722605.4039768439,-5934.083247178933,0.2701668865598597
119,w99390116,694.0162199864862,ab,76366.64546448652,84851.8282938739,95458.30683060814,r2,-492985.9343683735,-513966.24218062154,-20980.307812248066,0.2701668865598597
120,w99390122,307.42072394330467,other,23978.9127918091,26643.236435343442,29973.640989761374,nr1,-157146.0501390118,-262442.5186832697,-105296.46854425789,0.2934807803239085
121,w99390129,1196.3697846690193,trade,62972.859261591475,69969.84362399053,78716.07407698935,nr2,-379909.23162969237,-480858.00862179295,-100948.77699210058,0.2701668865598597
122,w99390130,964.417538562417,education,49512.76423577884,55014.18248419871,61890.95529472355,nr1,-324482.40663248824,-435520.97852431354,-111038.5718918253,0.2934807803239085
123,w99390133,9252.387912133521,education,680645.1328091653,756272.3697879614,850806.4160114565,nr2,-4106266.9291202957,-2691281.543839764,1414985.3852805318,0.2701668865598597
124,w99390139,1249.1388426542283,ab,101272.3942615666,112524.88251285178,126590.49282695825,r2,-653765.3396596845,-712326.7762269079,-58561.4365672234,0.2701668865598597
125,w99390141,112.67489476799965,other,7161.259483685899,7956.954981873221,8951.574354607374,nr1,-46931.387242301855,-87626.84156046931,-40695.45431816746,0.2934807803239085
126,w99758761,171.36210507287177,trade,18702.739494504167,20780.821660560185,23378.424368130207,nr1,-122568.59449208123,-190190.6806008724,-67622.08610879118,0.2934807803239085
127,w99758765,309.03573338240386,trade,17633.22369336,19592.4707704,22041.529616699998,nr1,-115559.51175466547,-173116.72792700568,-57557.21617234021,0.2934807803239085
128,w99758770,601.7205038767308,mfh,67803.20632134694,75336.89591260771,84754.00790168367,r2,-437704.5347244595,-464915.4662483429,-27210.931523883366,0.2701668865598597
129,w99758771,976.6668764967471,mfh,93790.2658837786,104211.40653753177,117237.83235472324,r2,-605464.3565936772,-601920.1841538746,3544.1724398025544,0.2701668865598597
130,w99758774,197.5460334163159,ab,21548.287941595398,23942.54215732822,26935.359926994246,r1,-151115.30794945947,-196545.26888078108,-45429.960931321606,0.29349249061768445
131,w99758775,265.071225726977,sfh,27414.764697100116,30460.849663444573,34268.45587137514,r1,-192256.1375081351,-232078.72268966836,-39822.58518153324,0.29349249061768445
132,w99758777,337.6781565959565,ab,38785.81336494016,43095.34818326684,48482.26670617519,r1,-271999.80558080686,-323149.89558153454,-51150.09000072768,0.29349249061768445
133,w99758783,333.3155570875853,th,46165.858494498185,51295.3983272202,57707.32311812273,r1,-323755.0909870914,-212181.71696000607,111573.37402708535,0.29349249061768445
134,w99758786,182.17889552428386,mfh,24975.758120688377,27750.84235632042,31219.69765086047,r1,-175151.7053191745,-179754.58718587758,-4602.881866703072,0.29349249061768445
135,w99758788,349.08404515869915,other,29695.324703960447,32994.80522662272,37119.15587995056,nr1,-194608.61404929188,-266856.2403510978,-72247.6263018059,0.2934807803239085
136,w99758792,60.93018751584459,sfh,7098.129910688255,7886.811011875839,8872.662388360319,r1,-49778.25107155631,-81552.04470434939,-31773.79363279308,0.29349249061768445
137,w99758793,126.39461716674268,ab,14533.912444621437,16148.79160513493,18167.390555776794,r1,-101924.41556063782,-131813.82914467872,-29889.4135840409,0.29349249061768445
138,w99758796,906.0679207786917,ab,92578.39928517047,102864.88809463385,115722.99910646307,r2,-597641.1350312937,-569768.5715179376,27872.563513356145,0.2701668865598597
139,w99758800,420.9761067721993,ab,43617.35169245246,48463.724102724955,54521.68961556557,r1,-305882.7481241104,-321300.83955398435,-15418.091429873952,0.29349249061768445
140,w99758801,293.7319820257835,mfh,30453.792851169546,33837.547612410606,38067.241063961934,r1,-213568.44206866523,-225696.68210276272,-12128.240034097485,0.29349249061768445
141,w99758803,512.6721141899004,mfh,56071.10035591353,62301.2226176817,70088.8754448919,r2,-361967.7626520548,-371483.57601194107,-9515.813359886291,0.2701668865598597
142,w99758805,165.76912949401884,sfh,21149.48042883679,23499.42269870754,26436.850536045986,r1,-148318.52333870897,-194553.9679801589,-46235.444641449925,0.29349249061768445
143,w99758807,110.8734177275095,other,10633.353902934445,11814.837669927161,13291.692378668055,nr1,-69685.79351717661,-110206.26110588778,-40520.467588711166,0.2934807803239085
144,w99758813,43.0509613757953,other,4335.785169212401,4817.539076902668,5419.731461515501,nr0,-34841.09487362719,-52520.4717033998,-17679.376829772613,0.35985680727567104
145,w99758814,84.92593946289271,th,9884.973779293656,10983.304199215172,12356.217224117068,r1,-69322.02042125193,-83862.27705256571,-14540.25663131378,0.29349249061768445
146,w99758818,424.19755738042295,mfh,42981.25264898336,47756.94738775929,53726.5658112292,r1,-301421.86923198105,-319600.84129935596,-18178.97206737491,0.29349249061768445
147,w99758821,35.03456762442365,sfh,4362.174934958981,4846.861038843312,5452.718668698726,r0,-37537.8682604818,-66790.94688274545,-29253.078622263653,0.3601370736400408
148,w99758824,478.7830200769007,ab,54415.092655594315,60461.21406177146,68018.86581949289,r2,-351277.38207428355,-457845.4075397859,-106568.02546550235,0.2701668865598597
149,w99758826,392.0728006519377,ab,50422.93344994148,56025.48161104609,63028.666812426854,r2,-325505.9431931388,-364367.9985668982,-38862.05537375942,0.2701668865598597
152,w99758837,194.723237061128,mfh,27818.768765056746,30909.743072285273,34773.46095632093,r1,-195089.36487671183,-219068.020191985,-23978.65531527318,0.29349249061768445
153,w99758838,478.1149431033991,ab,49879.55482966044,55421.727588511596,62349.443537075545,r1,-349798.75472686946,-380283.3935663549,-30484.638839485415,0.29349249061768445
154,w99758842,66.20839738831855,sfh,9098.77198804681,10109.746653385344,11373.464985058512,r1,-63808.49070990322,-80201.08188842448,-16392.59117852126,0.29349249061768445
155,w99758845,141.8255072105676,th,20597.68337727332,22886.31486363702,25747.104221591646,r1,-144448.84322311814,-201425.22907298483,-56976.385849866696,0.29349249061768445
156,w99758846,563.5821329504251,other,39110.73926488373,43456.37696098192,48888.424081104655,nr1,-256312.62963651415,-351669.6638719364,-95357.03423542224,0.2934807803239085
157,w99758847,385.25146163031457,sfh,48245.97195129891,53606.635501443234,60307.46493912364,r1,-338342.65295239637,-394802.6482916456,-56459.9953392492,0.29349249061768445
158,w99758850,177.17881421931088,ab,22322.486341848085,24802.762602053426,27903.107927310106,r1,-156544.65945920645,-179771.51721112092,-23226.857751914475,0.29349249061768445
159,w99758852,422.9061155930161,other,27630.39919965029,30700.443555166985,34537.99899956286,nr1,-181076.10364521333,-261376.82008371202,-80300.7164384987,0.2934807803239085
160,w99758858,57.38898355839774,sfh,6590.511049374096,7322.7900548601065,8238.13881171762,r1,-46218.386791092096,-75053.43201181617,-28835.045220724074,0.29349249061768445
161,w99758862,402.33381934519855,sfh,47385.93913186298,52651.04347984775,59232.42391482872,r1,-332311.35595525405,-437964.49057124474,-105653.13461599068,0.29349249061768445
162,w99758864,101.365438436158,other,10686.907379847416,11874.341533163795,13358.63422480927,nr1,-70036.75677565088,-110334.98645204745,-40298.22967639657,0.2934807803239085
163,w99758865,63.831228005420414,other,4034.3888558582253,4482.654284286917,5042.986069822781,nr0,-32419.16271178951,-55598.933515900426,-23179.770804110914,0.35985680727567104
164,w99758868,445.0926624152809,ab,49002.607042031916,54447.341157813236,61253.258802539895,r1,-343648.835283512,-359221.9357275964,-15573.100444084383,0.29349249061768445
165,w99758869,105.27734354436397,other,8736.207849217513,9706.897610241682,10920.259811521892,nr1,-57252.82745792029,-97779.04035047801,-40526.21289255772,0.2934807803239085
166,w99758874,732.9468768487684,ab,73910.07250364788,82122.30278183098,92387.59062955985,r2,-477127.4936960475,-508456.5804950108,-31329.08679896331,0.2701668865598597
167,w99758876,118.68904608124866,sfh,12352.210694951837,13724.678549946484,15440.263368689795,r1,-86624.42826471965,-128521.70498838501,-41897.27672366536,0.29349249061768445
168,w99758878,556.4759241774678,other,50045.05270888446,55605.61412098273,62556.31588610557,nr2,-301917.0122563568,-412545.3411629083,-110628.32890655153,0.2701668865598597
169,w99758879,141.26093079326674,other,12063.985867794016,13404.42874199335,15079.982334742519,nr1,-79061.45472551504,-161759.2272148231,-82697.77248930806,0.2934807803239085
170,w99758882,536.390386541374,other,53874.88809445505,59860.98677161672,67343.6101180688,nr2,-325022.04251322115,-419964.2222452193,-94942.17973199813,0.2701668865598597
171,w99758886,70.57262436598539,sfh,9862.178496867567,10957.97610763063,12327.723121084458,r1,-69162.1601050658,-104726.72737304149,-35564.56726797568,0.29349249061768445
172,w99758887,84.85345135740936,sfh,11592.59887534742,12880.665417052687,14490.748594184273,r1,-81297.37052571525,-122594.37501784685,-41297.0044921316,0.29349249061768445
173,w99758888,71.82869699064176,other,5611.650315189278,6235.167016876976,7014.562893986597,nr1,-36776.00771351755,-63001.243560649615,-26225.235847132062,0.2934807803239085
174,w99758891,1365.0763243824242,trade,109673.71393623555,121859.68215137284,137092.14242029443,nr2,-661651.0172804393,-962382.9128345519,-300731.8955541126,0.2701668865598597
175,w99758895,154.4283221337944,other,11343.022479982455,12603.358311091617,14178.778099978068,nr1,-74336.6137924379,-48720.83578209865,25615.77801033925,0.2934807803239085
176,w99758899,158.4874060918577,th,20589.83452385864,22877.59391539849,25737.2931548233,r1,-144393.8002468954,-174862.05837603408,-30468.258129138674,0.29349249061768445
177,w99758900,82.77785695786588,sfh,10694.216001383687,11882.462223759652,13367.770001729608,r1,-74997.12964237857,-106855.14883022243,-31858.019187843864,0.29349249061768445
178,w99758903,400.34018093422054,trade,29613.781724427085,32904.20191603009,37017.22715553385,nr1,-194074.2212992331,-281970.8930365368,-87896.67173730372,0.2934807803239085
179,w99758905,110.54209396946244,sfh,14100.026680676654,15666.696311862948,17625.033350845817,r1,-98881.6317900146,-115038.21076244317,-16156.578972428571,0.29349249061768445
180,w99758908,248.9345047255978,ab,27512.151103074764,30569.05678119418,34390.18887884345,r1,-192939.09555885533,-213834.11029920419,-20895.01474034885,0.29349249061768445
181,w99758913,208.22132023065353,ab,22300.78576510543,24778.65085011714,27875.982206381785,r1,-156392.47616993377,-200288.6802415766,-43896.20407164283,0.29349249061768445
182,w99758915,71.10941483918579,ab,10013.713282288307,11126.348091431451,12517.141602860384,r1,-70224.85361584385,-88331.78555767826,-18106.93194183441,0.29349249061768445
183,w99758919,819.0798590054737,ab,94696.69321739217,105218.54801932463,118370.8665217402,r2,-611315.8107629758,-626333.209931499,-15017.399168523145,0.2701668865598597
184,w99758922,83.9358181065414,th,11677.410484752485,12974.900538613872,14596.763105940605,r1,-81892.14318272045,-97422.08635832118,-15529.943175600725,0.29349249061768445
185,w99758926,36.12754547015065,sfh,4556.491211661925,5062.768012957695,5695.614014577406,r0,-39210.02008944349,-49255.40124346211,-10045.381154018622,0.3601370736400408
186,w99758928,119.38002583179623,sfh,17308.899478423707,19232.110531581897,21636.124348029633,r1,-121385.03448801512,-139254.9784306091,-17869.943942593978,0.29349249061768445
187,w99758931,65.79372537583113,th,8611.439252918039,9568.265836575598,10764.299066147547,r1,-60390.890363071005,-94357.37615760685,-33966.485794535845,0.29349249061768445
188,w99758935,355.7203856162727,ab,44548.24205703894,49498.046730043265,55685.30257129867,r1,-312410.9597617565,-335067.6047088313,-22656.64494707482,0.29349249061768445
189,w99758936,99.44306262517348,th,12820.809152675898,14245.343502973219,16026.011440844872,r1,-89910.64758922206,-140379.73500483157,-50469.08741560951,0.29349249061768445
190,w99758945,525.0721962768584,mfh,72696.76550898828,80774.18389887585,90870.95688623533,r2,-469294.97363706294,-307565.24310835626,161729.73052870668,0.2701668865598597
191,w99758951,355.6037514369003,ab,38846.362119594094,43162.62457732677,48557.95264949262,r1,-272424.4260300178,-278677.15380663244,-6252.727776614658,0.29349249061768445
192,w99758953,525.4067761451006,other,30960.182478675506,34400.2027540839,38700.22809834438,nr1,-202897.87240766035,-308306.0517578648,-105408.17935020447,0.2934807803239085
193,w99758954,37.75478148937691,sfh,3643.787391156788,4048.6526568408754,4554.7342389459845,r0,-31355.920635432834,-51407.740275167205,-20051.81963973437,0.3601370736400408
194,w99758959,30.14875982720405,sfh,3902.3905445980445,4335.989493997827,4877.988180747555,r0,-33581.280977547205,-45135.61042418277,-11554.329446635566,0.3601370736400408
195,w99758962,201.50926117040217,mfh,21723.95521923704,24137.72802137449,27154.944024046297,r1,-152347.23945276087,-99844.91284028278,52502.32661247809,0.29349249061768445
196,w99758966,155.61690238779408,th,21851.717362183943,24279.685957982158,27314.646702729926,r1,-153243.2185499417,-186215.3067764528,-32972.088226511114,0.29349249061768445
197,w99758967,90.83302856497467,ab,10128.948163735615,11254.386848595128,12661.185204669518,r1,-71032.98067650074,-106132.07687322155,-35099.09619672081,0.29349249061768445
198,w99758970,391.2386861808598,th,48443.52710272418,53826.14122524909,60554.40887840523,r1,-339728.08123447374,-364586.499824812,-24858.41859033826,0.29349249061768445
199,w99758974,163.93810575278476,sfh,20363.139486646123,22625.710540717915,25453.924358307653,r1,-142804.0177801011,-154227.32024443182,-11423.302464330714,0.29349249061768445
200,w99758975,139.83927450878545,sfh,19017.06701210734,21130.074457897044,23771.333765134175,r1,-133364.18863620117,-156902.18181654147,-23537.9931803403,0.29349249061768445
201,w99758979,705.2831632008775,trade,40567.1544633245,45074.61607036056,50708.94307915562,nr1,-265857.2615297321,-350567.5988180119,-84710.33728827978,0.2934807803239085
202,w99758981,319.7999828794971,other,27092.453379920906,30102.725977689894,33865.56672490113,nr1,-177550.67021571516,-116368.18796636393,61182.48224935123,0.2934807803239085
203,w99758984,336.42351993245535,ab,41356.19257743753,45951.325086041696,51695.24072179691,r1,-290025.53678025136,-310465.6765909702,-20440.13981071883,0.29349249061768445
204,w99758985,1446.6540044941007,ab,159203.44292933436,176892.71436592707,199004.30366166795,r2,-1027740.0243235586,-976576.7394376555,51163.284885903005,0.2701668865598597
205,w99758989,963.3213891830295,education,66773.88157928629,74193.20175476254,83467.35197410785,nr2,-402840.4354062929,-629279.0252290268,-226438.5898227339,0.2701668865598597
206,w99758991,346.04414169639347,ab,38927.20383955835,43252.44871062039,48659.00479944794,r1,-272991.35837474384,-329901.92313297675,-56910.56475823291,0.29349249061768445
207,w99758995,38.315451947040856,sfh,4605.429916486004,5117.144351651115,5756.787395607505,r0,-39631.15282298026,-54969.467138619366,-15338.314315639109,0.3601370736400408
208,w99758997,604.6954287230968,other,49421.63020499519,54912.92244999466,61777.03775624399,nr1,-323885.1588300028,-476869.7113710284,-152984.55254102557,0.2934807803239085
209,w99759000,505.76658869385716,other,34496.09632156219,38328.995912846876,43120.120401952736,nr1,-226070.5199278307,-148168.50155875634,77902.01836907436,0.2934807803239085
210,w99759001,277.86601877255595,other,21620.245901575137,24022.495446194596,27025.30737696892,nr1,-141688.5025591005,-207947.6409339962,-66259.1383748957,0.2934807803239085
211,w99759005,200.24946516156197,th,21517.100210125434,23907.889122361594,26896.37526265679,r1,-150896.59249243094,-173204.75914258804,-22308.1666501571,0.29349249061768445
212,w99759006,478.86383471041916,sfh,50992.01233528256,56657.79148364729,63740.0154191032,r2,-329179.63979605754,-345763.11512710527,-16583.475331047724,0.2701668865598597
213,w99759010,347.4218390390277,ab,42845.86231337848,47606.513681531644,53557.32789172309,r1,-300472.39462342905,-321908.8779884107,-21436.483364981657,0.29349249061768445
214,w99759011,1184.1155465334652,health,81096.3879180279,90107.09768669767,101370.48489753487,nr2,-489246.74507629813,-658416.0419537451,-169169.29687744693,0.2701668865598597
215,w99759013,1127.2734199425206,other,48346.56544700629,53718.406052229206,60433.20680875786,nr1,-316839.7109471731,-434962.49542602163,-118122.78447884851,0.2934807803239085
216,w99759015,262.8249901607633,mfh,34217.03964154063,38018.932935045144,42771.29955192578,r1,-239959.59663083302,-157264.05740501758,82695.53922581545,0.29349249061768445
217,w99759016,162.4421672269469,other,8362.91554321064,9292.128381345156,10453.644429013299,nr1,-54806.45251400284,-116777.94888996886,-61971.49637596602,0.2934807803239085
218,w99759020,78.66829424034803,other,5363.4306045502435,5959.367338389159,6704.288255687804,nr1,-35149.29730207232,-68180.26046917461,-33030.96316710229,0.2934807803239085
219,w99759023,45.55874986834824,th,6763.263251708072,7514.736946342302,8454.079064635089,r1,-47429.87525483468,-56414.53123939297,-8984.655984558289,0.29349249061768445
220,w99759028,314.5253525768406,trade,33061.024403090545,36734.47155898949,41326.28050386318,nr1,-216665.7614381019,-304956.6620446992,-88290.90060659728,0.2934807803239085
221,w99759036,422.98085668310523,mfh,42631.70476229463,47368.56084699403,53289.63095286828,r1,-298970.53589713696,-302114.89104769425,-3144.3551505572977,0.29349249061768445
222,w99759038,116.55152825303375,ab,12476.366237759883,13862.629153066537,15595.457797199853,r1,-87495.1147496934,-122455.02274662495,-34959.90799693155,0.29349249061768445
224,w99759044,415.2007402397692,trade,30727.523085082063,34141.69231675785,38409.403856352576,nr1,-201373.13669306046,-293461.32856448076,-92088.1918714203,0.2934807803239085
225,w99759045,941.2816024620085,trade,46874.11717738663,52082.35241931848,58592.646471733286,nr1,-307190.006158064,-421865.41639149503,-114675.41023343103,0.2934807803239085
226,w99759047,442.628270605579,mfh,44840.233894655554,49822.482105172836,56050.29236831944,r1,-314458.66009784624,-307967.83714337775,6490.822954468487,0.29349249061768445
227,w99759050,246.0824731603265,trade,22511.684368925235,25012.98263213915,28139.60546115654,nr1,-147530.5536688528,-225488.3138484813,-77957.7601796285,0.2934807803239085
228,w99759051,91.54405212756247,th,11301.573718027325,12557.30413114147,14126.967147534155,r1,-79256.44939134647,-98434.62639660928,-19178.177005262813,0.29349249061768445
229,w99759055,270.5142616614699,other,18027.259599334837,20030.288443705373,22534.074499168546,nr1,-118141.83009305336,-168390.4661029146,-50248.636009861235,0.2934807803239085
230,w99759057,194.30349186724052,th,26936.28423283178,29929.20470314642,33670.35529103972,r1,-188900.6169720402,-205832.08391587995,-16931.46694383974,0.29349249061768445
231,w99759061,534.3112589053809,trade,25116.553078843055,27907.281198714503,31395.691348553817,nr1,-164601.58739120388,-249567.0183280179,-84965.43093681402,0.2934807803239085
232,w99759062,137.67195288166403,th,17570.109600664895,19522.344000738773,21962.637000831117,r1,-123216.86670452253,-155160.01351262894,-31943.14680810641,0.29349249061768445
233,w99759063,182.5971095246263,sfh,23409.161696221272,26010.17966246808,29261.45212027659,r1,-164165.37073159512,-220649.38779563567,-56484.017064040556,0.29349249061768445
234,w99759067,347.13443305995315,other,14604.042087206286,16226.713430229207,18255.052609007857,nr1,-95707.7391287019,-147322.80271543714,-51615.06358673524,0.2934807803239085
235,w99759073,34.86947953915223,sfh,3369.323871661266,3743.69319073474,4211.654839576582,r0,-28994.076924268607,-54098.70847968904,-25104.631555420434,0.3601370736400408
236,w99759074,1179.944325777702,mfh,115106.04981104136,127895.61090115707,143882.5622638017,r2,-743068.6940928645,-732227.2358013209,10841.458291543648,0.2701668865598597
237,w99759077,212.39228247441352,sfh,25996.152531155218,28884.613923505796,32495.19066394402,r1,-182307.59705338284,-203472.669485754,-21165.072432371177,0.29349249061768445
239,w99759083,341.51128259450195,trade,15755.53024255659,17506.144713951766,19694.412803195737,nr1,-103254.0285274843,-157641.9905372558,-54387.962009771494,0.2934807803239085
240,w99759085,319.12387123871594,other,16124.762320599133,17916.40257844348,20155.952900748915,nr1,-105673.7947259262,-174693.70077450125,-69019.90604857505,0.2934807803239085
241,w99759087,592.8829183824361,other,51137.99563470979,56819.99514967755,63922.494543387234,nr2,-308510.6323021066,-414418.6195176165,-105907.98721550993,0.2701668865598597
242,w99759088,334.1662621571682,ab,38269.47653436571,42521.64059373968,47836.84566795714,r1,-268378.80332905543,-286357.51062856213,-17978.7072995067,0.29349249061768445
243,w99759091,80.87078364617192,sfh,11524.131641001168,12804.590712223518,14405.164551251459,r1,-80817.21882035819,-52965.765563574816,27851.453256783374,0.29349249061768445
244,w99759093,176.2003906674683,sfh,24764.95217261122,27516.61352512358,30956.190215764025,r1,-173673.35094375498,-210373.84790420768,-36700.4969604527,0.29349249061768445
245,w99759094,339.69808716569094,other,37582.71276836215,41758.56974262461,46978.390960452685,nr1,-246298.6923691773,-330969.4780293257,-84670.78566014842,0.2934807803239085
246,w99759096,246.47077107857913,mfh,23598.463882924807,26220.515425472007,29498.079853656007,r1,-165492.92205802744,-175525.9586819652,-10033.036623937747,0.29349249061768445
247,w99759099,50.23060751573648,th,7134.781015914094,7927.53446212677,8918.476269892617,r1,-50035.280449848564,-83455.83955976288,-33420.55910991432,0.29349249061768445
248,w99759102,1460.464218017459,other,128159.99370613102,142399.99300681223,160199.99213266376,nr2,-773176.9734689342,-950566.1618829757,-177389.18841404153,0.2701668865598597
249,w99759105,189.26809048298745,mfh,22334.256335775855,24815.840373084284,27917.820419719817,r1,-156627.20087789264,-168876.89563747638,-12249.694759583741,0.29349249061768445
250,w99759110,35.61810292806477,th,4375.3120568172735,4861.457840908081,5469.140071021591,r0,-37650.91726860076,-66521.42772696506,-28870.510458364304,0.3601370736400408
251,w99759111,238.72463138289748,th,34535.9950545772,38373.327838419114,43169.9938182215,r1,-242196.38897339912,-158730.00018998393,83466.3887834152,0.29349249061768445
252,w99759113,635.4707306571305,th,86670.32318175596,96300.35909083995,108337.90397719495,r2,-559501.4681591155,-628916.2494795637,-69414.78132044815,0.2701668865598597
253,w99759120,160.90588292758912,th,23237.39167444857,25819.324082720632,29046.73959306071,r1,-162960.7701708906,-106800.77927597177,56159.99089491884,0.29349249061768445
254,w99759121,33.129497365746644,ab,3818.7156608234063,4243.017400914896,4773.394576029257,r0,-32861.23265058275,-53919.01842478542,-21057.785774202668,0.3601370736400408
255,w99759126,310.54387535755524,ab,34300.81502744586,38112.016697162064,42876.01878430732,r1,-240547.1023887831,-258057.47454254757,-17510.372153764474,0.29349249061768445
256,w99759127,85.13879598667843,other,8496.79167350324,9440.879637225822,10620.989591879048,nr1,-55683.81110261092,-86103.13695593718,-30419.325853326263,0.2934807803239085
257,w99759131,184.6887545518577,ab,20787.501022478882,23097.223358309868,25984.3762780986,r1,-145780.0093921997,-188978.36148564576,-43198.35209344607,0.29349249061768445
258,w99759132,153.35469039995223,ab,17695.00512599379,19661.116806659767,22118.756407492237,r1,-124092.74258954599,-145786.92895494096,-21694.18636539497,0.29349249061768445
259,w99759137,162.2998407471925,mfh,21055.671207008436,23395.19023000937,26319.589008760544,r1,-147660.65160971065,-231723.04778166887,-84062.39617195821,0.29349249061768445
260,w99759138,557.9003615580499,mfh,56330.74901759959,62589.721130666214,70413.43627199948,r2,-363643.9281731438,-373025.6230186541,-9381.694845510297,0.2701668865598597
261,w99759140,160.4533356629312,ab,17634.05521702537,19593.394685583742,22042.56902128171,r1,-123665.30889791265,-158609.59666750327,-34944.28776959062,0.29349249061768445
262,w99759142,128.98004897348582,sfh,17650.096411774208,19611.218235304674,22062.620514717757,r1,-123777.80368594028,-134219.26095160047,-10441.457265660196,0.29349249061768445
263,w99759148,518.2482564277947,ab,59352.94618142581,65947.71797936202,74191.18272678225,r2,-383153.7636987488,-398109.266459224,-14955.50276047521,0.2701668865598597
264,w99759152,155.39786574579776,ab,16837.00273483737,18707.780816485967,21046.253418546712,r1,-118075.68471875836,-142025.01887337348,-23949.33415461512,0.29349249061768445
265,w99759159,71.9146042395383,sfh,9767.034283888204,10852.260315431338,12208.792854860254,r1,-68494.9262587874,-107348.69703034451,-38853.770771557116,0.29349249061768445
266,w99759161,242.4930030848831,mfh,32388.127737790874,35986.808597545416,40485.15967223859,r1,-227133.6781032605,-247895.26910962275,-20761.591006362258,0.29349249061768445
267,w99759162,714.1891373082996,mfh,77904.36715681193,86560.40795201325,97380.45894601491,r2,-502912.71798809,-510058.3401945218,-7145.6222064318135,0.2701668865598597
268,w99759164,595.7694656141102,mfh,71961.73720566227,79957.48578406918,89952.17150707783,r2,-464549.98827469186,-304455.4877124847,160094.50056220713,0.2701668865598597
269,w99759165,160.50856082765387,mfh,22755.65774251579,25284.064158350877,28444.572178144736,r1,-159582.4334941655,-179499.4569804637,-19917.02348629819,0.29349249061768445
270,w99759170,93.69908212199807,sfh,11619.451405943726,12910.501562159696,14524.314257429656,r1,-81485.68378945487,-122232.03970747933,-40746.35591802446,0.29349249061768445
271,w99759172,204.59550149962305,other,17169.669362300792,19077.410402556434,21462.08670287599,nr1,-112521.60370673805,-169290.43219025858,-56768.82848352053,0.2934807803239085
272,w99759176,41.50382452430203,sfh,4163.668093659857,4626.297881844285,5204.585117074821,r0,-35829.655323450446,-45299.37467369647,-9469.719350246021,0.3601370736400408
273,w99759177,360.73507672324774,ab,44758.280247853094,49731.42249761455,55947.850309816364,r1,-313883.9299565142,-330920.0979131259,-17036.167956611665,0.29349249061768445
274,w99759180,347.1465133147314,education,19069.298725020304,21188.109694467003,23836.62340627538,nr1,-124970.84415693188,-176127.75498926526,-51156.91083233338,0.2934807803239085
275,w99759183,128.67689446713774,sfh,18376.72489710795,20418.583219008833,22970.906121384935,r1,-128873.55364174527,-169403.48019140898,-40529.92654966371,0.29349249061768445
276,w99759189,171.2441471248865,ab,18363.415474169808,20403.794971299787,22954.269342712258,r1,-128780.21640997176,-168449.7120467638,-39669.49563679204,0.29349249061768445
277,w99759190,369.99921465907244,other,20710.457907946584,23011.619897718425,25888.072384933228,nr1,-135726.1976412787,-198022.78643872912,-62296.588797450415,0.2934807803239085
278,w99759195,184.4751641433686,sfh,22818.050116989565,25353.389018877293,28522.562646236955,r1,-160019.9830065842,-175583.4995643853,-15563.516557801107,0.29349249061768445
279,w155463247,886.8482149265707,mfh,90574.02742084471,100637.808245383,113217.53427605589,r2,-584701.8847821018,-568046.5652012152,16655.31958088663,0.2701668865598597
280,w155463249,403.549402025342,trade,23648.752708879776,26276.391898755304,29560.940886099717,nr1,-154982.34266001242,-239641.0519337242,-84658.70927371178,0.2934807803239085
281,w155463253,721.7602650925515,mfh,85711.09171490726,95234.54634989696,107138.86464363408,r2,-553309.1361785278,-362626.21281436103,190682.9233641668,0.2701668865598597
282,w155463254,852.2730644002556,mfh,87014.59305688317,96682.88117431464,108768.24132110395,r2,-561723.9070921364,-368141.06212477933,193582.84496735712,0.2701668865598597
283,w155463255,713.9319995328784,mfh,71073.4939418158,78970.54882423978,88841.86742726975,r2,-458815.92161888466,-300697.510951462,158118.41066742264,0.2701668865598597
284,w155463260,725.1058137452229,mfh,66389.32398774149,73765.91554193498,82986.65498467686,r2,-428577.19779509865,-397175.0239769343,31402.17381816433,0.2701668865598597
285,w155463261,1003.1358517257496,mfh,96812.24176736335,107569.15751929261,121015.30220920418,r2,-624972.7636416275,-603219.9313125834,21752.83232904412,0.2701668865598597
286,w155463268,907.8277638942003,mfh,88048.47049851796,97831.63388724218,110060.58812314743,r2,-568398.117193767,-539558.5470558084,28839.570137958624,0.2701668865598597
287,w155463269,646.430608794326,mfh,65800.13973759115,73111.26637510127,82250.17467198893,r2,-424773.710732012,-435879.172602894,-11105.46187088202,0.2701668865598597
288,w155463275,531.2511221051216,mfh,56742.54191479465,63047.26879421628,70928.17739349332,r2,-366302.2629075715,-343470.4173062481,22831.84560132341,0.2701668865598597
289,w155463277,722.3371928531676,mfh,75825.75026506544,84250.83362785049,94782.18783133179,r2,-489494.17793910933,-485691.9040111594,3802.273927949951,0.2701668865598597
290,w155463281,852.691491766274,mfh,81167.2147222987,90185.79413588744,101459.01840287336,r2,-523976.075504836,-521339.8583268764,2636.2171779595665,0.2701668865598597
291,w155463286,75.58565192222595,sfh,11379.481362010443,12643.868180011603,14224.351702513053,r1,-79802.80544729093,-108765.17771495387,-28962.37226766294,0.29349249061768445
292,w155463289,870.3151384696364,mfh,92029.85106537899,102255.39007264332,115037.31383172373,r2,-594099.9744233453,-572937.6740638491,21162.30035949615,0.2701668865598597
293,w155463294,520.8021583877504,mfh,73954.39748668816,82171.55276298684,92442.9968583602,r2,-477413.63423616247,-312886.02845903725,164527.60577712522,0.2701668865598597
294,w155463296,531.2875348292291,mfh,59600.264491446156,66222.51610160685,74500.33061430769,r2,-384750.33046438586,-404378.88451706426,-19628.554052678403,0.2701668865598597
295,w155463300,903.6974393147975,mfh,82377.16016846654,91530.17796496282,102971.45021058316,r2,-531786.8950411113,-523099.5726140465,8687.322427064762,0.2701668865598597
296,w155463302,619.062746527791,mfh,73694.19011571503,81882.43346190559,92117.73764464378,r2,-475733.8619595554,-465619.6416048128,10114.220354742603,0.2701668865598597
297,w155463304,1087.9011799693108,mfh,132782.97083749846,147536.6342638872,165978.71354687307,r2,-857182.3018856343,-561777.7685203284,295404.53336530586,0.2701668865598597
298,w155463308,740.3594694465398,mfh,74398.41232336155,82664.90258151284,92998.01540420194,r2,-480279.97814585606,-475617.4719357059,4662.506210150139,0.2701668865598597
299,w155463310,722.3160033598542,mfh,78437.63363840502,87152.92626489447,98047.04204800627,r2,-506355.2271240683,-331853.68963709177,174501.53748697654,0.2701668865598597
300,w155463313,774.0583199881017,mfh,75098.58684319264,83442.87427021404,93873.2335539908,r2,-484799.9644275681,-469402.369675775,15397.594751793076,0.2701668865598597
301,w155463314,1101.9502923069522,mfh,104359.84119134728,115955.37910149698,130449.8014891841,r2,-673696.395950464,-644759.3820638491,28937.01388661482,0.2701668865598597
302,w155463317,740.3064833164215,mfh,74649.75970721088,82944.17745245653,93312.1996340136,r2,-481902.5546532348,-470301.62920335965,11600.925449875125,0.2701668865598597
303,w155463319,828.4481069911271,mfh,78474.43739685023,87193.8193298336,98093.04674606278,r2,-506592.81429494673,-471735.4869340729,34857.32736087381,0.2701668865598597
304,w155463321,781.2118542082608,mfh,75955.85291213829,84395.3921245981,94944.81614017286,r2,-490334.05737391877,-470924.1096065324,19409.947767386388,0.2701668865598597
305,w155463324,722.1055689860135,mfh,76230.77521241456,84700.86134712728,95288.4690155182,r2,-492108.8220798456,-481802.1052794296,10306.716800416005,0.2701668865598597
306,w155463327,780.4636536210775,mfh,78934.78481367027,87705.31645963363,98668.48101708783,r2,-509564.5934013188,-512650.2027146253,-3085.609313306457,0.2701668865598597
307,w155463330,867.026127423346,mfh,92798.36038612344,103109.28931791494,115997.9504826543,r2,-599061.0969560116,-392611.006450982,206450.0905050296,0.2701668865598597
308,w155463331,701.7002469789237,mfh,75620.8436945795,84023.15966064388,94526.05461822437,r2,-488171.4007437143,-490916.71316764003,-2745.3124239257304,0.2701668865598597
309,w155463336,356.26551316827533,mfh,37646.38639526564,41829.31821696182,47057.98299408205,r1,-264009.1541715174,-244037.51679536942,19971.63737614799,0.29349249061768445
310,w155463337,437.0872274041176,trade,16347.364508861188,18163.7383431791,20434.205636076484,nr1,-107132.62044256301,-155730.37605674754,-48597.75561418453,0.2934807803239085
311,w155463339,868.4495440013707,mfh,96284.55889755068,106982.84321950076,120355.69862193835,r2,-621566.2995886039,-407360.40396796697,214205.89562063693,0.2701668865598597
312,w155463342,722.9579402044416,mfh,72192.16091602764,80213.5121289196,90240.20114503455,r2,-466037.49171895307,-472207.15427647764,-6169.662557524571,0.2701668865598597
313,w155463343,844.8904670208692,mfh,87271.28425516972,96968.09361685524,109089.10531896215,r2,-563380.9806674091,-565216.1612294639,-1835.1805620547384,0.2701668865598597
314,w155463347,1083.6851687338203,mfh,101563.78341079073,112848.64823421191,126954.7292634884,r2,-655646.4063363903,-598275.7168425305,57370.68949385977,0.2701668865598597
315,w155463348,740.608741542697,mfh,73742.38733091138,81935.98592323487,92177.98416363922,r2,-476044.9997478267,-456579.33211325237,19465.667634574347,0.2701668865598597
316,w155463352,356.4181080274284,mfh,38492.77211566138,42769.74679517931,48115.965144576716,r1,-269944.7458588149,-176915.64165376962,93029.1042050453,0.29349249061768445
317,w155463353,722.1394314199686,mfh,96023.96050529758,106693.28945033065,120029.95063162198,r2,-619884.0030687241,-406257.86512313946,213626.1379455846,0.2701668865598597
318,w155463354,696.3946817303076,mfh,75225.69127239037,83584.10141376707,94032.11409048796,r2,-485620.48882548127,-506726.5012284027,-21106.01240292145,0.2701668865598597
319,w155463358,865.4375973489136,mfh,87470.73329689098,97189.70366321219,109338.41662111372,r2,-564668.5267104988,-542773.4311432296,21895.09556726925,0.2701668865598597
320,w155463359,1101.9756921548396,mfh,103923.56216152417,115470.62462391573,129904.4527019052,r2,-670879.9906487189,-639996.7845896996,30883.206059019314,0.2701668865598597
321,w155463364,740.593882034719,mfh,74624.72489312779,82916.3609923642,93280.90611640972,r2,-481740.9420652074,-471075.5600899138,10665.381975293625,0.2701668865598597
322,w155463365,603.6562003400177,mfh,57345.292217422895,63716.9913526921,71681.61527177862,r2,-370193.3258097673,-351827.5448549072,18365.780954860093,0.2701668865598597
323,w155463369,722.4004129424691,mfh,76517.50006263371,85019.44451403746,95646.87507829214,r2,-493959.7783099141,-484819.68789892754,9140.090410986566,0.2701668865598597
324,w155463370,696.1379145577084,mfh,67777.64861111336,75308.49845679261,84722.06076389168,r2,-437539.5465731118,-412437.58213653584,25101.964436575945,0.2701668865598597
325,w155463373,865.3327697202564,mfh,87284.13642326384,96982.3738036265,109105.1705290798,r2,-563463.9480160209,-541939.2574924455,21524.69052357541,0.2701668865598597
326,w155463376,746.0008564919234,mfh,78349.89022816702,87055.43358685223,97937.36278520877,r2,-505788.79832759884,-516574.9728303587,-10786.17450275988,0.2701668865598597
327,w155463378,701.7079005709849,mfh,75289.53058162499,83655.03397958331,94111.91322703123,r2,-486032.6043678236,-479604.6532294795,6427.9511383440695,0.2701668865598597
328,w155463380,903.4881653226912,mfh,80794.44802773364,89771.60891970404,100993.06003466704,r2,-521569.6749604122,-506298.65621468215,15271.018745730049,0.2701668865598597
329,w155463382,654.6620004437864,mfh,67195.36451178146,74661.51612420162,83994.20563972682,r2,-433780.6035289201,-420105.4963104717,13675.107218448422,0.2701668865598597
330,w155463388,654.8312545590103,mfh,81045.45395849762,90050.50439833068,101306.81744812202,r2,-523190.0472126833,-342886.84751029895,180303.19970238436,0.2701668865598597
331,w155463390,658.415929133445,mfh,67307.170216775,74785.74468530556,84133.96277096875,r2,-434502.366801468,-415043.95040307887,19458.41639838915,0.2701668865598597
332,w155463392,746.3197361536323,mfh,74500.89326832342,82778.77029813713,93126.11658540426,r2,-480941.54530125065,-473623.71377872984,7317.831522520806,0.2701668865598597
333,w155463395,740.6091377854347,mfh,81203.21252281987,90225.79169202207,101504.01565352484,r2,-524208.459803206,-343554.291939889,180654.16786331695,0.2701668865598597
334,w155463397,721.9107812985777,mfh,69115.7372055503,76795.26356172255,86394.67150693786,r2,-446177.5959726094,-426011.704815744,20165.8911568654,0.2701668865598597
335,w155463400,957.7393607803388,mfh,132263.3739372203,146959.30437468924,165329.2174215254,r2,-853828.0369206023,-559579.4596157508,294248.5773048515,0.2701668865598597
336,w155463402,519.368776667118,mfh,57328.60677905928,63698.45197673253,71660.7584738241,r2,-370085.6127319963,-382497.43801118585,-12411.825279189565,0.2701668865598597
337,w155463405,658.592996231094,mfh,66453.3492473543,73837.05471928256,83066.68655919287,r2,-428990.51374267536,-410620.3380204826,18370.17572219274,0.2701668865598597
338,w155463406,932.8967588515952,mfh,87329.94975847227,97033.27750941363,109162.43719809034,r2,-563759.6966341103,-563177.5987792973,582.0978548129788,0.2701668865598597
339,w155463408,740.3845857441426,mfh,81123.65596148898,90137.39551276554,101404.56995186122,r2,-523694.8813229115,-343217.70429454773,180477.17702836375,0.2701668865598597
340,w155463411,886.3585438661277,mfh,86630.34371086476,96255.9374565164,108287.92963858094,r2,-559243.3801326876,-536125.2785331648,23118.101599522866,0.2701668865598597
341,w155463413,436.59599217027426,trade,16616.663351011164,18462.959278901293,20770.829188763953,nr1,-108897.473157876,-158660.7253418513,-49763.2521839753,0.2934807803239085
342,w155463416,722.4005093876273,mfh,71360.79474582999,79289.7719398111,89200.99343228748,r2,-460670.5959266306,-466743.5895434439,-6072.99361681327,0.2701668865598597
343,w155463417,828.3400002270937,mfh,74807.01169807202,83118.90188674668,93508.76462259002,r2,-482917.6970517838,-465283.0172034673,17634.679848316475,0.2701668865598597
344,w155463421,509.4774500131606,mfh,62634.51134401355,69593.90149334838,78293.13918001692,r2,-404337.95292205765,-264993.8903555866,139344.06256647105,0.2701668865598597
345,w155463422,674.0859733853489,mfh,66828.4486191273,74253.83179903033,83535.56077390912,r2,-431411.9729170278,-416510.0633104654,14901.909606562345,0.2701668865598597
346,w155463424,701.7858467099256,mfh,75354.80212003247,83727.55791114719,94193.50265004058,r2,-486453.9656853695,-487287.7933373745,-833.8276520050131,0.2701668865598597
347,w155463427,540.3469697440042,mfh,55711.525451732596,61901.69494636955,69639.40681466574,r2,-359646.5218926255,-362058.3976208483,-2411.8757282228325,0.2701668865598597
348,w155463430,521.3457492198795,mfh,65819.9805171453,73133.31168571701,82274.97564643163,r2,-424901.7931584119,-278470.9631495241,146430.8300088878,0.2701668865598597
349,w155463434,634.5610695700626,mfh,64418.57211226843,71576.19123585381,80523.21514033554,r2,-415854.981848215,-400248.18157856434,15606.800269650645,0.2701668865598597
350,w155463435,740.6094772338867,mfh,73569.89609015193,81744.3289890577,91962.37011268991,r2,-474931.4801611153,-461906.5900234688,13024.890137646522,0.2701668865598597
351,w155463436,830.3215000247583,mfh,74986.73881598086,83318.59868442318,93733.42351997607,r2,-484077.9279433559,-450624.34846660413,33453.579476751795,0.2701668865598597
352,w155463437,634.6341266736388,mfh,64166.464939277284,71296.07215475253,80208.0811740966,r2,-414227.5005115389,-401772.9399041929,12454.56060734595,0.2701668865598597
353,w155463439,740.3900625675916,mfh,77902.86750022264,86558.74166691404,97378.5843752783,r2,-502903.0369342686,-510132.45527458895,-7229.41834032035,0.2701668865598597
354,w155463441,304.4361848443746,mfh,36817.49098632539,40908.32331813932,46021.863732906735,r1,-258196.21973703237,-169215.92506655242,88980.29467047995,0.29349249061768445
355,w155463442,681.7836883433163,mfh,68711.68346108304,76346.31495675893,85889.6043263538,r2,-443569.2214454886,-440752.5455629909,2816.675882497744,0.2701668865598597
356,w155463445,701.5969566701912,mfh,73907.62346345419,82119.58162606022,92384.52932931774,r2,-477111.68388325756,-474798.3397603416,2313.344122915936,0.2701668865598597
357,w155463446,527.3302180506289,mfh,52013.41474555332,57792.683050614796,65016.768431941644,r2,-335773.3171604456,-331745.9466513149,4027.3705091307056,0.2701668865598597
358,w155463447,540.1562461696565,mfh,59085.19228162839,65650.21364625376,73856.49035203549,r2,-381425.274701104,-395729.39039787924,-14304.115696775261,0.2701668865598597
359,w155463448,488.2503870327026,mfh,51268.34796637681,56964.83107375201,64085.43495797101,r2,-330963.52827859705,-339746.2489634108,-8782.720684813743,0.2701668865598597
360,w155463452,416.2699146196246,mfh,40700.76121869014,45223.06802076682,50875.95152336267,r1,-285429.0829048763,-187063.72368208188,98365.35922279445,0.29349249061768445
361,w155463453,826.68092449978,mfh,83117.14823153104,92352.38692392338,103896.4352894138,r2,-536563.8982009651,-517898.95234009606,18664.945860869077,0.2701668865598597
362,w155463454,830.106713430956,mfh,73765.5043705863,81961.67152287367,92206.88046323288,r2,-476194.23211667914,-450699.0223758881,25495.209740791062,0.2701668865598597
363,w155463458,653.3753796381876,mfh,58960.56636749198,65511.74040832442,73700.70795936497,r2,-380620.75039139576,-359869.83203784865,20750.91835354711,0.2701668865598597
364,w155463459,716.456727950275,mfh,75283.97896378927,83648.8655153214,94104.97370473658,r2,-485996.765822221,-482473.8338313697,3522.931990851299,0.2701668865598597
365,w155463463,389.00259175430983,mfh,37000.96483362116,41112.18314846796,46251.206042026446,r1,-259482.89768610752,-170059.18450558386,89423.71318052366,0.29349249061768445
366,w155463464,681.5525098629297,mfh,69179.35495120153,76865.94994577947,86474.19368900191,r2,-446588.28120817954,-438294.5149841181,8293.76622406143,0.2701668865598597
367,w155463468,854.9059582386632,mfh,81699.0096870192,90776.67743002134,102123.762108774,r2,-527409.0852433228,-500662.3997381185,26746.685505204252,0.2701668865598597
368,w155463469,716.6904537379742,mfh,100679.18201464991,111865.75779405545,125848.97751831239,r2,-649935.8498078485,-425953.1614024515,223982.68840539694,0.2701668865598597
369,w155463470,608.2978411447257,mfh,64367.74654988399,71519.71838875998,80459.68318735498,r2,-415526.87672837503,-272326.85632353736,143200.02040483768,0.2701668865598597
370,w155463473,376.1376306014136,mfh,43550.29606288637,48389.217847651526,54437.870078607964,r1,-305412.4958173337,-200160.39762026884,105252.09819706486,0.29349249061768445
371,w155463474,720.4433401308954,mfh,67276.75041664802,74751.94490738669,84095.93802081002,r2,-434305.9913616712,-439374.40379246976,-5068.412430798577,0.2701668865598597
372,w155463478,851.8925360153429,mfh,87684.85616685112,97427.61796316791,109606.0702085639,r2,-566050.7998544204,-370976.80914764194,195073.99070677842,0.2701668865598597
373,w155463479,376.5337288361043,mfh,37121.41584101446,41246.017601127176,46401.76980126807,r1,-260327.6047516709,-255859.74953561687,4467.855216054042,0.29349249061768445
374,w155463480,664.0854127705097,mfh,73172.86575571459,81303.18417301621,91466.08219464324,r2,-472368.44535443117,-309579.5265101429,162788.91884428827,0.2701668865598597
375,w155463484,531.1159037780716,mfh,68085.21955592721,75650.24395103024,85106.52444490901,r2,-439525.075054707,-288054.7292329733,151470.3458217337,0.2701668865598597
376,w155463485,716.6882258921862,mfh,74226.11389675422,82473.45988528247,92782.64237094278,r2,-479167.7032735661,-462873.6052894059,16294.09798416018,0.2701668865598597
377,w155463490,790.5601109853014,mfh,73479.01625668757,81643.35139631951,91848.77032085945,r2,-474344.8041411962,-463155.11141074565,11189.692730450537,0.2701668865598597
378,w155463491,681.5525530032813,mfh,68426.0537270324,76028.94858559156,85532.5671587905,r2,-441725.3347529689,-429470.008160813,12255.326592155907,0.2701668865598597
379,w155463494,531.001435648324,mfh,56124.10929184654,62360.12143538504,70155.13661480817,r2,-362309.96256998833,-348100.69801461464,14209.264555373695,0.2701668865598597
380,w155463495,716.4590312853455,mfh,79038.97749810597,87821.08610900663,98798.72187263246,r2,-510237.21071452496,-526300.7938590536,-16063.583144528675,0.2701668865598597
381,w155463496,611.941689690575,mfh,60485.334200613484,67205.92688957053,75606.66775076685,r2,-390463.9101941372,-385907.21483777027,4556.695356366923,0.2701668865598597
382,w155463500,1108.025532820262,mfh,100906.99247980208,112118.88053311342,126133.7405997526,r2,-651406.4834115489,-627302.1074536281,24104.375957920798,0.2701668865598597
383,w155463502,540.1563036605716,mfh,59609.47184418452,66232.74649353835,74511.83980523064,r2,-384809.76865713566,-391315.1488269042,-6505.380169768527,0.2701668865598597
384,w155463507,1267.198863344267,mfh,124829.28501538603,138699.20557265115,156036.60626923252,r2,-805837.1732258971,-790019.9562385936,15817.216987303575,0.2701668865598597
385,w155463508,530.6506136165466,mfh,59404.70237854505,66005.22486505006,74255.87797318131,r2,-383487.87654397055,-387780.27604100306,-4292.399497032515,0.2701668865598597
386,w155463511,1747.3368958860635,mfh,164794.07162005454,183104.52402228283,205992.58952506818,r2,-1063830.4050393517,-1004282.9265126743,59547.478526677354,0.2701668865598597
387,w155463513,612.2091895099729,mfh,81863.33408033723,90959.26008926358,102329.16760042153,r2,-528469.8836335973,-346347.13211506564,182122.75151853164,0.2701668865598597
388,w155463514,830.106801855378,mfh,74653.97590525495,82948.86211694994,93317.46988156869,r2,-481929.7723779311,-456022.87965251756,25906.89272541355,0.2701668865598597
389,w155463518,691.345141955465,mfh,72173.4858662746,80192.76207363844,90216.85733284324,r2,-465916.93467738235,-448691.4988655506,17225.435811831732,0.2701668865598597
390,w155463519,507.32179623667616,mfh,55562.18913504426,61735.76570560473,69452.73641880532,r2,-358682.4792380091,-354372.4432896325,4310.035948376579,0.2701668865598597
391,w155463522,1139.1653657640795,mfh,129564.6746402093,143960.74960023255,161955.84330026162,r2,-836406.5463415126,-548161.8112575316,288244.73508398095,0.2701668865598597
392,w155463523,446.09937440417707,mfh,52022.345619720814,57802.60624413424,65027.93202465102,r2,-335830.9705419634,-220095.97353568758,115734.99700627584,0.2701668865598597
393,w155463528,681.6119319483638,mfh,68495.57242516302,76106.19158351446,85619.46553145377,r2,-442174.11366875784,-430489.0570982078,11685.05657055002,0.2701668865598597
394,w155463529,691.3949336603283,mfh,83645.16797269836,92939.0755252204,104556.45996587294,r2,-539972.5369316707,-353885.7092504542,186086.82768121653,0.2701668865598597
395,w155463531,507.3216828555101,mfh,54061.208972385146,60068.00996931683,67576.51121548143,r2,-348992.8810704294,-343730.8909862692,5261.9900841601775,0.2701668865598597
396,w155463534,640.8467616457492,mfh,62761.80582241785,69735.3398026865,78452.25727802231,r2,-405159.70418524835,-380263.4176937053,24896.286491543055,0.2701668865598597
397,w155463535,684.7868416263722,mfh,63983.21967634138,71092.46630704598,79979.02459542672,r2,-413044.5581861614,-410623.94067377044,2420.617512390949,0.2701668865598597
398,w155463536,691.6131192699074,mfh,70337.30683773482,78152.56315303869,87921.63354716853,r2,-454063.45560223766,-431146.199518632,22917.256083605636,0.2701668865598597
399,w155463537,507.3215693686623,mfh,56345.158000452444,62605.73111161382,70431.44750056555,r2,-363736.94556092896,-381155.8913484146,-17418.94578748563,0.2701668865598597
400,w155463538,643.413233704865,mfh,67471.69315381986,74968.54794868872,84339.61644227481,r2,-435564.44689351297,-285459.0236923435,150105.42320116947,0.2701668865598597
401,w155463539,710.019569536671,mfh,70101.74839593095,77890.83155103438,87627.18549491368,r2,-452542.80482826784,-425440.71374071727,27102.091087550565,0.2701668865598597
402,w155463540,840.6794232809916,mfh,76273.68228195352,84748.53586883724,95342.1028524419,r2,-492385.8092597723,-480744.58883714414,11641.220422628161,0.2701668865598597
403,w155463541,696.2558067506179,mfh,69091.86352939304,76768.73725488115,86364.8294117413,r2,-446023.47912649676,-435025.9772892915,10997.501837205258,0.2701668865598597
404,w155463542,640.557884996757,mfh,65685.4859572708,72983.87328585643,82106.85744658849,r2,-424033.5616698618,-277901.94399557787,146131.61767428392,0.2701668865598597
405,w155463543,587.0278481058776,mfh,64620.647257978446,71800.7191755316,80775.80907247306,r2,-417159.4807418687,-424217.062404761,-7057.581662892248,0.2701668865598597
406,w155463544,825.5248426020145,mfh,98226.61890138821,109140.68766820912,122783.27362673526,r2,-634103.2947619288,-415576.8652235568,218526.42953837203,0.2701668865598597
407,w155463545,709.4769112125038,mfh,68799.48875180824,76443.87639089805,85999.3609397603,r2,-444136.0497122977,-439230.27810773137,4905.771604566311,0.2701668865598597
408,w155463546,647.0489746004342,mfh,65167.88665066121,72408.76294517911,81459.8583133265,r2,-420692.1921983428,-396552.9998564144,24139.19234192843,0.2701668865598597
409,w155463547,586.4484846569597,mfh,65038.9578364076,72265.50870711956,81298.6972955095,r2,-419859.8904575079,-275166.61488874035,144693.27556876757,0.2701668865598597
410,w155463548,500.40091222245246,mfh,58521.66054916764,65024.06727685293,73152.07568645955,r2,-377787.38782020676,-247593.25436128263,130194.13345892413,0.2701668865598597
411,w155463549,672.5395986035466,mfh,71071.92574614852,78968.80638460947,88839.90718268565,r2,-458805.79811009887,-454045.44656110794,4760.351548990933,0.2701668865598597
412,w155463551,586.1050742082298,mfh,58460.95059670617,64956.61177411796,73076.1882458827,r2,-377395.47388372774,-355383.7231610259,22011.750722701836,0.2701668865598597
413,w155463552,667.035758360289,mfh,68669.64406031062,76299.60451145624,85837.05507538827,r2,-443297.8355132662,-444752.8365540554,-1455.0010407891823,0.2701668865598597
414,w155463553,817.6307530952618,mfh,76749.54752122253,85277.27502358059,95936.93440152815,r2,-495457.7638832546,-491378.15552976355,4079.6083534910576,0.2701668865598597
415,w155463556,732.9133296664804,mfh,64357.9958795773,71508.88431064144,80447.49484947162,r2,-415463.93114155997,-391544.39854579116,23919.532595768804,0.2701668865598597
416,w155463558,710.1379440590739,mfh,77163.4124884325,85737.12498714722,96454.26561054062,r2,-498129.4748942774,-475037.42094467743,23092.05394959997,0.2701668865598597
417,w155463561,654.0662793286144,mfh,66767.48224207119,74186.09138007909,83459.35280258898,r2,-431018.40362803696,-282479.65041823604,148538.75320980093,0.2701668865598597
418,w155463562,586.3292756803334,mfh,59654.3554106497,66282.61712294411,74567.94426331212,r2,-385099.51514026383,-383562.53109853226,1536.9840417315718,0.2701668865598597
419,w155463566,653.8032613813876,mfh,66481.29901255308,73868.11001394787,83101.62376569134,r2,-429170.9438378836,-418497.6087574389,10673.335080444696,0.2701668865598597
420,w155463567,133.41999841853976,sfh,16572.97361038044,18414.415122644932,20716.217012975547,r1,-116224.08321064422,-169163.91105828356,-52939.82784763933,0.29349249061768445
421,w155463569,886.7166110530495,mfh,90690.7250070177,100767.47223001966,113363.40625877211,r2,-585455.2276611573,-547254.9872965228,38200.24036463443,0.2701668865598597
422,w155463572,311.3570919752121,mfh,35890.06917924034,39877.854643600374,44862.58647405042,r1,-251692.3326367412,-164953.4255097228,86738.9071270184,0.29349249061768445
423,w155463574,863.4385226266459,mfh,80266.77887142508,89185.30985713897,100333.47358928135,r2,-518163.2994351034,-504300.9286660219,13862.37076908152,0.2701668865598597
424,w155463577,931.9227139726281,mfh,104741.59050899002,116379.54500998891,130926.98813623752,r2,-676160.7839422099,-443140.3862730366,233020.3976691733,0.2701668865598597
425,w155463578,931.2066993936896,mfh,95901.79540846782,106557.55045385312,119877.24426058478,r2,-619095.364599121,-599572.8133066182,19522.551292502787,0.2701668865598597
426,w155463581,136.57608463019133,sfh,20238.058157433414,22486.731286037128,25297.572696791765,r1,-141926.8388768891,-169457.2275261496,-27530.38864926051,0.29349249061768445
427,w155463583,949.1963916398585,mfh,98696.62464541465,109662.91627268294,123370.7808067683,r2,-637137.4233329571,-633544.8306879257,3592.5926450314,0.2701668865598597
428,w155463586,949.1754787907004,mfh,101711.11223859426,113012.34693177139,127138.89029824281,r2,-656597.4896187887,-430319.0484948981,226278.44112389063,0.2701668865598597
429,w155463589,722.9646147996187,mfh,79863.38270239974,88737.09189155528,99829.22837799968,r2,-515559.1698953288,-337885.7442190089,177673.42567631992,0.2701668865598597
430,w155463591,591.1442194825038,mfh,72104.48386231158,80116.0931803462,90130.60482788947,r2,-465471.4912879275,-477826.0656688845,-12354.574380956998,0.2701668865598597
431,w155463593,535.6290349200369,mfh,57403.922688774626,63782.13632086069,71754.90336096828,r2,-370571.815627226,-372013.34287155117,-1441.5272443251451,0.2701668865598597
432,w155463596,724.8313003255054,mfh,67296.75836170698,74774.1759574522,84120.94795213372,r2,-434435.15292729577,-418559.7083233353,15875.444603960495,0.2701668865598597
433,w155463597,752.1160736689344,mfh,96345.81377389302,107050.90419321446,120432.26721736627,r2,-621961.7312887207,-407619.56090296805,214342.1703857527,0.2701668865598597
434,w155463600,535.4490051213652,mfh,64489.169061256325,71654.6322902848,80611.4613265704,r2,-416310.721427303,-272840.5702964711,143470.15113083186,0.2701668865598597
435,w155463601,907.8308945208788,mfh,90872.07987539202,100968.97763932447,113590.09984424003,r2,-586625.9665183374,-578429.9869981342,8195.979520203196,0.2701668865598597
436,w155463605,389.4215188790113,mfh,42998.73447932191,47776.37164369101,53748.41809915238,r1,-301544.4670078365,-197625.37958689174,103919.08742094476,0.29349249061768445
437,w155463606,690.2915003947913,mfh,72619.17804943162,80687.97561047958,90773.97256178952,r2,-468794.106720464,-460843.86836219905,7950.238358264964,0.2701668865598597
438,w155463610,725.1058211326599,mfh,66694.63523034648,74105.15025594053,83368.2940379331,r2,-430548.13873787964,-408075.29055959714,22472.848178282497,0.2701668865598597
439,w155463611,1002.8680375270545,mfh,112403.2420384642,124892.49115384911,140504.05254808025,r2,-725620.681193022,-475555.2770701089,250065.40412291314,0.2701668865598597
440,w155463612,535.6290688522159,mfh,63516.22491576578,70573.58323973975,79395.28114470722,r2,-410029.86706037977,-268724.24131617206,141305.6257442077,0.2701668865598597
441,w155463616,543.6235096465331,mfh,57717.03913082603,64130.04347869559,72146.29891353253,r2,-372593.1431428179,-355344.8588525007,17248.284290317213,0.2701668865598597
442,w155463618,752.1486698825844,mfh,78276.75754478379,86974.17504975977,97845.94693097973,r2,-505316.68928010494,-487410.5024190339,17906.186861071037,0.2701668865598597
443,w155463621,238.18491610530762,mfh,25941.058157091844,28823.39795232427,32426.322696364805,r1,-181921.22745755062,-184795.54425425542,-2874.3167967048066,0.29349249061768445
444,w155463623,73.76475410088896,mfh,9386.532258258556,10429.48028695395,11733.165322823193,r1,-65826.51562058425,-74144.34149759123,-8317.82587700698,0.29349249061768445
445,w155463625,52.41574023310095,sfh,7168.165529890833,7964.628366545369,8960.206912363541,r1,-50269.40165353824,-59848.274592489506,-9578.872938951266,0.29349249061768445
446,w155463626,98.3909645654261,mfh,11326.695090576788,12585.216767307542,14158.368863220985,r1,-79432.62227149427,-82402.11834993937,-2969.496078445096,0.29349249061768445
447,w155463629,643.7923131911084,mfh,60925.212855087026,67694.68095009669,76156.51606885878,r2,-393303.55292252166,-372138.6203779467,21164.932544574956,0.2701668865598597
448,w155463631,546.7249739198014,mfh,62732.02766693095,69702.25296325661,78415.03458366368,r2,-404967.47089128615,-265406.46210283187,139561.0087884543,0.2701668865598597
449,w155463632,612.4270064728335,mfh,67447.16411095476,74941.2934566164,84308.95513869345,r2,-435406.0993185677,-285355.24629620765,150050.85302236007,0.2701668865598597
450,w155463633,683.6260891854763,mfh,67343.37274848943,74825.96972054381,84179.21593561179,r2,-434736.0727448833,-418247.7943533754,16488.27839150792,0.2701668865598597
451,w155463638,279.5906790524721,ab,31093.580676718997,34548.42297413222,38866.97584589874,r1,-218055.1899041437,-247429.13277627647,-29373.942872132757,0.29349249061768445
452,w155463639,282.758548167441,other,12733.875761949328,14148.750846610365,15917.34470243666,nr1,-83451.58499574594,-158828.62625488383,-75377.04125913788,0.2934807803239085
453,w155463640,56.80619836300611,sfh,8149.209288913908,9054.67698768212,10186.511611142383,r1,-57149.33244704197,-79700.19662520205,-22550.86417816008,0.29349249061768445
454,w155463643,240.41873629689215,ab,28483.777730710135,31648.64192301126,35604.72216338767,r1,-199752.98524907,-241254.16425038906,-41501.17900131905,0.29349249061768445
455,w155463644,98.43792371228336,mfh,11153.843250929993,12393.159167699992,13942.30406366249,r1,-78220.43506438748,-83163.92604953679,-4943.490985149314,0.29349249061768445
456,w155463645,98.39091195091605,mfh,11053.44919247696,12281.61021386329,13816.811490596201,r1,-77516.38474259179,-83907.24610143102,-6390.861358839233,0.29349249061768445
457,w155463647,97.66299930792302,mfh,9369.723502372359,10410.803891524843,11712.154377965448,r1,-65708.63802729824,-74320.87279666774,-8612.234769369505,0.29349249061768445
458,w155463653,376.11661268314344,mfh,49110.00769747382,54566.67521941535,61387.50962184227,r1,-344402.02194804273,-225713.24552344106,118688.77642460167,0.29349249061768445
459,w155463654,482.5493668295443,mfh,52586.0148678914,58428.905408768216,65732.51858486424,r2,-339469.7451574244,-343468.69262518414,-3998.9474677597173,0.2701668865598597
460,w155463656,73.78574474137277,mfh,10518.511422655341,11687.23491406149,13148.139278319177,r1,-73764.93655146436,-84683.67183611283,-10918.735284648472,0.29349249061768445
461,w155463657,470.15250823192764,mfh,44569.71600670739,49521.906674119324,55712.145008384236,r1,-312561.55374517804,-290410.23357514094,22151.3201700371,0.29349249061768445
462,w155463660,49.947176152281465,mfh,6130.094348688484,6811.2159429872045,7662.617935860605,r1,-42989.54505212149,-47989.69111156608,-5000.146059444589,0.29349249061768445
463,w155463661,78.16354378722608,sfh,10628.335831745004,11809.262035272226,13285.419789681255,r1,-74535.12068140239,-98624.45511807298,-24089.334436670586,0.29349249061768445
464,w155463663,104.99722011834383,sfh,12659.813951807402,14066.45994645267,15824.767439759253,r1,-88781.60942973725,-107434.85668808737,-18653.247258350122,0.29349249061768445
465,w155463665,467.86907609552145,trade,25152.751602532997,27947.501780592218,31440.939503166246,nr1,-164838.8147862959,-237592.23148943984,-72753.41670314394,0.2934807803239085
466,w155463667,587.3173447391018,mfh,62170.68286456457,69078.53651618285,77713.3535807057,r2,-401343.7017678131,-396017.2857369283,5326.416030884837,0.2701668865598597
467,w155463669,557.4523567564785,mfh,63822.83861379559,70914.26512643954,79778.54826724448,r2,-412009.2160221417,-435797.28105544054,-23788.06503329886,0.2701668865598597
468,w155463671,449.48969881236553,mfh,44460.06219337882,49400.06910375424,55575.07774172352,r1,-311792.56598086504,-322101.03674754174,-10308.470766676706,0.29349249061768445
469,w155576276,58.73152135126293,other,7036.542804460303,7818.380893844781,8795.678505575379,nr1,-46114.055209906655,-83840.03630243396,-37725.981092527305,0.2934807803239085
470,w159548666,1258.4072781499474,other,45034.07044829587,50037.85605366207,56292.58806036983,nr1,-295131.24110652274,-444793.104216072,-149661.86310954927,0.2934807803239085
471,w159548667,15669.025621107221,trade,613413.7969842755,681570.8855380839,766767.2462303443,nr2,-3700666.7160416725,-4528811.5165167,-828144.8004750279,0.2701668865598597
472,w159548669,2256.2803165019486,trade,261494.21083095495,290549.1231455055,326867.76353869366,nr2,-1577569.5415023498,-1033952.2160773418,543617.325425008,0.2701668865598597
473,w159548670,188.14899220019578,mfh,23028.989782019133,25587.766424465703,28786.237227523914,r1,-161499.27512139615,-168254.22651307835,-6754.951391682203,0.29349249061768445
474,w159548671,318.3455893772654,other,12677.331192583715,14085.923547315238,15846.663990729643,nr1,-83081.01958230266,-112844.85252030422,-29763.832938001564,0.2934807803239085
475,w159548672,170.00981159284711,ab,21983.144401197525,24425.716001330584,27478.930501496907,r1,-154164.8990810008,-175698.69487723339,-21533.79579623259,0.29349249061768445
476,w159548674,118.95309109317604,trade,10044.893361266411,11160.992623629345,12556.116701583014,nr1,-65829.31134099624,-104393.71097987346,-38564.39963887722,0.2934807803239085
477,w159548675,865.047436706489,mfh,94066.05527670533,104517.83919633925,117582.56909588166,r2,-607244.718828183,-626722.1152047303,-19477.396376547287,0.2701668865598597
478,w159548677,106.67055884185247,other,5052.772241354683,5614.191379282981,6315.965301693353,nr1,-33113.39454273168,-65464.418365587575,-32351.023822855896,0.2934807803239085
479,w159872586,633.9711885744706,mfh,61528.304105702184,68364.7823396691,76910.38013212773,r2,-397196.81681915524,-404412.09147498355,-7215.274655828311,0.2701668865598597
480,w159872589,1091.462102752924,mfh,104981.15974855874,116645.73305395416,131226.4496856984,r2,-677707.326476537,-660948.4459412887,16758.880535248318,0.2701668865598597
481,w159872591,2692.1037788091226,mfh,238842.17683578568,265380.1964842063,298552.7210447321,r2,-1541848.9708143924,-1412096.9792311592,129751.99158323323,0.2701668865598597
482,w159872593,436.90541737405584,mfh,41771.57313857874,46412.85904286526,52214.46642322342,r1,-292938.5459985803,-280507.95608378097,12430.589914799319,0.29349249061768445
483,w159872596,218.88012801047884,mfh,23926.839112240952,26585.376791378836,29908.54889030119,r1,-167795.77433267594,-181248.63799893786,-13452.863666261925,0.29349249061768445
484,w159872599,487.8712977081537,mfh,46825.5540892305,52028.39343247833,58531.94261153812,r1,-328381.44938832853,-315429.8896564601,12951.559731868445,0.29349249061768445
485,w159872601,629.8896718598901,mfh,59138.13100415723,65709.03444906359,73922.66375519653,r2,-381767.0213554374,-379041.82408500114,2725.1972704362706,0.2701668865598597
486,w159872603,453.131132603623,mfh,41977.27905722256,46641.42117469173,52471.59882152819,r1,-294381.1345386601,-278350.32592216297,16030.808616497146,0.29349249061768445
487,w159872608,317.054659525305,mfh,36148.8017943321,40165.33532703567,45186.00224291513,r1,-253506.79042160718,-262002.76942432762,-8495.979002720444,0.29349249061768445
488,w159872611,474.9952949794941,mfh,49392.47210315651,54880.52455906279,61740.59012894564,r1,-346382.9076576264,-344161.2368180097,2221.6708396166796,0.29349249061768445
489,w159872613,461.6615135567263,mfh,49483.41463924298,54981.57182138109,61854.26829905373,r1,-347020.6756967235,-357555.5720207336,-10534.8963240101,0.29349249061768445
490,w159872615,129.00588214695452,mfh,16719.873106670097,18577.636785188995,20899.841383337618,r1,-117254.27004867053,-132247.76946940745,-14993.499420736916,0.29349249061768445
491,w159872617,185.93316667452453,mfh,23274.884584316744,25860.98287146305,29093.605730395928,r1,-163223.7030143726,-166657.91248350058,-3434.2094691279926,0.29349249061768445
492,w159872620,129.2747205838561,mfh,17497.094806705965,19441.216451895518,21871.368508382457,r1,-122704.82356198259,-126998.36834975693,-4293.544787774343,0.29349249061768445
493,w159872622,447.3657494872576,mfh,46366.44062561429,51518.26736179365,57958.05078201786,r1,-325161.7470794419,-336749.5581096932,-11587.811030251265,0.29349249061768445
494,w159872625,238.36158968657256,mfh,25116.058872769172,27906.732080854636,31395.073590961463,r1,-176135.61603234554,-185652.3821218803,-9516.766089534765,0.29349249061768445
495,w159872628,167.04002443812786,mfh,19006.772350224233,21118.635944693593,23758.46543778029,r1,-133291.99352701582,-155393.35124186793,-22101.357714852114,0.29349249061768445
496,w159872630,195.52493976540862,mfh,18074.7621351929,20083.069039103222,22593.452668991125,r1,-126755.92852555314,-124400.3236535411,2355.6048720120452,0.29349249061768445
497,w159872632,133.65780365467072,th,16477.88462317202,18308.760692413354,20597.355778965022,r1,-115557.2366554307,-75733.58246181416,39823.65419361653,0.29349249061768445
498,w159872635,49.369007284846155,th,6739.6868476192685,7488.540941799187,8424.608559524086,r1,-47264.53703521013,-74819.08772284171,-27554.550687631578,0.29349249061768445
499,w159872640,133.91130499513818,mfh,16908.877072954834,18787.64119217204,21136.09634119354,r1,-118579.72999454655,-124804.0817483757,-6224.351753829149,0.29349249061768445
500,w159872643,87.82295271442271,other,9591.78852868142,10657.542809646022,11989.735660851775,nr1,-62859.88418815419,-93775.88982295657,-30916.00563480238,0.2934807803239085
501,w159872648,133.79360626488923,mfh,16965.31316645674,18850.347962729713,21206.641458070924,r1,-118975.50889225387,-133254.5933361502,-14279.084443896325,0.29349249061768445
502,w159872651,467.48304517045614,other,34799.30109969496,38665.890110772176,43499.126374618696,nr1,-228057.57554125765,-330769.48991731805,-102711.91437606039,0.2934807803239085
503,w159872654,134.11286987382917,mfh,15572.749109392586,17303.054565991763,19465.93638674073,r1,-109209.64039759805,-110960.88141332033,-1751.2410157222766,0.29349249061768445
504,w159872660,131.42538360562176,mfh,16010.967487406166,17789.96387489574,20013.709359257708,r1,-112282.80822058806,-115414.65852800479,-3131.850307416724,0.29349249061768445
505,w159872663,509.8066861014813,other,40789.69983623175,45321.88870692417,50987.12479528969,nr1,-267315.7149063603,-175200.94585276864,92114.76905359168,0.2934807803239085
506,w159872669,96.41428965386004,other,6140.942525975589,6823.26947330621,7676.178157469486,nr1,-40244.72962833372,-77327.6832653053,-37082.95363697158,0.2934807803239085
507,w159872671,385.8471666022902,mfh,41085.27500261371,45650.30555845967,51356.59375326713,r1,-288125.62747611606,-278405.08449083596,9720.542985280103,0.29349249061768445
508,w159872676,450.3884779855609,trade,21572.307796555673,23969.230885061857,26965.38474569459,nr1,-141374.3396977413,-205677.57204804604,-64303.23235030475,0.2934807803239085
509,w159872680,74.82275880910456,trade,6347.627257792996,7052.919175325551,7934.534072241245,nr1,-41599.24013142212,-72461.35520226255,-30862.11507084043,0.2934807803239085
510,w159872682,128.20031198486686,mfh,17098.113549140475,18997.903943489415,21372.641936425593,r1,-119906.82050176323,-139510.76782492432,-19603.94732316109,0.29349249061768445
511,w159872688,74.73616111706941,trade,5317.786693607912,5908.651881786568,6647.23336700989,nr1,-34850.16946505319,-60360.76684978244,-25510.597384729248,0.2934807803239085
512,w159872690,271.2794532585889,mfh,37662.36732773164,41847.07480859071,47077.95915966455,r1,-264121.22634808504,-269219.7637303466,-5098.537382261537,0.29349249061768445
513,w159872699,406.91918786983007,mfh,43877.34349126553,48752.60387918392,54846.67936408191,r1,-307706.036398727,-287001.68770821224,20704.348690514744,0.29349249061768445
514,w159872700,406.7131608505966,mfh,40678.93594210743,45198.8177134527,50848.66992763429,r1,-285276.02511203365,-271307.75491518073,13968.270196852915,0.29349249061768445
515,w159872708,435.5580747295171,mfh,46872.894326570284,52080.9936961892,58591.11790821285,r1,-328713.4402436295,-335863.9919099935,-7150.551666364016,0.29349249061768445
516,w159872710,142.59727319749075,mfh,15785.244708098155,17539.160786775727,19731.555885122692,r1,-110699.8440705456,-120839.65077804126,-10139.806707495663,0.29349249061768445
517,w159872717,364.7500545413,mfh,42624.77941045999,47360.86601162221,53280.97426307498,r1,-298921.9693159782,-288454.29318088375,10467.676135094429,0.29349249061768445
518,w159872718,186.0198295045644,mfh,25865.705318047403,28739.672575608223,32332.131647559254,r1,-181392.7879124726,-197286.4388094783,-15893.650897005718,0.29349249061768445
519,w159872719,169.79583046399057,mfh,20853.61252597942,23170.680584421578,26067.015657474276,r1,-146243.64066710952,-172006.85490832376,-25763.214241214242,0.29349249061768445
520,w159872726,172.48843573874328,mfh,18695.70090016346,20773.001000181623,23369.626125204326,r1,-131110.4903794048,-141935.21685254615,-10824.726473141345,0.29349249061768445
521,w159872727,172.59632431017235,mfh,21043.444879268325,23381.60542140925,26304.306099085406,r1,-147574.9099820442,-96717.23673823853,50857.673243805664,0.29349249061768445
522,w159872732,140.4957689295523,mfh,18976.199229647278,21084.665810719198,23720.249037059097,r1,-133077.58825530772,-150687.75539442681,-17610.16713911909,0.29349249061768445
523,w159872736,118.37831126665697,mfh,14679.616639748732,16310.68515527637,18349.520799685914,r1,-102946.21990889356,-113355.72073028376,-10409.500821390204,0.29349249061768445
524,w159872737,187.97203346798193,mfh,24944.26660849226,27715.85178721362,31180.333260615324,r1,-174930.85948788573,-190129.53161098098,-15198.672123095253,0.29349249061768445
525,w159872743,753.6066189933568,other,31827.00488865078,35363.33876516753,39783.75611081347,nr1,-208578.60193373472,-310055.5394917129,-101476.93755797815,0.2934807803239085
526,w159872746,394.377677144669,mfh,44537.18740147157,49485.76377941285,55671.484251839465,r1,-312333.4349168655,-204696.22356399999,107637.2113528655,0.29349249061768445
527,w159872748,575.8923149108887,trade,55207.313642999135,61341.45960333237,69009.14205374892,nr2,-333060.438296528,-218290.58510881057,114769.85318771744,0.2701668865598597
528,w159872750,127.08080641776323,mfh,17865.116812482014,19850.129791646683,22331.396015602517,r1,-125285.7134631089,-204619.91671197448,-79334.20324886558,0.29349249061768445
529,w159872753,434.5401292324066,other,25725.96143987,28584.401599855555,32157.451799837498,nr1,-168595.35131572117,-246211.58529470424,-77616.23397898307,0.2934807803239085
530,w159872756,252.43327465518377,mfh,33635.93448393886,37373.260537709844,42044.91810492357,r1,-235884.38262403946,-245813.9027230331,-9929.520098993642,0.29349249061768445
531,w159872759,386.07803563163617,mfh,40885.04737063046,45427.83041181162,51106.30921328808,r1,-286721.4574395382,-288795.3208619925,-2073.8634224542766,0.29349249061768445
532,w159872763,1345.7076428122818,trade,70170.62199602295,77967.35777335883,87713.27749502868,nr2,-423332.64517570107,-530339.3849354658,-107006.73975976469,0.2701668865598597
533,w159872767,486.0339612279087,mfh,45082.85482234876,50092.060913720845,56353.568527935946,r1,-316160.12873900763,-294387.21109697095,21772.917642036686,0.29349249061768445
534,w159872769,563.4171857964247,other,35443.64525157622,39381.82805730691,44304.55656447027,nr1,-232280.2915283186,-326065.2135381922,-93784.92200987361,0.2934807803239085
535,w159872774,2747.8572637828997,other,119011.47723873041,132234.97470970044,148764.346548413,nr2,-717984.8493945934,-968593.5125981998,-250608.66320360638,0.2701668865598597
536,w159872776,80.53474041707815,sfh,12444.034937831644,13826.705486479605,15555.043672289554,r1,-87268.37959754097,-107188.8228643986,-19920.44326685762,0.29349249061768445
537,w159872779,530.1892838459462,trade,41088.84380523203,45654.270894702255,51361.054756540034,nr1,-269276.1579656202,-353695.54551498004,-84419.38754935982,0.2934807803239085
538,w159872782,386.9254036822822,mfh,34779.397511211064,38643.77501245674,43474.246889013826,r1,-243903.33837418558,-228437.09273177473,15466.245642410853,0.29349249061768445
539,w159872787,649.6997715241275,sfh,73844.5187104147,82049.46523379411,92305.64838801838,r2,-476704.3102785766,-459546.4720613211,17157.838217255543,0.2701668865598597
540,w159872789,103.62989482581615,mfh,13622.502345110554,15136.113716789503,17028.12793138819,r1,-95532.8164586983,-108634.51994124065,-13101.703482542347,0.29349249061768445
541,w159872791,7102.280937734339,other,341045.9633446604,378939.9592718449,426307.4541808255,nr2,-2057497.6490499547,-2406611.0194925163,-349113.3704425616,0.2701668865598597
542,w159872796,295.65545302389654,other,14692.2812732514,16324.756970279332,18365.35159156425,nr1,-96286.01553659672,-147512.58889365674,-51226.57335706001,0.2934807803239085
543,w159872797,3172.659030787088,other,124134.27925297005,137926.9769477445,155167.84906621257,nr2,-748890.2235485006,-1048997.9542588177,-300107.73071031715,0.2701668865598597
544,w159872802,393.79842739673325,mfh,39710.81716874246,44123.130187491624,49638.521460928074,r1,-278486.73554224387,-263908.90406356374,14577.831478680135,0.29349249061768445
545,w159872803,469.9664310747758,mfh,46940.21759095484,52155.79732328315,58675.271988693545,r1,-329185.5694381719,-215740.7289222628,113444.84051590913,0.29349249061768445
546,w159872804,664.4021281981841,mfh,71285.2107419375,79205.78971326388,89106.51342742186,r2,-460182.6623457379,-301593.24171257124,158589.42063316668,0.2701668865598597
547,w159872808,295.65545226749964,other,15824.74835213696,17583.053724596622,19780.935440171197,nr1,-103707.65011629797,-151741.0167636045,-48033.36664730654,0.2934807803239085
548,w159872809,678.8678823016584,other,34505.649287262946,38339.61031918105,43132.06160907868,nr1,-226133.1253862191,-323093.47799092944,-96960.35260471035,0.2934807803239085
549,w159872812,337.05531151816245,mfh,38041.70913462511,42268.56570513901,47552.136418281385,r1,-266781.50052495615,-268263.3745105065,-1481.8739855503663,0.29349249061768445
550,w159872814,765.4437305399682,mfh,79399.36095195425,88221.51216883806,99249.2011899428,r2,-512563.67107749736,-496878.64262371615,15685.028453781211,0.2701668865598597
551,w159872815,1229.117813373683,mfh,149792.9605537908,166436.62283754532,187241.2006922385,r2,-966990.525395759,-989471.5720792083,-22481.046683449298,0.2701668865598597
552,w159872820,336.8380303993821,mfh,38637.43829336847,42930.48699263163,48296.797866710585,r1,-270959.2707274881,-285357.2697099348,-14397.998982446676,0.29349249061768445
553,w159872826,1791.1392054180615,th,178358.86709907744,198176.51899897493,222948.5838738468,r2,-1151398.1295749517,-1119710.3698602829,31687.75971466885,0.2701668865598597
554,w159872827,157.03123329076917,th,22144.882072210334,24605.424524678147,27681.102590262915,r1,-155299.1440859113,-173446.4221922457,-18147.278106334386,0.29349249061768445
555,w159872832,35.670331929810345,sfh,3676.201183569743,4084.667981744159,4595.251479462178,r0,-31634.851372407404,-47073.19157592464,-15438.340203517237,0.3601370736400408
556,w159872833,162.84196072258055,mfh,21239.15922568886,23599.065806320956,26548.949032111075,r1,-148947.42894084164,-160772.99727076656,-11825.568329924921,0.29349249061768445
557,w159872834,33.79703346360475,sfh,4555.214293213258,5061.349214681398,5694.017866516572,r0,-39199.03181015158,-56520.708664909514,-17321.676854757934,0.3601370736400408
558,w159872835,42.916394099872555,th,6704.477568681241,7449.419520756934,8380.59696085155,r1,-47017.6189949547,-56638.05677600933,-9620.437781054636,0.29349249061768445
559,w159872839,58.88304680213332,other,5318.843004436388,5909.8255604848755,6648.553755545484,nr1,-34857.09200886723,-64073.83151697744,-29216.739508110215,0.2934807803239085
560,w159872840,318.65718863122163,other,26659.24765591642,29621.386284351578,33324.05956989552,nr1,-174711.65207440185,-238552.46805082096,-63840.81597641911,0.2934807803239085
561,w159872842,48.8293092939537,other,2375.76436505535,2639.7381833948334,2969.7054563191873,nr0,-19090.943948985394,-28866.25257124723,-9775.308622261837,0.35985680727567104
562,w159872843,143.51003436879253,mfh,19080.71500207315,21200.794446747943,23850.893752591437,r1,-133810.54361484805,-158278.19793979972,-24467.65432495167,0.29349249061768445
563,w159872845,162.83680398128925,mfh,21498.13375395689,23886.81528217432,26872.667192446108,r1,-150763.58323098117,-171598.18459477497,-20834.6013637938,0.29349249061768445
564,w159872848,156.42925329236314,mfh,21291.72814453538,23657.47571615042,26614.660180669223,r1,-149316.08785154458,-97858.3650792847,51457.72277225988,0.29349249061768445
565,w159872851,167.48750086340587,mfh,20694.65294755158,22994.058830612867,25868.316184439474,r1,-145128.878059948,-162803.85241196107,-17674.974352013058,0.29349249061768445
566,w159872853,143.46053532976657,th,18641.830787650975,20713.145319612195,23302.288484563716,r1,-130732.70636873723,-85679.2398710202,45053.46649771703,0.29349249061768445
567,w159872855,768.5454076524824,other,30902.518900127714,34336.13211125301,38628.14862515964,nr1,-202519.973556101,-286955.3192082679,-84435.3456521669,0.2934807803239085
568,w159872857,315.41669200100006,mfh,33248.68266430212,36942.98073811347,41560.85333037765,r1,-233168.63656862167,-240582.0964086929,-7413.459840071213,0.29349249061768445
569,w159872858,136.24142913175746,other,12600.205042488164,14000.227824986849,15750.256303110204,nr1,-82575.57256912177,-136227.71476274895,-53652.14219362718,0.2934807803239085
570,w159872860,131.01957194106652,other,10778.366395040914,11975.96266115657,13472.957993801141,nr1,-70636.13436678886,-103251.63372868374,-32615.49936189488,0.2934807803239085
571,w159872862,156.42902136784977,mfh,20547.76308719318,22830.847874659088,25684.703858991474,r1,-144098.75879743972,-144277.81078563537,-179.05198819565703,0.29349249061768445
572,w159872865,158.90607472276315,mfh,21250.92912058293,23612.143467314363,26563.66140072866,r1,-149029.96966501756,-97670.84973277479,51359.11993224277,0.29349249061768445
573,w159872867,192.56274920739233,mfh,23626.608294376343,26251.78699375149,29533.260367970426,r1,-165690.29511221545,-172144.26533509901,-6453.970222883567,0.29349249061768445
574,w159872868,54.98272090442479,other,4338.732794656411,4820.814216284901,5423.415993320514,nr0,-34864.78112507616,-51612.40622256909,-16747.625097492928,0.35985680727567104
575,w159872870,315.09365436807275,mfh,33572.70898486998,37303.00998318887,41965.886231087476,r1,-235440.99051846022,-241305.36586133478,-5864.375342874555,0.29349249061768445
576,w159872874,56.548262861557305,th,6258.9085433516675,6954.342825946297,7823.635679189584,r1,-43892.90204955667,-72838.650098447,-28945.74804889033,0.29349249061768445
577,w159872876,86.08918008172186,other,7937.8236826816055,8819.804091868451,9922.279603352006,nr1,-52020.60865993119,-83802.49787592544,-31781.889215994255,0.2934807803239085
578,w159872878,413.8979488207959,mfh,49390.03592714167,54877.81769682407,61737.544908927084,r1,-346365.8230757932,-356290.0547049875,-9924.231629194284,0.29349249061768445
579,w159872879,205.3686287334189,mfh,25436.2263636754,28262.47373741711,31795.282954594248,r1,-178380.90851752277,-194380.3717637323,-15999.463246209547,0.29349249061768445
580,w159872883,329.8948070596903,th,38258.33027645758,42509.25586273064,47822.91284557197,r1,-268300.636089002,-305271.5842535036,-36970.94816450158,0.29349249061768445
581,w159872884,900.053558271192,other,37831.76819712391,42035.297996804344,47289.71024640488,nr1,-247930.87966788406,-384594.00689807173,-136663.12723018767,0.2934807803239085
582,w159872887,1008.3728146322071,other,88407.21114906944,98230.23461007715,110509.01393633679,nr2,-533352.241775247,-660089.2976614926,-126737.05588624557,0.2701668865598597
583,w159872892,458.9937253634445,other,39649.09661200691,44054.55179111879,49561.370765008636,nr1,-259840.76001499503,-356270.3691766339,-96429.60916163886,0.2934807803239085
584,w159872895,353.7920229201671,th,49227.57275316536,54697.30305907262,61534.4659414567,r1,-345226.4902140634,-343824.60783854313,1401.8823755202466,0.29349249061768445
585,w159872899,2008.66189844124,other,87830.35072413228,97589.2785823692,109787.93840516535,nr2,-529872.0980535672,-705381.8441796915,-175509.7461261243,0.2701668865598597
587,w160025355,131.5437356668757,ab,15822.357973565722,17580.397748406358,19777.94746695715,r1,-110960.11451780074,-147399.85509388568,-36439.740576084936,0.29349249061768445
588,w160025360,102.43726858533918,mfh,14598.10513130861,16220.116812565122,18247.63141413576,r1,-102374.59042571885,-116719.90238699803,-14345.311961279178,0.29349249061768445
589,w160025362,106.2412323884666,mfh,12893.32495058692,14325.916611763245,16116.65618823365,r1,-90419.19133813735,-120251.73282545366,-29832.54148731631,0.29349249061768445
590,w160025367,104.2175793532282,mfh,14296.527182761089,15885.030203067876,17870.65897845136,r1,-100259.66395503838,-112428.48844000064,-12168.824484962257,0.29349249061768445
591,w160025369,103.97346241511406,mfh,13712.751918131698,15236.391020146331,17140.939897664623,r1,-96165.72483900038,-109367.48032887284,-13201.755489872463,0.29349249061768445
592,w160025373,103.9182820610702,mfh,12692.477684318626,14102.75298257625,15865.597105398283,r1,-89010.67588785171,-99267.72517380193,-10257.049285950212,0.29349249061768445
593,w160025375,104.46434533819556,mfh,15200.83881015165,16889.8209001685,19001.048512689562,r1,-106601.48240603518,-69864.18498758454,36737.297418450646,0.29349249061768445
594,w160025376,101.26918978765606,other,6767.594541506047,7519.5494905622745,8459.493176882557,nr1,-44351.50001893709,-69008.89217499753,-24657.392156060436,0.2934807803239085
595,w160025380,128.15635424628857,th,16535.50385671767,18372.782063019633,20669.379820897087,r1,-115961.31275858387,-138803.9587918306,-22842.64603324674,0.29349249061768445
596,w160025381,64.08582323277369,th,8805.145795153388,9783.495327948209,11006.432243941736,r1,-61749.32885531034,-93412.21775076413,-31662.88889545379,0.29349249061768445
597,w160025384,125.48521707579494,mfh,13228.087159594033,14697.874621771149,16535.10894949254,r1,-92766.83466094168,-107406.70972663433,-14639.875065692657,0.29349249061768445
598,w160025385,125.6767025694251,mfh,12483.801305090501,13870.890338989446,15604.751631363126,r1,-87547.25589855576,-97797.77598288364,-10250.520084327887,0.29349249061768445
599,w160025388,125.67682776004075,mfh,12887.497210468891,14319.441344965435,16109.371513086113,r1,-90378.3221635202,-96826.46400971747,-6448.141846197264,0.29349249061768445
600,w160025389,125.54291224256157,mfh,15947.091501286146,17718.990556984605,19933.864376607682,r1,-111834.85433491209,-127926.65738679442,-16091.803051882336,0.29349249061768445
601,w160025392,101.23846836648882,other,7707.166695034264,8563.51855003807,9633.95836879283,nr1,-50508.995733171476,-80090.60082509372,-29581.60509192224,0.2934807803239085
602,w160025393,241.441205301648,mfh,29760.98461218925,33067.76068021028,37201.23076523656,r1,-208709.86905037286,-228433.92081922927,-19724.051768856414,0.29349249061768445
603,w160025394,520.9474028991534,mfh,62962.95736238052,69958.84151375612,78703.69670297565,r2,-406458.2407292457,-266383.4787200719,140074.7620091738,0.2701668865598597
604,w160025395,347.3527018059045,mfh,41270.74084393225,45856.37871548028,51588.42605491531,r1,-289426.2750171607,-351972.6495670009,-62546.37454984023,0.29349249061768445
605,w160025396,362.18757194392384,mfh,37666.70161233902,41851.89068037669,47083.37701542377,r1,-264151.6221157191,-273425.6281611011,-9274.006045382004,0.29349249061768445
606,w160025398,216.67090053744613,mfh,25759.482837806354,28621.647597562616,32199.353547257942,r1,-180647.8636355979,-201158.4275953284,-20510.563959730498,0.29349249061768445
607,w160025399,277.5212213275954,mfh,34672.16062353594,38524.62291503994,43340.20077941992,r1,-243151.3001914543,-159355.8272655477,83795.4729259066,0.29349249061768445
608,w160025402,733.1297983160242,mfh,73752.53405858297,81947.26006509218,92190.66757322871,r2,-476110.5020884302,-486604.3964997609,-10493.894411330693,0.2701668865598597
609,w160025403,118.93753181435167,th,13366.26539456982,14851.405993966466,16707.831743212275,r1,-93735.86044094211,-106503.0909485847,-12767.230507642584,0.29349249061768445
610,w160025405,118.80893169231713,mfh,11413.826109522666,12682.02901058074,14267.282636903332,r1,-80043.6606424147,-82015.34830339631,-1971.68766098161,0.29349249061768445
611,w160025406,118.8714888818562,mfh,12694.703117102687,14105.225685669651,15868.378896378357,r1,-89026.28255513756,-87183.180223394,1843.102331743561,0.29349249061768445
612,w160025409,118.87152101863175,mfh,13545.552141340295,15050.613490378106,16931.94017667537,r1,-94993.17480498395,-106611.08567250999,-11617.910867526036,0.29349249061768445
613,w160025412,678.325670054555,mfh,83112.16289052342,92346.84765613714,103890.20361315427,r2,-536531.7152632462,-351630.6730527729,184901.04221047333,0.2701668865598597
614,w160025415,1309.668819526094,mfh,134843.0872649352,149825.65251659465,168553.85908116898,r2,-870481.4119317844,-857173.8063817706,13307.605550013715,0.2701668865598597
615,w160025422,678.3786613484378,mfh,78555.95700031816,87284.39666702018,98194.9462503977,r2,-507119.0652208651,-497412.97965980304,9706.085561062035,0.2701668865598597
616,w160025427,555.729584345687,mfh,68356.5049155554,75951.67212839489,85445.63114444424,r2,-441276.3614400564,-289202.4824652057,152073.8789748507,0.2701668865598597
617,w160025428,926.2977557130158,mfh,100962.61735123128,112180.68594581253,126203.2716890391,r2,-651765.5705372024,-651863.330943976,-97.7604067735374,0.2701668865598597
618,w160025434,188.0208901744336,mfh,25126.424219116037,27918.249132351153,31408.030273895045,r1,-176208.30684237435,-188311.2244096572,-12102.917567282857,0.29349249061768445
619,w160025437,385.6369404070079,mfh,43222.04791881172,48024.497687568575,54027.55989851464,r1,-303110.5347747616,-307002.3892802346,-3891.854505472991,0.29349249061768445
620,w160025438,514.208815998584,mfh,66439.19135967275,73821.32373296973,83048.98919959094,r2,-428899.11730323615,-281090.71840251045,147808.3989007257,0.2701668865598597
621,w160025439,231.99735509790483,mfh,23422.747428464972,26025.274920516636,29278.434285581214,r1,-164260.64568417092,-184999.7472909147,-20739.10160674379,0.29349249061768445
622,w160025441,239.19352681115268,mfh,29974.211052689745,33304.67894743305,37467.76381586218,r1,-210205.19802066198,-137763.70185857697,72441.49616208501,0.29349249061768445
623,w160025442,258.45977183450015,mfh,26407.168715404667,29341.29857267185,33008.96089425583,r1,-185189.9994708469,-190831.30425813468,-5641.30478728778,0.29349249061768445
624,w160025445,358.2598954875022,mfh,37036.861616907394,41152.06846323044,46296.07702113424,r1,-259734.63710389318,-271063.9406113373,-11329.303507444129,0.29349249061768445
625,w160025446,282.03160609211767,mfh,32653.249972380814,36281.3888582009,40816.56246547602,r1,-228992.94544890284,-150076.76385547398,78916.18159342886,0.29349249061768445
626,w160025449,151.84076374266294,mfh,15398.815708212785,17109.79523134754,19248.51963526598,r1,-107989.8683417752,-125191.39216194057,-17201.52382016537,0.29349249061768445
627,w160025451,187.46145662125198,mfh,22242.272514884975,24713.63612764997,27802.840643606218,r1,-155982.1304454774,-169570.1063370992,-13587.975891621783,0.29349249061768445
628,w160025452,105.00601281486452,mfh,13097.326417448377,14552.584908275974,16371.658021810472,r1,-91849.82678214413,-105540.91109210203,-13691.084309957907,0.29349249061768445
629,w160025453,104.94913844838739,mfh,14710.976976171565,16345.52997352396,18388.721220214455,r1,-103166.14582174472,-117469.82267376345,-14303.676852018732,0.29349249061768445
630,w160025454,86.96602670811116,mfh,9958.714429546208,11065.238255051341,12448.393036932759,r1,-69839.1538984688,-100769.88398664954,-30930.730088180746,0.29349249061768445
631,w160025455,103.15431486908346,mfh,14454.34817374303,16060.386859714477,18067.935217178787,r1,-101366.44179826036,-115689.16022084023,-14322.71842257987,0.29349249061768445
632,w160025456,162.83409464433788,mfh,15439.821255317227,17155.356950352474,19299.776569146532,r1,-108277.43484799223,-108336.41291230664,-58.97806431440404,0.29349249061768445
633,w160025457,103.20248084068298,mfh,13888.002639595677,15431.114043995196,17360.003299494594,r1,-97394.73508863944,-109320.20245684807,-11925.467368208629,0.29349249061768445
634,w160025458,101.69107806179672,mfh,14620.583473797502,16245.09274866389,18275.729342246876,r1,-102532.22808382928,-176834.52798257343,-74302.29989874415,0.29349249061768445
635,w160025459,108.44199563004076,mfh,13875.057936342178,15416.731040380198,17343.82242042772,r1,-97303.95558802347,-113588.06078055903,-16284.105192535557,0.29349249061768445
636,w160025462,124.9876569705084,mfh,15710.045915399749,17455.606572666387,19637.557394249685,r1,-110172.48483222247,-127542.90697273047,-17370.422140508002,0.29349249061768445
637,w160025465,103.21026510931551,mfh,13114.320013160435,14571.466681289372,16392.90001645054,r1,-91969.0006328072,-98271.65602596453,-6302.655393157329,0.29349249061768445
638,w160025467,105.14285953305661,mfh,14341.115732538854,15934.573036154281,17926.394665673568,r1,-100572.35758754177,-112206.91705125445,-11634.559463712678,0.29349249061768445
639,w160025469,108.37528205253183,mfh,12119.687617749969,13466.319575277743,15149.60952218746,r1,-84993.77452035008,-100207.02784757748,-15213.253327227401,0.29349249061768445
640,w160025471,48.55004379618913,sfh,6829.869385996844,7588.743762218715,8537.336732496055,r1,-47896.97531037745,-62172.36402157214,-14275.38871119469,0.29349249061768445
641,w160025472,101.69099241122603,mfh,13375.50809475645,14861.6756608405,16719.38511844556,r1,-93800.67828117019,-61474.829350267704,32325.84893090248,0.29349249061768445
642,w160025474,105.6897082787007,mfh,13340.076698786537,14822.307443096151,16675.09587348317,r1,-93552.20256339693,-113576.10846214295,-20023.905898746016,0.29349249061768445
643,w160025476,96.35599186792969,mfh,11760.455718228655,13067.17302025406,14700.569647785818,r1,-82474.52847776105,-54051.92858751367,28422.59989024738,0.29349249061768445
644,w160025477,108.4367577029392,mfh,13789.217767408181,15321.35307489798,17236.522209260227,r1,-96701.96977838266,-104676.40096973513,-7974.4311913524725,0.29349249061768445
645,w160025481,105.0061043202877,mfh,13105.966754568803,14562.185282854225,16382.458443211002,r1,-91910.42032944957,-96431.77880023656,-4521.358470786989,0.29349249061768445
646,w160025482,103.2132654029876,mfh,14060.161845670413,15622.402050744902,17575.202307088013,r1,-98602.06494764404,-113704.32643446418,-15102.261486820134,0.29349249061768445
647,w160025484,128.51466068420558,mfh,13247.347808026228,14719.275342251365,16559.184760032786,r1,-92901.90705402583,-92834.9580135382,66.94904048762692,0.29349249061768445
648,w160025486,101.26240085978061,mfh,13302.68360909849,14780.75956566499,16628.354511373112,r1,-93289.96974570367,-102416.0369888597,-9126.067243156038,0.29349249061768445
649,w160025487,105.13472320698202,mfh,14158.708934601254,15731.898816223616,17698.386168251567,r1,-99293.16271521013,-113475.86941020402,-14182.706694993889,0.29349249061768445
650,w160025490,87.12732640933245,mfh,12040.780464448602,13378.644960498446,15050.975580560753,r1,-84440.409037075,-156926.14545991464,-72485.73642283963,0.29349249061768445
651,w160025492,101.576605540514,mfh,13964.916070301266,15516.57341144585,17456.145087876583,r1,-97934.11885768997,-110376.52040438191,-12442.401546691937,0.29349249061768445
652,w160025494,105.68961535468698,mfh,14285.138779463909,15872.376421626564,17856.423474329884,r1,-100179.79858123371,-113392.8637885081,-13213.065207274383,0.29349249061768445
653,w160025496,100.3227494932711,mfh,13748.271791453237,15275.857546059151,17185.339739316543,r1,-96414.82103679849,-110861.4379275732,-14446.61689077472,0.29349249061768445
654,w160025498,53.38166442215442,th,6600.947610690868,7334.386234100964,8251.184513363583,r1,-46291.57702233424,-72197.3580678334,-25905.781045499156,0.29349249061768445
655,w160025500,108.55102695096282,mfh,13356.061664075802,14840.06851563978,16695.07708009475,r1,-93664.30302162342,-100008.78528946218,-6344.482267838757,0.29349249061768445
656,w160025504,103.15687311664223,mfh,13210.204122827778,14678.004580919753,16512.75515353472,r1,-92641.42327720071,-98336.09228002837,-5694.669002827664,0.29349249061768445
657,w160025505,103.09466042611747,mfh,11999.591279695112,13332.879199661236,14999.48909961889,r1,-84151.55470418873,-98086.24223097651,-13934.687526787777,0.29349249061768445
658,w160025507,85.83866344131528,mfh,11973.740029139291,13304.155587932546,14967.175036424114,r1,-83970.26328562174,-101956.1164581459,-17985.853172524163,0.29349249061768445
659,w160025509,108.27769679883495,mfh,14945.057217444468,16605.61913049385,18681.321521805585,r1,-104807.71975284838,-122979.80763450864,-18172.087881660264,0.29349249061768445
660,w160025513,105.03020258601755,mfh,11679.227174263047,12976.919082514496,14599.03396782881,r1,-81904.88338721285,-89511.45512178892,-7606.571734576079,0.29349249061768445
661,w160025515,104.96566433478147,mfh,13255.429579015141,14728.255087794601,16569.286973768925,r1,-92958.58345054866,-97013.29838273888,-4054.714932190225,0.29349249061768445
662,w160025517,132.51887063886969,mfh,14316.368058185923,15907.07562020658,17895.460072732403,r1,-100398.80540367399,-104260.4403634332,-3861.6349597592052,0.29349249061768445
663,w160032048,197.876624872908,mfh,22760.163304132715,25289.070337925237,28450.204130165894,r1,-159614.03040493035,-172333.86040809104,-12719.830003160692,0.29349249061768445
664,w160032049,177.6117346536368,mfh,20420.46582699145,22689.406474434945,25525.582283739313,r1,-143206.03986178015,-200698.44218806442,-57492.40232628427,0.29349249061768445
665,w160032050,605.1206229591743,mfh,68794.57954872533,76438.42172080593,85993.22443590667,r2,-444104.35828400316,-449844.73087825254,-5740.372594249377,0.2701668865598597
666,w160032051,604.9254235289991,mfh,66484.26842234895,73871.4093581655,83105.33552793619,r2,-429190.1129038264,-424013.82538506464,5176.287518761761,0.2701668865598597
667,w160032052,558.9287057133391,mfh,63671.536875409336,70746.15208378815,79589.42109426166,r2,-411032.4855606132,-432522.62973514386,-21490.144174530637,0.2701668865598597
668,w160032053,914.9869650162756,mfh,118384.96876544278,131538.85418382531,147981.21095680346,r2,-764235.8006826844,-500862.7473833989,263373.05329928553,0.2701668865598597
669,w160032054,558.7663555394857,mfh,60610.35153484233,67344.8350387137,75762.93941855291,r2,-391270.96132165747,-398442.5545912124,-7171.593269554956,0.2701668865598597
670,w160032055,915.1860893286764,mfh,117551.19343225891,130612.43714695434,146938.99179032363,r2,-758853.352505435,-497335.2133692928,261518.1391361422,0.2701668865598597
671,w160032056,579.5610938113182,mfh,57693.31188162339,64103.67986847043,72116.63985202923,r2,-372439.9715579328,-351348.001960821,21091.969597111805,0.2701668865598597
672,w160032057,300.306428108085,mfh,37313.43611538925,41459.37346154361,46641.79514423657,r1,-261674.2176692881,-171495.32574130135,90178.89192798676,0.29349249061768445
673,w160032058,579.3688813976943,mfh,57693.4417204568,64103.82413384089,72116.80215057099,r2,-372440.80973431485,-372556.5914827964,-115.7817484815605,0.2701668865598597
674,w160032059,915.3225905947387,mfh,92194.63134061452,102438.47926734947,115243.28917576815,r2,-595163.7157656339,-390056.7515353273,205106.96423030656,0.2701668865598597
675,w160032060,914.9022733874618,mfh,89683.02969465003,99647.81077183336,112103.78711831254,r2,-578950.0366565684,-545780.0973554055,33169.93930116296,0.2701668865598597
676,w160032061,434.5004198986106,mfh,54507.02112981529,60563.35681090588,68133.77641226912,r2,-351870.82760908804,-230608.13074044106,121262.69686864698,0.2701668865598597
677,w160032062,579.3681231357157,mfh,63760.568600850966,70845.07622316774,79700.7107510637,r2,-411607.23109367036,-269758.00979787885,141849.2212957915,0.2701668865598597
678,w160032063,157.0142166607082,mfh,21768.76703500984,24187.51892778871,27210.9587937623,r1,-152661.49882030947,-163748.50615380643,-11087.007333496964,0.29349249061768445
679,w160032064,245.02896427586674,mfh,31648.601750868154,35165.11305652017,39560.75218858519,r1,-221947.47966590186,-224380.2629812966,-2432.783315394743,0.29349249061768445
680,w160032065,177.6155174203217,mfh,23633.30432957042,26259.22703285602,29541.630411963022,r1,-165737.25352594818,-181194.36530653847,-15457.11178059029,0.29349249061768445
681,w160032066,915.0334876678884,mfh,90981.15204470573,101090.16893856191,113726.44005588215,r2,-587330.0834135559,-558986.422391483,28343.66102207289,0.2701668865598597
682,w160032067,686.1767572972923,mfh,82068.33429355826,91187.03810395363,102585.41786694783,r2,-529793.2653409617,-537470.5799957322,-7677.314654770424,0.2701668865598597
683,w160032068,579.4084268193692,mfh,55797.50842459628,61997.23158288475,69746.88553074535,r2,-360201.5861613144,-343891.3697763228,16310.216384991596,0.2701668865598597
684,w160032069,582.2339869499207,mfh,56337.525071553566,62597.25007950396,70421.90633944195,r2,-363687.67108301644,-342137.7257589867,21549.945324029715,0.2701668865598597
685,w160032070,655.6557445708662,mfh,64738.30461673968,71931.4495741552,80922.8807709246,r2,-417919.0194461214,-403004.6946749527,14914.3247711687,0.2701668865598597
686,w160032071,187.63290931591763,mfh,21296.262178485253,23662.513531650282,26620.327723106566,r1,-149347.884435034,-160392.96029241104,-11045.075857377029,0.29349249061768445
687,w160032072,300.05888833065984,mfh,31840.051021962732,35377.83446884748,39800.06377745341,r1,-223290.08821264916,-217910.55794180726,5379.530270841904,0.29349249061768445
688,w160032074,652.9879129000007,mfh,66119.07190804384,73465.63545338204,82648.8398850548,r2,-426832.58176260977,-421370.9783201686,5461.603442441148,0.2701668865598597
689,w160032075,187.48918503960593,mfh,19824.58853199762,22027.320591108466,24780.73566499702,r1,-139027.23079921585,-158778.00647406338,-19750.775674847537,0.29349249061768445
690,w160032079,410.4375718038529,mfh,56450.435111772305,62722.70567974701,70563.04388971538,r2,-364416.5634068608,-238830.3204023303,125586.2430045305,0.2701668865598597
691,w160032080,367.35827468354256,mfh,37513.62238413698,41681.802649041085,46892.027980171224,r1,-263078.0976309379,-269031.87192283047,-5953.774291892594,0.29349249061768445
692,w160032082,146.62608959153295,mfh,18641.24062010344,20712.48957789271,23301.550775129297,r1,-130728.56760138227,-148419.60007217946,-17691.03247079719,0.29349249061768445
693,w160032083,292.00384606306903,mfh,30643.0030164966,34047.781129440664,38303.75377062075,r1,-214895.3480612927,-213466.30767623885,1429.0403850538423,0.29349249061768445
694,w160032087,547.5336022242903,mfh,60767.66004008141,67519.62226675713,75959.57505010176,r2,-392286.46854955377,-257095.6218271189,135190.84672243486,0.2701668865598597
695,w160032089,324.3052944285795,mfh,36712.527765060455,40791.69751673384,45890.65970632557,r1,-257460.12647766026,-279411.40938932495,-21951.28291166469,0.29349249061768445
696,w160032093,651.9691053661052,mfh,70334.93715781553,78149.93017535059,87918.6714472694,r2,-454048.1581007949,-446337.6634757179,7710.494625077001,0.2701668865598597
697,w160032096,417.5862662355881,mfh,47555.89860683755,52839.88734093061,59444.87325854694,r1,-333503.25938950013,-343816.98096425517,-10313.721574755036,0.29349249061768445
698,w160032097,55.47504670508206,th,7948.649698139474,8831.832997932748,9935.812122674342,r1,-55742.83442714163,-84757.77480504157,-29014.94037789994,0.29349249061768445
699,w160032099,154.26596265360712,mfh,19916.581628132146,22129.53514236905,24895.727035165182,r1,-139672.36627769432,-146092.0240735631,-6419.657795868785,0.29349249061768445
700,w160032101,417.4909567882307,mfh,46112.95125263289,51236.61250292543,57641.18906579111,r1,-323384.05946157535,-329264.2723370431,-5880.212875467725,0.29349249061768445
701,w160032104,110.95144802480935,th,12429.560392323068,13810.622658136743,15536.950490403835,r1,-87166.87151449115,-104848.5964033843,-17681.72488889315,0.29349249061768445
702,w160032105,152.98637234792113,mfh,20848.956423449432,23165.507137166034,26061.19552931179,r1,-146210.98803272986,-95823.35333976404,50387.63469296582,0.29349249061768445
703,w160032106,115.7174410201609,mfh,13210.000451569256,14677.778279521395,16512.50056446157,r1,-92639.99495746433,-125416.17291407527,-32776.17795661095,0.29349249061768445
704,w160032107,169.80155310891567,th,20257.197734231464,22507.997482479404,25321.49716778933,r1,-142061.06221053386,-93103.58642111716,48957.4757894167,0.29349249061768445
705,w160032108,125.84912734059617,mfh,15892.879065874109,17658.7545176379,19866.098832342635,r1,-111454.66965879378,-126286.81344057196,-14832.143781778184,0.29349249061768445
706,w160032109,117.1162128248019,mfh,12173.84675432335,13526.49639369261,15217.308442904186,r1,-85373.58541872613,-102606.7986815298,-17233.213262803678,0.29349249061768445
707,w160032110,214.96215275530702,mfh,27759.583627761367,30843.98180862374,34699.479534701706,r1,-194674.30729660788,-207910.20796673704,-13235.900670129166,0.29349249061768445
708,w160032111,253.8681676615961,th,29680.37219464188,32978.191327379864,37100.46524330235,r1,-208144.54477332407,-230701.16295447072,-22556.618181146652,0.29349249061768445
709,w160032112,125.84912488418631,th,14784.277193453934,16426.97465939326,18480.346491817418,r1,-103680.19060049515,-116130.64804015464,-12450.457439659498,0.29349249061768445
710,w160032113,105.45346036842092,mfh,13847.210707174945,15385.789674638827,17309.01338396868,r1,-97108.66663409119,-110704.4906211725,-13595.823987081312,0.29349249061768445
711,w160032114,381.28189064939505,mfh,38441.58971886041,42712.87746540045,48051.98714857551,r1,-269585.810444775,-267498.8739010356,2086.936543739401,0.29349249061768445
712,w160032115,139.91205219514669,mfh,18194.998750903073,20216.66527878119,22743.748438628838,r1,-127599.13209045309,-139699.9461389239,-12100.814048470813,0.29349249061768445
713,w160032116,192.1807412372902,mfh,25401.90433957016,28224.338155077952,31752.3804244627,r1,-178140.21267866218,-116749.04036423707,61391.172314425115,0.29349249061768445
714,w160032117,302.6253065098543,mfh,38132.472874110405,42369.414304567115,47665.591092638,r1,-267418.01468701585,-175259.6795600335,92158.33512698236,0.29349249061768445
715,w160032118,188.54685349911452,mfh,24193.179771566014,26881.31085729557,30241.474714457516,r1,-169663.58633066193,-186223.81246330307,-16560.22613264114,0.29349249061768445
716,w160032119,301.6826584111899,mfh,37828.96424629396,42032.182495882174,47286.20530786744,r1,-265289.54861666664,-269530.59011283744,-4241.041496170801,0.29349249061768445
717,w160032121,128.1140758719295,mfh,17251.90075647625,19168.778618306944,21564.87594559531,r1,-120985.30995105134,-130106.39014912484,-9121.080198073498,0.29349249061768445
718,w160032123,387.4767547928728,mfh,54442.01474559972,60491.1274951108,68052.51843199965,r2,-351451.1779980896,-397282.734321289,-45831.55632319942,0.2701668865598597
719,w160032125,297.0948597435839,mfh,31398.011390583837,34886.67932287093,39247.51423822979,r1,-220190.12244261955,-225746.09050149316,-5555.968058873608,0.29349249061768445
720,w160032126,464.2806208854541,mfh,50568.14004669606,56186.82227410674,63210.17505837008,r2,-326443.32638369413,-336399.499248175,-9956.172864480875,0.2701668865598597
721,w160032127,228.89082276217522,mfh,26202.43345212795,29113.81494680883,32753.041815159933,r1,-183754.2180091349,-210770.61601390762,-27016.398004772724,0.29349249061768445
722,w160032128,268.14993185095955,mfh,30473.596445371426,33859.55160596825,38091.99555671428,r1,-213707.32206898977,-287816.2766065737,-74108.95453758395,0.29349249061768445
723,w160032129,100.24086796883493,mfh,13847.774666178364,15386.416295753737,17309.718332722954,r1,-97112.62160437483,-110155.61855620885,-13042.996951834022,0.29349249061768445
724,w160032130,150.2635816658847,mfh,14029.486662093666,15588.318513437407,17536.858327617083,r1,-98386.94392154817,-102837.98207641275,-4451.038154864582,0.29349249061768445
725,w160032131,100.12314690686762,mfh,14135.939899488163,15706.599888320181,17669.924874360204,r1,-99133.48646797636,-112624.7517857464,-13491.265317770041,0.29349249061768445
726,w160032132,257.78643680289383,mfh,32040.0698986087,35600.07766512078,40050.087373260874,r1,-224692.79427551528,-242136.52955197147,-17443.735276456195,0.29349249061768445
727,w160032133,136.6476590367034,mfh,17304.298376071107,19226.998195634562,21630.372970088883,r1,-121352.76756264242,-129961.12333104244,-8608.355768400026,0.29349249061768445
728,w160032134,132.71697852164507,th,15243.003074861019,16936.67008317891,19053.753843576273,r1,-106897.17484634825,-125993.02878569285,-19095.853939344597,0.29349249061768445
729,w160032135,165.9338162511587,mfh,22655.11538553312,25172.350428370133,28318.8942319164,r1,-158877.34317429503,-173830.90574434202,-14953.562570046983,0.29349249061768445
730,w160032136,153.4784858365543,mfh,20651.507489251788,22946.119432501986,25814.384361564735,r1,-144826.30463809354,-171312.3384289382,-26486.033790844667,0.29349249061768445
731,w160032137,244.7570460377261,mfh,31882.694606522888,35425.21622946987,39853.368258153605,r1,-223589.1420600055,-229807.59203431115,-6218.449974305637,0.29349249061768445
732,w160032138,345.56507694348693,mfh,33660.554635708184,37400.61626189798,42075.693294635224,r1,-236057.04050880816,-236462.69776509676,-405.65725628859946,0.29349249061768445
733,w160032139,170.051029805094,mfh,20953.231302739754,23281.36811415528,26191.53912842469,r1,-146942.25404040806,-156351.6614648706,-9409.407424462523,0.29349249061768445
734,w160032140,210.13578363517297,mfh,25061.983224774885,27846.648027527648,31327.479030968607,r1,-175756.390628389,-201023.12041913669,-25266.72979074769,0.29349249061768445
735,w160032141,252.5825279586017,mfh,26752.030081941455,29724.477868823837,33440.03760242682,r1,-187608.466856531,-193243.49632475054,-5635.029468219524,0.29349249061768445
736,w160032142,252.46278136584442,mfh,34459.97295454553,38288.858838383916,43074.96619318191,r1,-241663.25598908085,-158380.59696782683,83282.65902125402,0.29349249061768445
737,w160032143,236.73276664549485,mfh,29576.02728282697,32862.25253647441,36970.03410353371,r1,-207412.78763676604,-212805.51351682396,-5392.725880057929,0.29349249061768445
738,w160032144,216.15235636769793,mfh,24178.437367510116,26864.93040834457,30223.046709387643,r1,-169560.1997908653,-184157.6152576559,-14597.415466790611,0.29349249061768445
739,w160032145,143.2480424195528,mfh,18000.89068230275,20000.989647003054,22501.113352878438,r1,-126237.87774665016,-82733.43150838529,43504.44623826488,0.29349249061768445
740,w160032146,425.3107569515705,mfh,43179.60460429989,47977.3384492221,53974.50575537486,r1,-302812.88539490197,-311099.0470221395,-8286.16162723751,0.29349249061768445
741,w160032147,237.48158785337583,mfh,32014.72814949744,35571.92016610827,40018.4101868718,r1,-224515.07592353734,-244561.85806957723,-20046.782146039885,0.29349249061768445
742,w160032148,183.97369813346305,th,23560.800292201195,26178.66699133466,29451.000365251493,r1,-165228.79225216503,-178109.82796007008,-12881.035707905045,0.29349249061768445
743,w160032149,343.71558685973287,mfh,34361.6584028396,38179.620447599555,42952.0730035495,r1,-240973.78897447523,-247324.55705092478,-6350.768076449545,0.29349249061768445
744,w160032150,136.78365420317277,mfh,19017.245100468906,21130.27233385434,23771.556375586133,r1,-133365.43754644747,-148032.9474835175,-14667.509937070019,0.29349249061768445
745,w160032151,156.68413198292254,mfh,18994.198311231074,21104.66479025675,23742.74788903884,r1,-133203.81344608456,-167811.67469443937,-34607.861248354806,0.29349249061768445
746,w160032152,131.687454425171,th,16816.435705141692,18684.928561268545,21020.544631427114,r1,-117931.45084577077,-77289.58839766291,40641.86244810786,0.29349249061768445
747,w160032153,131.7784823913127,mfh,14664.81319433541,16294.236882594898,18331.01649291926,r1,-102842.40529408935,-101930.31522540994,912.0900686794048,0.29349249061768445
748,w160032155,131.65618118494749,mfh,16155.971644692994,17951.079605214436,20194.96455586624,r1,-113299.70329558158,-119023.25330708484,-5723.550011503263,0.29349249061768445
749,w160032156,597.6746075108182,mfh,62825.58869422202,69806.20966024668,78531.98586777752,r2,-405571.45539497887,-434892.5142179052,-29321.05882292631,0.2701668865598597
750,w160032157,145.99030133634804,mfh,18497.65764028637,20552.95293365152,23122.072050357958,r1,-129721.63905698156,-203281.0256757171,-73559.38661873555,0.29349249061768445
751,w160032158,192.3817300193943,mfh,24447.84564861781,27164.27294290868,30559.807060772262,r1,-171449.52461676655,-177709.96942235046,-6260.444805583917,0.29349249061768445
752,w160032159,156.72131929650496,mfh,19753.449044420944,21948.276716023272,24691.81130552618,r1,-138528.33893357654,-142446.16180064235,-3917.8228670658136,0.29349249061768445
753,w160032160,462.61881872685626,other,21516.45961733097,23907.177352589966,26895.57452166371,nr1,-141008.33808420628,-186810.41186116368,-45802.073776957404,0.2934807803239085
754,w160032161,876.0951372385025,trade,41598.98809684389,46221.0978853821,51998.73512105486,nr1,-272619.39379636035,-178677.02116825414,93942.37262810621,0.2934807803239085
755,w160032162,197.75498196221892,mfh,21819.024375477275,24243.36041719697,27273.78046934659,r1,-153013.94693600392,-160848.3990704232,-7834.452134419291,0.29349249061768445
756,w160032163,355.37988740094,mfh,43004.925360010486,47783.25040001165,53756.1567000131,r1,-301587.8828394917,-303192.344158056,-1604.4613185643102,0.29349249061768445
757,w160032164,218.83437259588393,mfh,24626.450963512878,27362.723292792085,30783.063704391097,r1,-172702.06018873083,-185241.1760214092,-12539.115832678362,0.29349249061768445
758,w160032165,192.38173281145282,mfh,24614.11645560697,27349.018284007743,30767.645569508713,r1,-172615.55990779633,-177206.8640938846,-4591.304186088266,0.29349249061768445
759,w160032166,5513.669180350005,other,296885.1769801247,329872.41886680527,371106.47122515587,nr2,-1791079.8523572383,-2086372.6249240893,-295292.772566851,0.2701668865598597
760,w160032167,119.51807446111924,mfh,13433.338114289052,14925.931238098947,16791.672642861315,r1,-94206.23259871406,-101972.5048845181,-7766.272285804036,0.29349249061768445
761,w160032168,107.41719602905214,th,13873.999853026246,15415.555392251383,17342.499816282805,r1,-97296.53538895445,-63765.934522127616,33530.60086682683,0.29349249061768445
763,w160032170,37.81535124108195,sfh,4769.791538029326,5299.76837558814,5962.239422536657,r0,-41045.53555374308,-55229.07007827654,-14183.534524533461,0.3601370736400408
764,w160032171,82.13437312801835,th,9646.465808249995,10718.295342499994,12058.082260312494,r1,-67649.39540387921,-78667.53199879381,-11018.136594914598,0.29349249061768445
765,w160032172,100.39566505721304,th,14312.979822175337,15903.310913528152,17891.22477771917,r1,-100375.0441503655,-120735.08644036399,-20360.042289998484,0.29349249061768445
766,w160032173,119.7984774223063,mfh,12295.751901574888,13661.94655730543,15369.689876968609,r1,-86228.49017577551,-90615.9050436189,-4387.414867843385,0.29349249061768445
767,w160032174,119.65868240431882,mfh,13051.979082176204,14502.19898019578,16314.973852720253,r1,-91531.8118868116,-95012.3592539834,-3480.5473671718064,0.29349249061768445
768,w160032175,69.26172256879508,th,7386.415528105403,8207.128364561559,9233.019410131752,r1,-51799.96017306217,-70969.68015635436,-19169.719983292183,0.29349249061768445
769,w160032176,103.52918697646818,th,13372.589931875937,14858.433257639928,16715.73741484492,r1,-93780.2135888693,-108167.80949075881,-14387.595901889508,0.29349249061768445
770,w160032177,62.96843930834439,th,7111.322358229594,7901.469286921771,8889.152947786992,r1,-49870.76797026399,-32684.16611390551,17186.601856358477,0.29349249061768445
771,w160032178,300.84989367914386,mfh,31793.30178992664,35325.89087769627,39741.6272374083,r1,-222962.24199977683,-243395.7069341425,-20433.46493436568,0.29349249061768445
772,w160127708,318.335366258584,mfh,40928.439383668316,45476.04375963146,51160.54922958539,r1,-287025.7599173284,-313620.20072714286,-26594.440809814434,0.29349249061768445
773,w160127710,130.057766958978,mfh,19160.41845180246,21289.353835336067,23950.523064753073,r1,-134369.49342019335,-88062.7073199588,46306.786100234545,0.29349249061768445
774,w160127712,149.28690248169005,mfh,19893.976263748034,22104.41807083115,24867.470329685042,r1,-139513.83783174664,-157923.2636514945,-18409.42581974785,0.29349249061768445
775,w160127717,149.4986190713942,mfh,20018.073736971855,22242.30415219095,25022.59217121482,r1,-140384.11708236721,-158505.14363369855,-18121.026551331335,0.29349249061768445
776,w160127718,161.62649620659647,mfh,19998.168014560528,22220.18668284503,24997.710018200658,r1,-140244.52087034806,-158006.40402061015,-17761.88315026209,0.29349249061768445
777,w160127719,242.7560603125021,mfh,26016.569220877962,28907.299134308847,32520.71152609745,r1,-182450.7766119224,-192311.54159568605,-9860.764983763656,0.29349249061768445
778,w164087844,70.24407002975931,other,5531.1032271675895,6145.670252408432,6913.879033959486,nr1,-36248.14154866242,-67088.158575205,-30840.017026542584,0.2934807803239085
779,w164087850,88.49543042890728,other,9571.515035104732,10635.016705671924,11964.393793880914,nr1,-62727.021640725296,-111257.10169342044,-48530.08005269514,0.2934807803239085
780,w164087857,77.59434223277493,other,5732.685063821826,6369.65007091314,7165.856329777282,nr1,-37569.210176127526,-64478.26494610375,-26909.054769976225,0.2934807803239085
786,w164088149,49.229225591477004,other,5037.637509600219,5597.37501066691,6297.046887000274,nr1,-33014.20892344289,-62458.66414654861,-29444.455223105717,0.2934807803239085
788,w164088153,80.69597001839429,other,6314.859681225849,7016.51075691761,7893.574601532311,nr1,-41384.49748337706,-81208.54925511075,-39824.051771733684,0.2934807803239085
791,w164088159,54.065223559696456,other,5119.410322922457,5688.233692136064,6399.262903653072,nr1,-33550.10789158686,-58574.22301525699,-25024.115123670133,0.2934807803239085
793,w164088169,56.479432658094446,other,4565.7132450906565,5073.014716767396,5707.14155636332,nr0,-36688.72929118761,-63353.72200028699,-26664.99270909938,0.35985680727567104
795,w164088175,32.08830586867407,other,2825.594723491785,3139.54969276865,3531.993404364731,nr0,-22705.648456627892,-40049.81668806224,-17344.168231434345,0.35985680727567104
799,w164088182,35.81288355943252,other,2845.4381235960636,3161.597915106737,3556.7976544950793,nr0,-22865.104185790344,-40621.28942891065,-17756.185243120304,0.35985680727567104
800,w359788107,586.4023264580406,other,46109.15580262688,51232.39533625209,57636.4447532836,nr1,-302176.823967691,-387284.10611341405,-85107.28214572306,0.2934807803239085
801,w377595955,68.13203878551721,other,5269.498540512313,5854.998378347015,6586.873175640391,nr1,-34533.712560048174,-22633.682821256833,11900.029738791342,0.2934807803239085
802,w377595956,85.03076633159071,other,6722.920315991011,7469.911462212234,8403.650394988763,nr1,-44058.72702527971,-74974.24338576275,-30915.516360483038,0.2934807803239085
805,w377595969,38.68702136902139,other,3090.1691164444,3433.521240493778,3862.7113955555,nr0,-24831.690491978286,-41254.93514806731,-16423.24465608902,0.35985680727567104
814,w377595984,35.49371746703982,other,2841.029831970761,3156.699813300845,3551.287289963451,nr0,-22829.6804503529,-35182.100586038854,-12352.420135685956,0.35985680727567104
818,w377595990,36.364706988167015,other,2791.57936980043,3101.754855333811,3489.474212250537,nr0,-22432.31107507682,-33586.756060838816,-11154.444985761995,0.35985680727567104
819,w377595993,54.98309161569923,other,4220.0307815631595,4688.923090625733,5275.038476953949,nr0,-33910.92664694394,-50102.132887740845,-16191.206240796906,0.35985680727567104
823,w377596001,68.93592455182224,other,4836.798385703419,5374.220428559354,6045.997982129273,nr0,-38867.0897805371,-58028.38606471539,-19161.296284178294,0.35985680727567104
825,w377596004,35.535723760165276,other,2630.7606042728767,2923.067338080974,3288.450755341096,nr0,-21140.01875695376,-36041.181568103435,-14901.162811149676,0.35985680727567104
827,w377596008,41.66994294051546,other,3243.63691899437,3604.041021104855,4054.546148742962,nr0,-26064.912632839543,-42129.24877245903,-16064.336139619489,0.35985680727567104
831,w377596012,33.714099188242116,other,2925.7385905314077,3250.8206561460083,3657.1732381642596,nr0,-23510.375129276483,-38240.944972457204,-14730.569843180721,0.35985680727567104
836,w377596021,41.97082374822348,other,3488.321395519886,3875.9126616887625,4360.401744399857,nr0,-28031.125147533367,-41889.33615223355,-13858.21100470018,0.35985680727567104
838,w377596023,32.13139781658538,other,2490.0711216668888,2766.7456907409874,3112.5889020836107,nr0,-20009.479438261646,-34144.1585214379,-14134.679083176256,0.35985680727567104
844,w377596038,30.39147779517807,other,2398.685899783123,2665.2065553145812,2998.357374728904,nr0,-19275.134662992696,-12633.083788503658,6642.050874489038,0.35985680727567104
847,w377596043,50.74534401865676,other,3919.317771017566,4354.797523352851,4899.1472137719575,nr0,-31494.485305581016,-47005.80075283657,-15511.315447255554,0.35985680727567104
848,w377596044,31.44567816138733,other,2904.869813374752,3227.633125971947,3631.08726671844,nr0,-23342.679771587973,-35639.35500527436,-12296.675233686386,0.35985680727567104
861,w377596072,32.00744857888203,other,2718.9974702297686,3021.108300255298,3398.7468377872106,nr0,-21849.064269629383,-36591.98414671058,-14742.919877081196,0.35985680727567104
863,w377596074,30.798605113010854,other,2855.316162411527,3172.5735137905854,3569.1452030144083,nr0,-22944.4812015103,-37491.93118457601,-14547.449983065708,0.35985680727567104
877,w377596096,31.32093481458723,other,2660.043472138398,2955.603857931553,3325.0543401729974,nr0,-21375.327273786905,-33027.10618509129,-11651.778911304384,0.35985680727567104
882,w377596101,34.10184732507914,other,2734.2308274665847,3038.0342527406497,3417.788534333231,nr0,-21971.475049688448,-35237.56852869485,-13266.093479006402,0.35985680727567104
886,w377596106,35.077698366669935,other,2779.2898943774467,3088.099882641607,3474.112367971808,nr0,-22333.556463755278,-35020.9041018083,-12687.347638053023,0.35985680727567104
893,w377596115,40.14825235735625,other,3192.6172371227067,3547.352485691896,3990.771546403383,nr0,-25654.93346940331,-42057.03381650009,-16402.100347096777,0.35985680727567104
895,w377596117,32.339281557500364,other,2797.665055321845,3108.5167281353833,3497.081319152306,nr0,-22481.213854699825,-36213.361047264596,-13732.147192564771,0.35985680727567104
899,w377596123,32.752713098051025,other,2913.410473739367,3237.1227485992963,3641.7630921742084,nr0,-23411.310007273984,-39009.51725212486,-15598.207244850877,0.35985680727567104
901,w377596125,37.63718191203661,other,2922.0877489035165,3246.7641654483514,3652.6096861293954,nr0,-23481.03803932351,-37840.8961453732,-14359.858106049687,0.35985680727567104
909,w377596135,73.15242530554532,other,5088.204744337678,5653.560827041864,6360.255930422097,nr1,-33345.60181328893,-54936.36554030505,-21590.76372701612,0.2934807803239085
916,w377596142,40.572792674647644,other,3113.8461841117532,3459.8290934575034,3892.3077301396916,nr0,-25021.95244655695,-41057.000158146955,-16035.047711590007,0.35985680727567104
917,w377596143,37.61386710904771,other,2745.329396719578,3050.3659963550867,3431.6617458994724,nr0,-22060.659889161314,-36704.82440398329,-14644.16451482198,0.35985680727567104
918,w377596145,32.806498026452026,other,2693.449218590027,2992.721353988919,3366.811523237534,nr0,-21643.76603078763,-32901.16413730109,-11257.398106513465,0.35985680727567104
919,w377596147,34.850180151499806,other,2595.9189583634725,2884.354398181636,3244.8986979543406,nr0,-20860.041534073185,-13671.844951494482,7188.196582578703,0.35985680727567104
929,w377596159,36.51154847629368,other,2488.2164818409556,2764.684979823284,3110.2706023011942,nr0,-19994.57609789539,-33605.25417191736,-13610.67807402197,0.35985680727567104
931,w377596161,32.13265920560807,other,2649.7963962137605,2944.2182180152895,3312.2454952672006,nr0,-21292.98478435669,-35204.245787123895,-13911.261002767205,0.35985680727567104
934,w377596166,38.724472055921794,other,2981.905002903568,3313.227781003964,3727.38125362946,nr0,-23961.711905845874,-15704.705545000703,8257.006360845171,0.35985680727567104
935,w377596167,41.94859704792034,other,3114.8432704850466,3460.9369672056073,3893.554088106308,nr0,-25029.964739503517,-42919.18583427053,-17889.221094767014,0.35985680727567104
936,w377596168,31.29673577034846,other,2563.979256552608,2848.865840614009,3204.97407069076,nr0,-20603.383480779958,-33489.782132195636,-12886.398651415679,0.35985680727567104
937,w377596169,36.7579496475868,other,3082.2442820121273,3424.7158689023636,3852.805352515159,nr0,-24768.008852428153,-37664.380735906365,-12896.371883478212,0.35985680727567104
940,w379327852,945.496160332486,other,38030.77627777757,42256.41808641952,47538.47034722196,nr1,-249235.08115908556,-422042.7914216095,-172807.71026252396,0.2934807803239085
941,w379327862,94.51021252730861,other,9084.066665311519,10093.407405901688,11355.083331639398,nr1,-59532.52376566443,-100765.02505323455,-41232.50128757012,0.2934807803239085
942,w387435839,3594.435384737421,other,196483.33588232234,218314.8176470248,245604.1698529029,nr2,-1185365.1563288625,-1466555.2860009505,-281190.12967208796,0.2701668865598597
943,w387435840,942.2609318409114,other,56823.35165188755,63137.05739098616,71029.18956485944,nr2,-342809.8409033052,-497819.42193803994,-155009.58103473473,0.2701668865598597
944,w390787314,132.5826213063672,other,9844.203167691367,10938.003519657073,12305.253959614207,nr1,-64514.08610556668,-93951.21584150758,-29437.1297359409,0.2934807803239085
945,w390787315,330.5195846647024,other,28537.57339615315,31708.414884614613,35671.966745191436,nr1,-187021.27901684874,-242917.88898118932,-55896.609964340576,0.2934807803239085
946,w390787316,150.59577141329646,other,12304.720854223664,13671.912060248515,15380.90106777958,nr1,-80639.113920331,-52851.54685544826,27787.567064882744,0.2934807803239085
947,w390789514,104.66224040389062,trade,10397.319493968453,11552.577215520503,12996.649367460564,nr1,-68138.93960482691,-171952.11932531447,-103813.17972048756,0.2934807803239085
948,w390789515,335.6007874913513,trade,25636.797863414322,28485.330959349245,32045.997329267902,nr1,-168011.01690581985,-191637.9943338286,-23626.977428008744,0.2934807803239085
949,w390790006,38.98714106846601,trade,2776.3285059702725,3084.8094510780807,3470.4106324628406,nr0,-22309.75961718072,-55603.067399459425,-33293.3077822787,0.35985680727567104
950,w390793102,268.1788772383239,sfh,30059.790808766775,33399.76756529642,37574.738510958465,r1,-210805.3575892028,-216806.89795161018,-6001.540362407395,0.29349249061768445
951,w390793103,629.0808588726446,th,87553.79058492262,97281.98953880291,109442.23823115327,r2,-565204.7041803527,-589974.1003430792,-24769.39616272645,0.2701668865598597
952,w390793104,761.76513240356,mfh,80676.55852455663,89640.6205828407,100845.69815569579,r2,-520808.63764467766,-510021.5675993668,10787.07004531083,0.2701668865598597
953,w390793105,324.12222724705936,th,47118.253767594215,52353.615297326905,58897.817209492765,r1,-330434.113718438,-370826.4025210476,-40392.288802609604,0.29349249061768445
954,w390793106,1475.9963392082602,mfh,145242.0290743921,161380.03230488012,181552.53634299012,r2,-937611.9243851758,-801696.3252984084,135915.5990867674,0.2701668865598597
955,w390793107,895.6360460046678,mfh,90245.7910168643,100273.10112984922,112807.23877108037,r2,-582582.9501434808,-381811.6041239271,200771.34601955366,0.2701668865598597
956,w390793108,286.70933025064875,mfh,25575.074405456515,28416.749339396127,31968.843006820643,r1,-179354.63156451393,-172904.19075015464,6450.440814359288,0.29349249061768445
957,w390793793,117.72837251536548,mfh,12242.925925452717,13603.251028280796,15303.657406815895,r1,-85858.02855622278,-96951.75503584991,-11093.726479627134,0.29349249061768445
958,w390794364,96.81251710766227,sfh,13040.642047928714,14489.602275476347,16300.802559910891,r1,-91452.30675739312,-133889.86061553375,-42437.55385814063,0.29349249061768445
959,w475684695,267.0884538785554,mfh,32327.72471892473,35919.69413213859,40409.65589865591,r1,-226710.07967995305,-242443.9338425297,-15733.854162576637,0.29349249061768445
960,w620369477,3702.806372543797,other,329831.05954184383,366478.95504649315,412288.8244273048,nr2,-1989839.2079931486,-1304157.1890281292,685682.0189650194,0.2701668865598597
961,w620369478,20480.360502976928,other,1687025.1117225294,1874472.3463583658,2108781.3896531616,nr2,-10177661.002688674,-6670523.784449108,3507137.2182395663,0.2701668865598597
962,w993163452,1412.2592688187956,other,69902.24125333331,77669.15694814813,87377.80156666663,nr2,-421713.52984673245,-573885.6884510177,-152172.15860428527,0.2701668865598597
963,w993163453,1066.3710880815981,other,51293.74656664398,56993.051740715535,64117.183208304974,nr2,-309450.2627646671,-415845.02586243005,-106394.76309776295,0.2701668865598597
964,w993163454,1257.084109787643,other,59883.17288306017,66536.85875895574,74853.96610382521,nr2,-361269.44947896374,-472664.37247867853,-111394.92299971479,0.2701668865598597
965,w993163455,1355.0658122852444,mfh,137933.86271477625,153259.84746086248,172417.3283934703,r2,-890433.9555297781,-583570.1454076318,306863.8101221464,0.2701668865598597
966,w993163456,1286.649396429956,mfh,130250.32129646631,144722.5792182959,162812.90162058288,r2,-840832.7477993021,-812724.6592556789,28108.08854362322,0.2701668865598597
967,w993163457,923.1744978809729,ab,96260.7750734298,106956.41674825533,120325.96884178725,r2,-621412.7627835526,-603663.2819469034,17749.480836649192,0.2701668865598597
968,w993163458,923.3917086940259,ab,96786.7143031862,107540.7936702069,120983.39287898275,r2,-624807.9707441148,-602246.7754969535,22561.19524716132,0.2701668865598597
969,w993163460,1313.604391914094,ab,125644.15428679457,139604.6158742162,157055.1928584932,r2,-811097.5730602755,-793348.9839312244,17748.589129051077,0.2701668865598597
970,w993163461,1099.8535498690792,ab,118342.74284405124,131491.93649339027,147928.42855506405,r2,-763963.2106640293,-750929.9390352928,13033.271628736518,0.2701668865598597
971,w993164648,226.1375619597733,ab,25333.36690212359,28148.18544680399,31666.708627654487,r1,-177659.56864820013,-227846.13586486995,-50186.56721666982,0.29349249061768445
972,w993164649,158.37299746889622,other,12554.80104281894,13949.778936465487,15693.501303523673,nr1,-82278.01699308379,-124993.45163186209,-42715.4346387783,0.2934807803239085
973,w993164650,163.5844805765897,other,11822.83966197053,13136.48851330059,14778.549577463164,nr1,-77481.10060019733,-114998.78770332315,-37517.68710312582,0.2934807803239085
974,w993164651,162.24389737509188,other,11008.365752407117,12231.517502674575,13760.457190508896,nr1,-72143.4375067776,-107913.81004469808,-35770.372537920484,0.2934807803239085
975,w993164652,173.63842588849366,other,12537.52789010725,13930.586544563612,15671.909862634062,nr1,-82164.81721018882,-122855.20118429221,-40690.38397410339,0.2934807803239085
976,w1006795433,259.34726619906723,mfh,31206.31317629144,34673.68130699049,39007.8914703643,r1,-218845.76808998268,-222063.96386707562,-3218.195777092944,0.29349249061768445
977,w1006849999,188.95288848243652,other,12692.659037467965,14102.954486075516,15865.823796834957,nr1,-83181.47077046185,-124457.94831737761,-41276.47754691576,0.2934807803239085
978,w1007159125,240.08975319266318,education,18188.745430473453,20209.717144970502,22735.931788091813,nr1,-119200.12913843451,-168216.46380125076,-49016.334662816254,0.2934807803239085
979,w1007160095,265.99824453517795,sfh,29700.45869061807,33000.5096562423,37125.57336327258,r1,-208285.40872656685,-224325.2986987438,-16039.889972176956,0.29349249061768445
980,w1007176059,713.9090096209663,trade,44584.74507920726,49538.60564356363,55730.93134900908,nr1,-292186.58270634507,-402688.58932040905,-110502.00661406398,0.2934807803239085
981,w1029411791,412.32884333096445,trade,24243.8769969841,26937.64110776011,30304.846246230125,nr1,-158882.49576659247,-232810.78073044843,-73928.28496385596,0.2934807803239085
982,w1030080397,647.4037659055554,other,30520.396752890152,33911.551947655724,38150.49594111269,nr1,-200015.73215740288,-306574.341803925,-106558.60964652212,0.2934807803239085
983,w1030080398,123.65970464986749,other,6312.042173885407,7013.380193206007,7890.052717356758,nr1,-41366.03292021556,-64193.47772008894,-22827.444799873374,0.2934807803239085
984,w1030080399,86.80603968682699,other,6773.282403048039,7525.869336720043,8466.603003810047,nr1,-44388.77547770464,-72343.71396167291,-27954.938483968268,0.2934807803239085
985,w1036126248,1409.4026292502879,trade,62527.62490135226,69475.13877928029,78159.53112669032,nr2,-377223.1753559733,-544871.9675767492,-167648.79222077585,0.2701668865598597
986,w1036126249,536.9865712554193,mfh,58786.42745363585,65318.25272626206,73483.0343170448,r2,-379496.5942282554,-389984.52694364684,-10487.93271539145,0.2701668865598597
987,w1036126250,784.2879224468953,mfh,83022.8157791949,92247.57308799434,103778.51972399362,r2,-535954.9337522411,-512881.97436468536,23072.95938755572,0.2701668865598597
988,w1036126251,422.468481163308,mfh,52845.09736255475,58716.77484728305,66056.37170319344,r2,-341142.25577948004,-367045.7884245899,-25903.532645109866,0.2701668865598597
989,w1036680208,878.3984476357698,mfh,87023.10356131091,96692.33729034546,108778.87945163864,r2,-561778.846770994,-560585.893266565,1192.953504428966,0.2701668865598597
990,w1075387093,82.43980132825672,other,6640.5639729472905,7378.404414385878,8300.704966184112,nr1,-43519.00388914007,-70006.47054608782,-26487.46665694775,0.2934807803239085
991,w1075387094,82.56877346616238,other,5523.9930738652965,6137.770082072551,6904.99134233162,nr1,-36201.54508630238,-48467.35569202113,-12265.810605718747,0.2934807803239085
992,w1075387095,130.11354850369972,other,4922.185612555075,5469.095125061194,6152.732015693843,nr0,-39553.2364311736,-50144.360392597,-10591.1239614234,0.35985680727567104
993,w1075387096,86.78853361294604,other,5651.038189360073,6278.931321511192,7063.797736700091,nr1,-37034.13654959334,-50513.71380096959,-13479.57725137625,0.2934807803239085
994,w1075387097,130.27800867820625,other,5001.394598025604,5557.105108917338,6251.743247532005,nr1,-32776.69063189492,-46233.3164389874,-13456.625807092481,0.2934807803239085
995,w1075387098,130.18280181584413,other,4914.504272727153,5460.56030303017,6143.1303409089405,nr0,-39491.51144267519,-49973.73286156779,-10482.221418892601,0.35985680727567104
996,w1075387099,86.85200681062415,other,7574.079042728552,8415.643380809503,9467.598803410689,nr1,-49636.80444311178,-76788.6388866632,-27151.834443551423,0.2934807803239085
997,w1107949539,145.45949292609,other,7234.128086910359,8037.920096567066,9042.660108637949,nr1,-47408.93237853432,-31072.209119837014,16336.723258697308,0.2934807803239085
998,w1107949540,113.13991883732378,other,8157.082843669978,9063.42538185553,10196.353554587471,nr1,-53457.52581315116,-79147.6041036112,-25690.078290460042,0.2934807803239085
999,w1108636740,113.13954655230044,other,8437.78627390423,9375.318082115811,10547.232842380286,nr1,-55297.11861307378,-81142.57873213917,-25845.460119065392,0.2934807803239085
1000,w1108636741,169.70950587596744,other,6388.827258846157,7098.696954273508,7986.034073557696,nr1,-41869.244759548514,-57713.25180458899,-15844.007045040475,0.2934807803239085
1001,w1108636742,113.35190696045755,other,7307.257952288273,8119.1755025425255,9134.072440360342,nr1,-47888.18969896056,-64157.17786715358,-16268.98816819302,0.2934807803239085
1002,w1108636743,97.02220907397567,other,8465.714383767012,9406.34931529668,10582.142979708764,nr1,-55480.145766593596,-80858.38050581422,-25378.23473922062,0.2934807803239085
1003,w1108636744,97.02139693088829,other,6248.685707876577,6942.984119862863,7810.857134845721,nr1,-40950.82567247683,-56388.35081119461,-15437.525138717778,0.2934807803239085
1004,w1108636745,97.02220705058426,other,6051.606396825816,6724.00710758424,7564.507996032269,nr1,-39659.26439258746,-53630.376699847235,-13971.112307259777,0.2934807803239085
1005,w1108636746,96.97299731615931,other,6049.968200571248,6722.186889523609,7562.46025071406,nr1,-39648.5284566844,-53604.16355085324,-13955.635094168843,0.2934807803239085
1006,w1108636747,96.97299630921333,other,6204.737122419419,6894.152358243799,7755.921403024274,nr1,-40662.808168357624,-55649.60790880315,-14986.799740445524,0.2934807803239085
1007,w1108636748,93.15071205198764,other,7049.813241953456,7833.125824392729,8812.266552441819,nr1,-46201.02315769359,-67577.43646144678,-21376.413303753186,0.2934807803239085
1008,w1108636749,139.88183319568634,other,5418.6318681190805,6020.702075687867,6773.28983514885,nr1,-35511.059347242626,-50610.89041058315,-15099.831063340527,0.2934807803239085
1009,w1108636750,139.7263257611543,other,5255.293421448891,5839.2149127209905,6569.116776811114,nr1,-34440.61916703438,-48712.81659716115,-14272.19743012677,0.2934807803239085
1010,w1108636751,139.8837134392932,other,5137.657930030147,5708.508811144608,6422.072412537684,nr1,-33669.69377132871,-46304.439410774256,-12634.745639445544,0.2934807803239085
1011,w1108636752,93.1510556358844,other,5632.758798770266,6258.620887522518,7040.9484984628325,nr1,-36914.342376476474,-50359.56235599046,-13445.21997951399,0.2934807803239085
1012,w1108636753,93.25489941500128,other,5561.032789158997,6178.925321287774,6951.290986448746,nr1,-36444.28523916981,-50246.43597086906,-13802.15073169925,0.2934807803239085
1013,w1108636754,139.72684112749994,other,6793.787494520834,7548.652771689815,8492.234368151043,nr1,-44523.15580431351,-71072.85533670109,-26549.69953238758,0.2934807803239085
1014,w1159236388,245.9913005110109,other,17161.798074090097,19068.664526766774,21452.24759261262,nr1,-112470.01913897406,-194134.67060799123,-81664.65146901716,0.2934807803239085
1015,w1159236389,122.96537718712352,other,11214.556910810714,12460.618789789682,14018.19613851339,nr1,-73494.71337145237,-130879.64882359482,-57384.935452142454,0.2934807803239085
1016,w1159236390,245.9301320978673,other,9422.640053648083,10469.600059608982,11778.300067060103,nr1,-61751.367927666935,-135122.90967827587,-73371.54175060894,0.2934807803239085
1017,w1219742100,99.15745026543736,other,6796.05397685548,7551.171085394977,8495.06747106935,nr1,-44538.00921946588,-70918.86511489163,-26380.855895425746,0.2934807803239085
1018,w1219742101,534.7382739499211,other,26665.5596979286,29628.399664365108,33331.94962241074,nr1,-174753.01810626232,-261034.85391830376,-86281.83581204145,0.2934807803239085
1019,w1219742102,331.85329187787136,other,16686.177045042114,18540.19671671346,20857.72130630264,nr1,-109353.03186240856,-161552.00860568928,-52198.97674328071,0.2934807803239085
1020,w1219742103,321.63751182574777,other,17114.566871985295,19016.185413316995,21393.208589981616,nr1,-112160.48897309338,-168043.9804725547,-55883.49149946131,0.2934807803239085
1021,w1219742104,906.7466930493712,other,37559.58202112246,41732.868912358295,46949.477526403076,nr1,-246147.10478065565,-377508.0536591937,-131360.94887853804,0.2934807803239085
1022,w1219742105,1260.638449399173,ab,128554.44727096538,142838.2747455171,160693.0590887067,r2,-829885.0096087928,-832282.1307554903,-2397.1211466974346,0.2701668865598597
1023,w1219929093,501.3837405549362,other,33138.81990165809,36820.91100184232,41423.52487707261,nr1,-217175.59503333736,-322030.2409111832,-104854.64587784582,0.2934807803239085
1024,w1242595698,177.05818741209805,other,9156.077890481276,10173.419878312528,11445.097363101595,nr1,-60004.45006604965,-93664.65477438662,-33660.204708336976,0.2934807803239085
1025,w1242595699,175.70056665593293,other,9159.768067274865,10177.52007474985,11449.71008409358,nr1,-60028.63367739441,-93289.3669925956,-33260.73331520119,0.2934807803239085
