,full_id,NFA,building_usage,yearly_demand_useful_renovated,yearly_demand_delivered_renovated,yearly_demand_delivered_renovated_DH,consumer_size_renovated,npv_Gas_25years_ir_0.05,npv_DH_25years_ir_0.05,savings_npv_25years_ir_0.05,operator_selling_price
0,w24853838,27974.42320393324,trade,1197392.8826751309,1330436.536305701,1496741.1033439136,nr2,-8229336.395660797,-4380484.735508092,3848851.6601527054,0.13133183977418697
1,w24853840,937.1926232803613,trade,88019.54120636193,97799.49022929103,110024.4265079524,nr2,-604932.9543036908,-381947.1717924896,222985.78251120122,0.13133183977418697
2,w24853841,8998.296452549099,trade,370411.49455784855,411568.3272864984,463014.36819731066,nr2,-2545731.5118876016,-1627384.2470556921,918347.2648319094,0.13133183977418697
3,w25538793,404.8852469230536,trade,30724.044681390333,34137.827423767034,38405.05585173791,nr1,-229379.22362642168,-172734.41554661805,56644.808079803624,0.14266504422170564
4,w27689586,5481.69515059907,office,239232.2588022705,265813.6208914117,299040.3235028381,nr2,-1644174.408302216,-459828.6648688983,1184345.7434333179,0.13133183977418697
5,w28994179,16672.165487814695,other,602602.7887910821,669558.6542123135,753253.4859888526,nr2,-4141515.398726986,-1158263.6773291554,2983251.72139783,0.13133183977418697
6,w28994181,2845.002712316811,trade,324149.90597616514,360166.56219573907,405187.3824702064,nr2,-2227788.9383642026,-623048.9952677917,1604739.943096411,0.13133183977418697
7,w29249266,23411.247439788887,trade,2697249.5326306587,2996943.9251451762,3371561.915788323,nr2,-18537419.144722603,-5184387.162572929,13353031.982149675,0.13133183977418697
8,w30213059,1747.46707642246,ab,186541.77691087977,207268.64101208863,233177.2211385997,r2,-1371856.3345542343,-618975.5649654118,752880.7695888225,0.13133183977418697
9,w50930444,8762.936898044496,other,330222.16830016905,366913.5203335212,412777.7103752113,nr2,-2269521.848313762,-1532967.5807256529,736554.267588109,0.13133183977418697
10,w50930445,4934.112452852726,other,202146.16980193532,224606.85533548368,252682.71225241915,nr2,-1389292.4005677695,-1027659.3205299455,361633.080037824,0.13133183977418697
11,w50930458,1974.6456010334193,other,60554.61203303029,67282.90225892254,75693.26504128786,nr2,-416174.4068623612,-491448.51997346204,-75274.11311110086,0.13133183977418697
12,w50930471,4724.4749339554455,other,258143.60911438576,286826.2323493175,322679.5113929822,nr2,-1774146.6719312503,-1122223.779392548,651922.8925387023,0.13133183977418697
13,w50930472,9715.957844087014,other,1058464.4972369291,1176071.663596588,1323080.6215461614,nr2,-7274521.618306575,-2034476.1154383563,5240045.502868219,0.13133183977418697
14,w50930478,6019.835157379508,trade,680901.6527717811,756557.3919686456,851127.0659647263,nr2,-4679640.938320726,-1308762.0351394797,3370878.9031812465,0.13133183977418697
15,w50930479,4489.048651921749,other,185541.01142931575,206156.6793659064,231926.26428664467,nr2,-1275169.929882778,-840707.1044482206,434462.8254345575,0.13133183977418697
16,w50930480,4441.97852948606,other,168700.98991545063,187445.54435050068,210876.23739431327,nr2,-1159433.3124760082,-786745.1634922988,372688.1489837094,0.13133183977418697
17,w50930481,1370.623297881335,other,62080.660377160784,68978.51153017864,77600.82547145098,nr2,-426662.4975814525,-341647.1042862921,85015.39329516038,0.13133183977418697
18,w50930482,1573.369959426485,other,63379.87619939754,70422.08466599727,79224.84524924692,nr2,-435591.63371249806,-335529.825145635,100061.80856686307,0.13133183977418697
19,w50930483,704.9254127380437,other,45123.70064816985,50137.445164633165,56404.62581021231,nr1,-336884.0115018307,-232299.64558212835,104584.36591970237,0.14266504422170564
20,w50930486,509.32494937628496,trade,30466.044901173256,33851.16100130362,38082.55612646657,nr1,-227453.05179925254,-164704.52865658235,62748.523142670194,0.14266504422170564
21,w98916060,2713.01504517002,other,226605.19701500298,251783.55223889218,283256.4962687537,nr2,-1557392.2496308994,-435558.17144996807,1121834.0781809313,0.13133183977418697
22,w98916062,151.14776481509907,trade,11092.043274505519,12324.492527228354,13865.054093131897,nr1,-82810.85062598645,-69652.19345118143,13158.65717480502,0.14266504422170564
23,w98916065,222.67857759937178,other,20948.500685227787,23276.111872475318,26185.625856534734,nr1,-156397.07835165368,-112535.92322524817,43861.1551264055,0.14266504422170564
24,w98916067,43210.64675020873,trade,3034378.024269405,3371531.1380771166,3792972.530336756,nr2,-20854406.164103176,-5832382.315800311,15022023.848302865,0.13133183977418697
25,w98916074,4745.314506876469,trade,491122.8611791089,545692.0679767877,613903.5764738861,nr2,-3375345.9659897215,-943987.9499245842,2431358.0160651375,0.13133183977418697
26,w98916075,67.06430839556852,sfh,8538.96409194254,9487.737879936156,10673.705114928174,r1,-68218.56610753013,-56407.162748751536,11811.403358778596,0.14267073675658834
27,w98916076,98.82164086105185,sfh,13728.213996145805,15253.571106828673,17160.267495182256,r1,-109675.95881075348,-75844.81376707018,33831.1450436833,0.14267073675658834
28,w98916079,3334.9361924076916,trade,133751.88480733606,148613.2053414845,167189.85600917006,nr2,-919238.1795139444,-742785.3243672275,176452.85514671693,0.13133183977418697
29,w98916080,2976.303781049745,other,104082.21116258297,115646.90129175886,130102.76395322871,nr2,-715327.0583565714,-547957.2013594856,167369.85699708574,0.13133183977418697
30,w98916086,294.4025758753764,other,20686.516731325537,22985.018590361706,25858.14591415692,nr1,-154441.16152586293,-133874.7593497464,20566.402176116535,0.14266504422170564
31,w98916091,1116.7099465291947,trade,65522.69205707044,72802.99117452271,81903.36507133805,nr2,-450318.58990364405,-125941.25958623737,324377.3303174067,0.13133183977418697
32,w98916094,150.05011938810347,trade,13612.2294499376,15124.699388819556,17015.286812422,nr1,-101626.02793448698,-93683.84807676794,7942.179857719035,0.14266504422170564
33,w98916098,15131.85493721813,trade,1389797.224493673,1544219.1383263033,1737246.5306170913,nr2,-9551676.018452823,-2671331.2217046246,6880344.796748199,0.13133183977418697
34,w98916102,1892.1415951219387,trade,73425.17962658805,81583.53291843117,91781.47453323506,nr2,-504630.1108029482,-444628.68278649944,60001.42801644874,0.13133183977418697
35,w98916109,81.43322088830173,sfh,9629.8057932929,10699.784214769888,12037.257241616126,r1,-76933.40035617624,-64236.232316438516,12697.16803973772,0.14267073675658834
36,w98916113,559.2398283889517,trade,50271.6825643969,55857.425071552105,62839.60320549612,nr2,-345502.79443287867,-250431.54572568182,95071.24870719685,0.13133183977418697
37,w98916116,6987.1012714248145,other,358101.17313169746,397890.1923685527,447626.4664146218,nr2,-2461126.2184870113,-1467902.1701183135,993224.0483686978,0.13133183977418697
38,w98916121,458.57296650111675,other,22475.134293848154,24972.371437609057,28093.917867310192,nr1,-167794.6021978368,-127795.2648155449,39999.337382291895,0.14266504422170564
39,w98916126,1235.1179318586364,trade,54455.49615433791,60506.10683815323,68069.37019292239,nr2,-374256.9401660993,-297704.30570196465,76552.63446413464,0.13133183977418697
40,w99055014,379.03616306802724,mfh,51250.231128429565,56944.70125381063,64062.788910536954,r2,-376901.9218386361,-211670.17544295828,165231.74639567782,0.13133183977418697
41,w99055018,363.825429549627,mfh,39011.950831555296,43346.61203506144,48764.93853944412,r1,-311670.04781030037,-164384.4907846286,147285.55702567176,0.14267073675658834
42,w99055022,32.828185592684896,sfh,3912.1656857345315,4346.850761927257,4890.207107168164,r0,-38351.77567792155,-29536.246397867762,8815.529280053786,0.175067585277735
43,w99055023,57.57688737055287,sfh,7638.842228320924,8487.602475912137,9548.552785401154,r1,-61027.410108145275,-42385.87114991781,18641.538958227466,0.14267073675658834
44,w99055025,2922.078992408514,trade,131771.14343422168,146412.38159357963,164713.9292927771,nr2,-905625.1145725988,-607553.7915202874,298071.32305231143,0.13133183977418697
45,w99055028,168.94065034445376,ab,18863.996140229203,20959.99571136578,23579.9951752865,r1,-150706.1926819353,-85537.51428753015,65168.67839440514,0.14267073675658834
46,w99055030,502.22660109587014,other,33719.73290267432,37466.369891860355,42149.66612834289,nr1,-251744.3987051165,-189712.95175187872,62031.446953237784,0.14266504422170564
47,w99055036,2513.4158389533286,other,94056.81089942587,104507.56766602874,117571.01362428232,nr2,-646425.3699797831,-505390.9028399413,141034.46713984176,0.13133183977418697
48,w99055038,337.97397138923407,other,24561.514626422148,27290.57180713572,30701.893283027683,nr1,-183371.07677460802,-148823.73783738064,34547.33893722738,0.14266504422170564
49,w99055039,2475.299022556655,other,95255.37369289662,105839.30410321847,119069.21711612078,nr2,-654662.746835371,-453275.3927189668,201387.3541164042,0.13133183977418697
50,w99055040,101.95110847079195,trade,7536.8851086504455,8374.316787389384,9421.106385813056,nr1,-56268.791193072364,-57618.55247652004,-1349.761283447675,0.14266504422170564
51,w99055041,189.90211718752977,ab,21595.11692946048,23994.5743660672,26993.8961618256,r1,-172525.36677632353,-109664.68031975215,62860.68645657138,0.14267073675658834
52,w99055043,190.2007592998445,sfh,29155.98911223378,32395.543458037533,36444.98639029222,r1,-232929.86705028682,-141818.84289259303,91111.02415769378,0.14267073675658834
53,w99055048,47.74609960326925,sfh,5769.180841789516,6410.2009353216845,7211.476052236895,r1,-46090.5140722265,-41246.167739592885,4844.346332633613,0.14267073675658834
54,w99055050,194.95880112051967,trade,16984.909900636445,18872.122111818273,21231.137375795555,nr1,-126805.74731531114,-105340.268191877,21465.47912343414,0.14266504422170564
55,w99055053,122.33706042193808,ab,14174.508663259385,15749.454070288204,17718.13582907423,r1,-113241.44777687464,-86771.48366336516,26469.964113509486,0.14267073675658834
56,w99055057,303.91877080444243,ab,36040.58788819037,40045.09765354486,45050.73486023796,r1,-287931.5571457621,-160193.51504509186,127738.04210067022,0.14267073675658834
57,w99055067,194.8848727118224,sfh,21931.666176569037,24368.517973965598,27414.582720711296,r1,-175214.08953181314,-105837.4920991909,69376.59743262223,0.14267073675658834
58,w99055068,348.37368724122643,ab,40200.04013772175,44666.71126413528,50250.05017215219,r1,-321161.80207951507,-222573.2756806571,98588.52639885797,0.14267073675658834
59,w99055094,263.70872883694244,other,16614.595860209945,18460.66206689994,20768.24482526243,nr1,-124041.06096063844,-112010.07122417186,12030.989736466581,0.14266504422170564
60,w99055100,85.6876405166462,sfh,12089.433153049305,13432.703503388117,15111.79144131163,r1,-96583.58857979962,-68630.95612193749,27952.632457862128,0.14267073675658834
61,w99055110,94.65369866762775,sfh,12604.978915374657,14005.532128194063,15756.22364421832,r1,-100702.33088740992,-82001.01839715631,18701.312490253607,0.14267073675658834
62,w99055113,801.3236896117684,education,39333.930829421224,43704.367588245805,49167.41353677653,nr1,-293658.8137854424,-220304.49743123262,73354.31635420976,0.14266504422170564
63,w99055118,54.3237798044458,other,6219.479772060365,6910.533080067072,7774.349715075456,nr1,-46433.32140248934,-41058.35260322742,5374.968799261922,0.14266504422170564
64,w99055131,500.74276516167447,th,69240.53713621371,76933.93015134857,86550.67142026713,r2,-509205.3429062861,-306814.53220633755,202390.81069994858,0.13133183977418697
65,w99055135,663.0715527065098,ab,68880.52212837798,76533.91347597554,86100.65266047248,r2,-506557.73829346005,-251381.54014672144,255176.1981467386,0.13133183977418697
66,w99055142,64.54166975589469,sfh,9032.758360397225,10036.398178219139,11290.947950496531,r1,-72163.53373866022,-50335.34466730781,21828.18907135241,0.14267073675658834
67,w99055146,149.08371188635937,sfh,17342.70904751041,19269.67671945601,21678.38630938801,r1,-138552.4907825331,-75737.32209486766,62815.16868766544,0.14267073675658834
68,w99055147,57.659734526090325,sfh,7330.462267285426,8144.958074761584,9163.077834106782,r1,-58563.73435876618,-47727.718854595354,10836.015504170828,0.14267073675658834
69,w99055152,1635.3717537612654,other,76892.01538215307,85435.57264683674,96115.01922769133,nr2,-528456.6743927619,-382794.61435404845,145662.06003871345,0.13133183977418697
70,w99055158,567.1104306213557,trade,39120.40099323338,43467.11221470375,48900.50124154172,nr1,-292064.6451610388,-220639.29403929453,71425.35112174426,0.14266504422170564
71,w99055160,362.3993257842958,ab,41269.65009818708,45855.16677576342,51587.06262273384,r1,-329707.01400588086,-201031.53720643293,128675.47679944793,0.14267073675658834
72,w99055171,150.93386064656082,sfh,16885.70894548665,18761.8988283185,21107.136181858314,r1,-134901.47511653753,-82165.36903454256,52736.10608199498,0.14267073675658834
73,w99055172,71.28885925472714,sfh,9019.499646113589,10021.666273459543,11274.374557641986,r1,-72057.60865604831,-58488.7062456225,13568.902410425806,0.14267073675658834
74,w99055173,413.9677898917347,ab,46033.80958093352,51148.67731214836,57542.2619761669,r1,-367768.3204033667,-193140.08737992693,174628.23302343977,0.14267073675658834
75,w99055181,184.62117180265486,other,15209.502381678169,16899.44709075352,19011.87797709771,nr1,-113550.93003645756,-94787.24566230786,18763.6843741497,0.14266504422170564
76,w99055182,84.81555104400032,sfh,9995.399856476368,11105.999840529297,12494.24982059546,r1,-79854.16480714003,-66888.66379068728,12965.501016452748,0.14267073675658834
77,w99055185,136.9722994968528,education,10840.570650859518,12045.07850095502,13550.713313574397,nr1,-80933.40917016935,-79225.27561358042,1708.1335565889312,0.14266504422170564
78,w99055186,41.49024544628337,sfh,5137.404922484948,5708.227691649942,6421.756153106185,r1,-41043.198396441796,-34973.409131041175,6069.789265400621,0.14267073675658834
79,w99055192,160.51305735595523,ab,18121.209085465063,20134.67676162785,22651.511356831328,r1,-144771.9988788416,-100674.69707574525,44097.30180309636,0.14267073675658834
80,w99055193,133.23216011486946,other,9055.86994602939,10062.077717810433,11319.837432536737,nr1,-67609.21092984387,-59976.362035745595,7632.848894098279,0.14266504422170564
81,w99055199,594.2030242990702,ab,69499.33638341566,77221.48487046185,86874.17047926957,r2,-511108.59156474343,-256776.43854837652,254332.1530163669,0.13133183977418697
82,w99055201,119.5810925271362,sfh,16186.140935837673,17984.601039819638,20232.67616979709,r1,-129312.56222276104,-91307.72011630856,38004.84210645249,0.14267073675658834
83,w99055202,635.4450178422034,ab,74224.65462412336,82471.83847124818,92780.8182801542,r2,-545859.2938934582,-309231.6834592035,236627.6104342547,0.13133183977418697
84,w99055209,191.61494707558305,other,19092.937557201116,21214.375063556796,23866.171946501392,nr1,-142543.83623752618,-110785.53870908418,31758.297528441995,0.14266504422170564
85,w99055216,463.1840371862054,education,30329.625776782435,33699.58419642493,37912.03222097804,nr1,-226434.57545067737,-164234.65649519514,62199.91895548222,0.14266504422170564
86,w99055219,773.0541430711745,other,89363.99007406665,99293.3223045185,111704.9875925833,nr2,-614172.9641276922,-409934.0102470065,204238.95388068567,0.13133183977418697
87,w99055224,318.955577952601,ab,39326.77401159415,43696.415568437944,49158.46751449268,r1,-314185.1990263512,-171915.01068500022,142270.188341351,0.14267073675658834
88,w99055226,262.56915004737675,ab,28811.221455015977,32012.468283351085,36014.02681876997,r1,-230175.48666381295,-128835.40736118512,101340.07930262783,0.14267073675658834
89,w99055235,1694.7837025728077,trade,149404.7926523063,166005.3251692292,186755.99081538286,nr2,-1026816.1066006268,-637499.103732874,389317.0028677528,0.13133183977418697
90,w99055245,424.4345906373113,ab,47895.25638616388,53216.95154018208,59869.07048270485,r1,-382639.58939700056,-205606.701330543,177032.88806645756,0.14267073675658834
91,w99055249,70.42309986636974,sfh,9527.919340341607,10586.577044824007,11909.899175427008,r1,-76119.4201530415,-65587.28135256024,10532.138800481262,0.14267073675658834
92,w99055257,137.79457132667304,trade,8302.741753787854,9225.268615319837,10378.427192234816,nr1,-61986.51503094843,-61297.717276133866,688.7977548145645,0.14266504422170564
93,w99055287,226.3710821658373,mfh,29327.158711257514,32585.731901397237,36658.94838907189,r1,-234297.35665217173,-130309.41482187228,103987.94183029945,0.14267073675658834
94,w99055292,58.725108856521544,trade,5742.2884325185605,6380.320480576178,7177.8605406482,nr1,-42870.71172266258,-46064.062763319096,-3193.3510406565183,0.14266504422170564
95,w99055300,847.1402418442303,other,76273.07353797425,84747.85948663806,95341.34192246781,nr2,-524202.86537251907,-369686.3783073849,154516.48706513416,0.13133183977418697
96,w99389931,488.4274571448564,mfh,51882.65252404952,57647.39169338835,64853.315655061895,r2,-381552.84407201514,-198270.43114927225,183282.4129227429,0.13133183977418697
97,w99389943,3490.8252122399163,ab,329651.0091598724,366278.89906652493,412063.7614498405,r2,-2424303.191473411,-1118188.3989955331,1306114.7924778778,0.13133183977418697
98,w99389949,2474.179022271931,ab,284257.7582638273,315841.9536264748,355322.1978297841,r2,-2090474.3847632655,-1120373.3553094591,970101.0294538063,0.13133183977418697
99,w99389956,671.7147096479312,education,46899.24791118664,52110.27545687404,58624.0598889833,nr1,-350139.8720802882,-97924.1308483203,252215.74123196787,0.14266504422170564
100,w99389960,693.6997662768932,ab,80098.50062143736,88998.33402381929,100123.12577679669,r2,-589056.4423984872,-324541.01987759396,264515.4225208933,0.13133183977418697
101,w99389971,1612.9015118613836,education,79005.85520261421,87784.28355846023,98757.31900326777,nr2,-542984.4866261653,-427611.82398862584,115372.6626375395,0.13133183977418697
102,w99389974,235.12884147074072,education,10047.192716967635,11163.547463297371,12558.990896209543,nr1,-75010.21720746909,-73632.92375191326,1377.2934555558313,0.14266504422170564
103,w99389975,1082.0712234761565,mfh,111466.82540481444,123852.0282275716,139333.53175601806,r2,-819743.8292726314,-391140.86669958755,428602.9625730439,0.13133183977418697
104,w99389979,163.53384786918758,ab,21228.517390207166,23587.241544674627,26535.646737758954,r1,-169596.56948495875,-111066.91003861546,58529.659446343285,0.14267073675658834
105,w99389992,2569.363114476204,other,222880.7619206125,247645.2910229028,278600.9524007656,nr2,-1531795.2799820832,-428399.4294583209,1103395.8505237624,0.13133183977418697
106,w99390006,431.6004564465955,education,13943.155864366083,15492.395404851202,17428.944830457604,nr1,-104096.65459859475,-126198.40963307425,-22101.7550344795,0.14266504422170564
107,w99390011,2554.974828636646,ab,247425.31787724234,274917.0198636026,309281.6473465529,r2,-1819603.0684384084,-843932.6993407859,975670.3690976226,0.13133183977418697
108,w99390014,587.280543653667,trade,43622.5019390578,48469.44659895311,54528.12742382225,nr1,-325676.37923934805,-238019.0367043657,87657.34253498237,0.14266504422170564
109,w99390021,1617.1983746248297,other,56431.07453005592,62701.19392228436,70538.8431625699,nr2,-387834.5213134457,-319066.7763452133,68767.74496823241,0.13133183977418697
110,w99390022,5590.431437242403,education,501507.8998853299,557230.9998725888,626884.8748566624,nr2,-3446719.3457984584,-963949.0475909335,2482770.298207525,0.13133183977418697
111,w99390025,237.89438336268066,education,22880.136119028128,25422.373465586807,28600.170148785157,nr1,-170818.26022172114,-47772.9930209109,123045.26720081024,0.14266504422170564
112,w99390027,116.0190749399364,mfh,12111.38188864718,13457.090987385754,15139.227360808974,r1,-96758.93903850141,-49951.2016115029,46807.737426998516,0.14267073675658834
113,w99390046,1095.085822885856,mfh,104637.32667388588,116263.69630431764,130796.65834235735,r2,-769518.6665717823,-354131.1565033839,415387.51006839843,0.13133183977418697
114,w99390052,1678.6958267321402,education,80452.87476272321,89392.08306969245,100566.093453404,nr2,-552929.4352754625,-479701.1897429067,73228.24553255574,0.13133183977418697
115,w99390065,2581.633286331594,education,86800.34062073754,96444.82291193059,108500.42577592192,nr2,-596553.7398469669,-481887.51991158165,114666.21993538528,0.13133183977418697
116,w99390082,124.21957990797236,education,9140.033185312222,10155.592428124692,11425.041481640277,nr1,-68237.55588522909,-59640.155122839045,8597.40076239004,0.14266504422170564
117,w99390107,332.09000708311794,education,26712.358260262183,29680.39806695798,33390.44782532773,nr1,-199428.82073339375,-55774.55038295388,143654.27035043988,0.14266504422170564
118,w99390110,1066.5973296171287,mfh,111016.92938734422,123352.1437637158,138771.16173418026,r2,-816435.2261721467,-408976.6137366111,407458.61243553564,0.13133183977418697
119,w99390116,694.0162199864862,ab,76366.64546448652,84851.8282938739,95458.30683060814,r2,-561611.8172776073,-293398.26470844244,268213.55256916484,0.13133183977418697
120,w99390122,307.42072394330467,other,23978.9127918091,26643.236435343442,29973.640989761374,nr1,-179021.49461859016,-163958.40977957676,15063.084839013405,0.14266504422170564
121,w99390129,1196.3697846690193,trade,62972.859261591475,69969.84362399053,78716.07407698935,nr2,-432794.32353268913,-286656.1753355958,146138.14819709334,0.13133183977418697
122,w99390130,964.417538562417,education,49512.76423577884,55014.18248419871,61890.95529472355,nr1,-369651.83255576063,-262561.43141870364,107090.401137057,0.14266504422170564
123,w99390133,9252.387912133521,education,680645.1328091653,756272.3697879614,850806.4160114565,nr2,-4677877.950503519,-1308268.9777545254,3369608.9727489934,0.13133183977418697
124,w99390139,1249.1388426542283,ab,101272.3942615666,112524.88251285178,126590.49282695825,r2,-744772.4466009472,-411041.6159094304,333730.8306915168,0.13133183977418697
125,w99390141,112.67489476799965,other,7161.259483685899,7956.954981873221,8951.574354607374,nr1,-53464.44967091773,-55572.209159187434,-2107.7594882697013,0.14266504422170564
126,w99758761,171.36210507287177,trade,18702.739494504167,20780.821660560185,23378.424368130207,nr1,-139630.6999753539,-117520.86735060903,22109.83262474487,0.14266504422170564
127,w99758765,309.03573338240386,trade,17633.22369336,19592.4707704,22041.529616699998,nr1,-131645.92106142285,-106373.3657702161,25272.55529120675,0.14266504422170564
128,w99758770,601.7205038767308,mfh,67803.20632134694,75336.89591260771,84754.00790168367,r2,-498634.9955241713,-266628.70526666206,232006.29025750922,0.13133183977418697
129,w99758771,976.6668764967471,mfh,93790.2658837786,104211.40653753177,117237.83235472324,r2,-689747.7471422288,-339402.6310333422,350345.11610888655,0.13133183977418697
130,w99758774,197.5460334163159,ab,21548.287941595398,23942.54215732822,26935.359926994246,r1,-172151.2457037876,-117791.8898564799,54359.3558473077,0.14267073675658834
131,w99758775,265.071225726977,sfh,27414.764697100116,30460.849663444573,34268.45587137514,r1,-219019.06574080163,-137020.78179158893,81998.2839492127,0.14267073675658834
132,w99758777,337.6781565959565,ab,38785.81336494016,43095.34818326684,48482.26670617519,r1,-309863.4148804078,-190146.85447370555,119716.56040670225,0.14267073675658834
133,w99758783,333.3155570875853,th,46165.858494498185,51295.3983272202,57707.32311812273,r1,-368823.2712665444,-103144.45123025545,265678.82003628893,0.14267073675658834
134,w99758786,182.17889552428386,mfh,24975.758120688377,27750.84235632042,31219.69765086047,r1,-199533.61884371866,-102204.17398013972,97329.44486357894,0.14267073675658834
135,w99758788,349.08404515869915,other,29695.324703960447,32994.80522662272,37119.15587995056,nr1,-221699.01770956258,-161508.6989397718,60190.318769790785,0.14266504422170564
136,w99758792,60.93018751584459,sfh,7098.129910688255,7886.811011875839,8872.662388360319,r1,-56707.609885494545,-50807.68514948159,5899.924736012952,0.14267073675658834
137,w99758793,126.39461716674268,ab,14533.912444621437,16148.79160513493,18167.390555776794,r1,-116112.75749947656,-78911.0896828895,37201.667816587054,0.14267073675658834
138,w99758796,906.0679207786917,ab,92578.39928517047,102864.88809463385,115722.99910646307,r2,-680835.4975782635,-317607.067881377,363228.4296968865,0.13133183977418697
139,w99758800,420.9761067721993,ab,43617.35169245246,48463.724102724955,54521.68961556557,r1,-348463.01703911443,-183759.2887158656,164703.72832324883,0.14267073675658834
140,w99758801,293.7319820257835,mfh,30453.792851169546,33837.547612410606,38067.241063961934,r1,-243298.13997026914,-129275.16688307942,114022.97308718972,0.14267073675658834
141,w99758803,512.6721141899004,mfh,56071.10035591353,62301.2226176817,70088.8754448919,r2,-412355.32052123285,-211217.21985875515,201138.1006624777,0.13133183977418697
142,w99758805,165.76912949401884,sfh,21149.48042883679,23499.42269870754,26436.850536045986,r1,-168965.1359625633,-116787.75962767302,52177.37633489029,0.14267073675658834
143,w99758807,110.8734177275095,other,10633.353902934445,11814.837669927161,13291.692378668055,nr1,-79386.37272837447,-68297.54003644947,11088.832691924996,0.14266504422170564
144,w99758813,43.0509613757953,other,4335.785169212401,4817.539076902668,5419.731461515501,nr0,-39691.13364864916,-32304.283161453874,7386.850487195283,0.17493134394287643
145,w99758814,84.92593946289271,th,9884.973779293656,10983.304199215172,12356.217224117068,r1,-78971.96076398302,-49535.301093749724,29436.659670233297,0.14267073675658834
146,w99758818,424.19755738042295,mfh,42981.25264898336,47756.94738775929,53726.5658112292,r1,-343381.16352847836,-183212.07831451637,160169.08521396198,0.14267073675658834
147,w99758821,35.03456762442365,sfh,4362.174934958981,4846.861038843312,5452.718668698726,r0,-42763.31014901476,-42094.45487979294,668.8552692218218,0.175067585277735
148,w99758824,478.7830200769007,ab,54415.092655594315,60461.21406177146,68018.86581949289,r2,-400176.79037439683,-274502.86807867733,125673.9222957195,0.13133183977418697
149,w99758826,392.0728006519377,ab,50422.93344994148,56025.48161104609,63028.666812426854,r2,-370817.85005809274,-211587.11791546366,159230.73214262907,0.13133183977418697
152,w99758837,194.723237061128,mfh,27818.768765056746,30909.743072285273,34773.46095632093,r1,-222246.69123739048,-127303.74570439775,94942.94553299273,0.14267073675658834
153,w99758838,478.1149431033991,ab,49879.55482966044,55421.727588511596,62349.443537075545,r1,-398492.3313791893,-219322.54154942845,179169.78982976082,0.14267073675658834
154,w99758842,66.20839738831855,sfh,9098.77198804681,10109.746653385344,11373.464985058512,r1,-72690.92265531588,-47744.647800555176,24946.274854760704,0.14267073675658834
155,w99758845,141.8255072105676,th,20597.68337727332,22886.31486363702,25747.104221591646,r1,-164556.77878542716,-122274.47023041113,42282.30855501603,0.14267073675658834
156,w99758846,563.5821329504251,other,39110.73926488373,43456.37696098192,48888.424081104655,nr1,-291992.5127393243,-212862.13922788788,79130.37351143642,0.14266504422170564
157,w99758847,385.25146163031457,sfh,48245.97195129891,53606.635501443234,60307.46493912364,r1,-385441.4881645197,-231406.5684402839,154034.9197242358,0.14267073675658834
158,w99758850,177.17881421931088,ab,22322.486341848085,24802.762602053426,27903.107927310106,r1,-178336.3876225619,-104998.74045361449,73337.6471689474,0.14267073675658834
159,w99758852,422.9061155930161,other,27630.39919965029,30700.443555166985,34537.99899956286,nr1,-206282.7203458254,-159618.55744492327,46664.16290090213,0.14266504422170564
160,w99758858,57.38898355839774,sfh,6590.511049374096,7322.7900548601065,8238.13881171762,r1,-52652.19631598843,-46698.15644582005,5954.039870168381,0.14267073675658834
161,w99758862,402.33381934519855,sfh,47385.93913186298,52651.04347984775,59232.42391482872,r1,-378570.60721038876,-263138.36814360006,115432.2390667887,0.14267073675658834
162,w99758864,101.365438436158,other,10686.907379847416,11874.341533163795,13358.63422480927,nr1,-79786.19166771592,-68337.00163023217,11449.190037483742,0.14266504422170564
163,w99758865,63.831228005420414,other,4034.3888558582253,4482.654284286917,5042.986069822781,nr0,-36932.057521101124,-34865.3742442125,2066.6832768886234,0.17493134394287643
164,w99758868,445.0926624152809,ab,49002.607042031916,54447.341157813236,61253.258802539895,r1,-391486.31519513717,-205198.294101269,186288.02109386816,0.14267073675658834
165,w99758869,105.27734354436397,other,8736.207849217513,9706.897610241682,10920.259811521892,nr1,-65222.68128018761,-61280.25166615209,3942.4296140355145,0.14266504422170564
166,w99758874,732.9468768487684,ab,73910.07250364788,82122.30278183098,92387.59062955985,r2,-543545.8095798723,-291834.2428054981,251711.56677437417,0.13133183977418697
167,w99758876,118.68904608124866,sfh,12352.210694951837,13724.678549946484,15440.263368689795,r1,-98682.9424265698,-78847.51276162137,19835.42966494843,0.14267073675658834
168,w99758878,556.4759241774678,other,50045.05270888446,55605.61412098273,62556.31588610557,nr2,-343945.2327124974,-249524.82187970617,94420.41083279124,0.13133183977418697
169,w99758879,141.26093079326674,other,12063.985867794016,13404.42874199335,15079.982334742519,nr1,-90067.16859355547,-103718.9964801767,-13651.827886621235,0.14266504422170564
170,w99758882,536.390386541374,other,53874.88809445505,59860.98677161672,67343.6101180688,nr2,-370266.588203982,-251368.76236721975,118897.82583676223,0.13133183977418697
171,w99758886,70.57262436598539,sfh,9862.178496867567,10957.97610763063,12327.723121084458,r1,-78789.847165146,-64462.385199238546,14327.461965907452,0.14267073675658834
172,w99758887,84.85345135740936,sfh,11592.59887534742,12880.665417052687,14490.748594184273,r1,-92614.33403639717,-75410.30697174225,17204.027064654918,0.14267073675658834
173,w99758888,71.82869699064176,other,5611.650315189278,6235.167016876976,7014.562893986597,nr1,-41895.39515091061,-39501.19068086733,2394.2044700432816,0.14266504422170564
174,w99758891,1365.0763243824242,trade,109673.71393623555,121859.68215137284,137092.14242029443,nr2,-753755.8463905001,-588469.2341276112,165286.61226288893,0.13133183977418697
175,w99758895,154.4283221337944,other,11343.022479982455,12603.358311091617,14178.778099978068,nr1,-84684.60832604427,-23683.86844174313,61000.73988430114,0.14266504422170564
176,w99758899,158.4874060918577,th,20589.83452385864,22877.59391539849,25737.2931548233,r1,-164494.0735767189,-103309.00793099718,61185.06564572171,0.14267073675658834
177,w99758900,82.77785695786588,sfh,10694.216001383687,11882.462223759652,13367.770001729608,r1,-85437.0709846415,-65110.132434032006,20326.93855060949,0.14267073675658834
178,w99758903,400.34018093422054,trade,29613.781724427085,32904.20191603009,37017.22715553385,nr1,-221090.2350596377,-172384.79562189046,48705.439437747234,0.14266504422170564
179,w99758905,110.54209396946244,sfh,14100.026680676654,15666.696311862948,17625.033350845817,r1,-112646.40439714729,-67383.5190780474,45262.88531909989,0.14267073675658834
180,w99758908,248.9345047255978,ab,27512.151103074764,30569.05678119418,34390.18887884345,r1,-219797.09465653685,-123886.78713385147,95910.30752268538,0.14267073675658834
181,w99758913,208.22132023065353,ab,22300.78576510543,24778.65085011714,27875.982206381785,r1,-178163.01972768022,-119676.61419640278,58486.40553127744,0.14267073675658834
182,w99758915,71.10941483918579,ab,10013.713282288307,11126.348091431451,12517.141602860384,r1,-80000.47244304938,-52592.798659337146,27407.673783712235,0.14267073675658834
183,w99758919,819.0798590054737,ab,94696.69321739217,105218.54801932463,118370.8665217402,r2,-696413.7503294126,-355965.48769216845,340448.2626372442,0.13133183977418697
184,w99758922,83.9358181065414,th,11677.410484752485,12974.900538613872,14596.763105940605,r1,-93291.9017507696,-57341.15925166194,35950.742499107655,0.14267073675658834
185,w99758926,36.12754547015065,sfh,4556.491211661925,5062.768012957695,5695.614014577406,r0,-44668.23311325805,-29319.013713301607,15349.219399956444,0.175067585277735
186,w99758928,119.38002583179623,sfh,17308.899478423707,19232.110531581897,21636.124348029633,r1,-138282.38303890353,-81316.08050367964,56966.30253522389,0.14267073675658834
187,w99758931,65.79372537583113,th,8611.439252918039,9568.265836575598,10764.299066147547,r1,-68797.5768056576,-58367.35010471192,10430.226700945685,0.14267073675658834
188,w99758935,355.7203856162727,ab,44548.24205703894,49498.046730043265,55685.30257129867,r1,-355899.98541041,-192616.4720638077,163283.51334660227,0.14267073675658834
189,w99758936,99.44306262517348,th,12820.809152675898,14245.343502973219,16026.011440844872,r1,-102426.61841840352,-86826.11720982518,15600.501208578338,0.14267073675658834
190,w99758945,525.0721962768584,mfh,72696.76550898828,80774.18389887585,90870.95688623533,r2,-534622.967126313,-149511.6953167604,385111.2718095526,0.13133183977418697
191,w99758951,355.6037514369003,ab,38846.362119594094,43162.62457732677,48557.95264949262,r1,-310347.1444262418,-158317.11315539395,152030.03127084786,0.14267073675658834
192,w99758953,525.4067761451006,other,30960.182478675506,34400.2027540839,38700.22809834438,nr1,-231142.17850986304,-189876.08329627733,41266.09521358571,0.14266504422170564
193,w99758954,37.75478148937691,sfh,3643.787391156788,4048.6526568408754,4554.7342389459845,r0,-35720.80731479705,-32030.890621101775,3689.916693695275,0.175067585277735
194,w99758959,30.14875982720405,sfh,3902.3905445980445,4335.989493997827,4877.988180747555,r0,-38255.94793180803,-27218.02035992011,11037.927571887918,0.175067585277735
195,w99758962,201.50926117040217,mfh,21723.95521923704,24137.72802137449,27154.944024046297,r1,-173554.66767203718,-48535.985525014854,125018.68214702232,0.14267073675658834
196,w99758966,155.61690238779408,th,21851.717362183943,24279.685957982158,27314.646702729926,r1,-174575.3711321779,-110095.14049422921,64480.2306379487,0.14267073675658834
197,w99758967,90.83302856497467,ab,10128.948163735615,11254.386848595128,12661.185204669518,r1,-80921.09446385453,-65186.44617957269,15734.648284281844,0.14267073675658834
198,w99758970,391.2386861808598,th,48443.52710272418,53826.14122524909,60554.40887840523,r1,-387019.7743608635,-209616.43009430755,177403.34426655594,0.14267073675658834
199,w99758974,163.93810575278476,sfh,20363.139486646123,22625.710540717915,25453.924358307653,r1,-162682.9861642629,-88807.64328171269,73875.3428825502,0.14267073675658834
200,w99758975,139.83927450878545,sfh,19017.06701210734,21130.074457897044,23771.333765134175,r1,-151929.08989521785,-92129.87854463943,59799.21135057842,0.14267073675658834
201,w99758979,705.2831632008775,trade,40567.1544633245,45074.61607036056,50708.94307915562,nr1,-302865.80077676865,-210647.59027008974,92218.21050667891,0.14266504422170564
202,w99758981,319.7999828794971,other,27092.453379920906,30102.725977689894,33865.56672490113,nr1,-202266.53055824368,-56568.17684585053,145698.35371239315,0.14266504422170564
203,w99758984,336.42351993245535,ab,41356.19257743753,45951.325086041696,51695.24072179691,r1,-330398.40979795676,-178391.1534968711,152007.25630108567,0.14267073675658834
204,w99758985,1446.6540044941007,ab,159203.44292933436,176892.71436592707,199004.30366166795,r2,-1170806.1072549627,-543867.8984478887,626938.208807074,0.13133183977418697
205,w99758989,963.3213891830295,education,66773.88157928629,74193.20175476254,83467.35197410785,nr2,-458917.65510773705,-389241.9219327819,69675.73317495518,0.13133183977418697
206,w99758991,346.04414169639347,ab,38927.20383955835,43252.44871062039,48659.00479944794,r1,-310992.996330319,-194821.4557724076,116171.54055791139,0.14267073675658834
207,w99758995,38.315451947040856,sfh,4605.429916486004,5117.144351651115,5756.787395607505,r0,-45147.989437542834,-33337.51370781409,11810.475729728743,0.175067585277735
208,w99758997,604.6954287230968,other,49421.63020499519,54912.92244999466,61777.03775624399,nr1,-368971.4451444065,-292185.5564966878,76785.8886477187,0.14266504422170564
209,w99759000,505.76658869385716,other,34496.09632156219,38328.995912846876,43120.120401952736,nr1,-257540.56389505713,-72026.74670489074,185513.8171901664,0.14266504422170564
210,w99759001,277.86601877255595,other,21620.245901575137,24022.495446194596,27025.30737696892,nr1,-161412.18615397526,-127345.10845504075,34067.0776989345,0.14266504422170564
211,w99759005,200.24946516156197,th,21517.100210125434,23907.889122361594,26896.37526265679,r1,-171902.0840609796,-101152.80361321397,70749.28044776563,0.14267073675658834
212,w99759006,478.86383471041916,sfh,50992.01233528256,56657.79148364729,63740.0154191032,r2,-375002.9419267587,-197748.55561474513,177254.38631201355,0.13133183977418697
213,w99759010,347.4218390390277,ab,42845.86231337848,47606.513681531644,53557.32789172309,r1,-342299.5177386222,-185002.65915583307,157296.85858278914,0.14267073675658834
214,w99759011,1184.1155465334652,health,81096.3879180279,90107.09768669767,101370.48489753487,nr2,-557352.1158397599,-397132.37583786604,160219.7400018939,0.13133183977418697
215,w99759013,1127.2734199425206,other,48346.56544700629,53718.406052229206,60433.20680875786,nr1,-360945.2388915239,-263305.44797746814,97639.79091405577,0.14266504422170564
216,w99759015,262.8249901607633,mfh,34217.03964154063,38018.932935045144,42771.29955192578,r1,-273363.0632072842,-76448.22151355007,196914.8416937341,0.14267073675658834
217,w99759016,162.4421672269469,other,8362.91554321064,9292.128381345156,10453.644429013299,nr1,-62435.75982419072,-75216.7457265017,-12780.985902310982,0.14266504422170564
218,w99759020,78.66829424034803,other,5363.4306045502435,5959.367338389159,6704.288255687804,nr1,-40042.23925605398,-43443.7561861643,-3401.516930110316,0.14266504422170564
219,w99759023,45.55874986834824,th,6763.263251708072,7514.736946342302,8454.079064635089,r1,-54032.32948064973,-33203.49147441837,20828.83800623136,0.14267073675658834
220,w99759028,314.5253525768406,trade,33061.024403090545,36734.47155898949,41326.28050386318,nr1,-246826.6202746558,-185424.73206236502,61401.888212290796,0.14266504422170564
221,w99759036,422.98085668310523,mfh,42631.70476229463,47368.56084699403,53289.63095286828,r1,-340588.59345099976,-171088.68306890645,169499.9103820933,0.14267073675658834
222,w99759038,116.55152825303375,ab,12476.366237759883,13862.629153066537,15595.457797199853,r1,-99674.83242791775,-74383.96697115233,25290.865456765416,0.14267073675658834
224,w99759044,415.2007402397692,trade,30727.523085082063,34141.69231675785,38409.403856352576,nr1,-229405.19265317396,-179500.7274123627,49904.46524081126,0.14266504422170564
225,w99759045,941.2816024620085,trade,46874.11717738663,52082.35241931848,58592.646471733286,nr1,-349952.2513334762,-255393.46436831102,94558.7869651652,0.14266504422170564
226,w99759047,442.628270605579,mfh,44840.233894655554,49822.482105172836,56050.29236831944,r1,-358232.73494101217,-172953.28476863343,185279.45017237874,0.14267073675658834
227,w99759050,246.0824731603265,trade,22511.684368925235,25012.98263213915,28139.60546115654,nr1,-168067.4773329829,-139000.50631687496,29066.971016107942,0.14266504422170564
228,w99759051,91.54405212756247,th,11301.573718027325,12557.30413114147,14126.967147534155,r1,-90289.30740321003,-58458.54038049894,31830.767022711087,0.14267073675658834
229,w99759055,270.5142616614699,other,18027.259599334837,20030.288443705373,22534.074499168546,nr1,-134587.709850325,-102611.28959973803,31976.42025058696,0.14266504422170564
230,w99759057,194.30349186724052,th,26936.28423283178,29929.20470314642,33670.35529103972,r1,-215196.44149371618,-118774.96287321654,96421.47862049963,0.14267073675658834
231,w99759061,534.3112589053809,trade,25116.553078843055,27907.281198714503,31395.691348553817,nr1,-187514.87654509308,-153646.67951202302,33868.19703307006,0.14266504422170564
232,w99759062,137.67195288166403,th,17570.109600664895,19522.344000738773,21962.637000831117,r1,-140369.2146264589,-92402.89002498086,47966.324601478045,0.14267073675658834
233,w99759063,182.5971095246263,sfh,23409.161696221272,26010.17966246808,29261.45212027659,r1,-187017.93654366373,-133057.628124551,53960.30841911273,0.14267073675658834
234,w99759067,347.13443305995315,other,14604.042087206286,16226.713430229207,18255.052609007857,nr1,-109030.69145059504,-90917.88273949442,18112.808711100617,0.14266504422170564
235,w99759073,34.86947953915223,sfh,3369.323871661266,3743.69319073474,4211.654839576582,r0,-33030.184223385535,-34306.197824343646,-1276.013600958111,0.175067585277735
236,w99759074,1179.944325777702,mfh,115106.04981104136,127895.61090115707,143882.5622638017,r2,-846507.2338955643,-411901.9216457687,434605.31224979565,0.13133183977418697
237,w99759077,212.39228247441352,sfh,25996.152531155218,28884.613923505796,32495.19066394402,r1,-207685.64323410936,-118075.57853240194,89610.06470170742,0.14267073675658834
239,w99759083,341.51128259450195,trade,15755.53024255659,17506.144713951766,19694.412803195737,nr1,-117627.45863500341,-97160.21528156687,20467.24335343654,0.14266504422170564
240,w99759085,319.12387123871594,other,16124.762320599133,17916.40257844348,20155.952900748915,nr1,-120384.06728720567,-108978.1424307891,11405.924856416575,0.14266504422170564
241,w99759087,592.8829183824361,other,51137.99563470979,56819.99514967755,63922.494543387234,nr2,-351456.7146396156,-249876.82964794076,101579.88499167486,0.13133183977418697
242,w99759088,334.1662621571682,ab,38269.47653436571,42521.64059373968,47836.84566795714,r1,-305738.3526561114,-164408.05950582577,141330.29315028564,0.14267073675658834
243,w99759091,80.87078364617192,sfh,11524.131641001168,12804.590712223518,14405.164551251459,r1,-92067.34303114668,-25747.38719865777,66319.95583248891,0.14267073675658834
244,w99759093,176.2003906674683,sfh,24764.95217261122,27516.61352512358,30956.190215764025,r1,-197849.47081944806,-124296.14569655502,73553.32512289305,0.14267073675658834
245,w99759094,339.69808716569094,other,37582.71276836215,41758.56974262461,46978.390960452685,nr1,-280584.5898864775,-199573.83447968675,81010.75540679076,0.14266504422170564
246,w99759096,246.47077107857913,mfh,23598.463882924807,26220.515425472007,29498.079853656007,r1,-188530.28904905965,-100628.0870188634,87902.20203019625,0.14267073675658834
247,w99759099,50.23060751573648,th,7134.781015914094,7927.53446212677,8918.476269892617,r1,-57000.41892156042,-52129.1027764765,4871.316145083918,0.14267073675658834
248,w99759102,1460.464218017459,other,128159.99370613102,142399.99300681223,160199.99213266376,nr2,-880806.7226165981,-563350.459144724,317456.2634718742,0.13133183977418697
249,w99759105,189.26809048298745,mfh,22334.256335775855,24815.840373084284,27917.820419719817,r1,-178430.41918191747,-97204.52476390131,81225.89441801616,0.14267073675658834
250,w99759110,35.61810292806477,th,4375.3120568172735,4861.457840908081,5469.140071021591,r0,-42892.096092923006,-41885.035994473576,1007.0600984494304,0.175067585277735
251,w99759111,238.72463138289748,th,34535.9950545772,38373.327838419114,43169.9938182215,r1,-275911.2272111733,-77160.83646575543,198750.39074541786,0.14267073675658834
252,w99759113,635.4707306571305,th,86670.32318175596,96300.35909083995,108337.90397719495,r2,-637386.6157153561,-365558.7657915987,271827.84992375737,0.13133183977418697
253,w99759120,160.90588292758912,th,23237.39167444857,25819.324082720632,29046.73959306071,r1,-185645.65010945208,-51917.327879197655,133728.32223025442,0.14267073675658834
254,w99759121,33.129497365746644,ab,3818.7156608234063,4243.017400914896,4773.394576029257,r0,-37435.66560478318,-33599.55831403252,3836.1072907506605,0.175067585277735
255,w99759126,310.54387535755524,ab,34300.81502744586,38112.016697162064,42876.01878430732,r1,-274032.3524372217,-148355.66461692,125676.68782030168,0.14267073675658834
256,w99759127,85.13879598667843,other,8496.79167350324,9440.879637225822,10620.989591879048,nr1,-63435.250716326635,-53174.9604796355,10260.290236691137,0.14266504422170564
257,w99759131,184.6887545518577,ab,20787.501022478882,23097.223358309868,25984.3762780986,r1,-166073.24933600018,-113184.7896560607,52888.45967993948,0.14267073675658834
258,w99759132,153.35469039995223,ab,17695.00512599379,19661.116806659767,22118.756407492237,r1,-141367.0164159317,-85576.85227838437,55790.16413754733,0.14267073675658834
259,w99759137,162.2998407471925,mfh,21055.671207008436,23395.19023000937,26319.589008760544,r1,-168215.68549856238,-143435.47963144636,24780.20586711602,0.14267073675658834
260,w99759138,557.9003615580499,mfh,56330.74901759959,62589.721130666214,70413.43627199948,r2,-414264.81590179174,-212068.030379926,202196.78552186574,0.13133183977418697
261,w99759140,160.4533356629312,ab,17634.05521702537,19593.394685583742,22042.56902128171,r1,-140880.08201154252,-94799.81852651906,46080.26348502346,0.14267073675658834
262,w99759142,128.98004897348582,sfh,17650.096411774208,19611.218235304674,22062.620514717757,r1,-141008.23658540353,-77361.32783275438,63646.90875264915,0.14267073675658834
263,w99759148,518.2482564277947,ab,59352.94618142581,65947.71797936202,74191.18272678225,r2,-436490.5092136314,-227067.44295323148,209423.0662603999,0.13133183977418697
264,w99759152,155.39786574579776,ab,16837.00273483737,18707.780816485967,21046.253418546712,r1,-134512.3567392673,-83789.55670887999,50722.80003038731,0.14267073675658834
265,w99759159,71.9146042395383,sfh,9767.034283888204,10852.260315431338,12208.792854860254,r1,-78029.73133458452,-66434.99795607234,11594.733378512174,0.14267073675658834
266,w99759161,242.4930030848831,mfh,32388.127737790874,35986.808597545416,40485.15967223859,r1,-258751.71852104386,-143102.77258856586,115648.945932478,0.14267073675658834
267,w99759162,714.1891373082996,mfh,77904.36715681193,86560.40795201325,97380.45894601491,r2,-572920.4542989321,-289122.4677494787,283797.9865494534,0.13133183977418697
268,w99759164,595.7694656141102,mfh,71961.73720566227,79957.48578406918,89952.17150707783,r2,-529217.4582333846,-148000.00044331403,381217.4577900706,0.13133183977418697
269,w99759165,160.50856082765387,mfh,22755.65774251579,25284.064158350877,28444.572178144736,r1,-181797.033611251,-104350.14691293203,77446.88669831898,0.14267073675658834
270,w99759170,93.69908212199807,sfh,11619.451405943726,12910.501562159696,14524.314257429656,r1,-92828.86136241874,-75123.33591359941,17705.52544881933,0.14267073675658834
271,w99759172,204.59550149962305,other,17169.669362300792,19077.410402556434,21462.08670287599,nr1,-128185.122404551,-104094.60378298708,24090.518621563926,0.14266504422170564
272,w99759176,41.50382452430203,sfh,4163.668093659857,4626.297881844285,5204.585117074821,r0,-40817.306206544374,-26998.77582898661,13818.530377557763,0.175067585277735
273,w99759177,360.73507672324774,ab,44758.280247853094,49731.42249761455,55947.850309816364,r1,-357577.9997515971,-189433.70114983016,168144.29860176696,0.14267073675658834
274,w99759180,347.1465133147314,education,19069.298725020304,21188.109694467003,23836.62340627538,nr1,-142367.35371286838,-107116.67413186209,35250.67958100629,0.14266504422170564
275,w99759183,128.67689446713774,sfh,18376.72489710795,20418.583219008833,22970.906121384935,r1,-146813.33809755635,-101730.90113917108,45082.43695838527,0.14267073675658834
276,w99759189,171.2441471248865,ab,18363.415474169808,20403.794971299787,22954.269342712258,r1,-146707.00789885988,-101063.59570776146,45643.412191098425,0.14267073675658834
277,w99759190,369.99921465907244,other,20710.457907946584,23011.619897718425,25888.072384933228,nr1,-154619.90129020668,-121147.56434484823,33472.336945358446,0.14266504422170564
278,w99759195,184.4751641433686,sfh,22818.050116989565,25353.389018877293,28522.562646236955,r1,-182295.49200465975,-101487.60388408635,80807.8881205734,0.14267073675658834
279,w155463247,886.8482149265707,mfh,90574.02742084471,100637.808245383,113217.53427605589,r2,-666095.0448796102,-318311.98213467526,347783.0627449349,0.13133183977418697
280,w155463249,403.549402025342,trade,23648.752708879776,26276.391898755304,29560.940886099717,nr1,-176556.58922348003,-147995.22118637757,28561.368037102453,0.14266504422170564
281,w155463253,721.7602650925515,mfh,85711.09171490726,95234.54634989696,107138.86464363408,r2,-630332.2829761069,-176277.590069144,454054.6929069628,0.13133183977418697
282,w155463254,852.2730644002556,mfh,87014.59305688317,96682.88117431464,108768.24132110395,r2,-639918.4282498484,-178958.4341771586,460959.9940726898,0.13133183977418697
283,w155463255,713.9319995328784,mfh,71073.4939418158,78970.54882423978,88841.86742726975,r2,-522685.1834351499,-146173.19624781018,376511.9871873397,0.13133183977418697
284,w155463260,725.1058137452229,mfh,66389.32398774149,73765.91554193498,82986.65498467686,r2,-488237.0918063482,-219607.56524504177,268629.52656130644,0.13133183977418697
285,w155463261,1003.1358517257496,mfh,96812.24176736335,107569.15751929261,121015.30220920418,r2,-711971.8131258313,-337413.75987516384,374558.05325066746,0.13133183977418697
286,w155463268,907.8277638942003,mfh,88048.47049851796,97831.63388724218,110060.58812314743,r2,-647521.7187349446,-300401.4420864082,347120.2766485364,0.13133183977418697
287,w155463269,646.430608794326,mfh,65800.13973759115,73111.26637510127,82250.17467198893,r2,-483904.1420555024,-247822.1542336086,236081.9878218938,0.13133183977418697
288,w155463275,531.2511221051216,mfh,56742.54191479465,63047.26879421628,70928.17739349332,r2,-417293.2029145914,-190559.64521506045,226733.55769953097,0.13133183977418697
289,w155463277,722.3371928531676,mfh,75825.75026506544,84250.83362785049,94782.18783133179,r2,-557633.9924817692,-273724.4616183273,283909.5308634419,0.13133183977418697
290,w155463281,852.691491766274,mfh,81167.2147222987,90185.79413588744,101459.01840287336,r2,-596915.9269245433,-294030.90771688096,302885.0192076624,0.13133183977418697
291,w155463286,75.58565192222595,sfh,11379.481362010443,12643.868180011603,14224.351702513053,r1,-90911.71870557856,-65755.80422915333,25155.914476425227,0.14267073675658834
292,w155463289,870.3151384696364,mfh,92029.85106537899,102255.39007264332,115037.31383172373,r2,-676801.3913175041,-320400.2531392953,356401.1381782088,0.13133183977418697
293,w155463294,520.8021583877504,mfh,73954.39748668816,82171.55276298684,92442.9968583602,r2,-543871.7821838099,-152098.20226454522,391773.57991926465,0.13133183977418697
294,w155463296,531.2875348292291,mfh,59600.264491446156,66222.51610160685,74500.33061430769,r2,-438309.32533016684,-231306.9930345449,207002.33229562195,0.13133183977418697
295,w155463300,903.6974393147975,mfh,82377.16016846654,91530.17796496282,102971.45021058316,r2,-605814.0480439932,-294119.8266312596,311694.2214127336,0.13133183977418697
296,w155463302,619.062746527791,mfh,73694.19011571503,81882.43346190559,92117.73764464378,r2,-541958.1779709706,-261444.83120185512,280513.34676911554,0.13133183977418697
297,w155463304,1087.9011799693108,mfh,132782.97083749846,147536.6342638872,165978.71354687307,r2,-976505.974591305,-273087.9006804747,703418.0739108303,0.13133183977418697
298,w155463308,740.3594694465398,mfh,74398.41232336155,82664.90258151284,92998.01540420194,r2,-547137.1341945687,-267906.318239975,279230.8159545937,0.13133183977418697
299,w155463310,722.3160033598542,mfh,78437.63363840502,87152.92626489447,98047.04204800627,r2,-576842.1763544072,-161318.6432684259,415523.5330859813,0.13133183977418697
300,w155463313,774.0583199881017,mfh,75098.58684319264,83442.87427021404,93873.2335539908,r2,-552286.3231120876,-262791.0465739654,289495.27653812215,0.13133183977418697
301,w155463314,1101.9502923069522,mfh,104359.84119134728,115955.37910149698,130449.8014891841,r2,-767477.9965231137,-359798.72709969245,407679.26942342124,0.13133183977418697
302,w155463317,740.3064833164215,mfh,74649.75970721088,82944.17745245653,93312.1996340136,r2,-548985.5807271225,-263866.6497222646,285118.9310048579,0.13133183977418697
303,w155463319,828.4481069911271,mfh,78474.43739685023,87193.8193298336,98093.04674606278,r2,-577112.8367394136,-261198.6842876901,315914.15245172346,0.13133183977418697
304,w155463321,781.2118542082608,mfh,75955.85291213829,84395.3921245981,94944.81614017286,r2,-558590.7869515383,-263050.4425580048,295540.3443935335,0.13133183977418697
305,w155463324,722.1055689860135,mfh,76230.77521241456,84700.86134712728,95288.4690155182,r2,-560612.6069716422,-270555.04344602156,290057.5635256207,0.13133183977418697
306,w155463327,780.4636536210775,mfh,78934.78481367027,87705.31645963363,98668.48101708783,r2,-580498.3010054796,-289979.0852656581,290519.21573982155,0.13133183977418697
307,w155463330,867.026127423346,mfh,92798.36038612344,103109.28931791494,115997.9504826543,r2,-682453.1246572747,-190853.61070472345,491599.51395255123,0.13133183977418697
308,w155463331,701.7002469789237,mfh,75620.8436945795,84023.15966064388,94526.05461822437,r2,-556127.0786881518,-277654.27455149195,278472.80413665983,0.13133183977418697
309,w155463336,356.26551316827533,mfh,37646.38639526564,41829.31821696182,47057.98299408205,r1,-300760.4284738025,-134832.92417171365,165927.50430208887,0.14267073675658834
310,w155463337,437.0872274041176,trade,16347.364508861188,18163.7383431791,20434.205636076484,nr1,-122045.96817462433,-95214.74922741218,26831.218947212154,0.14266504422170564
311,w155463339,868.4495440013707,mfh,96284.55889755068,106982.84321950076,120355.69862193835,r2,-708091.1537926992,-198023.49571961878,510067.65807308047,0.13133183977418697
312,w155463342,722.9579402044416,mfh,72192.16091602764,80213.5121289196,90240.20114503455,r2,-530912.0289184664,-267600.1800743379,263311.8488441285,0.13133183977418697
313,w155463343,844.8904670208692,mfh,87271.28425516972,96968.09361685524,109089.10531896215,r2,-641806.1739989519,-319478.5654675062,322327.60853144573,0.13133183977418697
314,w155463347,1083.6851687338203,mfh,101563.78341079073,112848.64823421191,126954.7292634884,r2,-746915.3663093535,-329295.28121145046,417620.08509790304,0.13133183977418697
315,w155463348,740.608741542697,mfh,73742.38733091138,81935.98592323487,92177.98416363922,r2,-542312.6275536321,-254940.9401364321,287371.68741720007,0.13133183977418697
316,w155463352,356.4181080274284,mfh,38492.77211566138,42769.74679517931,48115.965144576716,r1,-307522.28150393406,-86001.12692964073,221521.15457429335,0.14267073675658834
317,w155463353,722.1394314199686,mfh,96023.96050529758,106693.28945033065,120029.95063162198,r2,-706174.6739504498,-197487.5364214329,508687.13752901694,0.13133183977418697
318,w155463354,696.3946817303076,mfh,75225.69127239037,83584.10141376707,94032.11409048796,r2,-553221.0682358466,-289328.4403817506,263892.627854096,0.13133183977418697
319,w155463358,865.4375973489136,mfh,87470.73329689098,97189.70366321219,109338.41662111372,r2,-643272.9523037217,-303255.50600551587,340017.4462982058,0.13133183977418697
320,w155463359,1101.9756921548396,mfh,103923.56216152417,115470.62462391573,129904.4527019052,r2,-764269.5348015233,-356818.03337114834,407451.501430375,0.13133183977418697
321,w155463364,740.593882034719,mfh,74624.72489312779,82916.3609923642,93280.90611640972,r2,-548801.470932239,-264443.6248359909,284357.8460962481,0.13133183977418697
322,w155463365,603.6562003400177,mfh,57345.292217422895,63716.9913526921,71681.61527177862,r2,-421725.91945942235,-195947.1575162428,225778.76194317956,0.13133183977418697
323,w155463369,722.4004129424691,mfh,76517.50006263371,85019.44451403746,95646.87507829214,r2,-562721.2247223736,-272433.66999952676,290287.5547228469,0.13133183977418697
324,w155463370,696.1379145577084,mfh,67777.64861111336,75308.49845679261,84722.06076389168,r2,-498447.0402722097,-229169.17444465117,269277.8658275585,0.13133183977418697
325,w155463373,865.3327697202564,mfh,87284.13642326384,96982.3738036265,109105.1705290798,r2,-641900.6907796146,-302839.7988252295,339060.8919543851,0.13133183977418697
326,w155463376,746.0008564919234,mfh,78349.89022816702,87055.43358685223,97937.36278520877,r2,-576196.8980947929,-293347.1200083218,282849.778086471,0.13133183977418697
327,w155463378,701.7079005709849,mfh,75289.53058162499,83655.03397958331,94111.91322703123,r2,-553690.5521349355,-269894.06458532694,283796.4875496086,0.13133183977418697
328,w155463380,903.4881653226912,mfh,80794.44802773364,89771.60891970404,100993.06003466704,r2,-594174.5444861513,-283647.0419508913,310527.50253526,0.13133183977418697
329,w155463382,654.6620004437864,mfh,67195.36451178146,74661.51612420162,83994.20563972682,r2,-494164.83527016174,-235208.36348387887,258956.47178628287,0.13133183977418697
330,w155463388,654.8312545590103,mfh,81045.45395849762,90050.50439833068,101306.81744812202,r2,-596020.479921267,-166682.01307461533,429338.4668466517,0.13133183977418697
331,w155463390,658.415929133445,mfh,67307.170216775,74785.74468530556,84133.96277096875,r2,-494987.07127099053,-231485.04200274087,263502.02926824964,0.13133183977418697
332,w155463392,746.3197361536323,mfh,74500.89326832342,82778.77029813713,93126.11658540426,r2,-547890.7945051178,-266383.27537300845,281507.51913210936,0.13133183977418697
333,w155463395,740.6091377854347,mfh,81203.21252281987,90225.79169202207,101504.01565352484,r2,-597180.6601735387,-167006.4669927149,430174.1931808238,0.13133183977418697
334,w155463397,721.9107812985777,mfh,69115.7372055503,76795.26356172255,86394.67150693786,r2,-508287.5454119784,-237573.25361120314,270714.2918007752,0.13133183977418697
335,w155463400,957.7393607803388,mfh,132263.3739372203,146959.30437468924,165329.2174215254,r2,-972684.7806964815,-272019.2724836354,700665.508212846,0.13133183977418697
336,w155463402,519.368776667118,mfh,57328.60677905928,63698.45197673253,71660.7584738241,r2,-421603.2122316207,-217870.33133093055,203732.88090069013,0.13133183977418697
337,w155463405,658.592996231094,mfh,66453.3492473543,73837.05471928256,83066.68655919287,r2,-488707.94321253634,-229149.55425762135,259558.388954915,0.13133183977418697
338,w155463406,932.8967588515952,mfh,87329.94975847227,97033.27750941363,109162.43719809034,r2,-642237.6089496538,-317965.8167352991,324271.79221435473,0.13133183977418697
339,w155463408,740.3845857441426,mfh,81123.65596148898,90137.39551276554,101404.56995186122,r2,-596595.5892343394,-166842.84710846186,429752.7421258775,0.13133183977418697
340,w155463411,886.3585438661277,mfh,86630.34371086476,96255.9374565164,108287.92963858094,r2,-637092.6006625219,-299318.0949799172,337774.5056826047,0.13133183977418697
341,w155463413,436.59599217027426,trade,16616.663351011164,18462.959278901293,20770.829188763953,nr1,-124056.49640996667,-97043.92954448046,27012.56686548621,0.14266504422170564
342,w155463416,722.4005093876273,mfh,71360.79474582999,79289.7719398111,89200.99343228748,r2,-524798.0368368718,-264500.19249941444,260297.84433745733,0.13133183977418697
343,w155463417,828.3400002270937,mfh,74807.01169807202,83118.90188674668,93508.76462259002,r2,-550142.0355618333,-260130.12378244507,290011.9117793882,0.13133183977418697
344,w155463421,509.4774500131606,mfh,62634.51134401355,69593.90149334838,78293.13918001692,r2,-460623.63386859396,-128817.17516335005,331806.4587052439,0.13133183977418697
345,w155463422,674.0859733853489,mfh,66828.4486191273,74253.83179903033,83535.56077390912,r2,-491466.4805105913,-232994.3990168243,258472.081493767,0.13133183977418697
346,w155463424,701.7858467099256,mfh,75354.80212003247,83727.55791114719,94193.50265004058,r2,-554170.5688631624,-275319.01197820896,278851.55688495346,0.13133183977418697
347,w155463427,540.3469697440042,mfh,55711.525451732596,61901.69494636955,69639.40681466574,r2,-409710.95249699656,-204832.06492361316,204878.8875733834,0.13133183977418697
348,w155463430,521.3457492198795,mfh,65819.9805171453,73133.31168571701,82274.97564643163,r2,-484050.05413784983,-135368.56562920677,348681.48850864306,0.13133183977418697
349,w155463434,634.5610695700626,mfh,64418.57211226843,71576.19123585381,80523.21514033554,r2,-473743.8855714039,-223705.14155371042,250038.74401769348,0.13133183977418697
350,w155463435,740.6094772338867,mfh,73569.89609015193,81744.3289890577,91962.37011268991,r2,-541044.1009789978,-258912.63863838694,282131.4623406108,0.13133183977418697
351,w155463436,830.3215000247583,mfh,74986.73881598086,83318.59868442318,93733.42351997607,r2,-551463.7758672887,-249486.1466847058,301977.6291825829,0.13133183977418697
352,w155463437,634.6341266736388,mfh,64166.464939277284,71296.07215475253,80208.0811740966,r2,-471889.85143502004,-225037.6260998874,246852.22533513265,0.13133183977418697
353,w155463439,740.3900625675916,mfh,77902.86750022264,86558.74166691404,97378.5843752783,r2,-572909.4255984138,-289176.8547846647,283732.5708137491,0.13133183977418697
354,w155463441,304.4361848443746,mfh,36817.49098632539,40908.32331813932,46021.863732906735,r1,-294138.3071436079,-82258.18878494328,211880.1183586646,0.14267073675658834
355,w155463442,681.7836883433163,mfh,68711.68346108304,76346.31495675893,85889.6043263538,r2,-505316.07329443446,-248492.47853038684,256823.59476404762,0.13133183977418697
356,w155463445,701.5969566701912,mfh,73907.62346345419,82119.58162606022,92384.52932931774,r2,-543527.7989692792,-267795.00645971333,275732.7925095658,0.13133183977418697
357,w155463446,527.3302180506289,mfh,52013.41474555332,57792.683050614796,65016.768431941644,r2,-382514.48915153043,-186750.28242346292,195764.2067280675,0.13133183977418697
358,w155463447,540.1562461696565,mfh,59085.19228162839,65650.21364625376,73856.49035203549,r2,-434521.4066907462,-225626.0074924078,208895.3991983384,0.13133183977418697
359,w155463448,488.2503870327026,mfh,51268.34796637681,56964.83107375201,64085.43495797101,r2,-377035.15579465166,-193184.03369028657,183851.1221043651,0.13133183977418697
360,w155463452,416.2699146196246,mfh,40700.76121869014,45223.06802076682,50875.95152336267,r1,-325162.10865015734,-90934.24919317295,234227.85945698438,0.14267073675658834
361,w155463453,826.68092449978,mfh,83117.14823153104,92352.38692392338,103896.4352894138,r2,-611256.0317573495,-289690.75098333467,321565.2807740148,0.13133183977418697
362,w155463454,830.106713430956,mfh,73765.5043705863,81961.67152287367,92206.88046323288,r2,-542482.6337465578,-250718.402879822,291764.23086673574,0.13133183977418697
363,w155463458,653.3753796381876,mfh,58960.56636749198,65511.74040832442,73700.70795936497,r2,-433604.88894019794,-200132.34476110202,233472.54417909592,0.13133183977418697
364,w155463459,716.456727950275,mfh,75283.97896378927,83648.8655153214,94104.97370473658,r2,-553649.7247008824,-271948.83855077025,281700.8861501122,0.13133183977418697
365,w155463463,389.00259175430983,mfh,37000.96483362116,41112.18314846796,46251.206042026446,r1,-295604.0965117304,-82668.1087975145,212935.98771421588,0.14267073675658834
366,w155463464,681.5525098629297,mfh,69179.35495120153,76865.94994577947,86474.19368900191,r2,-508755.3998990909,-246285.27610621878,262470.12379287207,0.13133183977418697
367,w155463468,854.9059582386632,mfh,81699.0096870192,90776.67743002134,102123.762108774,r2,-600826.8272232169,-278747.926598222,322078.9006249949,0.13133183977418697
368,w155463469,716.6904537379742,mfh,100679.18201464991,111865.75779405545,125848.97751831239,r2,-740409.8743549638,-207061.69085684934,533348.1834981145,0.13133183977418697
369,w155463470,608.2978411447257,mfh,64367.74654988399,71519.71838875998,80459.68318735498,r2,-473370.1067274953,-132381.8307872697,340988.27594022563,0.13133183977418697
370,w155463473,376.1376306014136,mfh,43550.29606288637,48389.217847651526,54437.870078607964,r1,-347927.3034737239,-97300.72254276177,250626.5809309621,0.14267073675658834
371,w155463474,720.4433401308954,mfh,67276.75041664802,74751.94490738669,84095.93802081002,r2,-494763.35947735835,-248893.30301043479,245870.05646692356,0.13133183977418697
372,w155463478,851.8925360153429,mfh,87684.85616685112,97427.61796316791,109606.0702085639,r2,-644847.6441523369,-180336.92981142728,464510.7143409096,0.13133183977418697
373,w155463479,376.5337288361043,mfh,37121.41584101446,41246.017601127176,46401.76980126807,r1,-296566.3906403978,-143827.91027285467,152738.48036754312,0.14267073675658834
374,w155463480,664.0854127705097,mfh,73172.86575571459,81303.18417301621,91466.08219464324,r2,-538124.2800770651,-150490.86618537322,387633.4138916919,0.13133183977418697
375,w155463484,531.1159037780716,mfh,68085.21955592721,75650.24395103024,85106.52444490901,r2,-500708.96334357234,-140027.36614962496,360681.5971939474,0.13133183977418697
376,w155463485,716.6882258921862,mfh,74226.11389675422,82473.45988528247,92782.64237094278,r2,-545870.0256042614,-258969.88449714592,286900.14110711555,0.13133183977418697
377,w155463490,790.5601109853014,mfh,73479.01625668757,81643.35139631951,91848.77032085945,r2,-540375.7569903968,-259892.17040335445,280483.5865870423,0.13133183977418697
378,w155463491,681.5525530032813,mfh,68426.0537270324,76028.94858559156,85532.5671587905,r2,-503215.50919301284,-240709.25567688458,262506.2535161283,0.13133183977418697
379,w155463494,531.001435648324,mfh,56124.10929184654,62360.12143538504,70155.13661480817,r2,-412745.1562231969,-194463.99201276075,218281.16421043614,0.13133183977418697
380,w155463495,716.4590312853455,mfh,79038.97749810597,87821.08610900663,98798.72187263246,r2,-581264.5497060353,-299628.9251876576,281635.6245183777,0.13133183977418697
381,w155463496,611.941689690575,mfh,60485.334200613484,67205.92688957053,75606.66775076685,r2,-444818.2613291165,-217258.54193256234,227559.71939655414,0.13133183977418697
382,w155463500,1108.025532820262,mfh,100906.99247980208,112118.88053311342,126133.7405997526,r2,-742085.2268409975,-350662.4499585953,391422.7768824022,0.13133183977418697
383,w155463502,540.1563036605716,mfh,59609.47184418452,66232.74649353835,74511.83980523064,r2,-438377.03758952103,-221966.8649453073,216410.17264421374,0.13133183977418697
384,w155463507,1267.198863344267,mfh,124829.28501538603,138699.20557265115,156036.60626923252,r2,-918013.3706351839,-443796.118968765,474217.25166641886,0.13133183977418697
385,w155463508,530.6506136165466,mfh,59404.70237854505,66005.22486505006,74255.87797318131,r2,-436871.1320856028,-219639.6298512889,217231.5022343139,0.13133183977418697
386,w155463511,1747.3368958860635,mfh,164794.07162005454,183104.52402228283,205992.58952506818,r2,-1211920.4330135793,-558261.1231680677,653659.3098455117,0.13133183977418697
387,w155463513,612.2091895099729,mfh,81863.33408033723,90959.26008926358,102329.16760042153,r2,-602035.2935712287,-168364.10501812826,433671.18855310045,0.13133183977418697
388,w155463514,830.106801855378,mfh,74653.97590525495,82948.86211694994,93317.46988156869,r2,-549016.5872828136,-253663.4727968477,295353.1144859659,0.13133183977418697
389,w155463518,691.345141955465,mfh,72173.4858662746,80192.76207363844,90216.85733284324,r2,-530774.6897887225,-250821.3112964885,279953.37849223404,0.13133183977418697
390,w155463519,507.32179623667616,mfh,55562.18913504426,61735.76570560473,69452.73641880532,r2,-408612.7107228456,-199486.25923723797,209126.4514856076,0.13133183977418697
391,w155463522,1139.1653657640795,mfh,129564.6746402093,143960.74960023255,161955.84330026162,r2,-952838.1394401889,-266468.9965639127,686369.1428762762,0.13133183977418697
392,w155463523,446.09937440417707,mfh,52022.345619720814,57802.60624413424,65027.93202465102,r2,-382580.1681458162,-106991.68021440008,275588.48793141614,0.13133183977418697
393,w155463528,681.6119319483638,mfh,68495.57242516302,76106.19158351446,85619.46553145377,r2,-503726.76017378375,-241370.03795576203,262356.72221802175,0.13133183977418697
394,w155463529,691.3949336603283,mfh,83645.16797269836,92939.0755252204,104556.45996587294,r2,-615139.1684931818,-172028.71105877578,443110.45743440604,0.13133183977418697
395,w155463531,507.3216828555101,mfh,54061.208972385146,60068.00996931683,67576.51121548143,r2,-397574.27644671075,-193334.1204405073,204240.15600620344,0.13133183977418697
396,w155463534,640.8467616457492,mfh,62761.80582241785,69735.3398026865,78452.25727802231,r2,-461559.7766428539,-211029.66821120877,250530.10843164515,0.13133183977418697
397,w155463535,684.7868416263722,mfh,63983.21967634138,71092.46630704598,79979.02459542672,r2,-470542.2381609395,-231536.6651737487,239005.57298719077,0.13133183977418697
398,w155463536,691.6131192699074,mfh,70337.30683773482,78152.56315303869,87921.63354716853,r2,-517271.15254686726,-240061.50856676916,277209.6439800981,0.13133183977418697
399,w155463537,507.3215693686623,mfh,56345.158000452444,62605.73111161382,70431.44750056555,r2,-414370.78173276264,-217861.45520118915,196509.3265315735,0.13133183977418697
400,w155463538,643.413233704865,mfh,67471.69315381986,74968.54794868872,84339.61644227481,r2,-496196.9977394848,-138765.55798170413,357431.4397577807,0.13133183977418697
401,w155463539,710.019569536671,mfh,70101.74839593095,77890.83155103438,87627.18549491368,r2,-515538.8202731119,-236213.5577346606,279325.26253845135,0.13133183977418697
402,w155463540,840.6794232809916,mfh,76273.68228195352,84748.53586883724,95342.1028524419,r2,-560928.1520260473,-269758.25425364554,291169.8977724018,0.13133183977418697
403,w155463541,696.2558067506179,mfh,69091.86352939304,76768.73725488115,86364.8294117413,r2,-508111.97480035573,-244035.0660977916,264076.90870256413,0.13133183977418697
404,w155463542,640.557884996757,mfh,65685.4859572708,72983.87328585643,82106.85744658849,r2,-483060.96087958687,-135091.95759146355,347969.0032881233,0.13133183977418697
405,w155463543,587.0278481058776,mfh,64620.647257978446,71800.7191755316,80775.80907247306,r2,-475229.9766405948,-240630.6976360856,234599.27900450918,0.13133183977418697
406,w155463544,825.5248426020145,mfh,98226.61890138821,109140.68766820912,122783.27362673526,r2,-722373.3556804926,-202017.63055557272,520355.7251249199,0.13133183977418697
407,w155463545,709.4769112125038,mfh,68799.48875180824,76443.87639089805,85999.3609397603,r2,-505961.80663247546,-247320.381867075,258641.42476540047,0.13133183977418697
408,w155463546,647.0489746004342,mfh,65167.88665066121,72408.76294517911,81459.8583133265,r2,-479254.4575895894,-220342.37585162342,258912.081737966,0.13133183977418697
409,w155463547,586.4484846569597,mfh,65038.9578364076,72265.50870711956,81298.6972955095,r2,-478306.29566324054,-133762.2764874499,344544.0191757906,0.13133183977418697
410,w155463548,500.40091222245246,mfh,58521.66054916764,65024.06727685293,73152.07568645955,r2,-430377.1094201786,-120358.48665613896,310018.6227640396,0.13133183977418697
411,w155463549,672.5395986035466,mfh,71071.92574614852,78968.80638460947,88839.90718268565,r2,-522673.65068792505,-255708.9498254105,266964.70086251455,0.13133183977418697
412,w155463551,586.1050742082298,mfh,58460.95059670617,64956.61177411796,73076.1882458827,r2,-429930.6392823148,-197410.28495967868,232520.35432263612,0.13133183977418697
413,w155463552,667.035758360289,mfh,68669.64406031062,76299.60451145624,85837.05507538827,r2,-505006.90920687426,-251390.41193997423,253616.49726690003,0.13133183977418697
414,w155463553,817.6307530952618,mfh,76749.54752122253,85277.27502358059,95936.93440152815,r2,-564427.7366965485,-276894.2829085415,287533.453788007,0.13133183977418697
415,w155463556,732.9133296664804,mfh,64357.9958795773,71508.88431064144,80447.49484947162,r2,-473298.3988288794,-217546.6308906086,255751.76793827082,0.13133183977418697
416,w155463558,710.1379440590739,mfh,77163.4124884325,85737.12498714722,96454.26561054062,r2,-567471.3620244466,-264822.8054206411,302648.5566038055,0.13133183977418697
417,w155463561,654.0662793286144,mfh,66767.48224207119,74186.09138007909,83459.35280258898,r2,-491018.1245876216,-137317.24365108804,353700.88093653356,0.13133183977418697
418,w155463562,586.3292756803334,mfh,59654.3554106497,66282.61712294411,74567.94426331212,r2,-438707.11810013006,-216385.9525388675,222321.16556126255,0.13133183977418697
419,w155463566,653.8032613813876,mfh,66481.29901255308,73868.11001394787,83101.62376569134,r2,-488913.4899971344,-234749.19492926155,254164.29506787288,0.13133183977418697
420,w155463567,133.41999841853976,sfh,16572.97361038044,18414.415122644932,20716.217012975547,r1,-132403.0038848532,-103451.36579542581,28951.638089427404,0.14267073675658834
421,w155463569,886.7166110530495,mfh,90690.7250070177,100767.47223001966,113363.40625877211,r2,-666953.256511716,-303348.2011390516,363605.0553726645,0.13133183977418697
422,w155463572,311.3570919752121,mfh,35890.06917924034,39877.854643600374,44862.58647405042,r1,-286729.04939583305,-80186.12911855239,206542.92027728067,0.14267073675658834
423,w155463574,863.4385226266459,mfh,80266.77887142508,89185.30985713897,100333.47358928135,r2,-590293.9860041945,-282729.47869699466,307564.5073071998,0.13133183977418697
424,w155463577,931.9227139726281,mfh,104741.59050899002,116379.54500998891,130926.98813623752,r2,-770285.4385250744,-215416.63728129384,554868.8012437805,0.13133183977418697
425,w155463578,931.2066993936896,mfh,95901.79540846782,106557.55045385312,119877.24426058478,r2,-705276.2534211578,-335687.5742446282,369588.67917652964,0.13133183977418697
426,w155463581,136.57608463019133,sfh,20238.058157433414,22486.731286037128,25297.572696791765,r1,-161683.6999705469,-99817.32068284403,61866.379287702875,0.14267073675658834
427,w155463583,949.1963916398585,mfh,98696.62464541465,109662.91627268294,123370.7808067683,r2,-725829.8487401016,-357255.314792161,368574.53394794057,0.13133183977418697
428,w155463586,949.1754787907004,mfh,101711.11223859426,113012.34693177139,127138.89029824281,r2,-747998.8447077677,-209184.00862642672,538814.836081341,0.13133183977418697
429,w155463589,722.9646147996187,mfh,79863.38270239974,88737.09189155528,99829.22837799968,r2,-587327.3497955308,-164250.90797321225,423076.44182231853,0.13133183977418697
430,w155463591,591.1442194825038,mfh,72104.48386231158,80116.0931803462,90130.60482788947,r2,-530267.2386547129,-271698.3271849758,258568.91146973713,0.13133183977418697
431,w155463593,535.6290349200369,mfh,57403.922688774626,63782.13632086069,71754.90336096828,r2,-422157.09677987965,-210308.98579268024,211848.1109871994,0.13133183977418697
432,w155463596,724.8313003255054,mfh,67296.75836170698,74774.1759574522,84120.94795213372,r2,-494910.5009200158,-234006.34873597277,260904.15218404302,0.13133183977418697
433,w155463597,752.1160736689344,mfh,96345.81377389302,107050.90419321446,120432.26721736627,r2,-708541.6313828891,-198149.47547049544,510392.1559123937,0.13133183977418697
434,w155463600,535.4490051213652,mfh,64489.169061256325,71654.6322902848,80611.4613265704,r2,-474263.0661714446,-132631.55421578526,341631.51195565937,0.13133183977418697
435,w155463601,907.8308945208788,mfh,90872.07987539202,100968.97763932447,113590.09984424003,r2,-668286.967539356,-325440.98729262146,342845.9802467345,0.13133183977418697
436,w155463605,389.4215188790113,mfh,42998.73447932191,47776.37164369101,53748.41809915238,r1,-343520.8274719953,-96068.41540688934,247452.41206510598,0.14267073675658834
437,w155463606,690.2915003947913,mfh,72619.17804943162,80687.97561047958,90773.97256178952,r2,-534052.377258256,-259071.32663254088,274981.05062571506,0.13133183977418697
438,w155463610,725.1058211326599,mfh,66694.63523034648,74105.15025594053,83368.2940379331,r2,-490482.3966871866,-227098.73798474137,263383.6587024452,0.13133183977418697
439,w155463611,1002.8680375270545,mfh,112403.2420384642,124892.49115384911,140504.05254808025,r2,-826630.3782909145,-231173.96157320202,595456.4167177124,0.13133183977418697
440,w155463612,535.6290688522159,mfh,63516.22491576578,70573.58323973975,79395.28114470722,r2,-467107.8883273076,-130630.55007726108,336477.3382500465,0.13133183977418697
441,w155463616,543.6235096465331,mfh,57717.03913082603,64130.04347869559,72146.29891353253,r2,-424459.80227349425,-198100.65907386976,226359.1431996245,0.13133183977418697
442,w155463618,752.1486698825844,mfh,78276.75754478379,86974.17504975977,97845.94693097973,r2,-575659.0693219376,-272585.95400581934,303073.1153161183,0.13133183977418697
443,w155463621,238.18491610530762,mfh,25941.058157091844,28823.39795232427,32426.322696364805,r1,-207245.4892343119,-104792.55200580308,102452.93722850883,0.14267073675658834
444,w155463623,73.76475410088896,mfh,9386.532258258556,10429.48028695395,11733.165322823193,r1,-74989.86580640421,-43116.63182631425,31873.233980089957,0.14267073675658834
445,w155463625,52.41574023310095,sfh,7168.165529890833,7964.628366545369,8960.206912363541,r1,-57267.13086099098,-35231.5461889572,22035.58467203378,0.14267073675658834
446,w155463626,98.3909645654261,mfh,11326.695090576788,12585.216767307542,14158.368863220985,r1,-90490.00434906023,-46980.40425370325,43509.600095356975,0.14267073675658834
447,w155463629,643.7923131911084,mfh,60925.212855087026,67694.68095009669,76156.51606885878,r2,-448053.195232759,-206999.19509922527,241054.00013353373,0.13133183977418697
448,w155463631,546.7249739198014,mfh,62732.02766693095,69702.25296325661,78415.03458366368,r2,-461340.7836005846,-129017.73196472021,332323.0516358644,0.13133183977418697
449,w155463632,612.4270064728335,mfh,67447.16411095476,74941.2934566164,84308.95513869345,r2,-496016.60746234556,-138715.11036195687,357301.4971003887,0.13133183977418697
450,w155463633,683.6260891854763,mfh,67343.37274848943,74825.96972054381,84179.21593561179,r2,-495253.310144029,-233738.55388239928,261514.7562616297,0.13133183977418697
451,w155463638,279.5906790524721,ab,31093.580676718997,34548.42297413222,38866.97584589874,r1,-248409.4634987546,-144127.40346098007,104282.06003777453,0.14267073675658834
452,w155463639,282.758548167441,other,12733.875761949328,14148.750846610365,15917.34470243666,nr1,-95068.42495254011,-100969.18452701585,-5900.759574475742,0.14266504422170564
453,w155463640,56.80619836300611,sfh,8149.209288913908,9054.67698768212,10186.511611142383,r1,-65104.77929336315,-48382.67453578712,16722.10475757603,0.14267073675658834
454,w155463643,240.41873629689215,ab,28483.777730710135,31648.64192301126,35604.72216338767,r1,-227559.5087638553,-142453.59969513916,85105.90906871614,0.14267073675658834
455,w155463644,98.43792371228336,mfh,11153.843250929993,12393.159167699992,13942.30406366249,r1,-89109.07517278228,-47705.82151940934,41403.253653372936,0.14267073675658834
456,w155463645,98.39091195091605,mfh,11053.44919247696,12281.61021386329,13816.811490596201,r1,-88307.01784596394,-48342.04718913445,39964.97065682949,0.14267073675658834
457,w155463647,97.66299930792302,mfh,9369.723502372359,10410.803891524843,11712.154377965448,r1,-74855.57911632553,-43260.352874375494,31595.22624195004,0.14267073675658834
458,w155463653,376.11661268314344,mfh,49110.00769747382,54566.67521941535,61387.50962184227,r1,-392344.3488669463,-109722.31339471853,282622.0354722278,0.14267073675658834
459,w155463654,482.5493668295443,mfh,52586.0148678914,58428.905408768216,65732.51858486424,r2,-386725.47672763414,-194570.91333777492,192154.56338985922,0.13133183977418697
460,w155463656,73.78574474137277,mfh,10518.511422655341,11687.23491406149,13148.139278319177,r1,-84033.35101459434,-49457.62371539367,34575.72729920068,0.14267073675658834
461,w155463657,470.15250823192764,mfh,44569.71600670739,49521.906674119324,55712.145008384236,r1,-356071.54276084196,-160695.8301957384,195375.71256510355,0.14267073675658834
462,w155463660,49.947176152281465,mfh,6130.094348688484,6811.2159429872045,7662.617935860605,r1,-48973.88513039976,-27849.749767745845,21124.135362653913,0.14267073675658834
463,w155463661,78.16354378722608,sfh,10628.335831745004,11809.262035272226,13285.419789681255,r1,-84910.74827625671,-59300.153719908696,25610.594556348013,0.14267073675658834
464,w155463663,104.99722011834383,sfh,12659.813951807402,14066.45994645267,15824.767439759253,r1,-101140.41301512677,-63462.89617698843,37677.51683813834,0.14267073675658834
465,w155463665,467.86907609552145,trade,25152.751602532997,27947.501780592218,31440.939503166246,nr1,-187785.1270718882,-145057.7839804975,42727.34309139068,0.14266504422170564
466,w155463667,587.3173447391018,mfh,62170.68286456457,69078.53651618285,77713.3535807057,r2,-457212.5693434461,-222853.0711705979,234359.49817284822,0.13133183977418697
467,w155463669,557.4523567564785,mfh,63822.83861379559,70914.26512643954,79778.54826724448,r2,-469362.77166158747,-249672.44631881197,219690.3253427755,0.13133183977418697
468,w155463671,449.48969881236553,mfh,44460.06219337882,49400.06910375424,55575.07774172352,r1,-355195.5084043377,-183447.11161279696,171748.39679154073,0.14267073675658834
469,w155576276,58.73152135126293,other,7036.542804460303,7818.380893844781,8795.678505575379,nr1,-52533.34130446752,-52989.57683507258,-456.23553060505947,0.14266504422170564
470,w159548666,1258.4072781499474,other,45034.07044829587,50037.85605366207,56292.58806036983,nr1,-336214.851374192,-273573.7219366775,62641.129437514464,0.14266504422170564
471,w159548667,15669.025621107221,trade,613413.7969842755,681570.8855380839,766767.2462303443,nr2,-4215816.344127018,-2681446.196063447,1534370.1480635712,0.13133183977418697
472,w159548669,2256.2803165019486,trade,261494.21083095495,290549.1231455055,326867.76353869366,nr2,-1797174.3924501196,-502618.3945231513,1294555.9979269684,0.13133183977418697
473,w159548670,188.14899220019578,mfh,23028.989782019133,25587.766424465703,28786.237227523914,r1,-183980.7083059086,-96031.19741577892,87949.51089012968,0.14267073675658834
474,w159548671,318.3455893772654,other,12677.331192583715,14085.923547315238,15846.663990729643,nr1,-94646.27514915726,-68179.04836149514,26467.22678766212,0.14266504422170564
475,w159548672,170.00981159284711,ab,21983.144401197525,24425.716001330584,27478.930501496907,r1,-175625.3537826173,-102445.44793609138,73179.90584652593,0.14267073675658834
476,w159548674,118.95309109317604,trade,10044.893361266411,11160.992623629345,12556.116701583014,nr1,-74993.05070380536,-64722.43923873287,10270.611465072492,0.14266504422170564
477,w159548675,865.047436706489,mfh,94066.05527670533,104517.83919633925,117582.56909588166,r2,-691775.9438923334,-356852.0630012803,334923.8808910531,0.13133183977418697
478,w159548677,106.67055884185247,other,5052.772241354683,5614.191379282981,6315.965301693353,nr1,-37722.92957850966,-41808.32968074668,-4085.400102237021,0.14266504422170564
479,w159872586,633.9711885744706,mfh,61528.304105702184,68364.7823396691,76910.38013212773,r2,-452488.41916045814,-229469.4808010984,223018.93835935974,0.13133183977418697
480,w159872589,1091.462102752924,mfh,104981.15974855874,116645.73305395416,131226.4496856984,r2,-772047.2668099186,-370762.55478610797,401284.7120238106,0.13133183977418697
481,w159872591,2692.1037788091226,mfh,238842.17683578568,265380.1964842063,298552.7210447321,r2,-1756481.355956168,-778074.5963657288,978406.7595904391,0.13133183977418697
482,w159872593,436.90541737405584,mfh,41771.57313857874,46412.85904286526,52214.46642322342,r1,-333716.923140428,-156557.17407101032,177159.7490694177,0.14267073675658834
483,w159872596,218.88012801047884,mfh,23926.839112240952,26585.376791378836,29908.54889030119,r1,-191153.70882784954,-104371.34954846234,86782.3592793872,0.14267073675658834
484,w159872599,487.8712977081537,mfh,46825.5540892305,52028.39343247833,58531.94261153812,r1,-374093.63978613564,-176201.32635519566,197892.31343093998,0.14267073675658834
485,w159872601,629.8896718598901,mfh,59138.13100415723,65709.03444906359,73922.66375519653,r2,-434910.7260327566,-213655.21291575822,221255.5131169984,0.13133183977418697
486,w159872603,453.131132603623,mfh,41977.27905722256,46641.42117469173,52471.59882152819,r1,-335360.3265625077,-154800.28684334076,180560.03971916696,0.14267073675658834
487,w159872608,317.054659525305,mfh,36148.8017943321,40165.33532703567,45186.00224291513,r1,-288796.0879518877,-149235.7573846177,139560.33056727,0.14267073675658834
488,w159872611,474.9952949794941,mfh,49392.47210315651,54880.52455906279,61740.59012894564,r1,-394600.98287133,-194031.8023724857,200569.1804988443,0.14267073675658834
489,w159872613,461.6615135567263,mfh,49483.41463924298,54981.57182138109,61854.26829905373,r1,-395327.5311204151,-203503.81365155117,191823.7174688639,0.14267073675658834
490,w159872615,129.00588214695452,mfh,16719.873106670097,18577.636785188995,20899.841383337618,r1,-133576.5974134002,-76928.64042314683,56647.956990253355,0.14267073675658834
491,w159872617,185.93316667452453,mfh,23274.884584316744,25860.98287146305,29093.605730395928,r1,-185945.18439989595,-94633.10438971748,91312.08001017847,0.14267073675658834
492,w159872620,129.2747205838561,mfh,17497.094806705965,19441.216451895518,21871.368508382457,r1,-139785.89275100853,-72363.99946435307,67421.89328665547,0.14267073675658834
493,w159872622,447.3657494872576,mfh,46366.44062561429,51518.26736179365,57958.05078201786,r1,-370425.74028084154,-191911.13108818542,178514.60919265612,0.14267073675658834
494,w159872625,238.36158968657256,mfh,25116.058872769172,27906.732080854636,31395.073590961463,r1,-200654.49440048452,-106269.75191184085,94384.74248864366,0.14267073675658834
495,w159872628,167.04002443812786,mfh,19006.772350224233,21118.635944693593,23758.46543778029,r1,-151846.8448986743,-91062.93838322684,60783.90651544745,0.14267073675658834
496,w159872630,195.52493976540862,mfh,18074.7621351929,20083.069039103222,22593.452668991125,r1,-144400.92993962156,-69902.45625039222,74498.47368922934,0.14267073675658834
497,w159872632,133.65780365467072,th,16477.88462317202,18308.760692413354,20597.355778965022,r1,-131643.32925803325,-36815.13617027381,94828.19308775944,0.14267073675658834
498,w159872635,49.369007284846155,th,6739.6868476192685,7488.540941799187,8424.608559524086,r1,-53843.97542931607,-46374.32771206225,7469.647717253822,0.14267073675658834
499,w159872640,133.91130499513818,mfh,16908.877072954834,18787.64119217204,21136.09634119354,r1,-135086.5674085601,-71413.51305454761,63673.05435401249,0.14267073675658834
500,w159872643,87.82295271442271,other,9591.78852868142,10657.542809646022,11989.735660851775,nr1,-71610.26579389155,-57582.34663527453,14027.91915861702,0.14266504422170564
501,w159872648,133.79360626488923,mfh,16965.31316645674,18850.347962729713,21206.641458070924,r1,-135537.4405278233,-77390.408495069,58147.03203275429,0.14267073675658834
502,w159872651,467.48304517045614,other,34799.30109969496,38665.890110772176,43499.126374618696,nr1,-259804.22668194407,-202158.86827805592,57645.35840388815,0.14266504422170564
503,w159872654,134.11286987382917,mfh,15572.749109392586,17303.054565991763,19465.93638674073,r1,-124412.11874840003,-62926.70390774908,61485.41484065095,0.14267073675658834
504,w159872660,131.42538360562176,mfh,16010.967487406166,17789.96387489574,20013.709359257708,r1,-127913.08550129489,-65648.41572954737,62264.66977174752,0.14267073675658834
505,w159872663,509.8066861014813,other,40789.69983623175,45321.88870692417,50987.12479528969,nr1,-304527.2774927571,-85167.58971467701,219359.68777808006,0.14266504422170564
506,w159872669,96.41428965386004,other,6140.942525975589,6823.26947330621,7676.178157469486,nr1,-45846.97892318698,-49215.62909697639,-3368.650173789407,0.14266504422170564
507,w159872671,385.8471666022902,mfh,41085.27500261371,45650.30555845967,51356.59375326713,r1,-328234.0244827345,-155774.84055093324,172459.18393180126,0.14267073675658834
508,w159872676,450.3884779855609,trade,21572.307796555673,23969.230885061857,26965.38474569459,nr1,-161054.29039430188,-125770.61241649833,35283.67797780354,0.14266504422170564
509,w159872680,74.82275880910456,trade,6347.627257792996,7052.919175325551,7934.534072241245,nr1,-47390.04344517122,-45537.11912068905,1852.92432448217,0.14266504422170564
510,w159872682,128.20031198486686,mfh,17098.113549140475,18997.903943489415,21372.641936425593,r1,-136598.39494661096,-81719.83742361242,54878.55752299854,0.14267073675658834
511,w159872688,74.73616111706941,trade,5317.786693607912,5908.651881786568,6647.23336700989,nr1,-39701.47146444979,-37903.13691324381,1798.334551205975,0.14266504422170564
512,w159872690,271.2794532585889,mfh,37662.36732773164,41847.07480859071,47077.95915966455,r1,-300888.1016067672,-152803.4842824922,148084.61732427502,0.14267073675658834
513,w159872699,406.91918786983007,mfh,43877.34349126553,48752.60387918392,54846.67936408191,r1,-350540.1153292314,-158987.24236734744,191552.872961884,0.14267073675658834
514,w159872700,406.7131608505966,mfh,40678.93594210743,45198.8177134527,50848.66992763429,r1,-324987.74451683374,-151131.44528141178,173856.29923542196,0.14267073675658834
515,w159872708,435.5580747295171,mfh,46872.894326570284,52080.9936961892,58591.11790821285,r1,-374471.8452775438,-190747.46819556618,183724.37708197764,0.14267073675658834
516,w159872710,142.59727319749075,mfh,15785.244708098155,17539.160786775727,19731.555885122692,r1,-126109.76554627492,-69760.12460772676,56349.64093854817,0.14267073675658834
517,w159872717,364.7500545413,mfh,42624.77941045999,47360.86601162221,53280.97426307498,r1,-340533.26618098636,-161338.37574784213,179194.89043314423,0.14267073675658834
518,w159872718,186.0198295045644,mfh,25865.705318047403,28739.672575608223,32332.131647559254,r1,-206643.48850256111,-113793.64171209508,92849.84679046604,0.14267073675658834
519,w159872719,169.79583046399057,mfh,20853.61252597942,23170.680584421578,26067.015657474276,r1,-166601.42019179233,-100992.95413611762,65608.46605567471,0.14267073675658834
520,w159872726,172.48843573874328,mfh,18695.70090016346,20773.001000181623,23369.626125204326,r1,-149361.66659699238,-81776.20441027128,67585.4621867211,0.14267073675658834
521,w159872727,172.59632431017235,mfh,21043.444879268325,23381.60542140925,26304.306099085406,r1,-168118.00824659012,-47015.57914979382,121102.4290967963,0.14267073675658834
522,w159872732,140.4957689295523,mfh,18976.199229647278,21084.665810719198,23720.249037059097,r1,-151602.59343857496,-87733.86037952523,63868.73305904973,0.14267073675658834
523,w159872736,118.37831126665697,mfh,14679.616639748732,16310.68515527637,18349.520799685914,r1,-117276.80165757475,-65573.9272276446,51702.87442993015,0.14267073675658834
524,w159872737,187.97203346798193,mfh,24944.26660849226,27715.85178721362,31180.333260615324,r1,-199282.03026886983,-109647.87356978579,89634.15669908404,0.14267073675658834
525,w159872743,753.6066189933568,other,31827.00488865078,35363.33876516753,39783.75611081347,nr1,-237613.69140746485,-190276.1881375921,47337.503269872745,0.14266504422170564
526,w159872746,394.377677144669,mfh,44537.18740147157,49485.76377941285,55671.484251839465,r1,-355811.6687547246,-99505.64992550272,256306.0188292219,0.14267073675658834
527,w159872748,575.8923149108887,trade,55207.313642999135,61341.45960333237,69009.14205374892,nr2,-379423.9652184878,-106114.0560664968,273309.90915199096,0.13133183977418697
528,w159872750,127.08080641776323,mfh,17865.116812482014,19850.129791646683,22331.396015602517,r1,-142726.05425768942,-127422.01963882036,15304.03461886906,0.14267073675658834
529,w159872753,434.5401292324066,other,25725.96143987,28584.401599855555,32157.451799837498,nr1,-192064.59056137557,-150652.69100103158,41411.899560344,0.14266504422170564
530,w159872756,252.43327465518377,mfh,33635.93448393886,37373.260537709844,42044.91810492357,r1,-268720.56088704494,-140307.513263972,128413.04762307293,0.14267073675658834
531,w159872759,386.07803563163617,mfh,40885.04737063046,45427.83041181162,51106.30921328808,r1,-326634.38759447396,-163406.41573203748,163227.97186243648,0.14267073675658834
532,w159872763,1345.7076428122818,trade,70170.62199602295,77967.35777335883,87713.27749502868,nr2,-482262.4736234548,-315506.2263448668,166756.247278588,0.13133183977418697
533,w159872767,486.0339612279087,mfh,45082.85482234876,50092.060913720845,56353.568527935946,r1,-360171.0557509717,-162998.40217026233,197172.6535807094,0.14267073675658834
534,w159872769,563.4171857964247,other,35443.64525157622,39381.82805730691,44304.55656447027,nr1,-264614.76392856747,-198167.18141447369,66447.58251409378,0.14266504422170564
535,w159872774,2747.8572637828997,other,119011.47723873041,132234.97470970044,148764.346548413,nr2,-817931.6039978178,-584480.8886991093,233450.71529870853,0.13133183977418697
536,w159872776,80.53474041707815,sfh,12444.034937831644,13826.705486479605,15555.043672289554,r1,-99416.53471197137,-63513.444165567416,35903.09054640395,0.14267073675658834
537,w159872779,530.1892838459462,trade,41088.84380523203,45654.270894702255,51361.054756540034,nr1,-306760.62313697074,-212370.55630049747,94390.06683647327,0.14266504422170564
538,w159872782,386.9254036822822,mfh,34779.397511211064,38643.77501245674,43474.246889013826,r1,-277855.7917274103,-126696.36184466921,151159.42988274107,0.14267073675658834
539,w159872787,649.6997715241275,sfh,73844.5187104147,82049.46523379411,92305.64838801838,r2,-543063.7171071284,-256961.73336865994,286101.9837384684,0.13133183977418697
540,w159872789,103.62989482581615,mfh,13622.502345110554,15136.113716789503,17028.12793138819,r1,-108831.41874982392,-63310.23172386232,45521.1870259616,0.14267073675658834
541,w159872791,7102.280937734339,other,341045.9633446604,378939.9592718449,426307.4541808255,nr2,-2343910.674059749,-1411317.7345299171,932592.939529832,0.13133183977418697
542,w159872796,295.65545302389654,other,14692.2812732514,16324.756970279332,18365.35159156425,nr1,-109689.46656299797,-90966.96548602988,18722.501076968096,0.14266504422170564
543,w159872797,3172.659030787088,other,124134.27925297005,137926.9769477445,155167.84906621257,nr2,-853139.1467129223,-637290.8637710032,215848.28294191905,0.13133183977418697
544,w159872802,393.79842739673325,mfh,39710.81716874246,44123.130187491624,49638.521460928074,r1,-317253.3549785221,-146861.81340673237,170391.54157178974,0.14267073675658834
545,w159872803,469.9664310747758,mfh,46940.21759095484,52155.79732328315,58675.271988693545,r1,-375009.6970020083,-104874.53590026536,270135.161101743,0.14267073675658834
546,w159872804,664.4021281981841,mfh,71285.2107419375,79205.78971326388,89106.51342742186,r2,-524242.18068363884,-146608.6232918004,377633.5573918384,0.13133183977418697
547,w159872808,295.65545226749964,other,15824.74835213696,17583.053724596622,19780.935440171197,nr1,-118144.22641089624,-92877.39681026012,25266.82960063612,0.14266504422170564
548,w159872809,678.8678823016584,other,34505.649287262946,38339.61031918105,43132.06160907868,nr1,-257611.88431782345,-196963.79605865784,60648.08825916561,0.14266504422170564
549,w159872812,337.05531151816245,mfh,38041.70913462511,42268.56570513901,47552.136418281385,r1,-303918.69804121426,-151722.53516202775,152196.1628791865,0.14267073675658834
550,w159872814,765.4437305399682,mfh,79399.36095195425,88221.51216883806,99249.2011899428,r2,-583914.8639263535,-278265.20699972205,305649.65692663146,0.13133183977418697
551,w159872815,1229.117813373683,mfh,149792.9605537908,166436.62283754532,187241.2006922385,r2,-1101600.0019423277,-562162.894775466,539437.1071668618,0.13133183977418697
552,w159872820,336.8380303993821,mfh,38637.43829336847,42930.48699263163,48296.797866710585,r1,-308678.0328458032,-163307.72194591077,145370.3108998924,0.14267073675658834
553,w159872826,1791.1392054180615,th,178358.86709907744,198176.51899897493,222948.5838738468,r2,-1311677.9828396467,-627614.5325949186,684063.4502447281,0.13133183977418697
554,w159872827,157.03123329076917,th,22144.882072210334,24605.424524678147,27681.102590262915,r1,-176917.49084787053,-100667.06819989608,76250.42264797445,0.14267073675658834
555,w159872832,35.670331929810345,sfh,3676.201183569743,4084.667981744159,4595.251479462178,r0,-36038.56647822547,-28893.07346531785,7145.4930129076165,0.175067585277735
556,w159872833,162.84196072258055,mfh,21239.15922568886,23599.065806320956,26548.949032111075,r1,-169681.5880831747,-92564.4491040292,77117.13897914549,0.14267073675658834
557,w159872834,33.79703346360475,sfh,4555.214293213258,5061.349214681398,5694.017866516572,r0,-44655.71521554199,-34510.16218742433,10145.553028117662,0.175067585277735
558,w159872835,42.916394099872555,th,6704.477568681241,7449.419520756934,8380.59696085155,r1,-53562.685275502365,-33424.800840484466,20137.8844350179,0.14267073675658834
559,w159872839,58.88304680213332,other,5318.843004436388,5909.8255604848755,6648.553755545484,nr1,-39709.35765782884,-40554.29072387202,-844.9330660431806,0.14266504422170564
560,w159872840,318.65718863122163,other,26659.24765591642,29621.386284351578,33324.05956989552,nr1,-199032.30818703162,-144267.22586598215,54765.08232104947,0.14266504422170564
561,w159872842,48.8293092939537,other,2375.76436505535,2639.7381833948334,2969.7054563191873,nr0,-21748.490123702108,-17763.781308216,3984.7088154861085,0.17493134394287643
562,w159872843,143.51003436879253,mfh,19080.71500207315,21200.794446747943,23850.893752591437,r1,-152437.5795157786,-93045.99985727647,59391.57965850213,0.14267073675658834
563,w159872845,162.83680398128925,mfh,21498.13375395689,23886.81528217432,26872.667192446108,r1,-171750.55930574838,-100025.14039789034,71725.41890785804,0.14267073675658834
564,w159872848,156.42925329236314,mfh,21291.72814453538,23657.47571615042,26614.660180669223,r1,-170101.56598996982,-47570.29733290045,122531.26865706936,0.14267073675658834
565,w159872851,167.48750086340587,mfh,20694.65294755158,22994.058830612867,25868.316184439474,r1,-165331.4775626112,-94586.08108447387,70745.39647813732,0.14267073675658834
566,w159872853,143.46053532976657,th,18641.830787650975,20713.145319612195,23302.288484563716,r1,-148931.2933348398,-41649.85704205393,107281.43629278587,0.14267073675658834
567,w159872855,768.5454076524824,other,30902.518900127714,34336.13211125301,38628.14862515964,nr1,-230711.67442044456,-174682.07323348767,56029.60118695689,0.14266504422170564
568,w159872857,315.41669200100006,mfh,33248.68266430212,36942.98073811347,41560.85333037765,r1,-265626.7706364127,-136976.61791021517,128650.15272619756,0.14267073675658834
569,w159872858,136.24142913175746,other,12600.205042488164,14000.227824986849,15750.256303110204,nr1,-94070.4676142552,-84956.68029946066,9113.78731479455,0.14266504422170564
570,w159872860,131.01957194106652,other,10778.366395040914,11975.96266115657,13472.957993801141,nr1,-80469.00534398388,-63187.82956797463,17281.17577600925,0.14266504422170564
571,w159872862,156.42902136784977,mfh,20547.76308719318,22830.847874659088,25684.703858991474,r1,-164157.96101640147,-81507.23691216733,82650.72410423415,0.14267073675658834
572,w159872865,158.90607472276315,mfh,21250.92912058293,23612.143467314363,26563.66140072866,r1,-169775.61885134102,-47479.14354363848,122296.47530770254,0.14267073675658834
573,w159872867,192.56274920739233,mfh,23626.608294376343,26251.78699375149,29533.260367970426,r1,-188755.13732954083,-98183.0768595771,90572.06046996373,0.14267073675658834
574,w159872868,54.98272090442479,other,4338.732794656411,4820.814216284901,5423.415993320514,nr0,-39718.11713396459,-31652.12278138549,8065.994352579099,0.17493134394287643
575,w159872870,315.09365436807275,mfh,33572.70898486998,37303.00998318887,41965.886231087476,r1,-268215.44658495043,-137153.43407395287,131062.01251099756,0.14267073675658834
576,w159872874,56.548262861557305,th,6258.9085433516675,6954.342825946297,7823.635679189584,r1,-50002.99352804609,-45463.91934865308,4539.074179393014,0.14267073675658834
577,w159872876,86.08918008172186,other,7937.8236826816055,8819.804091868451,9922.279603352006,nr1,-59262.113842705694,-52079.46339911746,7182.650443588231,0.14266504422170564
578,w159872878,413.8979488207959,mfh,49390.03592714167,54877.81769682407,61737.544908927084,r1,-394581.52003804845,-202697.79852662163,191883.72151142682,0.14267073675658834
579,w159872879,205.3686287334189,mfh,25436.2263636754,28262.47373741711,31795.282954594248,r1,-203212.34180547335,-112168.27209004892,91044.06971542443,0.14267073675658834
580,w159872883,329.8948070596903,th,38258.33027645758,42509.25586273064,47822.91284557197,r1,-305649.30418093695,-177929.8011231581,127719.50305777884,0.14267073675658834
581,w159872884,900.053558271192,other,37831.76819712391,42035.297996804344,47289.71024640488,nr1,-282443.9850761974,-237632.98262694123,44811.00244925619,0.14266504422170564
582,w159872887,1008.3728146322071,other,88407.21114906944,98230.23461007715,110509.01393633679,nr2,-607597.2981587329,-391731.7665991746,215865.53155955835,0.13133183977418697
583,w159872892,458.9937253634445,other,39649.09661200691,44054.55179111879,49561.370765008636,nr1,-296011.774903446,-215620.74021481106,80391.03468863497,0.14266504422170564
584,w159872895,353.7920229201671,th,49227.57275316536,54697.30305907262,61534.4659414567,r1,-393283.58686318016,-193964.28227190097,199319.3045912792,0.14267073675658834
585,w159872899,2008.66189844124,other,87830.35072413228,97589.2785823692,109787.93840516535,nr2,-603632.7026121602,-424604.02642551786,179028.67618664238,0.13133183977418697
587,w160025355,131.5437356668757,ab,15822.357973565722,17580.397748406358,19777.94746695715,r1,-126406.26682283549,-88692.77861262122,37713.48821021427,0.14267073675658834
588,w160025360,102.43726858533918,mfh,14598.10513130861,16220.116812565122,18247.63141413576,r1,-116625.5987520263,-68062.39485968795,48563.20389233835,0.14267073675658834
589,w160025362,106.2412323884666,mfh,12893.32495058692,14325.916611763245,16116.65618823365,r1,-103005.95376873032,-72372.92582079027,30633.02794794005,0.14267073675658834
590,w160025367,104.2175793532282,mfh,14296.527182761089,15885.030203067876,17870.65897845136,r1,-114216.26490332496,-65313.362555281885,48902.90234804308,0.14267073675658834
591,w160025369,103.97346241511406,mfh,13712.751918131698,15236.391020146331,17140.939897664623,r1,-109552.4308535203,-63739.1305563886,45813.300297131704,0.14267073675658834
592,w160025373,103.9182820610702,mfh,12692.477684318626,14102.75298257625,15865.597105398283,r1,-101401.36656542198,-57594.97650744042,43806.39005798156,0.14267073675658834
593,w160025375,104.46434533819556,mfh,15200.83881015165,16889.8209001685,19001.048512689562,r1,-121440.89330914803,-33961.94132292619,87478.95198622183,0.14267073675658834
594,w160025376,101.26918978765606,other,6767.594541506047,7519.5494905622745,8459.493176882557,nr1,-50525.43041930049,-42659.48518835985,7865.945230940633,0.14266504422170564
595,w160025380,128.15635424628857,th,16535.50385671767,18372.782063019633,20669.379820897087,r1,-132103.65459145492,-81804.97995901393,50298.67463244099,0.14267073675658834
596,w160025381,64.08582323277369,th,8805.145795153388,9783.495327948209,11006.432243941736,r1,-70345.11611073706,-57489.09781988876,12856.018290848297,0.14267073675658834
597,w160025384,125.48521707579494,mfh,13228.087159594033,14697.874621771149,16535.10894949254,r1,-105680.39971317501,-62846.84577220774,42833.55394096727,0.14267073675658834
598,w160025385,125.6767025694251,mfh,12483.801305090501,13870.890338989446,15604.751631363126,r1,-99734.23186170695,-56763.85073415775,42970.381127549204,0.14267073675658834
599,w160025388,125.67682776004075,mfh,12887.497210468891,14319.441344965435,16109.371513086113,r1,-102959.39541923748,-55646.702475978105,47312.692943259375,0.14267073675658834
600,w160025389,125.54291224256157,mfh,15947.091501286146,17718.990556984605,19933.864376607682,r1,-127402.77439857883,-74652.5442168645,52750.23018171433,0.14267073675658834
601,w160025392,101.23846836648882,other,7707.166695034264,8563.51855003807,9633.95836879283,nr1,-57540.077525573164,-49654.16373061924,7885.913794953922,0.14266504422170564
602,w160025393,241.441205301648,mfh,29760.98461218925,33067.76068021028,37201.23076523656,r1,-237763.2315034077,-131956.88212690433,105806.34937650338,0.14267073675658834
603,w160025394,520.9474028991534,mfh,62962.95736238052,69958.84151375612,78703.69670297565,r2,-463039.0753762145,-129492.67318148419,333546.40219473036,0.13133183977418697
604,w160025395,347.3527018059045,mfh,41270.74084393225,45856.37871548028,51588.42605491531,r1,-329715.72807352676,-208128.60416672207,121587.12390680469,0.14267073675658834
605,w160025396,362.18757194392384,mfh,37666.70161233902,41851.89068037669,47083.37701542377,r1,-300922.72860341857,-155803.1278177807,145119.60078563786,0.14267073675658834
606,w160025398,216.67090053744613,mfh,25759.482837806354,28621.647597562616,32199.353547257942,r1,-205794.867380326,-116670.74300165221,89124.12437867379,0.14267073675658834
607,w160025399,277.5212213275954,mfh,34672.16062353594,38524.62291503994,43340.20077941992,r1,-276999.0664112874,-77465.059615605,199534.00679568242,0.14267073675658834
608,w160025402,733.1297983160242,mfh,73752.53405858297,81947.26006509218,92190.66757322871,r2,-542387.2481177856,-276377.6195628366,266009.62855494895,0.13133183977418697
609,w160025403,118.93753181435167,th,13366.26539456982,14851.405993966466,16707.831743212275,r1,-106784.31828641416,-62056.49692468991,44727.82136172424,0.14267073675658834
610,w160025405,118.80893169231713,mfh,11413.826109522666,12682.02901058074,14267.282636903332,r1,-91186.10203865993,-46612.76604619491,44573.335992465014,0.14267073675658834
611,w160025406,118.8714888818562,mfh,12694.703117102687,14105.225685669651,15868.378896378357,r1,-101419.14575173342,-48960.82488485778,52458.32086687564,0.14267073675658834
612,w160025409,118.87152101863175,mfh,13545.552141340295,15050.613490378106,16931.94017667537,r1,-108216.65652499588,-61945.61884761172,46271.03767738416,0.14267073675658834
613,w160025412,678.325670054555,mfh,83112.16289052342,92346.84765613714,103890.20361315427,r2,-611219.368808414,-170932.50694445975,440286.8618639542,0.13133183977418697
614,w160025415,1309.668819526094,mfh,134843.0872649352,149825.65251659465,168553.85908116898,r2,-991656.381206379,-482096.3388471502,509560.0423592288,0.13133183977418697
615,w160025422,678.3786613484378,mfh,78555.95700031816,87284.39666702018,98194.9462503977,r2,-577712.3441862696,-279461.0556367889,298251.28854948067,0.13133183977418697
616,w160025427,555.729584345687,mfh,68356.5049155554,75951.67212839489,85445.63114444424,r2,-502704.0367541552,-140585.30478346432,362118.7319706909,0.13133183977418697
617,w160025428,926.2977557130158,mfh,100962.61735123128,112180.68594581253,126203.2716890391,r2,-742494.3005267561,-368152.4835982863,374341.8169284698,0.13133183977418697
618,w160025434,188.0208901744336,mfh,25126.424219116037,27918.249132351153,31408.030273895045,r1,-200737.30410168212,-108158.05488472075,92579.24921696137,0.14267073675658834
619,w160025437,385.6369404070079,mfh,43222.04791881172,48024.497687568575,54027.55989851464,r1,-345304.89899056643,-173960.66315156844,171344.235838998,0.14267073675658834
620,w160025438,514.208815998584,mfh,66439.19135967275,73821.32373296973,83048.98919959094,r2,-488603.8239732888,-136642.06469311425,351961.75928017456,0.13133183977418697
621,w160025439,231.99735509790483,mfh,23422.747428464972,26025.274920516636,29278.434285581214,r1,-187126.47420270607,-107579.35189929085,79547.12230341522,0.14267073675658834
622,w160025441,239.19352681115268,mfh,29974.211052689745,33304.67894743305,37467.76381586218,r1,-239466.71706331093,-66968.83044984404,172497.8866134669,0.14267073675658834
623,w160025442,258.45977183450015,mfh,26407.168715404667,29341.29857267185,33008.96089425583,r1,-210969.28916991365,-108615.00120769246,102354.28796222119,0.14267073675658834
624,w160025445,358.2598954875022,mfh,37036.861616907394,41152.06846323044,46296.07702113424,r1,-295890.87920074194,-154776.71837146915,141114.1608292728,0.14267073675658834
625,w160025446,282.03160609211767,mfh,32653.249972380814,36281.3888582009,40816.56246547602,r1,-260869.80433241487,-72954.379255981,187915.42507643386,0.14267073675658834
626,w160025449,151.84076374266294,mfh,15398.815708212785,17109.79523134754,19248.51963526598,r1,-123022.54887798823,-73273.75757980628,49748.79129818195,0.14267073675658834
627,w160025451,187.46145662125198,mfh,22242.272514884975,24713.63612764997,27802.840643606218,r1,-177695.55201317175,-97796.1382626887,79899.41375048304,0.14267073675658834
628,w160025452,105.00601281486452,mfh,13097.326417448377,14552.584908275974,16371.658021810472,r1,-104635.74016943121,-61651.26063528344,42984.47953414777,0.14267073675658834
629,w160025453,104.94913844838739,mfh,14710.976976171565,16345.52997352396,18388.721220214455,r1,-117527.34225715804,-68479.6840361154,49047.65822104264,0.14267073675658834
630,w160025454,86.96602670811116,mfh,9958.714429546208,11065.238255051341,12448.393036932759,r1,-79561.08157183521,-61534.831717457746,18026.249854377464,0.14267073675658834
631,w160025455,103.15431486908346,mfh,14454.34817374303,16060.386859714477,18067.935217178787,r1,-115477.11125313182,-67476.90769854981,48000.20355458201,0.14267073675658834
632,w160025456,162.83409464433788,mfh,15439.821255317227,17155.356950352474,19299.776569146532,r1,-123350.14594899115,-61191.48436339594,62158.66158559521,0.14267073675658834
633,w160025457,103.20248084068298,mfh,13888.002639595677,15431.114043995196,17360.003299494594,r1,-110952.52491631932,-63521.57604290315,47430.94887341617,0.14267073675658834
634,w160025458,101.69107806179672,mfh,14620.583473797502,16245.09274866389,18275.729342246876,r1,-116805.18028868051,-110977.84021050985,5827.340078170659,0.14267073675658834
635,w160025459,108.44199563004076,mfh,13875.057936342178,15416.731040380198,17343.82242042772,r1,-110849.10849658353,-66583.62132336371,44265.48717321982,0.14267073675658834
636,w160025462,124.9876569705084,mfh,15710.045915399749,17455.606572666387,19637.557394249685,r1,-125508.9955048898,-74627.02536596113,50881.970138928664,0.14267073675658834
637,w160025465,103.21026510931551,mfh,13114.320013160435,14571.466681289372,16392.90001645054,r1,-104771.5035618059,-56441.11448438234,48330.38907742356,0.14267073675658834
638,w160025467,105.14285953305661,mfh,14341.115732538854,15934.573036154281,17926.394665673568,r1,-114572.48691080754,-65108.337475789805,49464.14943501773,0.14267073675658834
639,w160025469,108.37528205253183,mfh,12119.687617749969,13466.319575277743,15149.60952218746,r1,-96825.29426892153,-58866.58922952041,37958.70503940112,0.14267073675658834
640,w160025471,48.55004379618913,sfh,6829.869385996844,7588.743762218715,8537.336732496055,r1,-54564.45198710612,-37246.379637144644,17318.072349961476,0.14267073675658834
641,w160025472,101.69099241122603,mfh,13375.50809475645,14861.6756608405,16719.38511844556,r1,-106858.15906462855,-29883.760149806563,76974.39891482198,0.14267073675658834
642,w160025474,105.6897082787007,mfh,13340.076698786537,14822.307443096151,16675.09587348317,r1,-106575.09439750615,-67136.11625324633,39438.97814425982,0.14267073675658834
643,w160025476,96.35599186792969,mfh,11760.455718228655,13067.17302025406,14700.569647785818,r1,-93955.35772608573,-26275.385985055964,67679.97174102976,0.14267073675658834
644,w160025477,108.4367577029392,mfh,13789.217767408181,15321.35307489798,17236.522209260227,r1,-110163.32352594158,-60308.170210148885,49855.1533157927,0.14267073675658834
645,w160025481,105.0061043202877,mfh,13105.966754568803,14562.185282854225,16382.458443211002,r1,-104704.7686139468,-55135.67648888578,49569.09212506102,0.14267073675658834
646,w160025482,103.2132654029876,mfh,14060.161845670413,15622.402050744902,17575.202307088013,r1,-112327.92057956042,-66472.55062248073,45855.36995707969,0.14267073675658834
647,w160025484,128.51466068420558,mfh,13247.347808026228,14719.275342251365,16559.184760032786,r1,-105834.27479734189,-52418.253140271394,53416.021657070494,0.14267073675658834
648,w160025486,101.26240085978061,mfh,13302.68360909849,14780.75956566499,16628.354511373112,r1,-106276.3575796226,-59203.85058623556,47072.50699338705,0.14267073675658834
649,w160025487,105.13472320698202,mfh,14158.708934601254,15731.898816223616,17698.386168251567,r1,-113115.22229772514,-66206.02116643378,46909.20113129135,0.14267073675658834
650,w160025490,87.12732640933245,mfh,12040.780464448602,13378.644960498446,15050.975580560753,r1,-96194.8977950769,-99462.99422634582,-3268.0964312689175,0.14267073675658834
651,w160025492,101.576605540514,mfh,13964.916070301266,15516.57341144585,17456.145087876583,r1,-111566.99335776611,-64195.43011060978,47371.56324715634,0.14267073675658834
652,w160025494,105.68961535468698,mfh,14285.138779463909,15872.376421626564,17856.423474329884,r1,-114125.28190646225,-66014.14505474578,48111.13685171647,0.14267073675658834
653,w160025496,100.3227494932711,mfh,13748.271791453237,15275.857546059151,17185.339739316543,r1,-109836.20237430735,-64768.993603293,45067.20877101435,0.14267073675658834
654,w160025498,53.38166442215442,th,6600.947610690868,7334.386234100964,8251.184513363583,r1,-52735.57496010234,-44647.15885606857,8088.416104033771,0.14267073675658834
655,w160025500,108.55102695096282,mfh,13356.061664075802,14840.06851563978,16695.07708009475,r1,-106702.79974906529,-57428.407772209284,49274.39197685601,0.14267073675658834
656,w160025504,103.15687311664223,mfh,13210.204122827778,14678.004580919753,16512.75515353472,r1,-105537.53049476557,-56386.5871666442,49150.943328121364,0.14267073675658834
657,w160025505,103.09466042611747,mfh,11999.591279695112,13332.879199661236,14999.48909961889,r1,-95865.83362607865,-57477.68682371239,38388.14680236625,0.14267073675658834
658,w160025507,85.83866344131528,mfh,11973.740029139291,13304.155587932546,14967.175036424114,r1,-95659.30561799524,-60268.992784772796,35390.312833222444,0.14267073675658834
659,w160025509,108.27769679883495,mfh,14945.057217444468,16605.61913049385,18681.321521805585,r1,-119397.430741171,-72169.90873469895,47227.52200647205,0.14267073675658834
660,w160025513,105.03020258601755,mfh,11679.227174263047,12976.919082514496,14599.03396782881,r1,-93306.41544963735,-51688.80321470468,41617.61223493267,0.14267073675658834
661,w160025515,104.96566433478147,mfh,13255.429579015141,14728.255087794601,16569.286973768925,r1,-105898.84080588071,-55394.30666030247,50504.53414557824,0.14267073675658834
662,w160025517,132.51887063886969,mfh,14316.368058185923,15907.07562020658,17895.460072732403,r1,-114374.77547407176,-59458.23546812737,54916.54000594439,0.14267073675658834
663,w160032048,197.876624872908,mfh,22760.163304132715,25289.070337925237,28450.204130165894,r1,-181833.0289556167,-99227.1386857378,82605.8902698789,0.14267073675658834
664,w160032049,177.6117346536368,mfh,20420.46582699145,22689.406474434945,25525.582283739313,r1,-163140.97154708477,-121941.18395018183,41199.78759690294,0.14267073675658834
665,w160032050,605.1206229591743,mfh,68794.57954872533,76438.42172080593,85993.22443590667,r2,-505925.70361331024,-254906.8729412617,251018.83067204853,0.13133183977418697
666,w160032051,604.9254235289991,mfh,66484.26842234895,73871.4093581655,83105.33552793619,r2,-488935.32748418854,-238686.48314592463,250248.8443382639,0.13133183977418697
667,w160032052,558.9287057133391,mfh,63671.536875409336,70746.15208378815,79589.42109426166,r2,-468250.07588013046,-247479.46867277546,220770.607207355,0.13133183977418697
668,w160032053,914.9869650162756,mfh,118384.96876544278,131538.85418382531,147981.21095680346,r2,-870620.8979368077,-243476.27100348292,627144.6269333248,0.13133183977418697
669,w160032054,558.7663555394857,mfh,60610.35153484233,67344.8350387137,75762.93941855291,r2,-445737.6576420018,-226091.67065923405,219645.98698276776,0.13133183977418697
670,w160032055,915.1860893286764,mfh,117551.19343225891,130612.43714695434,146938.99179032363,r2,-864489.1885076122,-241761.48819705658,622727.7003105556,0.13133183977418697
671,w160032056,579.5610938113182,mfh,57693.31188162339,64103.67986847043,72116.63985202923,r2,-424285.3085077586,-195268.6663750103,229016.6421327483,0.13133183977418697
672,w160032057,300.306428108085,mfh,37313.43611538925,41459.37346154361,46641.79514423657,r1,-298100.4581971151,-83366.23680670175,214734.22139041335,0.14267073675658834
673,w160032058,579.3688813976943,mfh,57693.4417204568,64103.82413384089,72116.80215057099,r2,-424286.263362103,-210417.53355089383,213868.7298112092,0.13133183977418697
674,w160032059,915.3225905947387,mfh,92194.63134061452,102438.47926734947,115243.28917576815,r2,-678013.2102898272,-189611.95225576748,488401.2580340597,0.13133183977418697
675,w160032060,914.9022733874618,mfh,89683.02969465003,99647.81077183336,112103.78711831254,r2,-659542.5133502386,-303267.4861823335,356275.02716790506,0.13133183977418697
676,w160032061,434.5004198986106,mfh,54507.02112981529,60563.35681090588,68133.77641226912,r2,-400852.8462251257,-112101.7844291513,288751.0617959744,0.13133183977418697
677,w160032062,579.3681231357157,mfh,63760.568600850966,70845.07622316774,79700.7107510637,r2,-468904.8286038687,-131133.07915597936,337771.7494478894,0.13133183977418697
678,w160032063,157.0142166607082,mfh,21768.76703500984,24187.51892778871,27210.9587937623,r1,-173912.67337200022,-94134.41538057687,79778.25799142335,0.14267073675658834
679,w160032064,245.02896427586674,mfh,31648.601750868154,35165.11305652017,39560.75218858519,r1,-252843.57768757566,-127081.87705371213,125761.70063386353,0.14267073675658834
680,w160032065,177.6155174203217,mfh,23633.30432957042,26259.22703285602,29541.630411963022,r1,-188808.6325679125,-104640.41188151276,84168.22068639973,0.14267073675658834
681,w160032066,915.0334876678884,mfh,90981.15204470573,101090.16893856191,113726.44005588215,r2,-669089.10070692,-311447.4341284807,357641.66657843936,0.13133183977418697
682,w160032067,686.1767572972923,mfh,82068.33429355826,91187.03810395363,102585.41786694783,r2,-603542.8960276296,-304682.9567135584,298859.9393140712,0.13133183977418697
683,w160032068,579.4084268193692,mfh,55797.50842459628,61997.23158288475,69746.88553074535,r2,-410343.28423490643,-191772.61286962003,218570.6713652864,0.13133183977418697
684,w160032069,582.2339869499207,mfh,56337.525071553566,62597.25007950396,70421.90633944195,r2,-414314.64802355,-189998.7053647926,224315.94265875738,0.13133183977418697
685,w160032070,655.6557445708662,mfh,64738.30461673968,71931.4495741552,80922.8807709246,r2,-476095.2465849281,-225365.42596396958,250729.82062095855,0.13133183977418697
686,w160032071,187.63290931591763,mfh,21296.262178485253,23662.513531650282,26620.327723106566,r1,-170137.78880241085,-92233.11052226137,77904.67828014948,0.14267073675658834
687,w160032072,300.05888833065984,mfh,31840.051021962732,35377.83446884748,39800.06377745341,r1,-254373.0834467963,-122259.8872208814,132113.19622591493,0.14267073675658834
688,w160032074,652.9879129000007,mfh,66119.07190804384,73465.63545338204,82648.8398850548,r2,-486249.61729206383,-237151.277403444,249098.33988861984,0.13133183977418697
689,w160032075,187.48918503960593,mfh,19824.58853199762,22027.320591108466,24780.73566499702,r1,-158380.45326842487,-92622.90929139106,65757.54397703381,0.14267073675658834
690,w160032079,410.4375718038529,mfh,56450.435111772305,62722.70567974701,70563.04388971538,r2,-415145.00547202036,-116098.70392220309,299046.30154981726,0.13133183977418697
691,w160032080,367.35827468354256,mfh,37513.62238413698,41681.802649041085,46892.027980171224,r1,-299699.76463069906,-152825.26396923148,146874.50066146758,0.14267073675658834
692,w160032082,146.62608959153295,mfh,18641.24062010344,20712.48957789271,23301.550775129297,r1,-148926.57843225647,-86465.01894880507,62461.559483451405,0.14267073675658834
693,w160032083,292.00384606306903,mfh,30643.0030164966,34047.781129440664,38303.75377062075,r1,-244809.75730846124,-120340.76134202286,124468.99596643838,0.14267073675658834
694,w160032087,547.5336022242903,mfh,60767.66004008141,67519.62226675713,75959.57505010176,r2,-446894.5280919632,-124977.7181888759,321916.8099030873,0.13133183977418697
695,w160032089,324.3052944285795,mfh,36712.527765060455,40791.69751673384,45890.65970632557,r1,-293299.7463566527,-161079.32345049694,132220.42290615576,0.14267073675658834
696,w160032093,651.9691053661052,mfh,70334.93715781553,78149.93017535059,87918.6714472694,r2,-517253.7255636896,-250914.8418190038,266338.8837446858,0.13133183977418697
697,w160032096,417.5862662355881,mfh,47555.89860683755,52839.88734093061,59444.87325854694,r1,-379928.4290204248,-195711.9112960873,184216.5177243375,0.14267073675658834
698,w160032097,55.47504670508206,th,7948.649698139474,8831.832997932748,9935.812122674342,r1,-63502.49035591986,-52205.55627528333,11296.934080636529,0.14267073675658834
699,w160032099,154.26596265360712,mfh,19916.581628132146,22129.53514236905,24895.727035165182,r1,-159115.39453794155,-83465.02056507263,75650.37397286893,0.14267073675658834
700,w160032101,417.4909567882307,mfh,46112.95125263289,51236.61250292543,57641.18906579111,r1,-368400.5904661696,-186830.331503106,181570.2589630636,0.14267073675658834
701,w160032104,110.95144802480935,th,12429.560392323068,13810.622658136743,15536.950490403835,r1,-99300.89624236064,-61857.03322386616,37443.863018494485,0.14267073675658834
702,w160032105,152.98637234792113,mfh,20848.956423449432,23165.507137166034,26061.19552931179,r1,-166564.222162286,-46581.0501341913,119983.1720280947,0.14267073675658834
703,w160032106,115.7174410201609,mfh,13210.000451569256,14677.778279521395,16512.50056446157,r1,-105535.9033464295,-75729.71549433716,29806.18785209235,0.14267073675658834
704,w160032107,169.80155310891567,th,20257.197734231464,22507.997482479404,25321.49716778933,r1,-161836.6078023411,-45258.93402391909,116577.67377842202,0.14267073675658834
705,w160032108,125.84912734059617,mfh,15892.879065874109,17658.7545176379,19866.098832342635,r1,-126969.66628743266,-73538.0794377024,53431.58684973026,0.14267073675658834
706,w160032109,117.1162128248019,mfh,12173.84675432335,13526.49639369261,15217.308442904186,r1,-97257.9765707647,-60523.91482273022,36734.06174803448,0.14267073675658834
707,w160032110,214.96215275530702,mfh,27759.583627761367,30843.98180862374,34699.479534701706,r1,-221773.85575551062,-119395.94700351075,102377.90875199987,0.14267073675658834
708,w160032111,253.8681676615961,th,29680.37219464188,32978.191327379864,37100.46524330235,r1,-237119.2115173379,-133660.87865694627,103458.33286039165,0.14267073675658834
709,w160032112,125.84912488418631,th,14784.277193453934,16426.97465939326,18480.346491817418,r1,-118112.9444056777,-67446.26113430689,50666.68327137081,0.14267073675658834
710,w160032113,105.45346036842092,mfh,13847.210707174945,15385.789674638827,17309.01338396868,r1,-110626.63443258683,-64553.13161023843,46073.5028223484,0.14267073675658834
711,w160032114,381.28189064939505,mfh,38441.58971886041,42712.87746540045,48051.98714857551,r1,-307113.380648735,-150757.11041577248,156356.2702329625,0.14267073675658834
712,w160032115,139.91205219514669,mfh,18194.998750903073,20216.66527878119,22743.748438628838,r1,-145361.51127349905,-80704.66645395757,64656.84481954148,0.14267073675658834
713,w160032116,192.1807412372902,mfh,25401.90433957016,28224.338155077952,31752.3804244627,r1,-202938.14001177135,-56753.31443518276,146184.8255765886,0.14267073675658834
714,w160032117,302.6253065098543,mfh,38132.472874110405,42369.414304567115,47665.591092638,r1,-304643.8178678787,-85196.14097767624,219447.67689020245,0.14267073675658834
715,w160032118,188.54685349911452,mfh,24193.179771566014,26881.31085729557,30241.474714457516,r1,-193281.52874600972,-107645.73540140103,85635.79334460868,0.14267073675658834
716,w160032119,301.6826584111899,mfh,37828.96424629396,42032.182495882174,47286.20530786744,r1,-302219.05964569125,-152850.79372451289,149368.26592117836,0.14267073675658834
717,w160032121,128.1140758719295,mfh,17251.90075647625,19168.778618306944,21564.87594559531,r1,-137827.01502946476,-74841.14887916234,62985.86615030242,0.14267073675658834
718,w160032123,387.4767547928728,mfh,54442.01474559972,60491.1274951108,68052.51843199965,r2,-400374.7794807781,-231217.8265618428,169156.95291893528,0.13133183977418697
719,w160032125,297.0948597435839,mfh,31398.011390583837,34886.67932287093,39247.51423822979,r1,-250841.58835082507,-128320.2610682975,122521.32728252756,0.14267073675658834
720,w160032126,464.2806208854541,mfh,50568.14004669606,56186.82227410674,63210.17505837008,r2,-371885.7212496061,-191469.44333083797,180416.27791876814,0.13133183977418697
721,w160032127,228.89082276217522,mfh,26202.43345212795,29113.81494680883,32753.041815159933,r1,-209333.64040245197,-123072.07165233941,86261.56875011256,0.14267073675658834
722,w160032128,268.14993185095955,mfh,30473.596445371426,33859.55160596825,38091.99555671428,r1,-243456.35269791164,-173625.5378785521,69830.81481935954,0.14267073675658834
723,w160032129,100.24086796883493,mfh,13847.774666178364,15386.416295753737,17309.718332722954,r1,-110631.13995271109,-64160.48871411785,46470.651238593244,0.14267073675658834
724,w160032130,150.2635816658847,mfh,14029.486662093666,15588.318513437407,17536.858327617083,r1,-112082.85372880912,-58743.045001329585,53339.80872747953,0.14267073675658834
725,w160032131,100.12314690686762,mfh,14135.939899488163,15706.599888320181,17669.924874360204,r1,-112933.31839107533,-65621.95778582258,47311.36060525275,0.14267073675658834
726,w160032132,257.78643680289383,mfh,32040.0698986087,35600.07766512078,40050.087373260874,r1,-255971.05256955,-139354.39380431513,116616.65876523487,0.14267073675658834
727,w160032133,136.6476590367034,mfh,17304.298376071107,19226.998195634562,21630.372970088883,r1,-138245.62441085116,-74682.43772975034,63563.18668110082,0.14267073675658834
728,w160032134,132.71697852164507,th,15243.003074861019,16936.67008317891,19053.753843576273,r1,-121777.7474812092,-74009.75514178826,47767.99233942093,0.14267073675658834
729,w160032135,165.9338162511587,mfh,22655.11538553312,25172.350428370133,28318.8942319164,r1,-180993.79151389856,-100406.62003975711,80587.17147414145,0.14267073675658834
730,w160032136,153.4784858365543,mfh,20651.507489251788,22946.119432501986,25814.384361564735,r1,-164986.78454510088,-100708.8175351911,64277.96700990977,0.14267073675658834
731,w160032137,244.7570460377261,mfh,31882.694606522888,35425.21622946987,39853.368258153605,r1,-254713.76694904032,-130713.0485895596,124000.71835948071,0.14267073675658834
732,w160032138,345.56507694348693,mfh,33660.554635708184,37400.61626189798,42075.693294635224,r1,-268917.25353418203,-133602.26211413956,135314.99142004247,0.14267073675658834
733,w160032139,170.051029805094,mfh,20953.231302739754,23281.36811415528,26191.53912842469,r1,-167397.28372216935,-89706.2033638186,77691.08035835075,0.14267073675658834
734,w160032140,210.13578363517297,mfh,25061.983224774885,27846.648027527648,31327.479030968607,r1,-200222.47909654537,-117305.55957255822,82916.91952398715,0.14267073675658834
735,w160032141,252.5825279586017,mfh,26752.030081941455,29724.477868823837,33440.03760242682,r1,-213724.41820871853,-109976.34105270261,103748.07715601592,0.14267073675658834
736,w160032142,252.46278136584442,mfh,34459.97295454553,38288.858838383916,43074.96619318191,r1,-275303.8796921063,-76990.98675333055,198312.8929387757,0.14267073675658834
737,w160032143,236.73276664549485,mfh,29576.02728282697,32862.25253647441,36970.03410353371,r1,-236285.59046120214,-120987.69793256835,115297.89252863379,0.14267073675658834
738,w160032144,216.15235636769793,mfh,24178.437367510116,26864.93040834457,30223.046709387643,r1,-193163.75032993458,-106185.3405440999,86978.40978583468,0.14267073675658834
739,w160032145,143.2480424195528,mfh,18000.89068230275,20000.989647003054,22501.113352878438,r1,-143810.76413751906,-40217.85907659893,103592.90506092014,0.14267073675658834
740,w160032146,425.3107569515705,mfh,43179.60460429989,47977.3384492221,53974.50575537486,r1,-344965.8154640787,-176931.3573566416,168034.4581074371,0.14267073675658834
741,w160032147,237.48158785337583,mfh,32014.72814949744,35571.92016610827,40018.4101868718,r1,-255768.59501516612,-141113.34708964,114655.24792552611,0.14267073675658834
742,w160032148,183.97369813346305,th,23560.800292201195,26178.66699133466,29451.000365251493,r1,-188229.39117363113,-102513.20556171845,85716.18561191268,0.14267073675658834
743,w160032149,343.71558685973287,mfh,34361.6584028396,38179.620447599555,42952.0730035495,r1,-274518.43573512655,-140625.48881928503,133892.94691584152,0.14267073675658834
744,w160032150,136.78365420317277,mfh,19017.245100468906,21130.27233385434,23771.556375586133,r1,-151930.51265944727,-85794.52440348332,66135.98825596395,0.14267073675658834
745,w160032151,156.68413198292254,mfh,18994.198311231074,21104.66479025675,23742.74788903884,r1,-151746.38974965882,-99946.35575615501,51800.03399350381,0.14267073675658834
746,w160032152,131.687454425171,th,16816.435705141692,18684.928561268545,21020.544631427114,r1,-134348.04485555136,-37571.53205896571,96776.51279658565,0.14267073675658834
747,w160032153,131.7784823913127,mfh,14664.81319433541,16294.236882594898,18331.01649291926,r1,-117158.53557650518,-57428.44759896514,59730.08797754004,0.14267073675658834
748,w160032155,131.65618118494749,mfh,16155.971644692994,17951.079605214436,20194.96455586624,r1,-129071.53699297787,-68073.91825316564,60997.61873981223,0.14267073675658834
749,w160032156,597.6746075108182,mfh,62825.58869422202,69806.20966024668,78531.98586777752,r2,-462028.8454925753,-249988.878698844,212039.96679373132,0.13133183977418697
750,w160032157,145.99030133634804,mfh,18497.65764028637,20552.95293365152,23122.072050357958,r1,-147779.48085752726,-125802.32631637667,21977.154541150594,0.14267073675658834
751,w160032158,192.3817300193943,mfh,24447.84564861781,27164.27294290868,30559.807060772262,r1,-195316.0777594414,-101297.3520396383,94018.7257198031,0.14267073675658834
752,w160032159,156.72131929650496,mfh,19753.449044420944,21948.276716023272,24691.81130552618,r1,-157812.11338739825,-81031.90959827146,76780.20378912678,0.14267073675658834
753,w160032160,462.61881872685626,other,21516.45961733097,23907.177352589966,26895.57452166371,nr1,-160637.33969251908,-112348.8034307857,48288.536261733374,0.14266504422170564
754,w160032161,876.0951372385025,trade,41598.98809684389,46221.0978853821,51998.73512105486,nr1,-310569.25259187643,-86857.35773987578,223711.89485200064,0.14266504422170564
755,w160032162,197.75498196221892,mfh,21819.024375477275,24243.36041719697,27273.78046934659,r1,-174314.18386743625,-92010.20568514608,82303.97818229017,0.14267073675658834
756,w160032163,355.37988740094,mfh,43004.925360010486,47783.25040001165,53756.1567000131,r1,-343570.2869847618,-171466.89775320396,172103.38923155787,0.14267073675658834
757,w160032164,218.83437259588393,mfh,24626.450963512878,27362.723292792085,30783.063704391097,r1,-196742.97197636665,-106489.4827734772,90253.48920288945,0.14267073675658834
758,w160032165,192.38173281145282,mfh,24614.11645560697,27349.018284007743,30767.645569508713,r1,-196644.43046314293,-100763.62367978696,95880.80678335596,0.14267073675658834
759,w160032166,5513.669180350005,other,296885.1769801247,329872.41886680527,371106.47122515587,nr2,-2040406.3090774217,-1222417.687261592,817988.6218158298,0.13133183977418697
760,w160032167,119.51807446111924,mfh,13433.338114289052,14925.931238098947,16791.672642861315,r1,-107320.16838660323,-58750.025177015,48570.14320958823,0.14267073675658834
761,w160032168,107.41719602905214,th,13873.999853026246,15415.555392251383,17342.499816282805,r1,-110840.65537207591,-30997.49788860916,79843.15748346676,0.14267073675658834
763,w160032170,37.81535124108195,sfh,4769.791538029326,5299.76837558814,5962.239422536657,r0,-46759.26067344025,-33311.43941276845,13447.8212606718,0.175067585277735
764,w160032171,82.13437312801835,th,9646.465808249995,10718.295342499994,12058.082260312494,r1,-77066.49874135102,-46074.89109661382,30991.607644737203,0.14267073675658834
765,w160032172,100.39566505721304,th,14312.979822175337,15903.310913528152,17891.22477771917,r1,-114347.70654629702,-71229.39303591332,43118.3135103837,0.14267073675658834
766,w160032173,119.7984774223063,mfh,12295.751901574888,13661.94655730543,15369.689876968609,r1,-98231.8879559261,-51831.149442786395,46400.7385131397,0.14267073675658834
767,w160032174,119.65868240431882,mfh,13051.979082176204,14502.19898019578,16314.973852720253,r1,-104273.45615514615,-54178.422001783554,50095.0341533626,0.14267073675658834
768,w160032175,69.26172256879508,th,7386.415528105403,8207.128364561559,9233.019410131752,r1,-59010.75008351684,-42946.529562417556,16064.220521099283,0.14267073675658834
769,w160032176,103.52918697646818,th,13372.589931875937,14858.433257639928,16715.73741484492,r1,-106834.84559413804,-63238.94908523298,43595.896508905054,0.14267073675658834
770,w160032177,62.96843930834439,th,7111.322358229594,7901.469286921771,8889.152947786992,r1,-56813.00555703368,-15888.222727374421,40924.782829659256,0.14267073675658834
771,w160032178,300.84989367914386,mfh,31793.30178992664,35325.89087769627,39741.6272374083,r1,-253999.59955088212,-140512.59077165741,113487.0087792247,0.14267073675658834
772,w160127708,318.335366258584,mfh,40928.439383668316,45476.04375963146,51160.54922958539,r1,-326981.05036036554,-181092.96777919205,145888.08258117348,0.14267073675658834
773,w160127710,130.057766958978,mfh,19160.41845180246,21289.353835336067,23950.523064753073,r1,-153074.33767470886,-42808.49335421218,110265.84432049669,0.14267073675658834
774,w160127712,149.28690248169005,mfh,19893.976263748034,22104.41807083115,24867.470329685042,r1,-158934.79821173407,-91939.61211687504,66995.18609485903,0.14267073675658834
775,w160127717,149.4986190713942,mfh,20018.073736971855,22242.30415219095,25022.59217121482,r1,-159926.2242898558,-92225.10024082227,67701.12404903353,0.14267073675658834
776,w160127718,161.62649620659647,mfh,19998.168014560528,22220.18668284503,24997.710018200658,r1,-159767.19565059533,-91889.73269723711,67877.46295335822,0.14267073675658834
777,w160127719,242.7560603125021,mfh,26016.569220877962,28907.299134308847,32520.71152609745,r1,-207848.7540380138,-110081.9334390091,97766.82059900471,0.14267073675658834
778,w164087844,70.24407002975931,other,5531.1032271675895,6145.670252408432,6913.879033959486,nr1,-41294.04761651599,-42499.35586036318,-1205.3082438471902,0.14266504422170564
779,w164087850,88.49543042890728,other,9571.515035104732,10635.016705671924,11964.393793880914,nr1,-71458.90817593985,-70088.79557899176,1370.1125969480927,0.14266504422170564
780,w164087857,77.59434223277493,other,5732.685063821826,6369.65007091314,7165.856329777282,nr1,-42799.015001781634,-40437.58585758118,2361.429144200454,0.14266504422170564
786,w164088149,49.229225591477004,other,5037.637509600219,5597.37501066691,6297.046887000274,nr1,-37609.93687017215,-39676.19517444046,-2066.258304268311,0.14266504422170564
788,w164088153,80.69597001839429,other,6314.859681225849,7016.51075691761,7893.574601532311,nr1,-47145.40764441533,-51817.228734300734,-4671.821089885401,0.14266504422170564
791,w164088159,54.065223559696456,other,5119.410322922457,5688.233692136064,6399.262903653072,nr1,-38220.43541058615,-36821.45292526379,1398.9824853223618,0.14266504422170564
793,w164088169,56.479432658094446,other,4565.7132450906565,5073.014716767396,5707.14155636332,nr0,-41795.967175472244,-39766.013116579685,2029.9540588925593,0.17493134394287643
795,w164088175,32.08830586867407,other,2825.594723491785,3139.54969276865,3531.993404364731,nr0,-25866.377929283473,-25211.47750619571,654.9004230877617,0.17493134394287643
799,w164088182,35.81288355943252,other,2845.4381235960636,3161.597915106737,3556.7976544950793,nr0,-26048.030620744114,-25595.8263861479,452.2042345962145,0.17493134394287643
800,w359788107,586.4023264580406,other,46109.15580262688,51232.39533625209,57636.4447532836,nr1,-344241.2113950116,-231442.22880783575,112798.98258717582,0.14266504422170564
801,w377595955,68.13203878551721,other,5269.498540512313,5854.998378347015,6586.873175640391,nr1,-39340.9623198276,-11002.544551744915,28338.417768082687,0.14266504422170564
802,w377595956,85.03076633159071,other,6722.920315991011,7469.911462212234,8403.650394988763,nr1,-50191.90209413965,-46964.23331111744,3227.6687830222145,0.14266504422170564
805,w377595969,38.68702136902139,other,3090.1691164444,3433.521240493778,3862.7113955555,nr0,-28288.37467978208,-25754.33574442474,2534.0389353573373,0.17493134394287643
814,w377595984,35.49371746703982,other,2841.029831970761,3156.699813300845,3551.287289963451,nr0,-26007.67574031679,-21715.988969316695,4291.686771000095,0.17493134394287643
818,w377595990,36.364706988167015,other,2791.57936980043,3101.754855333811,3489.474212250537,nr0,-25554.990741777845,-20635.88208761405,4919.108654163796,0.17493134394287643
819,w377595993,54.98309161569923,other,4220.0307815631595,4688.923090625733,5275.038476953949,nr0,-38631.4817767742,-30716.001046804493,7915.480729969706,0.17493134394287643
823,w377596001,68.93592455182224,other,4836.798385703419,5374.220428559354,6045.997982129273,nr0,-44277.56534657777,-35636.43706707866,8641.128279499113,0.17493134394287643
825,w377596004,35.535723760165276,other,2630.7606042728767,2923.067338080974,3288.450755341096,nr0,-24082.805458916064,-22582.300055675245,1500.5054032408189,0.17493134394287643
827,w377596008,41.66994294051546,other,3243.63691899437,3604.041021104855,4054.546148742962,nr0,-29693.266948206394,-26194.422281736643,3498.8446664697512,0.17493134394287643
831,w377596012,33.714099188242116,other,2925.7385905314077,3250.8206561460083,3657.1732381642596,nr0,-26783.126212613264,-23799.082784917566,2984.0434276956985,0.17493134394287643
836,w377596021,41.97082374822348,other,3488.321395519886,3875.9126616887625,4360.401744399857,nr0,-31933.185182275225,-25729.017296546514,6204.167885728712,0.17493134394287643
838,w377596023,32.13139781658538,other,2490.0711216668888,2766.7456907409874,3112.5889020836107,nr0,-22794.88992824693,-21396.351003150117,1398.538925096811,0.17493134394287643
844,w377596038,30.39147779517807,other,2398.685899783123,2665.2065553145812,2998.357374728904,nr0,-21958.321022329736,-6141.115801021884,15817.205221307851,0.17493134394287643
847,w377596043,50.74534401865676,other,3919.317771017566,4354.797523352851,4899.1472137719575,nr0,-35878.66081686928,-28865.703895121038,7012.9569217482385,0.17493134394287643
848,w377596044,31.44567816138733,other,2904.869813374752,3227.633125971947,3631.08726671844,nr0,-26592.086898882884,-21965.882373727432,4626.204525155452,0.17493134394287643
861,w377596072,32.00744857888203,other,2718.9974702297686,3021.108300255298,3398.7468377872106,nr0,-24890.553329890296,-22869.69568894759,2020.8576409427042,0.17493134394287643
863,w377596074,30.798605113010854,other,2855.316162411527,3172.5735137905854,3569.1452030144083,nr0,-26138.45727785691,-23348.699997842104,2789.7572800148046,0.17493134394287643
877,w377596096,31.32093481458723,other,2660.043472138398,2955.603857931553,3325.0543401729974,nr0,-24350.869990876552,-20394.199666885466,3956.6703239910858,0.17493134394287643
882,w377596101,34.10184732507914,other,2734.2308274665847,3038.0342527406497,3417.788534333231,nr0,-25030.0042469462,-21883.94994348663,3146.0543034595685,0.17493134394287643
886,w377596106,35.077698366669935,other,2779.2898943774467,3088.099882641607,3474.112367971808,nr0,-25442.48903967575,-21675.041883024478,3767.447156651273,0.17493134394287643
893,w377596115,40.14825235735625,other,3192.6172371227067,3547.352485691896,3990.771546403383,nr0,-29226.2168216782,-26204.150833235566,3022.065988442635,0.17493134394287643
895,w377596117,32.339281557500364,other,2797.665055321845,3108.5167281353833,3497.081319152306,nr0,-25610.70101060974,-22504.715301079068,3105.9857095306725,0.17493134394287643
899,w377596123,32.752713098051025,other,2913.410473739367,3237.1227485992963,3641.7630921742084,nr0,-26670.27077533201,-24362.877757824146,2307.393017507864,0.17493134394287643
901,w377596125,37.63718191203661,other,2922.0877489035165,3246.7641654483514,3652.6096861293954,nr0,-26749.705266388424,-23517.720861367143,3231.9844050212814,0.17493134394287643
909,w377596135,73.15242530554532,other,5088.204744337678,5653.560827041864,6360.255930422097,nr1,-37987.46115661609,-34253.566325840344,3733.8948307757455,0.14266504422170564
916,w377596142,40.572792674647644,other,3113.8461841117532,3459.8290934575034,3892.3077301396916,nr0,-28505.121963265156,-25584.500732133933,2920.621231131223,0.17493134394287643
917,w377596143,37.61386710904771,other,2745.329396719578,3050.3659963550867,3431.6617458994724,nr0,-25131.604021459334,-22918.652636040242,2212.951385419092,0.17493134394287643
918,w377596145,32.806498026452026,other,2693.449218590027,2992.721353988919,3366.811523237534,nr0,-24656.676643027946,-20264.0971720528,4392.579470975146,0.17493134394287643
919,w377596147,34.850180151499806,other,2595.9189583634725,2884.354398181636,3244.8986979543406,nr0,-23763.854133986777,-6646.071890788023,17117.782243198755,0.17493134394287643
929,w377596159,36.51154847629368,other,2488.2164818409556,2764.684979823284,3110.2706023011942,nr0,-22777.91197515923,-21013.648056912294,1764.2639182469356,0.17493134394287643
931,w377596161,32.13265920560807,other,2649.7963962137605,2944.2182180152895,3312.2454952672006,nr0,-24257.065052633607,-21961.613356263406,2295.451696370201,0.17493134394287643
934,w377596166,38.724472055921794,other,2981.905002903568,3313.227781003964,3727.38125362946,nr0,-27297.291120011912,-7634.2733878299805,19663.017732181932,0.17493134394287643
935,w377596167,41.94859704792034,other,3114.8432704850466,3460.9369672056073,3893.554088106308,nr0,-28514.249603809403,-26913.43515316001,1600.8144506493918,0.17493134394287643
936,w377596168,31.29673577034846,other,2563.979256552608,2848.865840614009,3204.97407069076,nr0,-23471.468113047616,-20840.123440055915,2631.3446729917014,0.17493134394287643
937,w377596169,36.7579496475868,other,3082.2442820121273,3424.7158689023636,3852.805352515159,nr0,-28215.828266544562,-23199.177343327185,5016.650923217378,0.17493134394287643
940,w379327852,945.496160332486,other,38030.77627777757,42256.41808641952,47538.47034722196,nr1,-283929.73734316276,-264187.0765711826,19742.660771980183,0.14266504422170564
941,w379327862,94.51021252730861,other,9084.066665311519,10093.407405901688,11355.083331639398,nr1,-67819.72167622566,-63072.178869199306,4747.5428070263515,0.14266504422170564
942,w387435839,3594.435384737421,other,196483.33588232234,218314.8176470248,245604.1698529029,nr2,-1350373.3741132778,-870273.1067489397,480100.26736433804,0.13133183977418697
943,w387435840,942.2609318409114,other,56823.35165188755,63137.05739098616,71029.18956485944,nr2,-390530.5289835948,-304319.5287103167,86211.0002732781,0.13133183977418697
944,w390787314,132.5826213063672,other,9844.203167691367,10938.003519657073,12305.253959614207,nr1,-73494.7401373075,-57460.20055286004,16034.539584447455,0.14266504422170564
945,w390787315,330.5195846647024,other,28537.57339615315,31708.414884614613,35671.966745191436,nr1,-213055.4911527169,-145544.53063699242,67510.96051572447,0.14266504422170564
946,w390787316,150.59577141329646,other,12304.720854223664,13671.912060248515,15380.90106777958,nr1,-91864.44511946797,-25691.863913528723,66172.58120593925,0.14266504422170564
947,w390789514,104.66224040389062,trade,10397.319493968453,11552.577215520503,12996.649367460564,nr1,-77624.18972027156,-112633.04998816909,-35008.86026789753,0.14266504422170564
948,w390789515,335.6007874913513,trade,25636.797863414322,28485.330959349245,32045.997329267902,nr1,-191398.91414555043,-111758.93935851182,79639.9747870386,0.14266504422170564
949,w390790006,38.98714106846601,trade,2776.3285059702725,3084.8094510780807,3470.4106324628406,nr0,-25415.379563890532,-36380.145814144234,-10964.766250253702,0.17493134394287643
950,w390793102,268.1788772383239,sfh,30059.790808766775,33399.76756529642,37574.738510958465,r1,-240150.42157179062,-123338.50914408593,116811.9124277047,0.14267073675658834
951,w390793103,629.0808588726446,th,87553.79058492262,97281.98953880291,109442.23823115327,r2,-643883.7681145495,-336890.0904335733,306993.67768097616,0.13133183977418697
952,w390793104,761.76513240356,mfh,80676.55852455663,89640.6205828407,100845.69815569579,r2,-593307.567316806,-286420.06890548667,306887.4984113193,0.13133183977418697
953,w390793105,324.12222724705936,th,47118.253767594215,52353.615297326905,58897.817209492765,r1,-376432.04432128865,-215463.31134365546,160968.7329776332,0.14267073675658834
954,w390793106,1475.9963392082602,mfh,145242.0290743921,161380.03230488012,181552.53634299012,r2,-1068131.766131976,-432430.95654254855,635700.8095894274,0.13133183977418697
955,w390793107,895.6360460046678,mfh,90245.7910168643,100273.10112984922,112807.23877108037,r2,-663681.144907772,-185603.87268488843,478077.27222288353,0.13133183977418697
956,w390793108,286.70933025064875,mfh,25575.074405456515,28416.749339396127,31968.843006820643,r1,-204321.6115266195,-96682.53350820254,107639.07801841696,0.14267073675658834
957,w390793793,117.72837251536548,mfh,12242.925925452717,13603.251028280796,15303.657406815895,r1,-97809.85639501514,-56412.15493205981,41397.70146295533,0.14267073675658834
958,w390794364,96.81251710766227,sfh,13040.642047928714,14489.602275476347,16300.802559910891,r1,-104182.88355032567,-81959.95492579798,22222.92862452769,0.14267073675658834
959,w475684695,267.0884538785554,mfh,32327.72471892473,35919.69413213859,40409.65589865591,r1,-258269.1532717647,-139272.3060444477,118996.84722731699,0.14267073675658834
960,w620369477,3702.806372543797,other,329831.05954184383,366478.95504649315,412288.8244273048,nr2,-2266833.8704694677,-633968.7486158565,1632865.1218536112,0.13133183977418697
961,w620369478,20480.360502976928,other,1687025.1117225294,1874472.3463583658,2108781.3896531616,nr2,-11594437.676358406,-3242633.366450964,8351804.309907442,0.13133183977418697
962,w993163452,1412.2592688187956,other,69902.24125333331,77669.15694814813,87377.80156666663,nr2,-480417.9700810785,-346852.8607567666,133565.10932431195,0.13133183977418697
963,w993163453,1066.3710880815981,other,51293.74656664398,56993.051740715535,64117.183208304974,nr2,-352527.14593361213,-250755.17353147388,101771.97240213826,0.13133183977418697
964,w993163454,1257.084109787643,other,59883.17288306017,66536.85875895574,74853.96610382521,nr2,-411559.7989802967,-283591.07926584233,127968.71971445438,0.13133183977418697
965,w993163455,1355.0658122852444,mfh,137933.86271477625,153259.84746086248,172417.3283934703,r2,-1014386.4095665938,-283681.4748453379,730704.9347212559,0.13133183977418697
966,w993163456,1286.649396429956,mfh,130250.32129646631,144722.5792182959,162812.90162058288,r2,-957880.4882600004,-454780.57097221905,503099.9172877813,0.13133183977418697
967,w993163457,923.1744978809729,ab,96260.7750734298,106956.41674825533,120325.96884178725,r2,-707916.2439664905,-338262.79682860844,369653.44713788206,0.13133183977418697
968,w993163458,923.3917086940259,ab,96786.7143031862,107540.7936702069,120983.39287898275,r2,-711784.0803079262,-336743.2914952734,375040.78881265275,0.13133183977418697
969,w993163460,1313.604391914094,ab,125644.15428679457,139604.6158742162,157055.1928584932,r2,-924006.042037416,-445387.3624970772,478618.6795403388,0.13133183977418697
970,w993163461,1099.8535498690792,ab,118342.74284405124,131491.93649339027,147928.42855506405,r2,-870310.3621485105,-422136.45637119224,448173.9057773183,0.13133183977418697
971,w993164648,226.1375619597733,ab,25333.36690212359,28148.18544680399,31666.708627654487,r1,-202390.58814752343,-136180.25753726196,66210.33061026147,0.14267073675658834
972,w993164649,158.37299746889622,other,12554.80104281894,13949.778936465487,15693.501303523673,nr1,-93731.49094950737,-76976.70482187139,16754.786127635976,0.14266504422170564
973,w993164650,163.5844805765897,other,11822.83966197053,13136.48851330059,14778.549577463164,nr1,-88266.82199056569,-70555.01786888653,17711.80412167916,0.14266504422170564
974,w993164651,162.24389737509188,other,11008.365752407117,12231.517502674575,13760.457190508896,nr1,-82186.13193243695,-66292.54465069488,15893.587281742075,0.14266504422170564
975,w993164652,173.63842588849366,other,12537.52789010725,13930.586544563612,15671.909862634062,nr1,-93602.53324228896,-75466.3116259537,18136.221616335257,0.14266504422170564
976,w1006795433,259.34726619906723,mfh,31206.31317629144,34673.68130699049,39007.8914703643,r1,-249310.09376159954,-125891.20362818045,123418.89013341909,0.14267073675658834
977,w1006849999,188.95288848243652,other,12692.659037467965,14102.954486075516,15865.823796834957,nr1,-94760.70959930455,-76459.09473445678,18301.61486484777,0.14266504422170564
978,w1007159125,240.08975319266318,education,18188.745430473453,20209.717144970502,22735.931788091813,nr1,-135793.32893327338,-102328.7380616543,33464.59087161909,0.14266504422170564
979,w1007160095,265.99824453517795,sfh,29700.45869061807,33000.5096562423,37125.57336327258,r1,-237279.6843731628,-129085.62528927856,108194.05908388425,0.14267073675658834
980,w1007176059,713.9090096209663,trade,44584.74507920726,49538.60564356363,55730.93134900908,nr1,-332860.2831398988,-243939.42974255563,88920.85339734316,0.14266504422170564
981,w1029411791,412.32884333096445,trade,24243.8769969841,26937.64110776011,30304.846246230125,nr1,-180999.66137046472,-142533.20451599435,38466.456854470365,0.14266504422170564
982,w1030080397,647.4037659055554,other,30520.396752890152,33911.551947655724,38150.49594111269,nr1,-227858.83123613222,-189070.1595907876,38788.67164534461,0.14266504422170564
983,w1030080398,123.65970464986749,other,6312.042173885407,7013.380193206007,7890.052717356758,nr1,-47124.37273013193,-39666.36750719618,7458.005222935753,0.14266504422170564
984,w1030080399,86.80603968682699,other,6773.282403048039,7525.869336720043,8466.603003810047,nr1,-50567.89479136237,-45035.92636188555,5531.968429476823,0.14266504422170564
985,w1036126248,1409.4026292502879,trade,62527.62490135226,69475.13877928029,78159.53112669032,nr2,-429734.35601632175,-332782.12017231085,96952.2358440109,0.13133183977418697
986,w1036126249,536.9865712554193,mfh,58786.42745363585,65318.25272626206,73483.0343170448,r2,-432324.24512934766,-221810.94598265525,210513.2991466924,0.13133183977418697
987,w1036126250,784.2879224468953,mfh,83022.8157791949,92247.57308799434,103778.51972399362,r2,-610562.2966893426,-286198.2590435159,324364.0376458267,0.13133183977418697
988,w1036126251,422.468481163308,mfh,52845.09736255475,58716.77484728305,66056.37170319344,r2,-388630.80843060074,-211161.5909740343,177469.21745656643,0.13133183977418697
989,w1036680208,878.3984476357698,mfh,87023.10356131091,96692.33729034546,108778.87945163864,r2,-639981.015781729,-316410.81224126625,323570.20354046277,0.13133183977418697
990,w1075387093,82.43980132825672,other,6640.5639729472905,7378.404414385878,8300.704966184112,nr1,-49577.0470441624,-43496.53746930311,6080.509574859287,0.14266504422170564
991,w1075387094,82.56877346616238,other,5523.9930738652965,6137.770082072551,6904.99134233162,nr1,-41240.964714793336,-29205.750677719934,12035.214037073401,0.14266504422170564
992,w1075387095,130.11354850369972,other,4922.185612555075,5469.095125061194,6152.732015693843,nr0,-45059.22672983127,-29902.37980709825,15156.846922733024,0.17493134394287643
993,w1075387096,86.78853361294604,other,5651.038189360073,6278.931321511192,7063.797736700091,nr1,-42189.456694281056,-30542.924482937684,11646.532211343372,0.14266504422170564
994,w1075387097,130.27800867820625,other,5001.394598025604,5557.105108917338,6251.743247532005,nr1,-37339.35495281211,-28122.18096106747,9217.173991744636,0.14266504422170564
995,w1075387098,130.18280181584413,other,4914.504272727153,5460.56030303017,6143.1303409089405,nr0,-44988.90934236576,-29789.733712143563,15199.175630222198,0.17493134394287643
996,w1075387099,86.85200681062415,other,7574.079042728552,8415.643380809503,9467.598803410689,nr1,-56546.47324343132,-47426.05203506275,9120.42120836857,0.14266504422170564
997,w1107949539,145.45949292609,other,7234.128086910359,8037.920096567066,9042.660108637949,nr1,-54008.47126077348,-15104.628259660196,38903.84300111328,0.14266504422170564
998,w1107949540,113.13991883732378,other,8157.082843669978,9063.42538185553,10196.353554587471,nr1,-60899.05639509549,-48539.654347603704,12359.402047491785,0.14266504422170564
999,w1108636740,113.13954655230044,other,8437.78627390423,9375.318082115811,10547.232842380286,nr1,-62994.72887455279,-49689.532844062465,13305.196030490326,0.14266504422170564
1000,w1108636741,169.70950587596744,other,6388.827258846157,7098.696954273508,7986.034073557696,nr1,-47697.63394482656,-34962.38149220027,12735.252452626286,0.14266504422170564
1001,w1108636742,113.35190696045755,other,7307.257952288273,8119.1755025425255,9134.072440360342,nr1,-54554.443378645396,-38665.07787299472,15889.365505650676,0.14266504422170564
1002,w1108636743,97.02220907397567,other,8465.714383767012,9406.34931529668,10582.142979708764,nr1,-63203.23423978417,-49459.163168468214,13744.071071315957,0.14266504422170564
1003,w1108636744,97.02139693088829,other,6248.685707876577,6942.984119862863,7810.857134845721,nr1,-46651.36674620229,-34153.36935894531,12497.997387256983,0.14266504422170564
1004,w1108636745,97.02220705058426,other,6051.606396825816,6724.00710758424,7564.507996032269,nr1,-45180.014265419224,-32376.535418584524,12803.4788468347,0.14266504422170564
1005,w1108636746,96.97299731615931,other,6049.968200571248,6722.186889523609,7562.46025071406,nr1,-45167.783838438765,-32359.417254879107,12808.366583559658,0.14266504422170564
1006,w1108636747,96.97299630921333,other,6204.737122419419,6894.152358243799,7755.921403024274,nr1,-46323.25589633922,-33668.76766595008,12654.488230389143,0.14266504422170564
1007,w1108636748,93.15071205198764,other,7049.813241953456,7833.125824392729,8812.266552441819,nr1,-52632.41558589525,-41360.428399989236,11271.987185906015,0.14266504422170564
1008,w1108636749,139.88183319568634,other,5418.6318681190805,6020.702075687867,6773.28983514885,nr1,-40454.36022228492,-30840.1061490479,9614.254073237022,0.14266504422170564
1009,w1108636750,139.7263257611543,other,5255.293421448891,5839.2149127209905,6569.116776811114,nr1,-39234.90990335451,-29644.418974961005,9590.490928393509,0.14266504422170564
1010,w1108636751,139.8837134392932,other,5137.657930030147,5708.508811144608,6422.072412537684,nr1,-38356.66818836027,-28039.438212882007,10317.229975478265,0.14266504422170564
1011,w1108636752,93.1510556358844,other,5632.758798770266,6258.620887522518,7040.9484984628325,nr1,-42052.986627747334,-30450.731023675155,11602.25560407218,0.14266504422170564
1012,w1108636753,93.25489941500128,other,5561.032789158997,6178.925321287774,6951.290986448746,nr1,-41517.49540030424,-30440.221534571785,11077.273865732452,0.14266504422170564
1013,w1108636754,139.72684112749994,other,6793.787494520834,7548.652771689815,8492.234368151043,nr1,-50720.98147025487,-44108.074187443264,6612.907282811604,0.14266504422170564
1014,w1159236388,245.9913005110109,other,17161.798074090097,19068.664526766774,21452.24759261262,nr1,-128126.35703047896,-121848.20262265134,6278.15440782762,0.14266504422170564
1015,w1159236389,122.96537718712352,other,11214.556910810714,12460.618789789682,14018.19613851339,nr1,-83725.51153963746,-82494.637573818,1230.8739658194536,0.14266504422170564
1016,w1159236390,245.9301320978673,other,9422.640053648083,10469.600059608982,11778.300067060103,nr1,-70347.43903123421,-87281.70619968866,-16934.267168454448,0.14266504422170564
1017,w1219742100,99.15745026543736,other,6796.05397685548,7551.171085394977,8495.06747106935,nr1,-50737.90254831198,-43995.859905980105,6742.042642331871,0.14266504422170564
1018,w1219742101,534.7382739499211,other,26665.5596979286,29628.399664365108,33331.94962241074,nr1,-199079.4325585545,-160319.8867977641,38759.54576079038,0.14266504422170564
1019,w1219742102,331.85329187787136,other,16686.177045042114,18540.19671671346,20857.72130630264,nr1,-124575.47095689156,-99041.00498385607,25534.46597303549,0.14266504422170564
1020,w1219742103,321.63751182574777,other,17114.566871985295,19016.185413316995,21393.208589981616,nr1,-127773.73885855236,-103258.28432002824,24515.45453852412,0.14266504422170564
1021,w1219742104,906.7466930493712,other,37559.58202112246,41732.868912358295,46949.477526403076,nr1,-280411.90061659913,-232838.34350284198,47573.55711375715,0.14266504422170564
1022,w1219742105,1260.638449399173,ab,128554.44727096538,142838.2747455171,160693.0590887067,r2,-945408.775150926,-470387.3040970299,475021.47105389606,0.13133183977418697
1023,w1219929093,501.3837405549362,other,33138.81990165809,36820.91100184232,41423.52487707261,nr1,-247407.4250237735,-197543.90206441618,49863.52295935733,0.14266504422170564
1024,w1242595698,177.05818741209805,other,9156.077890481276,10173.419878312528,11445.097363101595,nr1,-68357.34226274405,-57929.91121568961,10427.431047054437,0.14266504422170564
1025,w1242595699,175.70056665593293,other,9159.768067274865,10177.52007474985,11449.71008409358,nr1,-68384.89234271352,-57658.23195685068,10726.660385862837,0.14266504422170564
