,full_id,NFA,building_usage,yearly_demand_useful_renovated,yearly_demand_delivered_renovated,yearly_demand_delivered_renovated_DH,consumer_size_renovated,npv_Gas_25years_ir_0.05,npv_DH_25years_ir_0.05,savings_npv_25years_ir_0.05,operator_selling_price,savings/NFA [€/m2]
0,w24853838,27974.42320393324,trade,1197392.8826751309,1330436.536305701,1496741.1033439136,nr2,-1846983.2309463136,-7677351.430963538,-5830368.200017224,0.18769049880465344,-208.41781642873934
1,w24853840,937.1926232803613,trade,88019.54120636193,97799.49022929103,110024.4265079524,nr2,-135770.4884970877,-684238.3141326571,-548467.8256355694,0.18769049880465344,-585.224223933627
2,w24853841,8998.296452549099,trade,370411.49455784855,411568.3272864984,463014.36819731066,nr2,-571361.1872066937,-2919553.0576800248,-2348191.870473331,0.18769049880465344,-260.95960305999023
3,w25538793,404.8852469230536,trade,30724.044681390333,34137.827423767034,38405.05585173791,nr1,-51481.62126278791,-315264.75961234217,-263783.13834955427,0.2038871408334814,-651.5009878828332
4,w27689586,5481.69515059907,office,239232.2588022705,265813.6208914117,299040.3235028381,nr2,-369016.70011770434,-703156.6346430369,-334139.93452533253,0.18769049880465344,-60.9555849687876
5,w28994179,16672.165487814695,other,602602.7887910821,669558.6542123135,753253.4859888526,nr2,-929517.1717841114,-1771183.163651275,-841665.9918671636,0.18769049880465344,-50.48330359258478
6,w28994181,2845.002712316811,trade,324149.90597616514,360166.56219573907,405187.3824702064,nr2,-500002.504869771,-952748.4217521165,-452745.9168823455,0.18769049880465344,-159.13725316404165
7,w29249266,23411.247439788887,trade,2697249.5326306587,2996943.9251451762,3371561.915788323,nr2,-4160518.012531257,-7927814.223936416,-3767296.2114051594,0.18769049880465344,-160.91821766841875
8,w30213059,1747.46707642246,ab,186541.77691087977,207268.64101208863,233177.2211385997,r2,-307897.93044858123,-1057317.1540308052,-749419.223582224,0.18769049880465344,-428.8602822300314
9,w50930444,8762.936898044496,other,330222.16830016905,366913.5203335212,412777.7103752113,nr2,-509368.99338712863,-2767090.309462613,-2257721.3160754843,0.18769049880465344,-257.6443653929893
10,w50930445,4934.112452852726,other,202146.16980193532,224606.85533548368,252682.71225241915,nr2,-311811.26197281596,-1872380.1590509298,-1560568.8970781139,0.18769049880465344,-316.2815829574069
11,w50930458,1974.6456010334193,other,60554.61203303029,67282.90225892254,75693.26504128786,nr2,-93405.72722596636,-928096.2548772971,-834690.5276513307,0.18769049880465344,-422.70396632919864
12,w50930471,4724.4749339554455,other,258143.60911438576,286826.2323493175,322679.5113929822,nr2,-398187.53235364717,-2010832.4473141672,-1612644.9149605199,0.18769049880465344,-341.3384423674726
13,w50930472,9715.957844087014,other,1058464.4972369291,1176071.663596588,1323080.6215461614,nr2,-1632685.6499939947,-3111061.766889062,-1478376.116895067,0.18769049880465344,-152.1595853562482
14,w50930478,6019.835157379508,trade,680901.6527717811,756557.3919686456,851127.0659647263,nr2,-1050293.4774285918,-2001320.879896918,-951027.4024683263,0.18769049880465344,-157.9822997814973
15,w50930479,4489.048651921749,other,185541.01142931575,206156.6793659064,231926.26428664467,nr2,-286197.7398739402,-1513503.0829298021,-1227305.343055862,0.18769049880465344,-273.3998756129444
16,w50930480,4441.97852948606,other,168700.98991545063,187445.54435050068,210876.23739431327,nr2,-260221.94045596189,-1420819.1037861547,-1160597.1633301927,0.18769049880465344,-261.2793275847901
17,w50930481,1370.623297881335,other,62080.660377160784,68978.51153017864,77600.82547145098,nr2,-95759.66279882971,-627112.3784511464,-531352.7156523167,0.18769049880465344,-387.67232139834806
18,w50930482,1573.369959426485,other,63379.87619939754,70422.08466599727,79224.84524924692,nr2,-97763.70831452575,-613702.0542844093,-515938.3459698835,0.18769049880465344,-327.919281081196
19,w50930483,704.9254127380437,other,45123.70064816985,50137.445164633165,56404.62581021231,nr1,-75609.87789317896,-420239.26324497326,-344629.3853517943,0.2038871408334814,-488.8877307078465
20,w50930486,509.32494937628496,trade,30466.044901173256,33851.16100130362,38082.55612646657,nr1,-51049.31337140332,-299458.6192286722,-248409.30585726886,0.2038871408334814,-487.7226339716301
21,w98916060,2713.01504517002,other,226605.19701500298,251783.55223889218,283256.4962687537,nr2,-349539.40764783276,-666042.9012518255,-316503.49360399274,0.18769049880465344,-116.66116417874785
22,w98916062,151.14776481509907,trade,11092.043274505519,12324.492527228354,13865.054093131897,nr1,-18585.976449722642,-128400.06517628297,-109814.08872656032,0.2038871408334814,-726.5346521061509
23,w98916065,222.67857759937178,other,20948.500685227787,23276.111872475318,26185.625856534734,nr1,-35101.58865747839,-204477.87782834342,-169376.28917086503,0.2038871408334814,-760.6312695044935
24,w98916067,43210.64675020873,trade,3034378.024269405,3371531.1380771166,3792972.530336756,nr2,-4680540.036831137,-8918709.585664842,-4238169.5488337055,0.18769049880465344,-98.0816041318158
25,w98916074,4745.314506876469,trade,491122.8611791089,545692.0679767877,613903.5764738861,nr2,-757558.944985224,-1443518.946783794,-685960.00179857,0.18769049880465344,-144.55522406460952
26,w98916075,67.06430839556852,sfh,8538.96409194254,9487.737879936156,10673.705114928174,r1,-15310.900123884569,-103831.90473242679,-88521.00460854222,0.20389527621568143,-1319.9421081988153
27,w98916076,98.82164086105185,sfh,13728.213996145805,15253.571106828673,17160.267495182256,r1,-24615.551852787565,-137248.4619385677,-112632.91008578012,0.20389527621568143,-1139.7595618165014
28,w98916079,3334.9361924076916,trade,133751.88480733606,148613.2053414845,167189.85600917006,nr2,-206312.8083697132,-1364527.7083885367,-1158214.9000188236,0.18769049880465344,-347.2974693355792
29,w98916080,2976.303781049745,other,104082.21116258297,115646.90129175886,130102.76395322871,nr2,-160547.22008002846,-1001721.9590388597,-841174.7389588312,0.18769049880465344,-282.62395267399353
30,w98916086,294.4025758753764,other,20686.516731325537,22985.018590361706,25858.14591415692,nr1,-34662.60483124105,-247413.10021934,-212750.49538809896,0.2038871408334814,-722.6516098084631
31,w98916091,1116.7099465291947,trade,65522.69205707044,72802.99117452271,81903.36507133805,nr2,-101069.01020281287,-192585.71511328485,-91516.70491047198,0.18769049880465344,-81.95208182295832
32,w98916094,150.05011938810347,trade,13612.2294499376,15124.699388819556,17015.286812422,nr1,-22808.83419976017,-173985.83983924414,-151177.00563948398,0.2038871408334814,-1007.5100656765612
33,w98916098,15131.85493721813,trade,1389797.224493673,1544219.1383263033,1737246.5306170913,nr2,-2143767.6849395363,-4084922.0924629313,-1941154.407523395,0.18769049880465344,-128.28264714254925
34,w98916102,1892.1415951219387,trade,73425.17962658805,81583.53291843117,91781.47453323506,nr2,-113258.62835976391,-822808.9588815221,-709550.3305217582,0.18769049880465344,-374.9985372928876
35,w98916109,81.43322088830173,sfh,9629.8057932929,10699.784214769888,12037.257241616126,r1,-17266.847960239058,-118342.55114571904,-101075.70318547999,0.20389527621568143,-1241.2096940647964
36,w98916113,559.2398283889517,trade,50271.6825643969,55857.425071552105,62839.60320549612,nr2,-77544.26807720469,-455368.16416494467,-377823.89608773997,0.18769049880465344,-675.6026250422265
37,w98916116,6987.1012714248145,other,358101.17313169746,397890.1923685527,447626.4664146218,nr2,-552372.4679896035,-2611729.513181884,-2059357.0451922803,0.18769049880465344,-294.73696819229514
38,w98916121,458.57296650111675,other,22475.134293848154,24972.371437609057,28093.917867310192,nr1,-37659.63640350452,-233495.76412108983,-195836.1277175853,0.2038871408334814,-427.05554409760083
39,w98916126,1235.1179318586364,trade,54455.49615433791,60506.10683815323,68069.37019292239,nr2,-83997.81699488513,-546127.411501501,-462129.5945066159,0.18769049880465344,-374.15827475777286
40,w99055014,379.03616306802724,mfh,51250.231128429565,56944.70125381063,64062.788910536954,r2,-84591.453779245,-373713.22087875527,-289121.7670995103,0.18769049880465344,-762.7814843820598
41,w99055018,363.825429549627,mfh,39011.950831555296,43346.61203506144,48764.93853944412,r1,-69950.88354844647,-287731.0109837901,-217780.12743534363,0.20389527621568143,-598.5841278465052
42,w99055022,32.828185592684896,sfh,3912.1656857345315,4346.850761927257,4890.207107168164,r0,-8607.630451403838,-54022.66829951404,-45415.03784811021,0.25019464024718985,-1383.4160197458505
43,w99055023,57.57688737055287,sfh,7638.842228320924,8487.602475912137,9548.552785401154,r1,-13696.924961927867,-76736.1897065699,-63039.26474464203,0.20389527621568143,-1094.8710085513035
44,w99055025,2922.078992408514,trade,131771.14343422168,146412.38159357963,164713.9292927771,nr2,-203257.50701130647,-1095857.176386514,-892599.6693752075,0.18769049880465344,-305.4673305184968
45,w99055028,168.94065034445376,ab,18863.996140229203,20959.99571136578,23579.9951752865,r1,-33824.33252213011,-151231.36266689663,-117407.03014476653,0.20389527621568143,-694.960211798551
46,w99055030,502.22660109587014,other,33719.73290267432,37466.369891860355,42149.66612834289,nr1,-56501.23661710844,-346276.84277719486,-289775.6061600864,0.2038871408334814,-576.9817957228655
47,w99055036,2513.4158389533286,other,94056.81089942587,104507.56766602874,117571.01362428232,nr2,-145083.00074359222,-925662.1606952456,-780579.1599516533,0.18769049880465344,-310.56506760803774
48,w99055038,337.97397138923407,other,24561.514626422148,27290.57180713572,30701.893283027683,nr1,-41155.60326612149,-273501.6396968302,-232346.0364307087,0.2038871408334814,-687.4672492548931
49,w99055039,2475.299022556655,other,95255.37369289662,105839.30410321847,119069.21711612078,nr2,-146931.7885665421,-820346.4636659757,-673414.6750994336,0.18769049880465344,-272.05386862872257
50,w99055040,101.95110847079195,trade,7536.8851086504455,8374.316787389384,9421.106385813056,nr1,-12628.90575405614,-107827.7739575397,-95198.86820348355,0.2038871408334814,-933.7698199795165
51,w99055041,189.90211718752977,ab,21595.11692946048,23994.5743660672,26993.8961618256,r1,-38721.404014636195,-196612.73779827767,-157891.33378364146,0.20389527621568143,-831.4353527071137
52,w99055043,190.2007592998445,sfh,29155.98911223378,32395.543458037533,36444.98639029222,r1,-52278.52377687235,-252967.52963882277,-200689.00586195043,0.20389527621568143,-1055.1430320294967
53,w99055048,47.74609960326925,sfh,5769.180841789516,6410.2009353216845,7211.476052236895,r1,-10344.504405237867,-76423.54197768017,-66079.0375724423,0.20389527621568143,-1383.9672375650507
54,w99055050,194.95880112051967,trade,16984.909900636445,18872.122111818273,21231.137375795555,nr1,-28460.142788972567,-193983.0788043455,-165522.93601537295,0.2038871408334814,-849.0149460503194
55,w99055053,122.33706042193808,ab,14174.508663259385,15749.454070288204,17718.13582907423,r1,-25415.78628408657,-158632.32950454333,-133216.54322045675,0.20389527621568143,-1088.9303924828303
56,w99055057,303.91877080444243,ab,36040.58788819037,40045.09765354486,45050.73486023796,r1,-64623.04275091918,-282474.7351622877,-217851.69241136854,0.20389527621568143,-716.8089415297943
57,w99055067,194.8848727118224,sfh,21931.666176569037,24368.517973965598,27414.582720711296,r1,-39324.85799965881,-188604.33399351372,-149279.47599385493,0.20389527621568143,-765.9880108529281
58,w99055068,348.37368724122643,ab,40200.04013772175,44666.71126413528,50250.05017215219,r1,-72081.20246173654,-402858.7900588976,-330777.58759716107,0.20389527621568143,-949.4907328294252
59,w99055094,263.70872883694244,other,16614.595860209945,18460.66206689994,20768.24482526243,nr1,-27839.639617100893,-207686.73172094993,-179847.09210384905,0.2038871408334814,-681.9914262870415
60,w99055100,85.6876405166462,sfh,12089.433153049305,13432.703503388117,15111.79144131163,r1,-21677.1146438453,-124544.63480568773,-102867.52016184243,0.20389527621568143,-1200.4942549661962
61,w99055110,94.65369866762775,sfh,12604.978915374657,14005.532128194063,15756.22364421832,r1,-22601.520648047117,-150742.43959567248,-128140.91894762535,0.20389527621568143,-1353.7867061865854
62,w99055113,801.3236896117684,education,39333.930829421224,43704.367588245805,49167.41353677653,nr1,-65908.46194685738,-401940.75079771224,-336032.28885085485,0.2038871408334814,-419.34650529757636
63,w99055118,54.3237798044458,other,6219.479772060365,6910.533080067072,7774.349715075456,nr1,-10421.443706294365,-76002.48380242632,-65581.04009613195,0.2038871408334814,-1207.2252765218093
64,w99055131,500.74276516167447,th,69240.53713621371,76933.93015134857,86550.67142026713,r2,-114285.48843283231,-546581.3836009797,-432295.8951681474,0.18769049880465344,-863.3093181657299
65,w99055135,663.0715527065098,ab,68880.52212837798,76533.91347597554,86100.65266047248,r2,-113691.26295863191,-436064.01277001976,-322372.74981138785,0.18769049880465344,-486.1809385360213
66,w99055142,64.54166975589469,sfh,9032.758360397225,10036.398178219139,11290.947950496531,r1,-16196.304330372614,-91168.82993004106,-74972.52559966844,0.20389527621568143,-1161.6142855185597
67,w99055146,149.08371188635937,sfh,17342.70904751041,19269.67671945601,21678.38630938801,r1,-31096.569003561035,-133231.27084916475,-102134.70184560372,0.20389527621568143,-685.0829010982566
68,w99055147,57.659734526090325,sfh,7330.462267285426,8144.958074761584,9163.077834106782,r1,-13143.980280022335,-87744.28026921445,-74600.2999891921,0.20389527621568143,-1293.8023492882435
69,w99055152,1635.3717537612654,other,76892.01538215307,85435.57264683674,96115.01922769133,nr2,-118606.23614800141,-696003.4008568778,-577397.1647088764,0.18769049880465344,-353.0678351151012
70,w99055158,567.1104306213557,trade,39120.40099323338,43467.11221470375,48900.50124154172,nr1,-65550.6684900087,-402820.26007477153,-337269.59158476285,0.2038871408334814,-594.7159025363592
71,w99055160,362.3993257842958,ab,41269.65009818708,45855.16677576342,51587.06262273384,r1,-73999.08045019771,-358650.1547638434,-284651.0743136457,0.20389527621568143,-785.4624831257917
72,w99055171,150.93386064656082,sfh,16885.70894548665,18761.8988283185,21107.136181858314,r1,-30277.13905358697,-146568.0983587137,-116290.95930512673,0.20389527621568143,-770.4762788612638
73,w99055172,71.28885925472714,sfh,9019.499646113589,10021.666273459543,11274.374557641986,r1,-16172.530621058228,-107489.5003698792,-91316.96974882096,0.20389527621568143,-1280.9430632426029
74,w99055173,413.9677898917347,ab,46033.80958093352,51148.67731214836,57542.2619761669,r1,-82541.51829501994,-337855.67705462006,-255314.15875960013,0.20389527621568143,-616.7488509827604
75,w99055181,184.62117180265486,other,15209.502381678169,16899.44709075352,19011.87797709771,nr1,-25485.24614284584,-174622.39429803882,-149137.148155193,0.2038871408334814,-807.8008968256825
76,w99055182,84.81555104400032,sfh,9995.399856476368,11105.999840529297,12494.24982059546,r1,-17922.381128784546,-123262.83352105005,-105340.4523922655,0.20389527621568143,-1241.9945528340359
77,w99055185,136.9722994968528,education,10840.570650859518,12045.07850095502,13550.713313574397,nr1,-18164.605549414566,-147793.4462063962,-129628.84065698164,0.2038871408334814,-946.3872705149417
78,w99055186,41.49024544628337,sfh,5137.404922484948,5708.227691649942,6421.756153106185,r1,-9211.690413166489,-64542.610894835314,-55330.92048166883,0.20389527621568143,-1333.5886516580076
79,w99055192,160.51305735595523,ab,18121.209085465063,20134.67676162785,22651.511356831328,r1,-32492.46857629861,-182287.09068880658,-149794.62211250796,0.20389527621568143,-933.2239045221227
80,w99055193,133.23216011486946,other,9055.86994602939,10062.077717810433,11319.837432536737,nr1,-15174.13711642381,-111050.11551171305,-95875.97839528925,0.2038871408334814,-719.6158818758726
81,w99055199,594.2030242990702,ab,69499.33638341566,77221.48487046185,86874.17047926957,r2,-114712.65147338381,-446254.5932418351,-331541.94176845124,0.18769049880465344,-557.9607107512496
82,w99055201,119.5810925271362,sfh,16186.140935837673,17984.601039819638,20232.67616979709,r1,-29022.769576180784,-165588.69941452274,-136565.92983834195,0.20389527621568143,-1142.036144278841
83,w99055202,635.4450178422034,ab,74224.65462412336,82471.83847124818,92780.8182801542,r2,-122512.06097359413,-546589.4162324623,-424077.35525886813,0.18769049880465344,-667.3706510421913
84,w99055209,191.61494707558305,other,19092.937557201116,21214.375063556796,23866.171946501392,nr1,-31992.38219794852,-202801.26840577467,-170808.88620782614,0.2038871408334814,-891.4173388595311
85,w99055216,463.1840371862054,education,30329.625776782435,33699.58419642493,37912.03222097804,nr1,-50820.72765725926,-298652.9852753883,-247832.25761812902,0.2038871408334814,-535.0621733937207
86,w99055219,773.0541430711745,other,89363.99007406665,99293.3223045185,111704.9875925833,nr2,-137844.3061633224,-738995.2901007945,-601150.9839374721,0.18769049880465344,-777.6311521328004
87,w99055224,318.955577952601,ab,39326.77401159415,43696.415568437944,49158.46751449268,r1,-70515.38132761,-302460.8777945477,-231945.4964669377,0.20389527621568143,-727.2031357965667
88,w99055226,262.56915004737675,ab,28811.221455015977,32012.468283351085,36014.02681876997,r1,-51660.33366519493,-227363.3311590012,-175702.99749380627,0.20389527621568143,-669.1684741413957
89,w99055235,1694.7837025728077,trade,149404.7926523063,166005.3251692292,186755.99081538286,nr2,-230457.48028442994,-1139789.6798965314,-909332.1996121014,0.18769049880465344,-536.5476421750266
90,w99055245,424.4345906373113,ab,47895.25638616388,53216.95154018208,59869.07048270485,r1,-85879.20959034923,-360830.78705579415,-274951.5774654449,0.20389527621568143,-647.8067139923501
91,w99055249,70.42309986636974,sfh,9527.919340341607,10586.577044824007,11909.899175427008,r1,-17084.159136592858,-121151.82697170589,-104067.66783511302,0.20389527621568143,-1477.7490345154504
92,w99055257,137.79457132667304,trade,8302.741753787854,9225.268615319837,10378.427192234816,nr1,-13912.18541841735,-114433.20825623882,-100521.02283782148,0.2038871408334814,-729.499151309189
93,w99055287,226.3710821658373,mfh,29327.158711257514,32585.731901397237,36658.94838907189,r1,-52585.44164263205,-229768.61449443127,-177183.17285179923,0.20389527621568143,-782.711162382466
94,w99055292,58.725108856521544,trade,5742.2884325185605,6380.320480576178,7177.8605406482,nr1,-9621.85549885195,-86483.01948417907,-76861.16398532712,0.2038871408334814,-1308.8296553543387
95,w99055300,847.1402418442303,other,76273.07353797425,84747.85948663806,95341.34192246781,nr2,-117651.51591901922,-670347.0594924032,-552695.5435733839,0.18769049880465344,-652.4250841515471
96,w99389931,488.4274571448564,mfh,51882.65252404952,57647.39169338835,64853.315655061895,r2,-85635.3016620483,-346301.3397591213,-260666.038097073,0.18769049880465344,-533.6842437581583
97,w99389943,3490.8252122399163,ab,329651.0091598724,366278.89906652493,412063.7614498405,r2,-544107.9482109899,-1917165.8768232614,-1373057.9286122713,0.18769049880465344,-393.3333367130225
98,w99389949,2474.179022271931,ab,284257.7582638273,315841.9536264748,355322.1978297841,r2,-469183.7771289124,-1965491.43050999,-1496307.6533810776,0.18769049880465344,-604.7693557789054
99,w99389956,671.7147096479312,education,46899.24791118664,52110.27545687404,58624.0598889833,nr1,-78585.00869632402,-149742.73584549324,-71157.72714916922,0.2038871408334814,-105.93444825179643
100,w99389960,693.6997662768932,ab,80098.50062143736,88998.33402381929,100123.12577679669,r2,-132207.1815856954,-571520.2684968781,-439313.08691118273,0.18769049880465344,-633.2899451141361
101,w99389971,1612.9015118613836,education,79005.85520261421,87784.28355846023,98757.31900326777,nr2,-121866.84238492486,-783724.8348424422,-661857.9924575173,0.18769049880465344,-410.3523913829643
102,w99389974,235.12884147074072,education,10047.192716967635,11163.547463297371,12558.990896209543,nr1,-16835.210844569123,-137388.6933025303,-120553.48245796117,0.2038871408334814,-512.7124418420731
103,w99389975,1082.0712234761565,mfh,111466.82540481444,123852.0282275716,139333.53175601806,r2,-183982.40557241102,-674345.0760602448,-490362.6704878338,0.18769049880465344,-453.1704196998627
104,w99389979,163.53384786918758,ab,21228.517390207166,23587.241544674627,26535.646737758954,r1,-38064.0679642052,-199802.83550294148,-161738.76753873628,0.20389527621568143,-989.023187836397
105,w99389992,2569.363114476204,other,222880.7619206125,247645.2910229028,278600.9524007656,nr2,-343794.45186630293,-655095.9609853687,-311301.50911906577,0.18769049880465344,-121.15901694281479
106,w99390006,431.6004564465955,education,13943.155864366083,15492.395404851202,17428.944830457604,nr1,-23363.338937340457,-238689.63713033928,-215326.29819299883,0.2038871408334814,-498.90192416801216
107,w99390011,2554.974828636646,ab,247425.31787724234,274917.0198636026,309281.6473465529,r2,-408389.7161083709,-1448276.0710434818,-1039886.3549351109,0.18769049880465344,-407.00454003689816
108,w99390014,587.280543653667,trade,43622.5019390578,48469.44659895311,54528.12742382225,nr1,-73094.44920583871,-433153.83793758595,-360059.3887317472,0.2038871408334814,-613.0960622187454
109,w99390021,1617.1983746248297,other,56431.07453005592,62701.19392228436,70538.8431625699,nr2,-87045.15440950153,-587064.4915116867,-500019.3371021852,0.18769049880465344,-309.18862209355336
110,w99390022,5590.431437242403,education,501507.8998853299,557230.9998725888,626884.8748566624,nr2,-773577.9080345666,-1474042.877393585,-700464.9693590184,0.18769049880465344,-125.29712191668293
111,w99390025,237.89438336268066,education,22880.136119028128,25422.373465586807,28600.170148785157,nr1,-38338.262892655606,-73053.0729505225,-34714.8100578669,0.2038871408334814,-145.92530335170886
112,w99390027,116.0190749399364,mfh,12111.38188864718,13457.090987385754,15139.227360808974,r1,-21716.470108391837,-87162.03717872083,-65445.567070328994,0.20389527621568143,-564.0931640267814
113,w99390046,1095.085822885856,mfh,104637.32667388588,116263.69630431764,130796.65834235735,r2,-172709.9251657366,-606938.8633342421,-434228.93816850556,0.18769049880465344,-396.5250294485517
114,w99390052,1678.6958267321402,education,80452.87476272321,89392.08306969245,100566.093453404,nr2,-124098.87574761001,-886594.0408624776,-762495.1651148676,0.18769049880465344,-454.2187768460656
115,w99390065,2581.633286331594,education,86800.34062073754,96444.82291193059,108500.42577592192,nr2,-133889.86679857114,-885222.3639719362,-751332.497173365,0.18769049880465344,-291.0299077530802
116,w99390082,124.21957990797236,education,9140.033185312222,10155.592428124692,11425.041481640277,nr1,-15315.162168754652,-110294.96282382228,-94979.80065506762,0.2038871408334814,-764.612154745919
117,w99390107,332.09000708311794,education,26712.358260262183,29680.39806695798,33390.44782532773,nr1,-44759.58570076169,-85288.82199457455,-40529.236293812864,0.2038871408334814,-122.04292640359066
118,w99390110,1066.5973296171287,mfh,111016.92938734422,123352.1437637158,138771.16173418026,r2,-183239.82632292568,-710452.2178895721,-527212.3915666465,0.18769049880465344,-494.29374790943587
119,w99390116,694.0162199864862,ab,76366.64546448652,84851.8282938739,95458.30683060814,r2,-126047.54003736822,-512848.42500385805,-386800.88496648986,0.18769049880465344,-557.3369524044
120,w99390122,307.42072394330467,other,23978.9127918091,26643.236435343442,29973.640989761374,nr1,-40179.3878196337,-304343.72547246865,-264164.33765283495,0.2038871408334814,-859.2925495210037
121,w99390129,1196.3697846690193,trade,62972.859261591475,69969.84362399053,78716.07407698935,nr2,-97135.88308713722,-516323.0973384816,-419187.2142513443,0.18769049880465344,-350.382648929331
122,w99390130,964.417538562417,education,49512.76423577884,55014.18248419871,61890.95529472355,nr1,-82964.25169580664,-476448.0517667173,-393483.80007091066,0.2038871408334814,-408.00149762668843
123,w99390133,9252.387912133521,education,680645.1328091653,756272.3697879614,850806.4160114565,nr2,-1049897.7943773482,-2000566.9108689334,-950669.1164915853,0.18769049880465344,-102.7485148179838
124,w99390139,1249.1388426542283,ab,101272.3942615666,112524.88251285178,126590.49282695825,r2,-167155.910708442,-724018.1467354238,-556862.2360269818,0.18769049880465344,-445.79690984849617
125,w99390141,112.67489476799965,other,7161.259483685899,7956.954981873221,8951.574354607374,nr1,-11999.502419906723,-104104.35586626251,-92104.85344635579,0.2038871408334814,-817.4390012611232
126,w99758761,171.36210507287177,trade,18702.739494504167,20780.821660560185,23378.424368130207,nr1,-31338.561091725307,-216655.5200462607,-185316.9589545354,0.2038871408334814,-1081.4348882778331
127,w99758765,309.03573338240386,trade,17633.22369336,19592.4707704,22041.529616699998,nr1,-29546.466073636057,-195411.93221970883,-165865.46614607278,0.2038871408334814,-536.7193765286333
128,w99758770,601.7205038767308,mfh,67803.20632134694,75336.89591260771,84754.00790168367,r2,-111913.09126477658,-467601.54009286285,-355688.44882808626,0.18769049880465344,-591.1190437029765
129,w99758771,976.6668764967471,mfh,93790.2658837786,104211.40653753177,117237.83235472324,r2,-154806.22753815606,-587985.3454353516,-433179.1178971955,0.18769049880465344,-443.5280117730482
130,w99758774,197.5460334163159,ab,21548.287941595398,23942.54215732822,26935.359926994246,r1,-38637.43669162315,-212916.4178439632,-174278.98115234004,0.20389527621568143,-882.2195927622499
131,w99758775,265.071225726977,sfh,27414.764697100116,30460.849663444573,34268.45587137514,r1,-49156.39879469363,-245203.0594000677,-196046.66060537405,0.20389527621568143,-739.5999323114077
132,w99758777,337.6781565959565,ab,38785.81336494016,43095.34818326684,48482.26670617519,r1,-69545.40483600175,-339493.6198958178,-269948.2150598161,0.20389527621568143,-799.4245697770092
133,w99758783,333.3155570875853,th,46165.858494498185,51295.3983272202,57707.32311812273,r1,-82778.2903091995,-157725.49810448923,-74947.20779528974,0.20389527621568143,-224.85361454519767
134,w99758786,182.17889552428386,mfh,24975.758120688377,27750.84235632042,31219.69765086047,r1,-44783.10647365256,-178135.51603931063,-133352.40956565808,0.20389527621568143,-731.9860469122376
135,w99758788,349.08404515869915,other,29695.324703960447,32994.80522662272,37119.15587995056,nr1,-49757.88427396666,-293824.6363369839,-244066.75206301722,0.2038871408334814,-699.1632973430814
136,w99758792,60.93018751584459,sfh,7098.129910688255,7886.811011875839,8872.662388360319,r1,-12727.393739886555,-94148.61100398753,-81421.21726410098,0.20389527621568143,-1336.3034086006678
137,w99758793,126.39461716674268,ab,14533.912444621437,16148.79160513493,18167.390555776794,r1,-26060.21988766307,-142533.47273407452,-116473.25284641144,0.20389527621568143,-921.5048508969116
138,w99758796,906.0679207786917,ab,92578.39928517047,102864.88809463385,115722.99910646307,r2,-152805.9720250467,-545567.7057658475,-392761.73374080076,0.18769049880465344,-433.4793504257981
139,w99758800,420.9761067721993,ab,43617.35169245246,48463.724102724955,54521.68961556557,r1,-78208.65719082367,-321636.03227269754,-243427.37508187388,0.20389527621568143,-578.2451097957409
140,w99758801,293.7319820257835,mfh,30453.792851169546,33837.547612410606,38067.241063961934,r1,-54605.56757437462,-226514.97463637852,-171909.4070620039,0.20389527621568143,-585.2594119182904
141,w99758803,512.6721141899004,mfh,56071.10035591353,62301.2226176817,70088.8754448919,r2,-92548.57567808218,-368139.11800404545,-275590.54232596327,0.18769049880465344,-537.5571143779451
142,w99758805,165.76912949401884,sfh,21149.48042883679,23499.42269870754,26436.850536045986,r1,-37922.34971728353,-211327.67629347907,-173405.32657619554,0.20389527621568143,-1046.0652541609215
143,w99758807,110.8734177275095,other,10633.353902934445,11814.837669927161,13291.692378668055,nr1,-17817.390387914464,-126141.68486740348,-108324.29447948902,0.2038871408334814,-977.0087068634847
144,w99758813,43.0509613757953,other,4335.785169212401,4817.539076902668,5419.731461515501,nr0,-8908.234484734221,-59382.139016509704,-50473.90453177548,0.24999993343320337,-1172.4222391036685
145,w99758814,84.92593946289271,th,9884.973779293656,10983.304199215172,12356.217224117068,r1,-17724.38022134282,-88672.26899610608,-70947.88877476327,0.20389527621568143,-835.408936580125
146,w99758818,424.19755738042295,mfh,42981.25264898336,47756.94738775929,53726.5658112292,r1,-77068.09156499513,-321210.7452425714,-244142.65367757628,0.20389527621568143,-575.5399799688796
147,w99758821,35.03456762442365,sfh,4362.174934958981,4846.861038843312,5452.718668698726,r0,-9597.75040750955,-78558.21320609281,-68960.46279858326,0.25019464024718985,-1968.3548984491777
148,w99758824,478.7830200769007,ab,54415.092655594315,60461.21406177146,68018.86581949289,r2,-89815.23973490205,-496313.97617672686,-406498.7364418248,0.18769049880465344,-849.0249641195174
149,w99758826,392.0728006519377,ab,50422.93344994148,56025.48161104609,63028.666812426854,r2,-83225.95138460933,-374348.2028830567,-291122.2514984474,0.18769049880465344,-742.5209068682398
152,w99758837,194.723237061128,mfh,27818.768765056746,30909.743072285273,34773.46095632093,r1,-49880.80351961383,-225344.0018890432,-175463.19836942936,0.20389527621568143,-901.09018840082
153,w99758838,478.1149431033991,ab,49879.55482966044,55421.727588511596,62349.443537075545,r1,-89437.18160630182,-386175.117862971,-296737.93625666917,0.20389527621568143,-620.6414180041543
154,w99758842,66.20839738831855,sfh,9098.77198804681,10109.746653385344,11373.464985058512,r1,-16314.670920145703,-85917.99426266737,-69603.32334252167,0.20389527621568143,-1051.2763650551994
155,w99758845,141.8255072105676,th,20597.68337727332,22886.31486363702,25747.104221591646,r1,-36932.942869547245,-222881.5511981047,-185948.60832855746,0.20389527621568143,-1311.1083611531212
156,w99758846,563.5821329504251,other,39110.73926488373,43456.37696098192,48888.424081104655,nr1,-65534.4791684269,-387275.4486653845,-321740.9694969576,0.2038871408334814,-570.8856805175888
157,w99758847,385.25146163031457,sfh,48245.97195129891,53606.635501443234,60307.46493912364,r1,-86508.0646753286,-412061.5918898161,-325553.5272144875,0.20389527621568143,-845.0416406904825
158,w99758850,177.17881421931088,ab,22322.486341848085,24802.762602053426,27903.107927310106,r1,-40025.62315718347,-186515.71395210715,-146490.0907949237,0.20389527621568143,-826.7923647665862
159,w99758852,422.9061155930161,other,27630.39919965029,30700.443555166985,34537.99899956286,nr1,-46297.8674092875,-292074.33208809636,-245776.46467880887,0.2038871408334814,-581.160819427194
160,w99758858,57.38898355839774,sfh,6590.511049374096,7322.7900548601065,8238.13881171762,r1,-11817.201168176955,-86463.53478589503,-74646.33361771808,0.20389527621568143,-1300.708411079622
161,w99758862,402.33381934519855,sfh,47385.93913186298,52651.04347984775,59232.42391482872,r1,-84965.97169310472,-476429.8884672958,-391463.9167741911,0.20389527621568143,-972.9828762874115
162,w99758864,101.365438436158,other,10686.907379847416,11874.341533163795,13358.63422480927,nr1,-17907.125311956188,-126167.96091617242,-108260.83560421623,0.2038871408334814,-1068.0251304038022
163,w99758865,63.831228005420414,other,4034.3888558582253,4482.654284286917,5042.986069822781,nr0,-8288.990466082543,-64867.62929363436,-56578.63882755182,0.24999993343320337,-886.3786675504234
164,w99758868,445.0926624152809,ab,49002.607042031916,54447.341157813236,61253.258802539895,r1,-87864.75902135247,-358849.1135559865,-270984.35453463404,0.20389527621568143,-608.826829595766
165,w99758869,105.27734354436397,other,8736.207849217513,9706.897610241682,10920.259811521892,nr1,-14638.507020490983,-113972.14691354336,-99333.63989305237,0.2038871408334814,-943.5424237427978
166,w99758874,732.9468768487684,ab,73910.07250364788,82122.30278183098,92387.59062955985,r2,-121992.82509273937,-512099.1541910923,-390106.32909835293,0.18769049880465344,-532.2436610625533
167,w99758876,118.68904608124866,sfh,12352.210694951837,13724.678549946484,15440.263368689795,r1,-22148.29131768399,-144701.32363548927,-122553.03231780528,0.20389527621568143,-1032.5555421004185
168,w99758878,556.4759241774678,other,50045.05270888446,55605.61412098273,62556.31588610557,nr2,-77194.69063372757,-453759.8122301179,-376565.1215963903,0.18769049880465344,-676.6961610297781
169,w99758879,141.26093079326674,other,12063.985867794016,13404.42874199335,15079.982334742519,nr1,-20214.57649231918,-195578.17778061397,-175363.6012882948,0.2038871408334814,-1241.4161530971137
170,w99758882,536.390386541374,other,53874.88809445505,59860.98677161672,67343.6101180688,nr2,-83102.22677894856,-453981.7642070002,-370879.53742805164,0.18769049880465344,-691.4358398916685
171,w99758886,70.57262436598539,sfh,9862.178496867567,10957.97610763063,12327.723121084458,r1,-17683.506845045227,-118550.41632398893,-100866.90947894371,0.20389527621568143,-1429.2639728948434
172,w99758887,84.85345135740936,sfh,11592.59887534742,12880.665417052687,14490.748594184273,r1,-20786.259509415824,-138625.9730317867,-117839.71352237088,0.20389527621568143,-1388.743906550375
173,w99758888,71.82869699064176,other,5611.650315189278,6235.167016876976,7014.562893986597,nr1,-9402.956517660732,-73485.70251936786,-64082.74600170713,0.2038871408334814,-892.1607753800154
174,w99758891,1365.0763243824242,trade,109673.71393623555,121859.68215137284,137092.14242029443,nr2,-169172.13510011224,-1077685.8197215477,-908513.6846214354,0.18769049880465344,-665.5405770314397
175,w99758895,154.4283221337944,other,11343.022479982455,12603.358311091617,14178.778099978068,nr1,-19006.52057193013,-36216.68351965964,-17210.162947729506,0.2038871408334814,-111.44434330393668
176,w99758899,158.4874060918577,th,20589.83452385864,22877.59391539849,25737.2931548233,r1,-36918.86938130848,-184958.88306963255,-148040.01368832408,0.20389527621568143,-934.0806145979925
177,w99758900,82.77785695786588,sfh,10694.216001383687,11882.462223759652,13367.770001729608,r1,-19175.40246538088,-118970.66282702917,-99795.26036164828,0.20389527621568143,-1205.5791733342928
178,w99758903,400.34018093422054,trade,29613.781724427085,32904.20191603009,37017.22715553385,nr1,-49621.249764008455,-315656.99264878005,-266035.7428847716,0.2038871408334814,-664.5242110446158
179,w99758905,110.54209396946244,sfh,14100.026680676654,15666.696311862948,17625.033350845817,r1,-25282.235400855996,-119934.75041241513,-94652.51501155914,0.20389527621568143,-856.2576626936989
180,w99758908,248.9345047255978,ab,27512.151103074764,30569.05678119418,34390.18887884345,r1,-49331.01875084368,-218832.6260801627,-169501.60732931903,0.20389527621568143,-680.9084482529322
181,w99758913,208.22132023065353,ab,22300.78576510543,24778.65085011714,27875.982206381785,r1,-39986.71265708533,-215894.2889972154,-175907.57634013006,0.20389527621568143,-844.8105897382243
182,w99758915,71.10941483918579,ab,10013.713282288307,11126.348091431451,12517.141602860384,r1,-17955.218254050982,-94651.83875570969,-76696.6205016587,0.20389527621568143,-1078.5719538700805
183,w99758919,819.0798590054737,ab,94696.69321739217,105218.54801932463,118370.8665217402,r2,-156302.3379791699,-620233.338084495,-463931.00010532513,0.18769049880465344,-566.4050885937177
184,w99758922,83.9358181065414,th,11677.410484752485,12974.900538613872,14596.763105940605,r1,-20938.332063763748,-102398.46143457976,-81460.12937081601,0.20389527621568143,-970.5049787853029
185,w99758926,36.12754547015065,sfh,4556.491211661925,5062.768012957695,5695.614014577406,r0,-10025.289227414525,-52756.507372028085,-42731.21814461356,0.25019464024718985,-1182.7877479226759
186,w99758928,119.38002583179623,sfh,17308.899478423707,19232.110531581897,21636.124348029633,r1,-31035.946317958398,-144424.35307872304,-113388.40676076464,0.20389527621568143,-949.8105396670492
187,w99758931,65.79372537583113,th,8611.439252918039,9568.265836575598,10764.299066147547,r1,-15440.852649648834,-107676.040408337,-92235.18775868816,0.20389527621568143,-1401.8842561629763
188,w99758935,355.7203856162727,ab,44548.24205703894,49498.046730043265,55685.30257129867,r1,-79877.8022118127,-338371.1643856935,-258493.3621738808,0.20389527621568143,-726.6757054871915
189,w99758936,99.44306262517348,th,12820.809152675898,14245.343502973219,16026.011440844872,r1,-22988.517849517,-160165.59820499003,-137177.08035547304,0.20389527621568143,-1379.4534956403022
190,w99758945,525.0721962768584,mfh,72696.76550898828,80774.18389887585,90870.95688623533,r2,-119990.19212311266,-228628.9406265744,-108638.74850346173,0.18769049880465344,-206.90249697810893
191,w99758951,355.6037514369003,ab,38846.362119594094,43162.62457732677,48557.95264949262,r1,-69653.97256449316,-275770.44400726777,-206116.4714427746,0.20389527621568143,-579.6240073675058
192,w99758953,525.4067761451006,other,30960.182478675506,34400.2027540839,38700.22809834438,nr1,-51877.29692241316,-349315.9537063704,-297438.6567839572,0.2038871408334814,-566.1111928670941
193,w99758954,37.75478148937691,sfh,3643.787391156788,4048.6526568408754,4554.7342389459845,r0,-8017.138798832257,-59358.37951921856,-51341.2407203863,0.25019464024718985,-1359.860624139282
194,w99758959,30.14875982720405,sfh,3902.3905445980445,4335.989493997827,4877.988180747555,r0,-8586.122977213769,-49398.83397836902,-40812.71100115525,0.25019464024718985,-1353.7111056995727
195,w99758962,201.50926117040217,mfh,21723.95521923704,24137.72802137449,27154.944024046297,r1,-38952.41917826271,-74219.81892012525,-35267.399741862544,0.20389527621568143,-175.01627238878808
196,w99758966,155.61690238779408,th,21851.717362183943,24279.685957982158,27314.646702729926,r1,-39181.50474288281,-197203.73160457326,-158022.22686169046,0.20389527621568143,-1015.456704490251
197,w99758967,90.83302856497467,ab,10128.948163735615,11254.386848595128,12661.185204669518,r1,-18161.841650241662,-119717.91438586026,-101556.0727356186,0.20389527621568143,-1118.05225852371
198,w99758970,391.2386861808598,th,48443.52710272418,53826.14122524909,60554.40887840523,r1,-86862.29349745065,-368273.50035342743,-281411.2068559768,0.20389527621568143,-719.2826701342296
199,w99758974,163.93810575278476,sfh,20363.139486646123,22625.710540717915,25453.924358307653,r1,-36512.39090968493,-156194.62183202177,-119682.23092233684,0.20389527621568143,-730.0452226940766
200,w99758975,139.83927450878545,sfh,19017.06701210734,21130.074457897044,23771.333765134175,r1,-34098.79823084689,-164255.07083212648,-130156.27260127959,0.20389527621568143,-930.7562060692933
201,w99758979,705.2831632008775,trade,40567.1544633245,45074.61607036056,50708.94307915562,nr1,-67974.86800476103,-381414.58389696194,-313439.71589220094,0.2038871408334814,-444.4168416975631
202,w99758981,319.7999828794971,other,27092.453379920906,30102.725977689894,33865.56672490113,nr1,-45396.478180154445,-86502.41252393657,-41105.93434378212,0.2038871408334814,-128.53638694305724
203,w99758984,336.42351993245535,ab,41356.19257743753,45951.325086041696,51695.24072179691,r1,-74154.25656313244,-313278.35042802704,-239124.0938648946,0.20389527621568143,-710.782925976472
204,w99758985,1446.6540044941007,ab,159203.44292933436,176892.71436592707,199004.30366166795,r2,-262774.4380372734,-933574.346578746,-670799.9085414726,0.18769049880465344,-463.6906312481079
205,w99758989,963.3213891830295,education,66773.88157928629,74193.20175476254,83467.35197410785,nr2,-102998.97496183624,-718054.7368192632,-615055.761857427,0.18769049880465344,-638.4741050741554
206,w99758991,346.04414169639347,ab,38927.20383955835,43252.44871062039,48659.00479944794,r1,-69798.92685717883,-348694.08914319024,-278895.1622860114,0.20389527621568143,-805.9525611929123
207,w99758995,38.315451947040856,sfh,4605.429916486004,5117.144351651115,5756.787395607505,r0,-10132.965210421085,-60730.33726799306,-50597.37205757198,0.25019464024718985,-1320.5474419956481
208,w99758997,604.6954287230968,other,49421.63020499519,54912.92244999466,61777.03775624399,nr1,-82811.54629176206,-535785.8936027095,-452974.3473109475,0.2038871408334814,-749.0950415607892
209,w99759000,505.76658869385716,other,34496.09632156219,38328.995912846876,43120.120401952736,nr1,-57802.1215724567,-110141.20842539713,-52339.086852940425,0.2038871408334814,-103.48466668805898
210,w99759001,277.86601877255595,other,21620.245901575137,24022.495446194596,27025.30737696892,nr1,-36227.17394977001,-233435.8716759979,-197208.6977262279,0.2038871408334814,-709.7258549187723
211,w99759005,200.24946516156197,th,21517.100210125434,23907.889122361594,26896.37526265679,r1,-38581.51512590563,-179671.05277104207,-141089.53764513644,0.20389527621568143,-704.5688613016015
212,w99759006,478.86383471041916,sfh,50992.01233528256,56657.79148364729,63740.0154191032,r2,-84165.24881149197,-346120.02219454787,-261954.7733830559,0.18769049880465344,-547.0339465945814
213,w99759010,347.4218390390277,ab,42845.86231337848,47606.513681531644,53557.32789172309,r1,-76825.3281707631,-324934.328529141,-248109.00035837793,0.20389527621568143,-714.1433625607702
214,w99759011,1184.1155465334652,health,81096.3879180279,90107.09768669767,101370.48489753487,nr2,-125091.49732064438,-720874.0457490752,-595782.5484284309,0.18769049880465344,-503.14561798686174
215,w99759013,1127.2734199425206,other,48346.56544700629,53718.406052229206,60433.20680875786,nr1,-81010.15336717493,-479082.5469448991,-398072.3935777241,0.2038871408334814,-353.1285192531389
216,w99759015,262.8249901607633,mfh,34217.03964154063,38018.932935045144,42771.29955192578,r1,-61353.30595674708,-116902.39924307326,-55549.093286326184,0.20389527621568143,-211.35392510563102
217,w99759016,162.4421672269469,other,8362.91554321064,9292.128381345156,10453.644429013299,nr1,-14013.013426875725,-142212.10974772257,-128199.09632084685,0.2038871408334814,-789.198386781806
218,w99759020,78.66829424034803,other,5363.4306045502435,5959.367338389159,6704.288255687804,nr1,-8987.036242007127,-81614.85237451352,-72627.81613250638,0.2038871408334814,-923.2158499663572
219,w99759023,45.55874986834824,th,6763.263251708072,7514.736946342302,8454.079064635089,r1,-12126.956741292954,-59292.48104700244,-47165.524305709485,0.20389527621568143,-1035.2681854090458
220,w99759028,314.5253525768406,trade,33061.024403090545,36734.47155898949,41326.28050386318,nr1,-55397.495822241945,-338347.9639265036,-282950.4681042617,0.2038871408334814,-899.6110036475836
221,w99759036,422.98085668310523,mfh,42631.70476229463,47368.56084699403,53289.63095286828,r1,-76441.33020097252,-297331.6558169581,-220890.3256159856,0.20389527621568143,-522.2229850971136
222,w99759038,116.55152825303375,ab,12476.366237759883,13862.629153066537,15595.457797199853,r1,-22370.91002122842,-135643.628703394,-113272.71868216558,0.20389527621568143,-971.8681546264253
224,w99759044,415.2007402397692,trade,30727.523085082063,34141.69231675785,38409.403856352576,nr1,-51487.4497226575,-328793.9638085836,-277306.5140859261,0.2038871408334814,-667.8854038790677
225,w99759045,941.2816024620085,trade,46874.11717738663,52082.35241931848,58592.646471733286,nr1,-78542.89930177768,-464706.10830717074,-386163.2090053931,0.2038871408334814,-410.2525832815044
226,w99759047,442.628270605579,mfh,44840.233894655554,49822.482105172836,56050.29236831944,r1,-80401.36195683567,-298737.63385497563,-218336.27189813997,0.20389527621568143,-493.27231538876765
227,w99759050,246.0824731603265,trade,22511.684368925235,25012.98263213915,28139.60546115654,nr1,-37720.880199422594,-255870.31562151096,-218149.43542208837,0.2038871408334814,-886.4891213928945
228,w99759051,91.54405212756247,th,11301.573718027325,12557.30413114147,14126.967147534155,r1,-20264.433083014716,-105028.57890646491,-84764.1458234502,0.20389527621568143,-925.9383198958162
229,w99759055,270.5142616614699,other,18027.259599334837,20030.288443705373,22534.074499168546,nr1,-30206.71792151932,-187500.4126296316,-157293.69470811228,0.2038871408334814,-581.4617452774249
230,w99759057,194.30349186724052,th,26936.28423283178,29929.20470314642,33670.35529103972,r1,-48298.45320307845,-209214.75110208773,-160916.29789900928,0.20389527621568143,-828.1698715376493
231,w99759061,534.3112589053809,trade,25116.553078843055,27907.281198714503,31395.691348553817,nr1,-42085.633139796446,-282601.87805485766,-240516.24491506122,0.2038871408334814,-450.1425730908158
232,w99759062,137.67195288166403,th,17570.109600664895,19522.344000738773,21962.637000831117,r1,-31504.31250967905,-166323.1964927125,-134818.88398303345,0.20389527621568143,-979.2763243426717
233,w99759063,182.5971095246263,sfh,23409.161696221272,26010.17966246808,29261.45212027659,r1,-41974.10047114647,-241490.37929106673,-199516.27881992026,0.20389527621568143,-1092.6584727400198
234,w99759067,347.13443305995315,other,14604.042087206286,16226.713430229207,18255.052609007857,nr1,-24470.72875449764,-167478.88194733782,-143008.1531928402,0.2038871408334814,-411.9676401221236
235,w99759073,34.86947953915223,sfh,3369.323871661266,3743.69319073474,4211.654839576582,r0,-7413.258304500494,-64263.27150886337,-56850.01320436288,0.25019464024718985,-1630.3659806717337
236,w99759074,1179.944325777702,mfh,115106.04981104136,127895.61090115707,143882.5622638017,r2,-189989.15473965282,-712343.2162307831,-522354.0614911303,0.18769049880465344,-442.69382044516925
237,w99759077,212.39228247441352,sfh,25996.152531155218,28884.613923505796,32495.19066394402,r1,-46612.73788296719,-208804.93827366497,-162192.20039069778,0.20389527621568143,-763.644509589169
239,w99759083,341.51128259450195,trade,15755.53024255659,17506.144713951766,19694.412803195737,nr1,-26400.177748504506,-178831.54664174668,-152431.36889324218,0.2038871408334814,-446.3435811994347
240,w99759085,319.12387123871594,other,16124.762320599133,17916.40257844348,20155.952900748915,nr1,-27018.867969697032,-202104.41773944767,-175085.54976975065,0.2038871408334814,-548.644478052162
241,w99759087,592.8829183824361,other,51137.99563470979,56819.99514967755,63922.494543387234,nr2,-78880.55939542496,-453474.73497314565,-374594.1755777207,0.18769049880465344,-631.8181279361647
242,w99759088,334.1662621571682,ab,38269.47653436571,42521.64059373968,47836.84566795714,r1,-68619.58039663346,-288559.18187155336,-219939.60147491988,0.20389527621568143,-658.1741677185706
243,w99759091,80.87078364617192,sfh,11524.131641001168,12804.590712223518,14405.164551251459,r1,-20663.493448387035,-39372.15645010117,-18708.663001714132,0.20389527621568143,-231.34019677079908
244,w99759093,176.2003906674683,sfh,24764.95217261122,27516.61352512358,30956.190215764025,r1,-44405.11813902825,-222541.21327096524,-178136.09513193698,0.20389527621568143,-1010.9858125577134
245,w99759094,339.69808716569094,other,37582.71276836215,41758.56974262461,46978.390960452685,nr1,-62974.09748075553,-362201.0053715197,-299226.9078907642,0.2038871408334814,-880.86132714905
246,w99759096,246.47077107857913,mfh,23598.463882924807,26220.515425472007,29498.079853656007,r1,-42313.531208018365,-176432.1638037565,-134118.63259573813,0.20389527621568143,-544.1563395481844
247,w99759099,50.23060751573648,th,7134.781015914094,7927.53446212677,8918.476269892617,r1,-12793.111478654459,-96752.89173952538,-83959.78026087092,0.20389527621568143,-1671.4864584221405
248,w99759102,1460.464218017459,other,128159.99370613102,142399.99300681223,160199.99213266376,nr2,-197687.2943528524,-1010718.5342262242,-813031.2398733718,0.18769049880465344,-556.693707276882
249,w99759105,189.26809048298745,mfh,22334.256335775855,24815.840373084284,27917.820419719817,r1,-40046.72749718846,-170914.90132400434,-130868.17382681588,0.20389527621568143,-691.4434096780783
250,w99759110,35.61810292806477,th,4375.3120568172735,4861.457840908081,5469.140071021591,r0,-9626.654983449056,-78122.41803510376,-68495.7630516547,0.25019464024718985,-1923.0603940358783
251,w99759111,238.72463138289748,th,34535.9950545772,38373.327838419114,43169.9938182215,r1,-61925.21308978951,-117992.10932396153,-56066.89623417202,0.20389527621568143,-234.8601227673263
252,w99759113,635.4707306571305,th,86670.32318175596,96300.35909083995,108337.90397719495,r2,-143054.35265431931,-647192.0681930875,-504137.71553876816,0.18769049880465344,-793.3295606194908
253,w99759120,160.90588292758912,th,23237.39167444857,25819.324082720632,29046.73959306071,r1,-41666.106009602714,-79390.46940799996,-37724.36339839725,0.20389527621568143,-234.44987039643522
254,w99759121,33.129497365746644,ab,3818.7156608234063,4243.017400914896,4773.394576029257,r0,-8402.019711796722,-62269.91744858039,-53867.89773678366,0.25019464024718985,-1625.9799278596643
255,w99759126,310.54387535755524,ab,34300.81502744586,38112.016697162064,42876.01878430732,r1,-61503.52049713202,-260629.1593307833,-199125.63883365126,0.20389527621568143,-641.2157979428227
256,w99759127,85.13879598667843,other,8496.79167350324,9440.879637225822,10620.989591879048,nr1,-14237.338066008471,-97996.92884100987,-83759.5907750014,0.2038871408334814,-983.8005083852391
257,w99759131,184.6887545518577,ab,20787.501022478882,23097.223358309868,25984.3762780986,r1,-37273.297855960125,-204502.51454550037,-167229.21668954025,0.20389527621568143,-905.465073362574
258,w99759132,153.35469039995223,ab,17695.00512599379,19661.116806659767,22118.756407492237,r1,-31728.258048463467,-152539.73923609953,-120811.48118763606,0.20389527621568143,-787.7912365937892
259,w99759137,162.2998407471925,mfh,21055.671207008436,23395.19023000937,26319.589008760544,r1,-37754.14387748283,-264721.7973462947,-226967.65346881186,0.20389527621568143,-1398.4465568413566
260,w99759138,557.9003615580499,mfh,56330.74901759959,62589.721130666214,70413.43627199948,r2,-92977.1407260879,-369589.3134897417,-276612.1727636538,0.18769049880465344,-495.8092731669114
261,w99759140,160.4533356629312,ab,17634.05521702537,19593.394685583742,22042.56902128171,r1,-31618.971025034476,-171049.78697188187,-139430.8159468474,0.20389527621568143,-868.9804756677269
262,w99759142,128.98004897348582,sfh,17650.096411774208,19611.218235304674,22062.620514717757,r1,-31647.73389697336,-136155.93131725676,-104508.1974202834,0.20389527621568143,-810.2663803590813
263,w99759148,518.2482564277947,ab,59352.94618142581,65947.71797936202,74191.18272678225,r2,-97965.4509457028,-396661.65482829657,-298696.2038825938,0.18769049880465344,-576.3573734747525
264,w99759152,155.39786574579776,ab,16837.00273483737,18707.780816485967,21046.253418546712,r1,-30189.80575195526,-149867.7093927965,-119677.90364084125,0.20389527621568143,-770.1386570946362
265,w99759159,71.9146042395383,sfh,9767.034283888204,10852.260315431338,12208.792854860254,r1,-17512.90728207632,-122595.72720458635,-105082.81992251003,0.20389527621568143,-1461.2166893457781
266,w99759161,242.4930030848831,mfh,32388.127737790874,35986.808597545416,40485.15967223859,r1,-58073.95178776546,-252135.39474654323,-194061.44295877777,0.20389527621568143,-800.2764636093349
267,w99759162,714.1891373082996,mfh,77904.36715681193,86560.40795201325,97380.45894601491,r2,-128585.63812195482,-502807.8092286703,-374222.1711067155,0.18769049880465344,-523.9818859708757
268,w99759164,595.7694656141102,mfh,71961.73720566227,79957.48578406918,89952.17150707783,r2,-118776.98563841553,-226317.30074626647,-107540.31510785094,0.18769049880465344,-180.5065907447942
269,w99759165,160.50856082765387,mfh,22755.65774251579,25284.064158350877,28444.572178144736,r1,-40802.3267456673,-184762.85944524428,-143960.532699577,0.20389527621568143,-896.9025200727746
270,w99759170,93.69908212199807,sfh,11619.451405943726,12910.501562159696,14524.314257429656,r1,-20834.40778707653,-138023.78384409685,-117189.37605702032,0.20389527621568143,-1250.699296119437
271,w99759172,204.59550149962305,other,17169.669362300792,19077.410402556434,21462.08670287599,nr1,-28769.72822047279,-191310.11739083313,-162540.38917036034,0.2038871408334814,-794.4475219591268
272,w99759176,41.50382452430203,sfh,4163.668093659857,4626.297881844285,5204.585117074821,r0,-9160.991417927666,-48623.08778744529,-39462.096369517625,0.25019464024718985,-950.8062647675059
273,w99759177,360.73507672324774,ab,44758.280247853094,49731.42249761455,55947.850309816364,r1,-80254.41390933601,-331784.67638835363,-251530.2624790176,0.20389527621568143,-697.2714291158024
274,w99759180,347.1465133147314,education,19069.298725020304,21188.109694467003,23836.62340627538,nr1,-31952.77265376098,-195486.77802032453,-163534.00536656356,0.2038871408334814,-471.08065065973943
275,w99759183,128.67689446713774,sfh,18376.72489710795,20418.583219008833,22970.906121384935,r1,-32950.6245106735,-184130.71322204353,-151180.08871137002,0.20389527621568143,-1174.8813906134428
276,w99759189,171.2441471248865,ab,18363.415474169808,20403.794971299787,22954.269342712258,r1,-32926.75987754959,-182810.1029845559,-149883.3431070063,0.20389527621568143,-875.2611147503804
277,w99759190,369.99921465907244,other,20710.457907946584,23011.619897718425,25888.072384933228,nr1,-34702.720987826935,-221935.17421298154,-187232.4532251546,0.2038871408334814,-506.03473144578373
278,w99759195,184.4751641433686,sfh,22818.050116989565,25353.389018877293,28522.562646236955,r1,-40914.200200547086,-178972.14077052564,-138057.94056997856,0.20389527621568143,-748.3822617048007
279,w155463247,886.8482149265707,mfh,90574.02742084471,100637.808245383,113217.53427605589,r2,-149497.64099542372,-548918.4274333805,-399420.7864379568,0.18769049880465344,-450.38235372783384
280,w155463249,403.549402025342,trade,23648.752708879776,26276.391898755304,29560.940886099717,nr1,-39626.16715738954,-272741.9207454696,-233115.75358808003,0.2038871408334814,-577.6634841189552
281,w155463253,721.7602650925515,mfh,85711.09171490726,95234.54634989696,107138.86464363408,r2,-141471.08595473718,-269558.56923653005,-128087.48328179287,0.18769049880465344,-177.46541265383757
282,w155463254,852.2730644002556,mfh,87014.59305688317,96682.88117431464,108768.24132110395,r2,-143622.58988151213,-273658.0381583547,-130035.44827684257,0.18769049880465344,-152.57486562519546
283,w155463255,713.9319995328784,mfh,71073.4939418158,78970.54882423978,88841.86742726975,r2,-117310.889050283,-223523.80484572603,-106212.91579544303,0.18769049880465344,-148.77175398348516
284,w155463260,725.1058137452229,mfh,66389.32398774149,73765.91554193498,82986.65498467686,r2,-109579.39716351952,-374928.3645558796,-265348.9673923601,0.18769049880465344,-365.94516601903086
285,w155463261,1003.1358517257496,mfh,96812.24176736335,107569.15751929261,121015.30220920418,r2,-159794.17252200702,-581081.3335832079,-421287.1610612009,0.18769049880465344,-419.9701967948185
286,w155463268,907.8277638942003,mfh,88048.47049851796,97831.63388724218,110060.58812314743,r2,-145329.06405522447,-515542.9195609152,-370213.85550569074,0.18769049880465344,-407.801865320387
287,w155463269,646.430608794326,mfh,65800.13973759115,73111.26637510127,82250.17467198893,r2,-108606.91467579853,-431928.0672455187,-323321.1525697202,0.18769049880465344,-500.1637425132987
288,w155463275,531.2511221051216,mfh,56742.54191479465,63047.26879421628,70928.17739349332,r2,-93656.82858432223,-326173.7917945013,-232516.96321017906,0.18769049880465344,-437.67806510942233
289,w155463277,722.3371928531676,mfh,75825.75026506544,84250.83362785049,94782.18783133179,r2,-125154.76140488588,-474024.58380557795,-348869.82240069204,0.18769049880465344,-482.9736387000748
290,w155463281,852.691491766274,mfh,81167.2147222987,90185.79413588744,101459.01840287336,r2,-133971.15566885012,-509465.176381568,-375494.0207127179,0.18769049880465344,-440.36327832345984
291,w155463286,75.58565192222595,sfh,11379.481362010443,12643.868180011603,14224.351702513053,r1,-20404.126392773247,-119541.15295792898,-99137.02656515573,0.20389527621568143,-1311.5852551905357
292,w155463289,870.3151384696364,mfh,92029.85106537899,102255.39007264332,115037.31383172373,r2,-151900.56164233258,-551685.2519119085,-399784.6902695759,0.18769049880465344,-459.35624074350585
293,w155463294,520.8021583877504,mfh,73954.39748668816,82171.55276298684,92442.9968583602,r2,-122065.98602629152,-232584.15190380902,-110518.1658775175,0.18769049880465344,-212.207580359592
294,w155463296,531.2875348292291,mfh,59600.264491446156,66222.51610160685,74500.33061430769,r2,-98373.66403918955,-404901.26928219025,-306527.60524300067,0.18769049880465344,-576.9523754053957
295,w155463300,903.6974393147975,mfh,82377.16016846654,91530.17796496282,102971.45021058316,r2,-135968.24020937498,-508471.3878852053,-372503.1476758303,0.18769049880465344,-412.1989633590973
296,w155463302,619.062746527791,mfh,73694.19011571503,81882.43346190559,92117.73764464378,r2,-121636.4987964772,-451529.3763499697,-329892.8775534925,0.18769049880465344,-532.8908570315383
297,w155463304,1087.9011799693108,mfh,132782.97083749846,147536.6342638872,165978.71354687307,r2,-219165.9294593951,-417598.08353609784,-198432.15407670275,0.18769049880465344,-182.39906135803662
298,w155463308,740.3594694465398,mfh,74398.41232336155,82664.90258151284,92998.01540420194,r2,-122798.85804865634,-463770.4310224662,-340971.5729738099,0.18769049880465344,-460.5486754004852
299,w155463310,722.3160033598542,mfh,78437.63363840502,87152.92626489447,98047.04204800627,r2,-129465.82511694926,-246683.78240001114,-117217.95728306189,0.18769049880465344,-162.28071472571887
300,w155463313,774.0583199881017,mfh,75098.58684319264,83442.87427021404,93873.2335539908,r2,-123954.53635932136,-452861.8877837484,-328907.351424427,0.18769049880465344,-424.9128817961452
301,w155463314,1101.9502923069522,mfh,104359.84119134728,115955.37910149698,130449.8014891841,r2,-172251.91941915275,-618542.702010048,-446290.7825908952,0.18769049880465344,-405.00082962596946
302,w155463317,740.3064833164215,mfh,74649.75970721088,82944.17745245653,93312.1996340136,r2,-123213.72136020203,-455447.70680574677,-332233.9854455447,0.18769049880465344,-448.7789759144138
303,w155463319,828.4481069911271,mfh,78474.43739685023,87193.8193298336,98093.04674606278,r2,-129526.57183677611,-446408.2262596494,-316881.6544228733,0.18769049880465344,-382.50030599233077
304,w155463321,781.2118542082608,mfh,75955.85291213829,84395.3921245981,94944.81614017286,r2,-125369.50330583147,-452550.5634046894,-327181.06009885797,0.18769049880465344,-418.812206108224
305,w155463324,722.1055689860135,mfh,76230.77521241456,84700.86134712728,95288.4690155182,r2,-125823.27837268777,-467293.54970349924,-341470.2713308115,0.18769049880465344,-472.88137080885116
306,w155463327,780.4636536210775,mfh,78934.78481367027,87705.31645963363,98668.48101708783,r2,-130286.40172192808,-503523.2600580577,-373236.85833612963,0.18769049880465344,-478.22452282619645
307,w155463330,867.026127423346,mfh,92798.36038612344,103109.28931791494,115997.9504826543,r2,-153169.03047170752,-291847.7965066997,-138678.76603499218,0.18769049880465344,-159.94762054878538
308,w155463331,701.7002469789237,mfh,75620.8436945795,84023.15966064388,94526.05461822437,r2,-124816.55132651783,-482082.62682611175,-357266.0754995939,0.18769049880465344,-509.1434370128201
309,w155463336,356.26551316827533,mfh,37646.38639526564,41829.31821696182,47057.98299408205,r1,-67502.34055521751,-230064.36047606327,-162562.01992084575,0.20389527621568143,-456.29457220032026
310,w155463337,437.0872274041176,trade,16347.364508861188,18163.7383431791,20434.205636076484,nr1,-27391.863181337125,-174358.79646001363,-146966.9332786765,0.2038871408334814,-336.24165627424145
311,w155463339,868.4495440013707,mfh,96284.55889755068,106982.84321950076,120355.69862193835,r2,-158923.2015993589,-302811.7763605626,-143888.5747612037,0.18769049880465344,-165.68443815197236
312,w155463342,722.9579402044416,mfh,72192.16091602764,80213.5121289196,90240.20114503455,r2,-119157.31322359595,-465294.53384518775,-346137.2206215918,0.18769049880465344,-478.77919498845176
313,w155463343,844.8904670208692,mfh,87271.28425516972,96968.09361685524,109089.10531896215,r2,-144046.27346609894,-554449.7389825742,-410403.46551647526,0.18769049880465344,-485.7475395166674
314,w155463347,1083.6851687338203,mfh,101563.78341079073,112848.64823421191,126954.7292634884,r2,-167636.8652564634,-560243.3165204228,-392606.4512639594,0.18769049880465344,-362.2882942309541
315,w155463348,740.608741542697,mfh,73742.38733091138,81935.98592323487,92177.98416363922,r2,-121716.0510718875,-438474.92341565853,-316758.87234377104,0.18769049880465344,-427.70069346462003
316,w155463352,356.4181080274284,mfh,38492.77211566138,42769.74679517931,48115.965144576716,r1,-69019.96342981061,-131510.4246591414,-62490.46122933079,0.20389527621568143,-175.32908632274595
317,w155463353,722.1394314199686,mfh,96023.96050529758,106693.28945033065,120029.95063162198,r2,-158493.06896643512,-301992.2029733196,-143499.1340068845,0.18769049880465344,-198.7138878771888
318,w155463354,696.3946817303076,mfh,75225.69127239037,83584.10141376707,94032.11409048796,r2,-124164.32952924237,-505813.5963830216,-381649.26685377926,0.18769049880465344,-548.0358722808
319,w155463358,865.4375973489136,mfh,87470.73329689098,97189.70366321219,109338.41662111372,r2,-144375.4755793889,-521810.48759254685,-377435.01201315795,0.18769049880465344,-436.120424129193
320,w155463359,1101.9756921548396,mfh,103923.56216152417,115470.62462391573,129904.4527019052,r2,-171531.8157908656,-613003.7765722659,-441471.9607814003,0.18769049880465344,-400.61860159377153
321,w155463364,740.593882034719,mfh,74624.72489312779,82916.3609923642,93280.90611640972,r2,-123172.39995985413,-456625.89899164235,-333453.4990317882,0.18769049880465344,-450.25149021708495
322,w155463365,603.6562003400177,mfh,57345.292217422895,63716.9913526921,71681.61527177862,r2,-94651.7026218155,-336365.15527043265,-241713.45264861715,0.18769049880465344,-400.41575405415983
323,w155463369,722.4004129424691,mfh,76517.50006263371,85019.44451403746,95646.87507829214,r2,-126296.53422696664,-470773.1585715509,-344476.6243445843,0.18769049880465344,-476.84998260378615
324,w155463370,696.1379145577084,mfh,67777.64861111336,75308.49845679261,84722.06076389168,r2,-111870.90679426151,-392707.22674324916,-280836.3199489877,0.18769049880465344,-403.42052066998417
325,w155463373,865.3327697202564,mfh,87284.13642326384,96982.3738036265,109105.1705290798,r2,-144067.48670864163,-521159.7605596704,-377092.27385102876,0.18769049880465344,-435.77717965417474
326,w155463376,746.0008564919234,mfh,78349.89022816702,87055.43358685223,97937.36278520877,r2,-129320.99957239741,-510825.7004454501,-381504.7008730527,0.18769049880465344,-511.3998161705637
327,w155463378,701.7079005709849,mfh,75289.53058162499,83655.03397958331,94111.91322703123,r2,-124269.69998040942,-466883.02727971255,-342613.32729930314,0.18769049880465344,-488.25633432446205
328,w155463380,903.4881653226912,mfh,80794.44802773364,89771.60891970404,100993.06003466704,r2,-133355.8828023781,-489058.40597710345,-355702.52317472536,0.18769049880465344,-393.6991505004187
329,w155463382,654.6620004437864,mfh,67195.36451178146,74661.51612420162,83994.20563972682,r2,-110909.8134022807,-405349.44791201624,-294439.6345097355,0.18769049880465344,-449.75824824128927
330,w155463388,654.8312545590103,mfh,81045.45395849762,90050.50439833068,101306.81744812202,r2,-133770.18252597013,-254885.29168247714,-121115.10915650701,0.18769049880465344,-184.95621324316718
331,w155463390,658.415929133445,mfh,67307.170216775,74785.74468530556,84133.96277096875,r2,-111094.35514810262,-397794.5401451709,-286700.18499706825,0.18769049880465344,-435.4393208171624
332,w155463392,746.3197361536323,mfh,74500.89326832342,82778.77029813713,93126.11658540426,r2,-122968.008741797,-460625.1099276987,-337657.1011859017,0.18769049880465344,-452.4295483945153
333,w155463395,740.6091377854347,mfh,81203.21252281987,90225.79169202207,101504.01565352484,r2,-134030.57210877427,-255381.4371874832,-121350.86507870894,0.18769049880465344,-163.8527785946196
334,w155463397,721.9107812985777,mfh,69115.7372055503,76795.26356172255,86394.67150693786,r2,-114079.49897026943,-408219.6739122256,-294140.1749419562,0.18769049880465344,-407.4467130312903
335,w155463400,957.7393607803388,mfh,132263.3739372203,146959.30437468924,165329.2174215254,r2,-218308.30489447215,-415963.9683449789,-197655.66345050672,0.18769049880465344,-206.37730007197626
336,w155463402,519.368776667118,mfh,57328.60677905928,63698.45197673253,71660.7584738241,r2,-94624.16234624901,-380227.6599082873,-285603.49756203825,0.18769049880465344,-549.9050200799647
337,w155463405,658.592996231094,mfh,66453.3492473543,73837.05471928256,83066.68655919287,r2,-109685.07453647946,-393950.3450092701,-284265.2704727907,0.18769049880465344,-431.625103970958
338,w155463406,932.8967588515952,mfh,87329.94975847227,97033.27750941363,109162.43719809034,r2,-144143.10425303955,-551367.4339585602,-407224.32970552065,0.18769049880465344,-436.5159658254335
339,w155463408,740.3845857441426,mfh,81123.65596148898,90137.39551276554,101404.56995186122,r2,-133899.2594291535,-255131.23441422882,-121231.97498507533,0.18769049880465344,-163.74189484675458
340,w155463411,886.3585438661277,mfh,86630.34371086476,96255.9374565164,108287.92963858094,r2,-142988.3642384713,-514749.439885857,-371761.0756473857,0.18769049880465344,-419.425161770128
341,w155463413,436.59599217027426,trade,16616.663351011164,18462.959278901293,20770.829188763953,nr1,-27843.103932411475,-177752.4158609445,-149909.31192853302,0.2038871408334814,-343.3593404816867
342,w155463416,722.4005093876273,mfh,71360.79474582999,79289.7719398111,89200.99343228748,r2,-117785.09554942256,-459899.5953967083,-342114.49984728574,0.18769049880465344,-473.5800922085358
343,w155463417,828.3400002270937,mfh,74807.01169807202,83118.90188674668,93508.76462259002,r2,-123473.27481437653,-447822.383125132,-324349.10831075546,0.18769049880465344,-391.56518847554565
344,w155463421,509.4774500131606,mfh,62634.51134401355,69593.90149334838,78293.13918001692,r2,-103381.86296302607,-196983.48165812733,-93601.61869510126,0.18769049880465344,-183.7208274727044
345,w155463422,674.0859733853489,mfh,66828.4486191273,74253.83179903033,83535.56077390912,r2,-110304.19762083094,-401276.81459912704,-290972.6169782961,0.18769049880465344,-431.65505360835965
346,w155463424,701.7858467099256,mfh,75354.80212003247,83727.55791114719,94193.50265004058,r2,-124377.43440819105,-477669.71768471587,-353292.2832765248,0.18769049880465344,-503.418934612048
347,w155463427,540.3469697440042,mfh,55711.525451732596,61901.69494636955,69639.40681466574,r2,-91955.07662027354,-355716.9952565158,-263761.9186362423,0.18769049880465344,-488.1343533048822
348,w155463430,521.3457492198795,mfh,65819.9805171453,73133.31168571701,82274.97564643163,r2,-108639.66302345756,-207001.67761708892,-98362.01459363136,0.18769049880465344,-188.66944775289002
349,w155463434,634.5610695700626,mfh,64418.57211226843,71576.19123585381,80523.21514033554,r2,-106326.55785891858,-385031.85509448143,-278705.2972355629,0.18769049880465344,-439.2095743036923
350,w155463435,740.6094772338867,mfh,73569.89609015193,81744.3289890577,91962.37011268991,r2,-121431.34435937603,-446585.34884152433,-325154.00448214833,0.18769049880465344,-439.0357056954913
351,w155463436,830.3215000247583,mfh,74986.73881598086,83318.59868442318,93733.42351997607,r2,-123769.9247582444,-426360.3937916669,-302590.46903342253,0.18769049880465344,-364.4256700861052
352,w155463437,634.6341266736388,mfh,64166.464939277284,71296.07215475253,80208.0811740966,r2,-105910.44047170023,-387940.94709466037,-282030.50662296015,0.18769049880465344,-444.3985830090644
353,w155463439,740.3900625675916,mfh,77902.86750022264,86558.74166691404,97378.5843752783,r2,-128583.16285251183,-502918.0354613231,-374334.87260881125,0.18769049880465344,-505.5914328599427
354,w155463441,304.4361848443746,mfh,36817.49098632539,40908.32331813932,46021.863732906735,r1,-66016.07891003667,-125786.83239406827,-59770.75348403161,0.20389527621568143,-196.33261898412616
355,w155463442,681.7836883433163,mfh,68711.68346108304,76346.31495675893,85889.6043263538,r2,-113412.58502867604,-430449.38106329285,-317036.7960346168,0.18769049880465344,-465.01082594831905
356,w155463445,701.5969566701912,mfh,73907.62346345419,82119.58162606022,92384.52932931774,r2,-121988.78281106014,-464023.0529783124,-342034.2701672523,0.18769049880465344,-487.50820099129476
357,w155463446,527.3302180506289,mfh,52013.41474555332,57792.683050614796,65016.768431941644,r2,-85851.13222852304,-323134.4213416318,-237283.28911310877,0.18769049880465344,-449.97096883669815
358,w155463447,540.1562461696565,mfh,59085.19228162839,65650.21364625376,73856.49035203549,r2,-97523.5077360777,-394038.0580075186,-296514.5502714409,0.18769049880465344,-548.9421854770319
359,w155463448,488.2503870327026,mfh,51268.34796637681,56964.83107375201,64085.43495797101,r2,-84621.35666214126,-336723.3942979499,-252102.03763580864,0.18769049880465344,-516.3376094137598
360,w155463452,416.2699146196246,mfh,40700.76121869014,45223.06802076682,50875.95152336267,r1,-72979.02687908766,-139054.01189961255,-66074.9850205249,0.20389527621568143,-158.73110859069
361,w155463453,826.68092449978,mfh,83117.14823153104,92352.38692392338,103896.4352894138,r2,-137189.63306274675,-498896.6840392329,-361707.0509764862,0.18769049880465344,-437.54130554706234
362,w155463454,830.106713430956,mfh,73765.5043705863,81961.67152287367,92206.88046323288,r2,-121754.20707528724,-430007.46398225235,-308253.2569069651,0.18769049880465344,-371.34172259962577
363,w155463458,653.3753796381876,mfh,58960.56636749198,65511.74040832442,73700.70795936497,r2,-97317.80549780003,-343171.4115410194,-245853.60604321936,0.18769049880465344,-376.282323615198
364,w155463459,716.456727950275,mfh,75283.97896378927,83648.8655153214,94104.97370473658,r2,-124260.53671590876,-470997.9510080153,-346737.4142921065,0.18769049880465344,-483.961418415449
365,w155463463,389.00259175430983,mfh,37000.96483362116,41112.18314846796,46251.206042026446,r1,-66345.05906747066,-126413.67016764336,-60068.6111001727,0.20389527621568143,-154.41699457393702
366,w155463464,681.5525098629297,mfh,69179.35495120153,76865.94994577947,86474.19368900191,r2,-114184.50371800044,-425582.1159384323,-311397.61222043185,0.18769049880465344,-456.89452788173065
367,w155463468,854.9059582386632,mfh,81699.0096870192,90776.67743002134,102123.762108774,r2,-134848.91384062226,-478384.26119144866,-343535.34735082637,0.18769049880465344,-401.8399264155344
368,w155463469,716.6904537379742,mfh,100679.18201464991,111865.75779405545,125848.97751831239,r2,-166176.77978041585,-316632.72177238046,-150455.94199196462,0.18769049880465344,-209.93155581638612
369,w155463470,608.2978411447257,mfh,64367.74654988399,71519.71838875998,80459.68318735498,r2,-106242.66734532313,-202434.44947217466,-96191.78212685153,0.18769049880465344,-158.13270345630843
370,w155463473,376.1376306014136,mfh,43550.29606288637,48389.217847651526,54437.870078607964,r1,-78088.42222602281,-148789.43797688378,-70701.01575086097,0.20389527621568143,-187.96581357152638
371,w155463474,720.4433401308954,mfh,67276.75041664802,74751.94490738669,84095.93802081002,r2,-111044.14551860908,-432640.5185618754,-321596.3730432663,0.18769049880465344,-446.38676649413725
372,w155463478,851.8925360153429,mfh,87684.85616685112,97427.61796316791,109606.0702085639,r2,-144728.89769005068,-275765.9936320284,-131037.09594197772,0.18769049880465344,-153.81880977017704
373,w155463479,376.5337288361043,mfh,37121.41584101446,41246.017601127176,46401.76980126807,r1,-66561.03530582493,-248606.5666913691,-182045.53138554416,0.20389527621568143,-483.4773552644577
374,w155463480,664.0854127705097,mfh,73172.86575571459,81303.18417301621,91466.08219464324,r2,-120776.02295993977,-230126.2602704261,-109350.23731048634,0.18769049880465344,-164.66291113711736
375,w155463484,531.1159037780716,mfh,68085.21955592721,75650.24395103024,85106.52444490901,r2,-112378.57032648756,-214125.7800180222,-101747.20969153463,0.18769049880465344,-191.5725154674525
376,w155463485,716.6882258921862,mfh,74226.11389675422,82473.45988528247,92782.64237094278,r2,-122514.46958699131,-446064.4052510598,-323549.9356640685,0.18769049880465344,-451.45144565656807
377,w155463490,790.5601109853014,mfh,73479.01625668757,81643.35139631951,91848.77032085945,r2,-121281.34196791945,-448632.41402942396,-327351.0720615045,0.18769049880465344,-414.0748660510027
378,w155463491,681.5525530032813,mfh,68426.0537270324,76028.94858559156,85532.5671587905,r2,-112941.13672661132,-415159.5191615421,-302218.38243493077,0.18769049880465344,-443.4263815801094
379,w155463494,531.001435648324,mfh,56124.10929184654,62360.12143538504,70155.13661480817,r2,-92636.06997528109,-334581.33217564237,-241945.2622003613,0.18769049880465344,-455.6395632056234
380,w155463495,716.4590312853455,mfh,79038.97749810597,87821.08610900663,98798.72187263246,r2,-130458.37773950919,-522722.0470127479,-392263.66927323875,0.18769049880465344,-547.5032795238939
381,w155463496,611.941689690575,mfh,60485.334200613484,67205.92688957053,75606.66775076685,r2,-99834.52249281915,-375947.32763557014,-276112.80514275096,0.18769049880465344,-451.2077045810785
382,w155463500,1108.025532820262,mfh,100906.99247980208,112118.88053311342,126133.7405997526,r2,-166552.79405408917,-603613.6442961617,-437060.85024207254,0.18769049880465344,-394.4501613871837
383,w155463502,540.1563036605716,mfh,59609.47184418452,66232.74649353835,74511.83980523064,r2,-98388.86130438127,-386212.09734896995,-287823.2360445887,0.18769049880465344,-532.8517580819602
384,w155463507,1267.198863344267,mfh,124829.28501538603,138699.20557265115,156036.60626923252,r2,-206037.91360889413,-766716.3117268656,-560678.3981179715,0.18769049880465344,-442.45494084352634
385,w155463508,530.6506136165466,mfh,59404.70237854505,66005.22486505006,74255.87797318131,r2,-98050.87752544701,-381755.9115524186,-283705.0340269716,0.18769049880465344,-534.6362121272881
386,w155463511,1747.3368958860635,mfh,164794.07162005454,183104.52402228283,205992.58952506818,r2,-272002.09219756146,-956947.2232264102,-684945.1310288487,0.18769049880465344,-391.99374353136255
387,w155463513,612.2091895099729,mfh,81863.33408033723,90959.26008926358,102329.16760042153,r2,-135120.14070177203,-257457.4978116839,-122337.35710991186,0.18769049880465344,-199.8293380859468
388,w155463514,830.106801855378,mfh,74653.97590525495,82948.86211694994,93317.46988156869,r2,-123220.68043753921,-435037.2702843792,-311816.58984684,0.18769049880465344,-375.63430289921297
389,w155463518,691.345141955465,mfh,72173.4858662746,80192.76207363844,90216.85733284324,r2,-119126.48898001254,-431754.8798981201,-312628.3909181076,0.18769049880465344,-452.20306319625
390,w155463519,507.32179623667616,mfh,55562.18913504426,61735.76570560473,69452.73641880532,r2,-91708.58844153641,-345169.9907009427,-253461.40225940628,0.18769049880465344,-499.6067666313341
391,w155463522,1139.1653657640795,mfh,129564.6746402093,143960.74960023255,161955.84330026162,r2,-213853.946507773,-407476.6476639917,-193622.7011562187,0.18769049880465344,-169.96891494006135
392,w155463523,446.09937440417707,mfh,52022.345619720814,57802.60624413424,65027.93202465102,r2,-85865.8731499338,-163608.56889122148,-77742.69574128768,0.18769049880465344,-174.27214697425438
393,w155463528,681.6119319483638,mfh,68495.57242516302,76106.19158351446,85619.46553145377,r2,-113055.88133576191,-416413.7666868839,-303357.88535112195,0.18769049880465344,-445.05952893750566
394,w155463529,691.3949336603283,mfh,83645.16797269836,92939.0755252204,104556.45996587294,r2,-138061.16001093853,-263061.30689907284,-125000.1468881343,0.18769049880465344,-180.79413198238007
395,w155463531,507.3216828555101,mfh,54061.208972385146,60068.00996931683,67576.51121548143,r2,-89231.13436459842,-334319.15704383724,-245088.0226792388,0.18769049880465344,-483.1018088951702
396,w155463534,640.8467616457492,mfh,62761.80582241785,69735.3398026865,78452.25727802231,r2,-103591.9698200919,-361285.204707223,-257693.23488713108,0.18769049880465344,-402.11365697682993
397,w155463535,684.7868416263722,mfh,63983.21967634138,71092.46630704598,79979.02459542672,r2,-105607.98362714353,-401116.4671053111,-295508.48347816756,0.18769049880465344,-431.53353060396637
398,w155463536,691.6131192699074,mfh,70337.30683773482,78152.56315303869,87921.63354716853,r2,-116095.76989829935,-412013.3014516214,-295917.53155332204,0.18769049880465344,-427.86570021358705
399,w155463537,507.3215693686623,mfh,56345.158000452444,62605.73111161382,70431.44750056555,r2,-93000.92358091929,-381162.2104836736,-288161.28690275433,0.18769049880465344,-568.0051949325896
400,w155463538,643.413233704865,mfh,67471.69315381986,74968.54794868872,84339.61644227481,r2,-111365.90971709137,-212196.25962769755,-100830.34991060618,0.18769049880465344,-156.71165066035505
401,w155463539,710.019569536671,mfh,70101.74839593095,77890.83155103438,87627.18549491368,r2,-115706.9671435912,-404545.4980643933,-288838.5309208021,0.18769049880465344,-406.8036196654213
402,w155463540,840.6794232809916,mfh,76273.68228195352,84748.53586883724,95342.1028524419,r2,-125894.0989584645,-465658.4231213762,-339764.3241629117,0.18769049880465344,-404.1544431251622
403,w155463541,696.2558067506179,mfh,69091.86352939304,76768.73725488115,86364.8294117413,r2,-114040.0940948429,-421166.4164793004,-307126.3223844575,0.18769049880465344,-441.11132633535476
404,w155463542,640.557884996757,mfh,65685.4859572708,72983.87328585643,82106.85744658849,r2,-108417.67201786238,-206578.69664222907,-98161.02462436669,0.18769049880465344,-153.24301975435625
405,w155463543,587.0278481058776,mfh,64620.647257978446,71800.7191755316,80775.80907247306,r2,-106660.09450786414,-418687.2918582326,-312027.1973503684,0.18769049880465344,-531.5372999035142
406,w155463544,825.5248426020145,mfh,98226.61890138821,109140.68766820912,122783.27362673526,r2,-162128.6833198113,-308919.4913077388,-146790.80798792752,0.18769049880465344,-177.81513094778586
407,w155463545,709.4769112125038,mfh,68799.48875180824,76443.87639089805,85999.3609397603,r2,-113557.51271053062,-428020.1632502972,-314462.6505397666,0.18769049880465344,-443.2316902354814
408,w155463546,647.0489746004342,mfh,65167.88665066121,72408.76294517911,81459.8583133265,r2,-107563.3445961672,-377580.74003547715,-270017.39543930994,0.18769049880465344,-417.30596297761093
409,w155463547,586.4484846569597,mfh,65038.9578364076,72265.50870711956,81298.6972955095,r2,-107350.54017379462,-204545.38692998388,-97194.84675618926,0.18769049880465344,-165.73467115878546
410,w155463548,500.40091222245246,mfh,58521.66054916764,65024.06727685293,73152.07568645955,r2,-96593.3662040301,-184048.70094818607,-87455.33474415597,0.18769049880465344,-174.7705342017399
411,w155463549,672.5395986035466,mfh,71071.92574614852,78968.80638460947,88839.90718268565,r2,-117308.30065315025,-442596.83053164434,-325288.5298784941,0.18769049880465344,-483.6719362754542
412,w155463551,586.1050742082298,mfh,58460.95059670617,64956.61177411796,73076.1882458827,r2,-96493.16093618037,-338211.08481606795,-241717.92387988756,0.18769049880465344,-412.4139757814325
413,w155463552,667.035758360289,mfh,68669.64406031062,76299.60451145624,85837.05507538827,r2,-113343.19658009647,-436285.95589024865,-322942.75931015215,0.18769049880465344,-484.14609751059197
414,w155463553,817.6307530952618,mfh,76749.54752122253,85277.27502358059,95936.93440152815,r2,-126679.54190196848,-479469.68590253626,-352790.1440005678,0.18769049880465344,-431.4785649451524
415,w155463556,732.9133296664804,mfh,64357.9958795773,71508.88431064144,80447.49484947162,r2,-106226.57330323974,-372773.49154423154,-266546.91824099177,0.18769049880465344,-363.6813623819431
416,w155463558,710.1379440590739,mfh,77163.4124884325,85737.12498714722,96454.26561054062,r2,-127362.6498309232,-454925.9731139235,-327563.3232830003,0.18769049880465344,-461.2671749529152
417,w155463561,654.0662793286144,mfh,66767.48224207119,74186.09138007909,83459.35280258898,r2,-110203.56910944126,-209981.5394320533,-99777.97032261205,0.18769049880465344,-152.55024372305522
418,w155463562,586.3292756803334,mfh,59654.3554106497,66282.61712294411,74567.94426331212,r2,-98462.94421199925,-375006.8104376937,-276543.8662256945,0.18769049880465344,-471.65283688898757
419,w155463566,653.8032613813876,mfh,66481.29901255308,73868.11001394787,83101.62376569134,r2,-109731.20723127703,-405122.5617598521,-295391.3545285751,0.18769049880465344,-451.8046513020717
420,w155463567,133.41999841853976,sfh,16572.97361038044,18414.415122644932,20716.217012975547,r1,-29716.38491181244,-189469.06859683408,-159752.68368502165,0.20389527621568143,-1197.3668533848727
421,w155463569,886.7166110530495,mfh,90690.7250070177,100767.47223001966,113363.40625877211,r2,-149690.25707245493,-518877.8636828628,-369187.6066104078,0.18769049880465344,-416.35354746762545
422,w155463572,311.3570919752121,mfh,35890.06917924034,39877.854643600374,44862.58647405042,r1,-64353.15323098496,-122618.29895299971,-58265.14572201476,0.20389527621568143,-187.13286841288135
423,w155463574,863.4385226266459,mfh,80266.77887142508,89185.30985713897,100333.47358928135,r2,-132484.93451465713,-487734.23727855936,-355249.30276390223,0.18769049880465344,-411.4355492076109
424,w155463577,931.9227139726281,mfh,104741.59050899002,116379.54500998891,130926.98813623752,r2,-172882.01862158775,-329408.86310343526,-156526.8444818475,0.18769049880465344,-167.96118619600995
425,w155463578,931.2066993936896,mfh,95901.79540846782,106557.55045385312,119877.24426058478,r2,-158291.4284486389,-578510.5747329027,-420219.1462842638,0.18769049880465344,-451.26301878827684
426,w155463581,136.57608463019133,sfh,20238.058157433414,22486.731286037128,25297.572696791765,r1,-36288.11221284094,-178345.55385099907,-142057.44163815814,0.20389527621568143,-1040.1340909926416
427,w155463583,949.1963916398585,mfh,98696.62464541465,109662.91627268294,123370.7808067683,r2,-162904.4548294492,-618939.7391765916,-456035.28434714244,0.18769049880465344,-480.44355031658205
428,w155463586,949.1754787907004,mfh,101711.11223859426,113012.34693177139,127138.89029824281,r2,-167880.03995934935,-319878.1084446633,-151998.06848531394,0.18769049880465344,-160.1369524199756
429,w155463589,722.9646147996187,mfh,79863.38270239974,88737.09189155528,99829.22837799968,r2,-131819.10593914654,-251167.71639374766,-119348.61045460112,0.18769049880465344,-165.0822294915229
430,w155463591,591.1442194825038,mfh,72104.48386231158,80116.0931803462,90130.60482788947,r2,-119012.59720429966,-473575.7283771082,-354563.1311728085,0.18769049880465344,-599.7912514194899
431,w155463593,535.6290349200369,mfh,57403.922688774626,63782.13632086069,71754.90336096828,r2,-94748.47558650664,-365032.03818619234,-270283.5625996857,0.18769049880465344,-504.60961781139406
432,w155463596,724.8313003255054,mfh,67296.75836170698,74774.1759574522,84120.94795213372,r2,-111077.16978254718,-402847.2357219725,-291770.0659394253,0.18769049880465344,-402.5351358425029
433,w155463597,752.1160736689344,mfh,96345.81377389302,107050.90419321446,120432.26721736627,r2,-159024.30629541152,-303004.42093543895,-143980.11464002743,0.18769049880465344,-191.433370035121
434,w155463600,535.4490051213652,mfh,64489.169061256325,71654.6322902848,80611.4613265704,r2,-106443.08218311722,-202816.319283698,-96373.23710058077,0.18769049880465344,-179.98583652001884
435,w155463601,907.8308945208788,mfh,90872.07987539202,100968.97763932447,113590.09984424003,r2,-149989.5937120749,-562887.8246526078,-412898.23094053287,0.18769049880465344,-454.8184396813748
436,w155463605,389.4215188790113,mfh,42998.73447932191,47776.37164369101,53748.41809915238,r1,-77099.43758723089,-146905.02970765656,-69805.59212042567,0.20389527621568143,-179.25458336603492
437,w155463606,690.2915003947913,mfh,72619.17804943162,80687.97561047958,90773.97256178952,r2,-119862.12955920954,-447823.33351330814,-327961.20395409863,0.18769049880465344,-475.1053776071864
438,w155463610,725.1058211326599,mfh,66694.63523034648,74105.15025594053,83368.2940379331,r2,-110083.33092729874,-389615.0680372666,-279531.73710996786,0.18769049880465344,-385.504748359794
439,w155463611,1002.8680375270545,mfh,112403.2420384642,124892.49115384911,140504.05254808025,r2,-185528.01507776132,-353504.5056037481,-167976.49052598677,0.18769049880465344,-167.4961054100353
440,w155463612,535.6290688522159,mfh,63516.22491576578,70573.58323973975,79395.28114470722,r2,-104837.18191884708,-199756.4418914249,-94919.25997257783,0.18769049880465344,-177.21080780021438
441,w155463616,543.6235096465331,mfh,57717.03913082603,64130.04347869559,72146.29891353253,r2,-95265.29228083411,-340312.1847427388,-245046.89246190467,0.18769049880465344,-450.76581147352414
442,w155463618,752.1486698825844,mfh,78276.75754478379,86974.17504975977,97845.94693097973,r2,-129200.2898727541,-469374.1850027538,-340173.8951299997,0.18769049880465344,-452.2694897314692
443,w155463621,238.18491610530762,mfh,25941.058157091844,28823.39795232427,32426.322696364805,r1,-46513.95020221464,-182296.8408277631,-135782.89062554846,0.20389527621568143,-570.0734238162898
444,w155463623,73.76475410088896,mfh,9386.532258258556,10429.48028695395,11733.165322823193,r1,-16830.64319844484,-76359.25770052485,-59528.61450208,0.20389527621568143,-807.0062081500602
445,w155463625,52.41574023310095,sfh,7168.165529890833,7964.628366545369,8960.206912363541,r1,-12852.97201368875,-62922.66028218136,-50069.68826849261,0.20389527621568143,-955.2414607868728
446,w155463626,98.3909645654261,mfh,11326.695090576788,12585.216767307542,14158.368863220985,r1,-20309.47728532524,-82045.88064428448,-61736.40335895924,0.20389527621568143,-627.4600887554769
447,w155463629,643.7923131911084,mfh,60925.212855087026,67694.68095009669,76156.51606885878,r2,-100560.56750859927,-355002.68632549455,-254442.1188168953,0.18769049880465344,-395.22391554458443
448,w155463631,546.7249739198014,mfh,62732.02766693095,69702.25296325661,78415.03458366368,r2,-103542.81926197656,-197290.16729188708,-93747.34802991051,0.18769049880465344,-171.47076226970057
449,w155463632,612.4270064728335,mfh,67447.16411095476,74941.2934566164,84308.95513869345,r2,-111325.42312122468,-212119.11659326454,-100793.69347203986,0.18769049880465344,-164.58074579784383
450,w155463633,683.6260891854763,mfh,67343.37274848943,74825.96972054381,84179.21593561179,r2,-111154.10950863495,-402266.5079114039,-291112.39840276894,0.18769049880465344,-425.8357061089085
451,w155463638,279.5906790524721,ab,31093.580676718997,34548.42297413222,38866.97584589874,r1,-55752.7474186731,-255546.43366686214,-199793.68624818904,0.20389527621568143,-714.5935155109116
452,w155463639,282.758548167441,other,12733.875761949328,14148.750846610365,15917.34470243666,nr1,-21337.05298186685,-189420.00118511298,-168082.94820324614,0.2038871408334814,-594.439847327666
453,w155463640,56.80619836300611,sfh,8149.209288913908,9054.67698768212,10186.511611142383,r1,-14612.04522793686,-88192.92436671276,-73580.8791387759,0.20389527621568143,-1295.296662321518
454,w155463643,240.41873629689215,ab,28483.777730710135,31648.64192301126,35604.72216338767,r1,-51073.206455728105,-254944.16478780538,-203870.95833207728,0.20389527621568143,-847.9828214399972
455,w155463644,98.43792371228336,mfh,11153.843250929993,12393.159167699992,13942.30406366249,r1,-19999.543056235423,-83678.54378359418,-63679.00072735876,0.20389527621568143,-646.8950006857236
456,w155463645,98.39091195091605,mfh,11053.44919247696,12281.61021386329,13816.811490596201,r1,-19819.530189867222,-85056.60297730271,-65237.07278743549,0.20389527621568143,-663.0396191467368
457,w155463647,97.66299930792302,mfh,9369.723502372359,10410.803891524843,11712.154377965448,r1,-16800.504041070566,-76664.3814868713,-59863.877445800725,0.20389527621568143,-612.9637413351917
458,w155463653,376.11661268314344,mfh,49110.00769747382,54566.67521941535,61387.50962184227,r1,-88057.33515716997,-167784.17381586175,-79726.83865869178,0.20389527621568143,-211.973722963035
459,w155463654,482.5493668295443,mfh,52586.0148678914,58428.905408768216,65732.51858486424,r2,-86796.24165956875,-338221.2173641956,-251424.97570462688,0.18769049880465344,-521.0347230513313
460,w155463656,73.78574474137277,mfh,10518.511422655341,11687.23491406149,13148.139278319177,r1,-18860.353095544862,-87850.47488891592,-68990.12179337106,0.20389527621568143,-935.0061049758202
461,w155463657,470.15250823192764,mfh,44569.71600670739,49521.906674119324,55712.145008384236,r1,-79916.30635530117,-274507.2914865916,-194590.98513129045,0.20389527621568143,-413.8890715761068
462,w155463660,49.947176152281465,mfh,6130.094348688484,6811.2159429872045,7662.617935860605,r1,-10991.645041735606,-49251.04909388668,-38259.404052151076,0.20389527621568143,-765.9973395793965
463,w155463661,78.16354378722608,sfh,10628.335831745004,11809.262035272226,13285.419789681255,r1,-19057.2751742222,-107420.00694372377,-88362.73176950157,0.20389527621568143,-1130.4852299179186
464,w155463663,104.99722011834383,sfh,12659.813951807402,14066.45994645267,15824.767439759253,r1,-22699.843320103264,-113608.51235393317,-90908.66903382991,0.20389527621568143,-865.8197705745492
465,w155463665,467.86907609552145,trade,25152.751602532997,27947.501780592218,31440.939503166246,nr1,-42146.28787149609,-265388.5010913052,-223242.21321980914,0.2038871408334814,-477.1467588386444
466,w155463667,587.3173447391018,mfh,62170.68286456457,69078.53651618285,77713.3535807057,r2,-102616.28738381583,-385504.41264709824,-282888.12526328245,0.18769049880465344,-481.6614523600474
467,w155463669,557.4523567564785,mfh,63822.83861379559,70914.26512643954,79778.54826724448,r2,-105343.26546020665,-437543.3311700129,-332200.0657098062,0.18769049880465344,-595.9254843637282
468,w155463671,449.48969881236553,mfh,44460.06219337882,49400.06910375424,55575.07774172352,r1,-79719.69016556206,-320125.20281956735,-240405.5126540053,0.20389527621568143,-534.8409836514627
469,w155576276,58.73152135126293,other,7036.542804460303,7818.380893844781,8795.678505575379,nr1,-11790.525479805676,-99061.69719433744,-87271.17171453177,0.2038871408334814,-1485.9341237319259
470,w159548666,1258.4072781499474,other,45034.07044829587,50037.85605366207,56292.58806036983,nr1,-75459.69232837226,-502875.52925399406,-427415.8369256218,0.2038871408334814,-339.64825565375696
471,w159548667,15669.025621107221,trade,613413.7969842755,681570.8855380839,766767.2462303443,nr2,-946193.1944424729,-4807764.442022236,-3861571.247579763,0.18769049880465344,-246.44616333883388
472,w159548669,2256.2803165019486,trade,261494.21083095495,290549.1231455055,326867.76353869366,nr2,-403355.84867957793,-768589.4460349674,-365233.5973553895,0.18769049880465344,-161.8742115880503
473,w159548670,188.14899220019578,mfh,23028.989782019133,25587.766424465703,28786.237227523914,r1,-41292.428298084225,-167837.43337377044,-126545.00507568622,0.20389527621568143,-672.5787026328518
474,w159548671,318.3455893772654,other,12677.331192583715,14085.923547315238,15846.663990729643,nr1,-21242.30614320238,-123895.31646412374,-102653.01032092136,0.2038871408334814,-322.4577746521539
475,w159548672,170.00981159284711,ab,21983.144401197525,24425.716001330584,27478.930501496907,r1,-39417.16169684677,-181766.09400806503,-142348.93231121826,0.20389527621568143,-837.2983357697419
476,w159548674,118.95309109317604,trade,10044.893361266411,11160.992623629345,12556.116701583014,nr1,-16831.358013322897,-119569.98471761464,-102738.62670429175,0.2038871408334814,-863.6902644574112
477,w159548675,865.047436706489,mfh,94066.05527670533,104517.83919633925,117582.56909588166,r2,-155261.43379129676,-622617.1542622845,-467355.7204709877,0.18769049880465344,-540.2660023482177
478,w159548677,106.67055884185247,other,5052.772241354683,5614.191379282981,6315.965301693353,nr1,-8466.49292285753,-78649.40015011119,-70182.90722725366,0.2038871408334814,-657.9407475618963
479,w159872586,633.9711885744706,mfh,61528.304105702184,68364.7823396691,76910.38013212773,r2,-101556.00430035219,-399359.2664526853,-297803.2621523331,0.18769049880465344,-469.742580608379
480,w159872589,1091.462102752924,mfh,104981.15974855874,116645.73305395416,131226.4496856984,r2,-173277.44142866,-639868.7160607679,-466591.2746321079,0.18769049880465344,-427.49196097166816
481,w159872591,2692.1037788091226,mfh,238842.17683578568,265380.1964842063,298552.7210447321,r2,-394222.74821958883,-1324871.1770027084,-930648.4287831197,0.18769049880465344,-345.6955991476676
482,w159872593,436.90541737405584,mfh,41771.57313857874,46412.85904286526,52214.46642322342,r1,-74899.06005645516,-269173.43892752647,-194274.37887107133,0.20389527621568143,-444.66003657890934
483,w159872596,218.88012801047884,mfh,23926.839112240952,26585.376791378836,29908.54889030119,r1,-42902.328664604625,-183573.26002090907,-140670.93135630444,0.20389527621568143,-642.6848002828738
484,w159872599,487.8712977081537,mfh,46825.5540892305,52028.39343247833,58531.94261153812,r1,-83961.16603678853,-303145.29258351173,-219184.1265467232,0.20389527621568143,-449.26628718756865
485,w159872601,629.8896718598901,mfh,59138.13100415723,65709.03444906359,73922.66375519653,r2,-97610.88614201521,-370045.2067075421,-272434.3205655269,0.18769049880465344,-432.51117256948135
486,w159872603,453.131132603623,mfh,41977.27905722256,46641.42117469173,52471.59882152819,r1,-75267.90371727105,-265443.27556420857,-190175.37184693752,0.20389527621568143,-419.6916922353549
487,w159872608,317.054659525305,mfh,36148.8017943321,40165.33532703567,45186.00224291513,r1,-64817.07709643363,-260445.38602881477,-195628.30893238113,0.20389527621568143,-617.0176121217594
488,w159872611,474.9952949794941,mfh,49392.47210315651,54880.52455906279,61740.59012894564,r1,-88563.81161700672,-336106.01805404114,-247542.20643703442,0.20389527621568143,-521.1466493530658
489,w159872613,461.6615135567263,mfh,49483.41463924298,54981.57182138109,61854.26829905373,r1,-88726.87730882133,-354954.3751291257,-266227.49782030436,0.20389527621568143,-576.67249706227
490,w159872615,129.00588214695452,mfh,16719.873106670097,18577.636785188995,20899.841383337618,r1,-29979.784955625983,-136269.0893788403,-106289.30442321431,0.20389527621568143,-823.9105276001054
491,w159872617,185.93316667452453,mfh,23274.884584316744,25860.98287146305,29093.605730395928,r1,-41733.33315708388,-164782.58238824346,-123049.24923115959,0.20389527621568143,-661.7928981253621
492,w159872620,129.2747205838561,mfh,17497.094806705965,19441.216451895518,21871.368508382457,r1,-31373.39238800691,-126322.2220653782,-94948.8296773713,0.20389527621568143,-734.4732926015588
493,w159872622,447.3657494872576,mfh,46366.44062561429,51518.26736179365,57958.05078201786,r1,-83137.94669644823,-335047.8587951465,-251909.9120986983,0.20389527621568143,-563.0961073515832
494,w159872625,238.36158968657256,mfh,25116.058872769172,27906.732080854636,31395.073590961463,r1,-45034.6745537247,-186119.08486811753,-141084.41031439282,0.20389527621568143,-591.8923871077892
495,w159872628,167.04002443812786,mfh,19006.772350224233,21118.635944693593,23758.46543778029,r1,-34080.33925406654,-162132.019807056,-128051.68055298946,0.20389527621568143,-766.5928030345817
496,w159872630,195.52493976540862,mfh,18074.7621351929,20083.069039103222,22593.452668991125,r1,-32409.18627073802,-120791.46813226068,-88382.28186152266,0.20389527621568143,-452.02561866309213
497,w159872632,133.65780365467072,th,16477.88462317202,18308.760692413354,20597.355778965022,r1,-29545.884372127155,-56296.636619631914,-26750.75224750476,0.20389527621568143,-200.14358695149744
498,w159872635,49.369007284846155,th,6739.6868476192685,7488.540941799187,8424.608559524086,r1,-12084.682764684405,-85658.95432709191,-73574.2715624075,0.20389527621568143,-1490.2927080932245
499,w159872640,133.91130499513818,mfh,16908.877072954834,18787.64119217204,21136.09634119354,r1,-30318.680964514733,-125040.01507369922,-94721.33410918449,0.20389527621568143,-707.3438206925358
500,w159872643,87.82295271442271,other,9591.78852868142,10657.542809646022,11989.735660851775,nr1,-16072.129479925781,-105735.23600493743,-89663.10652501165,0.2038871408334814,-1020.9529941059103
501,w159872648,133.79360626488923,mfh,16965.31316645674,18850.347962729713,21206.641458070924,r1,-30419.87443267854,-136934.43894807552,-106514.56451539698,0.20389527621568143,-796.1110212136426
502,w159872651,467.48304517045614,other,34799.30109969496,38665.890110772176,43499.126374618696,nr1,-58310.1755645261,-370107.37822601275,-311797.20266148663,0.2038871408334814,-666.9700770597948
503,w159872654,134.11286987382917,mfh,15572.749109392586,17303.054565991763,19465.93638674073,r1,-27922.919419840404,-109471.914292001,-81548.9948721606,0.20389527621568143,-608.0624100347741
504,w159872660,131.42538360562176,mfh,16010.967487406166,17789.96387489574,20013.709359257708,r1,-28708.672556400357,-114454.3614265124,-85745.68887011205,0.20389527621568143,-652.4286748701128
505,w159872663,509.8066861014813,other,40789.69983623175,45321.88870692417,50987.12479528969,nr1,-68347.76801583076,-130235.80376726916,-61888.035751438394,0.2038871408334814,-121.39510414172767
506,w159872669,96.41428965386004,other,6140.942525975589,6823.26947330621,7676.178157469486,nr1,-10289.845643608049,-92394.24487301541,-82104.39922940737,0.2038871408334814,-851.5791541292576
507,w159872671,385.8471666022902,mfh,41085.27500261371,45650.30555845967,51356.59375326713,r1,-73668.48429787059,-268330.71175749577,-194662.22745962517,0.20389527621568143,-504.50604360734405
508,w159872676,450.3884779855609,trade,21572.307796555673,23969.230885061857,26965.38474569459,nr1,-36146.84821817248,-230334.0064002728,-194187.15818210033,0.2038871408334814,-431.15480895656003
509,w159872680,74.82275880910456,trade,6347.627257792996,7052.919175325551,7934.534072241245,nr1,-10636.169351784061,-84834.03811744784,-74197.86876566378,0.2038871408334814,-991.6483961112011
510,w159872682,128.20031198486686,mfh,17098.113549140475,18997.903943489415,21372.641936425593,r1,-30657.993878291723,-145453.5996589764,-114795.60578068468,0.20389527621568143,-895.4393636283467
511,w159872688,74.73616111706941,trade,5317.786693607912,5908.651881786568,6647.23336700989,nr1,-8910.554692769281,-70578.48526285599,-61667.93057008671,0.2038871408334814,-825.1418008143052
512,w159872690,271.2794532585889,mfh,37662.36732773164,41847.07480859071,47077.95915966455,r1,-67530.9953730899,-265988.6698224272,-198457.6744493373,0.20389527621568143,-731.5617606327286
513,w159872699,406.91918786983007,mfh,43877.34349126553,48752.60387918392,54846.67936408191,r1,-78674.8388519472,-271818.445542045,-193143.60669009777,0.20389527621568143,-474.6485603227016
514,w159872700,406.7131608505966,mfh,40678.93594210743,45198.8177134527,50848.66992763429,r1,-72939.89278432677,-259471.36281153752,-186531.47002721074,0.20389527621568143,-458.63150736774867
515,w159872708,435.5580747295171,mfh,46872.894326570284,52080.9936961892,58591.11790821285,r1,-84046.0500622916,-332187.7774916702,-248141.7274293786,0.20389527621568143,-569.7098546123278
516,w159872710,142.59727319749075,mfh,15785.244708098155,17539.160786775727,19731.555885122692,r1,-28303.937404400855,-122915.22449335334,-94611.28708895248,0.20389527621568143,-663.4859486963691
517,w159872717,364.7500545413,mfh,42624.77941045999,47360.86601162221,53280.97426307498,r1,-76428.91260919895,-277838.32618311077,-201409.41357391182,0.20389527621568143,-552.1847387444506
518,w159872718,186.0198295045644,mfh,25865.705318047403,28739.672575608223,32332.131647559254,r1,-46378.837818529915,-200378.2864017751,-153999.4485832452,0.20389527621568143,-827.8657656734734
519,w159872719,169.79583046399057,mfh,20853.61252597942,23170.680584421578,26067.015657474276,r1,-37391.83994329504,-180049.29861287784,-142657.4586695828,0.20389527621568143,-840.1705641401886
520,w159872726,172.48843573874328,mfh,18695.70090016346,20773.001000181623,23369.626125204326,r1,-33522.56856291601,-143885.7782813947,-110363.2097184787,0.20389527621568143,-639.8296166685544
521,w159872727,172.59632431017235,mfh,21043.444879268325,23381.60542140925,26304.306099085406,r1,-37732.22130222721,-71894.85766440396,-34162.636362176745,0.20389527621568143,-197.9337422086879
522,w159872732,140.4957689295523,mfh,18976.199229647278,21084.665810719198,23720.249037059097,r1,-34025.51972436844,-155506.02468359214,-121480.5049592237,0.20389527621568143,-864.6559671141181
523,w159872736,118.37831126665697,mfh,14679.616639748732,16310.68515527637,18349.520799685914,r1,-26321.47668125119,-115705.87672725756,-89384.40004600637,0.20389527621568143,-755.0741270895527
524,w159872737,187.97203346798193,mfh,24944.26660849226,27715.85178721362,31180.333260615324,r1,-44726.640209970785,-193056.0421892784,-148329.40197930761,0.20389527621568143,-789.1035663269196
525,w159872743,753.6066189933568,other,31827.00488865078,35363.33876516753,39783.75611081347,nr1,-53329.75617623898,-349264.0110664903,-295934.2548902513,0.2038871408334814,-392.6906258938525
526,w159872746,394.377677144669,mfh,44537.18740147157,49485.76377941285,55671.484251839465,r1,-79857.98051851674,-152161.14886951036,-72303.16835099363,0.20389527621568143,-183.3348400306916
527,w159872748,575.8923149108887,trade,55207.313642999135,61341.45960333237,69009.14205374892,nr2,-85157.49842808953,-162266.53154238185,-77109.03311429232,0.18769049880465344,-133.89488124394205
528,w159872750,127.08080641776323,mfh,17865.116812482014,19850.129791646683,22331.396015602517,r1,-32033.279010453978,-236051.12780745723,-204017.84879700324,0.20389527621568143,-1605.4182732073523
529,w159872753,434.5401292324066,other,25725.96143987,28584.401599855555,32157.451799837498,nr1,-43106.76596140598,-276014.8062884038,-232908.0403269978,0.2038871408334814,-535.9874144153687
530,w159872756,252.43327465518377,mfh,33635.93448393886,37373.260537709844,42044.91810492357,r1,-60311.34783001007,-245232.26661607446,-184920.91878606437,0.20389527621568143,-732.5536581445563
531,w159872759,386.07803563163617,mfh,40885.04737063046,45427.83041181162,51106.30921328808,r1,-73309.46354988191,-283804.4882354605,-210495.02468557857,0.20389527621568143,-545.2136751089761
532,w159872763,1345.7076428122818,trade,70170.62199602295,77967.35777335883,87713.27749502868,nr2,-108238.46041424172,-567509.3594470825,-459270.8990328408,0.18769049880465344,-341.2857922639489
533,w159872767,486.0339612279087,mfh,45082.85482234876,50092.060913720845,56353.568527935946,r1,-80836.39655258718,-278572.64762258,-197736.25106999284,0.20389527621568143,-406.83628479465716
534,w159872769,563.4171857964247,other,35443.64525157622,39381.82805730691,44304.55656447027,nr1,-59389.847265763274,-361490.5652162428,-302100.71795047953,0.2038871408334814,-536.1936511103077
535,w159872774,2747.8572637828997,other,119011.47723873041,132234.97470970044,148764.346548413,nr2,-183575.6717202085,-1061258.628686425,-877682.9569662166,0.18769049880465344,-319.4063128875677
536,w159872776,80.53474041707815,sfh,12444.034937831644,13826.705486479605,15555.043672289554,r1,-22312.93796528036,-113936.59346358896,-91623.6554983086,0.20389527621568143,-1137.691076221299
537,w159872779,530.1892838459462,trade,41088.84380523203,45654.270894702255,51361.054756540034,nr1,-68849.01766166424,-384347.65567726427,-315498.63801560004,0.2038871408334814,-595.067926924137
538,w159872782,386.9254036822822,mfh,34779.397511211064,38643.77501245674,43474.246889013826,r1,-62361.64901612699,-216807.1169298098,-154445.4679136828,0.20389527621568143,-399.160836801771
539,w159872787,649.6997715241275,sfh,73844.5187104147,82049.46523379411,92305.64838801838,r2,-121884.62478713605,-442417.61301395734,-320532.9882268213,0.18769049880465344,-493.35555017186556
540,w159872789,103.62989482581615,mfh,13622.502345110554,15136.113716789503,17028.12793138819,r1,-24426.004208189905,-112290.49945917893,-87864.49525098903,0.20389527621568143,-847.8682275869717
541,w159872791,7102.280937734339,other,341045.9633446604,378939.9592718449,426307.4541808255,nr2,-526064.7398139088,-2513995.2861135695,-1987930.5462996606,0.18769049880465344,-279.9002973450132
542,w159872796,295.65545302389654,other,14692.2812732514,16324.756970279332,18365.35159156425,nr1,-24618.58351787984,-167490.3016128212,-142871.71809494137,0.2038871408334814,-483.2372162721236
543,w159872797,3172.659030787088,other,124134.27925297005,137926.9769477445,155167.84906621257,nr2,-191477.61397546888,-1162242.539349298,-970764.9253738291,0.18769049880465344,-305.9783342469667
544,w159872802,393.79842739673325,mfh,39710.81716874246,44123.130187491624,49638.521460928074,r1,-71203.99488296006,-251950.4954483562,-180746.50056539616,0.20389527621568143,-458.9822812656959
545,w159872803,469.9664310747758,mfh,46940.21759095484,52155.79732328315,58675.271988693545,r1,-84166.76491316894,-160371.09331669405,-76204.32840352511,0.20389527621568143,-162.14845011217477
546,w159872804,664.4021281981841,mfh,71285.2107419375,79205.78971326388,89106.51342742186,r2,-117660.33980430795,-224189.6472306762,-106529.30742636825,0.18769049880465344,-160.33860053288646
547,w159872808,295.65545226749964,other,15824.74835213696,17583.053724596622,19780.935440171197,nr1,-26516.160541098907,-170197.86303564147,-143681.70249454255,0.2038871408334814,-485.976840246274
548,w159872809,678.8678823016584,other,34505.649287262946,38339.61031918105,43132.06160907868,nr1,-57818.12864988556,-360005.91584145685,-302187.7871915713,0.2038871408334814,-445.13490042719775
549,w159872812,337.05531151816245,mfh,38041.70913462511,42268.56570513901,47552.136418281385,r1,-68211.17911149448,-263427.7292987796,-195216.55018728515,0.20389527621568143,-579.1825362667984
550,w159872814,765.4437305399682,mfh,79399.36095195425,88221.51216883806,99249.2011899428,r2,-131053.21135504192,-479645.6405713227,-348592.4292162808,0.18769049880465344,-455.41222079168733
551,w159872815,1229.117813373683,mfh,149792.9605537908,166436.62283754532,187241.2006922385,r2,-247241.89569777928,-979276.7904755523,-732034.8947777731,0.18769049880465344,-595.5774839585828
552,w159872820,336.8380303993821,mfh,38637.43829336847,42930.48699263163,48296.797866710585,r1,-69279.35899282366,-285971.4355204555,-216692.0765276318,0.20389527621568143,-643.3123845033305
553,w159872826,1791.1392054180615,th,178358.86709907744,198176.51899897493,222948.5838738468,r2,-294391.56722086825,-1082518.845341758,-788127.2781208898,0.18769049880465344,-440.0145313869877
554,w159872827,157.03123329076917,th,22144.882072210334,24605.424524678147,27681.102590262915,r1,-39707.167521965945,-178039.19729198093,-138332.02977001498,0.20389527621568143,-880.9204823213129
555,w159872832,35.670331929810345,sfh,3676.201183569743,4084.667981744159,4595.251479462178,r0,-8088.456316808711,-53040.90547587777,-44952.44915906906,0.25019464024718985,-1260.2195361546799
556,w159872833,162.84196072258055,mfh,21239.15922568886,23599.065806320956,26548.949032111075,r1,-38083.149445101546,-162786.71913254142,-124703.56968743987,0.20389527621568143,-765.7950637175533
557,w159872834,33.79703346360475,sfh,4555.214293213258,5061.349214681398,5694.017866516572,r0,-10022.479724186484,-63140.45256694294,-53117.972842756455,0.25019464024718985,-1571.675599870562
558,w159872835,42.916394099872555,th,6704.477568681241,7449.419520756934,8380.59696085155,r1,-12021.550311210005,-59796.938397288264,-47775.38808607826,0.20389527621568143,-1113.2199964167105
559,w159872839,58.88304680213332,other,5318.843004436388,5909.8255604848755,6648.553755545484,nr1,-8912.324661358094,-75879.7544502701,-66967.429788912,0.2038871408334814,-1137.2955956906392
560,w159872840,318.65718863122163,other,26659.24765591642,29621.386284351578,33324.05956989552,nr1,-44670.59285993229,-262326.384722028,-217655.7918620957,0.2038871408334814,-683.0405828816444
561,w159872842,48.8293092939537,other,2375.76436505535,2639.7381833948334,2969.7054563191873,nr0,-4881.207259683765,-32663.77687371075,-27782.569614026987,0.24999993343320337,-568.9732256251098
562,w159872843,143.51003436879253,mfh,19080.71500207315,21200.794446747943,23850.893752591437,r1,-34212.923083341826,-166020.36001661213,-131807.4369332703,0.20389527621568143,-918.4545005023909
563,w159872845,162.83680398128925,mfh,21498.13375395689,23886.81528217432,26872.667192446108,r1,-38547.507076103124,-177435.67778741973,-138888.1707113166,0.20389527621568143,-852.9286212671893
564,w159872848,156.42925329236314,mfh,21291.72814453538,23657.47571615042,26614.660180669223,r1,-38177.40882567902,-72743.11659345478,-34565.707767775755,0.20389527621568143,-220.96703167899895
565,w159872851,167.48750086340587,mfh,20694.65294755158,22994.058830612867,25868.316184439474,r1,-37106.81541305489,-167402.76738515415,-130295.95197209925,0.20389527621568143,-777.9443319675651
566,w159872853,143.46053532976657,th,18641.830787650975,20713.145319612195,23302.288484563716,r1,-33425.976060188485,-63689.75131074976,-30263.775250561273,0.20389527621568143,-210.95540443227284
567,w159872855,768.5454076524824,other,30902.518900127714,34336.13211125301,38628.14862515964,nr1,-51780.67505695763,-318984.62126193347,-267203.94620497583,0.2038871408334814,-347.6748979883294
568,w159872857,315.41669200100006,mfh,33248.68266430212,36942.98073811347,41560.85333037765,r1,-59616.98094084076,-238977.83899717013,-179360.85805632937,0.20389527621568143,-568.6473246500242
569,w159872858,136.24142913175746,other,12600.205042488164,14000.227824986849,15750.256303110204,nr1,-21113.072531877726,-157526.4012085208,-136413.32867664308,0.2038871408334814,-1001.2617274053944
570,w159872860,131.01957194106652,other,10778.366395040914,11975.96266115657,13472.957993801141,nr1,-18060.375264235787,-115779.70562725424,-97719.33036301845,0.2038871408334814,-745.8376555143476
571,w159872862,156.42902136784977,mfh,20547.76308719318,22830.847874659088,25684.703858991474,r1,-36843.432647072645,-141399.59737761985,-104556.1647305472,0.20389527621568143,-668.3936511031335
572,w159872865,158.90607472276315,mfh,21250.92912058293,23612.143467314363,26563.66140072866,r1,-38104.25360753288,-72603.72686726038,-34499.4732597275,0.20389527621568143,-217.10606922936898
573,w159872867,192.56274920739233,mfh,23626.608294376343,26251.78699375149,29533.260367970426,r1,-42363.99590937325,-171512.5374412749,-129148.54153190166,0.20389527621568143,-670.6828920104748
574,w159872868,54.98272090442479,other,4338.732794656411,4820.814216284901,5423.415993320514,nr0,-8914.290628570607,-58074.26513980734,-49159.97451123674,0.24999993343320337,-894.0986132114197
575,w159872870,315.09365436807275,mfh,33572.70898486998,37303.00998318887,41965.886231087476,r1,-60197.980530288114,-238990.6172445767,-178792.63671428856,0.20389527621568143,-567.4269673023442
576,w159872874,56.548262861557305,th,6258.9085433516675,6954.342825946297,7823.635679189584,r1,-11222.617001307102,-84343.88431347575,-73121.26731216864,0.20389527621568143,-1293.077162974674
577,w159872876,86.08918008172186,other,7937.8236826816055,8819.804091868451,9922.279603352006,nr1,-13300.723805096039,-96355.44270619193,-83054.71890109588,0.2038871408334814,-964.7521189335819
578,w159872878,413.8979488207959,mfh,49390.03592714167,54877.81769682407,61737.544908927084,r1,-88559.44340006074,-353440.5730570132,-264881.12965695246,0.20389527621568143,-639.9672441276998
579,w159872879,205.3686287334189,mfh,25436.2263636754,28262.47373741711,31795.282954594248,r1,-45608.755018684795,-197579.3303759252,-151970.5753572404,0.20389527621568143,-739.989239322952
580,w159872883,329.8948070596903,th,38258.33027645758,42509.25586273064,47822.91284557197,r1,-68599.59445457436,-315614.39022619853,-247014.7957716242,0.20389527621568143,-748.7683664172682
581,w159872884,900.053558271192,other,37831.76819712391,42035.297996804344,47289.71024640488,nr1,-63391.41809690216,-438074.4612470334,-374683.04315013124,0.2038871408334814,-416.2897193249436
582,w159872887,1008.3728146322071,other,88407.21114906944,98230.23461007715,110509.01393633679,nr2,-136368.4709084438,-703456.6697385912,-567088.1988301474,0.18769049880465344,-562.3794995276489
583,w159872892,458.9937253634445,other,39649.09661200691,44054.55179111879,49561.370765008636,nr1,-66436.5579583794,-392263.40444253385,-325826.84648415446,0.2038871408334814,-709.8721147574628
584,w159872895,353.7920229201671,th,49227.57275316536,54697.30305907262,61534.4659414567,r1,-88268.13670245938,-336144.44097199943,-247876.30426954007,0.20389527621568143,-700.6271713635363
585,w159872899,2008.66189844124,other,87830.35072413228,97589.2785823692,109787.93840516535,nr2,-135478.66143415062,-769723.2372271204,-634244.5757929698,0.18769049880465344,-315.75477002135386
587,w160025355,131.5437356668757,ab,15822.357973565722,17580.397748406358,19777.94746695715,r1,-28370.483825574047,-160741.49182293724,-132371.0079973632,0.20389527621568143,-1006.2889526916165
588,w160025360,102.43726858533918,mfh,14598.10513130861,16220.116812565122,18247.63141413576,r1,-26175.32141566675,-120768.5566622577,-94593.23524659095,0.20389527621568143,-923.4259811192304
589,w160025362,106.2412323884666,mfh,12893.32495058692,14325.916611763245,16116.65618823365,r1,-23118.54323986465,-131182.9336435635,-108064.39040369885,0.20389527621568143,-1017.1605503272585
590,w160025367,104.2175793532282,mfh,14296.527182761089,15885.030203067876,17870.65897845136,r1,-25634.57317032231,-115587.7319432208,-89953.15877289849,0.20389527621568143,-863.1284600078569
591,w160025369,103.97346241511406,mfh,13712.751918131698,15236.391020146331,17140.939897664623,r1,-24587.827373608045,-113053.36059211638,-88465.53321850834,0.20389527621568143,-850.8472370123608
592,w160025373,103.9182820610702,mfh,12692.477684318626,14102.75298257625,15865.597105398283,r1,-22758.411448598446,-101838.31294656487,-79079.90149796642,0.20389527621568143,-760.9816091021705
593,w160025375,104.46434533819556,mfh,15200.83881015165,16889.8209001685,19001.048512689562,r1,-27256.06084245217,-51933.61395462732,-24677.55311217515,0.20389527621568143,-236.22943342327378
594,w160025376,101.26918978765606,other,6767.594541506047,7519.5494905622745,8459.493176882557,nr1,-11339.872163932778,-78665.91048811827,-67326.0383241855,0.2038871408334814,-664.8225236654557
595,w160025380,128.15635424628857,th,16535.50385671767,18372.782063019633,20669.379820897087,r1,-29649.199284865193,-146215.7126060227,-116566.51332115749,0.20389527621568143,-909.5648359124048
596,w160025381,64.08582323277369,th,8805.145795153388,9783.495327948209,11006.432243941736,r1,-15788.180673232757,-105715.7694744606,-89927.58880122784,0.20389527621568143,-1403.2368512235728
597,w160025384,125.48521707579494,mfh,13228.087159594033,14697.874621771149,16535.10894949254,r1,-23718.792953081673,-111778.62602766308,-88059.8330745814,0.20389527621568143,-701.7546379299162
598,w160025385,125.6767025694251,mfh,12483.801305090501,13870.890338989446,15604.751631363126,r1,-22384.241564971635,-100395.57503441433,-78011.3334694427,0.20389527621568143,-620.7302696086289
599,w160025388,125.67682776004075,mfh,12887.497210468891,14319.441344965435,16109.371513086113,r1,-23108.093734990955,-97736.61734789403,-74628.52361290308,0.20389527621568143,-593.8129163746397
600,w160025389,125.54291224256157,mfh,15947.091501286146,17718.990556984605,19933.864376607682,r1,-28594.138892449108,-132529.81167868435,-103935.67278623524,0.20389527621568143,-827.8896110472651
601,w160025392,101.23846836648882,other,7707.166695034264,8563.51855003807,9633.95836879283,nr1,-12914.231863594972,-91731.59672197547,-78817.36485838049,0.2038871408334814,-778.5317787805451
602,w160025393,241.441205301648,mfh,29760.98461218925,33067.76068021028,37201.23076523656,r1,-53363.31879128851,-232607.19318836805,-179243.87439707955,0.20389527621568143,-742.3913998985329
603,w160025394,520.9474028991534,mfh,62962.95736238052,69958.84151375612,78703.69670297565,r2,-103923.98200463667,-198016.43360181415,-94092.45159717748,0.18769049880465344,-180.61794928535653
604,w160025395,347.3527018059045,mfh,41270.74084393225,45856.37871548028,51588.42605491531,r1,-74001.03622597858,-372843.14129263913,-298842.10506666056,0.20389527621568143,-860.341962256131
605,w160025396,362.18757194392384,mfh,37666.70161233902,41851.89068037669,47083.37701542377,r1,-67538.76701822359,-271983.3975146488,-204444.6304964252,0.20389527621568143,-564.4716890729719
606,w160025398,216.67090053744613,mfh,25759.482837806354,28621.647597562616,32199.353547257942,r1,-46188.37422501082,-206244.22794617387,-160055.85372116306,0.20389527621568143,-738.7048898774545
607,w160025399,277.5212213275954,mfh,34672.16062353594,38524.62291503994,43340.20077941992,r1,-62169.36652622411,-118457.31852593616,-56287.95199971205,0.20389527621568143,-202.82395605800485
608,w160025402,733.1297983160242,mfh,73752.53405858297,81947.26006509218,92190.66757322871,r2,-121732.79882942814,-481338.45688890904,-359605.6580594809,0.18769049880465344,-490.5074911502487
609,w160025403,118.93753181435167,th,13366.26539456982,14851.405993966466,16707.831743212275,r1,-23966.555226377237,-110052.5740444768,-86086.01881809956,0.20389527621568143,-723.7918721272131
610,w160025405,118.80893169231713,mfh,11413.826109522666,12682.02901058074,14267.282636903332,r1,-20465.70868698103,-81218.94820806492,-60753.23952108389,0.20389527621568143,-511.3524602545731
611,w160025406,118.8714888818562,mfh,12694.703117102687,14105.225685669651,15868.378896378357,r1,-22762.40178966585,-84567.66869452386,-61805.266904858014,0.20389527621568143,-519.9334801491797
612,w160025409,118.87152101863175,mfh,13545.552141340295,15050.613490378106,16931.94017667537,r1,-24288.02764900157,-109642.22018926979,-85354.19254026822,0.20389527621568143,-718.0373550271131
613,w160025412,678.325670054555,mfh,83112.16289052342,92346.84765613714,103890.20361315427,r2,-137181.40447071634,-261385.02341612792,-124203.61894541158,0.18769049880465344,-183.10322670734604
614,w160025415,1309.668819526094,mfh,134843.0872649352,149825.65251659465,168553.85908116898,r2,-222566.2700961948,-833620.087582569,-611053.8174863742,0.18769049880465344,-466.5712494457073
615,w160025422,678.3786613484378,mfh,78555.95700031816,87284.39666702018,98194.9462503977,r2,-129661.12463033482,-482854.0310902441,-353192.9064599093,0.18769049880465344,-520.6427126670744
616,w160025427,555.729584345687,mfh,68356.5049155554,75951.67212839489,85445.63114444424,r2,-112826.34241365077,-214978.96356676787,-102152.6211531171,0.18769049880465344,-183.81713702248015
617,w160025428,926.2977557130158,mfh,100962.61735123128,112180.68594581253,126203.2716890391,r2,-166644.60610326196,-638539.8483506321,-471895.2422473702,0.18769049880465344,-509.4422817467908
618,w160025434,188.0208901744336,mfh,25126.424219116037,27918.249132351153,31408.030273895045,r1,-45053.26027219798,-189884.78716078063,-144831.52688858265,0.20389527621568143,-770.2948685873009
619,w160025437,385.6369404070079,mfh,43222.04791881172,48024.497687568575,54027.55989851464,r1,-77499.85264127424,-302454.6143513437,-224954.7617100695,0.20389527621568143,-583.3330216567125
620,w160025438,514.208815998584,mfh,66439.19135967275,73821.32373296973,83048.98919959094,r2,-109661.7061286683,-208949.0753858938,-99287.36925722551,0.18769049880465344,-193.08764487907754
621,w160025439,231.99735509790483,mfh,23422.747428464972,26025.274920516636,29278.434285581214,r1,-41998.46054424824,-190519.53555625238,-148521.07501200412,0.20389527621568143,-640.1843458488006
622,w160025441,239.19352681115268,mfh,29974.211052689745,33304.67894743305,37467.76381586218,r1,-53745.64722119197,-102406.78983881566,-48661.14261762369,0.20389527621568143,-203.4383758890034
623,w160025442,258.45977183450015,mfh,26407.168715404667,29341.29857267185,33008.96089425583,r1,-47349.71577379607,-189451.42200889875,-142101.70623510267,0.20389527621568143,-549.8020261586195
624,w160025445,358.2598954875022,mfh,37036.861616907394,41152.06846323044,46296.07702113424,r1,-66409.42425951811,-270593.12829347566,-204183.70403395756,0.20389527621568143,-569.9317914334636
625,w160025446,282.03160609211767,mfh,32653.249972380814,36281.3888582009,40816.56246547602,r1,-58549.33264318537,-111559.71717146656,-53010.38452828119,0.20389527621568143,-187.95902084451782
626,w160025449,151.84076374266294,mfh,15398.815708212785,17109.79523134754,19248.51963526598,r1,-27611.045882840244,-130348.9879746168,-102737.94209177655,0.20389527621568143,-676.6163417479578
627,w160025451,187.46145662125198,mfh,22242.272514884975,24713.63612764997,27802.840643606218,r1,-39881.79471617319,-172194.88916679702,-132313.09445062382,0.20389527621568143,-705.8149276944424
628,w160025452,105.00601281486452,mfh,13097.326417448377,14552.584908275974,16371.658021810472,r1,-23484.330711343668,-109525.00733417705,-86040.67662283339,0.20389527621568143,-819.3880932754888
629,w160025453,104.94913844838739,mfh,14710.976976171565,16345.52997352396,18388.721220214455,r1,-26377.707738514273,-121484.40136168903,-95106.69362317475,0.20389527621568143,-906.2170021523996
630,w160025454,86.96602670811116,mfh,9958.714429546208,11065.238255051341,12448.393036932759,r1,-17856.60184904032,-112593.75999718702,-94737.1581481467,0.20389527621568143,-1089.3582440660216
631,w160025455,103.15431486908346,mfh,14454.34817374303,16060.386859714477,18067.935217178787,r1,-25917.556141600653,-119748.80507225406,-93831.24893065341,0.20389527621568143,-909.620203960811
632,w160025456,162.83409464433788,mfh,15439.821255317227,17155.356950352474,19299.776569146532,r1,-27684.571409998014,-106141.30644088364,-78456.73503088563,0.20389527621568143,-481.82007092710387
633,w160025457,103.20248084068298,mfh,13888.002639595677,15431.114043995196,17360.003299494594,r1,-24902.062948799845,-112433.89949355664,-87531.8365447568,0.20389527621568143,-848.1563217446541
634,w160025458,101.69107806179672,mfh,14620.583473797502,16245.09274866389,18275.729342246876,r1,-26215.626498706348,-206575.80164667367,-180360.17514796733,0.20389527621568143,-1773.6086447855744
635,w160025459,108.44199563004076,mfh,13875.057936342178,15416.731040380198,17343.82242042772,r1,-24878.852281028725,-118571.60701902401,-93692.75473799529,0.20389527621568143,-863.9895844192707
636,w160025462,124.9876569705084,mfh,15710.045915399749,17455.606572666387,19637.557394249685,r1,-28169.10123551142,-132728.1301247674,-104559.02888925598,0.20389527621568143,-836.5548360821526
637,w160025465,103.21026510931551,mfh,13114.320013160435,14571.466681289372,16392.90001645054,r1,-23514.801298160924,-99086.83890298095,-75572.03760482003,0.20389527621568143,-732.2143541127197
638,w160025467,105.14285953305661,mfh,14341.115732538854,15934.573036154281,17926.394665673568,r1,-25714.523246814653,-115130.77760346059,-89416.25435664594,0.20389527621568143,-850.4263128637255
639,w160025469,108.37528205253183,mfh,12119.687617749969,13466.319575277743,15149.60952218746,r1,-21731.362803498592,-104984.07534164503,-83252.71253814644,0.20389527621568143,-768.1891198935202
640,w160025471,48.55004379618913,sfh,6829.869385996844,7588.743762218715,8537.336732496055,r1,-12246.38573276696,-67308.19216111611,-55061.80642834915,0.20389527621568143,-1134.124752997054
641,w160025472,101.69099241122603,mfh,13375.50809475645,14861.6756608405,16719.38511844556,r1,-23983.127969617377,-45697.37779050524,-21714.249820887864,0.20389527621568143,-213.53169347662646
642,w160025474,105.6897082787007,mfh,13340.076698786537,14822.307443096151,16675.09587348317,r1,-23919.59724632308,-120239.3614630414,-96319.76421671832,0.20389527621568143,-911.3447826227875
643,w160025476,96.35599186792969,mfh,11760.455718228655,13067.17302025406,14700.569647785818,r1,-21087.237394882086,-40179.556853999886,-19092.3194591178,0.20389527621568143,-198.14356210755093
644,w160025477,108.4367577029392,mfh,13789.217767408181,15321.35307489798,17236.522209260227,r1,-24724.935454700106,-106111.00292567095,-81386.06747097085,0.20389527621568143,-750.5394775259392
645,w160025481,105.0061043202877,mfh,13105.966754568803,14562.185282854225,16382.458443211002,r1,-23499.823379688805,-96484.7499829512,-72984.92660326239,0.20389527621568143,-695.0541311450341
646,w160025482,103.2132654029876,mfh,14060.161845670413,15622.402050744902,17575.202307088013,r1,-25210.755242295356,-118154.7486491406,-92943.99340684524,0.20389527621568143,-900.504339669452
647,w160025484,128.51466068420558,mfh,13247.347808026228,14719.275342251365,16559.184760032786,r1,-23753.32850813159,-90901.17984612365,-67147.85133799206,0.20389527621568143,-522.4917607104145
648,w160025486,101.26240085978061,mfh,13302.68360909849,14780.75956566499,16628.354511373112,r1,-23852.549082708312,-104414.16516564346,-80561.61608293514,0.20389527621568143,-795.5728424263798
649,w160025487,105.13472320698202,mfh,14158.708934601254,15731.898816223616,17698.386168251567,r1,-25387.456376048034,-117518.02477155218,-92130.56839550415,0.20389527621568143,-876.3096109943032
650,w160025490,87.12732640933245,mfh,12040.780464448602,13378.644960498446,15050.975580560753,r1,-21589.877310615764,-186259.89039828654,-164670.01308767078,0.20389527621568143,-1889.9927252907478
651,w160025492,101.576605540514,mfh,13964.916070301266,15516.57341144585,17456.145087876583,r1,-25039.97357156846,-113700.69982918943,-88660.72625762096,0.20389527621568143,-872.8459253568824
652,w160025494,105.68961535468698,mfh,14285.138779463909,15872.376421626564,17856.423474329884,r1,-25614.153046338164,-117001.27678292977,-91387.1237365916,0.20389527621568143,-864.6745797106252
653,w160025496,100.3227494932711,mfh,13748.271791453237,15275.857546059151,17185.339739316543,r1,-24651.51674236324,-115075.72214799515,-90424.20540563192,0.20389527621568143,-901.3330063456534
654,w160025498,53.38166442215442,th,6600.947610690868,7334.386234100964,8251.184513363583,r1,-11835.914579574091,-82350.56103989636,-70514.64646032227,0.20389527621568143,-1320.9525634621714
655,w160025500,108.55102695096282,mfh,13356.061664075802,14840.06851563978,16695.07708009475,r1,-23948.259295301435,-100807.12938351308,-76858.87008821164,0.20389527621568143,-708.0436938006317
656,w160025504,103.15687311664223,mfh,13210.204122827778,14678.004580919753,16512.75515353472,r1,-23686.727542466084,-98876.9205786025,-75190.19303613642,0.20389527621568143,-728.8917428809311
657,w160025505,103.09466042611747,mfh,11999.591279695112,13332.879199661236,14999.48909961889,r1,-21516.022509593706,-102332.6038684923,-80816.58135889859,0.20389527621568143,-783.9065672738269
658,w160025507,85.83866344131528,mfh,11973.740029139291,13304.155587932546,14967.175036424114,r1,-21469.66959007374,-107942.40958218969,-86472.73999211595,0.20389527621568143,-1007.3868409103803
659,w160025509,108.27769679883495,mfh,14945.057217444468,16605.61913049385,18681.321521805585,r1,-26797.428345898727,-128618.61395574226,-101821.18560984352,0.20389527621568143,-940.3708115348377
660,w160025513,105.03020258601755,mfh,11679.227174263047,12976.919082514496,14599.03396782881,r1,-20941.58950241237,-91091.83832445437,-70150.24882204199,0.20389527621568143,-667.9054890386449
661,w160025515,104.96566433478147,mfh,13255.429579015141,14728.255087794601,16569.286973768925,r1,-23767.819632242554,-96844.78540207511,-73076.96576983256,0.20389527621568143,-696.198763976362
662,w160025517,132.51887063886969,mfh,14316.368058185923,15907.07562020658,17895.460072732403,r1,-25670.14910889391,-103856.60649114383,-78186.45738224992,0.20389527621568143,-590.0024427111041
663,w160032048,197.876624872908,mfh,22760.163304132715,25289.070337925237,28450.204130165894,r1,-40810.4055012606,-174512.10344050865,-133701.69793924806,0.20389527621568143,-675.6821227627157
664,w160032049,177.6117346536368,mfh,20420.46582699145,22689.406474434945,25525.582283739313,r1,-36615.180646477864,-222401.39968198445,-185786.2190355066,0.20389527621568143,-1046.0244611529242
665,w160032050,605.1206229591743,mfh,68794.57954872533,76438.42172080593,85993.22443590667,r2,-113549.40978852351,-443197.89912668825,-329648.48933816474,0.18769049880465344,-544.7649226134624
666,w160032051,604.9254235289991,mfh,66484.26842234895,73871.4093581655,83105.33552793619,r2,-109736.10841291014,-412994.26282495563,-303258.1544120455,0.18769049880465344,-501.31494332459283
667,w160032052,558.9287057133391,mfh,63671.536875409336,70746.15208378815,79589.42109426166,r2,-105093.5332399295,-433303.88587166835,-328210.3526317389,0.18769049880465344,-587.2132693790645
668,w160032053,914.9869650162756,mfh,118384.96876544278,131538.85418382531,147981.21095680346,r2,-195401.19903818629,-372316.83975825296,-176915.64072006667,0.18769049880465344,-193.35318150343238
669,w160032054,558.7663555394857,mfh,60610.35153484233,67344.8350387137,75762.93941855291,r2,-100040.87079246921,-393492.527069031,-293451.6562765618,0.18769049880465344,-525.1777480289339
670,w160032055,915.1860893286764,mfh,117551.19343225891,130612.43714695434,146938.99179032363,r2,-194025.00490195781,-369694.64371126617,-175669.63880930835,0.18769049880465344,-191.94963828413157
671,w160032056,579.5610938113182,mfh,57693.31188162339,64103.67986847043,72116.63985202923,r2,-95226.1290915169,-334671.175149323,-239445.04605780612,0.18769049880465344,-413.1489304831766
672,w160032057,300.306428108085,mfh,37313.43611538925,41459.37346154361,46641.79514423657,r1,-66905.33974498842,-127481.22723616603,-60575.88749117761,0.20389527621568143,-201.71358925881995
673,w160032058,579.3688813976943,mfh,57693.4417204568,64103.82413384089,72116.80215057099,r2,-95226.34339797823,-364968.7837742683,-269742.44037629006,0.18769049880465344,-465.5797869667281
674,w160032059,915.3225905947387,mfh,92194.63134061452,102438.47926734947,115243.28917576815,r2,-152172.5409628041,-289949.0884811943,-137776.54751839017,0.18769049880465344,-150.52239389051752
675,w160032060,914.9022733874618,mfh,89683.02969465003,99647.81077183336,112103.78711831254,r2,-148026.99800878167,-519692.21524735115,-371665.2172385695,0.18769049880465344,-406.2348821830602
676,w160032061,434.5004198986106,mfh,54507.02112981529,60563.35681090588,68133.77641226912,r2,-89966.9729682327,-171422.7917895354,-81455.8188213027,0.18769049880465344,-187.47005777419085
677,w160032062,579.3681231357157,mfh,63760.568600850966,70845.07622316774,79700.7107510637,r2,-105240.48522281341,-200524.89475832603,-95284.40953551262,0.18769049880465344,-164.46263736396912
678,w160032063,157.0142166607082,mfh,21768.76703500984,24187.51892778871,27210.9587937623,r1,-39032.7695847382,-165369.53958953606,-126336.77000479786,0.20389527621568143,-804.6199426501538
679,w160032064,245.02896427586674,mfh,31648.601750868154,35165.11305652017,39560.75218858519,r1,-56747.935141849906,-220871.53569642533,-164123.60055457542,0.20389527621568143,-669.8130608338869
680,w160032065,177.6155174203217,mfh,23633.30432957042,26259.22703285602,29541.630411963022,r1,-42376.002321975364,-184420.16370267762,-142044.16138070225,0.20389527621568143,-799.7283314191467
681,w160032066,915.0334876678884,mfh,90981.15204470573,101090.16893856191,113726.44005588215,r2,-150169.62360005686,-534795.1004840255,-384625.4768839687,0.18769049880465344,-420.3403285974257
682,w160032067,686.1767572972923,mfh,82068.33429355826,91187.03810395363,102585.41786694783,r2,-135458.5053428595,-529896.6933712814,-394438.18802842184,0.18769049880465344,-574.8346673560205
683,w160032068,579.4084268193692,mfh,55797.50842459628,61997.23158288475,69746.88553074535,r2,-92096.9964616997,-329514.8312669885,-237417.83480528876,0.18769049880465344,-409.7590297548501
684,w160032069,582.2339869499207,mfh,56337.525071553566,62597.25007950396,70421.90633944195,r2,-92988.32499281668,-325444.10200398276,-232455.7770111661,0.18769049880465344,-399.2480381107676
685,w160032070,655.6557445708662,mfh,64738.30461673968,71931.4495741552,80922.8807709246,r2,-106854.29474474695,-388042.81737825763,-281188.5226335107,0.18769049880465344,-428.8661007882294
686,w160032071,187.63290931591763,mfh,21296.262178485253,23662.513531650282,26620.327723106566,r1,-38185.53863395755,-162063.97347083403,-123878.43483687648,0.20389527621568143,-660.2169911905074
687,w160032072,300.05888833065984,mfh,31840.051021962732,35377.83446884748,39800.06377745341,r1,-57091.21573618869,-211026.16416523748,-153934.9484290488,0.20389527621568143,-513.0157926180646
688,w160032074,652.9879129000007,mfh,66119.07190804384,73465.63545338204,82648.8398850548,r2,-109133.33056430361,-410277.48203578906,-301144.15147148544,0.18769049880465344,-461.17875311667984
689,w160032075,187.48918503960593,mfh,19824.58853199762,22027.320591108466,24780.73566499702,r1,-35546.735147526764,-164391.67353994952,-128844.93839242276,0.20389527621568143,-687.2126430396776
690,w160032079,410.4375718038529,mfh,56450.435111772305,62722.70567974701,70563.04388971538,r2,-93174.68950743599,-177534.76495344142,-84360.07544600543,0.18769049880465344,-205.53692264391648
691,w160032080,367.35827468354256,mfh,37513.62238413698,41681.802649041085,46892.027980171224,r1,-67264.28632609206,-266188.6989568345,-198924.41263074244,0.20389527621568143,-541.4997465406327
692,w160032082,146.62608959153295,mfh,18641.24062010344,20712.48957789271,23301.550775129297,r1,-33424.91785262614,-153320.69594115403,-119895.77808852789,0.20389527621568143,-817.697439947627
693,w160032083,292.00384606306903,mfh,30643.0030164966,34047.781129440664,38303.75377062075,r1,-54944.83331112596,-208447.1270786816,-153502.29376755565,0.20389527621568143,-525.6858628307284
694,w160032087,547.5336022242903,mfh,60767.66004008141,67519.62226675713,75959.57505010176,r2,-100300.51752687455,-191112.29560277844,-90811.77807590389,0.18769049880465344,-165.85608208700216
695,w160032089,324.3052944285795,mfh,36712.527765060455,40791.69751673384,45890.65970632557,r1,-65827.87324712903,-283539.51603399654,-217711.6427868675,0.20389527621568143,-671.3169551254838
696,w160032093,651.9691053661052,mfh,70334.93715781553,78149.93017535059,87918.6714472694,r2,-116091.85860531685,-433722.2625879556,-317630.4039826388,0.18769049880465344,-487.1862813258266
697,w160032096,417.5862662355881,mfh,47555.89860683755,52839.88734093061,59444.87325854694,r1,-85270.71973026989,-341398.1887391174,-256127.46900884752,0.20389527621568143,-613.3522333427245
698,w160032097,55.47504670508206,th,7948.649698139474,8831.832997932748,9935.812122674342,r1,-14252.429256939617,-96049.66315997165,-81797.23390303203,0.20389527621568143,-1474.4869767822765
699,w160032099,154.26596265360712,mfh,19916.581628132146,22129.53514236905,24895.727035165182,r1,-35711.684559637746,-145979.12548515704,-110267.4409255193,0.20389527621568143,-714.7878833979518
700,w160032101,417.4909567882307,mfh,46112.95125263289,51236.61250292543,57641.18906579111,r1,-82683.42429415276,-325152.91354027257,-242469.4892461198,0.20389527621568143,-580.7778235759745
701,w160032104,110.95144802480935,th,12429.560392323068,13810.622658136743,15536.950490403835,r1,-22286.98419404603,-110638.9978367606,-88352.01364271456,0.20389527621568143,-796.3123980406148
702,w160032105,152.98637234792113,mfh,20848.956423449432,23165.507137166034,26061.19552931179,r1,-37383.491258368435,-71230.38851837335,-33846.89726000492,0.20389527621568143,-221.24125659395602
703,w160032106,115.7174410201609,mfh,13210.000451569256,14677.778279521395,16512.50056446157,r1,-23686.362347078943,-137563.39148256966,-113877.02913549071,0.20389527621568143,-984.095639616248
704,w160032107,169.80155310891567,th,20257.197734231464,22507.997482479404,25321.49716778933,r1,-36322.430678829674,-69208.64697476735,-32886.21629593768,0.20389527621568143,-193.67441400752972
705,w160032108,125.84912734059617,mfh,15892.879065874109,17658.7545176379,19866.098832342635,r1,-28496.932583214308,-130357.90998701088,-101860.97740379657,0.20389527621568143,-809.3896203834737
706,w160032109,117.1162128248019,mfh,12173.84675432335,13526.49639369261,15217.308442904186,r1,-21828.473544560653,-108241.75472823775,-86413.2811836771,0.20389527621568143,-737.8421748741623
707,w160032110,214.96215275530702,mfh,27759.583627761367,30843.98180862374,34699.479534701706,r1,-49774.68084288269,-209590.66330467394,-159815.98246179125,0.20389527621568143,-743.4610251773528
708,w160032111,253.8681676615961,th,29680.37219464188,32978.191327379864,37100.46524330235,r1,-53218.77565227035,-236099.98513570605,-182881.2094834357,0.20389527621568143,-720.3786562449793
709,w160032112,125.84912488418631,th,14784.277193453934,16426.97465939326,18480.346491817418,r1,-26509.13964217205,-119340.44861784922,-92831.30897567718,0.20389527621568143,-737.6396861011624
710,w160032113,105.45346036842092,mfh,13847.210707174945,15385.789674638827,17309.01338396868,r1,-24828.920446216493,-114539.92102073826,-89711.00057452176,0.20389527621568143,-850.7165176097589
711,w160032114,381.28189064939505,mfh,38441.58971886041,42712.87746540045,48051.98714857551,r1,-68928.19017053903,-261076.23209950855,-192148.0419289695,0.20389527621568143,-503.9527096388058
712,w160032115,139.91205219514669,mfh,18194.998750903073,20216.66527878119,22743.748438628838,r1,-32624.77809130902,-142269.4076381897,-109644.62954688068,0.20389527621568143,-783.66822462121
713,w160032116,192.1807412372902,mfh,25401.90433957016,28224.338155077952,31752.3804244627,r1,-45547.21346897611,-86785.51954663137,-41238.30607765527,0.20389527621568143,-214.58084619799305
714,w160032117,302.6253065098543,mfh,38132.472874110405,42369.414304567115,47665.591092638,r1,-68373.92420974835,-130279.4635291308,-61905.53931938244,0.20389527621568143,-204.56167408248996
715,w160032118,188.54685349911452,mfh,24193.179771566014,26881.31085729557,30241.474714457516,r1,-43379.89423227151,-189841.8591153144,-146461.9648830429,0.20389527621568143,-776.7934715692868
716,w160032119,301.6826584111899,mfh,37828.96424629396,42032.182495882174,47286.20530786744,r1,-67829.71413494318,-265908.03985841415,-198078.32572347097,0.20389527621568143,-656.5784283612768
717,w160032121,128.1140758719295,mfh,17251.90075647625,19168.778618306944,21564.87594559531,r1,-30933.744021575625,-131534.44868395824,-100600.70466238262,0.20389527621568143,-785.2431825129747
718,w160032123,387.4767547928728,mfh,54442.01474559972,60491.1274951108,68052.51843199965,r2,-89859.67619269332,-409717.82367895317,-319858.1474862598,0.18769049880465344,-825.4898997934501
719,w160032125,297.0948597435839,mfh,31398.011390583837,34886.67932287093,39247.51423822979,r1,-56298.61085180612,-223611.90807285754,-167313.2972210514,0.20389527621568143,-563.1645642252305
720,w160032126,464.2806208854541,mfh,50568.14004669606,56186.82227410674,63210.17505837008,r2,-83465.6232231036,-333972.24582782364,-250506.62260472006,0.18769049880465344,-539.5586447846255
721,w160032127,228.89082276217522,mfh,26202.43345212795,29113.81494680883,32753.041815159933,r1,-46982.61255915381,-218580.93074145776,-171598.31818230395,0.20389527621568143,-749.6950559726023
722,w160032128,268.14993185095955,mfh,30473.596445371426,33859.55160596825,38091.99555671428,r1,-54641.076665366694,-315194.88456691627,-260553.80790154956,0.20389527621568143,-971.6721018835389
723,w160032129,100.24086796883493,mfh,13847.774666178364,15386.416295753737,17309.718332722954,r1,-24829.93166020947,-113754.0419812357,-88924.11032102624,0.20389527621568143,-887.1043529738081
724,w160032130,150.2635816658847,mfh,14029.486662093666,15588.318513437407,17536.858327617083,r1,-25155.752707214015,-102728.00565424695,-77572.25294703295,0.20389527621568143,-516.2412081958557
725,w160032131,100.12314690686762,mfh,14135.939899488163,15706.599888320181,17669.924874360204,r1,-25346.630062834854,-116373.84951681213,-91027.21945397728,0.20389527621568143,-909.1526012326483
726,w160032132,257.78643680289383,mfh,32040.0698986087,35600.07766512078,40050.087373260874,r1,-57449.86217271696,-245004.77081304172,-187554.90864032475,0.20389527621568143,-727.5592578353188
727,w160032133,136.6476590367034,mfh,17304.298376071107,19226.998195634562,21630.372970088883,r1,-31027.696251811973,-131161.90758369394,-100134.21133188198,0.20389527621568143,-732.7912679791027
728,w160032134,132.71697852164507,th,15243.003074861019,16936.67008317891,19053.753843576273,r1,-27331.66402321403,-131984.88759779293,-104653.2235745789,0.20389527621568143,-788.5443500924096
729,w160032135,165.9338162511587,mfh,22655.11538553312,25172.350428370133,28318.8942319164,r1,-40622.04797070042,-176981.56955331602,-136359.5215826156,0.20389527621568143,-821.7705387804784
730,w160032136,153.4784858365543,mfh,20651.507489251788,22946.119432501986,25814.384361564735,r1,-37029.452890421635,-179693.6264313689,-142664.17354094726,0.20389527621568143,-929.5385784094608
731,w160032137,244.7570460377261,mfh,31882.694606522888,35425.21622946987,39853.368258153605,r1,-57167.67836761502,-227887.62869551804,-170719.95032790303,0.20389527621568143,-697.5078065846112
732,w160032138,345.56507694348693,mfh,33660.554635708184,37400.61626189798,42075.693294635224,r1,-60355.493311911174,-231795.86555865494,-171440.37224674376,0.20389527621568143,-496.116024695345
733,w160032139,170.051029805094,mfh,20953.231302739754,23281.36811415528,26191.53912842469,r1,-37570.462680786135,-157371.00475865902,-119800.54207787289,0.20389527621568143,-704.4975982514408
734,w160032140,210.13578363517297,mfh,25061.983224774885,27846.648027527648,31327.479030968607,r1,-44937.713512940354,-208247.58416496182,-163309.87065202146,0.20389527621568143,-777.1635455270756
735,w160032141,252.5825279586017,mfh,26752.030081941455,29724.477868823837,33440.03760242682,r1,-47968.07391218121,-191811.3305399707,-143843.25662778947,0.20389527621568143,-569.4901297819198
736,w160032142,252.46278136584442,mfh,34459.97295454553,38288.858838383916,43074.96619318191,r1,-61788.90067902634,-117732.38007846563,-55943.4793994393,0.20389527621568143,-221.59099688587946
737,w160032143,236.73276664549485,mfh,29576.02728282697,32862.25253647441,36970.03410353371,r1,-53031.67865712767,-210863.3875754647,-157831.70891833704,0.20389527621568143,-666.7083359638532
738,w160032144,216.15235636769793,mfh,24178.437367510116,26864.93040834457,30223.046709387643,r1,-43353.46017380077,-186936.57742661468,-143583.1172528139,0.20389527621568143,-664.2681100758573
739,w160032145,143.2480424195528,mfh,18000.89068230275,20000.989647003054,22501.113352878438,r1,-32276.73010567759,-61499.9816266608,-29223.251520983213,0.20389527621568143,-204.00454363901557
740,w160032146,425.3107569515705,mfh,43179.60460429989,47977.3384492221,53974.50575537486,r1,-77423.74910665107,-308440.650297831,-231016.90119117993,0.20389527621568143,-543.1720157914687
741,w160032147,237.48158785337583,mfh,32014.72814949744,35571.92016610827,40018.4101868718,r1,-57404.42282135897,-248549.33521372674,-191144.91239236778,0.20389527621568143,-804.8830821797566
742,w160032148,183.97369813346305,th,23560.800292201195,26178.66699133466,29451.000365251493,r1,-42245.998019019455,-180242.02047514,-137996.02245612053,0.20389527621568143,-750.0856038454574
743,w160032149,343.71558685973287,mfh,34361.6584028396,38179.620447599555,42952.0730035495,r1,-61612.616499155585,-245104.80456221636,-183492.18806306078,0.20389527621568143,-533.8489003058864
744,w160032150,136.78365420317277,mfh,19017.245100468906,21130.27233385434,23771.556375586133,r1,-34099.117554489414,-151584.17521273455,-117485.05765824515,0.20389527621568143,-858.9115296169651
745,w160032151,156.68413198292254,mfh,18994.198311231074,21104.66479025675,23742.74788903884,r1,-34057.793210646625,-179912.0816033762,-145854.28839272956,0.20389527621568143,-930.8810442184831
746,w160032152,131.687454425171,th,16816.435705141692,18684.928561268545,21020.544631427114,r1,-30152.927773066374,-57453.29523660194,-27300.367463535564,0.20389527621568143,-207.31183226757943
747,w160032153,131.7784823913127,mfh,14664.81319433541,16294.236882594898,18331.01649291926,r1,-26294.933171784196,-99430.48970723838,-73135.55653545418,0.20389527621568143,-554.9886082181466
748,w160032155,131.65618118494749,mfh,16155.971644692994,17951.079605214436,20194.96455586624,r1,-28968.674138074835,-119152.83177054483,-90184.15763246999,0.20389527621568143,-684.997520213513
749,w160032156,597.6746075108182,mfh,62825.58869422202,69806.20966024668,78531.98586777752,r2,-103697.24711803437,-439141.86282208166,-335444.61570404726,0.18769049880465344,-561.2495687261995
750,w160032157,145.99030133634804,mfh,18497.65764028637,20552.95293365152,23122.072050357958,r1,-33167.4645316146,-232146.35039558096,-198978.88586396637,0.20389527621568143,-1362.9596215815568
751,w160032158,192.3817300193943,mfh,24447.84564861781,27164.27294290868,30559.807060772262,r1,-43836.52618042326,-176877.20087268244,-133040.67469225917,0.20389527621568143,-691.5452661687112
752,w160032159,156.72131929650496,mfh,19753.449044420944,21948.276716023272,24691.81130552618,r1,-35419.177568244,-141284.5081503808,-105865.33058213681,0.20389527621568143,-675.5005066148503
753,w160032160,462.61881872685626,other,21516.45961733097,23907.177352589966,26895.57452166371,nr1,-36053.26826016636,-203545.2914344535,-167492.02317428714,0.2038871408334814,-362.0519018989138
754,w160032161,876.0951372385025,trade,41598.98809684389,46221.0978853821,51998.73512105486,nr1,-69703.82227747847,-132819.74793757204,-63115.92566009358,0.2038871408334814,-72.04231935248295
755,w160032162,197.75498196221892,mfh,21819.024375477275,24243.36041719697,27273.78046934659,r1,-39122.88415977372,-161068.252828142,-121945.36866836828,0.20389527621568143,-616.6487815293874
756,w160032163,355.37988740094,mfh,43004.925360010486,47783.25040001165,53756.1567000131,r1,-77110.5382260064,-297695.4820066684,-220584.943780662,0.20389527621568143,-620.7018224748263
757,w160032164,218.83437259588393,mfh,24626.450963512878,27362.723292792085,30783.063704391097,r1,-44156.77675280049,-187073.58146019815,-142916.80470739765,0.20389527621568143,-653.0820684706539
758,w160032165,192.38173281145282,mfh,24614.11645560697,27349.018284007743,30767.645569508713,r1,-44134.66020369791,-175634.83835255192,-131500.178148854,0.20389527621568143,-683.537757078699
759,w160032166,5513.669180350005,other,296885.1769801247,329872.41886680527,371106.47122515587,nr2,-457946.553159521,-2176159.8727270286,-1718213.3195675076,0.18769049880465344,-311.6279311227077
760,w160032167,119.51807446111924,mfh,13433.338114289052,14925.931238098947,16791.672642861315,r1,-24086.820834898477,-103369.07452103165,-79282.25368613318,0.20389527621568143,-663.3494895529354
761,w160032168,107.41719602905214,th,13873.999853026246,15415.555392251383,17342.499816282805,r1,-24876.95507103948,-47400.47318260017,-22523.518111560694,0.20389527621568143,-209.68261083140698
763,w160032170,37.81535124108195,sfh,4769.791538029326,5299.76837558814,5962.239422536657,r0,-10494.597158627488,-60466.030653579175,-49971.433494951685,0.25019464024718985,-1321.4589275231583
764,w160032171,82.13437312801835,th,9646.465808249995,10718.295342499994,12058.082260312494,r1,-17296.72041576457,-82002.34348138368,-64705.62306561911,0.20389527621568143,-787.8019956975381
765,w160032172,100.39566505721304,th,14312.979822175337,15903.310913528152,17891.22477771917,r1,-25664.073788445712,-127402.48582503894,-101738.41203659322,0.20389527621568143,-1013.3745513674817
766,w160032173,119.7984774223063,mfh,12295.751901574888,13661.94655730543,15369.689876968609,r1,-22047.057147215328,-90727.98788324052,-68680.9307360252,0.20389527621568143,-573.3038700810475
767,w160032174,119.65868240431882,mfh,13051.979082176204,14502.19898019578,16314.973852720253,r1,-23403.02008469614,-94627.03243969035,-71224.0123549942,0.20389527621568143,-595.226446789151
768,w160032175,69.26172256879508,th,7386.415528105403,8207.128364561559,9233.019410131752,r1,-13244.307998794302,-78123.04258597386,-64878.734587179555,0.20389527621568143,-936.7184670109516
769,w160032176,103.52918697646818,th,13372.589931875937,14858.433257639928,16715.73741484492,r1,-23977.895519881356,-112410.82537409742,-88432.92985421605,0.20389527621568143,-854.1835634652143
770,w160032177,62.96843930834439,th,7111.322358229594,7901.469286921771,8889.152947786992,r1,-12751.048628760676,-24295.808584758037,-11544.75995599736,0.20389527621568143,-183.34200565881716
771,w160032178,300.84989367914386,mfh,31793.30178992664,35325.89087769627,39741.6272374083,r1,-57007.391420397485,-247580.7483412065,-190573.35692080902,0.20389527621568143,-633.449972643352
772,w160127708,318.335366258584,mfh,40928.439383668316,45476.04375963146,51160.54922958539,r1,-73387.26816068054,-319131.94682584744,-245744.6786651669,0.20389527621568143,-771.9678826560174
773,w160127710,130.057766958978,mfh,19160.41845180246,21289.353835336067,23950.523064753073,r1,-34355.83638584489,-65461.50429675531,-31105.667910910423,0.20389527621568143,-239.16809151983654
774,w160127712,149.28690248169005,mfh,19893.976263748034,22104.41807083115,24867.470329685042,r1,-35671.15171834431,-162952.08792455247,-127280.93620620816,0.20389527621568143,-852.5927867102681
775,w160127717,149.4986190713942,mfh,20018.073736971855,22242.30415219095,25022.59217121482,r1,-35893.666299468874,-163392.52190661975,-127498.85560715088,0.20389527621568143,-852.8430322574608
776,w160127718,161.62649620659647,mfh,19998.168014560528,22220.18668284503,24997.710018200658,r1,-35857.97408616853,-162742.72631192254,-126884.75222575401,0.20389527621568143,-785.0492042069984
777,w160127719,242.7560603125021,mfh,26016.569220877962,28907.299134308847,32520.71152609745,r1,-46649.34629282104,-192796.1710908708,-146146.82479804975,0.20389527621568143,-602.0316222380344
778,w164087844,70.24407002975931,other,5531.1032271675895,6145.670252408432,6913.879033959486,nr1,-9267.990736873911,-79561.21678885749,-70293.22605198358,0.2038871408334814,-1000.6997889245803
779,w164087850,88.49543042890728,other,9571.515035104732,10635.016705671924,11964.393793880914,nr1,-16038.158942230895,-130768.06427769412,-114729.90533546323,0.2038871408334814,-1296.4500514818264
780,w164087857,77.59434223277493,other,5732.685063821826,6369.65007091314,7165.856329777282,nr1,-9605.76396548715,-75239.50651415429,-65633.74254866714,0.2038871408334814,-845.8573223260629
786,w164088149,49.229225591477004,other,5037.637509600219,5597.37501066691,6297.046887000274,nr1,-8441.132963380282,-74400.0097293149,-65958.87676593462,0.2038871408334814,-1339.8316949627988
788,w164088153,80.69597001839429,other,6314.859681225849,7016.51075691761,7893.574601532311,nr1,-10581.263561090722,-97426.47036333963,-86845.20680224891,0.2038871408334814,-1076.202526377128
791,w164088159,54.065223559696456,other,5119.410322922457,5688.233692136064,6399.262903653072,nr1,-8578.152585917089,-68610.13633931692,-60031.98375339983,0.2038871408334814,-1110.3622587838768
793,w164088169,56.479432658094446,other,4565.7132450906565,5073.014716767396,5707.14155636332,nr0,-9380.641011951377,-74028.43981315702,-64647.798801205645,0.24999993343320337,-1144.625499207109
795,w164088175,32.08830586867407,other,2825.594723491785,3139.54969276865,3531.993404364731,nr0,-5805.421480387813,-47016.93629990197,-41211.51481951416,0.24999993343320337,-1284.3156939533708
799,w164088182,35.81288355943252,other,2845.4381235960636,3161.597915106737,3556.7976544950793,nr0,-5846.191411139575,-47761.7144964264,-41915.523085286826,0.24999993343320337,-1170.4034671133588
800,w359788107,586.4023264580406,other,46109.15580262688,51232.39533625209,57636.4447532836,nr1,-77261.11976446644,-417555.6523679116,-340294.5326034452,0.2038871408334814,-580.3089743161081
801,w377595955,68.13203878551721,other,5269.498540512313,5854.998378347015,6586.873175640391,nr1,-8829.642415921406,-16824.771465086433,-7995.129049165027,0.2038871408334814,-117.3475679237203
802,w377595956,85.03076633159071,other,6722.920315991011,7469.911462212234,8403.650394988763,nr1,-11265.015432599921,-87319.32489332899,-76054.30946072907,0.2038871408334814,-894.4328358060828
805,w377595969,38.68702136902139,other,3090.1691164444,3433.521240493778,3862.7113955555,nr0,-6349.011773517174,-47783.73041790922,-41434.718644392044,0.24999993343320337,-1071.0237484856063
814,w377595984,35.49371746703982,other,2841.029831970761,3156.699813300845,3551.287289963451,nr0,-5837.134206056137,-40007.35349055431,-34170.21928449818,0.24999993343320337,-962.7117620528006
818,w377595990,36.364706988167015,other,2791.57936980043,3101.754855333811,3489.474212250537,nr0,-5735.534081695777,-37906.74813386535,-32171.214052169576,0.24999993343320337,-884.6823394627656
819,w377595993,54.98309161569923,other,4220.0307815631595,4688.923090625733,5275.038476953949,nr0,-8670.407381320892,-56345.10704465332,-47674.69966333243,0.24999993343320337,-867.0792831467475
823,w377596001,68.93592455182224,other,4836.798385703419,5374.220428559354,6045.997982129273,nr0,-9937.60818252369,-65442.517192562285,-55504.909010038595,0.24999993343320337,-805.1666728327268
825,w377596004,35.535723760165276,other,2630.7606042728767,2923.067338080974,3288.450755341096,nr0,-5405.1184321756755,-41993.43767544374,-36588.319243268066,0.24999993343320337,-1029.620769516526
827,w377596008,41.66994294051546,other,3243.63691899437,3604.041021104855,4054.546148742962,nr0,-6664.324252714653,-48478.91085968867,-41814.58660697402,0.24999993343320337,-1003.4711750545241
831,w377596012,33.714099188242116,other,2925.7385905314077,3250.8206561460083,3657.1732381642596,nr0,-6011.175459190009,-44071.43178018256,-38060.25632099255,0.24999993343320337,-1128.912153591402
836,w377596021,41.97082374822348,other,3488.321395519886,3875.9126616887625,4360.401744399857,nr0,-7167.049043403416,-47253.15416578408,-40086.105122380664,0.24999993343320337,-955.094552416961
838,w377596023,32.13139781658538,other,2490.0711216668888,2766.7456907409874,3112.5889020836107,nr0,-5116.060083646443,-39791.12900458321,-34675.06892093676,0.24999993343320337,-1079.164657537507
844,w377596038,30.39147779517807,other,2398.685899783123,2665.2065553145812,2998.357374728904,nr0,-4928.301476333358,-9390.815861448913,-4462.514385115555,0.24999993343320337,-146.83439927437752
847,w377596043,50.74534401865676,other,3919.317771017566,4354.797523352851,4899.1472137719575,nr0,-8052.567265631508,-53006.99718836297,-44954.42992273146,0.24999993343320337,-885.882848802912
848,w377596044,31.44567816138733,other,2904.869813374752,3227.633125971947,3631.08726671844,nr0,-5968.2988052355595,-40430.18652767628,-34461.88772244072,0.24999993343320337,-1095.9180955034083
861,w377596072,32.00744857888203,other,2718.9974702297686,3021.108300255298,3398.7468377872106,nr0,-5586.40847803024,-42461.866761282916,-36875.45828325268,0.24999993343320337,-1152.0899015856728
863,w377596074,30.798605113010854,other,2855.316162411527,3172.5735137905854,3569.1452030144083,nr0,-5866.486670840702,-43255.5545681032,-37389.0678972625,0.24999993343320337,-1213.9857555259057
877,w377596096,31.32093481458723,other,2660.043472138398,2955.603857931553,3325.0543401729974,nr0,-5465.282541593241,-37581.93884359048,-32116.656301997235,0.24999993343320337,-1025.4054194780742
882,w377596101,34.10184732507914,other,2734.2308274665847,3038.0342527406497,3417.788534333231,nr0,-5617.706688840794,-40472.01272906259,-34854.306040221796,0.24999993343320337,-1022.0650426344874
886,w377596106,35.077698366669935,other,2779.2898943774467,3088.099882641607,3474.112367971808,nr0,-5710.284323119247,-39999.881662052874,-34289.59733893363,0.24999993343320337,-977.5327041273283
893,w377596115,40.14825235735625,other,3192.6172371227067,3547.352485691896,3990.771546403383,nr0,-6559.500034790618,-48559.86793283986,-42000.36789804924,0.24999993343320337,-1046.1319094093428
895,w377596117,32.339281557500364,other,2797.665055321845,3108.5167281353833,3497.081319152306,nr0,-5748.037633303932,-41637.07877460074,-35889.04114129681,0.24999993343320337,-1109.766185667571
899,w377596123,32.752713098051025,other,2913.410473739367,3237.1227485992963,3641.7630921742084,nr0,-5985.846308678007,-45213.8822423091,-39228.035933631094,0.24999993343320337,-1197.7034029576434
901,w377596125,37.63718191203661,other,2922.0877489035165,3246.7641654483514,3652.6096861293954,nr0,-6003.674498690668,-43513.108718090814,-37509.434219400144,0.24999993343320337,-996.6058114304352
909,w377596135,73.15242530554532,other,5088.204744337678,5653.560827041864,6360.255930422097,nr1,-8525.864099988645,-63505.04059638284,-54979.1764963942,0.2038871408334814,-751.5701122246523
916,w377596142,40.572792674647644,other,3113.8461841117532,3459.8290934575034,3892.3077301396916,nr0,-6397.658295994673,-47415.51966352606,-41017.86136753138,0.24999993343320337,-1010.9696341696944
917,w377596143,37.61386710904771,other,2745.329396719578,3050.3659963550867,3431.6617458994724,nr0,-5640.509630751471,-42528.03971483912,-36887.53008408765,0.24999993343320337,-980.6896477074716
918,w377596145,32.806498026452026,other,2693.449218590027,2992.721353988919,3366.811523237534,nr0,-5533.917451053654,-37281.46601346911,-31747.548562415453,0.24999993343320337,-967.7213501062279
919,w377596147,34.850180151499806,other,2595.9189583634725,2884.354398181636,3244.8986979543406,nr0,-5333.533346780074,-10162.980043131014,-4829.44669635094,0.24999993343320337,-138.57738110266558
929,w377596159,36.51154847629368,other,2488.2164818409556,2764.684979823284,3110.2706023011942,nr0,-5112.249570484616,-39027.95872569344,-33915.709155208824,0.24999993343320337,-928.9036091479305
931,w377596161,32.13265920560807,other,2649.7963962137605,2944.2182180152895,3312.2454952672006,nr0,-5444.229064182108,-40729.11821750597,-35284.889153323864,0.24999993343320337,-1098.1005004144083
934,w377596166,38.724472055921794,other,2981.905002903568,3313.227781003964,3727.38125362946,nr0,-6126.574066835591,-11674.10906160433,-5547.534994768738,0.24999993343320337,-143.25656878569123
935,w377596167,41.94859704792034,other,3114.8432704850466,3460.9369672056073,3893.554088106308,nr0,-6399.706893623059,-50072.186601137626,-43672.47970751457,0.24999993343320337,-1041.0951207170276
936,w377596168,31.29673577034846,other,2563.979256552608,2848.865840614009,3204.97407069076,nr0,-5267.910549063056,-38589.5837876139,-33321.673238550844,0.24999993343320337,-1064.7012353959572
937,w377596169,36.7579496475868,other,3082.2442820121273,3424.7158689023636,3852.805352515159,nr0,-6332.7295361321985,-42682.96634248887,-36350.236806356676,0.24999993343320337,-988.9081723779746
940,w379327852,945.496160332486,other,38030.77627777757,42256.41808641952,47538.47034722196,nr1,-63724.878705448005,-490987.00906417536,-427262.13035872736,0.2038871408334814,-451.891978290509
941,w379327862,94.51021252730861,other,9084.066665311519,10093.407405901688,11355.083331639398,nr1,-15221.383917357378,-117214.02966012752,-101992.64574277014,0.2038871408334814,-1079.1706315685142
942,w387435839,3594.435384737421,other,196483.33588232234,218314.8176470248,245604.1698529029,nr2,-303076.31837953854,-1562732.4896880863,-1259656.1713085477,0.18769049880465344,-350.4461859732575
943,w387435840,942.2609318409114,other,56823.35165188755,63137.05739098616,71029.18956485944,nr2,-87650.24341277688,-557214.9928239952,-469564.74941121833,0.18769049880465344,-498.33834083922125
944,w390787314,132.5826213063672,other,9844.203167691367,10938.003519657073,12305.253959614207,nr1,-16495.07883380966,-105242.80106208097,-88747.7222282713,0.2038871408334814,-669.3767354561215
945,w390787315,330.5195846647024,other,28537.57339615315,31708.414884614613,35671.966745191436,nr1,-47817.94065771701,-263034.45727613434,-215216.51661841734,0.2038871408334814,-651.1460337115728
946,w390787316,150.59577141329646,other,12304.720854223664,13671.912060248515,15380.90106777958,nr1,-20617.955263720993,-39287.25185563273,-18669.296591911734,0.2038871408334814,-123.96959367919794
947,w390789514,104.66224040389062,trade,10397.319493968453,11552.577215520503,12996.649367460564,nr1,-17421.887967143244,-215044.74453755602,-197622.85657041278,0.2038871408334814,-1888.196314236997
948,w390789515,335.6007874913513,trade,25636.797863414322,28485.330959349245,32045.997329267902,nr1,-42957.36227705621,-198314.95757699508,-155357.59529993887,0.2038871408334814,-462.92381034398664
949,w390790006,38.98714106846601,trade,2776.3285059702725,3084.8094510780807,3470.4106324628406,nr0,-5704.199902120069,-69413.65923096187,-63709.459328841804,0.24999993343320337,-1634.1146742963404
950,w390793102,268.1788772383239,sfh,30059.790808766775,33399.76756529642,37574.738510958465,r1,-53899.09711087569,-215056.12303118155,-161157.02592030587,0.20389527621568143,-600.9310933802204
951,w390793103,629.0808588726446,th,87553.79058492262,97281.98953880291,109442.23823115327,r2,-144512.56640974927,-588999.229595154,-444486.6631854048,0.18769049880465344,-706.5652323009078
952,w390793104,761.76513240356,mfh,80676.55852455663,89640.6205828407,100845.69815569579,r2,-133161.29939778685,-494718.61581441073,-361557.3164166239,0.18769049880465344,-474.63096043241035
953,w390793105,324.12222724705936,th,47118.253767594215,52353.615297326905,58897.817209492765,r1,-84485.99498482788,-381361.3620188016,-296875.36703397374,0.20389527621568143,-915.9364649425387
954,w390793106,1475.9963392082602,mfh,145242.0290743921,161380.03230488012,181552.53634299012,r2,-239730.32157575517,-724219.7169296074,-484489.3953538523,0.18769049880465344,-328.2456619192819
955,w390793107,895.6360460046678,mfh,90245.7910168643,100273.10112984922,112807.23877108037,r2,-148955.86793441267,-283820.04965051514,-134864.18171610247,0.18769049880465344,-150.57922502976123
956,w390793108,286.70933025064875,mfh,25575.074405456515,28416.749339396127,31968.843006820643,r1,-45857.718297745036,-166461.79433199178,-120604.07603424674,0.20389527621568143,-420.64928939986544
957,w390793793,117.72837251536548,mfh,12242.925925452717,13603.251028280796,15303.657406815895,r1,-21952.3368467615,-99945.56826572747,-77993.23141896597,0.20389527621568143,-662.4845799918501
958,w390794364,96.81251710766227,sfh,13040.642047928714,14489.602275476347,16300.802559910891,r1,-23382.692068651642,-150202.0240916859,-126819.33202303425,0.20389527621568143,-1309.9476783771906
959,w475684695,267.0884538785554,mfh,32327.72471892473,35919.69413213859,40409.65589865591,r1,-57965.64537271526,-244538.00160590408,-186572.35623318882,0.20389527621568143,-698.5414514325015
960,w620369477,3702.806372543797,other,329831.05954184383,366478.95504649315,412288.8244273048,nr2,-508765.70658915717,-969446.5913139173,-460680.88472476014,0.18769049880465344,-124.41398182219186
961,w620369478,20480.360502976928,other,1687025.1117225294,1874472.3463583658,2108781.3896531616,nr2,-2602242.870005626,-4958540.733829532,-2356297.8638239056,0.18769049880465344,-115.05158141534693
962,w993163452,1412.2592688187956,other,69902.24125333331,77669.15694814813,87377.80156666663,nr2,-107824.48206308497,-630445.5077957141,-522621.0257326291,0.18769049880465344,-370.060255415952
963,w993163453,1066.3710880815981,other,51293.74656664398,56993.051740715535,64117.183208304974,nr2,-79120.80582051145,-455090.4710759412,-375969.6652554298,0.18769049880465344,-352.5692598547466
964,w993163454,1257.084109787643,other,59883.17288306017,66536.85875895574,74853.96610382521,nr2,-92370.02969632595,-512989.0132653611,-420618.98356903513,0.18769049880465344,-334.5989184765764
965,w993163455,1355.0658122852444,mfh,137933.86271477625,153259.84746086248,172417.3283934703,r2,-227667.7727206819,-433797.46936762345,-206129.69664694153,0.18769049880465344,-152.1178490211594
966,w993163456,1286.649396429956,mfh,130250.32129646631,144722.5792182959,162812.90162058288,r2,-214985.64574413968,-783435.8643382542,-568450.2185941145,0.18769049880465344,-441.80661815983717
967,w993163457,923.1744978809729,ab,96260.7750734298,106956.41674825533,120325.96884178725,r2,-158883.94502988565,-583313.4091660287,-424429.4641361431,0.18769049880465344,-459.7499877979361
968,w993163458,923.3917086940259,ab,96786.7143031862,107540.7936702069,120983.39287898275,r2,-159752.03797434754,-579765.1158296749,-420013.07785532734,0.18769049880465344,-454.859052665051
969,w993163460,1313.604391914094,ab,125644.15428679457,139604.6158742162,157055.1928584932,r2,-207382.9022029113,-769109.7365220983,-561726.834319187,0.18769049880465344,-427.6225306316746
970,w993163461,1099.8535498690792,ab,118342.74284405124,131491.93649339027,147928.42855506405,r2,-195331.50272659838,-729678.099114941,-534346.5963883426,0.18769049880465344,-485.83431535221064
971,w993164648,226.1375619597733,ab,25333.36690212359,28148.18544680399,31666.708627654487,r1,-45424.321529369336,-245711.5025642529,-200287.18103488357,0.20389527621568143,-885.6873634752985
972,w993164649,158.37299746889622,other,12554.80104281894,13949.778936465487,15693.501303523673,nr1,-21036.99298118619,-141611.08583650683,-120574.09285532063,0.2038871408334814,-761.32986545892
973,w993164650,163.5844805765897,other,11822.83966197053,13136.48851330059,14778.549577463164,nr1,-19810.50867618681,-129487.2856096429,-109676.77693345609,0.2038871408334814,-670.4595481605346
974,w993164651,162.24389737509188,other,11008.365752407117,12231.517502674575,13760.457190508896,nr1,-18445.765271619264,-121763.02894047236,-103317.26366885309,0.2038871408334814,-636.8021561389996
975,w993164652,173.63842588849366,other,12537.52789010725,13930.586544563612,15671.909862634062,nr1,-21008.04985487782,-138607.28026684554,-117599.23041196773,0.2038871408334814,-677.2650109572352
976,w1006795433,259.34726619906723,mfh,31206.31317629144,34673.68130699049,39007.8914703643,r1,-55954.88388664328,-218955.44692979206,-163000.56304314878,0.20389527621568143,-628.5031087161506
977,w1006849999,188.95288848243652,other,12692.659037467965,14102.954486075516,15865.823796834957,nr1,-21267.989685629447,-140440.34077334436,-119172.35108771491,0.2038871408334814,-630.6987527147127
978,w1007159125,240.08975319266318,education,18188.745430473453,20209.717144970502,22735.931788091813,nr1,-30477.305745622452,-186776.5567057372,-156299.25096011473,0.2038871408334814,-651.0034221855789
979,w1007160095,265.99824453517795,sfh,29700.45869061807,33000.5096562423,37125.57336327258,r1,-53254.79200395174,-226928.348746163,-173673.55674221128,0.20389527621568143,-652.9124169435756
980,w1007176059,713.9090096209663,trade,44584.74507920726,49538.60564356363,55730.93134900908,nr1,-74706.7967146905,-444048.6658600682,-369341.8691453777,0.2038871408334814,-517.3514609956685
981,w1029411791,412.32884333096445,trade,24243.8769969841,26937.64110776011,30304.846246230125,nr1,-40623.36539486738,-261232.83498975192,-220609.46959488455,0.2038871408334814,-535.0328340183752
982,w1030080397,647.4037659055554,other,30520.396752890152,33911.551947655724,38150.49594111269,nr1,-51140.386062972306,-348136.44909516367,-296996.06303219136,0.2038871408334814,-458.7493596314943
983,w1030080398,123.65970464986749,other,6312.042173885407,7013.380193206007,7890.052717356758,nr1,-10576.54250800966,-73127.51773302545,-62550.97522501579,0.2038871408334814,-505.83151077486275
984,w1030080399,86.80603968682699,other,6773.282403048039,7525.869336720043,8466.603003810047,nr1,-11349.402821004023,-83413.20123489798,-72063.79841389395,0.2038871408334814,-830.1703277085429
985,w1036126248,1409.4026292502879,trade,62527.62490135226,69475.13877928029,78159.53112669032,nr2,-96449.10733533406,-608977.9157346286,-512528.8083992945,0.18769049880465344,-363.6496752329227
986,w1036126249,536.9865712554193,mfh,58786.42745363585,65318.25272626206,73483.0343170448,r2,-97030.379206088,-386697.237897169,-289666.85869108106,0.18769049880465344,-539.4303585914072
987,w1036126250,784.2879224468953,mfh,83022.8157791949,92247.57308799434,103778.51972399362,r2,-137033.93192528887,-492003.0450915673,-354969.11316627846,0.18769049880465344,-452.600509336944
988,w1036126251,422.468481163308,mfh,52845.09736255475,58716.77484728305,66056.37170319344,r2,-87223.8722163443,-371151.69531651237,-283927.8231001681,0.18769049880465344,-672.068653070509
989,w1036680208,878.3984476357698,mfh,87023.10356131091,96692.33729034546,108778.87945163864,r2,-143636.63695849275,-548554.5533108639,-404917.91635237116,0.18769049880465344,-460.97294165559754
990,w1075387093,82.43980132825672,other,6640.5639729472905,7378.404414385878,8300.704966184112,nr1,-11127.018039836945,-80464.89575541957,-69337.87771558262,0.2038871408334814,-841.072838585513
991,w1075387094,82.56877346616238,other,5523.9930738652965,6137.770082072551,6904.99134233162,nr1,-9256.076868656855,-52980.99624476183,-43724.919376104976,0.2038871408334814,-529.5575741357469
992,w1075387095,130.11354850369972,other,4922.185612555075,5469.095125061194,6152.732015693843,nr0,-10113.043405697794,-53871.475494104714,-43758.43208840692,0.24999993343320337,-336.3095741498639
993,w1075387096,86.78853361294604,other,5651.038189360073,6278.931321511192,7063.797736700091,nr1,-9468.955367793751,-55530.44884903863,-46061.49348124488,0.2038871408334814,-530.7324777103273
994,w1075387097,130.27800867820625,other,5001.394598025604,5557.105108917338,6251.743247532005,nr1,-8380.403854745859,-51327.61083973526,-42947.2069849894,0.2038871408334814,-329.65814737828345
995,w1075387098,130.18280181584413,other,4914.504272727153,5460.56030303017,6143.1303409089405,nr0,-10097.261448411271,-53655.44251853821,-43558.18107012694,0.24999993343320337,-334.5924381912144
996,w1075387099,86.85200681062415,other,7574.079042728552,8415.643380809503,9467.598803410689,nr1,-12691.228408750168,-87406.20861004372,-74714.98020129354,0.2038871408334814,-860.2562329297157
997,w1107949539,145.45949292609,other,7234.128086910359,8037.920096567066,9042.660108637949,nr1,-12121.602028602521,-23097.558690963513,-10975.956662360992,0.2038871408334814,-75.45713546477182
998,w1107949540,113.13991883732378,other,8157.082843669978,9063.42538185553,10196.353554587471,nr1,-13668.117395407962,-89060.27618042221,-75392.15878501425,0.2038871408334814,-666.3621430859919
999,w1108636740,113.13954655230044,other,8437.78627390423,9375.318082115811,10547.232842380286,nr1,-14138.467827206363,-91084.08036310111,-76945.61253589475,0.2038871408334814,-680.0947580280913
1000,w1108636741,169.70950587596744,other,6388.827258846157,7098.696954273508,7986.034073557696,nr1,-10705.204626020923,-63644.060127521974,-52938.85550150105,0.2038871408334814,-311.93806869128196
1001,w1108636742,113.35190696045755,other,7307.257952288273,8119.1755025425255,9134.072440360342,nr1,-12244.139411666049,-70146.56570083078,-57902.42628916472,0.2038871408334814,-510.8200456597858
1002,w1108636743,97.02220907397567,other,8465.714383767012,9406.34931529668,10582.142979708764,nr1,-14185.264542594952,-90595.8855568978,-76410.62101430286,0.2038871408334814,-787.5580420565637
1003,w1108636744,97.02139693088829,other,6248.685707876577,6942.984119862863,7810.857134845721,nr1,-10470.381563985553,-62163.80565879823,-51693.424094812675,0.2038871408334814,-532.8043682120522
1004,w1108636745,97.02220705058426,other,6051.606396825816,6724.00710758424,7564.507996032269,nr1,-10140.1528276502,-58803.88172227772,-48663.72889462752,0.2038871408334814,-501.5730972730379
1005,w1108636746,96.97299731615931,other,6049.968200571248,6722.186889523609,7562.46025071406,nr1,-10137.407844038622,-58771.255866316395,-48633.84802227777,0.2038871408334814,-501.51948860276764
1006,w1108636747,96.97299630921333,other,6204.737122419419,6894.152358243799,7755.921403024274,nr1,-10396.740724864163,-61237.80707316521,-50841.06634830105,0.2038871408334814,-524.2806583616998
1007,w1108636748,93.15071205198764,other,7049.813241953456,7833.125824392729,8812.266552441819,nr1,-11812.76160281938,-75790.35447533209,-63977.59287251271,0.2038871408334814,-686.8180764609364
1008,w1108636749,139.88183319568634,other,5418.6318681190805,6020.702075687867,6773.28983514885,nr1,-9079.532219465445,-56353.285261941244,-47273.7530424758,0.2038871408334814,-337.9549149627074
1009,w1108636750,139.7263257611543,other,5255.293421448891,5839.2149127209905,6569.116776811114,nr1,-8805.840127934927,-54122.48502339284,-45316.64489545791,0.2038871408334814,-324.3243150393962
1010,w1108636751,139.8837134392932,other,5137.657930030147,5708.508811144608,6422.072412537684,nr1,-8608.728521078363,-51028.16812963255,-42419.43960855418,0.2038871408334814,-303.24788044008704
1011,w1108636752,93.1510556358844,other,5632.758798770266,6258.620887522518,7040.9484984628325,nr1,-9438.326175803642,-55364.03196101336,-45925.70578520972,0.2038871408334814,-493.02399711633376
1012,w1108636753,93.25489941500128,other,5561.032789158997,6178.925321287774,6951.290986448746,nr1,-9318.141112287733,-55413.52510267249,-46095.383990384755,0.2038871408334814,-494.2945011956091
1013,w1108636754,139.72684112749994,other,6793.787494520834,7548.652771689815,8492.234368151043,nr1,-11383.761427239244,-81537.33882235385,-70153.57739511461,0.2038871408334814,-502.0766005230153
1014,w1159236388,245.9913005110109,other,17161.798074090097,19068.664526766774,21452.24759261262,nr1,-28756.538984396768,-226825.05314482693,-198068.51416043018,0.2038871408334814,-805.1850360113217
1015,w1159236389,122.96537718712352,other,11214.556910810714,12460.618789789682,14018.19613851339,nr1,-18791.26194156452,-153964.51320391163,-135173.2512623471,0.2038871408334814,-1099.2789544055654
1016,w1159236390,245.9301320978673,other,9422.640053648083,10469.600059608982,11778.300067060103,nr1,-15788.702026960294,-165300.2409429347,-149511.5389159744,0.2038871408334814,-607.9431488959501
1017,w1219742100,99.15745026543736,other,6796.05397685548,7551.171085394977,8495.06747106935,nr1,-11387.559175431617,-81310.68213500066,-69923.12295956905,0.2038871408334814,-705.1726599704801
1018,w1219742101,534.7382739499211,other,26665.5596979286,29628.399664365108,33331.94962241074,nr1,-44681.16940216934,-294425.5013684695,-249744.33196630015,0.2038871408334814,-467.04031510878724
1019,w1219742102,331.85329187787136,other,16686.177045042114,18540.19671671346,20857.72130630264,nr1,-27959.58201027491,-181678.22949421956,-153718.64748394466,0.2038871408334814,-463.2126642893637
1020,w1219742103,321.63751182574777,other,17114.566871985295,19016.185413316995,21393.208589981616,nr1,-28677.397748802276,-189691.64840163846,-161014.2506528362,0.2038871408334814,-500.60781075830556
1021,w1219742104,906.7466930493712,other,37559.58202112246,41732.868912358295,46949.477526403076,nr1,-62935.339290508535,-428752.76270070387,-365817.42341019533,0.2038871408334814,-403.4394900079079
1022,w1219742105,1260.638449399173,ab,128554.44727096538,142838.2747455171,160693.0590887067,r2,-212186.5081386118,-816291.4960744744,-604104.9879358626,0.18769049880465344,-479.2055868387818
1023,w1219929093,501.3837405549362,other,33138.81990165809,36820.91100184232,41423.52487707261,nr1,-55527.851002841926,-362509.8250417098,-306981.97403886786,0.2038871408334814,-612.2695037918409
1024,w1242595698,177.05818741209805,other,9156.077890481276,10173.419878312528,11445.097363101595,nr1,-15342.04689188769,-106858.70184466697,-91516.65495277928,0.2038871408334814,-516.8733301204354
1025,w1242595699,175.70056665593293,other,9159.768067274865,10177.52007474985,11449.71008409358,nr1,-15348.230201606522,-106311.71560268375,-90963.48540107723,0.2038871408334814,-517.7187935836724
