,full_id,NFA,building_usage,yearly_demand_useful_unrenovated,yearly_demand_delivered_unrenovated,yearly_demand_delivered_unrenovated_DH,consumer_size_unrenovated,npv_Gas_25years_ir_0.05,npv_DH_25years_ir_0.05,savings_npv_25years_ir_0.05,operator_selling_price
0,w24853838,27974.42320393324,trade,3368360.1466045496,3742622.385116166,4210450.183255686,nr2,-15587126.322316032,-2601908.7554537016,12985217.56686233,0.052779742900094045
1,w24853840,937.1926232803613,trade,270688.823253195,300765.35917021666,338361.0290664937,nr2,-1252615.7235115797,-209095.10520599165,1043520.618305588,0.052779742900094045
2,w24853841,8998.296452549099,trade,1189609.3568609958,1321788.1742899953,1487011.6960762446,nr2,-5504931.335294771,-918920.4439158388,4586010.891378932,0.052779742900094045
3,w25538793,404.8852469230536,trade,112752.73275817276,125280.81417574751,140940.91594771593,nr2,-521764.6012287629,-87096.48309446748,434668.1181342954,0.052779742900094045
4,w27689586,5481.69515059907,office,239232.2588022705,265813.6208914117,299040.3235028381,nr2,-1107050.100353113,-184796.3049295843,922253.7954235286,0.052779742900094045
5,w28994179,16672.165487814695,other,602602.7887910821,669558.6542123135,753253.4859888526,nr2,-2788551.515352334,-465483.91620084393,2323067.59915149,0.052779742900094045
6,w28994181,2845.002712316811,trade,324149.90597616514,360166.56219573907,405187.3824702064,nr2,-1500007.514609313,-250391.41948317792,1249616.0951261353,0.052779742900094045
7,w29249266,23411.247439788887,trade,2697249.5326306587,2996943.9251451762,3371561.915788323,nr2,-12481554.037593769,-2083505.5840657526,10398048.453528017,0.052779742900094045
8,w30213059,1747.46707642246,ab,354664.9280794791,394072.1423105323,443331.1600993488,r2,-1756184.5796698453,-293140.3244784445,1463044.2551914006,0.052779742900094045
9,w50930444,8762.936898044496,other,1082817.2797117848,1203130.310790872,1353521.599639731,nr2,-5010749.738227356,-836428.3027985306,4174321.4354288257,0.052779742900094045
10,w50930445,4934.112452852726,other,664237.6418930636,738041.8243256261,830297.0523663294,nr2,-3073767.5253227684,-513094.1054167466,2560673.419906022,0.052779742900094045
11,w50930458,1974.6456010334193,other,337265.1957843652,374739.10642707243,421581.49473045644,nr2,-1560698.6729464852,-260522.39892035825,1300176.274026127,0.052779742900094045
12,w50930471,4724.4749339554455,other,805986.2955036239,895540.3283373598,1007482.8693795298,nr2,-3729711.0924241794,-622588.6507891807,3107122.4416349987,0.052779742900094045
13,w50930472,9715.957844087014,other,1058464.4972369291,1176071.663596588,1323080.6215461614,nr2,-4898056.949981983,-817616.8588961142,4080440.091085869,0.052779742900094045
14,w50930478,6019.835157379508,trade,680901.6527717811,756557.3919686456,851127.0659647263,nr2,-3150880.4322857754,-525966.3144202933,2624914.1178654823,0.052779742900094045
15,w50930479,4489.048651921749,other,605573.605365519,672859.5615172433,756967.0067068987,nr2,-2802299.0041037537,-467778.7401862382,2334520.2639175155,0.052779742900094045
16,w50930480,4441.97852948606,other,571805.8128687943,635339.7920764381,714757.2660859928,nr2,-2646038.14589274,-441694.618796149,2204343.5270965914,0.052779742900094045
17,w50930481,1370.623297881335,other,219388.45256825408,243764.94729806008,274235.5657103176,nr2,-1015222.652864467,-169467.84510504297,845754.807759424,0.052779742900094045
18,w50930482,1573.369959426485,other,231580.2187222324,257311.35413581377,289475.2734027905,nr2,-1071640.194594902,-178885.4434970846,892754.7510978174,0.052779742900094045
19,w50930483,704.9254127380437,other,154144.6310888841,171271.81232098234,192680.78886110513,nr2,-713306.0991447828,-119069.88795145444,594236.2111933283,0.052779742900094045
20,w50930486,509.32494937628496,trade,106076.66272902593,117862.95858780658,132595.82841128242,nr2,-490871.0083967026,-81939.51522143009,408931.4931752725,0.052779742900094045
21,w98916060,2713.01504517002,other,226605.19701500298,251783.55223889218,283256.4962687537,nr2,-1048618.222943498,-175042.45997536674,873575.7629681313,0.052779742900094045
22,w98916062,151.14776481509907,trade,44628.266224654115,49586.962471837905,55785.33278081764,nr1,-224339.1639887966,-37448.21353875332,186890.95045004325,0.05733434000314785
23,w98916065,222.67857759937178,other,74365.24956076973,82628.05506752193,92956.56195096216,nr2,-344126.06979177624,-57443.85561879839,286682.21417297784,0.052779742900094045
24,w98916067,43210.64675020873,trade,3034378.024269405,3371531.1380771166,3792972.530336756,nr2,-14041620.110493407,-2343922.385099332,11697697.725394074,0.052779742900094045
25,w98916074,4745.314506876469,trade,491122.8611791089,545692.0679767877,613903.5764738861,nr2,-2272676.8349556723,-379370.61860606883,1893306.2163496034,0.052779742900094045
26,w98916075,67.06430839556852,sfh,14372.556497617988,15969.507219575542,17965.695622022486,r1,-77312.69555316384,-12904.946850756583,64407.748702407254,0.05733662772353671
27,w98916076,98.82164086105185,sfh,30526.14503843407,33917.93893159341,38157.68129804259,r1,-164205.89880160263,-27409.06110508364,136796.83769651898,0.05733662772353671
28,w98916079,3334.9361924076916,trade,503916.8562605286,559907.618067254,629896.0703256608,nr2,-2331881.1981536523,-389253.4121230073,1942627.786030645,0.052779742900094045
29,w98916080,2976.303781049745,other,385409.83654958865,428233.15172176517,481762.2956869858,nr2,-1783488.5661550655,-297711.99768148933,1485776.568473576,0.052779742900094045
30,w98916086,294.4025758753764,other,84265.32015590335,93628.13350655927,105331.65019487918,nr2,-389938.7632835184,-65091.22087665365,324847.5424068647,0.052779742900094045
31,w98916091,1116.7099465291947,trade,65522.69205707044,72802.99117452271,81903.36507133805,nr2,-303207.0306084386,-50613.37230107164,252593.65830736695,0.052779742900094045
32,w98916094,150.05011938810347,trade,46278.56665361178,51420.6296151242,57848.20831701472,nr1,-232634.9605742841,-38833.00412316912,193801.956451115,0.05733434000314785
33,w98916098,15131.85493721813,trade,1389797.224493673,1544219.1383263033,1737246.5306170913,nr2,-6431303.05481861,-1073556.6891089573,5357746.365709652,0.052779742900094045
34,w98916102,1892.1415951219387,trade,284238.58921225026,315820.65468027804,355298.2365153128,nr2,-1315317.4253632987,-219561.69819152885,1095755.7271717698,0.052779742900094045
35,w98916109,81.43322088830173,sfh,38719.86130122445,43022.068112471614,48399.826626530565,r1,-208281.44590271224,-34766.10109299494,173515.3448097173,0.05733662772353671
36,w98916113,559.2398283889517,trade,173540.7692960107,192823.07699556745,216925.96162001335,nr2,-803061.9575568781,-134052.54408874005,669009.4134681381,0.052779742900094045
37,w98916116,6987.1012714248145,other,1062734.6846249367,1180816.3162499296,1328418.3557811708,nr2,-4917817.292504718,-820915.3891804976,4096901.90332422,0.052779742900094045
38,w98916121,458.57296650111675,other,80557.30305057266,89508.1145006363,100696.62881321582,nr2,-372779.8703770221,-62226.9421915322,310552.92818548984,0.052779742900094045
39,w98916126,1235.1179318586364,trade,194117.59848031573,215686.22053368413,242646.99810039465,nr2,-898281.4773970576,-149947.23161735482,748334.2457797028,0.052779742900094045
40,w99055014,379.03616306802724,mfh,138482.6158739089,153869.5731932321,173103.2698423861,r2,-685720.5641026929,-114459.69346820867,571260.8706344842,0.052779742900094045
41,w99055018,363.825429549627,mfh,74738.71105496878,83043.01228329864,93423.38881871097,r2,-370081.6220252898,-61773.601715827266,308308.02030946256,0.052779742900094045
42,w99055022,32.828185592684896,sfh,8121.358728508361,9023.731920564845,10151.69841063545,r1,-43686.322260013934,-7292.071021929762,36394.25123808417,0.05733662772353671
43,w99055023,57.57688737055287,sfh,23689.428722857134,26321.58746984126,29611.785903571417,r1,-127429.91067609773,-21270.455165295345,106159.45551080239,0.05733662772353671
44,w99055025,2922.078992408514,trade,357208.00610134704,396897.78455705225,446510.0076266838,nr2,-1652984.2629972212,-275927.33500607166,1377056.9279911495,0.052779742900094045
45,w99055028,168.94065034445376,ab,43794.80756460522,48660.897294005794,54743.50945575652,r1,-235580.54022002796,-39322.834740918224,196257.70547910975,0.05733662772353671
46,w99055030,502.22660109587014,other,116326.93155687526,129252.14617430585,145408.66444609407,nr2,-538304.2483423904,-89857.39307538228,448446.8552670081,0.052779742900094045
47,w99055036,2513.4158389533286,other,328535.37354705296,365039.3039411699,410669.2169338162,nr2,-1520301.317538538,-253778.99859372916,1266522.3189448088,0.052779742900094045
48,w99055038,337.97397138923407,other,86262.38089475907,95847.08988306564,107827.97611844883,nr2,-399180.18541626184,-66633.86168566557,332546.3237305963,0.052779742900094045
49,w99055039,2475.299022556655,other,312686.9164410429,347429.90715671435,390858.64555130363,nr2,-1446962.395281604,-241536.76869259242,1205425.6265890116,0.052779742900094045
50,w99055040,101.95110847079195,trade,35391.70019666166,39324.111329624066,44239.62524582707,nr1,-177908.42230557074,-29697.679488430444,148210.7428171403,0.05733434000314785
51,w99055041,189.90211718752977,ab,64982.981209910264,72203.31245545585,81228.72651238783,r2,-321774.4425979593,-53710.2224925407,268064.2201054186,0.052779742900094045
52,w99055043,190.2007592998445,sfh,86320.99151306404,95912.21279229339,107901.23939133005,r2,-427433.28193726187,-71346.67529282764,356086.6066444342,0.052779742900094045
53,w99055048,47.74609960326925,sfh,24285.63485393199,26984.0387265911,30357.04356741499,r1,-130637.01604432914,-21805.78153085121,108831.23451347793,0.05733662772353671
54,w99055050,194.95880112051967,trade,65308.77244341692,72565.3027149077,81635.96555427114,nr2,-302217.1150721799,-50448.12889136992,251768.98618080997,0.052779742900094045
55,w99055053,122.33706042193808,ab,49059.40863841541,54510.454042683785,61324.260798019255,r1,-263899.82357757154,-44049.85717838205,219849.9663991895,0.05733662772353671
56,w99055057,303.91877080444243,ab,87681.8017174346,97424.2241304829,109602.25214679325,r2,-434171.5684368997,-72471.42238023451,361700.14605666517,0.052779742900094045
57,w99055067,194.8848727118224,sfh,33001.382887256914,36668.203208063234,41251.72860907114,r1,-177520.67062103673,-29631.54761173497,147889.12300930175,0.05733662772353671
58,w99055068,348.37368724122643,ab,132493.30677667502,147214.7853074167,165616.63347084375,r2,-656063.4668069566,-109509.36465596315,546554.1021509934,0.052779742900094045
59,w99055094,263.70872883694244,other,66091.27134448045,73434.74593831161,82614.08918060057,nr2,-305838.13796970044,-51052.574572115314,254785.56339758512,0.052779742900094045
60,w99055100,85.6876405166462,sfh,15744.323611141372,17493.69290126819,19680.404513926715,r1,-84691.6899050213,-14136.640161168612,70555.04974385268,0.05733662772353671
61,w99055110,94.65369866762775,sfh,52473.960066172556,58304.40007352506,65592.45008271569,r2,-259833.86629582994,-43371.1722322306,216462.69406359934,0.052779742900094045
62,w99055113,801.3236896117684,education,153671.86244078857,170746.51382309842,192089.8280509857,nr2,-711118.356647436,-118704.69514805911,592413.6614993769,0.052779742900094045
63,w99055118,54.3237798044458,other,24020.58101149931,26689.534457221456,30025.726264374138,nr1,-120747.62294189216,-20156.01149539215,100591.6114465,0.05733434000314785
64,w99055131,500.74276516167447,th,174492.9614592318,193881.0682880353,218116.20182403974,r2,-864032.0029246171,-144223.23520497975,719808.7677196374,0.052779742900094045
65,w99055135,663.0715527065098,ab,134760.33544465396,149733.70604961552,168450.41930581743,r2,-667289.0503737701,-111383.12624533677,555905.9241284333,0.052779742900094045
66,w99055142,64.54166975589469,sfh,30373.370700461764,33748.18966717974,37966.7133755772,r1,-163384.09678733008,-27271.886851357882,136112.2099359722,0.05733662772353671
67,w99055146,149.08371188635937,sfh,45007.11390865703,50007.90434295226,56258.89238582129,r1,-242101.76497989456,-40411.35013060666,201690.4148492879,0.05733662772353671
68,w99055147,57.659734526090325,sfh,9628.24002989865,10698.044477665168,12035.300037373312,r1,-51792.1213437365,-8645.081748174845,43147.039595561655,0.05733662772353671
69,w99055152,1635.3717537612654,other,264252.3847284261,293613.76080936234,330315.48091053264,nr2,-1222831.0282934846,-204123.24203737604,1018707.7862561085,0.052779742900094045
70,w99055158,567.1104306213557,trade,144743.79539184985,160826.4393242776,180929.7442398123,nr2,-669803.62103456,-111808.15950078628,557995.4615337737,0.052779742900094045
71,w99055160,362.3993257842958,ab,101699.20767706775,112999.1196411864,127124.00959633468,r2,-503581.17238782457,-84057.19420606365,419523.97818176093,0.052779742900094045
72,w99055171,150.93386064656082,sfh,36534.23113964701,40593.59015516334,45667.78892455876,r1,-196524.52852327074,-32803.649870399844,163720.8786528709,0.05733662772353671
73,w99055172,71.28885925472714,sfh,34959.915482691984,38844.350536324426,43699.89435336498,r1,-188055.98730647922,-31390.090641553834,156665.89666492539,0.05733662772353671
74,w99055173,413.9677898917347,ab,103778.03118873315,115308.92354303683,129722.53898591643,r2,-513874.82565320685,-85775.39905378531,428099.42659942154,0.052779742900094045
75,w99055181,184.62117180265486,other,55355.73112876553,61506.36792085059,69194.66391095691,nr2,-256159.2989508579,-42759.84610305552,213399.45284780237,0.052779742900094045
76,w99055182,84.81555104400032,sfh,41072.2949799907,45635.88331110078,51340.36872498837,r1,-220935.63090074,-36878.32320180623,184057.3076989338,0.05733662772353671
77,w99055185,136.9722994968528,education,27137.63133712484,30152.92370791649,33922.039171406046,nr1,-136416.53691318005,-22771.572799464968,113644.96411371509,0.05733434000314785
78,w99055186,41.49024544628337,sfh,8077.381808901094,8974.86867655677,10096.727261126367,r1,-43449.762104725894,-7252.584670960411,36197.177433765486,0.05733662772353671
79,w99055192,160.51305735595523,ab,56573.984423398244,62859.982692664715,70717.4805292478,r2,-280135.8442540704,-46759.955208192994,233375.88904587744,0.052779742900094045
80,w99055193,133.23216011486946,other,37451.259490311946,41612.510544791054,46814.07436288993,nr1,-188261.4978159883,-31425.885012617546,156835.61280337075,0.05733434000314785
81,w99055199,594.2030242990702,ab,144875.40265854934,160972.66962061037,181094.25332318665,r2,-717375.5507772896,-119743.50769398703,597632.0430833026,0.052779742900094045
82,w99055201,119.5810925271362,sfh,23915.67348956297,26572.970543958854,29894.59186195371,r1,-128646.92400088262,-21473.597639641124,107173.32636124149,0.05733662772353671
83,w99055202,635.4450178422034,ab,183212.87097097567,203569.8566344174,229016.08871371957,r2,-907210.1392674618,-151430.4804139632,755779.6588534986,0.052779742900094045
84,w99055209,191.61494707558305,other,71166.34004527405,79073.7111614156,88957.92505659255,nr2,-329323.0782642957,-54972.83995716773,274350.23830712796,0.052779742900094045
85,w99055216,463.1840371862054,education,97615.7064420698,108461.89604674422,122019.63305258725,nr2,-451717.8333464272,-75403.80191157694,376314.03143485024,0.052779742900094045
86,w99055219,773.0541430711745,other,280358.9009157519,311509.889906391,350448.6261446898,nr2,-1297364.1219940942,-216564.81112846764,1080799.3108656267,0.052779742900094045
87,w99055224,318.955577952601,ab,88079.81530757781,97866.46145286423,110099.76913447226,r2,-436142.4013954715,-72800.39156699114,363342.0098284803,0.052779742900094045
88,w99055226,262.56915004737675,ab,69321.04823838189,77023.38693153542,86651.31029797735,r2,-343255.12991099636,-57295.754287921474,285959.3756230749,0.052779742900094045
89,w99055235,1694.7837025728077,trade,455420.4985622041,506022.7761802268,569275.6232027551,nr2,-2107463.730687175,-351792.1276371179,1755671.603050057,0.052779742900094045
90,w99055245,424.4345906373113,ab,110594.87925706254,122883.19917451392,138243.59907132815,r2,-547629.6249348246,-91409.71160194489,456219.9133328798,0.052779742900094045
91,w99055249,70.42309986636974,sfh,33446.903939437485,37163.22659937498,41808.62992429685,r1,-179917.21249411762,-30031.575644342556,149885.63684977507,0.05733662772353671
92,w99055257,137.79457132667304,trade,36946.07902516493,41051.19891684992,46182.59878145616,nr1,-185722.03633110668,-31001.98089231853,154720.05543878814,0.05733434000314785
93,w99055287,226.3710821658373,mfh,65413.202259158345,72681.33584350927,81766.50282394793,r2,-323904.75634685514,-54065.81203069141,269838.9443161637,0.052779742900094045
94,w99055292,58.725108856521544,trade,26638.013577625854,29597.792864028725,33297.51697203232,nr1,-133905.03826082952,-22352.336424668592,111552.70183616092,0.05733434000314785
95,w99055300,847.1402418442303,other,253934.7967876531,282149.7742085034,317418.49598456634,nr2,-1175086.2683584318,-196153.3631557125,978932.9052027193,0.052779742900094045
96,w99389931,488.4274571448564,mfh,99582.28350232905,110646.9816692545,124477.85437791131,r2,-493098.8571159484,-82307.49811166973,410791.35900427867,0.052779742900094045
97,w99389943,3490.8252122399163,ab,624462.3880690951,693847.0978545501,780577.9850863689,r2,-3092133.2494003805,-516135.35077857197,2575997.8986218087,0.052779742900094045
98,w99389949,2474.179022271931,ab,683124.5893772031,759027.3215302257,853905.7367215039,r2,-3382609.2598270457,-564621.2747158409,2817987.985111205,0.052779742900094045
99,w99389956,671.7147096479312,education,46899.24791118664,52110.27545687404,58624.0598889833,nr1,-235755.02608897214,-39353.82660271965,196401.1994862525,0.05733434000314785
100,w99389960,693.6997662768932,ab,196619.69517326806,218466.32797029783,245774.61896658505,r2,-973596.3423067826,-162511.58961234643,811084.7526944361,0.052779742900094045
101,w99389971,1612.9015118613836,education,309303.5674613809,343670.63051264547,386629.4593267261,nr2,-1431305.9079574586,-238923.28172867256,1192382.626228786,0.052779742900094045
102,w99389974,235.12884147074072,education,43366.28216826591,48184.7579647399,54207.85271033239,nr1,-217995.37176634808,-36389.264750820796,181606.1070155273,0.05733434000314785
103,w99389975,1082.0712234761565,mfh,203599.25388206367,226221.39320229297,254499.0673525796,r2,-1008156.8313961925,-168280.3869831262,839876.4444130664,0.052779742900094045
104,w99389979,163.53384786918758,ab,58414.06986123536,64904.52206803929,73017.58732654419,r2,-289247.3447587958,-48280.836467122426,240966.50829167338,0.052779742900094045
105,w99389992,2569.363114476204,other,222880.7619206125,247645.2910229028,278600.9524007656,nr2,-1031383.3555989087,-172165.49912218063,859217.8564767281,0.052779742900094045
106,w99390006,431.6004564465955,education,83282.49698597375,92536.10776219305,104103.12123246718,nr2,-385390.7374681571,-64332.03358681459,321058.7038813425,0.052779742900094045
107,w99390011,2554.974828636646,ab,487902.76263553556,542114.1807061506,609878.4532944195,r2,-2415934.7042254717,-403265.0618356583,2012669.6423898134,0.052779742900094045
108,w99390014,587.280543653667,trade,125980.24566648666,139978.05074054073,157475.30708310832,nr2,-582975.0732858533,-97314.1498970249,485660.92338882835,0.052779742900094045
109,w99390021,1617.1983746248297,other,203329.9608709738,225922.17874552644,254162.45108871724,nr2,-940911.793058193,-157063.37280161274,783848.4202565803,0.052779742900094045
110,w99390022,5590.431437242403,education,501507.8998853299,557230.9998725888,626884.8748566624,nr2,-2320733.7241037,-387392.60021117714,1933341.1238925229,0.052779742900094045
111,w99390025,237.89438336268066,education,22880.136119028128,25422.373465586807,28600.170148785157,nr1,-115014.78867796685,-19199.04795019289,95815.74072777395,0.05733434000314785
112,w99390027,116.0190749399364,mfh,27759.268305341284,30843.631450379202,34699.0853816766,r1,-149322.3463498041,-24924.715526823078,124397.63082298104,0.05733662772353671
113,w99390046,1095.085822885856,mfh,211796.0789351003,235328.97659455586,264745.09866887535,r2,-1048744.8247970187,-175055.28849016703,873689.5363068517,0.052779742900094045
114,w99390052,1678.6958267321402,education,313307.17899148044,348119.0877683116,391633.9737393505,nr2,-1449832.6675523464,-242015.89399108227,1207816.7735612642,0.052779742900094045
115,w99390065,2581.633286331594,education,348951.4029727128,387723.781080792,436189.253715891,nr2,-1614776.7345982809,-269549.47544365056,1345227.2591546304,0.052779742900094045
116,w99390082,124.21957990797236,education,39827.93660519214,44253.26289465793,49784.92075649017,nr1,-200208.67394735635,-33420.18861524179,166788.48533211456,0.05733434000314785
117,w99390107,332.09000708311794,education,26712.358260262183,29680.39806695798,33390.44782532773,nr1,-134278.75710228505,-22414.7201062757,111864.03699600935,0.05733434000314785
118,w99390110,1066.5973296171287,mfh,239891.65743218464,266546.2860357607,299864.5717902308,r2,-1187864.9288926404,-198277.05739086668,989587.8715017737,0.052779742900094045
119,w99390116,694.0162199864862,ab,158097.7549469809,175664.1721633121,197622.1936837261,r2,-782848.3093092582,-130672.14577835532,652176.1635309029,0.052779742900094045
120,w99390122,307.42072394330467,other,98676.7039395479,109640.78215505321,123345.87992443486,nr2,-456627.61178491253,-76223.37540076737,380404.23638414516,0.052779742900094045
121,w99390129,1196.3697846690193,trade,195071.71625481176,216746.35139423527,243839.6453185147,nr2,-902696.6686563498,-150684.24526291105,752012.4233934387,0.052779742900094045
122,w99390130,964.417538562417,education,164651.07624751102,182945.64027501224,205813.84530938877,nr2,-761924.7980838157,-127185.65065411027,634739.1474297055,0.052779742900094045
123,w99390133,9252.387912133521,education,680645.1328091653,756272.3697879614,850806.4160114565,nr2,-3149693.383132044,-525768.1641312419,2623925.2190008024,0.052779742900094045
124,w99390139,1249.1388426542283,ab,193561.77819765167,215068.6424418352,241952.22274706457,r2,-958454.5388373268,-159984.1370691408,798470.401768186,0.052779742900094045
125,w99390141,112.67489476799965,other,30821.618759402736,34246.24306600304,38527.023449253415,nr1,-154935.35308898072,-25862.859092530303,129072.49399645042,0.05733434000314785
126,w99758761,171.36210507287177,trade,71706.83112597434,79674.25680663815,89633.53890746791,nr2,-331824.2071175904,-55390.34533483239,276433.86178275803,0.052779742900094045
127,w99758765,309.03573338240386,trade,64055.628922168136,71172.92102463126,80069.53615271016,nr2,-296418.17864152935,-49480.13112454438,246938.04751698498,0.052779742900094045
128,w99758770,601.7205038767308,mfh,123602.56527583835,137336.18363982037,154503.20659479793,r2,-612039.4263974656,-102160.92210619632,509878.50429126935,0.052779742900094045
129,w99758771,976.6668764967471,mfh,175271.79498964516,194746.4388773835,219089.74373705644,r2,-867888.5315180934,-144866.9625536532,723021.5689644403,0.052779742900094045
130,w99758774,197.5460334163159,ab,62183.884482976144,69093.20498108461,77729.85560372018,r2,-307914.2322426112,-51396.69200836453,256517.54023424664,0.052779742900094045
131,w99758775,265.071225726977,sfh,41468.16576899654,46075.73974332949,51835.20721124567,r1,-223065.09463211385,-37233.770856002906,185831.32377611095,0.05733662772353671
132,w99758777,337.6781565959565,ab,105954.58460251115,117727.31622501239,132443.23075313892,r2,-524652.4053896732,-87574.38035541704,437078.02503425616,0.052779742900094045
133,w99758783,333.3155570875853,th,46165.858494498185,51295.3983272202,57707.32311812273,r1,-248334.87092759847,-41451.77305720015,206883.0978703983,0.05733662772353671
134,w99758786,182.17889552428386,mfh,58859.38042021428,65399.31157801586,73574.22552526784,r2,-291452.3768184295,-48648.89790037332,242803.47891805618,0.052779742900094045
135,w99758788,349.08404515869915,other,107247.06333366054,119163.40370406726,134058.82916707566,nr2,-496287.05100442213,-82843.59775656424,413443.45324785786,0.052779742900094045
136,w99758792,60.93018751584459,sfh,22560.840147597835,25067.600163997595,28201.050184497293,r1,-121359.01960405623,-20257.1089604983,101101.91064355793,0.05733662772353671
137,w99758793,126.39461716674268,ab,45544.688375520156,50605.2093061335,56930.86046940019,r1,-244993.47955416888,-40894.03182501101,204099.44772915787,0.05733662772353671
138,w99758796,906.0679207786917,ab,179322.33204421046,199247.03560467827,224152.91505526306,r2,-887945.4645594535,-148214.8429119308,739730.6216475228,0.052779742900094045
139,w99758800,420.9761067721993,ab,99487.39834212833,110541.55371347592,124359.24792766041,r2,-492629.0168752277,-82229.07291524544,410399.94395998225,0.052779742900094045
140,w99758801,293.7319820257835,mfh,71440.53956745433,79378.37729717146,89300.6744593179,r2,-353750.1568904524,-59047.572206027864,294702.5846844245,0.052779742900094045
141,w99758803,512.6721141899004,mfh,131384.60978199245,145982.8997577694,164230.76222749054,r2,-650573.5623607194,-108592.99607525958,541980.5662854598,0.052779742900094045
142,w99758805,165.76912949401884,sfh,58159.717102174254,64621.90789130473,72699.64637771781,r2,-287987.8731902975,-48070.60691122326,239917.26627907425,0.052779742900094045
143,w99758807,110.8734177275095,other,42605.10553834061,47339.006153711794,53256.381922925764,nr1,-214169.05846200295,-35750.55060417074,178418.5078578322,0.05733434000314785
144,w99758813,43.0509613757953,other,17306.7893226752,19229.765914083553,21633.486653343996,nr1,-86998.46479436645,-14522.373308504655,72476.09148586179,0.05733434000314785
145,w99758814,84.92593946289271,th,18715.5754116606,20795.083790734,23394.46926457575,r1,-100674.61443924766,-16804.491671946827,83870.12276730083,0.05733662772353671
146,w99758818,424.19755738042295,mfh,91711.52463429667,101901.69403810741,114639.40579287084,r2,-454125.4366844796,-75802.09928083418,378323.3374036454,0.052779742900094045
147,w99758821,35.03456762442365,sfh,16591.68554566197,18435.206161846632,20739.606932077462,r1,-89249.80976892919,-14897.476323486353,74352.33344544284,0.05733662772353671
148,w99758824,478.7830200769007,ab,169348.0416963535,188164.4907737261,211685.05212044186,r2,-838556.0450955399,-139970.8174176542,698585.2276778857,0.052779742900094045
149,w99758826,392.0728006519377,ab,106368.10829847213,118186.78699830236,132960.13537309016,r2,-526700.0393130702,-87916.16907151575,438783.8702415545,0.052779742900094045
152,w99758837,194.723237061128,mfh,81068.34105236304,90075.9345026256,101335.4263154538,r2,-401423.8769717627,-67005.21511868635,334418.6618530763,0.052779742900094045
153,w99758838,478.1149431033991,ab,109862.70524728548,122069.67249698387,137328.38155910684,r2,-544004.1390076757,-90804.54963128445,453199.58937639126,0.052779742900094045
154,w99758842,66.20839738831855,sfh,28836.13150330949,32040.146114788324,36045.16437913686,r1,-155114.99684943655,-25891.61813302391,129223.37871641264,0.05733662772353671
155,w99758845,141.8255072105676,th,68631.03812160477,76256.7090240053,85788.79765200596,r2,-339838.4257743286,-56725.44193529966,283112.9838390289,0.052779742900094045
156,w99758846,563.5821329504251,other,132388.56970357036,147098.41078174484,165485.71212946295,nr2,-612629.668380457,-102264.29587137401,510365.37250908295,0.052779742900094045
157,w99758847,385.25146163031457,sfh,141765.98617754248,157517.76241949163,177207.4827219281,r2,-701978.7386219816,-117173.48939215847,584805.2492298231,0.052779742900094045
158,w99758850,177.17881421931088,ab,51542.08490718524,57268.98323020582,64427.60613398155,r2,-255219.52567508447,-42600.951765385544,212618.57390969893,0.052779742900094045
159,w99758852,422.9061155930161,other,94738.4325839545,105264.92509328279,118423.04072994312,nr2,-438403.2146185131,-73181.23552394917,365221.979094564,0.052779742900094045
160,w99758858,57.38898355839774,sfh,9200.09663478349,10222.329594203877,11500.12079347936,r1,-49489.0571696543,-8260.656906332732,41228.400263321564,0.05733662772353671
161,w99758862,402.33381934519855,sfh,153965.21116104606,171072.45684560674,192456.51395130757,r2,-762385.305789376,-127256.48459953464,635128.8211898414,0.052779742900094045
162,w99758864,101.365438436158,other,39005.52169932354,43339.46855480393,48756.90212415442,nr1,-196074.525613972,-32730.088559429914,163344.43705454207,0.05733434000314785
163,w99758865,63.831228005420414,other,19191.6289905496,21324.03221172178,23989.536238187,nr1,-96473.25266121558,-16103.969107309867,80369.28355390571,0.05733434000314785
164,w99758868,445.0926624152809,ab,107761.9123396737,119735.45815519299,134702.3904245921,r2,-533601.7004880122,-89068.18647315077,444533.51401486143,0.052779742900094045
165,w99758869,105.27734354436397,other,36782.57152472311,40869.523916359016,45978.21440590389,nr1,-184900.11025021513,-30864.779420925715,154035.33082928942,0.05733434000314785
166,w99758874,732.9468768487684,ab,145140.5559918637,161267.2844354041,181425.6949898296,r2,-718688.5032525632,-119962.66422177006,598725.8390307932,0.052779742900094045
167,w99758876,118.68904608124866,sfh,19767.0966607297,21963.44073414411,24708.870825912127,r1,-106330.94581010957,-17748.64004484952,88582.30576526004,0.05733662772353671
168,w99758878,556.4759241774678,other,165946.20228490618,184384.6692054513,207432.75285613272,nr2,-767918.0091032932,-128186.07805184902,639731.9310514441,0.052779742900094045
169,w99758879,141.26093079326674,other,63241.62786203879,70268.47540226532,79052.03482754849,nr2,-292651.3791312319,-48851.351423705644,243800.0277075263,0.052779742900094045
170,w99758882,536.390386541374,other,173463.4893925074,192737.21043611935,216829.36174063425,nr2,-802704.343891577,-133992.848792277,668711.4950993,0.052779742900094045
171,w99758886,70.57262436598539,sfh,28508.101772463415,31675.66863607046,35635.12721557927,r1,-153350.46298119312,-25597.08415483164,127753.37882636148,0.05733662772353671
172,w99758887,84.85345135740936,sfh,35123.0717850301,39025.635316700114,43903.839731287626,r1,-188933.63586763377,-31536.586737108464,157397.0491305253,0.05733662772353671
173,w99758888,71.82869699064176,other,23233.64309960051,25815.158999556123,29042.053874500638,nr1,-116791.81178898345,-19495.68069028803,97296.13109869542,0.05733434000314785
174,w99758891,1365.0763243824242,trade,394777.7044394887,438641.8938216541,493472.1305493609,nr2,-1826838.4853487809,-304948.2599639638,1521890.225384817,0.052779742900094045
175,w99758895,154.4283221337944,other,11343.022479982455,12603.358311091617,14178.778099978068,nr1,-57019.56171579041,-9518.091647723526,47501.47006806689,0.05733434000314785
176,w99758899,158.4874060918577,th,51555.465518172896,57283.85057574766,64444.33189771612,r2,-255285.78207886912,-42612.01120864057,212673.77087022853,0.052779742900094045
177,w99758900,82.77785695786588,sfh,14105.077346915961,15672.308163239957,17631.34668364495,r1,-75873.87469005072,-12664.780515416918,63209.09417463381,0.05733662772353671
178,w99758903,400.34018093422054,trade,111219.17925647758,123576.86584053065,139023.97407059697,nr2,-514668.06430498743,-85911.88105984252,428756.1832451449,0.052779742900094045
179,w99758905,110.54209396946244,sfh,42224.87349281815,46916.52610313128,52781.09186602269,r1,-227135.56837728532,-37913.20968507227,189222.35869221305,0.05733662772353671
180,w99758908,248.9345047255978,ab,62155.14284179054,69061.2698242117,77693.92855223817,r2,-307771.9130476518,-51372.936250870225,256398.9767967816,0.052779742900094045
181,w99758913,208.22132023065353,ab,66297.76659895918,73664.18510995463,82872.20824869897,r2,-328284.8292841373,-54796.9288033461,273487.90048079117,0.052779742900094045
182,w99758915,71.10941483918579,ab,27065.001520575188,30072.223911750207,33831.251900718984,r1,-145587.75420732817,-24301.34167129939,121286.41253602877,0.05733662772353671
183,w99758919,819.0798590054737,ab,208080.77592565658,231200.8621396184,260100.9699070707,r2,-1030347.8609660649,-171984.48829680818,858363.3726692566,0.052779742900094045
184,w99758922,83.9358181065414,th,29500.748365313924,32778.60929479325,36875.9354566424,r1,-158690.09645820578,-26488.3696769615,132201.72678124427,0.05733662772353671
185,w99758926,36.12754547015065,sfh,13125.615217519764,14584.016908355294,16407.019021899705,r1,-70605.16293174856,-11785.333165581724,58819.82976616684,0.05733662772353671
186,w99758928,119.38002583179623,sfh,50451.804126083465,56057.56014009274,63064.755157604326,r2,-249820.81228763546,-41699.80469207482,208121.00759556063,0.052779742900094045
187,w99758931,65.79372537583113,th,29795.3796286822,33105.977365202445,37244.22453585275,r1,-160274.9736628291,-26752.915570029934,133522.05809279918,0.05733662772353671
188,w99758935,355.7203856162727,ab,97740.68299085365,108600.75887872626,122175.85373856705,r2,-483979.85446271603,-80785.36460267896,403194.48986003705,0.052779742900094045
189,w99758936,99.44306262517348,th,46648.143097256325,51831.270108062585,58310.1788715704,r1,-250929.1708817645,-41884.81064286305,209044.36023890146,0.05733662772353671
190,w99758945,525.0721962768584,mfh,72696.76550898828,80774.18389887585,90870.95688623533,r2,-359970.57636933797,-60085.877521734124,299884.69884760387,0.052779742900094045
191,w99758951,355.6037514369003,ab,88176.77832572878,97974.19813969864,110220.97290716098,r2,-436622.53050831344,-72880.53417020003,363741.99633811344,0.052779742900094045
192,w99758953,525.4067761451006,other,115621.89938143763,128468.77709048626,144527.37422679702,nr2,-535041.7036317479,-89312.7870029001,445728.9166288478,0.052779742900094045
193,w99758954,37.75478148937691,sfh,15454.106966036949,17171.229962263275,19317.633707546185,r1,-83130.55976570772,-13876.058101122568,69254.50166458514,0.05733662772353671
194,w99758959,30.14875982720405,sfh,5386.67163386435,5985.190704293722,6733.339542330437,r1,-28975.923952209825,-4836.6281356429845,24139.29581656684,0.05733662772353671
195,w99758962,201.50926117040217,mfh,21723.95521923704,24137.72802137449,27154.944024046297,r1,-116857.25753478814,-19505.679976901316,97351.57755788682,0.05733662772353671
196,w99758966,155.61690238779408,th,53966.642471051426,59962.936078946026,67458.30308881428,r2,-267225.140747431,-44604.91532286797,222620.22542456305,0.052779742900094045
197,w99758967,90.83302856497467,ab,36490.03724639751,40544.485829330566,45612.54655799688,r1,-196286.80122578726,-32763.968701388098,163522.83252439916,0.05733662772353671
198,w99758970,391.2386861808598,th,114162.05294071334,126846.72548968148,142702.56617589167,r2,-565293.1008532208,-94358.07883058173,470935.02202263905,0.052779742900094045
199,w99758974,163.93810575278476,sfh,52549.96407185974,58388.84896873304,65687.45508982467,r2,-260210.21324252058,-43433.99163478459,216776.221607736,0.052779742900094045
200,w99758975,139.83927450878545,sfh,48769.161981762925,54187.95775751436,60961.45247720365,r1,-262338.53200047347,-43789.24817132537,218549.2838291481,0.05733662772353671
201,w99758979,705.2831632008775,trade,118383.22027633703,131536.91141815225,147979.02534542128,nr2,-547819.74865423,-91445.78487140253,456373.9637828275,0.052779742900094045
202,w99758981,319.7999828794971,other,27092.453379920906,30102.725977689894,33865.56672490113,nr1,-136189.43454046332,-22733.66333239983,113455.7712080635,0.05733434000314785
203,w99758984,336.42351993245535,ab,99044.44301429484,110049.38112699427,123805.55376786855,r2,-490435.647148945,-81862.95814535914,408572.6890035859,0.052779742900094045
204,w99758985,1446.6540044941007,ab,308773.6475480953,343081.8306089948,385967.05943511915,r2,-1528945.9867620675,-255209.91805639636,1273736.0687056712,0.052779742900094045
205,w99758989,963.3213891830295,education,178962.42487789664,198847.1387532185,223703.03109737078,nr2,-828150.7327331709,-138240.5324609999,689910.200272171,0.052779742900094045
206,w99758991,346.04414169639347,ab,108571.37632794297,120634.8625866033,135714.2204099287,r2,-537609.9010780576,-89737.23073828235,447872.6703397753,0.052779742900094045
207,w99758995,38.315451947040856,sfh,14153.006730026627,15725.56303336292,17691.258412533283,r1,-76131.69589291744,-12707.815736168024,63423.88015674942,0.05733662772353671
208,w99758997,604.6954287230968,other,183323.21692341135,203692.46324823482,229154.0211542642,nr2,-848330.349377581,-141609.05082308038,706721.2985545007,0.052779742900094045
209,w99759000,505.76658869385716,other,34496.09632156219,38328.995912846876,43120.120401952736,nr1,-173406.3647173701,-28946.165526583278,144460.19919078684,0.05733434000314785
210,w99759001,277.86601877255595,other,81574.80850317713,90638.67611464126,101968.51062897142,nr2,-377488.38886468404,-63012.92000584703,314475.46885883703,0.052779742900094045
211,w99759005,200.24946516156197,th,50791.008241442374,56434.45360160264,63488.76030180296,r2,-251500.439985755,-41980.166229312716,209520.27375644227,0.052779742900094045
212,w99759006,478.86383471041916,sfh,107306.25960596674,119229.17733996305,134132.82450745843,r2,-531345.4573659373,-88691.57694784015,442653.88041809713,0.052779742900094045
213,w99759010,347.4218390390277,ab,91918.43252307092,102131.59169230102,114898.04065383865,r2,-455149.97679236403,-75973.11434561908,379176.8624467449,0.052779742900094045
214,w99759011,1184.1155465334652,health,269958.28428687295,299953.6492076366,337447.8553585912,nr2,-1249235.14582516,-208530.7962693153,1040704.3495558447,0.052779742900094045
215,w99759013,1127.2734199425206,other,171785.6852225,190872.98358055556,214732.106528125,nr2,-794940.2852981464,-132696.8195169397,662243.4657812067,0.052779742900094045
216,w99759015,262.8249901607633,mfh,34217.03964154063,38018.932935045144,42771.29955192578,r1,-184059.91787024122,-30723.07129476204,153336.84657547917,0.05733662772353671
217,w99759016,162.4421672269469,other,39579.42093353886,43977.13437059873,49474.27616692357,nr1,-198959.4253716631,-33211.65557716787,165747.76979449522,0.05733434000314785
218,w99759020,78.66829424034803,other,23783.079223761644,26425.64358195738,29728.849029702054,nr1,-119553.73940093849,-19956.72036411081,99597.01903682768,0.05733434000314785
219,w99759023,45.55874986834824,th,17153.126364166834,19059.029293518703,21441.407955208542,r1,-92269.90595567088,-15401.58733003215,76868.31862563873,0.05733662772353671
220,w99759028,314.5253525768406,trade,117384.63411857742,130427.3712428638,146730.79264822177,nr2,-543198.7794266951,-90674.42137288567,452524.3580538094,0.052779742900094045
221,w99759036,422.98085668310523,mfh,84448.21047114403,93831.34496793781,105560.26308893003,r2,-418159.8835081369,-69798.7702172446,348361.11329089233,0.052779742900094045
222,w99759038,116.55152825303375,ab,40682.52312775101,45202.8034752789,50853.15390968876,r1,-218838.974501971,-36528.35171010204,182310.62279186898,0.05733662772353671
224,w99759044,415.2007402397692,trade,91754.0768965997,101948.97432955522,114692.59612074961,nr2,-424593.07346231473,-70875.95317457094,353717.1202877438,0.052779742900094045
225,w99759045,941.2816024620085,trade,131494.20155201256,146104.66839112507,164367.75194001567,nr2,-608490.9692063082,-101573.43615838193,506917.5330479263,0.052779742900094045
226,w99759047,442.628270605579,mfh,92497.8685975063,102775.40955278477,115622.33574688286,r2,-458019.15448167815,-76452.03420892294,381567.1202727552,0.052779742900094045
227,w99759050,246.0824731603265,trade,87689.82726981034,97433.14141090038,109612.28408726292,nr2,-405785.710359515,-67736.50067304657,338049.2096864684,0.052779742900094045
228,w99759051,91.54405212756247,th,29950.586920623486,33278.42991180387,37438.23365077935,r1,-161109.86299594643,-26892.274344071564,134217.58865187486,0.05733662772353671
229,w99759055,270.5142616614699,other,63025.800446954905,70028.66716328323,78782.25055869363,nr2,-291652.6352213437,-48684.63432205017,242968.00089929355,0.052779742900094045
230,w99759057,194.30349186724052,th,63544.9103105719,70605.45590063544,79431.13788821487,r2,-314653.5864378487,-52521.61731430161,262131.96912354708,0.052779742900094045
231,w99759061,534.3112589053809,trade,95523.08154318364,106136.75727020403,119403.85192897954,nr2,-442034.1869355638,-73787.34202922709,368246.84490633674,0.052779742900094045
232,w99759062,137.67195288166403,th,51134.694142143744,56816.326824604155,63918.36767767968,r2,-253202.26001721417,-42264.232085488075,210938.0279317261,0.052779742900094045
233,w99759063,182.5971095246263,sfh,62796.75246680318,69774.16940755908,78495.94058350397,r2,-310948.9537990915,-51903.24426492497,259045.70953416656,0.052779742900094045
234,w99759067,347.13443305995315,other,53063.728204032785,58959.69800448087,66329.66025504097,nr2,-245553.02837289125,-40989.37554235876,204563.6528305325,0.052779742900094045
235,w99759073,34.86947953915223,sfh,16322.376591394783,18135.973990438648,20402.970739243476,r1,-87801.14604689402,-14655.667029375954,73145.47901751807,0.05733662772353671
236,w99759074,1179.944325777702,mfh,260161.20526083146,289068.00584536826,325201.5065760393,r2,-1288233.0919537838,-215030.39654874738,1073202.6954050364,0.052779742900094045
237,w99759077,212.39228247441352,sfh,52914.64659119377,58794.05176799308,66143.3082389922,r2,-262016.00165356428,-43735.41177414846,218280.5898794158,0.052779742900094045
239,w99759083,341.51128259450195,trade,45059.565495100775,50066.1838834453,56324.45686887597,nr1,-226507.23651202468,-37810.12289677074,188697.11361525394,0.05733434000314785
240,w99759085,319.12387123871594,other,63311.391095623374,70345.9901062482,79139.23886952922,nr2,-292974.20931779384,-48905.24042617929,244068.96889161455,0.052779742900094045
241,w99759087,592.8829183824361,other,172965.5863999473,192183.9848888303,216206.98299993412,nr2,-800400.2919186555,-133608.24082302087,666792.0510956347,0.052779742900094045
242,w99759088,334.1662621571682,ab,88658.67471107052,98509.63856785613,110823.34338883814,r2,-439008.72359912324,-73278.83479588924,365729.888803234,0.052779742900094045
243,w99759091,80.87078364617192,sfh,11524.131641001168,12804.590712223518,14405.164551251459,r1,-61990.4803451611,-10347.380186182596,51643.1001589785,0.05733662772353671
244,w99759093,176.2003906674683,sfh,54665.253714504965,60739.1707938944,68331.56714313121,r2,-270684.43484673963,-45182.33674341612,225502.09810332351,0.052779742900094045
245,w99759094,339.69808716569094,other,127766.57717581006,141962.86352867784,159708.22146976256,nr2,-591241.3434225027,-98694.01172650792,492547.3316959948,0.052779742900094045
246,w99759096,246.47077107857913,mfh,47013.13833967629,52236.8203774181,58766.42292459536,r1,-252892.5492174312,-42212.53551247754,210680.01370495366,0.05733662772353671
247,w99759099,50.23060751573648,th,24989.00373869263,27765.55970965848,31236.254673365787,r1,-134420.5701015409,-22437.328053268175,111983.24204827275,0.05733662772353671
248,w99759102,1460.464218017459,other,404928.3339724756,449920.3710805284,506160.4174655945,nr2,-1873810.6432818305,-312789.17088373844,1561021.472398092,0.052779742900094045
249,w99759105,189.26809048298745,mfh,53255.998957558084,59173.332175064534,66569.9986969476,r2,-263706.2667871624,-44017.5488999685,219688.7178871939,0.052779742900094045
250,w99759110,35.61810292806477,th,21502.86142041705,23892.068244907834,26878.576775521313,r1,-115667.95223898391,-19307.162495110464,96360.78974387345,0.05733662772353671
251,w99759111,238.72463138289748,th,34535.9950545772,38373.327838419114,43169.9938182215,r1,-185775.6392693686,-31009.457551353225,154766.18171801537,0.05733662772353671
252,w99759113,635.4707306571305,th,212224.98925564316,235805.54361738128,265281.2365695539,r2,-1050868.6482465984,-175409.7946749678,875458.8535716307,0.052779742900094045
253,w99759120,160.90588292758912,th,23237.39167444857,25819.324082720632,29046.73959306071,r1,-124998.31802880812,-20864.576497484773,104133.74153132335,0.05733662772353671
254,w99759121,33.129497365746644,ab,17191.860563128615,19102.06729236513,21489.825703910767,r1,-92478.26452655732,-15436.366304739351,77041.89822181797,0.05733662772353671
255,w99759126,310.54387535755524,ab,74661.4219255084,82957.13547278711,93326.77740688549,r2,-369698.9115665212,-61709.72012310435,307989.1914434169,0.052779742900094045
256,w99759127,85.13879598667843,other,32860.8525520517,36512.05839116855,41076.06569006462,nr1,-165186.2555532993,-27574.009199463508,137612.2463538358,0.05733434000314785
257,w99759131,184.6887545518577,ab,66274.46957377039,73638.29952641155,82843.08696721298,r2,-328169.47004461434,-54777.67317082499,273391.79687378934,0.052779742900094045
258,w99759132,153.35469039995223,ab,44301.10147182197,49223.44607980218,55376.376839777455,r1,-238303.9907568589,-39777.42999434979,198526.56076250912,0.05733662772353671
259,w99759137,162.2998407471925,mfh,26131.587467902093,29035.09718655788,32664.484334877616,r1,-140566.7437495631,-23463.240339675336,117103.50340988775,0.05733662772353671
260,w99759138,557.9003615580499,mfh,114243.39084343535,126937.10093715039,142804.2385542942,r2,-565695.8595113059,-94425.30684583948,471270.55266546644,0.052779742900094045
261,w99759140,160.4533356629312,ab,54087.72543979606,60097.4727108845,67609.65679974506,r2,-267824.70395691285,-44704.99372909443,223119.71022781843,0.052779742900094045
262,w99759142,128.98004897348582,sfh,50447.45984022519,56052.73315580576,63059.32480028148,r2,-249799.3008067137,-41696.21402024543,208103.08678646828,0.052779742900094045
263,w99759148,518.2482564277947,ab,122067.53269869335,135630.59188743704,152584.41587336667,r2,-604438.4477614593,-100892.17543257985,503546.27232887945,0.052779742900094045
264,w99759152,155.39786574579776,ab,44876.1750923536,49862.41676928178,56095.218865442,r1,-241397.42036015782,-40293.78173104067,201103.63862911717,0.05733662772353671
265,w99759159,71.9146042395383,sfh,34070.300398334104,37855.889331482336,42587.87549791763,r1,-183270.5797703974,-30591.31588055899,152679.26388983842,0.05733662772353671
266,w99759161,242.4930030848831,mfh,71934.50220725962,79927.2246747329,89918.12775907452,r2,-356196.09812195937,-59455.84592312995,296740.25219882943,0.052779742900094045
267,w99759162,714.1891373082996,mfh,155025.33407488256,172250.37119431395,193781.6675936032,r2,-767634.6872940988,-128132.70536551751,639501.9819285813,0.052779742900094045
268,w99759164,595.7694656141102,mfh,71961.73720566227,79957.48578406918,89952.17150707783,r2,-356330.95691524656,-59478.35639889691,296852.60051634966,0.052779742900094045
269,w99759165,160.50856082765387,mfh,63770.821559896285,70856.46839988476,79713.52694987036,r2,-315772.2249640368,-52708.33917960948,263063.8857844273,0.052779742900094045
270,w99759170,93.69908212199807,sfh,47013.36803003878,52237.07558893198,58766.71003754847,r1,-252893.7847652663,-42212.74174871119,210681.0430165551,0.05733662772353671
271,w99759172,204.59550149962305,other,61730.81695510983,68589.7966167887,77163.52119388728,nr2,-285660.08383308124,-47684.31703442396,237975.76679865728,0.052779742900094045
272,w99759176,41.50382452430203,sfh,14493.422515544977,16103.802795049975,18116.77814443122,r1,-77962.85668825911,-13013.471004943689,64949.38568331542,0.05733662772353671
273,w99759177,360.73507672324774,ab,106008.57950246714,117787.31055829681,132510.72437808392,r2,-524919.7704522324,-87619.00862632893,437300.76182590355,0.052779742900094045
274,w99759180,347.1465133147314,education,74374.97687321722,82638.86319246358,92968.72109152153,nr2,-344171.0830449013,-57451.36953605266,286719.7135088487,0.052779742900094045
275,w99759183,128.67689446713774,sfh,42546.20900035321,47273.56555594801,53182.76125044151,r1,-228864.0927541835,-38201.733000091976,190662.35975409154,0.05733662772353671
276,w99759189,171.2441471248865,ab,57837.994960024385,64264.43884447154,72297.49370003048,r2,-286394.81049858604,-47804.694705997885,238590.11579258816,0.052779742900094045
277,w99759190,369.99921465907244,other,75198.04717388457,83553.38574876063,93997.5589673557,nr2,-347979.850572798,-58087.154822794946,289892.69575000304,0.052779742900094045
278,w99759195,184.4751641433686,sfh,51261.17835256776,56956.864836186396,64076.4729407097,r2,-253828.56840671634,-42368.77476662056,211459.79364009577,0.052779742900094045
279,w155463247,886.8482149265707,mfh,186269.900882997,206966.55653666332,232837.37610374624,r2,-922347.5502884868,-153957.19977469288,768390.3505137939,0.052779742900094045
280,w155463249,403.549402025342,trade,87242.84372721925,96936.49303024361,109053.55465902406,nr2,-403717.2887421333,-67391.22571954025,336326.06302259304,0.052779742900094045
281,w155463253,721.7602650925515,mfh,85711.09171490726,95234.54634989696,107138.86464363408,r2,-424413.25786421157,-70842.57632341683,353570.6815407947,0.052779742900094045
282,w155463254,852.2730644002556,mfh,87014.59305688317,96682.88117431464,108768.24132110395,r2,-430867.76964453637,-71919.95605874629,358947.8135857901,0.052779742900094045
283,w155463255,713.9319995328784,mfh,71073.4939418158,78970.54882423978,88841.86742726975,r2,-351932.667150849,-58744.19889426372,293188.4682565853,0.052779742900094045
284,w155463260,725.1058137452229,mfh,121068.10069432911,134520.1118825879,151335.12586791138,r2,-599489.587765639,-100066.1173736679,499423.47039197106,0.052779742900094045
285,w155463261,1003.1358517257496,mfh,156542.2147043533,173935.7941159481,195677.76838044162,r2,-775145.7834295462,-129386.44895478629,645759.3344747599,0.052779742900094045
286,w155463268,907.8277638942003,mfh,159567.24377622348,177296.93752913718,199459.05472027932,r2,-790124.7367696429,-131886.71874037397,658238.018029269,0.052779742900094045
287,w155463269,646.430608794326,mfh,131879.48496798522,146532.76107553914,164849.35620998152,r2,-653024.0222221103,-109002.02403690157,544021.9981852088,0.052779742900094045
288,w155463275,531.2511221051216,mfh,123394.95860740752,137105.50956378612,154243.6982592594,r2,-611011.4261615552,-101989.32948079283,509022.09668076236,0.052779742900094045
289,w155463277,722.3371928531676,mfh,151532.00259406594,168368.89177118437,189415.0032425824,r2,-750336.8537826034,-125245.37074987749,625091.4830327259,0.052779742900094045
290,w155463281,852.691491766274,mfh,129551.36276085915,143945.95862317682,161939.20345107393,r2,-641495.9234560954,-107077.76695594918,534418.1565001463,0.052779742900094045
291,w155463286,75.58565192222595,sfh,21335.71807363871,23706.35341515412,26669.647592048386,r1,-114768.85661286114,-19157.086479963848,95611.77013289729,0.05733662772353671
292,w155463289,870.3151384696364,mfh,189460.16018468578,210511.2890940953,236825.2002308572,r2,-938144.6696177446,-156594.036892847,781550.6327248976,0.052779742900094045
293,w155463294,520.8021583877504,mfh,73954.39748668816,82171.55276298684,92442.9968583602,r2,-366197.9580788745,-61125.34496502978,305072.6131138447,0.052779742900094045
294,w155463296,531.2875348292291,mfh,149851.71086067607,166501.90095630675,187314.63857584508,r2,-742016.5993737301,-123856.56338566593,618160.0359880642,0.052779742900094045
295,w155463300,903.6974393147975,mfh,145780.16516082495,161977.9612898055,182225.20645103118,r2,-721855.6384007375,-120491.31880383994,601364.3195968976,0.052779742900094045
296,w155463302,619.062746527791,mfh,162906.195564221,181006.88396024556,203632.74445527626,r2,-806658.1325979112,-134646.4542909163,672011.6783069948,0.052779742900094045
297,w155463304,1087.9011799693108,mfh,132782.97083749846,147536.6342638872,165978.71354687307,r2,-657497.7883781851,-109748.77997463966,547749.0084035455,0.052779742900094045
298,w155463308,740.3594694465398,mfh,147385.4815572954,163761.64617477267,184231.85194661922,r2,-729804.6394937941,-121818.15698854606,607986.482505248,0.052779742900094045
299,w155463310,722.3160033598542,mfh,78437.63363840502,87152.92626489447,98047.04204800627,r2,-388397.4753508477,-64830.86303625352,323566.6123145942,0.052779742900094045
300,w155463313,774.0583199881017,mfh,118627.44188251636,131808.2687583515,148284.30235314544,r2,-587404.24458623,-98048.84569160402,489355.398894626,0.052779742900094045
301,w155463314,1101.9502923069522,mfh,201931.4964824973,224368.329424997,252414.37060312164,r2,-999898.6429037224,-166901.93959080146,832996.7033129209,0.052779742900094045
302,w155463317,740.3064833164215,mfh,143289.21159194486,159210.23510216095,179111.51448993105,r2,-709521.2520546467,-118432.47712080038,591088.7749338463,0.052779742900094045
303,w155463319,828.4481069911271,mfh,145828.4042201316,162031.56024459066,182285.5052751645,r2,-722094.5024252997,-120531.1897140375,601563.3127112623,0.052779742900094045
304,w155463321,781.2118542082608,mfh,143438.5743173969,159376.19368599655,179298.21789674612,r2,-710260.8473584079,-118555.92952428751,591704.9178341205,0.052779742900094045
305,w155463324,722.1055689860135,mfh,160134.95033012077,177927.7225890231,200168.68791265096,r2,-792935.8337143868,-132355.94383212226,660579.8898822645,0.052779742900094045
306,w155463327,780.4636536210775,mfh,144237.2233375608,160263.58148617868,180296.529171951,r2,-714215.4957680358,-119216.0349206203,594999.4608474155,0.052779742900094045
307,w155463330,867.026127423346,mfh,92798.36038612344,103109.28931791494,115997.9504826543,r2,-459507.0914151225,-76700.39894263183,382806.69247249066,0.052779742900094045
308,w155463331,701.7002469789237,mfh,161247.17579186105,179163.5286576234,201558.9697398263,r2,-798443.2099740057,-133275.2287879628,665167.9811860429,0.052779742900094045
309,w155463336,356.26551316827533,mfh,82538.53583434132,91709.48426037925,103173.16979292665,r2,-408703.80007891223,-68220.37157007091,340483.4285088413,0.052779742900094045
310,w155463337,437.0872274041176,trade,59172.9222938284,65747.69143758711,73966.15286728549,nr2,-273823.39610692987,-45708.45690514848,228114.93920178138,0.052779742900094045
311,w155463339,868.4495440013707,mfh,96284.55889755068,106982.84321950076,120355.69862193835,r2,-476769.6047980768,-79581.83796275123,397187.7668353256,0.052779742900094045
312,w155463342,722.9579402044416,mfh,125130.04950329757,139033.3883369973,156412.56187912196,r2,-619603.0280777302,-103423.42986104476,516179.59821668547,0.052779742900094045
313,w155463343,844.8904670208692,mfh,182362.7691744811,202625.29908275677,227953.46146810136,r2,-903000.7135589835,-150727.84788186153,752272.865677122,0.052779742900094045
314,w155463347,1083.6851687338203,mfh,195710.88465394767,217456.5385043863,244638.60581743458,r2,-969096.2102285565,-161760.43270499274,807335.7775235638,0.052779742900094045
315,w155463348,740.608741542697,mfh,144820.76491530155,160911.9610170017,181025.95614412692,r2,-717105.002565265,-119698.34809540154,597406.6544698635,0.052779742900094045
316,w155463352,356.4181080274284,mfh,38492.77211566138,42769.74679517931,48115.965144576716,r1,-207059.8902894319,-34562.200425040784,172497.6898643911,0.05733662772353671
317,w155463353,722.1394314199686,mfh,96023.96050529758,106693.28945033065,120029.95063162198,r2,-475479.2068993054,-79366.44621912068,396112.7606801847,0.052779742900094045
318,w155463354,696.3946817303076,mfh,187294.1777654443,208104.64196160476,234117.72220680537,r2,-927419.4339844782,-154803.79280914454,772615.6411753336,0.052779742900094045
319,w155463358,865.4375973489136,mfh,190927.28764734967,212141.4307192774,238659.10955918708,r2,-945409.4043641222,-157806.65812039666,787602.7462437255,0.052779742900094045
320,w155463359,1101.9756921548396,mfh,200634.12279915024,222926.80311016692,250792.65349893778,r2,-993474.4732822678,-165829.6245339799,827644.8487482879,0.052779742900094045
321,w155463364,740.593882034719,mfh,143564.7779021287,159516.4198912541,179455.97237766086,r2,-710885.7661813803,-118660.24026056174,592225.5259208186,0.052779742900094045
322,w155463365,603.6562003400177,mfh,105728.02317289257,117475.58130321397,132160.0289661157,r2,-523530.5473835865,-87387.12109820113,436143.4262853854,0.052779742900094045
323,w155463369,722.4004129424691,mfh,174449.9518470026,193833.2798300029,218062.43980875326,r2,-863819.0334094652,-144187.68657672146,719631.3468327437,0.052779742900094045
324,w155463370,696.1379145577084,mfh,133103.75935795248,147893.06595328054,166379.69919744058,r2,-659086.2280809974,-110013.9205158374,549072.30756516,0.052779742900094045
325,w155463373,865.3327697202564,mfh,171854.26793553864,190949.18659504293,214817.83491942327,r2,-850966.0567035514,-142042.28238304963,708923.7743205018,0.052779742900094045
326,w155463376,746.0008564919234,mfh,156453.43080105938,173837.14533451042,195566.78850132422,r2,-774706.1546150141,-129313.06661512001,645393.087999894,0.052779742900094045
327,w155463378,701.7079005709849,mfh,149021.482669433,165579.42518825887,186276.85333679125,r2,-737905.5812503324,-123170.35693528465,614735.2243150477,0.052779742900094045
328,w155463380,903.4881653226912,mfh,140684.60308128386,156316.22564587096,175855.75385160482,r2,-696624.0836560996,-116279.69650026104,580344.3871558385,0.052779742900094045
329,w155463382,654.6620004437864,mfh,150368.7714173962,167076.41268599578,187960.96427174524,r2,-744576.9139257907,-124283.92816682065,620292.98575897,0.052779742900094045
330,w155463388,654.8312545590103,mfh,81045.45395849762,90050.50439833068,101306.81744812202,r2,-401310.5475779103,-66986.2983056865,334324.2492722238,0.052779742900094045
331,w155463390,658.415929133445,mfh,127909.41103823822,142121.5678202647,159886.76379779776,r2,-633365.5162251245,-105720.64866586788,527644.8675592566,0.052779742900094045
332,w155463392,746.3197361536323,mfh,126699.30992433419,140777.01102703798,158374.1374054177,r2,-627373.4917878975,-104720.46678968848,522653.0249982091,0.052779742900094045
333,w155463395,740.6091377854347,mfh,81203.21252281987,90225.79169202207,101504.01565352484,r2,-402091.7163263227,-67116.690101078,334975.0262252447,0.052779742900094045
334,w155463397,721.9107812985777,mfh,108201.45876259069,120223.8430695452,135251.82345323835,r2,-535778.1904334822,-89431.48368930051,446346.7067441817,0.052779742900094045
335,w155463400,957.7393607803388,mfh,132263.3739372203,146959.30437468924,165329.2174215254,r2,-654924.9146834165,-109319.3188357266,545605.5958476899,0.052779742900094045
336,w155463402,519.368776667118,mfh,124641.24892632537,138490.27658480595,155801.5611579067,r2,-617182.6476909219,-103019.42273094936,514163.22495997255,0.052779742900094045
337,w155463405,658.592996231094,mfh,123848.16417723722,137609.07130804137,154810.20522154652,r2,-613255.5517294973,-102363.91635780579,510891.6353716915,0.052779742900094045
338,w155463406,932.8967588515952,mfh,161116.41015993198,179018.23351103553,201395.51269991498,r2,-797795.7013872727,-133167.1473941191,664628.5539931536,0.052779742900094045
339,w155463408,740.3845857441426,mfh,81123.65596148898,90137.39551276554,101404.56995186122,r2,-401697.7782874604,-67050.93441350774,334646.84387395263,0.052779742900094045
340,w155463411,886.3585438661277,mfh,157728.79737860002,175254.21930955557,197160.99672325002,r2,-781021.3522553097,-130367.19219329233,650654.1600620174,0.052779742900094045
341,w155463413,436.59599217027426,trade,59864.86027475999,66516.51141639998,74831.07534344998,nr2,-277025.3472779948,-46242.94829337835,230782.39898461645,0.052779742900094045
342,w155463416,722.4005093876273,mfh,103424.16434320562,114915.73815911735,129280.20542900701,r2,-512122.59291698155,-85482.91836650162,426639.6745504799,0.052779742900094045
343,w155463417,828.3400002270937,mfh,134317.1610003945,149241.2900004383,167896.45125049312,r2,-665094.595654701,-111016.83036969365,554077.7652850073,0.052779742900094045
344,w155463421,509.4774500131606,mfh,62634.51134401355,69593.90149334838,78293.13918001692,r2,-310145.5888890782,-51769.14751158701,258376.44137749117,0.052779742900094045
345,w155463422,674.0859733853489,mfh,126316.10423077179,140351.22692307975,157895.13028846472,r2,-625475.982683966,-104403.73673701267,521072.24594695336,0.052779742900094045
346,w155463424,701.7858467099256,mfh,151693.48439581433,168548.31599534926,189616.8554947679,r2,-751136.4587834798,-125378.83990347612,625757.6188800037,0.052779742900094045
347,w155463427,540.3469697440042,mfh,91584.2108942519,101760.23432694655,114480.26361781487,r2,-453495.0207359463,-75696.87097063905,377798.14976530726,0.052779742900094045
348,w155463430,521.3457492198795,mfh,65819.9805171453,73133.31168571701,82274.97564643163,r2,-325918.9890703728,-54402.02545665033,271516.9636137225,0.052779742900094045
349,w155463434,634.5610695700626,mfh,121424.36431178215,134915.9603464246,151780.45538972766,r2,-601253.6885315548,-100360.57905891423,500893.10947264056,0.052779742900094045
350,w155463435,740.6094772338867,mfh,133111.18185755896,147901.3131750655,166388.97732194868,r2,-659122.9818683597,-110020.05541605115,549102.9264523085,0.052779742900094045
351,w155463436,830.3215000247583,mfh,147370.27277477682,163744.7475275298,184212.84096847102,r2,-729729.3305832702,-121805.58651120412,607923.744072066,0.052779742900094045
352,w155463437,634.6341266736388,mfh,122154.47621327543,135727.19579252825,152693.09526659426,r2,-604868.9635737729,-100964.03664032287,503904.92693345004,0.052779742900094045
353,w155463439,740.3900625675916,mfh,190314.9551668896,211461.06129654398,237893.69395861198,r2,-942377.3344449503,-157300.54847210762,785076.7859728427,0.052779742900094045
354,w155463441,304.4361848443746,mfh,36817.49098632539,40908.32331813932,46021.863732906735,r1,-198048.23673011,-33057.985504213066,164990.25122589694,0.05733662772353671
355,w155463442,681.7836883433163,mfh,140478.59578651958,156087.3286516884,175598.24473314948,r2,-695604.0029948298,-116109.42580121239,579494.5771936174,0.052779742900094045
356,w155463445,701.5969566701912,mfh,129101.85554045986,143446.50615606652,161377.31942557482,r2,-639270.1109034132,-106706.2368665299,532563.8740368832,0.052779742900094045
357,w155463446,527.3302180506289,mfh,100434.10414036695,111593.44904485217,125542.63017545869,r2,-497316.7939648703,-83011.55131361447,414305.2426512558,0.052779742900094045
358,w155463447,540.1562461696565,mfh,128549.57621013428,142832.86245570474,160686.97026266783,r2,-636535.4045177543,-106249.76279966613,530285.6417180882,0.052779742900094045
359,w155463448,488.2503870327026,mfh,106011.60874297086,117790.67638107872,132514.51092871357,r2,-524934.7702592039,-87621.51237697886,437313.257882225,0.052779742900094045
360,w155463452,416.2699146196246,mfh,40700.76121869014,45223.06802076682,50875.95152336267,r1,-218937.08063726305,-36544.727474167936,182392.3531630951,0.05733662772353671
361,w155463453,826.68092449978,mfh,157513.59483929275,175015.10537699194,196891.99354911593,r2,-779955.7397542829,-130189.32137154878,649766.4183827341,0.052779742900094045
362,w155463454,830.106713430956,mfh,128563.67585865571,142848.52873183967,160704.59482331964,r2,-636605.2213599387,-106261.41654723285,530343.8048127058,0.052779742900094045
363,w155463458,653.3753796381876,mfh,110066.935375623,122296.59486180333,137583.66921952873,r2,-545015.419722779,-90973.35145336852,454042.0682694104,0.052779742900094045
364,w155463459,716.456727950275,mfh,159939.53149426932,177710.59054918814,199924.41436783664,r2,-791968.1836341893,-132194.42478579056,659773.7588483987,0.052779742900094045
365,w155463463,389.00259175430983,mfh,37000.96483362116,41112.18314846796,46251.206042026446,r1,-199035.17720241196,-33222.72448076523,165812.45272164672,0.05733662772353671
366,w155463464,681.5525098629297,mfh,147409.13455167686,163787.92727964095,184261.41818959606,r2,-729921.7613761878,-121837.70683940226,608084.0545367855,0.052779742900094045
367,w155463468,854.9059582386632,mfh,161158.33487353215,179064.81652614684,201447.91859191516,r2,-798003.2988396916,-133201.7993238009,664801.4995158906,0.052779742900094045
368,w155463469,716.6904537379742,mfh,100679.18201464991,111865.75779405545,125848.97751831239,r2,-498530.33934124745,-83214.11492197245,415316.224419275,0.052779742900094045
369,w155463470,608.2978411447257,mfh,64367.74654988399,71519.71838875998,80459.68318735498,r2,-318728.00203596946,-53201.71411296369,265526.28792300576,0.052779742900094045
370,w155463473,376.1376306014136,mfh,43550.29606288637,48389.217847651526,54437.870078607964,r1,-234265.26667806844,-39103.290783334676,195161.97589473377,0.05733662772353671
371,w155463474,720.4433401308954,mfh,113607.86032097694,126230.95591219659,142009.82540122117,r2,-562548.9204849558,-93900.02337736057,468648.8971075952,0.052779742900094045
372,w155463478,851.8925360153429,mfh,87684.85616685112,97427.61796316791,109606.0702085639,r2,-434186.693070152,-72473.94696674467,361712.74610340735,0.052779742900094045
373,w155463479,376.5337288361043,mfh,73343.18571827096,81492.42857585663,91678.9821478387,r2,-363171.43755873316,-60620.161616089485,302551.2759426437,0.052779742900094045
374,w155463480,664.0854127705097,mfh,73172.86575571459,81303.18417301621,91466.08219464324,r2,-362328.0688798193,-60479.3874793309,301848.6814004884,0.052779742900094045
375,w155463484,531.1159037780716,mfh,68085.21955592721,75650.24395103024,85106.52444490901,r2,-337135.71097946266,-56274.307868236734,280861.4031112259,0.052779742900094045
376,w155463485,716.6882258921862,mfh,156635.6177374834,174039.57526387044,195794.52217185425,r2,-775608.2846623737,-129463.64913239419,646144.6355299795,0.052779742900094045
377,w155463490,790.5601109853014,mfh,123664.69792456762,137405.21991618624,154580.87240570952,r2,-612347.0869270345,-102212.27645044409,510134.8104765905,0.052779742900094045
378,w155463491,681.5525530032813,mfh,145223.38843852136,161359.32048724595,181529.2355481517,r2,-719098.6624027906,-120031.12751872491,599067.5348840657,0.052779742900094045
379,w155463494,531.001435648324,mfh,121396.79106492685,134885.32340547428,151745.98883115855,r2,-601117.1548426981,-100337.78901149158,500779.36583120655,0.052779742900094045
380,w155463495,716.4590312853455,mfh,194715.2919888105,216350.32443201166,243394.1149860131,r2,-964166.3613832978,-160937.54796562184,803228.813417676,0.052779742900094045
381,w155463496,611.941689690575,mfh,117319.52164410007,130355.02404900007,146649.40205512507,r2,-580927.8518778142,-96967.81361674555,483960.03826106864,0.052779742900094045
382,w155463500,1108.025532820262,mfh,189211.96397521914,210235.51552802126,236514.9549690239,r2,-936915.683266717,-156388.89589463398,780526.787372083,0.052779742900094045
383,w155463502,540.1563036605716,mfh,128339.86474938868,142599.84972154297,160424.83093673585,r2,-635496.9820395695,-106076.43050548443,529420.5515340851,0.052779742900094045
384,w155463507,1267.198863344267,mfh,243694.52630388393,270771.69589320436,304618.1578798549,r2,-1206695.490197783,-201420.23317944957,1005275.2570183335,0.052779742900094045
385,w155463508,530.6506136165466,mfh,129287.7332827833,143653.03698087033,161609.66660347913,r2,-640190.5166129372,-106859.86993646176,533330.6466764754,0.052779742900094045
386,w155463511,1747.3368958860635,mfh,363833.3623965188,404259.2915516876,454791.7029956485,r2,-1801583.6639674979,-300718.28778372536,1500865.3761837725,0.052779742900094045
387,w155463513,612.2091895099729,mfh,81863.33408033723,90959.26008926358,102329.16760042153,r2,-405360.42210531596,-67662.29873685066,337698.1233684653,0.052779742900094045
388,w155463514,830.106801855378,mfh,139422.1532182098,154913.50357578867,174277.69152276224,r2,-690372.845355931,-115236.2469421013,575136.5984138297,0.052779742900094045
389,w155463518,691.345141955465,mfh,147043.30734450815,163381.45260500905,183804.13418063518,r2,-728110.3048458442,-121535.34058403784,606574.9642618063,0.052779742900094045
390,w155463519,507.32179623667616,mfh,120511.05663182377,133901.17403535973,150638.8207897797,r2,-596731.2879865604,-99605.70512451816,497125.58286204224,0.052779742900094045
391,w155463522,1139.1653657640795,mfh,129564.6746402093,143960.74960023255,161955.84330026162,r2,-641561.839523319,-107088.76959061409,534473.0699327049,0.052779742900094045
392,w155463523,446.09937440417707,mfh,52022.345619720814,57802.60624413424,65027.93202465102,r2,-257597.61944980136,-42997.90046248193,214599.71898731944,0.052779742900094045
393,w155463528,681.6119319483638,mfh,145299.12111785548,161443.46790872831,181623.90139731934,r2,-719473.6658302337,-120093.72266258037,599379.9431676534,0.052779742900094045
394,w155463529,691.3949336603283,mfh,83645.16797269836,92939.0755252204,104556.45996587294,r2,-414183.4800328156,-69135.03349019053,345048.4465426251,0.052779742900094045
395,w155463531,507.3216828555101,mfh,113942.75365584018,126603.0596176002,142428.44206980022,r2,-564207.2026097369,-94176.82193587348,470030.38067386346,0.052779742900094045
396,w155463534,640.8467616457492,mfh,122260.31843807886,135844.79826453206,152825.39804759857,r2,-605393.0596102327,-101051.51815221188,504341.5414580208,0.052779742900094045
397,w155463535,684.7868416263722,mfh,116742.79895402241,129714.2210600249,145928.498692528,r2,-578072.1099792718,-96491.13644029366,481580.97353897814,0.052779742900094045
398,w155463536,691.6131192699074,mfh,136389.13351476841,151543.481683076,170486.4168934605,r2,-675354.3250250318,-112729.37267959434,562624.9523454375,0.052779742900094045
399,w155463537,507.3215693686623,mfh,116962.91242618492,129958.79158464991,146203.64053273114,r2,-579162.0398115859,-96673.06628320538,482488.9735283805,0.052779742900094045
400,w155463538,643.413233704865,mfh,67471.69315381986,74968.54794868872,84339.61644227481,r2,-334097.7291512741,-55767.211410845994,278330.5177404281,0.052779742900094045
401,w155463539,710.019569536671,mfh,142524.36317914963,158360.40353238847,178155.45397393702,r2,-705733.9731838278,-117800.30885674985,587933.664327078,0.052779742900094045
402,w155463540,840.6794232809916,mfh,134223.12657489546,149136.8073054394,167778.90821861933,r2,-664628.9679736283,-110939.10832891506,553689.8596447132,0.052779742900094045
403,w155463541,696.2558067506179,mfh,141763.63774080755,157515.15304534172,177204.54717600942,r2,-701967.1099323266,-117171.5483445612,584795.5615877653,0.052779742900094045
404,w155463542,640.557884996757,mfh,65685.4859572708,72983.87328585643,82106.85744658849,r2,-325253.0160535872,-54290.86200122864,270962.1540523586,0.052779742900094045
405,w155463543,587.0278481058776,mfh,137426.15151832922,152695.72390925468,171782.6893979115,r2,-680489.2985803683,-113586.49660131935,566902.8019790489,0.052779742900094045
406,w155463544,825.5248426020145,mfh,98226.61890138821,109140.68766820912,122783.27362673526,r2,-486386.04995943396,-81187.00400711963,405199.04595231434,0.052779742900094045
407,w155463545,709.4769112125038,mfh,121865.120671904,135405.68963544889,152331.40083988,r2,-603436.169689838,-100724.87632146482,502711.2933683731,0.052779742900094045
408,w155463546,647.0489746004342,mfh,129916.9711354388,144352.19015048756,162396.2139192985,r2,-643306.2963991204,-107379.95234015583,535926.3440589645,0.052779742900094045
409,w155463547,586.4484846569597,mfh,65038.9578364076,72265.50870711956,81298.6972955095,r2,-322051.6205213839,-53756.48871498196,268295.13180640194,0.052779742900094045
410,w155463548,500.40091222245246,mfh,58521.66054916764,65024.06727685293,73152.07568645955,r2,-289780.09861209034,-48369.763131910266,241410.33548018007,0.052779742900094045
411,w155463549,672.5395986035466,mfh,150879.72380106986,167644.1375567443,188599.6547513373,r2,-747106.982805204,-124706.24437483762,622400.7384303664,0.052779742900094045
412,w155463551,586.1050742082298,mfh,118233.46909210505,131370.52121345006,147791.8363651313,r2,-585453.4203446667,-97723.21633704045,487730.2040076263,0.052779742900094045
413,w155463552,667.035758360289,mfh,140953.13018079853,156614.58908977613,176191.41272599815,r2,-697953.7419167703,-116501.64153866455,581452.1003781058,0.052779742900094045
414,w155463553,817.6307530952618,mfh,145465.79989078068,161628.66654531186,181832.24986347582,r2,-720299.0045304954,-120231.48725589257,600067.5172746028,0.052779742900094045
415,w155463556,732.9133296664804,mfh,111950.57145246182,124389.52383606869,139938.21431557726,r2,-554342.5687300607,-92530.22851407439,461812.3402159863,0.052779742900094045
416,w155463558,710.1379440590739,mfh,170426.45641544508,189362.72935049454,213033.07051930635,r2,-843896.0016297626,-140862.15686412467,703033.8447656379,0.052779742900094045
417,w155463561,654.0662793286144,mfh,66767.48224207119,74186.09138007909,83459.35280258898,r2,-330610.7073283238,-55185.16171033259,275425.5456179912,0.052779742900094045
418,w155463562,586.3292756803334,mfh,121242.91613734883,134714.35126372092,151553.64517168602,r2,-600355.2165916462,-100210.60714875828,500144.60944288794,0.052779742900094045
419,w155463566,653.8032613813876,mfh,132855.68745823152,147617.43050914613,166069.6093227894,r2,-657857.857271122,-109808.88226305056,548048.9750080715,0.052779742900094045
420,w155463567,133.41999841853976,sfh,64165.75550151626,71295.28389057361,80207.19437689532,r2,-317727.80851163185,-53034.762952100704,264693.04555953114,0.052779742900094045
421,w155463569,886.7166110530495,mfh,185351.85354723278,205946.50394136974,231689.81693404095,r2,-917801.6805200645,-153198.40838432408,764603.2721357405,0.052779742900094045
422,w155463572,311.3570919752121,mfh,35890.06917924034,39877.854643600374,44862.58647405042,r1,-193059.45969295487,-32225.264538346702,160834.19515460817,0.05733662772353671
423,w155463574,863.4385226266459,mfh,143979.5524771122,159977.28053012467,179974.44059639025,r2,-712939.5940480644,-119003.06286260045,593936.531185464,0.052779742900094045
424,w155463577,931.9227139726281,mfh,104741.59050899002,116379.54500998891,130926.98813623752,r2,-518646.0558647632,-86571.80735196086,432074.24851280235,0.052779742900094045
425,w155463578,931.2066993936896,mfh,190645.967927451,211828.85325272335,238307.45990931377,r2,-944016.4012365832,-157574.13962915525,786442.261607428,0.052779742900094045
426,w155463581,136.57608463019133,sfh,46033.7954308567,51148.661589840776,57542.24428857087,r1,-247624.47876912451,-41333.19520937441,206291.2835597501,0.05733662772353671
427,w155463583,949.1963916398585,mfh,203597.78521864722,226219.76135405246,254497.23152330902,r2,-1008149.559055906,-168279.17309239059,839870.3859635154,0.052779742900094045
428,w155463586,949.1754787907004,mfh,101711.11223859426,113012.34693177139,127138.89029824281,r2,-503640.11987804814,-84067.03365381378,419573.0862242344,0.052779742900094045
429,w155463589,722.9646147996187,mfh,79863.38270239974,88737.09189155528,99829.22837799968,r2,-395457.3178174396,-66009.28387844797,329448.03393899166,0.052779742900094045
430,w155463591,591.1442194825038,mfh,190912.6672966541,212125.18588517123,238640.83412081763,r2,-945337.0091752886,-157794.57399815175,787542.4351771369,0.052779742900094045
431,w155463593,535.6290349200369,mfh,124635.87387943457,138484.30431048284,155794.8423492932,r2,-617156.0322189165,-103014.98010675702,514141.05211215944,0.052779742900094045
432,w155463596,724.8313003255054,mfh,124750.0851810797,138611.20575675523,155937.6064763496,r2,-617721.5691832263,-103109.37889099728,514612.19029222906,0.052779742900094045
433,w155463597,752.1160736689344,mfh,96345.81377389302,107050.90419321446,120432.26721736627,r2,-477072.9188862346,-79632.46680396232,397440.45208227227,0.052779742900094045
434,w155463600,535.4490051213652,mfh,64489.169061256325,71654.6322902848,80611.4613265704,r2,-319329.24654935166,-53302.07316051715,266027.1733888345,0.052779742900094045
435,w155463601,907.8308945208788,mfh,178349.14469125378,198165.7163236153,222936.43086406722,r2,-883126.5594829153,-147410.47677973716,735716.0827031782,0.052779742900094045
436,w155463605,389.4215188790113,mfh,42998.73447932191,47776.37164369101,53748.41809915238,r1,-231298.31276169265,-38608.05022386996,192690.26253782268,0.05733662772353671
437,w155463606,690.2915003947913,mfh,150889.27825945674,167654.75362161858,188611.59782432092,r2,-747154.2933542818,-124714.14139766114,622440.1519566206,0.052779742900094045
438,w155463610,725.1058211326599,mfh,121676.56395498163,135196.1821722018,152095.70494372703,r2,-602502.4985753995,-100569.02900529369,501933.46957010584,0.052779742900094045
439,w155463611,1002.8680375270545,mfh,112403.2420384642,124892.49115384911,140504.05254808025,r2,-556584.0452332839,-92904.37321222975,463679.67202105414,0.052779742900094045
440,w155463612,535.6290688522159,mfh,63516.22491576578,70573.58323973975,79395.28114470722,r2,-314511.54575654125,-52497.90804598802,262013.63771055324,0.052779742900094045
441,w155463616,543.6235096465331,mfh,122018.55650405756,135576.1738933973,152523.19563007195,r2,-604195.9336841413,-100851.6952597446,503344.23842439667,0.052779742900094045
442,w155463618,752.1486698825844,mfh,105934.48935557003,117704.98817285558,132418.1116944625,r2,-524552.9003075277,-87557.77108073996,436995.1292267878,0.052779742900094045
443,w155463621,238.18491610530762,mfh,34948.383067365656,38831.5367415174,43685.47883420707,r1,-187993.95226662638,-31379.73582354552,156614.21644308086,0.05733662772353671
444,w155463623,73.76475410088896,mfh,22421.042859551795,24912.269843946437,28026.303574439742,r1,-120607.02359195826,-20131.586644937175,100475.43694702108,0.05733662772353671
445,w155463625,52.41574023310095,sfh,20553.391514291106,22837.10168254567,25691.73939286388,r1,-110560.57431346508,-18454.644804400476,92105.9295090646,0.05733662772353671
446,w155463626,98.3909645654261,mfh,25128.444148181297,27920.49349797922,31410.55518522662,r1,-135170.6463964849,-22562.529931834266,112608.11646465064,0.05733662772353671
447,w155463629,643.7923131911084,mfh,111830.1906569181,124255.76739657567,139787.73832114763,r2,-553746.482452325,-92430.73047332435,461315.7519790007,0.052779742900094045
448,w155463631,546.7249739198014,mfh,62732.02766693095,69702.25296325661,78415.03458366368,r2,-310628.45778592967,-51849.74743641394,258778.71034951572,0.052779742900094045
449,w155463632,612.4270064728335,mfh,67447.16411095476,74941.2934566164,84308.95513869345,r2,-333976.26936367404,-55746.937481806686,278229.3318818674,0.052779742900094045
450,w155463633,683.6260891854763,mfh,139780.5863489692,155311.76260996578,174725.73293621148,r2,-692147.6888412767,-115532.50178980669,576615.18705147,0.052779742900094045
451,w155463638,279.5906790524721,ab,74333.61459427596,82592.90510475107,92917.01824284495,r2,-368075.7170112251,-61438.77834161996,306636.9386696052,0.052779742900094045
452,w155463639,282.758548167441,other,56433.00137139599,62703.33485710666,70541.25171424498,nr2,-261144.3797095409,-43591.98956583679,217552.3901437041,0.052779742900094045
453,w155463640,56.80619836300611,sfh,27046.591334301986,30051.768149224426,33808.23916787748,r1,-145488.72233873524,-24284.81138488809,121203.91095384715,0.05733662772353671
454,w155463643,240.41873629689215,ab,75037.37822127706,83374.86469030785,93796.72277659632,r2,-371560.5240265804,-62020.4583489789,309540.0656776015,0.052779742900094045
455,w155463644,98.43792371228336,mfh,22355.05352604927,24838.948362276966,27943.816907561584,r1,-120252.05450544378,-20072.33561039032,100179.71889505346,0.05733662772353671
456,w155463645,98.39091195091605,mfh,20653.13311022937,22947.925678032632,25816.41638778671,r1,-111097.10319349,-18544.20159233909,92552.90160115091,0.05733662772353671
457,w155463647,97.66299930792302,mfh,20488.666846367254,22765.185384852502,25610.833557959068,r1,-110212.40810192117,-18396.52929797483,91815.87880394634,0.05733662772353671
458,w155463653,376.11661268314344,mfh,49110.00769747382,54566.67521941535,61387.50962184227,r1,-264172.00547150994,-44095.28946928696,220076.71600222297,0.05733662772353671
459,w155463654,482.5493668295443,mfh,128100.40169958616,142333.77966620683,160125.50212448268,r2,-634311.2394353003,-105878.507704096,528432.7317312043,0.052779742900094045
460,w155463656,73.78574474137277,mfh,31212.558598147167,34680.62066460796,39015.698247683955,r1,-167898.24696349417,-28025.38364361075,139872.8633198834,0.05733662772353671
461,w155463657,470.15250823192764,mfh,81792.30738490765,90880.34153878628,102240.38423113455,r2,-405008.7211690724,-67603.5932182148,337405.12795085757,0.052779742900094045
462,w155463660,49.947176152281465,mfh,13905.87916358521,15450.97684842801,17382.348954481513,r1,-74802.35004479042,-12485.92284530954,62316.42719948088,0.05733662772353671
463,w155463661,78.16354378722608,sfh,28288.13498176796,31431.261090853288,35360.168727209944,r1,-152167.22007491806,-25399.57860017775,126767.64147474032,0.05733662772353671
464,w155463663,104.99722011834383,sfh,34819.968665618944,38688.85407290994,43524.96083202368,r1,-187303.18694950754,-31264.43406566496,156038.75288384256,0.05733662772353671
465,w155463665,467.86907609552145,trade,91176.58615386307,101307.31794873675,113970.73269232883,nr2,-421920.7282363811,-70429.86719969842,351490.8610366827,0.052779742900094045
466,w155463667,587.3173447391018,mfh,146194.04394705163,162437.82660783513,182742.55493381454,r2,-723905.030614847,-120833.40101181639,603071.6296030306,0.052779742900094045
467,w155463669,557.4523567564785,mfh,140665.8284842114,156295.3649824571,175832.28560526425,r2,-696531.1179996228,-116264.1787790486,580266.9392205742,0.052779742900094045
468,w155463671,449.48969881236553,mfh,64400.332306606986,71555.92478511887,80500.41538325873,r2,-318889.35603221506,-53228.647137751,265660.7088944641,0.052779742900094045
469,w155576276,58.73152135126293,other,29597.66649141012,32886.2961015668,36997.08311426265,nr1,-148782.74059040312,-24835.8233196795,123946.91727072361,0.05733434000314785
470,w159548666,1258.4072781499474,other,172565.87823967956,191739.86471075506,215707.34779959943,nr2,-798550.6376907863,-133299.48400469928,665251.153686087,0.052779742900094045
471,w159548667,15669.025621107221,trade,1971364.4926983076,2190404.9918870083,2464205.615872884,nr2,-9122512.450455163,-1522791.5990256667,7599720.851429496,0.052779742900094045
472,w159548669,2256.2803165019486,trade,261494.21083095495,290549.1231455055,326867.76353869366,nr2,-1210067.5460387333,-201992.67508475124,1008074.8709539821,0.052779742900094045
473,w159548670,188.14899220019578,mfh,54902.009333985516,61002.23259331724,68627.51166748189,r2,-271856.77114267234,-45378.02177912699,226478.74936354536,0.052779742900094045
474,w159548671,318.3455893772654,other,44276.71471391971,49196.34968213301,55345.89339239964,nr1,-222571.97071222725,-37153.22166123825,185418.749050989,0.05733434000314785
475,w159548672,170.00981159284711,ab,55824.92384522273,62027.693161358584,69781.1548065284,r2,-276426.74157015455,-46140.836023983225,230285.90554617133,0.052779742900094045
476,w159548674,118.95309109317604,trade,33383.24480259189,37092.494225102106,41729.056003239864,nr1,-167812.2379334006,-28012.355973921265,139799.88195947936,0.05733434000314785
477,w159548675,865.047436706489,mfh,193209.26924096223,214676.96582329136,241511.58655120278,r2,-956709.0299219519,-159692.77871435488,797016.2512075971,0.052779742900094045
478,w159548677,106.67055884185247,other,25288.07003564535,28097.855595161498,31610.087544556685,nr1,-127119.0877577226,-21219.57958014166,105899.50817758095,0.05733434000314785
479,w159872586,633.9711885744706,mfh,112918.80769710969,125465.34188567742,141148.50962138711,r2,-559136.9575396217,-93330.50241898178,465806.45512064,0.052779742900094045
480,w159872589,1091.462102752924,mfh,200048.88086819276,222276.53429799195,250061.10108524095,r2,-990576.5468927337,-165345.90597046626,825230.6409222675,0.052779742900094045
481,w159872591,2692.1037788091226,mfh,426142.4340857789,473491.5934286432,532678.0426072236,r2,-2110117.782259847,-352218.45046360325,1757899.3317962438,0.052779742900094045
482,w159872593,436.90541737405584,mfh,73718.42960653547,81909.36622948386,92148.03700816934,r2,-365029.52241012786,-60930.311017554304,304099.21139257355,0.052779742900094045
483,w159872596,218.88012801047884,mfh,53396.64036048387,59329.60040053763,66745.80045060483,r2,-264402.6769577955,-44133.79289035126,220268.88406744425,0.052779742900094045
484,w159872599,487.8712977081537,mfh,88953.80797896282,98837.56442106981,111192.25997370352,r2,-440470.126892724,-73522.77056473678,366947.3563279872,0.052779742900094045
485,w159872601,629.8896718598901,mfh,127483.5024611991,141648.336067999,159354.37807649886,r2,-631256.556426377,-105368.62350468972,525887.9329216874,0.052779742900094045
486,w159872603,453.131132603623,mfh,65570.2207830621,72855.800870069,81962.77597882763,r2,-324682.2606574604,-54195.59216230892,270486.6684951515,0.052779742900094045
487,w159872608,317.054659525305,mfh,90295.55495996469,100328.39439996076,112869.44369995585,r2,-447114.0185529843,-74631.76137335354,372482.25717963075,0.052779742900094045
488,w159872611,474.9952949794941,mfh,106389.89735925275,118210.99706583639,132987.37169906593,r2,-526807.931606666,-87934.1783299499,438873.75327671604,0.052779742900094045
489,w159872613,461.6615135567263,mfh,117487.30554018391,130541.45060020433,146859.13192522989,r2,-581758.6627860563,-97106.49162476459,484652.1711612917,0.052779742900094045
490,w159872615,129.00588214695452,mfh,35300.25422503271,39222.50469448079,44125.31778129088,r1,-189886.73367201944,-31695.676734180317,158191.05693783914,0.05733662772353671
491,w159872617,185.93316667452453,mfh,49655.938212222434,55173.26468024715,62069.92276527804,r1,-267108.6688053391,-44585.47395930478,222523.1948460343,0.05733662772353671
492,w159872620,129.2747205838561,mfh,42371.2083776176,47079.12041957511,52964.010472022,r1,-227922.73135689736,-38044.602030690214,189878.12932620716,0.05733662772353671
493,w159872622,447.3657494872576,mfh,68473.34354301219,76081.4928255691,85591.67942876523,r2,-339057.57386229583,-56595.103025874836,282462.470836421,0.052779742900094045
494,w159872625,238.36158968657256,mfh,48722.326522949574,54135.91835883286,60902.90815368696,r1,-262086.59522298156,-43747.19517213784,218339.40005084372,0.05733662772353671
495,w159872628,167.04002443812786,mfh,26306.856925514938,29229.84102834993,32883.57115689367,r1,-141509.5512604214,-23620.612692703107,117888.93856771829,0.05733662772353671
496,w159872630,195.52493976540862,mfh,34338.764195132855,38154.18243903651,42923.45524391607,r1,-184714.697230808,-30832.36631787085,153882.33091293715,0.05733662772353671
497,w159872632,133.65780365467072,th,16477.88462317202,18308.760692413354,20597.355778965022,r1,-88637.65311638148,-14795.295834125029,73842.35728225645,0.05733662772353671
498,w159872635,49.369007284846155,th,22380.32681980364,24867.02979978182,27975.408524754548,r1,-120388.00432522575,-20095.028199053846,100292.9761261719,0.05733662772353671
499,w159872640,133.91130499513818,mfh,39635.3061200242,44039.229022249114,49544.132650030246,r1,-213205.79645811382,-35588.06806410193,177617.7283940119,0.05733662772353671
500,w159872643,87.82295271442271,other,35046.307894264784,38940.34210473865,43807.88486783098,nr1,-176172.1903852486,-29407.85589031687,146764.33449493174,0.05733434000314785
501,w159872648,133.79360626488923,mfh,37854.23601442721,42060.26223825246,47317.79501803401,r1,-203625.08401800736,-33988.866484758,169636.21753324935,0.05733662772353671
502,w159872651,467.48304517045614,other,134999.97203711804,149999.96893013114,168749.96504639756,nr2,-624713.9634913672,-104281.48830328163,520432.4751880856,0.052779742900094045
503,w159872654,134.11286987382917,mfh,36431.14482459692,40479.049805107694,45538.93103074615,r1,-195970.00776751756,-32711.089899111357,163258.9178684062,0.05733662772353671
504,w159872660,131.42538360562176,mfh,32677.13716339124,36307.93018154582,40846.42145423905,r1,-175776.491640923,-29340.41124822406,146436.08039269893,0.05733662772353671
505,w159872663,509.8066861014813,other,40789.69983623175,45321.88870692417,50987.12479528969,nr1,-205043.30404749225,-34227.21783453502,170816.08621295722,0.05733434000314785
506,w159872669,96.41428965386004,other,28697.887838121846,31886.542042357607,35872.3597976523,nr1,-144259.69705925774,-24080.806242019946,120178.8908172378,0.05733434000314785
507,w159872671,385.8471666022902,mfh,88774.61527216679,98638.46141351866,110968.26909020849,r2,-439582.8232899444,-73374.66286066014,366208.1604292842,0.052779742900094045
508,w159872676,450.3884779855609,trade,76847.61831763922,85386.24257515468,96059.52289704903,nr2,-355613.2605041172,-59361.37533808205,296251.88516603515,0.052779742900094045
509,w159872680,74.82275880910456,trade,25219.515671661942,28021.684079624378,31524.394589577427,nr1,-126774.47592300775,-21162.054637350007,105612.42128565774,0.05733434000314785
510,w159872682,128.20031198486686,mfh,40209.65990071562,44677.39988968402,50262.07487589452,r1,-216295.35390697577,-36103.77346519618,180191.58044177957,0.05733662772353671
511,w159872688,74.73616111706941,trade,23790.325404164127,26433.694893515694,29737.906755205157,nr1,-119590.16479208908,-19962.80073724667,99627.36405484242,0.05733434000314785
512,w159872690,271.2794532585889,mfh,86576.21769277228,96195.79743641363,108220.27211596534,r2,-428697.07839878055,-71557.62675493074,357139.45164384984,0.052779742900094045
513,w159872699,406.91918786983007,mfh,88840.55859697518,98711.73177441687,111050.69824621898,r2,-439909.35303955275,-73429.1668335683,366480.18620598444,0.052779742900094045
514,w159872700,406.7131608505966,mfh,63430.90905740524,70478.78784156138,79288.63632175654,r2,-314089.0895648186,-52427.39214090998,261661.69742390863,0.052779742900094045
515,w159872708,435.5580747295171,mfh,82901.00870076058,92112.23188973397,103626.26087595071,r2,-410498.6470123298,-68519.9653704846,341978.68164184515,0.052779742900094045
516,w159872710,142.59727319749075,mfh,21777.975412659216,24197.75045851024,27222.46926582402,r1,-117147.84235652555,-19554.184063498316,97593.65829302723,0.05733662772353671
517,w159872717,364.7500545413,mfh,92648.7452669225,102943.05029658055,115810.93158365312,r2,-458766.24634016975,-76576.7379287646,382189.50841140514,0.052779742900094045
518,w159872718,186.0198295045644,mfh,63209.79611897486,70233.10679886096,79012.24514871858,r2,-312994.2107028469,-52244.63621161961,260749.57449122728,0.052779742900094045
519,w159872719,169.79583046399057,mfh,62964.44540983133,69960.49489981259,78705.55676228915,r2,-311779.314337587,-52041.84709774018,259737.4672398468,0.052779742900094045
520,w159872726,172.48843573874328,mfh,41050.78247638799,45611.98052931999,51313.478095484985,r1,-220819.9110813816,-36859.00738171079,183960.9036996708,0.05733662772353671
521,w159872727,172.59632431017235,mfh,21043.444879268325,23381.60542140925,26304.306099085406,r1,-113196.66390668163,-18894.657868889983,94302.00603779164,0.05733662772353671
522,w159872732,140.4957689295523,mfh,47225.41326906549,52472.681410072764,59031.766586331854,r1,-254034.41614918792,-42403.13463671613,211631.2815124718,0.05733662772353671
523,w159872736,118.37831126665697,mfh,36274.088174880875,40304.54241653431,45342.61021860109,r1,-195125.17038969204,-32570.070608807688,162555.09978088434,0.05733662772353671
524,w159872737,187.97203346798193,mfh,61556.52722070218,68396.14135633575,76945.65902587771,r2,-304807.7645241495,-50878.16396438018,253929.6005597693,0.052779742900094045
525,w159872743,753.6066189933568,other,113283.89066886077,125870.98963206752,141604.86333607594,nr2,-524222.5407277019,-87506.77901242053,436715.7617152814,0.052779742900094045
526,w159872746,394.377677144669,mfh,44537.18740147157,49485.76377941285,55671.484251839465,r1,-239573.9415555502,-39989.408731385505,199584.5328241647,0.05733662772353671
527,w159872748,575.8923149108887,trade,55207.313642999135,61341.45960333237,69009.14205374892,nr2,-255472.49528426852,-42645.200180746026,212827.29510352248,0.052779742900094045
528,w159872750,127.08080641776323,mfh,24037.222862000235,26708.025402222484,30046.528577500292,r1,-129300.7610289352,-21582.7353696828,107718.0256592524,0.05733662772353671
529,w159872753,434.5401292324066,other,88884.54137689188,98760.60152987986,111105.67672111484,nr2,-411314.2639866872,-68659.36431000446,342654.8996766827,0.052779742900094045
530,w159872756,252.43327465518377,mfh,78579.29604288908,87310.32893654342,98224.12005361135,r2,-389098.941186844,-64947.95091252513,324150.9902743189,0.052779742900094045
531,w159872759,386.07803563163617,mfh,89723.47994521554,99692.75549468394,112154.34993151942,r2,-444281.2904206675,-74158.92562847832,370122.3647921892,0.052779742900094045
532,w159872763,1345.7076428122818,trade,221339.4897592335,245932.76639914833,276674.3621990418,nr2,-1024251.1004863725,-170974.9347654352,853276.1657209373,0.052779742900094045
533,w159872767,486.0339612279087,mfh,83343.79298090824,92604.21442323137,104179.7412261353,r2,-412691.1697664863,-68885.93876475084,343805.23100173543,0.052779742900094045
534,w159872769,563.4171857964247,other,124167.66940780358,137964.07711978175,155209.58675975446,nr2,-574587.3552618752,-95914.01516316958,478673.3400987056,0.052779742900094045
535,w159872774,2747.8572637828997,other,413797.37386652373,459774.85985169304,517246.71733315464,nr2,-1914852.2300389784,-319640.1106729573,1595212.1193660211,0.052779742900094045
536,w159872776,80.53474041707815,sfh,36321.68634447571,40357.42927163968,45402.10793059463,r1,-195381.2099325099,-32612.808436898078,162768.40149561182,0.05733662772353671
537,w159872779,530.1892838459462,trade,114419.59653572936,127132.8850396993,143024.4956696617,nr2,-529478.0330270396,-88384.06140207365,441093.97162496595,0.052779742900094045
538,w159872782,386.9254036822822,mfh,61146.105877939306,67940.11764215479,76432.63234742412,r2,-302775.49243784376,-50538.93942858559,252236.55300925818,0.052779742900094045
539,w159872787,649.6997715241275,sfh,178209.46733573131,198010.51926192368,222761.83416966413,r2,-882434.9229593214,-147295.02960106664,735139.8933582548,0.052779742900094045
540,w159872789,103.62989482581615,mfh,33686.438755273215,37429.37639474802,42108.04844409152,r1,-181205.71550290106,-30246.651095100267,150959.0644078008,0.05733662772353671
541,w159872791,7102.280937734339,other,1048520.3896910504,1165022.6552122782,1310650.487113813,nr2,-4852040.474981068,-809935.4770477758,4042104.997933292,0.052779742900094045
542,w159872796,295.65545302389654,other,52305.65320515192,58117.392450168794,65382.06650643989,nr2,-242045.02737090312,-40403.79624233437,201641.23112856876,0.052779742900094045
543,w159872797,3172.659030787088,other,449508.16779551905,499453.5197727989,561885.2097443988,nr2,-2080104.350303657,-347225.1144563916,1732879.2358472652,0.052779742900094045
544,w159872802,393.79842739673325,mfh,75178.90920692091,83532.12134102323,93973.63650865114,r2,-372261.3391195165,-62137.437603962055,310123.9015155544,0.052779742900094045
545,w159872803,469.9664310747758,mfh,46940.21759095484,52155.79732328315,58675.271988693545,r1,-252500.29473950685,-42147.06084297641,210353.23389653044,0.05733662772353671
546,w159872804,664.4021281981841,mfh,71285.2107419375,79205.78971326388,89106.51342742186,r2,-352981.0194129239,-58919.18865663261,294061.8307562913,0.052779742900094045
547,w159872808,295.65545226749964,other,56786.49320607678,63096.10356230754,70983.11650759597,nr2,-262780.1673454417,-43865.04632331104,218915.12102213065,0.052779742900094045
548,w159872809,678.8678823016584,other,119204.66751548543,132449.63057276158,149005.8343943568,nr2,-551621.005445797,-92080.31641513844,459540.68903065857,0.052779742900094045
549,w159872812,337.05531151816245,mfh,86157.86629660908,95730.96255178786,107697.33287076134,r2,-426625.53928493697,-71211.84781174241,355413.6914731946,0.052779742900094045
550,w159872814,765.4437305399682,mfh,145484.1491333942,161649.05459266022,181855.18641674274,r2,-720389.8639709848,-120246.6534099377,600143.2105610471,0.052779742900094045
551,w159872815,1229.117813373683,mfh,337276.36098132026,374751.51220146695,421595.45122665033,r2,-1670082.0897346197,-278768.19518736575,1391313.8945472538,0.052779742900094045
552,w159872820,336.8380303993821,mfh,84037.26817074124,93374.74241193471,105046.58521342654,r2,-416125.0318101993,-69459.11509562233,346665.916714577,0.052779742900094045
553,w159872826,1791.1392054180615,th,335754.3027910823,373060.33643453586,419692.8784888529,r2,-1662545.356013779,-277510.1722016212,1385035.183812158,0.052779742900094045
554,w159872827,157.03123329076917,th,53422.40493792502,59358.22770880558,66778.00617240627,r2,-264530.25470800855,-44155.088022723234,220375.1666852853,0.052779742900094045
555,w159872832,35.670331929810345,sfh,5188.715632226509,5765.239591362788,6485.894540283136,r1,-27911.081236852646,-4658.885805644281,23252.195431208365,0.05733662772353671
556,w159872833,162.84196072258055,mfh,61277.51128247401,68086.12364719335,76596.88910309252,r2,-303426.1689690101,-50647.54961209629,252778.61935691384,0.052779742900094045
557,w159872834,33.79703346360475,sfh,9511.544663891347,10568.382959879274,11889.430829864183,r1,-51164.3949329144,-8540.302372543,42624.0925603714,0.05733662772353671
558,w159872835,42.916394099872555,th,15722.28965503435,17469.210727815946,19652.862068792936,r1,-84573.16509416972,-14116.856135096416,70456.3089590733,0.05733662772353671
559,w159872839,58.88304680213332,other,22228.099409219543,24697.888232466157,27785.124261524426,nr1,-111737.10431460576,-18651.914664281616,93085.18965032414,0.05733434000314785
560,w159872840,318.65718863122163,other,93068.10267465717,103409.0029718413,116335.12834332146,nr2,-430673.7432547085,-71890.97978336932,358782.76347133913,0.052779742900094045
561,w159872842,48.8293092939537,other,9355.834850403775,10395.372056004195,11694.793563004718,nr1,-47030.28699773554,-7850.614217177024,39179.67278055851,0.05733434000314785
562,w159872843,143.51003436879253,mfh,57443.75692324947,63826.3965813883,71804.69615406184,r2,-284442.6728438917,-47478.846118014444,236963.82672587727,0.052779742900094045
563,w159872845,162.83680398128925,mfh,41746.72914119777,46385.25460133085,52183.41142649721,r1,-224563.53961584554,-37483.88958146556,187079.65003437997,0.05733662772353671
564,w159872848,156.42925329236314,mfh,21291.72814453538,23657.47571615042,26614.660180669223,r1,-114532.22647703701,-19117.588447923335,95414.63802911367,0.05733662772353671
565,w159872851,167.48750086340587,mfh,46976.990518218794,52196.65613135421,58721.23814777349,r1,-252698.10325955882,-42180.07881524646,210518.02444431235,0.05733662772353671
566,w159872853,143.46053532976657,th,18641.830787650975,20713.145319612195,23302.288484563716,r1,-100277.92818056546,-16738.277254662687,83539.65092590277,0.05733662772353671
567,w159872855,768.5454076524824,other,115726.01355909788,128584.45951010875,144657.51694887233,nr2,-535523.4932173331,-89393.21058548351,446130.2826318496,0.052779742900094045
568,w159872857,315.41669200100006,mfh,74043.33994281983,82270.37771424426,92554.17492852478,r2,-366638.37199513696,-61198.8583529803,305439.5136421567,0.052779742900094045
569,w159872858,136.24142913175746,other,51966.23350286974,57740.25944763304,64957.79187858717,nr2,-240474.35869371658,-40141.60958274224,200332.74911097434,0.052779742900094045
570,w159872860,131.01957194106652,other,39926.17881659091,44362.420907323234,49907.72352073863,nr1,-200702.52184775803,-33502.625053450276,167199.89679430774,0.05733434000314785
571,w159872862,156.42902136784977,mfh,48134.98854254384,53483.32060282649,60168.7356781798,r1,-258927.19331188497,-43219.83141316963,215707.36189871535,0.05733662772353671
572,w159872865,158.90607472276315,mfh,21250.92912058293,23612.143467314363,26563.66140072866,r1,-114312.76082259866,-19080.95549151392,95231.80533108475,0.05733662772353671
573,w159872867,192.56274920739233,mfh,52620.75948791944,58467.5105421327,65775.94935989928,r2,-260560.768959063,-43492.50599465575,217068.26296440724,0.052779742900094045
574,w159872868,54.98272090442479,other,18044.998718983097,20049.998576647886,22556.24839872887,nr1,-90709.325484825,-15141.815322453669,75567.51016237134,0.05733434000314785
575,w159872870,315.09365436807275,mfh,76868.77232545406,85409.74702828229,96085.96540681757,r2,-380628.9878932223,-63534.15598142722,317094.8319117951,0.052779742900094045
576,w159872874,56.548262861557305,th,25655.925460115897,28506.58384457322,32069.90682514487,r1,-138008.06798437994,-23036.149102954692,114971.91888142526,0.05733662772353671
577,w159872876,86.08918008172186,other,31303.141973789738,34781.26885976637,39128.92746723717,nr1,-157355.89335404488,-26266.912076920493,131088.98127712437,0.05733434000314785
578,w159872878,413.8979488207959,mfh,96766.79497961469,107518.66108846077,120958.49372451835,r2,-479157.47995581274,-79980.41935713083,399177.0605986819,0.052779742900094045
579,w159872879,205.3686287334189,mfh,66855.49163505835,74283.87959450927,83569.36454382293,r2,-331046.50102145015,-55257.90389591354,275788.5971255366,0.052779742900094045
580,w159872883,329.8948070596903,th,79026.37009855526,87807.07788728362,98782.96262319406,r2,-391312.7055045706,-65317.469924324665,325995.23558024596,0.052779742900094045
581,w159872884,900.053558271192,other,143972.0234440909,159968.91493787878,179965.02930511363,nr2,-666232.2372400258,-111211.99991550209,555020.2373245237,0.052779742900094045
582,w159872887,1008.3728146322071,other,276664.73986237287,307405.2665137476,345830.9248279661,nr2,-1280269.3481314941,-213711.23562867075,1066558.1125028234,0.052779742900094045
583,w159872892,458.9937253634445,other,143062.30464210061,158958.1162690007,178827.88080262576,nr2,-662022.5027498757,-110509.28250617595,551513.2202436997,0.052779742900094045
584,w159872895,353.7920229201671,th,102607.22908104869,114008.03231227632,128259.03635131086,r2,-508077.3970253059,-84807.6988878705,423269.69813743536,0.052779742900094045
585,w159872899,2008.66189844124,other,288066.24065585615,320073.60072872904,360082.80081982014,nr2,-1333029.9275817517,-222518.38909466236,1110511.5384870893,0.052779742900094045
587,w160025355,131.5437356668757,ab,49800.95701413298,55334.39668236998,62251.19626766622,r1,-267888.75232655904,-44715.68460981265,223173.0677167464,0.05733662772353671
588,w160025360,102.43726858533918,mfh,44981.20852414787,49979.120582386524,56226.51065518484,r1,-241962.41502457683,-40388.08999520246,201574.32502937436,0.05733662772353671
589,w160025362,106.2412323884666,mfh,48176.35524129165,53529.28360143516,60220.444051614555,r1,-259149.7125962488,-43256.974077998966,215892.73851824983,0.05733662772353671
590,w160025367,104.2175793532282,mfh,43237.007531294315,48041.11947921591,54046.25941411789,r1,-232580.02850438037,-38821.992751922015,193758.03575245835,0.05733662772353671
591,w160025369,103.97346241511406,mfh,31307.540166698134,34786.15574077571,39134.42520837267,r1,-168409.17075730636,-28110.666459799708,140298.50429750665,0.05733662772353671
592,w160025373,103.9182820610702,mfh,19528.4876100236,21698.319566692888,24410.6095125295,r1,-105047.42266678237,-17534.395827546763,87513.02683923561,0.05733662772353671
593,w160025375,104.46434533819556,mfh,15200.83881015165,16889.8209001685,19001.048512689562,r1,-81768.18252735652,-13648.651648329664,68119.53087902686,0.05733662772353671
594,w160025376,101.26918978765606,other,24444.85545262742,27160.950502919353,30556.069315784272,nr1,-122880.38277050303,-20512.026219119492,102368.35655138353,0.05733434000314785
595,w160025380,128.15635424628857,th,34848.77791521003,38720.864350233365,43560.97239401253,r1,-187458.15734347468,-31290.301546850005,156167.85579662467,0.05733662772353671
596,w160025381,64.08582323277369,th,28086.96814171458,31207.742379682866,35108.71017714322,r1,-151085.1056533803,-25218.953296707645,125866.15235667265,0.05733662772353671
597,w160025384,125.48521707579494,mfh,20982.930538967033,23314.367265518926,26228.663173708792,r1,-112871.14584250913,-18840.32276535943,94030.82307714969,0.05733662772353671
598,w160025385,125.6767025694251,mfh,19113.271805362478,21236.968672624975,23891.589756703095,r1,-102813.89844303366,-17161.5785147998,85652.31992823386,0.05733662772353671
599,w160025388,125.67682776004075,mfh,22027.775224300745,24475.305804778607,27534.71903037593,r1,-118491.56271621805,-19778.47633141163,98713.08638480642,0.05733662772353671
600,w160025389,125.54291224256157,mfh,47965.512281802236,53295.013646446925,59956.89035225279,r1,-258015.54850099998,-43067.66070243367,214947.8877985663,0.05733662772353671
601,w160025392,101.23846836648882,other,27858.656569021638,30954.062854468484,34823.32071127705,nr1,-140041.01555468276,-23376.595336414524,116664.42021826823,0.05733434000314785
602,w160025393,241.441205301648,mfh,45315.96209286242,50351.068992069355,56644.95261607802,r1,-243763.11768646253,-40688.661227124794,203074.45645933773,0.05733662772353671
603,w160025394,520.9474028991534,mfh,62962.95736238052,69958.84151375612,78703.69670297565,r2,-311771.94601391,-52040.61718556664,259731.32882834336,0.052779742900094045
604,w160025395,347.3527018059045,mfh,139025.81297444832,154473.12552716478,173782.2662180604,r2,-688410.2982606611,-114908.66082218454,573501.6374384766,0.052779742900094045
605,w160025396,362.18757194392384,mfh,72576.31056757846,80640.34507508717,90720.38820947307,r2,-359374.12294555444,-59986.31819738505,299387.8047481694,0.052779742900094045
606,w160025398,216.67090053744613,mfh,39216.56985455993,43573.966505066586,49020.71231819991,r1,-210953.3350108916,-35212.08977163904,175741.24523925257,0.05733662772353671
607,w160025399,277.5212213275954,mfh,34672.16062353594,38524.62291503994,43340.20077941992,r1,-186508.09957867226,-31131.718989713678,155376.3805889586,0.05733662772353671
608,w160025402,733.1297983160242,mfh,135601.65691662167,150668.50768513518,169502.07114577707,r2,-671454.998790535,-112078.5015975566,559376.4971929784,0.052779742900094045
609,w160025403,118.93753181435167,th,30986.659895695237,34429.62210632804,38733.32486961904,r1,-166683.09518368272,-27822.55189622606,138860.54328745665,0.05733662772353671
610,w160025405,118.80893169231713,mfh,19132.43207453168,21258.257860590755,23915.5400931646,r1,-102916.96514917188,-17178.782291686373,85738.18285748552,0.05733662772353671
611,w160025406,118.8714888818562,mfh,28748.62308334191,31942.914537046567,35935.778854177384,r1,-154644.27253310403,-25813.045367708113,128831.22716539592,0.05733662772353671
612,w160025409,118.87152101863175,mfh,32004.557460828604,35560.619400920674,40005.69682603575,r1,-172158.55840906687,-28736.50996483673,143422.04844423014,0.05733662772353671
613,w160025412,678.325670054555,mfh,83112.16289052342,92346.84765613714,103890.20361315427,r2,-411544.2134121491,-68694.4901199072,342849.7232922419,0.052779742900094045
614,w160025415,1309.668819526094,mfh,279799.99905388296,310888.88783764775,349749.9988173537,r2,-1385477.9675873397,-231262.4001360045,1154215.5674513353,0.052779742900094045
615,w160025422,678.3786613484378,mfh,168599.14632942146,187332.3848104683,210748.93291177682,r2,-834847.7604835992,-139351.8347850843,695495.9256985148,0.052779742900094045
616,w160025427,555.729584345687,mfh,68356.5049155554,75951.67212839489,85445.63114444424,r2,-338479.0272409523,-56498.53268453951,281980.4945564128,0.052779742900094045
617,w160025428,926.2977557130158,mfh,239622.2435597125,266246.9372885694,299527.80444964056,r2,-1186530.8796226806,-198054.37941020718,988476.5002124734,0.052779742900094045
618,w160025434,188.0208901744336,mfh,59985.928411771165,66651.03156863463,74982.41051471395,r2,-297030.6735554187,-49580.020821305385,247450.65273411328,0.052779742900094045
619,w160025437,385.6369404070079,mfh,90561.97402298985,100624.41558109982,113202.4675287373,r2,-448433.23850729,-74851.96406157911,373581.27444571094,0.052779742900094045
620,w160025438,514.208815998584,mfh,66439.19135967275,73821.32373296973,83048.98919959094,r2,-328985.1183860049,-54913.82026050077,274071.2981255041,0.052779742900094045
621,w160025439,231.99735509790483,mfh,35464.80466216238,39405.33851351376,44331.005827702975,r1,-190771.8815474899,-31843.424606716362,158928.45694077353,0.05733662772353671
622,w160025441,239.19352681115268,mfh,29974.211052689745,33304.67894743305,37467.76381586218,r1,-161236.9416635759,-26913.486170148637,134323.4554934273,0.05733662772353671
623,w160025442,258.45977183450015,mfh,52917.83142950211,58797.59047722457,66147.28928687764,r2,-262031.77192990977,-43738.04413066641,218293.72779924335,0.052779742900094045
624,w160025445,358.2598954875022,mfh,76181.21925820394,84645.79917578216,95226.52407275492,r2,-377224.45026118786,-62965.874447864684,314258.57581332314,0.052779742900094045
625,w160025446,282.03160609211767,mfh,32653.249972380814,36281.3888582009,40816.56246547602,r1,-175647.99792955612,-29318.96322466232,146329.0347048938,0.05733662772353671
626,w160025449,151.84076374266294,mfh,33051.986190285665,36724.42910031741,41314.98273785708,r1,-177792.87534409316,-29676.98371325018,148115.891630843,0.05733662772353671
627,w160025451,187.46145662125198,mfh,48334.62753030463,53705.14170033847,60418.284412880785,r1,-260001.08912741713,-43399.08487631092,216602.0042511062,0.05733662772353671
628,w160025452,105.00601281486452,mfh,24070.360376751494,26744.844863057217,30087.950470939366,r1,-129479.01397856022,-21612.489148469616,107866.52483009061,0.05733662772353671
629,w160025453,104.94913844838739,mfh,40248.819299141745,44720.91033237972,50311.02412392718,r1,-216505.99970607666,-36138.934221424934,180367.0654846517,0.05733662772353671
630,w160025454,86.96602670811116,mfh,31063.545589658388,34515.05065517598,38829.43198707298,r1,-167096.6778508131,-27891.5866427127,139205.0912081004,0.05733662772353671
631,w160025455,103.15431486908346,mfh,35882.11822470182,39869.02024966869,44852.647780877276,r1,-193016.69000701242,-32218.125471212104,160798.5645358003,0.05733662772353671
632,w160025456,162.83409464433788,mfh,27935.001650526843,31038.890722807602,34918.75206315855,r1,-150267.64919951785,-25082.50439896292,125185.14480055493,0.05733662772353671
633,w160025457,103.20248084068298,mfh,32162.32092267025,35735.91213630028,40202.90115333781,r1,-173007.19786279227,-28878.163893307647,144129.03396948462,0.05733662772353671
634,w160025458,101.69107806179672,mfh,18326.430862615038,20362.70095846115,22908.038578268795,r1,-98581.33242282149,-16455.083428289767,82126.24899453172,0.05733662772353671
635,w160025459,108.44199563004076,mfh,29801.469324202662,33112.743693558514,37251.836655253326,r1,-160307.73128502825,-26758.383434918265,133549.34785010997,0.05733662772353671
636,w160025462,124.9876569705084,mfh,37263.06505696854,41403.40561885393,46578.83132121067,r1,-200445.0637995132,-33458.06114146508,166987.00265804812,0.05733662772353671
637,w160025465,103.21026510931551,mfh,33027.052047237106,36696.72449693012,41283.81505904638,r1,-177658.74988000386,-29654.59564395547,148004.1542360484,0.05733662772353671
638,w160025467,105.14285953305661,mfh,38054.659821936664,42282.955357707404,47568.32477742083,r1,-204703.2015271751,-34168.82462817976,170534.3768989953,0.05733662772353671
639,w160025469,108.37528205253183,mfh,16872.147227572706,18746.830252858563,21090.18403446588,r1,-90758.46611907029,-15149.299518568714,75609.16660050157,0.05733662772353671
640,w160025471,48.55004379618913,sfh,15526.61947111203,17251.7994123467,19408.274338890034,r1,-83520.61822396432,-13941.166213528613,69579.4520104357,0.05733662772353671
641,w160025472,101.69099241122603,mfh,13375.50809475645,14861.6756608405,16719.38511844556,r1,-71949.38390885213,-12009.708995981591,59939.67491287054,0.05733662772353671
642,w160025474,105.6897082787007,mfh,20835.669696400117,23150.74410711124,26044.587120500146,r1,-112079.0019612055,-18708.099013319305,93370.9029478862,0.05733662772353671
643,w160025476,96.35599186792969,mfh,11760.455718228655,13067.17302025406,14700.569647785818,r1,-63261.712184646254,-10559.572753084683,52702.13943156157,0.05733662772353671
644,w160025477,108.4367577029392,mfh,36912.2809783406,41013.64553148955,46140.35122292575,r1,-198558.1299975585,-33143.09630611825,165415.03369144027,0.05733662772353671
645,w160025481,105.0061043202877,mfh,30356.70228789452,33729.66920877169,37945.877859868146,r1,-163294.43424842265,-27256.92048275794,136037.5137656647,0.05733662772353671
646,w160025482,103.2132654029876,mfh,32197.87126336993,35775.412514855474,40247.33907921241,r1,-173198.42985883844,-28910.084119701023,144288.3457391374,0.05733662772353671
647,w160025484,128.51466068420558,mfh,25258.191312723833,28064.657014137592,31572.73914090479,r1,-135868.58089636493,-22679.02836151414,113189.5525348508,0.05733662772353671
648,w160025486,101.26240085978061,mfh,32127.323788768048,35697.0264319645,40159.15473596006,r1,-172818.94167057885,-28846.740384691657,143972.2012858872,0.05733662772353671
649,w160025487,105.13472320698202,mfh,30933.722532352236,34370.80281372471,38667.15316544029,r1,-166398.33510942577,-27775.020069826645,138623.3150395991,0.05733662772353671
650,w160025490,87.12732640933245,mfh,15434.577138518482,17149.530153909425,19293.2214231481,r1,-83025.50513542042,-13858.52250220723,69166.98263321319,0.05733662772353671
651,w160025492,101.576605540514,mfh,32123.821636092907,35693.13515121434,40154.777045116134,r1,-172800.10292998323,-28843.595843625255,143956.50708635797,0.05733662772353671
652,w160025494,105.68961535468698,mfh,33618.00222222248,37353.335802469424,42022.5027777781,r1,-180837.582467881,-30185.202749302065,150652.37971857894,0.05733662772353671
653,w160025496,100.3227494932711,mfh,31936.83132990454,35485.368144338376,39921.03916238067,r1,-171794.24676124039,-28675.69948062487,143118.54728061552,0.05733662772353671
654,w160025498,53.38166442215442,th,19833.537403165,22037.26378129444,24791.92175395625,r1,-106688.34311051872,-17808.296394086647,88880.04671643207,0.05733662772353671
655,w160025500,108.55102695096282,mfh,35318.75735539018,39243.06372821131,44148.446694237726,r1,-189986.26550439346,-31712.290473974994,158273.97503041849,0.05733662772353671
656,w160025504,103.15687311664223,mfh,33014.085449963415,36682.31716662602,41267.606812454265,r1,-177589.00010462134,-29642.95309110275,147946.0470135186,0.05733662772353671
657,w160025505,103.09466042611747,mfh,16526.06370219606,18362.293002440067,20657.579627745075,r1,-88896.8174807195,-14838.555253855036,74058.26222686446,0.05733662772353671
658,w160025507,85.83866344131528,mfh,29011.881673427404,32235.424081586003,36264.852091784254,r1,-156060.3902036387,-26049.422112069595,130010.96809156911,0.05733662772353671
659,w160025509,108.27769679883495,mfh,36682.60048676754,40758.44498529726,45853.25060845942,r1,-197322.63525990126,-32936.86893544156,164385.7663244597,0.05733662772353671
660,w160025513,105.03020258601755,mfh,15958.548291276262,17731.72032364029,19948.185364095327,r1,-85844.04491423539,-14328.98994331901,71515.05497091638,0.05733662772353671
661,w160025515,104.96566433478147,mfh,30481.21173000366,33868.013033337396,38101.514662504575,r1,-163964.19405022784,-27368.71602401061,136595.47802621723,0.05733662772353671
662,w160025517,132.51887063886969,mfh,28646.82807630318,31829.8089736702,35808.535095378975,r1,-154096.69796699795,-25721.644846462998,128375.05312053495,0.05733662772353671
663,w160032048,197.876624872908,mfh,59510.27674095202,66122.52971216891,74387.84592619001,r2,-294675.40224593185,-49186.88162404201,245488.52062188985,0.052779742900094045
664,w160032049,177.6117346536368,mfh,24635.21933914802,27372.46593238669,30794.024173935024,r1,-132517.49700678673,-22119.669265598313,110397.8277411884,0.05733662772353671
665,w160032050,605.1206229591743,mfh,175655.35519478846,195172.6168830983,219569.19399348556,r2,-869787.7960472796,-145183.98561990785,724603.8104273718,0.052779742900094045
666,w160032051,604.9254235289991,mfh,152843.0834506673,169825.64827851922,191053.8543133341,r2,-756828.8968372458,-126329.01516265541,630499.8816745904,0.052779742900094045
667,w160032052,558.9287057133391,mfh,166207.24421579932,184674.71579533257,207759.05526974914,r2,-823003.8445069916,-137374.86185600245,685628.9826509891,0.052779742900094045
668,w160032053,914.9869650162756,mfh,118384.96876544278,131538.85418382531,147981.21095680346,r2,-586203.5971145588,-97848.43498677018,488355.16212778864,0.052779742900094045
669,w160032054,558.7663555394857,mfh,140013.45078096946,155570.50086774383,175016.81347621183,r2,-693300.7572510766,-115724.97065196816,577575.7865991085,0.052779742900094045
670,w160032055,915.1860893286764,mfh,117551.19343225891,130612.43714695434,146938.99179032363,r2,-582075.0147058733,-97159.29672594708,484915.71797992627,0.052779742900094045
671,w160032056,579.5610938113182,mfh,116842.3330489817,129824.81449886855,146052.9163112271,r2,-578564.9702225032,-96573.4041092482,481991.566113255,0.052779742900094045
672,w160032057,300.306428108085,mfh,37313.43611538925,41459.37346154361,46641.79514423657,r1,-200716.01923496526,-33503.28871332004,167212.73052164522,0.05733662772353671
673,w160032058,579.3688813976943,mfh,109670.41085297539,121856.01205886154,137088.01356621922,r2,-543051.960138812,-90645.61302188049,452406.34711693146,0.052779742900094045
674,w160032059,915.3225905947387,mfh,92194.63134061452,102438.47926734947,115243.28917576815,r2,-456517.6228884122,-76201.40027012173,380316.22261829046,0.052779742900094045
675,w160032060,914.9022733874618,mfh,182147.17661418536,202385.75179353927,227683.9707677317,r2,-901933.1698017444,-150549.6546970365,751383.5151047079,0.052779742900094045
676,w160032061,434.5004198986106,mfh,54507.02112981529,60563.35681090588,68133.77641226912,r2,-269900.91890469816,-45051.55315714453,224849.36574755365,0.052779742900094045
677,w160032062,579.3681231357157,mfh,63760.568600850966,70845.07622316774,79700.7107510637,r2,-315721.4556684402,-52699.86482676698,263021.5908416732,0.052779742900094045
678,w160032063,157.0142166607082,mfh,51887.28780825052,57652.54200916724,64859.10976031315,r2,-256928.85739556485,-42886.271464113976,214042.58593145089,0.052779742900094045
679,w160032064,245.02896427586674,mfh,74242.27363014172,82491.41514460191,92802.84203767714,r2,-367623.42646878725,-61363.282520791334,306260.1439479959,0.052779742900094045
680,w160032065,177.6155174203217,mfh,58386.98317384559,64874.42574871732,72983.72896730699,r2,-289113.2203530763,-48258.448574489565,240854.77177858673,0.052779742900094045
681,w160032066,915.0334876678884,mfh,196785.17750857704,218650.19723175224,245981.4718857213,r2,-974415.756639773,-162648.36531703934,811767.3913227337,0.052779742900094045
682,w160032067,686.1767572972923,mfh,208672.0383064988,231857.82034055423,260840.0478831235,r2,-1033275.5986518768,-172473.18292785206,860802.4157240248,0.052779742900094045
683,w160032068,579.4084268193692,mfh,106087.62261479415,117875.13623866017,132609.52826849266,r2,-525311.1660597697,-87684.3399341659,437626.8261256038,0.052779742900094045
684,w160032069,582.2339869499207,mfh,113772.82834525057,126414.25371694508,142216.0354315632,r2,-563365.7881181235,-94036.3739898274,469329.41412829614,0.052779742900094045
685,w160032070,655.6557445708662,mfh,126481.71328949532,140535.23698832814,158102.14161186916,r2,-626296.0245098068,-104540.6171820955,521755.40732771123,0.052779742900094045
686,w160032071,187.63290931591763,mfh,44822.51475552269,49802.794172802984,56028.14344440336,r1,-241108.77127498112,-40245.60075537978,200863.17051960132,0.05733662772353671
687,w160032072,300.05888833065984,mfh,71600.48929692316,79556.0992188035,89500.61162115395,r2,-354542.175571117,-59179.775059720305,295362.4005113967,0.052779742900094045
688,w160032074,652.9879129000007,mfh,142328.92568103445,158143.25075670495,177911.15710129307,r2,-704766.2306942118,-117638.77438554355,587127.4563086682,0.052779742900094045
689,w160032075,187.48918503960593,mfh,29809.11773282239,33121.24192535821,37261.397166027986,r1,-160348.87351933998,-26765.25084968521,133583.62266965478,0.05733662772353671
690,w160032079,410.4375718038529,mfh,56450.435111772305,62722.70567974701,70563.04388971538,r2,-279524.06852230796,-46657.838301694144,232866.23022061383,0.052779742900094045
691,w160032080,367.35827468354256,mfh,71168.27026353273,79075.8558483697,88960.3378294159,r2,-352401.9684590398,-58822.534132685556,293579.43432635424,0.052779742900094045
692,w160032082,146.62608959153295,mfh,39843.43060518983,44270.478450210925,49804.288256487285,r1,-214325.33736661094,-35774.9405540343,178550.39681257663,0.05733662772353671
693,w160032083,292.00384606306903,mfh,70958.4029590656,78842.66995451733,88698.00369883199,r2,-351362.7742937812,-58649.0730293787,292713.7012644025,0.052779742900094045
694,w160032087,547.5336022242903,mfh,60767.66004008141,67519.62226675713,75959.57505010176,r2,-300901.5525806236,-50226.143527654785,250675.4090529688,0.052779742900094045
695,w160032089,324.3052944285795,mfh,80225.85122803085,89139.83469781205,100282.31403503855,r2,-397252.1432566957,-66308.87409108075,330943.26916561497,0.052779742900094045
696,w160032093,651.9691053661052,mfh,157120.4437098115,174578.27078867942,196400.55463726434,r2,-778008.9841085711,-129864.37114235843,648144.6129662127,0.052779742900094045
697,w160032096,417.5862662355881,mfh,99761.42909774302,110846.03233082558,124701.78637217877,r2,-493985.92743859184,-82455.56687689244,411530.3605616994,0.052779742900094045
698,w160032097,55.47504670508206,th,30326.745284288674,33696.38364920964,37908.43160536084,r1,-163133.2898688652,-27230.02244694884,135903.26742191636,0.05733662772353671
699,w160032099,154.26596265360712,mfh,40170.97328365638,44634.414759618194,50213.71660457047,r1,-216087.25128812858,-36069.037213711075,180018.2140744175,0.05733662772353671
700,w160032101,417.4909567882307,mfh,95809.37401431223,106454.86001590246,119761.71751789028,r2,-474416.6448678278,-79189.08457827063,395227.5602895572,0.052779742900094045
701,w160032104,110.95144802480935,th,23217.322601340376,25797.02511260042,29021.65325167547,r1,-124890.36269466106,-20846.556716393763,104043.8059782673,0.05733662772353671
702,w160032105,152.98637234792113,mfh,20848.956423449432,23165.507137166034,26061.19552931179,r1,-112150.47377510529,-18720.029006874753,93430.44476823053,0.05733662772353671
703,w160032106,115.7174410201609,mfh,49997.22428140238,55552.471423780415,62496.53035175297,r1,-268944.5110208431,-44891.910645387776,224052.60037545534,0.05733662772353671
704,w160032107,169.80155310891567,th,20257.197734231464,22507.997482479404,25321.49716778933,r1,-108967.29203648903,-18188.6959462535,90778.59609023553,0.05733662772353671
705,w160032108,125.84912734059617,mfh,40330.07410854087,44811.193453934306,50412.59263567609,r1,-216943.08467021276,-36211.8919444882,180731.19272572457,0.05733662772353671
706,w160032109,117.1162128248019,mfh,17028.88358269568,18920.98175855075,21286.104478369598,r1,-91601.58057179437,-15290.031220182027,76311.54935161234,0.05733662772353671
707,w160032110,214.96215275530702,mfh,65959.80261416038,73288.66957128931,82449.75326770046,r2,-326611.3423064388,-54517.59226814817,272093.75003829063,0.052779742900094045
708,w160032111,253.8681676615961,th,69929.77168637945,77699.74631819938,87412.21460797431,r2,-346269.3290832844,-57798.88097154906,288470.44811173534,0.052779742900094045
709,w160032112,125.84912488418631,th,34498.60299221215,38331.78110245795,43123.25374026519,r1,-185574.5003046887,-30975.883665069243,154598.61663961946,0.05733662772353671
710,w160032113,105.45346036842092,mfh,34893.95820829047,38771.0646758783,43617.44776036308,r1,-187701.19067192316,-31330.86839249095,156370.3222794322,0.05733662772353671
711,w160032114,381.28189064939505,mfh,78514.11913885121,87237.91015427912,98142.648923564,r2,-388776.2065019071,-64894.08040747795,323882.1260944291,0.052779742900094045
712,w160032115,139.91205219514669,mfh,38709.485322553875,43010.53924728208,48386.85665319234,r1,-208225.63155401527,-34756.78462565033,173468.84692836495,0.05733662772353671
713,w160032116,192.1807412372902,mfh,25401.90433957016,28224.338155077952,31752.3804244627,r1,-136641.64040692835,-22808.066572184634,113833.57383474371,0.05733662772353671
714,w160032117,302.6253065098543,mfh,38132.472874110405,42369.414304567115,47665.591092638,r1,-205121.77262924504,-34238.69203852975,170883.08059071528,0.05733662772353671
715,w160032118,188.54685349911452,mfh,59239.686577529654,65821.87397503294,74049.60822191206,r2,-293335.52836839354,-48963.23140653718,244372.29696185637,0.052779742900094045
716,w160032119,301.6826584111899,mfh,86774.96745952926,96416.63051058806,108468.70932441157,r2,-429681.22215802304,-71721.89890733287,357959.3232506902,0.052779742900094045
717,w160032121,128.1140758719295,mfh,40995.73368931806,45550.8152103534,51244.66711164758,r1,-220523.79326017047,-36809.57973316031,183714.21352701017,0.05733662772353671
718,w160032123,387.4767547928728,mfh,153731.94845816758,170813.27606463063,192164.93557270945,r2,-761230.2652726109,-127063.68655553069,634166.5787170803,0.052779742900094045
719,w160032125,297.0948597435839,mfh,66153.6841583442,73504.09350927133,82692.10519793024,r2,-327571.3802217239,-54677.84070060577,272893.53952111816,0.052779742900094045
720,w160032126,464.2806208854541,mfh,110488.03186896033,122764.47985440036,138110.0398362004,r2,-547100.551658876,-91321.3992949244,455779.1523639516,0.052779742900094045
721,w160032127,228.89082276217522,mfh,40432.88418235807,44925.42686928675,50541.10522794759,r1,-217496.11947220808,-36304.203882072376,181191.9155901357,0.05733662772353671
722,w160032128,268.14993185095955,mfh,38304.45704397495,42560.50782663884,47880.57130496869,r1,-206046.9079569027,-34393.11457091926,171653.79338598344,0.05733662772353671
723,w160032129,100.24086796883493,mfh,32289.507460447312,35877.230511608126,40361.884325559135,r1,-173691.35826774518,-28992.36316679227,144698.99510095292,0.05733662772353671
724,w160032130,150.2635816658847,mfh,28436.163503282907,31595.737225869896,35545.204379103634,r1,-152963.49344625368,-25532.49164197815,127431.00180427553,0.05733662772353671
725,w160032131,100.12314690686762,mfh,34789.771625745816,38655.30180638424,43487.21453218227,r1,-187140.75136953924,-31237.320504157826,155903.4308653814,0.05733662772353671
726,w160032132,257.78643680289383,mfh,91092.6577783465,101214.06419816279,113865.82222293313,r2,-451061.01067773096,-75290.5887913574,375770.42188637354,0.052779742900094045
727,w160032133,136.6476590367034,mfh,42553.842839482204,47282.04759942467,53192.30354935275,r1,-228905.15661645326,-38208.587333087184,190696.5692833661,0.05733662772353671
728,w160032134,132.71697852164507,th,24056.438038250453,26729.37559805606,30070.547547813065,r1,-129404.12309063102,-21599.98844698175,107804.13464364927,0.05733662772353671
729,w160032135,165.9338162511587,mfh,65722.88945965386,73025.43273294873,82153.61182456731,r2,-325438.2259486464,-54321.77702540251,271116.44892324385,0.052779742900094045
730,w160032136,153.4784858365543,mfh,64169.744421509604,71299.71602389956,80212.180526887,r2,-317747.5603371642,-53038.059904261994,264709.5004329022,0.052779742900094045
731,w160032137,244.7570460377261,mfh,73679.24716639257,81865.83018488063,92099.05895799071,r2,-364835.503797841,-60897.92565236031,303937.5781454807,0.052779742900094045
732,w160032138,345.56507694348693,mfh,69539.96744806832,77266.63049785368,86924.9593100854,r2,-344339.14614662103,-57476.6970400271,286862.4491065939,0.052779742900094045
733,w160032139,170.051029805094,mfh,43447.68462383709,48275.20513759677,54309.605779796366,r1,-233713.30037000048,-39011.157197536624,194702.14317246387,0.05733662772353671
734,w160032140,210.13578363517297,mfh,34609.490828365495,38454.989809294995,43261.86353545687,r1,-186170.9869157167,-31075.448528995257,155095.53838672146,0.05733662772353671
735,w160032141,252.5825279586017,mfh,59767.37247387365,66408.19163763738,74709.21559234205,r2,-295948.45612273,-49399.378323331606,246549.0777993984,0.052779742900094045
736,w160032142,252.46278136584442,mfh,34459.97295454553,38288.858838383916,43074.96619318191,r1,-185366.70203707903,-30941.198215545133,154425.5038215339,0.05733662772353671
737,w160032143,236.73276664549485,mfh,68813.16803571579,76459.07559523976,86016.46004464473,r2,-340740.2734658677,-56875.977322062725,283864.29614380497,0.052779742900094045
738,w160032144,216.15235636769793,mfh,49460.51965860495,54956.1329540055,61825.64957325618,r1,-266057.47550206195,-44410.009973582855,221647.46552847908,0.05733662772353671
739,w160032145,143.2480424195528,mfh,18000.89068230275,20000.989647003054,22501.113352878438,r1,-96830.19031703279,-16162.784787793062,80667.40552923972,0.05733662772353671
740,w160032146,425.3107569515705,mfh,81778.57206375393,90865.0800708377,102223.21507969241,r2,-404940.70835670445,-67592.24059724486,337348.46775945957,0.052779742900094045
741,w160032147,237.48158785337583,mfh,86156.41938675339,95729.35487417043,107695.52423344173,r2,-426618.3746611596,-71210.65190092349,355407.7227602361,0.052779742900094045
742,w160032148,183.97369813346305,th,50006.21579904702,55562.46199894114,62507.76974880877,r2,-247614.4048115432,-41331.51367587939,206282.8911356638,0.052779742900094045
743,w160032149,343.71558685973287,mfh,66199.1315218652,73554.59057985022,82748.9144023315,r2,-327796.4206829684,-54715.404197400836,273081.01648556755,0.052779742900094045
744,w160032150,136.78365420317277,mfh,51662.93632292382,57403.262581026465,64578.670403654774,r2,-255817.94230990834,-42700.83878667949,213117.10352322884,0.052779742900094045
745,w160032151,156.68413198292254,mfh,57922.11142190568,64357.9015798952,72402.6392773821,r2,-286811.32767171686,-47874.21927687493,238937.10839484193,0.052779742900094045
746,w160032152,131.687454425171,th,16816.435705141692,18684.928561268545,21020.544631427114,r1,-90458.78331919915,-15099.27680785151,75359.50651134764,0.05733662772353671
747,w160032153,131.7784823913127,mfh,29566.60282765376,32851.78091961529,36958.2535345672,r1,-159044.3400472667,-26547.499612301926,132496.84043496478,0.05733662772353671
748,w160032155,131.65618118494749,mfh,39313.2611323115,43681.401258123886,49141.57641538937,r1,-211473.4556533599,-35298.9077153029,176174.54793805702,0.05733662772353671
749,w160032156,597.6746075108182,mfh,131761.0863573074,146401.20706367487,164701.35794663423,r2,-652437.751074713,-108904.16432649874,543533.5867482142,0.052779742900094045
750,w160032157,145.99030133634804,mfh,23007.382660062376,25563.75851118042,28759.22832507797,r1,-123761.0561048999,-20658.05415009719,103103.0019548027,0.05733662772353671
751,w160032158,192.3817300193943,mfh,58348.97494600452,64832.19438444947,72936.21868250564,r2,-288925.01605558203,-48227.03372808083,240697.9823275012,0.052779742900094045
752,w160032159,156.72131929650496,mfh,40458.15139260002,44953.501547333355,50572.68924075002,r1,-217632.03656762792,-36326.89100842274,181305.14555920518,0.05733662772353671
753,w160032160,462.61881872685626,other,75105.28561600679,83450.31735111865,93881.60702000848,nr2,-347550.5953692078,-58015.50063526544,289535.09473394236,0.052779742900094045
754,w160032161,876.0951372385025,trade,41598.98809684389,46221.0978853821,51998.73512105486,nr1,-209111.46683243546,-34906.3031354349,174205.16369700056,0.05733434000314785
755,w160032162,197.75498196221892,mfh,51088.749816073236,56765.27757341471,63860.93727009154,r2,-252974.75876016778,-42226.25783546797,210748.50092469982,0.052779742900094045
756,w160032163,355.37988740094,mfh,90971.44947639163,101079.3883071018,113714.31184548953,r2,-450460.8268592355,-75190.40679378313,375270.42006545234,0.052779742900094045
757,w160032164,218.83437259588393,mfh,53103.58239103667,59003.98043448519,66379.47798879583,r2,-262951.54986248486,-43891.572412786874,219059.97744969797,0.052779742900094045
758,w160032165,192.38173281145282,mfh,58784.81323691094,65316.459152123265,73481.01654613866,r2,-291083.1445456592,-48587.266071065154,242495.87847459404,0.052779742900094045
759,w160032166,5513.669180350005,other,896549.3915510399,996165.9906122665,1120686.7394387997,nr2,-4148792.887954294,-692544.624102871,3456248.2638514233,0.052779742900094045
760,w160032167,119.51807446111924,mfh,37657.42018648339,41841.577984981544,47071.775233104236,r1,-202566.37451226384,-33812.14790310388,168754.22660915996,0.05733662772353671
761,w160032168,107.41719602905214,th,13873.999853026246,15415.555392251383,17342.499816282805,r1,-74630.86521311845,-12457.298793042264,62173.56642007618,0.05733662772353671
763,w160032170,37.81535124108195,sfh,14086.294460143807,15651.438289048674,17607.86807517976,r1,-75772.83799509211,-12647.915585678178,63124.92240941393,0.05733662772353671
764,w160032171,82.13437312801835,th,18045.438784192636,20050.48753799182,22556.798480240795,r1,-97069.82296968265,-16202.783996513264,80867.03897316939,0.05733662772353671
765,w160032172,100.39566505721304,th,35026.762638130625,38918.625153478475,43783.453297663276,r1,-188415.5707791815,-31450.111904173536,156965.45887500796,0.05733662772353671
766,w160032173,119.7984774223063,mfh,28506.2384098141,31673.598233126777,35632.79801226762,r1,-153340.43960162,-25595.41106375998,127745.02853786001,0.05733662772353671
767,w160032174,119.65868240431882,mfh,29900.973116695626,33223.303462995136,37376.21639586953,r1,-160842.98097541343,-26847.726701983047,133995.2542734304,0.05733662772353671
768,w160032175,69.26172256879508,th,9593.062255957997,10658.958062175552,11991.327819947495,r1,-51602.893454643665,-8613.496045025424,42989.39740961824,0.05733662772353671
769,w160032176,103.52918697646818,th,32391.429286288585,35990.4769847651,40489.286607860726,r1,-174239.61501613894,-29083.877557125805,145155.73745901312,0.05733662772353671
770,w160032177,62.96843930834439,th,7111.322358229594,7901.469286921771,8889.152947786992,r1,-38253.14588628203,-6385.171426305363,31867.974459976667,0.05733662772353671
771,w160032178,300.84989367914386,mfh,75453.57648583635,83837.30720648484,94316.97060729544,r2,-373621.4015378198,-62364.457669636104,311256.9438681837,0.052779742900094045
772,w160127708,318.335366258584,mfh,113599.65490243523,126221.83878048358,141999.568628044,r2,-562508.2899394132,-93893.24137309864,468615.04856631457,0.052779742900094045
773,w160127710,130.057766958978,mfh,19160.41845180246,21289.353835336067,23950.523064753073,r1,-103067.50915753465,-17203.910925641267,85863.59823189338,0.05733662772353671
774,w160127712,149.28690248169005,mfh,51621.798511126886,57357.5539012521,64527.2481389086,r2,-255614.24133752758,-42666.83725299589,212947.4040845317,0.052779742900094045
775,w160127717,149.4986190713942,mfh,59698.67769326997,66331.8641036333,74623.34711658747,r2,-295608.3020650585,-49342.60019648048,246265.701868578,0.052779742900094045
776,w160127718,161.62649620659647,mfh,30986.327841109854,34429.25315678873,38732.909801387315,r1,-166681.30899936188,-27822.253748379047,138859.05525098284,0.05733662772353671
777,w160127719,242.7560603125021,mfh,53656.28092585754,59618.089917619494,67070.35115732193,r2,-265688.332011525,-44348.392963703736,221339.93904782127,0.052779742900094045
778,w164087844,70.24407002975931,other,23298.876208291324,25887.6402314348,29123.595260364153,nr1,-117119.72820398418,-19550.418720480666,97569.30948350352,0.05733434000314785
779,w164087850,88.49543042890728,other,39843.370631234495,44270.41181248277,49804.21328904312,nr1,-200286.25833035467,-33433.13952622022,166853.11880413446,0.05733434000314785
780,w164087857,77.59434223277493,other,24270.419437870198,26967.132708744663,30338.024297337746,nr1,-122003.52079421244,-20365.654475780986,101637.86631843145,0.05733434000314785
786,w164088149,49.229225591477004,other,21270.940862087315,23634.37873565257,26588.676077609143,nr1,-106925.62122477531,-17848.74930080959,89076.87192396572,0.05733434000314785
788,w164088153,80.69597001839429,other,27987.590700977962,31097.323001086625,34984.48837622245,nr1,-140689.14683603475,-23484.785802107923,117204.36103392683,0.05733434000314785
791,w164088159,54.065223559696456,other,21341.59203461474,23712.880038460822,26676.990043268423,nr1,-107280.77338103086,-17908.033705501715,89372.73967552914,0.05733434000314785
793,w164088169,56.479432658094446,other,21105.453760835582,23450.504178706204,26381.817201044476,nr1,-106093.74400689601,-17709.886718194615,88383.8572887014,0.05733434000314785
795,w164088175,32.08830586867407,other,12691.274034079426,14101.415593421585,15864.092542599283,nr1,-63797.00686613815,-10649.428721129423,53147.57814500873,0.05733434000314785
799,w164088182,35.81288355943252,other,13052.522454425663,14502.802727139626,16315.65306803208,nr1,-65612.94495803691,-10952.557413549695,54660.38754448722,0.05733434000314785
800,w359788107,586.4023264580406,other,146448.46418695297,162720.5157632811,183060.5802336912,nr2,-677691.9959976018,-113124.94050699743,564567.0554906044,0.052779742900094045
801,w377595955,68.13203878551721,other,5269.498540512313,5854.998378347015,6586.873175640391,nr1,-26488.927247764226,-4421.711244481208,22067.216003283018,0.05733434000314785
802,w377595956,85.03076633159071,other,28267.306595759732,31408.118439733036,35334.13324469966,nr1,-142095.2339484903,-23719.499391590467,118375.73455689983,0.05733434000314785
805,w377595969,38.68702136902139,other,13210.985853090617,14678.873170100685,16513.73231636327,nr1,-66409.5151451996,-11085.526307331265,55323.98883786834,0.05733434000314785
814,w377595984,35.49371746703982,other,12044.391815934709,13382.657573260787,15055.489769918386,nr1,-60545.23330883077,-10106.620642555146,50438.61266627563,0.05733434000314785
818,w377595990,36.364706988167015,other,11553.454485655837,12837.171650728707,14441.818107069796,nr1,-58077.36978728507,-9694.668139496167,48382.7016477889,0.05733434000314785
819,w377595993,54.98309161569923,other,17992.688240944255,19991.875823271395,22490.860301180317,nr1,-90446.36906944436,-15097.920855613935,75348.44821383043,0.05733434000314785
823,w377596001,68.93592455182224,other,20374.762221645513,22638.624690717235,25468.45277705689,nr1,-102420.6743830299,-17096.753045181038,85323.92133784885,0.05733434000314785
825,w377596004,35.535723760165276,other,11646.700243681342,12940.778048534823,14558.375304601677,nr1,-58546.10131486987,-9772.911982547212,48773.189332322654,0.05733434000314785
827,w377596008,41.66994294051546,other,13998.601039715508,15554.001155239454,17498.251299644384,nr1,-70368.73084994723,-11746.425423300063,58622.305426647166,0.05733434000314785
831,w377596012,33.714099188242116,other,12242.593103107998,13602.881225675554,15303.241378884997,nr1,-61541.559512545035,-10272.934164311919,51268.625348233116,0.05733434000314785
836,w377596021,41.97082374822348,other,14380.159647722914,15977.95516413657,17975.19955965364,nr1,-72286.76501023065,-12066.596683332506,60220.16832689814,0.05733434000314785
838,w377596023,32.13139781658538,other,10917.67630164897,12130.751446276632,13647.09537706121,nr1,-54881.41443548111,-9161.177614049377,45720.23682143173,0.05733434000314785
844,w377596038,30.39147779517807,other,2398.685899783123,2665.2065553145812,2998.357374728904,nr0,-14784.904429000075,-2467.996440580944,12316.90798841913,0.07030154587301868
847,w377596043,50.74534401865676,other,16335.933556875763,18151.037285417515,20419.9169460947,nr1,-82118.12797472037,-13707.71441384873,68410.41356087163,0.05733434000314785
848,w377596044,31.44567816138733,other,12038.33310123901,13375.925668043345,15047.916376548761,nr1,-60514.777118065096,-10101.536688799186,50413.24042926591,0.05733434000314785
861,w377596072,32.00744857888203,other,11577.988988744306,12864.432209715895,14472.486235930382,nr1,-58200.70081439783,-9715.255390322787,48485.44542407504,0.05733434000314785
863,w377596074,30.798605113010854,other,11879.18583997191,13199.095377746566,14848.982299964886,nr1,-59714.76926286312,-9967.99395617235,49746.77530669077,0.05733434000314785
877,w377596096,31.32093481458723,other,11219.387851584088,12465.986501760097,14024.234814480109,nr1,-56398.07019211493,-9414.348070911912,46983.72212120302,0.05733434000314785
882,w377596101,34.10184732507914,other,11372.823539694798,12636.470599660886,14216.029424618497,nr1,-57169.366881606016,-9543.098141190494,47626.26874041552,0.05733434000314785
886,w377596106,35.077698366669935,other,12012.953356694099,13347.725951882332,15016.191695867623,nr1,-60387.19719719626,-10080.240183833193,50306.95701336307,0.05733434000314785
893,w377596115,40.14825235735625,other,13553.866705869179,15059.851895410198,16942.333382336474,nr1,-68133.12240954845,-11373.242512315903,56759.879897232546,0.05733434000314785
895,w377596117,32.339281557500364,other,11378.101421622307,12642.334912913673,14222.626777027883,nr1,-57195.897950800776,-9547.526887054353,47648.371063746425,0.05733434000314785
899,w377596123,32.752713098051025,other,12329.70326009582,13699.670288995354,15412.129075119774,nr1,-61979.44835400724,-10346.029537182849,51633.41881682439,0.05733434000314785
901,w377596125,37.63718191203661,other,12219.388662528083,13577.098513920091,15274.235828160103,nr1,-61424.91449715678,-10253.462987871639,51171.45150928514,0.05733434000314785
909,w377596135,73.15242530554532,other,21801.99476471699,24224.43862746332,27252.493455896238,nr1,-109595.14434604582,-18294.364190847107,91300.78015519872,0.05733434000314785
916,w377596142,40.572792674647644,other,13756.393494233684,15284.881660259649,17195.491867792105,nr1,-69151.19221665939,-11543.185623702157,57608.00659295723,0.05733434000314785
917,w377596143,37.61386710904771,other,11901.118275090319,13223.464750100355,14876.397843862898,nr1,-59825.02011002654,-9986.397774720992,49838.62233530555,0.05733434000314785
918,w377596145,32.806498026452026,other,11256.831818630073,12507.59090958897,14071.03977328759,nr1,-56586.29503197841,-9445.767836730678,47140.52719524773,0.05733434000314785
919,w377596147,34.850180151499806,other,2595.9189583634725,2884.354398181636,3244.8986979543406,nr0,-16000.600040340223,-2670.9285904656817,13329.671449874542,0.07030154587301868
929,w377596159,36.51154847629368,other,10808.444433628447,12009.382704031608,13510.555542035558,nr1,-54332.323287075225,-9069.519598515499,45262.803688559725,0.05733434000314785
931,w377596161,32.13265920560807,other,11285.953908042351,12539.948786713723,14107.442385052938,nr1,-56732.68712257565,-9470.204596552712,47262.48252602293,0.05733434000314785
934,w377596166,38.724472055921794,other,2981.905002903568,3313.227781003964,3727.38125362946,nr0,-18379.72220050678,-3068.0677841070838,15311.654416399699,0.07030154587301868
935,w377596167,41.94859704792034,other,13644.68095577657,15160.756617529521,17055.85119472071,nr1,-68589.63113430906,-11449.446042288906,57140.185092020154,0.05733434000314785
936,w377596168,31.29673577034846,other,10806.083972832546,12006.75996981394,13507.604966040682,nr1,-54320.45762778846,-9067.538902256994,45252.91872553147,0.05733434000314785
937,w377596169,36.7579496475868,other,12935.91476002989,14373.238622255432,16169.893450037362,nr1,-65026.776708889076,-10854.710237098498,54172.066471790575,0.05733434000314785
940,w379327852,945.496160332486,other,150314.97311086906,167016.6367898545,187893.71638858633,nr2,-695584.3116646763,-116111.64708952198,579472.6645751543,0.052779742900094045
941,w379327862,94.51021252730861,other,35231.108510581456,39145.67612286828,44038.88563822682,nr1,-177101.15355761113,-29562.9247183794,147538.22883923174,0.05733434000314785
942,w387435839,3594.435384737421,other,612480.6982969497,680534.109218833,765600.8728711872,nr2,-2834261.658142015,-473114.16300055274,2361147.495141462,0.052779742900094045
943,w387435840,942.2609318409114,other,202426.40072438534,224918.22302709482,253033.00090548166,nr2,-936730.5578185818,-156365.4126803183,780365.1451382635,0.052779742900094045
944,w390787314,132.5826213063672,other,36435.59621570424,40483.99579522693,45544.49526963029,nr1,-183155.9208085234,-30573.62749941917,152582.29330910422,0.05733434000314785
945,w390787315,330.5195846647024,other,95914.57790913379,106571.75323237087,119893.22238641723,nr2,-443845.8409883361,-74089.75560080461,369756.08538753144,0.052779742900094045
946,w390787316,150.59577141329646,other,12304.720854223664,13671.912060248515,15380.90106777958,nr1,-61853.86579116298,-10325.066444753875,51528.799346409105,0.05733434000314785
947,w390789514,104.66224040389062,trade,66966.30176497165,74407.00196107962,83707.87720621456,nr2,-309887.35156516905,-51728.49674589458,258158.85481927448,0.052779742900094045
948,w390789515,335.6007874913513,trade,76780.38985788339,85311.5442865371,95975.48732235424,nr2,-355302.1600133561,-59309.44433592046,295992.7156774356,0.052779742900094045
949,w390790006,38.98714106846601,trade,20423.524031863217,22692.80447984802,25529.40503982902,nr1,-102665.79221224946,-17137.669774331494,85528.12243791798,0.05733434000314785
950,w390793102,268.1788772383239,sfh,65081.30933515768,72312.56592795298,81351.6366689471,r2,-322261.3312741035,-53791.493394336554,268469.83787976694,0.052779742900094045
951,w390793103,629.0808588726446,th,190878.21940890737,212086.91045434153,238597.7742611342,r2,-945166.4345160163,-157766.10187082196,787400.3326451944,0.052779742900094045
952,w390793104,761.76513240356,mfh,116746.78481807098,129718.64979785665,145933.48102258873,r2,-578091.8466727661,-96494.4308666325,481597.41580613365,0.052779742900094045
953,w390793105,324.12222724705936,th,115306.70719754764,128118.56355283072,144133.38399693454,r2,-570961.0538865002,-95304.16707810319,475656.886808397,0.052779742900094045
954,w390793106,1475.9963392082602,mfh,234332.2441500108,260369.16016667866,292915.30518751347,r2,-1160336.5348926065,-193682.04930176403,966654.4855908426,0.052779742900094045
955,w390793107,895.6360460046678,mfh,90245.7910168643,100273.10112984922,112807.23877108037,r2,-446867.6038032381,-74590.63010473117,372276.9736985069,0.052779742900094045
956,w390793108,286.70933025064875,mfh,46848.04655803811,52053.38506448679,58560.05819754764,r1,-252004.48934762046,-42064.30157317172,209940.18777444874,0.05733662772353671
957,w390793793,117.72837251536548,mfh,22135.523635016718,24595.026261129686,27669.404543770896,r1,-119071.1617649608,-19875.222342726567,99195.93942223422,0.05733662772353671
958,w390794364,96.81251710766227,sfh,56694.85220505993,62994.28022784436,70868.5652563249,r2,-280734.341927586,-46859.85575637282,233874.48617121318,0.052779742900094045
959,w475684695,267.0884538785554,mfh,70757.24663127349,78619.16292363721,88446.55828909186,r2,-350366.7140323833,-58482.81178804543,291883.90224433783,0.052779742900094045
960,w620369477,3702.806372543797,other,329831.05954184383,366478.95504649315,412288.8244273048,nr2,-1526297.1197674714,-254779.8585337103,1271517.2612337612,0.052779742900094045
961,w620369478,20480.360502976928,other,1687025.1117225294,1874472.3463583658,2108781.3896531616,nr2,-7806728.610016879,-1303152.043669053,6503576.566347826,0.052779742900094045
962,w993163452,1412.2592688187956,other,219456.23066754482,243840.25629727202,274320.288334431,nr2,-1015536.2968186613,-169520.20067935716,846016.0961393041,0.052779742900094045
963,w993163453,1066.3710880815981,other,168538.70539177582,187265.22821308425,210673.38173971977,nr2,-779914.8478197553,-130188.67166972712,649726.1761500282,0.052779742900094045
964,w993163454,1257.084109787643,other,195060.50799116978,216733.8977679664,243825.6349889622,nr2,-902644.8022840982,-150675.58737657045,751969.2149075278,0.052779742900094045
965,w993163455,1355.0658122852444,mfh,137933.86271477625,153259.84746086248,172417.3283934703,r2,-683003.3181620458,-114006.13387888648,568997.1842831593,0.052779742900094045
966,w993163456,1286.649396429956,mfh,247159.72221315524,274621.9135701725,308949.652766444,r2,-1223854.005572705,-204284.3129708338,1019569.6926018712,0.052779742900094045
967,w993163457,923.1744978809729,ab,179010.19212771326,198900.21347523696,223762.74015964157,r2,-886399.8499112272,-147956.85067993842,738442.9992312888,0.052779742900094045
968,w993163458,923.3917086940259,ab,189578.2241455195,210642.47127279942,236972.78018189935,r2,-938729.2836887033,-156691.62000594314,782037.6636827602,0.052779742900094045
969,w993163460,1313.604391914094,ab,245379.75645429146,272644.1738381016,306724.6955678643,r2,-1215040.1980305156,-202813.12228124597,1012227.0757492696,0.052779742900094045
970,w993163461,1099.8535498690792,ab,238283.01711607818,264758.90790675353,297853.7713950977,r2,-1179899.4688380493,-196947.47189509738,982951.9969429519,0.052779742900094045
971,w993164648,226.1375619597733,ab,80518.68723860527,89465.20804289474,100648.35904825658,r2,-398702.1712843545,-66550.91111352782,332151.2601708267,0.052779742900094045
972,w993164649,158.37299746889622,other,45705.056496500765,50783.396107223074,57131.32062062596,nr1,-229752.01664503303,-38351.76358556848,191400.25305946457,0.05733434000314785
973,w993164650,163.5844805765897,other,42041.22380437142,46712.47089374602,52551.52975546427,nr1,-211334.5150775387,-35277.3894135033,176057.1256640354,0.05733434000314785
974,w993164651,162.24389737509188,other,40307.84105282511,44786.490058694566,50384.801316031386,nr1,-202621.07693058072,-33822.88326940312,168798.1936611776,0.05733434000314785
975,w993164652,173.63842588849366,other,44647.17229247326,49607.96921385918,55808.965365591575,nr1,-224434.20177107365,-37464.07788941632,186970.12388165732,0.05733434000314785
976,w1006795433,259.34726619906723,mfh,68303.07904180315,75892.31004644795,85378.84880225394,r2,-338214.4798098118,-56454.37472944628,281760.10508036555,0.052779742900094045
977,w1006849999,188.95288848243652,other,44821.0228985385,49801.13655393166,56026.278623173115,nr1,-225308.1209914012,-37609.958407987215,187698.162583414,0.05733434000314785
978,w1007159125,240.08975319266318,education,69893.91967217866,77659.91074686518,87367.39959022331,nr2,-323434.9379742738,-53989.95167762556,269444.9862966483,0.052779742900094045
979,w1007160095,265.99824453517795,sfh,66191.08957937718,73545.65508819686,82738.86197422147,r2,-327756.5996173093,-54708.75731059659,273047.8423067127,0.052779742900094045
980,w1007176059,713.9090096209663,trade,158757.7360382709,176397.48448696767,198447.17004783862,nr2,-734653.2967289475,-122633.30683637856,612019.989892569,0.052779742900094045
981,w1029411791,412.32884333096445,trade,89326.49349025691,99251.65943361878,111658.11686282113,nr2,-413359.40260595846,-69000.75270768364,344358.6498982748,0.052779742900094045
982,w1030080397,647.4037659055554,other,112142.32300889542,124602.5811209949,140177.90376111926,nr2,-518939.92291164456,-86624.9686476943,432314.95426395023,0.052779742900094045
983,w1030080398,123.65970464986749,other,23480.75041155538,26089.722679505976,29350.938014444222,nr1,-118033.98076548852,-19703.03195368892,98330.94881179961,0.05733434000314785
984,w1030080399,86.80603968682699,other,25835.146683608775,28705.718537343084,32293.933354510966,nr1,-129869.15465980873,-21678.63938389631,108190.51527591242,0.05733434000314785
985,w1036126248,1409.4026292502879,trade,218679.86292202817,242977.6254689202,273349.8286525352,nr2,-1011943.6459157765,-168920.4910442257,843023.1548715509,0.052779742900094045
986,w1036126249,536.9865712554193,mfh,123235.89624283573,136928.77360315082,154044.87030354465,r2,-610223.8014212705,-101857.86005861068,508365.9413626598,0.052779742900094045
987,w1036126250,784.2879224468953,mfh,152719.49523878298,169688.3280430922,190899.36904847872,r2,-756216.9284841426,-126226.86610402234,629990.0623801203,0.052779742900094045
988,w1036126251,422.468481163308,mfh,131740.18052406833,146377.9783600759,164675.2256550854,r2,-652334.2322346674,-108886.8850799367,543447.3471547307,0.052779742900094045
989,w1036680208,878.3984476357698,mfh,195723.4450164567,217470.49446272966,244654.30627057087,r2,-969158.4050304865,-161770.8141903045,807387.590840182,0.052779742900094045
990,w1075387093,82.43980132825672,other,25255.32593226266,28061.47325806962,31569.157415328325,nr1,-126954.48838159049,-21192.10353683231,105762.38484475818,0.05733434000314785
991,w1075387094,82.56877346616238,other,18471.951114990337,20524.39012776704,23089.93889373792,nr1,-92855.54696475256,-15500.077156244755,77355.4698085078,0.05733434000314785
992,w1075387095,130.11354850369972,other,17546.933519760307,19496.592799733673,21933.666899700384,nr1,-88205.63130492813,-14723.88172308805,73481.74958184008,0.05733434000314785
993,w1075387096,86.78853361294604,other,19192.799696722424,21325.332996358247,23990.99962090303,nr1,-96479.13761410092,-16104.951463526224,80374.18615057471,0.05733434000314785
994,w1075387097,130.27800867820625,other,18492.72523522246,20547.47248358051,23115.906544028076,nr1,-92959.97514804825,-15517.509016281983,77442.46613176627,0.05733434000314785
995,w1075387098,130.18280181584413,other,17539.018200395993,19487.79800043999,21923.77275049499,nr1,-88165.84225912573,-14717.239865923126,73448.6023932026,0.05733434000314785
996,w1075387099,86.85200681062415,other,27744.647424820705,30827.38602757856,34680.80928102588,nr1,-139467.90980219023,-23280.92864042604,116186.9811617642,0.05733434000314785
997,w1107949539,145.45949292609,other,7234.128086910359,8037.920096567066,9042.660108637949,nr1,-36364.80608580756,-6070.259866283027,30294.546219524535,0.05733434000314785
998,w1107949540,113.13991883732378,other,28748.75876737973,31943.06529708859,35935.94845922466,nr1,-144515.41709291533,-24123.49276298346,120391.92432993188,0.05733434000314785
999,w1108636740,113.13954655230044,other,30738.16352195462,34153.51502439402,38422.70440244327,nr1,-154515.83694409288,-25792.830614678354,128723.00632941452,0.05733434000314785
1000,w1108636741,169.70950587596744,other,22435.53536817059,24928.372631300655,28044.419210213237,nr1,-112779.85173790998,-18825.977130596366,93953.87460731361,0.05733434000314785
1001,w1108636742,113.35190696045755,other,24778.82711181561,27532.03012423957,30973.533889769515,nr1,-124559.20494210786,-20792.266592926844,103766.93834918101,0.05733434000314785
1002,w1108636743,97.02220907397567,other,29852.23012320762,33169.1445813418,37315.287654009524,nr1,-150062.39129545016,-25049.431287212134,125012.96000823802,0.05733434000314785
1003,w1108636744,97.02139693088829,other,21390.9331432008,23767.703492445333,26738.666429000998,nr1,-107528.80325059277,-17949.436532160234,89579.36671843253,0.05733434000314785
1004,w1108636745,97.02220705058426,other,20564.73007540746,22849.700083786065,25705.912594259324,nr1,-103375.61243245288,-17256.1577757472,86119.45465670568,0.05733434000314785
1005,w1108636746,96.97299731615931,other,20594.571221274768,22882.85691252752,25743.214026593458,nr1,-103525.61910496486,-17281.197906077487,86244.42119888737,0.05733434000314785
1006,w1108636747,96.97299630921333,other,21237.913006776573,23597.681118640638,26547.391258470714,nr1,-106759.59547303636,-17821.035157217786,88938.56031581857,0.05733434000314785
1007,w1108636748,93.15071205198764,other,25536.120008859092,28373.466676510103,31920.150011073863,nr1,-128365.9953417657,-21427.721844025058,106938.27349774064,0.05733434000314785
1008,w1108636749,139.88183319568634,other,19436.592588740816,21596.213987489795,24295.740735926018,nr1,-97704.64553113497,-16309.521549972727,81395.12398116224,0.05733434000314785
1009,w1108636750,139.7263257611543,other,19062.12837594123,21180.1426399347,23827.660469926534,nr1,-95822.27376207948,-15995.303297958417,79826.97046412106,0.05733434000314785
1010,w1108636751,139.8837134392932,other,18077.1469860024,20085.718873336,22596.433732503,nr1,-90870.929686756,-15168.79139098789,75702.13829576812,0.05733434000314785
1011,w1108636752,93.1510556358844,other,19469.083244354304,21632.314715949226,24336.35405544288,nr1,-97867.970865825,-16336.784921650737,81531.18594417427,0.05733434000314785
1012,w1108636753,93.25489941500128,other,19379.091053198343,21532.323392442602,24223.863816497927,nr1,-97415.59449906634,-16261.271192879285,81154.32330618706,0.05733434000314785
1013,w1108636754,139.72684112749994,other,25910.37615630671,28789.30684034079,32387.970195383386,nr1,-130247.32119953974,-21741.765505440413,108505.55569409933,0.05733434000314785
1014,w1159236388,245.9913005110109,other,69645.03448735391,77383.37165261546,87056.29310919238,nr2,-322283.21884485515,-53797.69891565443,268485.5199292007,0.052779742900094045
1015,w1159236389,122.96537718712352,other,45526.262556586495,50584.736173984995,56907.82819573311,nr1,-228853.24807524993,-38201.73504518915,190651.51303006077,0.05733434000314785
1016,w1159236390,245.9301320978673,other,47719.789281556106,53021.988090617895,59649.73660194513,nr1,-239879.75645873975,-40042.35454822165,199837.4019105181,0.05733434000314785
1017,w1219742100,99.15745026543736,other,24902.255561907554,27669.172846563946,31127.81945238444,nr1,-125179.6600403783,-20895.83716258628,104283.82287779202,0.05733434000314785
1018,w1219742101,534.7382739499211,other,97380.9120977135,108201.0134419039,121726.14012214188,nr2,-450631.3197475366,-75222.43369864179,375408.88604889484,0.052779742900094045
1019,w1219742102,331.85329187787136,other,59651.986323929385,66279.98480436599,74564.98290491173,nr2,-276040.2705587872,-46078.512611810125,229961.7579469771,0.052779742900094045
1020,w1219742103,321.63751182574777,other,63594.9553748088,70661.06152756533,79493.694218511,nr2,-294286.4063655517,-49124.281249794956,245162.12511575673,0.052779742900094045
1021,w1219742104,906.7466930493712,other,139944.3369520087,155493.7077244541,174930.42119001088,nr2,-647594.0704744987,-108100.79081319297,539493.2796613057,0.052779742900094045
1022,w1219742105,1260.638449399173,ab,275916.17447946646,306573.52719940717,344895.21809933305,r2,-1366246.540153374,-228052.31223098707,1138194.227922387,0.052779742900094045
1023,w1219929093,501.3837405549362,other,115763.07895930854,128625.6432881206,144703.84869913565,nr2,-535695.0137941495,-89421.84196251417,446273.17183163535,0.052779742900094045
1024,w1242595698,177.05818741209805,other,34357.4302496909,38174.92249965655,42946.787812113624,nr1,-172709.3125289517,-28829.808851558613,143879.50367739308,0.05733434000314785
1025,w1242595699,175.70056665593293,other,34263.08094414638,38070.08993794042,42828.85118018297,nr1,-172235.03364430417,-28750.63900607373,143484.39463823044,0.05733434000314785
