,full_id,NFA,building_usage,yearly_demand_useful_unrenovated,yearly_demand_delivered_unrenovated,yearly_demand_delivered_unrenovated_DH,consumer_size_unrenovated,npv_Gas_25years_ir_0.05,npv_DH_25years_ir_0.05,savings_npv_25years_ir_0.05,operator_selling_price
0,w24853838,27974.42320393324,trade,3363349.9875081507,3737055.541675723,4204187.484385188,nr2,-10375961.167987771,-16727862.17241691,-6351901.004429139,0.31759841759365526
1,w24853840,937.1926232803613,trade,272349.6863526429,302610.7626140477,340437.1079408036,nr2,-840200.9247340703,-1354550.680996277,-514349.7562622066,0.31759841759365526
2,w24853841,8998.296452549099,trade,1188350.4419802595,1320389.379978066,1485438.0524753244,nr2,-3666070.461219997,-5910346.07751428,-2244275.6162942825,0.31759841759365526
3,w25538793,404.8852469230536,trade,112230.46580400888,124700.51756000987,140288.0822550111,nr2,-346231.8698240302,-558186.2638406317,-211954.3940166015,0.31759841759365526
4,w27689586,5481.69515059907,office,818145.3088975507,909050.3432195007,1022681.6361219384,nr2,-2523984.7135806805,-4069104.3201208087,-1545119.6065401281,0.31759841759365526
5,w28994179,8336.082743907347,other,2201757.672994403,2446397.414438226,2752197.091243004,nr2,-6792439.740484688,-10950599.559280181,-4158159.818795493,0.31759841759365526
6,w28994181,1422.5013561584055,trade,420750.2233605851,467500.24817842786,525937.7792007313,nr2,-1298017.748740468,-2092631.3858297032,-794613.6370892352,0.31759841759365526
7,w29249266,23411.247439788887,trade,2692049.9258480393,2991166.584275599,3365062.407310049,nr2,-8304995.197237385,-13389103.212007618,-5084108.014770232,0.31759841759365526
8,w30213059,1747.46707642246,ab,433572.30468412075,481747.0052045786,541965.3808551509,r2,-1431272.0455733635,-2307351.1309181396,-876079.085344776,0.31759841759365526
9,w50930444,8762.936898044496,other,1098863.243386893,1220959.15931877,1373579.0542336162,nr2,-3390001.7496421393,-5465275.082873432,-2075273.3332312927,0.31759841759365526
10,w50930445,4934.112452852726,other,688308.3291655973,764787.0324062193,860385.4114569966,nr2,-2123436.609793936,-3423350.797619238,-1299914.1878253021,0.31759841759365526
11,w50930458,1974.6456010334193,other,322603.8818012126,358448.7575569029,403254.8522515157,nr2,-995235.5129985971,-1604493.5231541323,-609258.0101555352,0.31759841759365526
12,w50930471,7086.712400933168,other,741559.2688132944,823954.7431258826,926949.086016618,nr2,-2287716.177485529,-3688198.1617909125,-1400481.9843053836,0.31759841759365526
13,w50930472,6477.305229391343,other,1142425.6414889656,1269361.8238766284,1428032.051861207,nr2,-3524392.090454221,-5681935.791410431,-2157543.7009562105,0.31759841759365526
14,w50930478,6019.835157379508,trade,845863.988064798,939848.8756275532,1057329.9850809975,nr2,-2609497.0568501814,-4206965.157212784,-1597468.1003626022,0.31759841759365526
15,w50930479,4489.048651921749,other,601355.6698929445,668172.9665477161,751694.5873661806,nr2,-1855186.9719574768,-2990885.515908933,-1135698.543951456,0.31759841759365526
16,w50930480,4441.97852948606,other,567543.7161703141,630604.1290781267,709429.6452128926,nr2,-1750876.8287541713,-2822719.3411864066,-1071842.5124322353,0.31759841759365526
17,w50930481,1370.623297881335,other,209694.20956148568,232993.56617942854,262117.7619518571,nr2,-646908.2859776551,-1042929.1774351628,-396020.89145750774,0.31759841759365526
18,w50930482,786.6849797132425,other,244449.91309214005,271611.0145468223,305562.391365175,nr2,-754129.9047623674,-1215789.1594547299,-461659.2546923625,0.31759841759365526
19,w50930483,1057.3881191070657,other,141593.14798462993,157325.71998292214,176991.4349807874,nr2,-436815.97532171954,-704223.6677249102,-267407.69240319065,0.31759841759365526
20,w50930486,509.32494937628496,trade,79565.05589646377,88405.61766273752,99456.31987057971,nr2,-245458.8233091171,-395722.5069409961,-150263.683631879,0.31759841759365526
21,w98916060,5426.03009034004,other,674562.9876004758,749514.4306671954,843203.7345005947,nr2,-2081032.1229429864,-3354987.356387094,-1273955.2334441077,0.31759841759365526
22,w98916062,151.14776481509907,trade,44636.284751773725,49595.871946415245,55795.355939717156,nr1,-149586.31456233008,-241159.27308965882,-91572.95852732874,0.34500538763980826
23,w98916065,222.67857759937178,other,73750.5768182926,81945.08535365843,92188.22102286573,nr2,-227521.1096155507,-366803.77859416994,-139282.66897861924,0.31759841759365526
24,w98916067,36008.87229184061,trade,3131751.8703745524,3479724.300416169,3914689.83796819,nr2,-9661479.154851314,-15575992.341090675,-5914513.186239362,0.31759841759365526
25,w98916074,4745.314506876469,trade,489677.5280019927,544086.1422244363,612096.9100024909,nr2,-1510659.025749876,-2435446.274628089,-924787.2488782129,0.31759841759365526
26,w98916075,67.06430839556852,sfh,28006.37749434393,31118.1972159377,35007.97186792991,r1,-100434.39556147835,-161910.11128776954,-61475.71572629119,0.3450191538375098
27,w98916076,98.82164086105185,sfh,45724.46230850625,50804.9581205625,57155.57788563281,r1,-163973.67832579816,-264341.67654987884,-100367.99822408069,0.3450191538375098
28,w98916079,3334.9361924076916,trade,505098.5125556637,561220.569506293,631373.1406945796,nr2,-1558232.8844013147,-2512143.6463363175,-953910.7619350029,0.31759841759365526
29,w98916080,1488.1518905248724,other,425989.1748285403,473321.30536504474,532486.4685356753,nr2,-1314179.9552293476,-2118687.6863662,-804507.7311368524,0.31759841759365526
30,w98916086,294.4025758753764,other,84011.4414641592,93346.046071288,105014.301830199,nr2,-259175.95776127395,-417836.924179191,-158660.96641791705,0.31759841759365526
31,w98916091,1488.9465953722595,trade,203377.83561937796,225975.37291041994,254222.29452422244,nr2,-627422.2226808775,-1011514.2390179733,-384092.01633709576,0.31759841759365526
32,w98916094,150.05011938810347,trade,59712.69870596085,66347.44300662317,74640.87338245106,nr2,-184214.14521532963,-296985.38588201266,-112771.24066668304,0.31759841759365526
33,w98916098,17023.336804370396,trade,1160795.6547794726,1289772.9497549694,1450994.5684743407,nr2,-3581063.72595622,-5773300.368861597,-2192236.642905377,0.31759841759365526
34,w98916102,2270.5699141463265,trade,277707.36496159376,308563.7388462153,347134.2062019922,nr2,-856729.4053868433,-1381197.4794762165,-524468.0740893732,0.31759841759365526
35,w98916109,81.43322088830173,sfh,33514.377689912006,37238.19743323556,41892.97211239,r1,-120186.77769323048,-193752.89155514215,-73566.11386191167,0.3450191538375098
36,w98916113,559.2398283889517,trade,173096.7032610543,192329.6702900603,216370.87907631785,nr2,-534004.6911603335,-860908.8573609669,-326904.1662006334,0.31759841759365526
37,w98916116,6987.1012714248145,other,1097332.4309481357,1219258.2566090396,1371665.5386851695,nr2,-3385279.1812270135,-5457661.477514947,-2072382.2962879334,0.31759841759365526
38,w98916121,458.57296650111675,other,77767.01189391078,86407.7909932342,97208.76486738847,nr2,-239911.84341760568,-386779.8062508039,-146867.9628331982,0.31759841759365526
39,w98916126,988.0943454869091,trade,197017.6638222169,218908.51535801878,246272.07977777114,nr2,-607801.0426567411,-979881.4688302275,-372080.4261734864,0.31759841759365526
40,w99055014,379.03616306802724,mfh,103886.00234658027,115428.89149620029,129857.50293322533,r2,-342939.64231261646,-552852.3902733617,-209912.74796074524,0.31759841759365526
41,w99055018,363.825429549627,mfh,46056.25658478869,51173.618427542984,57570.320730985855,r1,-165163.53437183317,-266259.8413753149,-101096.30700348175,0.3450191538375098
42,w99055022,32.828185592684896,sfh,3919.133173535123,4354.592415039026,4898.916466918904,r0,-17245.92093358339,-27802.118606940112,-10556.19767335672,0.42336411453423695
43,w99055023,57.57688737055287,sfh,8184.319552772025,9093.688391968917,10230.399440965031,r1,-29350.00028228045,-47315.08349737855,-17965.083215098104,0.3450191538375098
44,w99055025,2922.078992408514,trade,452573.54328285396,502859.4925365044,565716.9291035674,nr2,-1396192.9410268206,-2250906.947845431,-854714.0068186105,0.31759841759365526
45,w99055028,168.94065034445376,ab,43972.00169238011,48857.77965820012,54965.00211547513,r1,-157689.1339300986,-254210.37365496784,-96521.23972486926,0.3450191538375098
46,w99055030,502.22660109587014,other,110345.01742019283,122605.57491132537,137931.27177524104,nr2,-340415.2467287886,-548808.8511970405,-208393.60446825193,0.31759841759365526
47,w99055036,2513.4158389533286,other,330483.5217773499,367203.9130859443,413104.4022216873,nr2,-1019544.2643071987,-1643683.4772114402,-624139.2129042415,0.31759841759365526
48,w99055038,506.9609570838511,other,79961.51759265392,88846.13065850436,99951.8969908174,nr2,-246681.9107604803,-397694.33759648644,-151012.42683600614,0.31759841759365526
49,w99055039,1650.1993483711033,other,338564.5603338267,376182.844815363,423205.70041728334,nr2,-1044474.3318203741,-1683875.101539803,-639400.7697194288,0.31759841759365526
50,w99055040,101.95110847079195,trade,35473.87847194902,39415.4205243878,44342.34808993628,nr1,-118881.01291046572,-191656.9623466742,-72775.94943620848,0.34500538763980826
51,w99055041,189.90211718752977,ab,64844.60917431788,72049.56574924209,81055.76146789735,r2,-214059.51306079896,-345084.962060278,-131025.44899947903,0.31759841759365526
52,w99055043,190.2007592998445,sfh,30697.895353485233,34108.772614983594,38372.36919185654,r1,-110086.51745337153,-177470.2799027429,-67383.76244937138,0.3450191538375098
53,w99055048,47.74609960326925,sfh,11355.003677738081,12616.670753042312,14193.754597172601,r1,-40720.472728124354,-65645.40199841624,-24924.92927029189,0.3450191538375098
54,w99055050,194.95880112051967,trade,65293.88007878503,72548.75564309447,81617.35009848129,nr2,-201432.13365275206,-324743.7913737447,-123311.65772099266,0.31759841759365526
55,w99055053,122.33706042193808,ab,48626.33010181447,54029.255668682745,60782.91262726809,r1,-174380.14156364783,-281117.91751327424,-106737.7759496264,0.3450191538375098
56,w99055057,303.91877080444243,ab,88130.71220600387,97923.01356222652,110163.39025750483,r2,-290929.61744598334,-469007.12125811103,-178077.5038121277,0.31759841759365526
57,w99055067,194.8848727118224,sfh,65633.5027744247,72926.11419380523,82041.87846803087,r2,-216663.74157024504,-349283.23423014535,-132619.4926599003,0.31759841759365526
58,w99055068,348.37368724122643,ab,112371.73345026825,124857.48161140917,140464.6668128353,r2,-370952.01668189175,-598011.0894043553,-227059.07272246352,0.31759841759365526
59,w99055094,263.70872883694244,other,66222.21643354537,73580.24048171708,82777.7705419317,nr2,-204296.0586095958,-329360.93875648873,-125064.88014689292,0.31759841759365526
60,w99055100,85.6876405166462,sfh,25305.08095882124,28116.75662091249,31631.351198526547,r1,-90747.20610499373,-146293.4103139976,-55546.20420900386,0.3450191538375098
61,w99055110,94.65369866762775,sfh,43008.0077694763,47786.675299418115,53760.00971184538,r1,-154232.1303604176,-248637.34432014546,-94405.21395972787,0.3450191538375098
62,w99055113,801.3236896117684,education,153920.91133503173,171023.23481670194,192401.13916878967,nr2,-474847.2222294136,-765536.6821259113,-290689.4598964978,0.31759841759365526
63,w99055118,54.3237798044458,other,23804.901196266306,26449.890218073673,29756.126495332883,nr1,-79775.62331346092,-128612.24226854164,-48836.61895508072,0.34500538763980826
64,w99055131,500.74276516167447,th,72717.48895532465,80797.20995036072,90896.8611941558,r2,-240048.7947261124,-386982.2370246533,-146933.4422985409,0.31759841759365526
65,w99055135,442.04770180433985,ab,137665.55382486942,152961.72647207713,172081.94228108675,r2,-454449.8269359297,-732617.7615004795,-278167.9345645498,0.31759841759365526
66,w99055142,64.54166975589469,sfh,30160.239219850773,33511.376910945306,37700.29902481347,r1,-108158.41486986517,-174361.98914115166,-66203.57427128649,0.3450191538375098
67,w99055146,149.08371188635937,sfh,35989.67270290303,39988.52522544781,44987.090878628784,r1,-129063.49723742368,-208063.03541806678,-78999.5381806431,0.3450191538375098
68,w99055147,57.659734526090325,sfh,28466.509789067404,31629.455321186004,35583.13723633425,r1,-102084.48789877551,-164570.22222360267,-62485.734324827165,0.3450191538375098
69,w99055152,1635.3717537612654,other,264839.6090606733,294266.232289637,331049.5113258416,nr2,-817032.2772131513,-1317198.7734306473,-500166.496217496,0.31759841759365526
70,w99055158,567.1104306213557,trade,145250.08944325574,161388.98827028414,181562.61180406966,nr2,-448097.6684875319,-722411.728116987,-274314.05962945515,0.31759841759365526
71,w99055160,362.3993257842958,ab,116945.43298399536,129939.36998221706,146181.79122999418,r2,-386050.3248919717,-622351.0453416089,-236300.7204496372,0.31759841759365526
72,w99055171,150.93386064656082,sfh,42322.031949022065,47024.47994335785,52902.53993627758,r1,-151772.13470724804,-244671.58968254927,-92899.45497530123,0.3450191538375098
73,w99055172,71.28885925472714,sfh,26412.615881368278,29347.350979298084,33015.76985171034,r1,-94718.96577050936,-152696.27703965307,-57977.31126914371,0.3450191538375098
74,w99055173,413.9677898917347,ab,98421.64722994015,109357.3858110446,123027.05903742518,r2,-324901.17758357734,-523772.6132167907,-198871.43563321338,0.31759841759365526
75,w99055181,184.62117180265486,other,52953.38491255124,58837.094347279155,66191.73114068905,nr2,-163361.60899306636,-263367.4543743722,-100005.84538130584,0.31759841759365526
76,w99055182,84.81555104400032,sfh,30043.601375413575,33381.77930601508,37554.50171926697,r1,-107740.13687557586,-173687.6839270265,-65947.54705145063,0.3450191538375098
77,w99055185,136.9722994968528,education,56500.13393526559,62777.92659473955,70625.16741908199,nr2,-174303.35762730468,-281007.4647903195,-106704.10716301482,0.31759841759365526
78,w99055186,41.49024544628337,sfh,17129.93248807537,19033.258320083743,21412.415610094213,r1,-61430.0944774537,-99031.346558704,-37601.2520812503,0.3450191538375098
79,w99055192,160.51305735595523,ab,57855.20117670868,64283.556863009646,72319.00147088585,r2,-190986.67336599148,-307889.2780336399,-116902.60466764841,0.31759841759365526
80,w99055193,133.23216011486946,other,37532.54048549063,41702.82276165626,46915.67560686328,nr1,-125780.05626157971,-202779.4255508561,-76999.3692892764,0.34500538763980826
81,w99055199,594.2030242990702,ab,161560.63669589665,179511.81855099628,201950.7958698708,r2,-533330.2438132874,-859780.7419081314,-326450.49809484405,0.31759841759365526
82,w99055201,119.5810925271362,sfh,20863.46598522469,23181.62887247188,26079.332481530862,r1,-74819.01563194623,-120615.602649737,-45796.58701779078,0.3450191538375098
83,w99055202,635.4450178422034,ab,152053.7668206543,168948.629800727,190067.20852581787,r2,-501946.97291167564,-809187.826444785,-307240.85353310936,0.31759841759365526
84,w99055209,191.61494707558305,other,70112.01985770148,77902.24428633497,87640.02482212684,nr2,-216296.13277079008,-348707.1548204572,-132411.02204966714,0.31759841759365526
85,w99055216,463.1840371862054,education,109886.46289732688,122096.06988591875,137358.07862165858,nr2,-339000.60241870064,-546528.1974186559,-207527.5949999552,0.31759841759365526
86,w99055219,773.0541430711745,other,278876.1015267074,309862.33502967487,348595.12690838426,nr2,-860334.9668836446,-1387010.2745316513,-526675.3076480067,0.31759841759365526
87,w99055224,318.955577952601,ab,97386.85393587021,108207.61548430023,121733.56741983775,r2,-321485.2059019264,-518265.73131602386,-196780.52541409747,0.31759841759365526
88,w99055226,262.56915004737675,ab,68882.92431873608,76536.58257637343,86103.6553984201,r2,-227390.45582392658,-366575.75128922955,-139185.29546530297,0.31759841759365526
89,w99055235,1694.7837025728077,trade,454766.4550460432,505296.0611622702,568458.068807554,nr2,-1402958.0910659733,-2261813.5516384183,-858855.4605724451,0.31759841759365526
90,w99055245,424.4345906373113,ab,103965.14712697687,115516.8301410854,129956.43390872108,r2,-343200.9083356326,-553273.576766552,-210072.66843091947,0.31759841759365526
91,w99055249,70.42309986636974,sfh,42198.85213670418,46887.613485226866,52748.565170880225,r1,-151330.39639253664,-243959.46412740304,-92629.0677348664,0.3450191538375098
92,w99055257,137.79457132667304,trade,36776.369579875674,40862.632866528525,45970.46197484459,nr1,-123245.95604290713,-198694.01326926143,-75448.0572263543,0.34500538763980826
93,w99055287,226.3710821658373,mfh,59613.906337197506,66237.67370799722,74517.38292149687,r2,-196792.36138023666,-317248.6174037176,-120456.25602348094,0.31759841759365526
94,w99055292,58.725108856521544,trade,26525.467723892125,29472.741915435694,33156.83465486515,nr1,-88892.85882381578,-143310.81877066032,-54417.95994684454,0.34500538763980826
95,w99055300,847.1402418442303,other,254576.4883248694,282862.7648054104,318220.6104060867,nr2,-785370.4690122248,-1266154.4070206573,-480783.9380084325,0.31759841759365526
96,w99389931,488.4274571448564,mfh,99885.52168356317,110983.91298173685,124856.90210445395,r2,-329733.59552416985,-531562.9456240926,-201829.35009992274,0.31759841759365526
97,w99389943,2856.129719105386,ab,753433.5986085004,837148.4428983338,941791.9982606255,r2,-2487170.966027765,-4009563.9113471163,-1522392.9453193513,0.31759841759365526
98,w99389949,2886.5421926505865,ab,580449.5002005128,644943.8891116809,725561.875250641,r2,-1916130.5612204415,-3088990.6856580013,-1172860.1244375599,0.31759841759365526
99,w99389956,671.7147096479312,education,89443.69768775851,99381.88631973168,111804.62210969813,nr2,-275934.5109418741,-444854.63976963644,-168920.12882776232,0.31759841759365526
100,w99389960,693.6997662768932,ab,148936.37280444131,165484.85867160145,186170.46600555163,r2,-491656.096713543,-792597.9231434963,-300941.8264299533,0.31759841759365526
101,w99389971,1612.9015118613836,education,310171.75703434105,344635.2855937123,387714.69629292627,nr2,-956882.3103001739,-1542661.459770032,-585779.149469858,0.31759841759365526
102,w99389974,117.56442073537036,education,52128.9162673466,57921.01807482955,65161.145334183246,nr2,-160818.1167372382,-259266.90048801305,-98448.78375077486,0.31759841759365526
103,w99389975,1082.0712234761565,mfh,231350.57731323762,257056.19701470845,289188.221641547,r2,-763714.8647604184,-1231183.3814919714,-467468.516731553,0.31759841759365526
104,w99389979,163.53384786918758,ab,58149.28603004769,64610.317811164095,72686.60753755961,r2,-191957.48129136694,-309454.31577153684,-117496.8344801699,0.31759841759365526
105,w99389992,2055.490491580963,other,58546.07010034079,65051.189000378654,73182.58762542598,nr2,-180615.0867901474,-291183.0749141702,-110567.98812402278,0.31759841759365526
106,w99390006,431.6004564465955,education,83193.87810957021,92437.6423439669,103992.34763696276,nr2,-256653.76838131287,-413770.7142505253,-157116.94586921242,0.31759841759365526
107,w99390011,2874.346682216227,ab,484169.36215911823,537965.9579545758,605211.7026988978,r2,-1598298.7517763644,-2576614.588304146,-978315.8365277818,0.31759841759365526
108,w99390014,587.280543653667,trade,162623.15526497437,180692.3947388604,203278.94408121795,nr2,-501693.71320620883,-808817.9158932843,-307124.2026870754,0.31759841759365526
109,w99390021,1293.7586996998637,other,217663.0061235635,241847.7845817372,272078.7576544544,nr2,-671492.0860552002,-1082562.5581613914,-411070.4721061912,0.31759841759365526
110,w99390022,5590.431437242403,education,574754.7680048286,638616.408894254,718443.4600060357,nr2,-1773122.9803866702,-2858584.024211941,-1085461.0438252706,0.31759841759365526
111,w99390025,475.7887667253613,education,25792.4872334772,28658.319148308,32240.6090418465,nr1,-86436.47494650615,-139350.69880905576,-52914.22386254961,0.34500538763980826
112,w99390027,116.0190749399364,mfh,30471.532898927206,33857.25877658578,38089.41612365901,r1,-109274.75319339395,-176161.63617628222,-66886.88298288827,0.3450191538375098
113,w99390046,1095.085822885856,mfh,106966.72504118257,118851.91671242507,133708.4063014782,r2,-353109.4622603186,-569247.1390076347,-216137.6767473161,0.31759841759365526
114,w99390052,1678.6958267321402,education,313343.4785138492,348159.42057094356,391679.3481423115,nr2,-966667.0960136084,-1558436.2438262743,-591769.1478126659,0.31759841759365526
115,w99390065,2581.633286331594,education,303237.21702470875,336930.2411385653,379046.5212808859,nr2,-935489.1998225128,-1508172.0281197198,-572682.828297207,0.31759841759365526
116,w99390082,124.21957990797236,education,40072.95656433488,44525.50729370543,50091.1957054186,nr1,-134293.56675651617,-216504.69185216978,-82211.12509565361,0.34500538763980826
117,w99390107,332.09000708311794,education,86074.09353300124,95637.88170333471,107592.61691625154,nr2,-265539.2556187268,-428095.6720482475,-162556.4164295207,0.31759841759365526
118,w99390110,1066.5973296171287,mfh,114572.26191078915,127302.51323421017,143215.32738848642,r2,-378216.2142263516,-609721.6894061235,-231505.4751797719,0.31759841759365526
119,w99390116,694.0162199864862,ab,171537.2907712172,190596.9897457969,214421.6134640215,r2,-566264.3263921208,-912873.7181309576,-346609.39173883677,0.31759841759365526
120,w99390122,307.42072394330467,other,98874.38300018918,109860.42555576575,123592.97875023646,nr2,-305028.2493136545,-491758.8289511657,-186730.57963751123,0.31759841759365526
121,w99390129,1196.3697846690193,trade,150904.2748343005,167671.41648255612,188630.34354287563,nr2,-465540.8748954236,-750533.2243246312,-284992.34942920756,0.31759841759365526
122,w99390130,964.417538562417,education,123263.23222122405,136959.14691247116,154079.04027653005,nr2,-380268.04100623814,-613058.5181980731,-232790.477191835,0.31759841759365526
123,w99390133,9252.387912133521,education,972176.5982886618,1080196.2203207354,1215220.7478608273,nr2,-2999172.452981347,-4835189.975418055,-1836017.5224367082,0.31759841759365526
124,w99390139,1249.1388426542283,ab,241110.81532940577,267900.90592156193,301388.5191617572,r2,-795934.5330366507,-1283124.651682287,-487190.11864563625,0.31759841759365526
125,w99390141,112.67489476799965,other,30812.352442711337,34235.94715856815,38515.44055338917,nr1,-103259.18186364393,-166471.841431009,-63212.65956736507,0.34500538763980826
126,w99758761,171.36210507287177,trade,71701.33492410115,79668.14991566793,89626.66865512643,nr2,-221199.182252381,-356611.72718967905,-135412.54493729805,0.31759841759365526
127,w99758765,309.03573338240386,trade,63683.59645386957,70759.55161541063,79604.49556733695,nr2,-196464.39600319858,-316734.93037618836,-120270.53437298979,0.31759841759365526
128,w99758770,601.7205038767308,mfh,161183.5194907484,179092.7994341649,201479.3993634355,r2,-532085.3365445293,-857773.8291039997,-325688.49255947035,0.31759841759365526
129,w99758771,781.3335011973977,mfh,242606.4871433184,269562.763492576,303258.108929148,r2,-800871.917720769,-1291084.2007910064,-490212.2830702375,0.31759841759365526
130,w99758774,197.5460334163159,ab,81923.45549204445,91026.06165782716,102404.31936505556,r2,-270438.749098522,-435973.8286697203,-165535.07957119826,0.31759841759365526
131,w99758775,265.071225726977,sfh,61870.86990849301,68745.41100943668,77338.58738561627,r2,-204242.85771631176,-329259.54935764795,-125016.69164133619,0.31759841759365526
132,w99758777,337.6781565959565,ab,112117.33481396282,124574.81645995869,140146.6685174535,r2,-370112.2175234994,-596657.2506677897,-226545.03314429033,0.31759841759365526
133,w99758783,333.3155570875853,th,97084.55173945901,107871.72415495446,121355.68967432376,r2,-320487.2715819425,-516656.9631654,-196169.69158345752,0.31759841759365526
134,w99758786,182.17889552428386,mfh,64453.89180049492,71615.43533388324,80567.36475061865,r2,-212769.71007100685,-343005.6729437452,-130235.96287273837,0.31759841759365526
135,w99758788,349.08404515869915,other,105965.71244627453,117739.68049586058,132457.14055784314,nr2,-326905.0564360984,-527028.0640988295,-200123.0076627311,0.31759841759365526
136,w99758792,60.93018751584459,sfh,32182.799298104404,35758.66588678267,40228.49912263051,r1,-115411.56994096296,-186054.78759116112,-70643.21765019816,0.3450191538375098
137,w99758793,126.39461716674268,ab,41738.57972555827,46376.199695064744,52173.22465694784,r1,-149679.80158010867,-241298.54315230102,-91618.74157219235,0.3450191538375098
138,w99758796,604.0452805191278,ab,184492.8634150034,204992.0704611149,230616.07926875426,r2,-609032.1617891616,-981819.6698635315,-372787.50807436986,0.31759841759365526
139,w99758800,420.9761067721993,ab,92842.64191888488,103158.4910209832,116053.3023986061,r2,-306484.23937615135,-494082.6997357161,-187598.46035956475,0.31759841759365526
140,w99758801,293.7319820257835,mfh,67864.51822675424,75405.02025194916,84830.6477834428,r2,-224028.5801811611,-361156.07751698483,-137127.49733582375,0.31759841759365526
141,w99758803,512.6721141899004,mfh,56260.4467066917,62511.60745187967,70325.55838336462,r2,-185722.20543796875,-299402.4386064507,-113680.23316848194,0.31759841759365526
142,w99758805,165.76912949401884,sfh,44423.96297792158,49359.958864357315,55529.95372240197,r1,-159309.9239997788,-256823.2464570488,-97513.32245727,0.3450191538375098
143,w99758807,110.8734177275095,other,42208.61045180913,46898.4560575657,52760.76306476141,nr1,-141450.62734040117,-228043.1239134073,-86592.49657300612,0.34500538763980826
144,w99758813,43.0509613757953,other,17174.540999496516,19082.823332773907,21468.176249370645,nr1,-57555.78240216853,-92789.97672230189,-35234.194320133356,0.34500538763980826
145,w99758814,84.92593946289271,th,27459.55482869497,30510.616476327745,34324.44353586871,r1,-98473.4206401462,-158748.82708856248,-60275.40644841628,0.3450191538375098
146,w99758818,424.19755738042295,mfh,69586.56461067413,77318.40512297126,86983.20576334266,r2,-229713.25335760144,-370320.32908126747,-140607.07572366603,0.31759841759365526
147,w99758821,35.03456762442365,sfh,25121.529345996543,27912.810384440603,31401.911682495676,r1,-90088.96691314873,-145232.26407809122,-55143.29716494249,0.3450191538375098
148,w99758824,478.7830200769007,ab,145866.56731824548,162073.96368693942,182333.20914780683,r2,-481522.31572644575,-776261.2727538153,-294738.9570273695,0.31759841759365526
149,w99758826,588.1092009779065,ab,119723.39300006734,133025.99222229703,149654.24125008416,r2,-395220.69041525177,-637134.5753675844,-241913.8849523326,0.31759841759365526
152,w99758837,194.723237061128,mfh,26918.830601657704,29909.81177961967,33648.538252072125,r1,-96534.31548743937,-155622.79910464067,-59088.4836172013,0.3450191538375098
153,w99758838,318.7432954022661,ab,108085.42367030495,120094.91518922773,135106.77958788117,r2,-356802.4151034451,-575200.5417484825,-218398.12664503738,0.31759841759365526
154,w99758842,66.20839738831855,sfh,10622.24162044283,11802.490689380922,13277.802025553538,r1,-38092.695739483235,-61409.167366926,-23316.471627442763,0.3450191538375098
155,w99758845,141.8255072105676,th,69073.7291614408,76748.58795715644,86342.161451801,r2,-228020.32455533053,-367591.16155608254,-139570.837000752,0.31759841759365526
156,w99758846,563.5821329504251,other,132419.0595091203,147132.288343467,165523.82438640037,nr2,-408513.84021026286,-658595.6812989177,-250081.84108865488,0.31759841759365526
157,w99758847,385.25146163031457,sfh,142056.25987695777,157840.28875217531,177570.3248461972,r2,-468944.05261591694,-755983.8770603654,-287039.82444444846,0.31759841759365526
158,w99758850,177.17881421931088,ab,53639.1155091704,59599.017232411556,67048.894386463,r2,-177068.88965956587,-285452.44355886965,-108383.55389930378,0.31759841759365526
159,w99758852,422.9061155930161,other,94685.0186301774,105205.57625575266,118356.27328772173,nr2,-292104.0272781123,-470922.72505716933,-178818.69777905702,0.31759841759365526
160,w99758858,57.38898355839774,sfh,28769.771092753355,31966.412325281504,35962.21386594169,r1,-103172.021112917,-166323.4325928831,-63151.41147996609,0.3450191538375098
161,w99758862,402.33381934519855,sfh,132318.5054462975,147020.56160699722,165398.13180787186,r2,-436798.6052414212,-704162.2582543476,-267363.6530129264,0.31759841759365526
162,w99758864,101.365438436158,other,37363.38761700267,41514.87513000297,46704.23452125333,nr1,-125213.18663218578,-201865.5326712753,-76652.3460390895,0.34500538763980826
163,w99758865,63.831228005420414,other,17801.785048123256,19779.761164581396,22252.231310154068,nr1,-59657.819480007995,-96178.82773572834,-36521.00825572034,0.34500538763980826
164,w99758868,445.0926624152809,ab,112324.951405675,124805.5015618611,140406.18925709373,r2,-370797.5837719994,-597762.1283837074,-226964.54461170797,0.31759841759365526
165,w99758869,105.27734354436397,other,36318.21064776401,40353.56738640446,45397.76330970501,nr1,-121710.56154223304,-196218.6890875554,-74508.12754532235,0.34500538763980826
166,w99758874,488.6312512325123,ab,146922.75569113033,163247.50632347813,183653.4446139129,r2,-485008.915024044,-781882.0133092202,-296873.0982851762,0.31759841759365526
167,w99758876,118.68904608124866,sfh,38928.65294094862,43254.05882327624,48660.81617618577,r1,-139603.05037437796,-225053.83037220244,-85450.77999782449,0.3450191538375098
168,w99758878,556.4759241774678,other,171451.4850041109,190501.65000456767,214314.3562551386,nr2,-528929.1798961738,-852726.2464676882,-323797.0665715145,0.31759841759365526
169,w99758879,282.5218615865335,other,57905.094575858464,64338.99397317607,72381.36821982308,nr2,-178637.67225512708,-287995.1372123978,-109357.46495727074,0.31759841759365526
170,w99758882,536.390386541374,other,173315.965158801,192573.29462089,216644.95644850124,nr2,-534681.1158396231,-861999.3721211889,-327318.25628156576,0.31759841759365526
171,w99758886,70.57262436598539,sfh,34071.70133748155,37857.445930535054,42589.62667185193,r1,-122185.41045775243,-196974.8838966906,-74789.47343893816,0.3450191538375098
172,w99758887,169.7069027148187,sfh,49302.87661539318,54780.97401710353,61628.595769241474,r1,-176806.32253525787,-285029.1595625898,-108222.8370273319,0.3450191538375098
173,w99758888,71.82869699064176,other,23101.697095419837,25668.552328244263,28877.121369274795,nr1,-77419.02687144722,-124812.99708635692,-47393.9702149097,0.34500538763980826
174,w99758891,2730.1526487648484,trade,278142.89322359936,309047.65913733264,347678.6165294992,nr2,-858073.0135010495,-1383363.6104962057,-525290.5969951563,0.31759841759365526
175,w99758895,154.4283221337944,other,41052.48515244581,45613.872391606455,51315.60644055726,nr1,-137576.18923100727,-221796.85278341715,-84220.66355240988,0.34500538763980826
176,w99758899,158.4874060918577,th,48493.75323166222,53881.94803518024,60617.19153957777,r1,-173904.7042164985,-280351.46580759145,-106446.76159109295,0.3450191538375098
177,w99758900,82.77785695786588,sfh,40784.22172972974,45315.801921921935,50980.27716216217,r1,-146257.35365803592,-235781.22091581483,-89523.86725777891,0.3450191538375098
178,w99758903,400.34018093422054,trade,84125.65091962807,93472.94546625341,105157.06364953508,nr2,-259528.29482978102,-418404.9530899395,-158876.65826015847,0.31759841759365526
179,w99758905,110.54209396946244,sfh,38369.02484768245,42632.24983075828,47961.28105960306,r1,-137596.15357746943,-221818.51559867326,-84222.36202120382,0.3450191538375098
180,w99758908,248.9345047255978,ab,60594.09937389486,67326.7770821054,75742.62421736858,r2,-200028.0913323901,-322464.93193143967,-122436.84059904958,0.31759841759365526
181,w99758913,208.22132023065353,ab,63533.46915458984,70592.74350509982,79416.83644323729,r2,-209731.28905341812,-338107.43980014295,-128376.15074672483,0.31759841759365526
182,w99758915,71.10941483918579,ab,24357.39548791632,27063.772764351466,30446.7443598954,r1,-87348.68669733549,-140814.6631932389,-53465.97649590341,0.3450191538375098
183,w99758919,819.0798590054737,ab,190070.1333112079,211189.03701245322,237587.66663900987,r2,-627443.3711925645,-1011500.3479497822,-384056.97675721766,0.31759841759365526
184,w99758922,83.9358181065414,th,27223.424596772464,30248.249551969402,34029.280745965574,r1,-97626.62790082395,-157383.71401256035,-59757.0861117364,0.3450191538375098
185,w99758926,36.12754547015065,sfh,4835.136353176289,5372.373725751432,6043.920441470361,r0,-21276.740431547292,-34300.195583933084,-13023.455152385792,0.42336411453423695
186,w99758928,119.38002583179623,sfh,53884.22690132253,59871.3632236917,67355.28362665315,r2,-177878.0305568252,-286756.8581669364,-108878.82761011118,0.31759841759365526
187,w99758931,65.79372537583113,th,11833.820237993015,13148.689153325573,14792.27529749127,r1,-42437.56919387551,-68413.53017111406,-25975.960977238552,0.3450191538375098
188,w99758935,355.7203856162727,ab,101457.70604689307,112730.78449654786,126822.13255861633,r2,-334923.5569340922,-539929.6732253493,-205006.1162912571,0.31759841759365526
189,w99758936,99.44306262517348,th,46635.8976451503,51817.664050167,58294.87205643787,r1,-167242.20018828122,-269610.8548581926,-102368.6546699114,0.3450191538375098
190,w99758945,525.0721962768584,mfh,91140.69881173239,101267.4431241471,113925.87351466548,r2,-300865.92942852137,-485025.4322151175,-184159.50278659613,0.31759841759365526
191,w99758951,355.6037514369003,ab,79184.39851825568,87982.66502028408,98980.4981478196,r2,-261396.80699229633,-421397.32980703306,-160000.52281473673,0.31759841759365526
192,w99758953,525.4067761451006,other,111232.46118982154,123591.62354424615,139040.5764872769,nr2,-343153.0177388351,-553222.6163773682,-210069.59863853315,0.31759841759365526
193,w99758954,37.75478148937691,sfh,17637.031873606473,19596.70208178497,22046.28984200809,r1,-63248.616715315395,-101962.98303906931,-38714.366323753915,0.3450191538375098
194,w99758959,30.14875982720405,sfh,15915.260940163256,17683.623266848062,19894.07617520407,r1,-57074.12938539865,-92009.10294507506,-34934.973559676415,0.3450191538375098
195,w99758962,201.50926117040217,mfh,55971.30194315845,62190.33549239827,69964.12742894805,r2,-184767.70531723206,-297863.69065154245,-113095.98533431039,0.31759841759365526
196,w99758966,155.61690238779408,th,51018.4128509595,56687.125389955,63773.016063699375,r2,-168417.64876171882,-271505.7934225595,-103088.14466084068,0.31759841759365526
197,w99758967,90.83302856497467,ab,36623.26222755478,40692.513586171975,45779.07778444347,r1,-131335.62903866553,-211725.93507254182,-80390.30603387629,0.3450191538375098
198,w99758970,391.2386861808598,th,49030.390295548124,54478.211439497914,61287.98786943515,r1,-175829.1522875906,-283453.8651361893,-107624.71284859872,0.3450191538375098
199,w99758974,163.93810575278476,sfh,47335.60314939895,52595.11461044328,59169.50393674868,r1,-169751.43221603797,-273655.98336809874,-103904.55115206077,0.3450191538375098
200,w99758975,139.83927450878545,sfh,48071.62247241437,53412.913858238186,60089.52809051796,r1,-172390.89016962555,-277911.0488625006,-105520.15869287503,0.3450191538375098
201,w99758979,705.2831632008775,trade,144125.91959091145,160139.91065656827,180157.3994886393,nr2,-444629.59565019136,-716820.5888010536,-272190.9931508622,0.31759841759365526
202,w99758981,319.7999828794971,other,102221.50444424796,113579.44938249773,127776.88055530994,nr2,-315354.1452974453,-508405.97729983885,-193051.83200239355,0.31759841759365526
203,w99758984,336.42351993245535,ab,92372.83522047219,102636.48357830243,115466.04402559024,r2,-304933.35342934,-491582.51924636227,-186649.16581702227,0.31759841759365526
204,w99758985,1446.6540044941007,ab,306978.7199886024,341087.46665400267,383723.39998575294,r2,-1013372.0621885268,-1633655.3075029608,-620283.2453144339,0.31759841759365526
205,w99758989,963.3213891830295,education,94750.5566883886,105278.39632043178,118438.19586048575,nr2,-292306.2127032243,-471248.68328598194,-178942.47058275767,0.31759841759365526
206,w99758991,346.04414169639347,ab,134819.7189828535,149799.6877587261,168524.64872856686,r2,-445055.39880550833,-717473.0205421852,-272417.62173667684,0.31759841759365526
207,w99758995,38.315451947040856,sfh,16232.701755664308,18036.335284071454,20290.877194580382,r1,-58212.512114040714,-93844.28772666403,-35631.775612623314,0.3450191538375098
208,w99758997,604.6954287230968,other,192039.1135174778,213376.79279719753,240048.89189684723,nr2,-592442.1758047314,-955120.2921387046,-362678.1163339731,0.31759841759365526
209,w99759000,505.76658869385716,other,116349.81659107027,129277.57399007808,145437.27073883783,nr2,-358940.09940543503,-578674.1501628197,-219734.05075738463,0.31759841759365526
210,w99759001,277.86601877255595,other,81868.18169821729,90964.64633135255,102335.22712277161,nr2,-252563.9845241979,-407177.2681524553,-154613.28362825737,0.31759841759365526
211,w99759005,200.24946516156197,th,48787.6394529191,54208.48828102122,60984.54931614888,r1,-174958.61720477216,-282050.4770702674,-107091.85986549527,0.3450191538375098
212,w99759006,478.86383471041916,sfh,118338.95808019528,131487.73120021698,147923.6976002441,r2,-390650.5115123993,-629766.9980487872,-239116.48653638794,0.31759841759365526
213,w99759010,347.4218390390277,ab,100164.48101582576,111293.86779536195,125205.6012697822,r2,-330654.4723647931,-533047.4895486525,-202393.01718385943,0.31759841759365526
214,w99759011,1184.1155465334652,health,94644.31092409248,105160.34547121386,118305.3886551156,nr2,-291978.44368462847,-470720.26236393995,-178741.8186793115,0.31759841759365526
215,w99759013,563.6367099712603,other,188861.96138138667,209846.6237570963,236077.45172673333,nr2,-582640.6364730204,-939318.4983227991,-356677.8618497787,0.31759841759365526
216,w99759015,262.8249901607633,mfh,62072.4096151102,68969.34401678911,77590.51201888775,r2,-204908.16346817336,-330332.0875824473,-125423.92411427392,0.31759841759365526
217,w99759016,162.4421672269469,other,8274.400246768564,9193.778051965071,10343.000308460705,nr1,-27729.392018419723,-44704.624496874305,-16975.23247845458,0.34500538763980826
218,w99759020,78.66829424034803,other,22603.34663861626,25114.82959846251,28254.183298270327,nr1,-75748.94145532759,-122120.52761729172,-46371.58616196414,0.34500538763980826
219,w99759023,45.55874986834824,th,13227.211818786018,14696.902020873353,16534.014773482522,r1,-47434.44682382463,-76468.9877524881,-29034.540928663468,0.3450191538375098
220,w99759028,314.5253525768406,trade,115765.5873422765,128628.43038030723,144706.98417784562,nr2,-357137.74757728714,-575768.4441294856,-218630.6965521985,0.31759841759365526
221,w99759036,422.98085668310523,mfh,84746.80351227075,94163.11501363416,105933.50439033844,r2,-279758.94564386836,-450998.901021126,-171239.95537725766,0.31759841759365526
222,w99759038,116.55152825303375,ab,41903.62782702907,46559.586474476746,52379.53478378634,r1,-150271.68485073646,-242252.71712508166,-91981.0322743452,0.3450191538375098
224,w99759044,415.2007402397692,trade,122841.70360988966,136490.7817887663,153552.12951236207,nr2,-378967.6219244756,-610962.0154438784,-231994.39351940277,0.31759841759365526
225,w99759045,941.2816024620085,trade,174446.00708192267,193828.89675769184,218057.50885240332,nr2,-538167.3040615025,-867619.716601912,-329452.4125404096,0.31759841759365526
226,w99759047,442.628270605579,mfh,82183.67542792685,91315.19491991872,102729.59428490855,r2,-271297.7650363613,-437358.6467424132,-166060.88170605194,0.31759841759365526
227,w99759050,246.0824731603265,trade,22436.473126277346,24929.414584752605,28045.59140784668,nr1,-75189.71046539045,-121218.94955905131,-46029.23909366086,0.34500538763980826
228,w99759051,91.54405212756247,th,25418.04481124886,28242.27201249873,31772.556014061072,r1,-91152.30870139896,-146946.4754925179,-55794.16679111894,0.3450191538375098
229,w99759055,270.5142616614699,other,60006.3243937704,66673.693770856,75007.905492213,nr2,-185119.9827719179,-298445.75428084185,-113325.77150892396,0.31759841759365526
230,w99759057,194.30349186724052,th,44736.42808809028,49707.14232010031,55920.53511011285,r1,-160430.4632226819,-258629.66575462403,-98199.20253194214,0.3450191538375098
231,w99759061,356.20750593692065,trade,98749.33905457793,109721.48783841991,123436.6738182224,nr2,-304642.48775783274,-491136.9139273207,-186494.42616948794,0.31759841759365526
232,w99759062,137.67195288166403,th,34301.57786339912,38112.86429266569,42876.9723292489,r1,-123009.77662002979,-198303.84312753993,-75294.06650751014,0.3450191538375098
233,w99759063,182.5971095246263,sfh,87087.89013712364,96764.32237458182,108859.86267140455,r2,-287487.14185524493,-463457.51245242363,-175970.3705971787,0.31759841759365526
234,w99759067,231.4229553733021,other,57716.018485241344,64128.90942804594,72145.02310655167,nr2,-178054.37102827744,-287054.7537269771,-109000.38269869966,0.31759841759365526
235,w99759073,34.86947953915223,sfh,16192.234580688642,17991.371756320714,20240.2932258608,r1,-58067.3917299574,-93610.33941238685,-35542.94768242945,0.3450191538375098
236,w99759074,1179.944325777702,mfh,124020.14699394579,137800.16332660642,155025.18374243221,r2,-409404.7695450854,-660000.7042230135,-250595.9346779281,0.31759841759365526
237,w99759077,212.39228247441352,sfh,76041.95875542685,84491.0652838076,95052.44844428355,r2,-251023.25190391982,-404674.14001314685,-153650.88810922703,0.31759841759365526
239,w99759083,341.51128259450195,trade,53688.62976980651,59654.03307756279,67110.78721225813,nr2,-165629.84516122544,-267024.24735780375,-101394.4021965783,0.31759841759365526
240,w99759085,319.12387123871594,other,63219.14716218096,70243.49684686774,79023.93395272619,nr2,-195031.56628492393,-314424.9585426596,-119393.39225773566,0.31759841759365526
241,w99759087,592.8829183824361,other,172228.27172471667,191364.7463607963,215285.33965589583,nr2,-531325.5730395425,-856589.6508852832,-325264.0778457407,0.31759841759365526
242,w99759088,334.1662621571682,ab,88772.98798335774,98636.65331484194,110966.23497919718,r2,-293049.84365910647,-472425.1341828953,-179375.29052378883,0.31759841759365526
243,w99759091,80.87078364617192,sfh,26117.797228630116,29019.774698477904,32647.246535787643,r1,-93661.70896555534,-150991.8752160261,-57330.16625047075,0.3450191538375098
244,w99759093,176.2003906674683,sfh,75147.93912289603,83497.71013655115,93934.92390362003,r2,-248071.99027025214,-399916.4163580673,-151844.42608781517,0.31759841759365526
245,w99759094,339.69808716569094,other,126904.24854374719,141004.72060416354,158630.310679684,nr2,-391500.60500190465,-631167.3737845869,-239666.76878268225,0.31759841759365526
246,w99759096,246.47077107857913,mfh,51720.33796259346,57467.0421806594,64650.42245324182,r2,-170734.7842879365,-275241.243502399,-104506.45921446252,0.31759841759365526
247,w99759099,50.23060751573648,th,9239.914096012919,10266.571217792132,11549.892620016148,r1,-33135.49520856304,-53417.67316665698,-20282.17795809394,0.3450191538375098
248,w99759102,1460.464218017459,other,406110.52822502115,451233.9202500235,507638.1602812764,nr2,-1252854.174089609,-2019819.8130277449,-766965.6389381359,0.31759841759365526
249,w99759105,189.26809048298745,mfh,68828.22353302287,76475.80392558097,86035.27941627859,r2,-227209.88223881426,-366284.6489323356,-139074.76669352135,0.31759841759365526
250,w99759110,35.61810292806477,th,19868.534330993105,22076.149256659006,24835.66791374138,r1,-71251.0654628138,-114863.71649834543,-43612.65103553163,0.3450191538375098
251,w99759111,238.72463138289748,th,73387.19968617179,81541.33298463533,91733.99960771474,r2,-242259.58687617927,-390546.2511360574,-148286.66425987816,0.31759841759365526
252,w99759113,635.4707306571305,th,195800.75377560774,217556.3930840086,244750.94221950966,r2,-646360.80845937,-1041997.1150784595,-395636.30661908945,0.31759841759365526
253,w99759120,160.90588292758912,th,48199.00600393569,53554.4511154841,60248.75750491961,r1,-172847.70355062833,-278647.47690532805,-105799.77335469972,0.3450191538375098
254,w99759121,33.129497365746644,ab,15786.92487509207,17541.02763899119,19733.656093865087,r1,-56613.90009916674,-91267.1681274748,-34653.268028308055,0.3450191538375098
255,w99759126,310.54387535755524,ab,74343.42407450413,82603.8045272268,92929.28009313016,r2,-245416.19356329838,-395635.011188288,-150218.8176249896,0.31759841759365526
256,w99759127,85.13879598667843,other,33192.96034430455,36881.06704922728,41491.20043038068,nr1,-111237.13890907522,-179333.70200592847,-68096.56309685325,0.34500538763980826
257,w99759131,277.0331318277866,ab,65447.15887151072,72719.06541278969,81808.9485893884,r2,-216048.5989141703,-348291.56384326133,-132242.96492909105,0.31759841759365526
258,w99759132,153.35469039995223,ab,47475.69915630669,52750.77684034077,59344.62394538336,r1,-170253.83413421523,-274465.9046110008,-104212.07047678556,0.3450191538375098
259,w99759137,162.2998407471925,mfh,71452.94416011575,79392.16017790638,89316.18020014468,r2,-235874.38691407195,-380252.68158072885,-144378.2946666569,0.31759841759365526
260,w99759138,418.42527116853745,mfh,90412.26949883746,100458.0772209305,113015.33687354681,r2,-298461.3004855304,-481148.9341529855,-182687.6336674551,0.31759841759365526
261,w99759140,160.4533356629312,ab,47638.02152245789,52931.13502495321,59547.526903072365,r1,-170835.94257483011,-275404.3205976218,-104568.37802279167,0.3450191538375098
262,w99759142,128.98004897348582,sfh,22814.81416093621,25349.793512151344,28518.51770117026,r1,-81816.79585529568,-131896.71175977608,-50079.9159044804,0.3450191538375098
263,w99759148,518.2482564277947,ab,134308.71212408383,149231.90236009314,167885.89015510477,r2,-443368.50639067544,-714753.584266503,-271385.07787582756,0.31759841759365526
264,w99759152,155.39786574579776,ab,40677.43477170874,45197.14974634304,50846.79346463592,r1,-145874.4021826138,-235163.8655202177,-89289.4633376039,0.3450191538375098
265,w99759159,71.9146042395383,sfh,38411.25965578857,42679.177395320636,48014.07456973571,r1,-137747.612916495,-222062.68293099105,-84315.07001449604,0.3450191538375098
266,w99759161,242.4930030848831,mfh,98072.77651508726,108969.75168343028,122590.97064385907,r2,-323749.5152280864,-521916.0203722674,-198166.50514418102,0.31759841759365526
267,w99759162,714.1891373082996,mfh,106199.79157117703,117999.76841241893,132749.7394639713,r2,-350577.72666610626,-565165.732538083,-214588.00587197673,0.31759841759365526
268,w99759164,595.7694656141102,mfh,133516.4873513189,148351.65261257655,166895.6091891486,r2,-440753.2812971464,-710537.5845229026,-269784.3032257562,0.31759841759365526
269,w99759165,240.76284124148083,mfh,60767.94358070263,67519.93731189182,75959.92947587828,r2,-200601.97105395142,-323390.08241464157,-122788.11136069015,0.31759841759365526
270,w99759170,93.69908212199807,sfh,46907.23520759416,52119.150230660176,58634.044009492696,r1,-168215.25084728477,-271179.5081030013,-102964.25725571651,0.3450191538375098
271,w99759172,204.59550149962305,other,61475.644910460534,68306.27212273392,76844.55613807567,nr2,-189652.84812376302,-305753.5251585632,-116100.6770348002,0.31759841759365526
272,w99759176,41.50382452430203,sfh,15844.100503271135,17604.556114745705,19805.125629088918,r1,-56818.939099950476,-91597.71113766203,-34778.772037711555,0.3450191538375098
273,w99759177,360.73507672324774,ab,105239.42791554518,116932.69768393908,131549.28489443148,r2,-347407.4557815488,-560054.9444573517,-212647.4886758029,0.31759841759365526
274,w99759180,347.1465133147314,education,18970.068178191024,21077.85353132336,23712.58522273878,nr1,-63573.00123771994,-102490.78474507281,-38917.78350735288,0.34500538763980826
275,w99759183,128.67689446713774,sfh,21547.14075889821,23941.2675098869,26933.925948622764,r1,-77270.75944166949,-124568.05450512153,-47297.29506345204,0.3450191538375098
276,w99759189,171.2441471248865,ab,69510.38003412205,77233.75559346894,86887.97504265256,r2,-229461.75930794742,-369914.8959690348,-140453.1366610874,0.31759841759365526
277,w99759190,369.99921465907244,other,75870.3913169519,84300.43479661322,94837.98914618987,nr2,-234060.75401863654,-377346.8279040444,-143286.07388540788,0.31759841759365526
278,w99759195,184.4751641433686,sfh,57125.83316341083,63473.14795934537,71407.29145426354,r2,-188578.9456650048,-304007.7844692287,-115428.8388042239,0.31759841759365526
279,w155463247,886.8482149265707,mfh,204207.59857248887,226897.33174720986,255259.4982156111,r2,-674112.7700566775,-1086736.0032407674,-412623.2331840899,0.31759841759365526
280,w155463249,504.4367525316775,trade,72821.68912813874,80912.98792015415,91027.11141017341,nr2,-224655.4837846811,-362183.889105339,-137528.4053206579,0.31759841759365526
281,w155463253,721.7602650925515,mfh,131286.33375919817,145873.70417688685,164107.9171989977,r2,-433391.28778590745,-698669.3278162158,-265278.04003030836,0.31759841759365526
282,w155463254,852.2730644002556,mfh,173118.87987651138,192354.31097390153,216398.5998456392,r2,-571485.333936964,-921290.4951513603,-349805.16121439624,0.31759841759365526
283,w155463255,713.9319995328784,mfh,117165.83461546722,130184.26068385247,146457.293269334,r2,-386777.89602720423,-623523.9614807134,-236746.06545350922,0.31759841759365526
284,w155463260,725.1058137452229,mfh,85306.4605474638,94784.95616384866,106633.07568432974,r2,-281606.4378866301,-453977.2399951059,-172370.80210847576,0.31759841759365526
285,w155463261,1003.1358517257496,mfh,199389.28089307013,221543.64543674458,249236.60111633764,r2,-658206.9492126356,-1061094.257615826,-402887.30840319046,0.31759841759365526
286,w155463268,907.8277638942003,mfh,174954.7795993417,194394.19955482412,218693.47449917713,r2,-577545.8500801187,-931060.6424969364,-353514.7924168176,0.31759841759365526
287,w155463269,646.430608794326,mfh,121911.55697672244,135457.28552969158,152389.44622090305,r2,-402444.0713763553,-648779.3750275807,-246335.30365122535,0.31759841759365526
288,w155463275,531.2511221051216,mfh,107272.12676118177,119191.25195686864,134090.1584514772,r2,-354117.62846416177,-570872.401960115,-216754.77349595318,0.31759841759365526
289,w155463277,722.3371928531676,mfh,149858.8156187259,166509.79513191766,187323.51952340736,r2,-494701.1865393045,-797506.9070609481,-302805.7205216436,0.31759841759365526
290,w155463281,852.691491766274,mfh,176683.1380860167,196314.5978733519,220853.92260752086,r2,-583251.3602337474,-940258.4853152569,-357007.12508150947,0.31759841759365526
291,w155463286,75.58565192222595,sfh,28745.1893159983,31939.09923999811,35931.48664499787,r1,-103083.8677667472,-166181.32073957875,-63097.452972831554,0.3450191538375098
292,w155463289,870.3151384696364,mfh,205186.8737855475,227985.415317275,256483.59223193437,r2,-677345.470167435,-1091947.4333665387,-414601.9631991037,0.31759841759365526
293,w155463294,520.8021583877504,mfh,134192.60324643238,149102.892496036,167740.75405804047,r2,-442985.2176311536,-714135.6851358057,-271150.46750465216,0.31759841759365526
294,w155463296,531.2875348292291,mfh,132344.45191150237,147049.3910127804,165430.56488937794,r2,-436884.2575073246,-704300.338120582,-267416.0806132574,0.31759841759365526
295,w155463300,722.957951451838,mfh,126841.32979328472,140934.81088142746,158551.6622416059,r2,-418717.81844724726,-675014.2538714948,-256296.43542424752,0.31759841759365526
296,w155463302,825.416995370388,mfh,163285.9243700377,181428.80485559747,204107.40546254712,r2,-539025.6168615486,-868962.2427168346,-329936.625855286,0.31759841759365526
297,w155463304,1087.9011799693108,mfh,103383.28253849263,114870.31393165847,129229.10317311577,r2,-341280.10640522954,-550177.0553749044,-208896.94896967488,0.31759841759365526
298,w155463308,740.3594694465398,mfh,171320.0712007868,190355.63466754087,214150.08900098348,r2,-565547.2596063742,-911717.7360350639,-346170.47642868967,0.31759841759365526
299,w155463310,722.3160033598542,mfh,133382.412808252,148202.6808980578,166728.01601031498,r2,-440310.6858097467,-709824.0771211832,-269513.3913114365,0.31759841759365526
300,w155463313,774.0583199881017,mfh,138004.13534209586,153337.92815788428,172505.16917761983,r2,-455567.52346663194,-734419.59809899,-278852.0746323581,0.31759841759365526
301,w155463314,1101.9502923069522,mfh,212180.81625959487,235756.46251066096,265226.0203244936,r2,-700433.2786905027,-1129167.2486147166,-428733.96992421383,0.31759841759365526
302,w155463317,740.3064833164215,mfh,156226.80651668078,173585.34057408976,195283.50814585097,r2,-515722.6569151595,-831395.582239999,-315672.9253248395,0.31759841759365526
303,w155463319,828.4481069911271,mfh,154042.7177732698,171158.57530363312,192553.39721658724,r2,-508512.72876771225,-819772.4698370828,-311259.74106937053,0.31759841759365526
304,w155463321,624.9694833666086,mfh,142619.8067169447,158466.45190771634,178274.75839618087,r2,-470804.38555169373,-758982.916492823,-288178.5309411293,0.31759841759365526
305,w155463324,722.1055689860135,mfh,151137.524031429,167930.58225714334,188921.90503928624,r2,-498922.35008173774,-804311.8373350683,-305389.48725333053,0.31759841759365526
306,w155463327,780.4636536210775,mfh,82082.98239635307,91203.31377372563,102603.72799544132,r2,-270965.3657578128,-436822.7864539047,-165857.4206960919,0.31759841759365526
307,w155463330,1083.7826592791826,mfh,189278.6299906615,210309.58887851276,236598.28748832684,r2,-624830.5276957875,-1007288.1875740894,-382457.6598783019,0.31759841759365526
308,w155463331,701.7002469789237,mfh,137252.91628862158,152503.24032069065,171566.14536077695,r2,-453087.66296880064,-730421.819380481,-277334.1564116804,0.31759841759365526
309,w155463336,445.3318914603442,mfh,80149.6246548101,89055.13850534456,100187.03081851262,r2,-264583.12948564294,-426533.99465787766,-161950.8651722347,0.31759841759365526
310,w155463337,349.66978192329407,trade,60226.17294954064,66917.96994393405,75282.7161869258,nr2,-185798.2172958249,-299539.1868267821,-113740.96953095723,0.31759841759365526
311,w155463339,868.4495440013707,mfh,160060.48641863378,177844.9849095931,200075.6080232922,r2,-528378.0752065546,-851797.3596639371,-323419.2844573825,0.31759841759365526
312,w155463342,722.9579402044416,mfh,155388.32545292357,172653.69494769286,194235.40681615446,r2,-512954.734484845,-826933.4193900835,-313978.6849052385,0.31759841759365526
313,w155463343,844.8904670208692,mfh,116532.935645521,129481.03960613445,145666.16955690124,r2,-384688.62373381795,-620155.8493151402,-235467.22558132221,0.31759841759365526
314,w155463347,1083.6851687338203,mfh,194571.51562302862,216190.57291447624,243214.39452878578,r2,-642302.951935484,-1035455.4517598405,-393152.4998243565,0.31759841759365526
315,w155463348,740.608741542697,mfh,147243.66078782507,163604.06754202786,184054.57598478132,r2,-486068.2596574975,-783589.7809174753,-297521.52125997783,0.31759841759365526
316,w155463352,356.4181080274284,mfh,76347.63461310211,84830.70512566902,95434.54326637763,r2,-252032.3230677619,-406300.86185003916,-154268.53878227726,0.31759841759365526
317,w155463353,722.1394314199686,mfh,107383.21512863025,119314.68347625583,134229.0189107878,r2,-354484.34394206386,-571463.5833328522,-216979.23939078837,0.31759841759365526
318,w155463354,696.3946817303076,mfh,147350.04183936177,163722.26871040196,184187.55229920222,r2,-486419.4357441576,-784155.9112651005,-297736.4755209429,0.31759841759365526
319,w155463358,865.4375973489136,mfh,166328.1001265074,184809.0001405638,207910.12515813424,r2,-549068.188932955,-885151.8553749956,-336083.6664420406,0.31759841759365526
320,w155463359,1101.9756921548396,mfh,200668.650928598,222965.16769844224,250835.81366074752,r2,-662430.296848111,-1067902.7088624728,-405472.4120143618,0.31759841759365526
321,w155463364,740.593882034719,mfh,145717.14533184466,161907.93925760518,182146.4316648058,r2,-481029.0565633972,-775466.0905302708,-294437.03396687366,0.31759841759365526
322,w155463365,603.6562003400177,mfh,112674.85777153577,125194.28641281751,140843.5722144197,r2,-371952.6649305839,-599624.2326746455,-227671.56774406158,0.31759841759365526
323,w155463369,722.4004129424691,mfh,160522.49980214384,178358.33311349314,200653.12475267978,r2,-529903.2345245152,-854256.0663004643,-324352.8317759491,0.31759841759365526
324,w155463370,696.1379145577084,mfh,69493.22190870298,77214.69100966997,86866.52738587873,r2,-229405.11836247775,-369823.58520111337,-140418.46683863562,0.31759841759365526
325,w155463373,865.3327697202564,mfh,183435.4908663792,203817.21207375466,229294.36358297398,r2,-605541.6533912485,-976192.6274544289,-370650.9740631804,0.31759841759365526
326,w155463376,746.0008564919234,mfh,165847.91187767955,184275.45764186617,207309.88984709943,r2,-547483.0322941772,-882596.4271637916,-335113.3948696144,0.31759841759365526
327,w155463378,701.7079005709849,mfh,136998.15624237945,152220.17360264383,171247.69530297432,r2,-452246.67075463926,-729066.0573208223,-276819.386566183,0.31759841759365526
328,w155463380,722.7905322581529,mfh,143872.08467177552,159857.87185752834,179840.10583971938,r2,-474938.29911276157,-765647.1912264405,-290708.8921136789,0.31759841759365526
329,w155463382,654.6620004437864,mfh,138080.97559008977,153423.30621121085,172601.2194876122,r2,-455821.1819631282,-734828.5205121455,-279007.33854901727,0.31759841759365526
330,w155463388,654.8312545590103,mfh,81393.9061614247,90437.67351269412,101742.38270178088,r2,-268690.6458514285,-433155.71451971115,-164465.06866828265,0.31759841759365526
331,w155463390,493.81194685008376,mfh,60438.75608177218,67154.17342419131,75548.44510221522,r2,-199515.28525810794,-321638.2381668992,-122122.95290879125,0.31759841759365526
332,w155463392,746.3197361536323,mfh,147587.3993725165,163985.9993027961,184484.2492156456,r2,-487202.9802610476,-785419.0619936865,-298216.0817326389,0.31759841759365526
333,w155463395,740.6091377854347,mfh,148563.2959605148,165070.32884501645,185704.1199506435,r2,-490424.52714188467,-790612.5120172474,-300187.9848753627,0.31759841759365526
334,w155463397,721.9107812985777,mfh,135347.5042751365,150386.11586126278,169184.38034392064,r2,-446797.67875915946,-720281.7469711447,-273484.0682119852,0.31759841759365526
335,w155463400,957.7393607803388,mfh,93145.11218539192,103494.5690948799,116431.39023173989,r2,-307482.7285148523,-495692.36230861174,-188209.63379375945,0.31759841759365526
336,w155463402,519.368776667118,mfh,64707.773672354364,71897.52630261595,80884.71709044295,r2,-213607.80333052672,-344356.76160375826,-130748.95827323155,0.31759841759365526
337,w155463405,658.592996231094,mfh,158825.55469104537,176472.83854560598,198531.9433638067,r2,-524301.42353671,-845225.3967237911,-320923.97318708117,0.31759841759365526
338,w155463406,932.8967588515952,mfh,174834.56008071208,194260.62231190232,218543.2001008901,r2,-577148.991621938,-930420.8676790531,-353271.87605711515,0.31759841759365526
339,w155463408,925.4807321801782,mfh,156636.67194304202,174040.74660338002,195795.8399288025,r2,-517075.6698287153,-833576.7719627323,-316501.102134017,0.31759841759365526
340,w155463411,886.3585438661277,mfh,170972.3708308332,189969.30092314802,213715.46353854152,r2,-564399.4606940044,-909867.371440357,-345467.9107463525,0.31759841759365526
341,w155463413,436.59599217027426,trade,47878.12319306879,53197.914658965325,59847.65399133599,nr1,-160450.45048978424,-258674.15826266303,-98223.70777287878,0.34500538763980826
342,w155463416,722.4005093876273,mfh,161748.5539652272,179720.61551691912,202185.69245653402,r2,-533950.5803328657,-860780.785313175,-326830.20498030924,0.31759841759365526
343,w155463417,662.6720001816749,mfh,158920.10348974462,176577.89276638292,198650.12936218077,r2,-524613.5399958538,-845728.5591150433,-321115.01911918947,0.31759841759365526
344,w155463421,636.8468125164508,mfh,104264.40588037364,115849.33986708181,130330.50735046704,r2,-344188.79590018076,-554866.1485605238,-210677.352660343,0.31759841759365526
345,w155463422,674.0859733853489,mfh,68850.04054930646,76500.04505478496,86062.55068663307,r2,-227281.90271887532,-366400.7530207457,-139118.85030187038,0.31759841759365526
346,w155463424,701.7858467099256,mfh,151280.85678205016,168089.84086894462,189101.0709775627,r2,-499395.5079771173,-805074.6143405881,-305679.1063634708,0.31759841759365526
347,w155463427,540.3469697440042,mfh,60309.47982277879,67010.53313642088,75386.84977847348,r2,-199088.52945831502,-320950.26589752984,-121861.73643921482,0.31759841759365526
348,w155463430,521.3457492198795,mfh,133771.26119009242,148634.73465565825,167214.07648761553,r2,-441594.3190420402,-711893.4199825745,-270299.1009405343,0.31759841759365526
349,w155463434,634.5610695700626,mfh,70087.54040941766,77875.04489935296,87609.42551177207,r2,-231367.03208955436,-372986.38284739904,-141619.3507578447,0.31759841759365526
350,w155463435,555.457107925415,mfh,68895.94513571878,76551.05015079865,86119.93141964846,r2,-227433.43903839056,-366645.04445317463,-139211.60541478408,0.31759841759365526
351,w155463436,830.3215000247583,mfh,146928.0100149711,163253.34446107902,183660.01251871386,r2,-485026.2601513745,-781909.9753582842,-296883.7152069097,0.31759841759365526
352,w155463437,634.6341266736388,mfh,105389.45701953988,117099.39668837764,131736.82127442484,r2,-347902.71910960315,-560853.3575917538,-212950.63848215068,0.31759841759365526
353,w155463439,740.3900625675916,mfh,102712.47931310057,114124.97701455619,128390.59914137571,r2,-339065.7078050155,-546607.2273116026,-207541.51950658706,0.31759841759365526
354,w155463441,304.4361848443746,mfh,60220.44345595584,66911.60383995094,75275.5543199448,r2,-198794.61017081357,-320476.4391344679,-121681.82896365435,0.31759841759365526
355,w155463442,681.7836883433163,mfh,162448.33702637893,180498.15225153213,203060.42128297364,r2,-536260.6447040711,-864504.8359965371,-328244.191292466,0.31759841759365526
356,w155463445,701.5969566701912,mfh,152394.8388980004,169327.598775556,190493.54862250047,r2,-503072.8910677874,-811002.9171110637,-307930.0260432763,0.31759841759365526
357,w155463446,527.3302180506289,mfh,100438.21133385516,111598.01259317239,125547.76416731894,r2,-331558.0876280116,-534504.206114836,-202946.11848682445,0.31759841759365526
358,w155463447,540.1562461696565,mfh,79648.78756816557,88498.6528535173,99560.98446020696,r2,-262929.808658283,-423868.67907892953,-160938.87042064656,0.31759841759365526
359,w155463448,488.2503870327026,mfh,114681.9515162923,127424.39057365811,143352.43939536536,r2,-378578.31223019195,-610305.4269571002,-231727.1147269082,0.31759841759365526
360,w155463452,416.2699146196246,mfh,79195.32058120114,87994.80064577905,98994.15072650142,r2,-261432.86197829276,-421455.4539861306,-160022.59200783784,0.31759841759365526
361,w155463453,826.68092449978,mfh,169567.29234896257,188408.1026099584,211959.1154362032,r2,-559761.1350186521,-902389.9348302511,-342628.7998115991,0.31759841759365526
362,w155463454,830.106713430956,mfh,138955.7659190379,154395.29546559765,173694.70739879736,r2,-458708.9654539892,-739483.9111655803,-280774.94571159105,0.31759841759365526
363,w155463458,653.3753796381876,mfh,86810.64061733033,96456.26735258925,108513.3007716629,r2,-286571.9093022388,-461982.0676739393,-175410.1583717005,0.31759841759365526
364,w155463459,895.5709099378438,mfh,158897.78036085304,176553.0892898367,198622.22545106628,r2,-524539.8487798625,-845609.761636198,-321069.9128563355,0.31759841759365526
365,w155463463,389.00259175430983,mfh,76653.33732329545,85170.3748036616,95816.6716541193,r2,-253041.48287485447,-407927.7265885589,-154886.2437137044,0.31759841759365526
366,w155463464,681.5525098629297,mfh,139412.59565202336,154902.88405780372,174265.7445650292,r2,-460217.01294536487,-741915.0318567624,-281698.0189113975,0.31759841759365526
367,w155463468,854.9059582386632,mfh,148558.62305149634,165065.13672388482,185698.27881437042,r2,-490409.1013317547,-790587.644096045,-300178.54276429035,0.31759841759365526
368,w155463469,716.6904537379742,mfh,114944.89853723423,127716.55393026026,143681.12317154277,r2,-379446.33058947156,-611704.7578174603,-232258.42722798878,0.31759841759365526
369,w155463470,729.9574093736708,mfh,105773.56225713798,117526.18028570886,132216.95282142246,r2,-349170.6946772146,-562897.4587596299,-213726.76408241526,0.31759841759365526
370,w155463473,376.1376306014136,mfh,75375.81032089306,83750.90035654783,94219.76290111631,r2,-248824.219303705,-401129.0834512414,-152304.86414753637,0.31759841759365526
371,w155463474,720.4433401308954,mfh,155711.61652013793,173012.9072445977,194639.5206501724,r2,-514021.95548140886,-828653.8844693655,-314631.9289879566,0.31759841759365526
372,w155463478,638.9194020115071,mfh,196966.77480810505,218851.9720090056,246208.4685101313,r2,-650209.977998877,-1048202.3544789952,-397992.37648011826,0.31759841759365526
373,w155463479,451.8404746033251,mfh,71692.71919639768,79658.57688488631,89615.89899549709,r2,-236665.91188683675,-381528.697588103,-144862.78570126626,0.31759841759365526
374,w155463480,830.1067659631371,mfh,134642.3591618536,149602.62129094842,168302.94895231698,r2,-444469.91363714635,-716529.1609387409,-272059.2473015946,0.31759841759365526
375,w155463484,531.1159037780716,mfh,137394.23685170742,152660.2631685638,171742.79606463425,r2,-453554.178401692,-731173.8880839829,-277619.70968229085,0.31759841759365526
376,w155463485,716.6882258921862,mfh,149259.58985494362,165843.98872771513,186574.48731867952,r2,-492723.07337242726,-794317.9943264374,-301594.9209540101,0.31759841759365526
377,w155463490,790.5601109853014,mfh,151018.2657599813,167798.07306664588,188772.8321999766,r2,-498528.6648110634,-803677.1780071466,-305148.5131960832,0.31759841759365526
378,w155463491,681.5525530032813,mfh,157865.69045547929,175406.3227283103,197332.11306934908,r2,-521132.801295231,-840117.2664176478,-318984.46512241685,0.31759841759365526
379,w155463494,531.001435648324,mfh,105163.5993028135,116848.44366979277,131454.49912851685,r2,-347157.13680940756,-559651.405685497,-212494.26887608942,0.31759841759365526
380,w155463495,716.4590312853455,mfh,83115.46206910735,92350.51341011928,103894.32758638418,r2,-274373.699909397,-442317.3559059715,-167943.6559965745,0.31759841759365526
381,w155463496,611.941689690575,mfh,154047.5837017637,171163.98189084858,192559.47962720462,r2,-508528.791757331,-819798.3649542112,-311269.57319688017,0.31759841759365526
382,w155463500,886.4204262562096,mfh,139072.4670742516,154524.96341583508,173840.58384281446,r2,-459094.2093898655,-740104.9622326172,-281010.7528427517,0.31759841759365526
383,w155463502,540.1563036605716,mfh,127996.79595501766,142218.66217224183,159995.99494377206,r2,-422532.1451443807,-681163.3231875217,-258631.17804314097,0.31759841759365526
384,w155463507,1267.198863344267,mfh,253464.86065043343,281627.622944926,316831.07581304177,r2,-836716.6575559176,-1348869.4424240633,-512152.7848681457,0.31759841759365526
385,w155463508,530.6506136165466,mfh,119134.19308904551,132371.325654495,148917.7413613069,r2,-393275.6737414717,-633999.0174310057,-240723.343689534,0.31759841759365526
386,w155463511,1747.3368958860635,mfh,317489.63040603185,352766.256006702,396862.0380075398,r2,-1048069.7864007615,-1689591.4472808554,-641521.6608800939,0.31759841759365526
387,w155463513,612.2091895099729,mfh,62810.99192400383,69789.99102667092,78513.73990500478,r2,-207346.30861871442,-334262.6170634376,-126916.30844472317,0.31759841759365526
388,w155463514,830.106801855378,mfh,97521.67133597643,108357.41259552936,121902.08916997052,r2,-321930.25364585343,-518983.19199615007,-197052.93835029664,0.31759841759365526
389,w155463518,691.345141955465,mfh,146778.8811433533,163087.64571483698,183473.60142919162,r2,-484533.96859393746,-781116.3530100333,-296582.3844160958,0.31759841759365526
390,w155463519,507.32179623667616,mfh,56735.980978924694,63039.97886547188,70919.97622365586,r2,-187291.99876472424,-301933.0996495413,-114641.10088481707,0.31759841759365526
391,w155463522,1139.1653657640795,mfh,223565.54602457283,248406.16224952537,279456.932530716,r2,-738015.5810723199,-1189753.6117532875,-451738.0306809676,0.31759841759365526
392,w155463523,446.09937440417707,mfh,88872.41103698061,98747.1233744229,111090.51379622576,r2,-293378.0505943709,-472954.2360022173,-179576.18540784635,0.31759841759365526
393,w155463528,681.6119319483638,mfh,136248.81974218355,151387.57749131505,170311.02467772944,r2,-449773.0247817039,-725078.2970268964,-275305.2722451925,0.31759841759365526
394,w155463529,691.3949336603283,mfh,140608.69665415422,156231.88517128245,175760.87081769278,r2,-464165.47992431413,-748280.3484836388,-284114.8685593247,0.31759841759365526
395,w155463531,507.3216828555101,mfh,121103.7238994366,134559.69322159622,151379.65487429575,r2,-399777.32147439587,-644480.3122315229,-244702.990757127,0.31759841759365526
396,w155463534,640.8467616457492,mfh,132068.02892755507,146742.25436395008,165085.03615944384,r2,-435971.7534442112,-702829.2919358234,-266857.5384916122,0.31759841759365526
397,w155463535,513.5901312197791,mfh,90527.96880736525,100586.6320081836,113159.96100920656,r2,-298843.23721026804,-481764.65367080044,-182921.4164605324,0.31759841759365526
398,w155463536,691.6131192699074,mfh,136540.0369722644,151711.1521914049,170675.0462153305,r2,-450734.3663528813,-726628.0740719488,-275893.70771906746,0.31759841759365526
399,w155463537,507.3215693686623,mfh,116917.79632717623,129908.66258575136,146147.24540897028,r2,-385959.09310915024,-622203.9707460282,-236244.877636878,0.31759841759365526
400,w155463538,643.413233704865,mfh,129739.19179937753,144154.65755486392,162173.9897492219,r2,-428283.9942302497,-690435.8689164742,-262151.87468622444,0.31759841759365526
401,w155463539,532.5146771525033,mfh,164625.70422743174,182917.44914159083,205782.13028428965,r2,-543448.3842671082,-876092.1782218057,-332643.79395469755,0.31759841759365526
402,w155463540,672.5435386247933,mfh,137417.7795629765,152686.42173664056,171772.2244537206,r2,-453631.89559938305,-731299.1758407992,-277667.2802414162,0.31759841759365526
403,w155463541,696.2558067506179,mfh,140975.66347711015,156639.62608567794,176219.57934638768,r2,-465376.87961399765,-750233.2437788623,-284856.36416486464,0.31759841759365526
404,w155463542,768.6694619961085,mfh,127032.3138565424,141147.0153961582,158790.392320678,r2,-419348.2788063098,-676030.6179002488,-256682.33909393905,0.31759841759365526
405,w155463543,587.0278481058776,mfh,173460.2154376977,192733.57270855302,216825.26929712214,r2,-572612.1218835374,-923106.9880053023,-350494.8661217649,0.31759841759365526
406,w155463544,825.5248426020145,mfh,172644.06154162373,191826.7350462486,215805.07692702964,r2,-569917.9040017297,-918763.6441275574,-348845.7401258277,0.31759841759365526
407,w155463545,709.4769112125038,mfh,144257.5927146744,160286.214127416,180321.99089334297,r2,-476210.90550201613,-767698.7577336897,-291487.8522316736,0.31759841759365526
408,w155463546,647.0489746004342,mfh,129667.64263387505,144075.15848208338,162084.5532923438,r2,-428047.8022056175,-690055.1041716903,-262007.30196607282,0.31759841759365526
409,w155463547,439.83636349271984,mfh,147779.5423394251,164199.49148825012,184724.42792428136,r2,-487837.26629435463,-786441.5933851175,-298604.32709076285,0.31759841759365526
410,w155463548,500.40091222245246,mfh,120554.81930570838,133949.79922856487,150693.52413213547,r2,-397965.3242776138,-641559.1947583307,-243593.87048071693,0.31759841759365526
411,w155463549,840.6744982544333,mfh,139191.90759596735,154657.6751066304,173989.88449495917,r2,-459488.49628963665,-740740.5914457405,-281252.0951561039,0.31759841759365526
412,w155463551,586.1050742082298,mfh,118112.33158884398,131235.92398760442,147640.41448605497,r2,-389902.39139874536,-628560.9549379469,-238658.5635392015,0.31759841759365526
413,w155463552,667.035758360289,mfh,140806.2531628463,156451.39240316255,176007.81645355784,r2,-464817.6366816929,-749331.68923771,-284514.05255601706,0.31759841759365526
414,w155463553,817.6307530952618,mfh,145343.72897376015,161493.03219306684,181679.6612172002,r2,-479796.36621645367,-773478.872604169,-293682.5063877153,0.31759841759365526
415,w155463556,586.3306637331843,mfh,120744.7294421145,134160.81049123834,150930.91180264312,r2,-398592.2394806204,-642569.843647283,-243977.6041666626,0.31759841759365526
416,w155463558,710.1379440590739,mfh,157367.73790070717,174853.04211189685,196709.67237588397,r2,-519489.0026393495,-837467.3015144834,-317978.2988751339,0.31759841759365526
417,w155463561,654.0662793286144,mfh,162240.70059373748,180267.44510415275,202800.87574217183,r2,-535575.2129583815,-863399.8526927164,-327824.6397343349,0.31759841759365526
418,w155463562,586.3292756803334,mfh,62489.686719807825,69432.98524423092,78112.10839975977,r2,-206285.6431843804,-332552.72019442136,-126267.07701004096,0.31759841759365526
419,w155463566,653.8032613813876,mfh,79821.81459180106,88690.90510200117,99777.26823975131,r2,-263500.99076420336,-424789.4807407322,-161288.48997652886,0.31759841759365526
420,w155463567,133.41999841853976,sfh,56439.28335976809,62710.31484418676,70549.1041997101,r2,-186312.56579887462,-300354.15749916463,-114041.59170029001,0.31759841759365526
421,w155463569,886.7166110530495,mfh,173274.35393564324,192527.0599284925,216592.94241955405,r2,-571998.5716881838,-922117.8848215278,-350119.31313334394,0.31759841759365526
422,w155463572,311.3570919752121,mfh,37049.286103353596,41165.87344817066,46311.60762919199,r1,-132863.40429161474,-214188.85885323302,-81325.45456161827,0.3450191538375098
423,w155463574,690.7508181013167,mfh,170274.2666158143,189193.629573127,212842.83326976787,r2,-562094.9383869778,-906152.2551088464,-344057.3167218686,0.31759841759365526
424,w155463577,931.9227139726281,mfh,147040.49681781893,163378.3297975766,183800.62102227364,r2,-485397.59202537243,-782508.5988149954,-297111.00678962294,0.31759841759365526
425,w155463578,931.2066993936896,mfh,113873.29084532303,126525.8787170256,142341.61355665379,r2,-375908.8303462969,-606001.9599378004,-230093.12959150353,0.31759841759365526
426,w155463581,136.57608463019133,sfh,61021.30620773177,67801.45134192418,76276.63275966472,r2,-201438.35022656491,-324738.40779818746,-123300.05757162254,0.31759841759365526
427,w155463583,1186.495489549823,mfh,188296.55551687768,209218.39501875296,235370.6943960971,r2,-621588.586903416,-1002061.8605618464,-380473.27365843044,0.31759841759365526
428,w155463586,949.1754787907004,mfh,209510.18428646377,232789.0936516264,261887.73035807972,r2,-691617.2153814273,-1114954.8885610467,-423337.67317961936,0.31759841759365526
429,w155463589,722.9646147996187,mfh,151212.88851822703,168014.3205758078,189016.1106477838,r2,-499171.13692079013,-804712.9061578824,-305541.7692370923,0.31759841759365526
430,w155463591,591.1442194825038,mfh,96927.04453766742,107696.7161529638,121158.80567208427,r2,-319967.3221929588,-515818.75367587473,-195851.43148291594,0.31759841759365526
431,w155463593,714.1720465600491,mfh,116614.64139489894,129571.82377210993,145768.30174362366,r2,-384958.343809994,-620590.664572464,-235632.32076246996,0.31759841759365526
432,w155463596,724.8313003255054,mfh,74351.19116110305,82612.43462344783,92938.98895137881,r2,-245441.83360950171,-395676.3454613823,-150234.51185188058,0.31759841759365526
433,w155463597,752.1160736689344,mfh,205595.49548058544,228439.4394228727,256994.36935073178,r2,-678694.3773808435,-1094122.0042973328,-415427.62691648933,0.31759841759365526
434,w155463600,535.4490051213652,mfh,124222.68522450993,138025.20580501104,155278.3565306374,r2,-410073.37153934233,-661078.5563143431,-251005.1847750008,0.31759841759365526
435,w155463601,1134.7886181510985,mfh,177636.22654796354,197373.5850532928,222045.2831849544,r2,-586397.6148671858,-945330.5568400748,-358932.941972889,0.31759841759365526
436,w155463605,311.537215103209,mfh,57387.584877162284,63763.98319684698,71734.48109645284,r2,-189443.018177769,-305400.75423740654,-115957.73605963754,0.31759841759365526
437,w155463606,862.8643754934892,mfh,150184.9082601897,166872.12028909966,187731.13532523712,r2,-495777.655854692,-799242.2813386334,-303464.6254839414,0.31759841759365526
438,w155463610,543.8293658494949,mfh,95673.64718066867,106304.0524229652,119592.05897583584,r2,-315829.71335658536,-509148.52179547853,-193318.80843889317,0.31759841759365526
439,w155463611,1002.8680375270545,mfh,175142.89708214474,194603.21898016083,218928.62135268093,r2,-578166.8475273974,-932061.7513823558,-353894.90385495836,0.31759841759365526
440,w155463612,535.6290688522159,mfh,102702.05201329905,114113.39112588784,128377.5650166238,r2,-339031.286089063,-546551.7361242516,-207520.45003518864,0.31759841759365526
441,w155463616,543.6235096465331,mfh,113108.31269011858,125675.90298902063,141385.3908626482,r2,-373383.54947113554,-601930.9591094042,-228547.4096382687,0.31759841759365526
442,w155463618,752.1486698825844,mfh,120222.42109385156,133580.46788205727,150278.02636731445,r2,-396868.03954911645,-639790.2639900203,-242922.2244409038,0.31759841759365526
443,w155463621,238.18491610530762,mfh,56679.23222454868,62976.92469394297,70849.04028068585,r2,-187104.66459950656,-301631.09857342765,-114526.43397392108,0.31759841759365526
444,w155463623,92.20594262611121,mfh,21194.209090566856,23549.12121174095,26492.761363208567,r1,-76005.10204665211,-122527.69045918062,-46522.58841252851,0.3450191538375098
445,w155463625,52.41574023310095,sfh,21889.06165574253,24321.1796174917,27361.327069678162,r1,-78496.93082393172,-126544.7632198012,-48047.83239586948,0.3450191538375098
446,w155463626,98.3909645654261,mfh,25263.63354204854,28070.70393560949,31579.541927560676,r1,-90598.57045041856,-146053.79503838354,-55455.224587964985,0.3450191538375098
447,w155463629,515.0338505528867,mfh,74177.83888595269,82419.82098439187,92722.29860744085,r2,-244869.57781092153,-394753.8129015436,-149884.2350906221,0.31759841759365526
448,w155463631,546.7249739198014,mfh,126987.22792459273,141096.91991621416,158734.0349057409,r2,-419199.4449593343,-675790.6831190172,-256591.2381596829,0.31759841759365526
449,w155463632,612.4270064728335,mfh,112587.15932762911,125096.84369736568,140733.94915953637,r2,-371663.16228051187,-599157.525964965,-227494.36368445313,0.31759841759365526
450,w155463633,683.6260891854763,mfh,132999.64440642184,147777.38267380203,166249.5555080273,r2,-439047.12329076283,-707787.0902211871,-268739.96693042427,0.31759841759365526
451,w155463638,279.5906790524721,ab,72908.35451998358,81009.28279998175,91135.44314997947,r2,-240678.8639076713,-387997.97043684614,-147319.10652917484,0.31759841759365526
452,w155463639,282.758548167441,other,53157.626753498495,59064.02972610944,66447.0334418731,nr2,-163991.69667898014,-264383.2658058009,-100391.56912682077,0.31759841759365526
453,w155463640,56.80619836300611,sfh,23818.086315910303,26464.54035101145,29772.60789488788,r1,-85414.65611011923,-137696.81590736116,-52282.159797241926,0.3450191538375098
454,w155463643,240.41873629689215,ab,73454.55405784637,81616.17117538485,91818.19257230796,r2,-242481.93140391662,-390904.6923556109,-148422.76095169428,0.31759841759365526
455,w155463644,98.43792371228336,mfh,24394.54936126081,27105.054845845345,30493.186701576014,r1,-87481.92516464085,-141029.4566905126,-53547.531525871746,0.3450191538375098
456,w155463645,98.39091195091605,mfh,18834.585511237558,20927.317234708396,23543.231889046947,r1,-67543.194826041,-108886.26480876909,-41343.06998272809,0.3450191538375098
457,w155463647,97.66299930792302,mfh,26707.66921487838,29675.188016531534,33384.58651859797,r1,-95777.06417025675,-154402.03559675664,-58624.97142649989,0.3450191538375098
458,w155463653,470.14576585392933,mfh,94989.61781878091,105544.01979864546,118737.02227347613,r2,-313571.65375857975,-505508.3079149292,-191936.65415634942,0.31759841759365526
459,w155463654,482.5493668295443,mfh,105019.53483666951,116688.3720407439,131274.41854583687,r2,-346681.563436928,-558884.7346936201,-212203.17125669215,0.31759841759365526
460,w155463656,98.38099298849701,mfh,23840.222614663082,26489.136238514533,29800.27826832885,r1,-85494.0396642991,-137824.78999452342,-52330.75033022433,0.3450191538375098
461,w155463657,376.1220065855421,mfh,99616.42777681562,110684.91975201735,124520.53472101952,r2,-328845.28558785486,-530130.9027483155,-201285.61716046062,0.31759841759365526
462,w155463660,49.947176152281465,mfh,13903.884877579518,15448.760975088353,17379.856096974396,r1,-49861.08160250629,-80380.96138338048,-30519.879780874187,0.3450191538375098
463,w155463661,78.16354378722608,sfh,17618.282518851098,19575.869465390108,22022.85314856387,r1,-63181.37916871,-101854.58950921595,-38673.210340505946,0.3450191538375098
464,w155463663,104.99722011834383,sfh,31121.2095088806,34579.121676534,38901.51188610075,r1,-111604.57530781333,-179917.53828250285,-68312.96297468952,0.3450191538375098
465,w155463665,584.8363451194018,trade,65489.06782994515,72765.63092216128,81861.33478743143,nr2,-202034.2894004519,-325714.571640823,-123680.28224037107,0.31759841759365526
466,w155463667,587.3173447391018,mfh,115468.0821474425,128297.86905271388,144335.10268430313,r2,-381173.4198613263,-614488.9953751875,-233315.5755138612,0.31759841759365526
467,w155463669,557.4523567564785,mfh,74566.33247872395,82851.4805319155,93207.91559840494,r2,-246152.03984369134,-396821.26767425635,-150669.227830565,0.31759841759365526
468,w155463671,449.48969881236553,mfh,53807.451205461286,59786.056894956986,67259.31400682661,r2,-177624.5851543434,-286348.2792822646,-108723.69412792119,0.31759841759365526
469,w155576276,58.73152135126293,other,29705.867542816675,33006.519492018524,37132.334428520844,nr1,-99551.09999225709,-160493.76562055128,-60942.665628294184,0.34500538763980826
470,w159548666,1258.4072781499474,other,180181.35664095735,200201.5073788415,225226.69580119668,nr2,-555860.9025660902,-896144.8886150824,-340283.98604899214,0.31759841759365526
471,w159548667,15669.025621107221,trade,1690152.4675691654,1877947.1861879616,2112690.5844614566,nr2,-5214133.657398292,-8406094.409703126,-3191960.7523048343,0.31759841759365526
472,w159548669,1128.1401582509743,trade,312122.34807082167,346802.6089675796,390152.93508852704,nr2,-962899.898991306,-1552362.8640646155,-589462.9650733095,0.31759841759365526
473,w159548670,188.14899220019578,mfh,31121.77777392142,34579.753082134914,38902.22221740177,r1,-111606.61317779153,-179920.82352908707,-68314.21035129554,0.3450191538375098
474,w159548671,318.3455893772654,other,44239.99029964507,49155.54477738341,55299.98787455633,nr1,-148258.24196612087,-239018.18803886924,-90759.94607274837,0.34500538763980826
475,w159548672,170.00981159284711,ab,53041.452849825524,58934.94761091725,66301.8160622819,r2,-175095.93648021884,-282271.84923112165,-107175.91275090282,0.31759841759365526
476,w159548674,118.95309109317604,trade,42442.14357326573,47157.93730362858,53052.67946658216,nr1,-142233.24980015997,-229304.84804941062,-87071.59824925064,0.34500538763980826
477,w159548675,865.047436706489,mfh,102991.19583042577,114434.66203380641,128738.99478803221,r2,-339985.7830856028,-548090.4790426474,-208104.6959570446,0.31759841759365526
478,w159548677,106.67055884185247,other,25198.33954257909,27998.1550473101,31497.92442822386,nr1,-84445.35127029935,-136140.65957658595,-51695.308306286606,0.34500538763980826
479,w159872586,633.9711885744706,mfh,122418.33010948353,136020.36678831503,153022.9126368544,r2,-404116.9877746872,-651476.280591803,-247359.29281711584,0.31759841759365526
480,w159872589,1091.462102752924,mfh,259076.64840336132,287862.9426704015,323845.8105042016,r2,-855241.8143744749,-1378733.814936566,-523492.000562091,0.31759841759365526
481,w159872591,2692.1037788091226,mfh,398463.47622997384,442737.195811082,498079.3452874673,r2,-1315373.7647644428,-2120511.7175983572,-805137.9528339144,0.31759841759365526
482,w159872593,436.90541737405584,mfh,85059.41321512173,94510.45912791304,106324.26651890216,r2,-280790.9062281395,-452662.5228521715,-171871.61662403203,0.31759841759365526
483,w159872596,218.88012801047884,mfh,24687.406735417215,27430.45192824135,30859.25841927152,r1,-88532.14857768525,-142722.5199954932,-54190.37141780795,0.3450191538375098
484,w159872599,487.8712977081537,mfh,62512.801550512224,69458.66838945802,78141.00193814028,r2,-206361.9478991141,-332675.7308899629,-126313.78299084882,0.31759841759365526
485,w159872601,472.41725389491756,mfh,153560.83980685167,170623.1553409463,191951.04975856456,r2,-506921.9941768244,-817208.0494191563,-310286.0552423319,0.31759841759365526
486,w159872603,453.131132603623,mfh,88566.44643709813,98407.1627078868,110708.05804637265,r2,-292368.0262592929,-471325.9775596628,-178957.95130036987,0.31759841759365526
487,w159872608,317.054659525305,mfh,42418.59647518505,47131.77386131672,53023.24559398131,r1,-152118.42725507283,-245229.84728586322,-93111.42003079038,0.3450191538375098
488,w159872611,474.9952949794941,mfh,100937.48027911995,112152.75586568883,126171.85034889993,r2,-333206.2318403155,-537161.1764818162,-203954.9446415007,0.31759841759365526
489,w159872613,461.6615135567263,mfh,132145.47894070612,146828.30993411792,165181.84867588265,r2,-436227.424845624,-703241.4593494317,-267014.03450380766,0.31759841759365526
490,w159872615,129.00588214695452,mfh,46532.03340367435,51702.25933741595,58165.04175459294,r1,-166869.7299423455,-269010.3962340958,-102140.6662917503,0.3450191538375098
491,w159872617,185.93316667452453,mfh,58449.932374300144,64944.36930477794,73062.41546787518,r2,-192949.9494529251,-311054.27193783934,-118104.32248491424,0.31759841759365526
492,w159872620,193.91208087578414,mfh,38433.537462189815,42703.93051354424,48041.921827737264,r1,-137827.50393491736,-222191.47510036037,-84363.97116544301,0.3450191538375098
493,w159872622,447.3657494872576,mfh,87681.0593849161,97423.39931657344,109601.32423114512,r2,-289445.2617662427,-466614.19409452466,-177168.93232828198,0.31759841759365526
494,w159872625,158.90772645771503,mfh,53423.20227879663,59359.11364310736,66779.00284849577,r2,-176356.1352525966,-284303.4134411686,-107947.278188572,0.31759841759365526
495,w159872628,167.04002443812786,mfh,60363.17122836684,67070.19025374093,75453.96403545854,r2,-199265.77096353914,-321235.99661433476,-121970.22565079562,0.31759841759365526
496,w159872630,130.34995984360575,mfh,37405.33766516285,41561.486294625385,46756.67208145356,r1,-134140.25001742324,-216247.2595874359,-82107.00957001265,0.3450191538375098
497,w159872632,133.65780365467072,th,28284.72324055189,31427.470267279878,35355.90405068986,r1,-101432.57844975624,-163519.28015490022,-62086.701705143976,0.3450191538375098
498,w159872635,49.369007284846155,th,13529.035584501951,15032.261760557723,16911.29448062744,r1,-48516.82484582664,-78213.88744564656,-29697.062599819918,0.3450191538375098
499,w159872640,133.91130499513818,mfh,36007.86904149653,40008.74337944059,45009.83630187066,r1,-129128.75159845053,-208168.23185795976,-79039.48025950923,0.3450191538375098
500,w159872643,87.82295271442271,other,35005.412290234905,38894.90254470545,43756.76536279363,nr1,-117311.07647849337,-189125.950536943,-71814.87405844964,0.34500538763980826
501,w159872648,133.79360626488923,mfh,34427.78980425969,38253.09978251077,43034.73725532462,r1,-123462.38852942552,-199033.4979854275,-75571.10945600198,0.3450191538375098
502,w159872651,467.48304517045614,other,135031.91781507933,150035.46423897703,168789.89726884916,nr2,-416574.5286372116,-671590.9193147271,-255016.39067751548,0.31759841759365526
503,w159872654,134.11286987382917,mfh,38759.09577380714,43065.66197089682,48448.869717258916,r1,-138994.99702658568,-224073.5886466505,-85078.5916200648,0.3450191538375098
504,w159872660,131.42538360562176,mfh,22016.9065990909,24463.229554545444,27521.133248863625,r1,-78955.39888583576,-127283.8587707804,-48328.459884944634,0.3450191538375098
505,w159872663,509.8066861014813,other,142310.6793487845,158122.977054205,177888.34918598062,nr2,-439029.5652243265,-707792.3613810992,-268762.7961567727,0.31759841759365526
506,w159872669,96.41428965386004,other,27506.59332669404,30562.881474104488,34383.24165836755,nr1,-92180.83325676968,-148611.60799398297,-56430.77473721329,0.34500538763980826
507,w159872671,385.8471666022902,mfh,89285.03372753705,99205.59303059672,111606.29215942131,r2,-294740.16555416526,-475150.09911757824,-180409.93356341298,0.31759841759365526
508,w159872676,450.3884779855609,trade,74344.01228996101,82604.45809995668,92930.01536245126,nr2,-229351.86271368433,-369755.272436667,-140403.40972298267,0.31759841759365526
509,w159872680,74.82275880910456,trade,6109.419811705227,6788.24423522803,7636.774764631534,nr1,-20474.051521744415,-33007.74804587307,-12533.696524128656,0.34500538763980826
510,w159872682,128.20031198486686,mfh,24151.812284199917,26835.346982444353,30189.765355249896,r1,-86611.43944688266,-139626.14820591715,-53014.70875903449,0.3450191538375098
511,w159872688,74.73616111706941,trade,23726.981372002807,26363.312635558672,29658.726715003508,nr1,-79514.49630865442,-128191.25991566082,-48676.7636070064,0.34500538763980826
512,w159872690,271.2794532585889,mfh,86430.95828316579,96034.39809240644,108038.69785395723,r2,-285318.5342475668,-459961.50396712584,-174642.96971955907,0.31759841759365526
513,w159872699,406.91918786983007,mfh,80527.00159448035,89474.44621608927,100658.75199310042,r2,-265828.8941679318,-428542.2896968446,-162713.39552891278,0.31759841759365526
514,w159872700,406.7131608505966,mfh,87475.0752359606,97194.52803995622,109343.84404495075,r2,-288765.2843990397,-465518.00378460635,-176752.71938556666,0.31759841759365526
515,w159872708,435.5580747295171,mfh,106553.49480777283,118392.77200863647,133191.86850971603,r2,-351745.3417316885,-567048.0427183037,-215302.70098661527,0.31759841759365526
516,w159872710,142.59727319749075,mfh,22322.014225356856,24802.238028174284,27902.517781696068,r1,-80049.55324519219,-129047.74307654054,-48998.189831348354,0.3450191538375098
517,w159872717,364.7500545413,mfh,86834.12681583947,96482.36312871052,108542.65851979933,r2,-286649.4399448093,-462107.05468557635,-175457.61474076705,0.31759841759365526
518,w159872718,279.0297442568466,mfh,61070.770121815214,67856.41124646134,76338.46265226901,r2,-201601.63629610266,-325001.6409818273,-123400.00468572462,0.31759841759365526
519,w159872719,169.79583046399057,mfh,22639.692482727318,25155.213869697018,28299.615603409147,r1,-81188.78747027076,-130884.30055402737,-49695.51308375661,0.3450191538375098
520,w159872726,114.99229049249551,mfh,45745.490323729304,50828.32258192145,57181.862904661626,r1,-164049.0874357129,-264463.2434424773,-100414.15600676442,0.3450191538375098
521,w159872727,172.59632431017235,mfh,43172.24197771444,47969.15775301604,53965.30247214305,r1,-154821.0949074478,-249586.81302378146,-94765.71811633365,0.3450191538375098
522,w159872732,210.74365339432848,mfh,43817.01360527521,48685.57067252801,54771.26700659401,r1,-157133.3271374938,-253314.35850854273,-96181.03137104894,0.3450191538375098
523,w159872736,118.37831126665697,mfh,17592.868481813704,19547.63164645967,21991.08560226713,r1,-63090.24123239021,-101707.66620341438,-38617.42497102417,0.3450191538375098
524,w159872737,187.97203346798193,mfh,55799.93681241815,61999.92979157572,69749.92101552268,r2,-184202.0093109032,-296951.7331211795,-112749.72381027631,0.31759841759365526
525,w159872743,502.40441266223786,other,117404.14469402637,130449.0496600293,146755.18086753297,nr2,-362192.7098965293,-583917.9265334801,-221725.21663695073,0.31759841759365526
526,w159872746,394.377677144669,mfh,70135.07603362318,77927.8622595813,87668.84504202896,r2,-231523.95265242053,-373239.3542090026,-141715.40155658204,0.31759841759365526
527,w159872748,575.8923149108887,trade,55523.94284621039,61693.269829122655,69404.92855776298,nr2,-171291.80043873005,-276152.30845740536,-104860.50801867532,0.31759841759365526
528,w159872750,127.08080641776323,mfh,21819.433969816575,24243.815522018416,27274.292462270718,r1,-78247.23717641411,-126142.23253266545,-47894.99535625134,0.3450191538375098
529,w159872753,434.5401292324066,other,89064.55373169438,98960.6152574382,111330.69216461797,nr2,-274764.8488550232,-442968.9401356103,-168204.09128058708,0.31759841759365526
530,w159872756,252.43327465518377,mfh,64697.01935154345,71885.5770572705,80871.27418942931,r2,-213572.30208060946,-344299.5301016138,-130727.22802100432,0.31759841759365526
531,w159872759,257.3853570877574,mfh,62384.76724568331,69316.40805075923,77980.95905710413,r2,-205939.2919328629,-331994.3679549883,-126055.07602212543,0.31759841759365526
532,w159872763,1345.7076428122818,trade,222277.02997056599,246974.47774507332,277846.28746320744,nr2,-685726.3859176825,-1105510.7363942747,-419784.3504765922,0.31759841759365526
533,w159872767,364.5254709209315,mfh,90479.69073987738,100532.98971097486,113099.61342484671,r2,-298683.8657567338,-481507.7312326898,-182823.865475956,0.31759841759365526
534,w159872769,563.4171857964247,other,118790.36643312634,131989.29603680703,148487.95804140792,nr2,-366469.2148658436,-590812.3996861988,-224343.1848203552,0.31759841759365526
535,w159872774,2747.8572637828997,other,412142.5182371795,457936.1313746439,515178.14779647434,nr2,-1271462.910725494,-2049820.3475910646,-778357.4368655707,0.31759841759365526
536,w159872776,80.53474041707815,sfh,32190.834001288138,35767.5933347646,40238.54250161017,r1,-115440.38339810992,-186101.23771441984,-70660.85431630992,0.3450191538375098
537,w159872779,530.1892838459462,trade,121117.40385737382,134574.8931748598,151396.75482171727,nr2,-373648.14362441003,-602386.087065581,-228737.94344117097,0.31759841759365526
538,w159872782,386.9254036822822,mfh,61057.87772808231,67842.0863645359,76322.34716010289,r2,-201559.07702155702,-324933.03125067404,-123373.95422911702,0.31759841759365526
539,w159872787,649.6997715241275,sfh,133970.41875584295,148856.0208398255,167463.0234448037,r2,-442251.7610729163,-712953.2811166942,-270701.5200437779,0.31759841759365526
540,w159872789,103.62989482581615,mfh,22406.182943956934,24895.758826618814,28007.728679946165,r1,-80351.39286652453,-129534.33819575007,-49182.945329225535,0.3450191538375098
541,w159872791,7102.280937734339,other,1043873.0189685457,1159858.9099650509,1304841.273710682,nr2,-3220356.474751662,-5191777.261261979,-1971420.7865103171,0.31759841759365526
542,w159872796,295.65545302389654,other,54813.29472833816,60903.66080926462,68516.6184104227,nr2,-169099.44540504864,-272617.8491198383,-103518.40371478969,0.31759841759365526
543,w159872797,3172.659030787088,other,448693.6431301838,498548.49236687087,560867.0539127297,nr2,-1384223.4185360605,-2231609.9864118416,-847386.5678757811,0.31759841759365526
544,w159872802,393.79842739673325,mfh,53157.31133284165,59063.679258712946,66446.63916605206,r2,-175478.3986582501,-282888.4158312612,-107410.01717301109,0.31759841759365526
545,w159872803,375.97314485982065,mfh,102423.23769952286,113803.59744391427,128029.04712440356,r2,-338110.8879711427,-545067.9639477137,-206957.075976571,0.31759841759365526
546,w159872804,664.4021281981841,mfh,136848.7803441169,152054.2003823521,171060.97543014612,r2,-451753.56373383605,-728271.1203655222,-276517.55663168617,0.31759841759365526
547,w159872808,295.65545226749964,other,56443.892031317475,62715.43559035275,70554.86503914684,nr2,-174129.85091121896,-280727.7416508744,-106597.89073965541,0.31759841759365526
548,w159872809,678.8678823016584,other,119952.92983375354,133281.03314861504,149941.16229219193,nr2,-370055.7321016454,-596594.4920657066,-226538.75996406126,0.31759841759365526
549,w159872812,337.05531151816245,mfh,81013.5233794688,90015.02597718754,101266.90422433599,r2,-267434.9585380343,-431131.42322470504,-163696.46468667075,0.31759841759365526
550,w159872814,765.4437305399682,mfh,109018.93796592145,121132.15329546828,136273.6724574018,r2,-359884.05316248216,-580168.4450080973,-220284.39184561517,0.31759841759365526
551,w159872815,1229.117813373683,mfh,339131.2185442633,376812.4650491814,423914.02318032907,r2,-1119511.1579769044,-1804761.9559276032,-685250.7979506988,0.31759841759365526
552,w159872820,336.8380303993821,mfh,89597.02701048309,99552.2522338701,111996.28376310386,r2,-295770.0912654319,-476810.4405334555,-181040.34926802362,0.31759841759365526
553,w159872826,1791.1392054180615,th,359391.29213767755,399323.65793075284,449239.11517209694,r2,-1186391.9911441405,-1912580.4286787787,-726188.4375346382,0.31759841759365526
554,w159872827,157.03123329076917,th,49680.823893013854,55200.91543668206,62101.029866267316,r1,-178161.68905453026,-287214.1435289321,-109052.45447440186,0.3450191538375098
555,w159872832,35.670331929810345,sfh,11993.82932823605,13326.477031373388,14992.286660295062,r1,-43011.38193585354,-69338.57267664824,-26327.1907407947,0.3450191538375098
556,w159872833,162.84196072258055,mfh,21250.176617647467,23611.30735294163,26562.720772059332,r1,-76205.80864480273,-122851.2492107526,-46645.44056594987,0.3450191538375098
557,w159872834,33.79703346360475,sfh,4557.6357583757635,5064.039731528626,5697.044697969704,r0,-20055.61496705194,-32331.621384352748,-12276.006417300807,0.42336411453423695
558,w159872835,42.916394099872555,th,15625.810818691189,17362.012020767987,19532.263523363985,r1,-56036.12480943682,-90335.73760572457,-34299.61279628775,0.3450191538375098
559,w159872839,58.88304680213332,other,22375.0309462598,24861.145495844223,27968.78868282475,nr1,-74983.80378389554,-120886.99201481402,-45903.18823091849,0.34500538763980826
560,w159872840,318.65718863122163,other,93876.67721184962,104307.41912427735,117345.84651481202,nr2,-289610.28764405794,-466902.3810893204,-177292.09344526246,0.31759841759365526
561,w159872842,48.8293092939537,other,9490.953602073441,10545.504002303824,11863.6920025918,nr1,-31806.338249507247,-51277.374098944434,-19471.035849437187,0.34500538763980826
562,w159872843,143.51003436879253,mfh,25483.23862687193,28314.709585413257,31854.048283589913,r1,-91386.1019318077,-147323.37314538067,-55937.27121357297,0.3450191538375098
563,w159872845,162.83680398128925,mfh,55083.802626750236,61204.225140833594,68854.75328343779,r2,-181837.96799702663,-293140.6663040915,-111302.69830706489,0.31759841759365526
564,w159872848,156.42925329236314,mfh,41076.637776151256,45640.708640168064,51345.797220189066,r1,-147305.994414262,-237471.7328225403,-90165.7384082783,0.3450191538375098
565,w159872851,167.48750086340587,mfh,24746.034080304496,27495.593422560552,30932.54260038062,r1,-88742.39361734875,-143061.4556517423,-54319.062034393544,0.3450191538375098
566,w159872853,143.46053532976657,th,40945.96811203424,45495.52012448249,51182.4601400428,r1,-146837.39654806297,-236716.30703198983,-89878.91048392685,0.3450191538375098
567,w159872855,384.2727038262412,other,122247.67428197748,135830.74920219718,152809.59285247183,nr2,-377135.0367751586,-608007.5680147987,-230872.53123964008,0.31759841759365526
568,w159872857,315.41669200100006,mfh,68908.21293461336,76564.68103845928,86135.2661682667,r2,-227473.9364535363,-366710.33026443946,-139236.39381090316,0.31759841759365526
569,w159872858,136.24142913175746,other,52043.531645894844,57826.146273216495,65054.41455736855,nr2,-160554.70450841362,-258842.23395476682,-98287.5294463532,0.31759841759365526
570,w159872860,131.01957194106652,other,10367.158774658756,11519.065305176395,12958.948468323444,nr1,-34742.70052285437,-56011.30309131373,-21268.602568459362,0.34500538763980826
571,w159872862,156.42902136784977,mfh,39880.31907883324,44311.46564314805,49850.398848541554,r1,-143015.84495497204,-230555.59047397994,-87539.7455190079,0.3450191538375098
572,w159872865,158.90607472276315,mfh,49381.949090269816,54868.832322522016,61727.43636283727,r1,-177089.88638500564,-285486.292342781,-108396.40595777534,0.3450191538375098
573,w159872867,192.56274920739233,mfh,48021.25035171573,53356.9448352397,60026.56293964466,r1,-172210.24940319516,-277619.83820272266,-105409.5887995275,0.3450191538375098
574,w159872868,54.98272090442479,other,17097.68979109756,18997.43310121951,21372.11223887195,nr1,-57298.23657150652,-92374.76784780392,-35076.5312762974,0.34500538763980826
575,w159872870,315.09365436807275,mfh,58969.552592695625,65521.72510299514,73711.94074086953,r2,-194665.27555855818,-313819.54611612484,-119154.27055756666,0.31759841759365526
576,w159872874,56.548262861557305,th,14144.219920168222,15715.799911298023,17680.274900210276,r1,-50722.95332224275,-81770.38325701431,-31047.429934771564,0.3450191538375098
577,w159872876,86.08918008172186,other,31255.780473542098,34728.64497060233,39069.72559192762,nr1,-104745.20977287684,-168867.57804254396,-64122.36826966712,0.34500538763980826
578,w159872878,413.8979488207959,mfh,117349.2970373988,130388.107819332,146686.6212967485,r2,-387383.52658313926,-624500.2974278014,-237116.77084466215,0.31759841759365526
579,w159872879,205.3686287334189,mfh,56005.12192973973,62227.913255266365,70006.40241217466,r2,-184879.34898278103,-298043.6712071336,-113164.3222243526,0.31759841759365526
580,w159872883,329.8948070596903,th,88359.86482026872,98177.62757807635,110449.8310253359,r2,-291686.0765819198,-470226.6076920106,-178540.5311100908,0.31759841759365526
581,w159872884,900.053558271192,other,144412.07692115853,160457.86324573169,180515.09615144815,nr2,-445512.39326495235,-718243.8127883811,-272731.4195234288,0.31759841759365526
582,w159872887,1008.3728146322071,other,277291.4181817813,308101.57575753477,346614.2727272266,nr2,-855446.2062992331,-1379128.7383610765,-523682.5320618433,0.31759841759365526
583,w159872892,458.9937253634445,other,141650.5396211511,157389.4884679457,177063.17452643887,nr2,-436993.0289718371,-704509.1091416944,-267516.0801698573,0.31759841759365526
584,w159872895,353.7920229201671,th,102520.50692198532,113911.67435776145,128150.63365248164,r2,-338431.98486202146,-545585.6036770681,-207153.61881504668,0.31759841759365526
585,w159872899,2008.66189844124,other,298611.6161065358,331790.6845628175,373264.5201331697,nr2,-921219.1846044029,-1485166.2704937854,-563947.0858893825,0.31759841759365526
587,w160025355,131.5437356668757,ab,63347.258363618574,70385.84262624285,79184.07295452322,r2,-209116.58581517634,-337116.4777979696,-127999.89198279326,0.31759841759365526
588,w160025360,102.43726858533918,mfh,32583.845982411694,36204.27331379077,40729.80747801461,r1,-116849.77384071662,-188373.31355193196,-71523.53971121534,0.3450191538375098
589,w160025362,106.2412323884666,mfh,34384.70352679268,38205.22614088075,42980.879408490844,r1,-123307.87571407597,-198784.4081493332,-75476.53243525724,0.3450191538375098
590,w160025367,104.2175793532282,mfh,34350.700759438754,38167.445288265284,42938.37594929844,r1,-123185.9375095617,-198587.8317857004,-75401.8942761387,0.3450191538375098
591,w160025369,103.97346241511406,mfh,37611.82632746341,41790.91814162601,47014.78290932926,r1,-134880.74435635173,-217441.00920034095,-82560.26484398922,0.3450191538375098
592,w160025373,103.9182820610702,mfh,31699.260273873322,35221.400304303694,39624.07534234165,r1,-113677.53812485811,-183259.35797013837,-69581.81984528026,0.3450191538375098
593,w160025375,104.46434533819556,mfh,14961.913647517551,16624.348497241725,18702.392059396938,r1,-53655.30597218214,-86497.62377289963,-32842.317800717494,0.3450191538375098
594,w160025376,101.26918978765606,other,24541.53104661005,27268.36782956672,30676.91380826256,nr1,-82244.2370236363,-132592.0788573828,-50347.84183374648,0.34500538763980826
595,w160025380,128.15635424628857,th,34924.7589984539,38805.287776059886,43655.94874806737,r1,-125244.58262581125,-201906.56993323032,-76661.98730741907,0.3450191538375098
596,w160025381,64.08582323277369,th,11535.441041454284,12817.156712726981,14419.301301817854,r1,-41367.543830597475,-66688.54417721684,-25321.000346619367,0.3450191538375098
597,w160025384,125.48521707579494,mfh,48423.55185222653,53803.94650247392,60529.439815283156,r1,-173652.95323182977,-279945.6184908765,-106292.66525904674,0.3450191538375098
598,w160025385,125.6767025694251,mfh,35405.67425803667,39339.63806448519,44257.092822545834,r1,-126969.20529156808,-204686.83107963382,-77717.62578806574,0.3450191538375098
599,w160025388,125.67682776004075,mfh,30199.416893844864,33554.90765982762,37749.271117306074,r1,-108298.91094108665,-174588.48260885055,-66289.5716677639,0.3450191538375098
600,w160025389,125.54291224256157,mfh,28483.685543207124,31648.53949245236,35604.6069290089,r1,-102146.08231546449,-164669.51847370763,-62523.436158243145,0.3450191538375098
601,w160025392,101.23846836648882,other,29697.797263157157,32997.55251461906,37122.24657894645,nr1,-99524.054654625,-160450.1638112353,-60926.10915661031,0.34500538763980826
602,w160025393,241.441205301648,mfh,33411.07222033336,37123.413578148175,41763.8402754167,r1,-119816.31127366511,-193155.66329598962,-73339.35202232451,0.3450191538375098
603,w160025394,520.9474028991534,mfh,117261.29785223737,130290.33094693041,146576.6223152967,r2,-387093.0311515952,-624031.9902568671,-236938.95910527196,0.31759841759365526
604,w160025395,521.0290527088567,mfh,121619.94567074865,135133.2729674985,152024.9320884358,r2,-401481.42891533027,-647227.5008203078,-245746.0719049775,0.31759841759365526
605,w160025396,362.18757194392384,mfh,79166.4327499597,87962.70305551078,98958.04093744962,r2,-261337.4999247981,-421301.7209885092,-159964.2210637111,0.31759841759365526
606,w160025398,216.67090053744613,mfh,67495.54598341377,74995.05109268197,84369.43247926721,r2,-222810.56036813254,-359192.5099326363,-136381.94956450374,0.31759841759365526
607,w160025399,277.5212213275954,mfh,58100.82824625149,64556.475829168325,72626.03530781435,r2,-191797.5165736287,-309196.4369332531,-117398.92035962438,0.31759841759365526
608,w160025402,488.75319887734946,mfh,103196.79733778167,114663.10815309074,128995.99667222708,r2,-340664.49730887543,-549184.6330404719,-208520.1357315965,0.31759841759365526
609,w160025403,118.93753181435167,th,31004.58141090047,34449.53490100052,38755.726763625586,r1,-111186.33226554608,-179243.28941447064,-68056.95714892456,0.3450191538375098
610,w160025405,118.80893169231713,mfh,16703.202270377267,18559.11363375252,20879.002837971584,r1,-59899.786193528635,-96564.33928326085,-36664.55308973222,0.3450191538375098
611,w160025406,118.8714888818562,mfh,25090.881597113672,27878.7573301263,31363.601996392088,r1,-89979.06022725216,-145055.08370432287,-55076.0234770707,0.3450191538375098
612,w160025409,118.87152101863175,mfh,29142.160137929837,32380.17793103315,36427.7001724123,r1,-104507.45511089014,-168476.28337692493,-63968.82826603479,0.3450191538375098
613,w160025412,678.325670054555,mfh,77217.09223240738,85796.76914711931,96521.36529050922,r2,-254902.50267074417,-410927.8733069886,-156025.37063624445,0.31759841759365526
614,w160025415,1309.668819526094,mfh,250538.56679219592,278376.18532466213,313173.20849024487,r2,-827056.6249588636,-1333296.5209753045,-506239.89601644094,0.31759841759365526
615,w160025422,678.3786613484378,mfh,94577.26586173777,105085.85095748641,118221.58232717222,r2,-312210.4325212517,-503313.8855679736,-191103.45304672187,0.31759841759365526
616,w160025427,555.729584345687,mfh,135477.9441552274,150531.04906136377,169347.43019403424,r2,-447228.2758060305,-720975.9117081285,-273747.63590209803,0.31759841759365526
617,w160025428,926.2977557130158,mfh,206549.42955995322,229499.36617772578,258186.7869499415,r2,-681843.4234946483,-1099198.5759627072,-417355.15246805886,0.31759841759365526
618,w160025434,188.0208901744336,mfh,60014.37229248888,66682.6358805432,75017.96536561109,r2,-198114.3455587002,-319379.785757538,-121265.44019883778,0.31759841759365526
619,w160025437,385.6369404070079,mfh,105149.44402451947,116832.71558279941,131436.80503064932,r2,-347110.40860767354,-559576.0752342035,-212465.66662652994,0.31759841759365526
620,w160025438,514.208815998584,mfh,88311.97789336782,98124.41988151979,110389.97236670977,r2,-291527.9963284506,-469971.76679523906,-178443.77046678844,0.31759841759365526
621,w160025439,231.99735509790483,mfh,46713.30130470581,51903.66811633979,58391.62663088226,r1,-167519.7794561917,-270058.33990459837,-102538.56044840667,0.3450191538375098
622,w160025441,239.19352681115268,mfh,54864.75950564291,60960.84389515879,68580.94938205363,r2,-181114.88146075798,-291974.97977903765,-110860.09831827966,0.31759841759365526
623,w160025442,172.3065145563334,mfh,58802.01219734835,65335.569108164826,73502.51524668543,r2,-194112.20544366792,-312927.94276299863,-118815.73731933071,0.31759841759365526
624,w160025445,358.2598954875022,mfh,43086.849428931426,47874.27714325714,53858.56178616428,r1,-154514.8664770052,-249093.1427131747,-94578.27623616948,0.3450191538375098
625,w160025446,282.03160609211767,mfh,56398.29520637322,62664.7724515258,70497.86900796652,r2,-186177.2591902192,-300136.0299548816,-113958.77076466239,0.31759841759365526
626,w160025449,101.22717582844196,mfh,35309.83905891569,39233.15450990632,44137.29882364461,r1,-126625.52820233462,-204132.78985248483,-77507.2616501502,0.3450191538375098
627,w160025451,187.46145662125198,mfh,47932.611884421145,53258.457649356824,59915.76485552643,r1,-171892.3807003247,-277107.4026295414,-105215.02192921672,0.3450191538375098
628,w160025452,105.00601281486452,mfh,29944.059405428117,33271.17711714235,37430.07425678514,r1,-107383.16683935796,-173112.21316357615,-65729.04632421819,0.3450191538375098
629,w160025453,104.94913844838739,mfh,20363.63938934594,22626.265988162155,25454.549236682422,r1,-73026.57453338674,-117726.01152786985,-44699.43699448311,0.3450191538375098
630,w160025454,86.96602670811116,mfh,33369.187982785705,37076.87553642856,41711.48497848213,r1,-119666.10912479735,-192913.52267769963,-73247.41355290228,0.3450191538375098
631,w160025455,154.7314723036252,mfh,32970.425180935556,36633.80575659506,41213.03147616944,r1,-118236.09551506472,-190608.20026897258,-72372.10475390786,0.3450191538375098
632,w160025456,108.55606309622526,mfh,23062.671775901938,25625.190862113264,28828.339719877422,r1,-82705.64446663146,-133329.62303260056,-50623.9785659691,0.3450191538375098
633,w160025457,103.20248084068298,mfh,31914.74156858731,35460.823965097006,39893.426960734134,r1,-114450.28117574978,-184505.09567451017,-70054.81449876039,0.3450191538375098
634,w160025458,101.69107806179672,mfh,16684.55519702478,18538.394663360865,20855.693996280974,r1,-59832.91544091074,-96456.53706134541,-36623.62162043467,0.3450191538375098
635,w160025459,108.44199563004076,mfh,39338.026846219225,43708.91871802136,49172.533557774026,r1,-141071.1167368627,-227420.49755627717,-86349.38081941448,0.3450191538375098
636,w160025462,124.9876569705084,mfh,44362.91095442498,49292.12328269442,55453.63869303122,r1,-159090.98375736704,-256470.29327984215,-97379.30952247512,0.3450191538375098
637,w160025465,154.81539766397327,mfh,28232.420273852746,31369.35585983638,35290.52534231593,r1,-101245.01342648389,-163216.90691292525,-61971.89348644136,0.3450191538375098
638,w160025467,105.14285953305661,mfh,18285.675332303726,20317.417035893028,22857.094165379658,r1,-65574.73381926151,-105712.91230446486,-40138.178485203345,0.3450191538375098
639,w160025469,108.37528205253183,mfh,35833.17505463782,39814.638949597575,44791.46881829727,r1,-128502.27696845161,-207158.2932159733,-78656.0162475217,0.3450191538375098
640,w160025471,48.55004379618913,sfh,16133.927362729955,17926.58595858884,20167.409203412444,r1,-57858.294705762295,-93273.25446984198,-35414.959764079686,0.3450191538375098
641,w160025472,101.69099241122603,mfh,26907.563629845576,29897.292922050638,33634.45453730697,r1,-96493.9107080641,-155557.66263133753,-59063.751923273434,0.3450191538375098
642,w160025474,105.6897082787007,mfh,41507.38064929001,46119.31183254446,51884.22581161251,r1,-148850.69258577106,-239961.93801028354,-91111.24542451248,0.3450191538375098
643,w160025476,96.35599186792969,mfh,24697.726146666835,27441.91794074093,30872.157683333542,r1,-88569.15528559011,-142782.17844379443,-54213.02315820432,0.3450191538375098
644,w160025477,108.4367577029392,mfh,17997.720349025483,19997.46705447276,22497.150436281852,r1,-64542.090997093364,-104048.19063891338,-39506.099641820016,0.3450191538375098
645,w160025481,105.0061043202877,mfh,27081.648280331603,30090.72031147956,33852.060350414504,r1,-97118.2001811181,-156564.07858568136,-59445.878404563264,0.3450191538375098
646,w160025482,103.2132654029876,mfh,29073.096678993104,32303.440754436782,36341.370848741375,r1,-104259.78485238932,-168077.0145916412,-63817.22973925188,0.3450191538375098
647,w160025484,85.67644045613706,mfh,17113.416045268,19014.906716964444,21391.770056585,r1,-61370.86443420662,-98935.86191083908,-37564.99747663247,0.3450191538375098
648,w160025486,101.26240085978061,mfh,17388.540660994033,19320.600734437812,21735.67582624254,r1,-62357.49594305165,-100526.40881963521,-38168.91287658356,0.3450191538375098
649,w160025487,105.13472320698202,mfh,20351.10821589786,22612.342462108732,25438.885269872324,r1,-72981.63616778809,-117653.56646824174,-44671.93030045365,0.3450191538375098
650,w160025490,87.12732640933245,mfh,16565.44218397897,18406.046871087743,20706.802729973708,r1,-59405.761180379246,-95767.92243412475,-36362.1612537455,0.3450191538375098
651,w160025492,101.576605540514,mfh,38727.72097004403,43030.8010778267,48409.651212555036,r1,-138882.48303035588,-223892.2050325096,-85009.72200215372,0.3450191538375098
652,w160025494,105.68961535468698,mfh,39770.48313362868,44189.42570403187,49713.10391703585,r1,-142621.95942765698,-229920.60831268263,-87298.64888502564,0.3450191538375098
653,w160025496,100.3227494932711,mfh,38673.653223391,42970.725803767775,48342.06652923874,r1,-138688.58928399166,-223579.62926724186,-84891.0399832502,0.3450191538375098
654,w160025498,53.38166442215442,th,13229.953063395835,14699.947848217595,16537.441329244793,r1,-47444.27727210482,-76484.83540075793,-29040.558128653116,0.3450191538375098
655,w160025500,108.55102695096282,mfh,22366.177471289906,24851.30830143323,27957.721839112382,r1,-80207.92820504608,-129303.05906895314,-49095.13086390706,0.3450191538375098
656,w160025504,103.15687311664223,mfh,32917.159576575395,36574.62175175044,41146.44947071924,r1,-118045.0783519486,-190300.2618384667,-72255.18348651809,0.3450191538375098
657,w160025505,103.09466042611747,mfh,44182.202817094534,49091.33646343837,55227.75352136816,r1,-158442.94162662415,-255425.58570808682,-96982.64408146267,0.3450191538375098
658,w160025507,85.83866344131528,mfh,31364.719203354874,34849.688003727635,39205.89900419359,r1,-112477.83172888469,-181325.3134130045,-68847.48168411982,0.3450191538375098
659,w160025509,108.27769679883495,mfh,36523.08119008802,40581.20132232003,45653.85148761002,r1,-130976.36722600421,-211146.76974034414,-80170.40251433993,0.3450191538375098
660,w160025513,105.03020258601755,mfh,27489.73376672564,30544.148629695155,34362.167208407045,r1,-98581.64611130574,-158923.29717902953,-60341.65106772378,0.3450191538375098
661,w160025515,104.96566433478147,mfh,27258.612180040007,30287.34686671112,34073.26522505,r1,-97752.81500436702,-157587.14001879576,-59834.325014428745,0.3450191538375098
662,w160025517,88.34591375924647,mfh,35342.97520051174,39269.972445013045,44178.71900063967,r1,-126744.35857777718,-204324.3560903729,-77579.99751259571,0.3450191538375098
663,w160032048,197.876624872908,mfh,45291.93201131365,50324.36890145961,56614.91501414206,r1,-162422.570226604,-261841.13792906186,-99418.56770245786,0.3450191538375098
664,w160032049,177.6117346536368,mfh,46473.10924026339,51636.7880447371,58091.38655032923,r1,-166658.42047408808,-268669.74461439473,-102011.32414030665,0.3450191538375098
665,w160032050,605.1206229591743,mfh,102645.27152729122,114050.30169699024,128306.58940911402,r2,-338843.84717407904,-546249.5661812249,-207405.71900714585,0.31759841759365526
666,w160032051,604.9254235289991,mfh,121278.94275705135,134754.38084116817,151598.67844631418,r2,-400355.7390763781,-645412.7782237179,-245057.03914733982,0.31759841759365526
667,w160032052,558.9287057133391,mfh,106171.59697789862,117968.44108655401,132714.49622237327,r2,-350484.65307086095,-565015.6887599544,-214531.03568909346,0.31759841759365526
668,w160032053,914.9869650162756,mfh,183039.07330596252,203376.74811773613,228798.84163245314,r2,-604233.0334298969,-974083.0035313567,-369849.97010145977,0.31759841759365526
669,w160032054,558.7663555394857,mfh,141472.74489816139,157191.93877573486,176840.93112270173,r2,-467017.80255727196,-752878.5727508236,-285860.7701935516,0.31759841759365526
670,w160032055,915.1860893286764,mfh,180289.88282256387,200322.09202507098,225362.35352820484,r2,-595157.639442932,-959452.5769509486,-364294.9375080166,0.31759841759365526
671,w160032056,579.5610938113182,mfh,109373.50852067981,121526.12057853313,136716.88565084976,r2,-361054.5313450746,-582055.3708141819,-221000.83946910728,0.31759841759365526
672,w160032057,200.20428540538998,mfh,62660.757721817456,69623.06413535273,78325.94715227181,r2,-206850.3682379398,-333463.1124535437,-126612.74421560389,0.31759841759365526
673,w160032058,579.3688813976943,mfh,119126.7310662512,132363.0345180569,148908.413832814,r2,-393251.0407459747,-633959.3066225721,-240708.26587659743,0.31759841759365526
674,w160032059,915.3225905947387,mfh,93253.3767390266,103614.86304336289,116566.72092378324,r2,-307840.122258571,-496268.51613017404,-188428.39387160307,0.31759841759365526
675,w160032060,914.9022733874618,mfh,171515.34109601454,190572.60121779394,214394.17637001816,r2,-566191.8679897097,-912756.9080687027,-346565.04007899296,0.31759841759365526
676,w160032061,579.3338931981474,mfh,95602.16245214232,106224.6249468248,119502.70306517789,r2,-315593.7340458226,-508768.0999663471,-193174.36592052452,0.31759841759365526
677,w160032062,579.3681231357157,mfh,115188.39956251011,127987.11062501124,143985.49945313763,r2,-380250.15548045415,-613000.6025012193,-232750.4470207651,0.31759841759365526
678,w160032063,157.0142166607082,mfh,36085.60320556236,40095.11467284706,45107.00400695294,r1,-129407.51609714392,-208617.62761281247,-79210.11151566856,0.3450191538375098
679,w160032064,245.02896427586674,mfh,56370.16731167323,62633.51923519247,70462.70913959153,r2,-186084.40577465273,-299986.34112802334,-113901.93535337062,0.31759841759365526
680,w160032065,177.6155174203217,mfh,64504.14379414945,71671.27088238827,80630.17974268681,r2,-212935.59768185054,-343273.1000675189,-130337.50238566834,0.31759841759365526
681,w160032066,915.0334876678884,mfh,118200.44172177558,131333.8241353062,147750.55215221946,r2,-390193.25308163965,-629029.8525420345,-238836.59946039482,0.31759841759365526
682,w160032067,914.9023430630565,mfh,179763.76006660573,199737.51118511747,224704.70008325714,r2,-593420.8477129078,-956652.6980775824,-363231.8503646746,0.31759841759365526
683,w160032068,579.4084268193692,mfh,105694.64419133097,117438.4935459233,132118.3052391637,r2,-348910.1770651347,-562477.4787783847,-213567.30171325005,0.31759841759365526
684,w160032069,582.2339869499207,mfh,98829.86970230762,109810.96633589736,123537.33712788453,r2,-326248.7669170337,-525945.0595956468,-199696.2926786131,0.31759841759365526
685,w160032070,819.5696807135828,mfh,124351.803192575,138168.67021397222,155439.75399071875,r2,-410499.6048025748,-661765.6862034486,-251266.08140087378,0.31759841759365526
686,w160032071,187.63290931591763,mfh,44469.212511221995,49410.23612357999,55586.51563902749,r1,-159472.19452289026,-257084.84248009283,-97612.64795720257,0.3450191538375098
687,w160032072,300.05888833065984,mfh,56630.92769326157,62923.252992512855,70788.65961657696,r2,-186945.20578592733,-301374.0353023431,-114428.82951641575,0.31759841759365526
688,w160032074,652.9879129000007,mfh,142670.39620759827,158522.66245288696,178337.99525949784,r2,-470971.38727894885,-759252.1396816913,-288280.75240274245,0.31759841759365526
689,w160032075,187.48918503960593,mfh,57231.75232862786,63590.83592069762,71539.69041078482,r2,-188928.59701179928,-304571.45678641566,-115642.85977461637,0.31759841759365526
690,w160032079,410.4375718038529,mfh,106417.42226249354,118241.58029165948,133021.7778281169,r2,-351296.15060918307,-566323.9025049066,-215027.75189572357,0.31759841759365526
691,w160032080,367.35827468354256,mfh,78108.40190350397,86787.11322611551,97635.50237937995,r2,-257844.81841002818,-415671.17530156893,-157826.35689154075,0.31759841759365526
692,w160032082,146.62608959153295,mfh,48337.90043373342,53708.778259703795,60422.375542166774,r1,-173345.79646201633,-279450.4516060134,-106104.65514399708,0.3450191538375098
693,w160032083,292.00384606306903,mfh,66212.93368524642,73569.92631694046,82766.16710655802,r2,-218576.50965077183,-352366.8042666296,-133790.2946158578,0.31759841759365526
694,w160032087,547.5336022242903,mfh,62538.37887480097,69487.08763866774,78172.9735935012,r2,-206446.3815883963,-332811.84629098355,-126365.46470258725,0.31759841759365526
695,w160032089,324.3052944285795,mfh,86281.02551522719,95867.8061280302,107851.28189403398,r2,-284823.58893591387,-459163.60350640136,-174340.0145704875,0.31759841759365526
696,w160032093,651.9691053661052,mfh,146957.62067624464,163286.24519582736,183697.0258453058,r2,-485124.00834994216,-782067.5550561533,-296943.5467062112,0.31759841759365526
697,w160032096,417.5862662355881,mfh,106604.13103720297,118449.03448578107,133255.1637965037,r2,-351912.49774902087,-567317.5146379324,-215405.01688891154,0.31759841759365526
698,w160032097,110.95009341016411,th,13759.0120185331,15287.791131703443,17198.765023166372,r1,-49341.549291177245,-79543.424264004,-30201.874972826758,0.3450191538375098
699,w160032099,154.26596265360712,mfh,47591.53899458019,52879.48777175576,59489.423743225234,r1,-170669.2503779364,-275135.59640210116,-104466.34602416476,0.3450191538375098
700,w160032101,417.4909567882307,mfh,87939.08983745705,97710.09981939672,109923.86229682132,r2,-290297.0499677459,-467987.3603462653,-177690.3103785194,0.31759841759365526
701,w160032104,55.475724012404676,th,17571.78494570959,19524.20549523288,21964.731182136988,r1,-63014.63301760618,-101585.77833420869,-38571.14531660251,0.3450191538375098
702,w160032105,152.98637234792113,mfh,57479.19527219686,63865.77252466318,71848.99409024608,r2,-189745.43462845177,-305888.2792621908,-116142.84463373903,0.31759841759365526
703,w160032106,115.7174410201609,mfh,26531.962070531372,29479.957856145968,33164.95258816421,r1,-95146.95622995318,-153386.23970166003,-58239.28347170685,0.3450191538375098
704,w160032107,169.80155310891567,th,43581.22889055367,48423.58765617074,54476.53611319209,r1,-156287.77346635313,-251951.24293216268,-95663.46946580955,0.3450191538375098
705,w160032108,125.84912734059617,mfh,38761.90138720027,43068.77931911141,48452.37673400033,r1,-139005.05830942647,-224089.80842290694,-85084.75011348046,0.3450191538375098
706,w160032109,117.1162128248019,mfh,17027.38866732331,18919.320741470343,21284.235834154137,r1,-61062.35942646834,-98438.52153400409,-37376.16210753575,0.3450191538375098
707,w160032110,214.96215275530702,mfh,66082.55019519205,73425.0557724356,82603.18774399006,r2,-218146.09875389718,-351672.9396217253,-133526.8408678281,0.31759841759365526
708,w160032111,253.8681676615961,th,30746.360221797626,34162.62246866403,38432.95027724703,r1,-110260.31857263103,-177750.4643794247,-67490.14580679366,0.3450191538375098
709,w160032112,125.84912488418631,th,14803.93601640072,16448.8177960008,18504.920020500896,r1,-53088.7782983815,-85584.32551287758,-32495.54721449608,0.3450191538375098
710,w160032113,105.45346036842092,mfh,19198.435370884945,21331.594856538828,23998.04421360618,r1,-68848.00622966484,-110989.74896267104,-42141.742733006206,0.3450191538375098
711,w160032114,381.28189064939505,mfh,78298.46815153972,86998.29794615525,97873.08518942464,r2,-258472.2489554796,-416682.65497316414,-158210.40601768455,0.31759841759365526
712,w160032115,139.91205219514669,mfh,45853.61756749977,50948.46396388864,57317.02195937471,r1,-164436.84534456808,-265088.3472809031,-100651.501936335,0.3450191538375098
713,w160032116,192.1807412372902,mfh,25516.42702884068,28351.585587600755,31895.533786050848,r1,-91505.1197195261,-147515.24151026676,-56010.12179074065,0.3450191538375098
714,w160032117,302.6253065098543,mfh,84824.21561051338,94249.12845612597,106030.26951314171,r2,-280014.4918838077,-451410.866662144,-171396.37477833632,0.31759841759365526
715,w160032118,188.54685349911452,mfh,64156.72881354294,71285.25423726994,80195.91101692867,r2,-211788.7408725399,-341424.2542354856,-129635.51336294573,0.31759841759365526
716,w160032119,301.6826584111899,mfh,87338.70431358487,97043.00479287207,109173.38039198107,r2,-288315.1082994208,-464792.2756913481,-176477.16739192733,0.31759841759365526
717,w160032121,128.1140758719295,mfh,23378.575607525738,25976.195119473043,29223.219509407172,r1,-83838.5153775909,-135155.92222266083,-51317.40684506993,0.3450191538375098
718,w160032123,581.2151321893092,mfh,134611.0270333924,149567.80781488045,168263.78379174048,r2,-444366.4826773958,-716362.4200716284,-271995.9373942326,0.31759841759365526
719,w160032125,297.0948597435839,mfh,32342.073164506284,35935.636849451424,40427.59145563285,r1,-115982.7460776855,-186975.57963003044,-70992.83355234494,0.3450191538375098
720,w160032126,309.52041392363606,mfh,127507.52381845712,141675.02646495236,159384.40477307138,r2,-420917.00154740387,-678559.5530540898,-257642.5515066859,0.31759841759365526
721,w160032127,228.89082276217522,mfh,29901.570854149923,33223.96761572213,37376.9635676874,r1,-107230.7975453723,-172866.57889447804,-65635.78134910573,0.3450191538375098
722,w160032128,268.14993185095955,mfh,75552.13380162936,83946.81533514374,94440.1672520367,r2,-249406.28339366094,-402067.42794024374,-152661.1445465828,0.31759841759365526
723,w160032129,100.24086796883493,mfh,35066.155723209755,38962.395248010835,43832.69465401219,r1,-125751.64908194593,-202724.010869516,-76972.36178757007,0.3450191538375098
724,w160032130,100.1757211105898,mfh,17055.111072032716,18950.123413369685,21318.888840040894,r1,-61161.77545987224,-98598.78994546043,-37437.014485588195,0.3450191538375098
725,w160032131,100.12314690686762,mfh,34473.831589940244,38304.25732215583,43092.2894874253,r1,-123627.50016931295,-199299.67416779633,-75672.17399848338,0.3450191538375098
726,w160032132,257.78643680289383,mfh,36190.50561619758,40211.6729068862,45238.13202024697,r1,-129783.7093483853,-209224.08808717172,-79440.37873878643,0.3450191538375098
727,w160032133,136.6476590367034,mfh,22997.525469957982,25552.80607773109,28746.906837447477,r1,-82472.02161191325,-132953.00004208693,-50480.97843017368,0.3450191538375098
728,w160032134,132.71697852164507,th,36788.71136420883,40876.34596023203,45985.88920526103,r1,-131928.95047194886,-212682.4275047935,-80753.47703284465,0.3450191538375098
729,w160032135,248.90072437673805,mfh,47819.97637959689,53133.30708844099,59774.97047449611,r1,-171488.45559976244,-276456.23568998516,-104967.78009022272,0.3450191538375098
730,w160032136,230.21772875483148,mfh,45183.50668752729,50203.89631947476,56479.38335940911,r1,-162033.74336528502,-261214.31083426153,-99180.56746897651,0.3450191538375098
731,w160032137,244.7570460377261,mfh,66609.24315516918,74010.27017241021,83261.55394396148,r2,-219884.77279297073,-354475.85296217777,-134591.08016920704,0.31759841759365526
732,w160032138,345.56507694348693,mfh,45990.42087263236,51100.46763625818,57488.02609079045,r1,-164927.43921964453,-265879.23279842583,-100951.7935787813,0.3450191538375098
733,w160032139,170.051029805094,mfh,25728.704286743363,28587.449207492624,32160.880358429204,r1,-92266.37269103981,-148742.45607801396,-56476.08338697415,0.3450191538375098
734,w160032140,315.20367545275946,mfh,68513.36583172911,76125.96203525456,85641.70728966138,r2,-226170.5007531274,-364609.0638792549,-138438.56312612753,0.31759841759365526
735,w160032141,252.5825279586017,mfh,36263.090817110875,40292.32313012319,45328.863521388594,r1,-130044.00901698426,-209643.7167221171,-79599.70770513284,0.3450191538375098
736,w160032142,252.46278136584442,mfh,40281.57796962908,44757.30885514342,50351.97246203634,r1,-144454.80985390936,-232875.34324018765,-88420.53338627829,0.3450191538375098
737,w160032143,236.73276664549485,mfh,62448.688573078,69387.43174786444,78060.8607163475,r2,-206150.30358657683,-332334.5394683911,-126184.23588181427,0.31759841759365526
738,w160032144,216.15235636769793,mfh,53664.28506568361,59626.98340631512,67080.35633210451,r2,-177151.9772605211,-285586.38893328136,-108434.41167276027,0.31759841759365526
739,w160032145,143.2480424195528,mfh,40186.01737199613,44651.13041332903,50232.521714995164,r1,-144112.11752018298,-232322.88953564837,-88210.7720154654,0.3450191538375098
740,w160032146,283.54050463438034,mfh,91796.98060828331,101996.64512031479,114746.22576035414,r2,-303032.39112193225,-488517.98127582355,-185485.5901538913,0.31759841759365526
741,w160032147,356.2223817800637,mfh,78384.9627806142,87094.40308957132,97981.20347576773,r2,-258757.77767433246,-417142.9553153614,-158385.17764102892,0.31759841759365526
742,w160032148,183.97369813346305,th,50227.168187588424,55807.96465287603,62783.96023448553,r2,-165805.65912202725,-267295.00954836287,-101489.35042633562,0.31759841759365526
743,w160032149,257.78669014479965,mfh,72319.85264462487,80355.39182736097,90399.81580578108,r2,-238736.15152990056,-384866.1272517848,-146129.97572188423,0.31759841759365526
744,w160032150,136.78365420317277,mfh,19180.265478368907,21311.406087076564,23975.331847961133,r1,-68782.84670760119,-110884.70541250275,-42101.85870490156,0.3450191538375098
745,w160032151,156.68413198292254,mfh,64080.00576393298,71200.00640436998,80100.00720491623,r2,-211535.4692613887,-341015.9555195102,-129480.4862581215,0.31759841759365526
746,w160032152,65.8437272125855,th,33299.49464418837,36999.438493542635,41624.36830523546,r1,-119416.18003853482,-192510.61244018003,-73094.43240164522,0.3450191538375098
747,w160032153,131.7784823913127,mfh,33280.5830460264,36978.42560669599,41600.72880753299,r1,-119348.36066664773,-192401.28095082,-73052.92028417226,0.3450191538375098
748,w160032155,131.65618118494749,mfh,35735.73683110539,39706.37425678376,44669.67103888173,r1,-128152.85123186572,-206594.98460460413,-78442.13337273842,0.3450191538375098
749,w160032156,597.6746075108182,mfh,132442.87152465855,147158.7461385095,165553.58940582318,r2,-437209.15197019686,-704824.0999090245,-267614.9479388277,0.31759841759365526
750,w160032157,145.99030133634804,mfh,60813.104262836816,67570.11584759646,76016.38032854602,r2,-200751.05165988355,-323630.4149955504,-122879.36333566686,0.31759841759365526
751,w160032158,192.3817300193943,mfh,48999.4212986581,54443.80144295344,61249.27662332262,r1,-175718.09356589685,-283274.8275675516,-107556.73400165472,0.3450191538375098
752,w160032159,156.72131929650496,mfh,31125.77639074567,34584.19598971741,38907.22048843208,r1,-111620.9527211297,-179943.9402815175,-68322.98756038782,0.3450191538375098
753,w160032160,462.61881872685626,other,75404.82137541808,83783.13486157564,94256.02671927259,nr2,-232624.46708677418,-375031.2824382073,-142406.81535143312,0.31759841759365526
754,w160032161,876.0951372385025,trade,148630.1956827035,165144.66186967053,185787.74460337934,nr2,-458525.3228245601,-739222.9287091382,-280697.6058845781,0.31759841759365526
755,w160032162,197.75498196221892,mfh,48054.5497200408,53393.94413337867,60068.187150050995,r1,-172329.66513023738,-277812.3480848884,-105482.68295465104,0.3450191538375098
756,w160032163,355.37988740094,mfh,90818.1407041022,100909.04522678022,113522.67588012775,r2,-299801.128015847,-483308.8677427405,-183507.7397268935,0.31759841759365526
757,w160032164,218.83437259588393,mfh,48231.05719768094,53590.06355297882,60288.82149710117,r1,-172962.64316648818,-278832.77085658064,-105870.12769009246,0.3450191538375098
758,w160032165,192.38173281145282,mfh,28881.279006404795,32090.310007116437,36101.59875800599,r1,-103571.90252957525,-166968.08071677614,-63396.17818720089,0.3450191538375098
759,w160032166,8270.503770525009,other,822595.0652656173,913994.516961797,1028243.8315820217,nr2,-2537712.2469784976,-4091235.502276194,-1553523.2552976962,0.31759841759365526
760,w160032167,119.51807446111924,mfh,32505.77078134887,36117.523090387636,40632.21347668608,r1,-116569.7863404171,-187921.94619835512,-71352.15985793802,0.3450191538375098
761,w160032168,107.41719602905214,th,34163.45814861617,37959.39794290686,42704.32268577021,r1,-122514.46193421757,-197505.34719938718,-74990.8852651696,0.3450191538375098
763,w160032170,37.81535124108195,sfh,5542.705113828211,6158.561237586901,6928.381392285264,r1,-19876.838337813457,-32043.415896841878,-12166.577559028421,0.3450191538375098
764,w160032171,82.13437312801835,th,22814.26199453822,25349.179993931357,28517.827493172776,r1,-81814.81571707742,-131893.51958245985,-50078.70386538243,0.3450191538375098
765,w160032172,100.39566505721304,th,37461.62208836611,41624.024542629006,46827.02761045763,r1,-134342.09304496535,-216572.65037481807,-82230.55732985272,0.3450191538375098
766,w160032173,149.7480967778829,mfh,26251.638840314226,29168.48760034914,32814.54855039278,r1,-94141.68183506274,-151765.63862927316,-57623.95679421042,0.3450191538375098
767,w160032174,119.65868240431882,mfh,30326.017208544774,33695.57467616086,37907.52151068096,r1,-108752.91560796465,-175320.38272860963,-66567.46712064499,0.3450191538375098
768,w160032175,69.26172256879508,th,24909.686443542283,27677.429381713646,31137.108054427852,r1,-89329.27159495628,-144007.5606005058,-54678.28900554951,0.3450191538375098
769,w160032176,103.52918697646818,th,32386.0343970107,35984.48266334522,40482.54299626337,r1,-116140.39659195178,-187229.72774499372,-71089.33115304195,0.3450191538375098
770,w160032177,62.96843930834439,th,23612.54439490292,26236.160438781022,29515.68049362865,r1,-84677.55690465825,-136508.5395831086,-51830.98267845034,0.3450191538375098
771,w160032178,300.84989367914386,mfh,75700.01139645591,84111.1237738399,94625.01424556988,r2,-249894.4443424929,-402854.39134167467,-152959.94699918176,0.31759841759365526
772,w160127708,318.335366258584,mfh,77272.90932076209,85858.7881341801,96591.13665095261,r2,-255086.76129926884,-411224.9163158441,-156138.15501657527,0.31759841759365526
773,w160127710,130.057766958978,mfh,31010.51817593093,34456.13130658992,38763.147719913664,r1,-111207.62225235518,-179277.61096451632,-68069.98871216114,0.3450191538375098
774,w160127712,223.93035372253507,mfh,51044.40475813311,56716.005286814565,63805.50594766639,r2,-168503.45103678765,-271644.11511830403,-103140.66408151638,0.31759841759365526
775,w160127717,149.4986190713942,mfh,47358.813173533796,52620.90352614866,59198.516466917245,r1,-169834.6662846147,-273790.1648627038,-103955.49857808911,0.3450191538375098
776,w160127718,161.62649620659647,mfh,25864.634467604395,28738.48274178266,32330.793084505494,r1,-92753.83543255636,-149528.29390066778,-56774.45846811142,0.3450191538375098
777,w160127719,242.7560603125021,mfh,53933.120234615024,59925.689149572245,67416.40029326877,r2,-178039.43307354598,-287017.0548784145,-108977.62180486851,0.31759841759365526
778,w164087844,70.24407002975931,other,22304.102448812264,24782.33605423585,27880.12806101533,nr1,-74746.10630101533,-120503.78214461735,-45757.67584360202,0.34500538763980826
779,w164087850,176.99086085781457,other,36737.14225688536,40819.046952094846,45921.4278211067,nr1,-123114.49638606297,-198482.0773352964,-75367.58094923344,0.34500538763980826
780,w164087857,77.59434223277493,other,24109.800773329764,26788.66752592196,30137.250966662203,nr1,-80797.41095322912,-130259.54245893317,-49462.13150570405,0.34500538763980826
786,w164088149,49.229225591477004,other,21286.31877086442,23651.465300960463,26607.89846358052,nr1,-71335.28234349808,-115004.9380248305,-43669.65568133241,0.34500538763980826
788,w164088153,80.69597001839429,other,27781.705664881123,30868.561849867914,34727.1320811014,nr1,-93102.7971027503,-150097.97478871394,-56995.177685963645,0.34500538763980826
791,w164088159,54.065223559696456,other,20081.382965876724,22312.647739863027,25101.728707345905,nr1,-67297.26915860502,-108494.95529516375,-41197.686136558725,0.34500538763980826
793,w164088169,56.479432658094446,other,21102.867210073688,23447.63023341521,26378.58401259211,nr1,-70720.49455298194,-114013.79269780598,-43293.298144824046,0.34500538763980826
795,w164088175,32.08830586867407,other,11941.609741075375,13268.455267861527,14927.012176344218,nr1,-40019.04282676895,-64517.68870758649,-24498.645880817538,0.34500538763980826
799,w164088182,35.81288355943252,other,12967.096746907293,14407.885274341435,16208.870933634116,nr1,-43455.68238328713,-70058.15208316993,-26602.4696998828,0.34500538763980826
800,w359788107,586.4023264580406,other,146810.4064034707,163122.6737816341,183513.00800433836,nr2,-452911.25858344045,-730172.0763271648,-277260.8177437243,0.31759841759365526
801,w377595955,68.13203878551721,other,24308.88740742886,27009.874897143178,30386.109259286077,nr1,-81464.59542073387,-131335.16038341325,-49870.56496267939,0.34500538763980826
802,w377595956,85.03076633159071,other,28030.577557396533,31145.086174885037,35038.22194674567,nr1,-93936.82326345252,-151442.57067130652,-57505.747407853996,0.34500538763980826
805,w377595969,38.68702136902139,other,2894.4481970634965,3216.053552292774,3618.0602463293703,nr0,-11893.77343990574,-19174.84072960157,-7281.067289695828,0.4230346435359144
814,w377595984,35.49371746703982,other,12098.287784528506,13442.541982809451,15122.859730660632,nr1,-40544.10648794338,-65364.183062535376,-24820.076574591993,0.34500538763980826
818,w377595990,36.364706988167015,other,12163.312041684583,13514.791157427315,15204.140052105728,nr1,-40762.0175224128,-65715.49372103123,-24953.47619861843,0.34500538763980826
819,w377595993,54.98309161569923,other,17829.739949818275,19810.82216646475,22287.17493727284,nr1,-59751.5026962919,-96329.86144764129,-36578.35875134939,0.34500538763980826
823,w377596001,68.93592455182224,other,20456.82124006511,22729.801377850123,25571.026550081388,nr1,-68555.44797195822,-110523.35935694465,-41967.91138498644,0.34500538763980826
825,w377596004,35.535723760165276,other,11584.806978211394,12872.007753568216,14481.008722764242,nr1,-38823.31583875257,-62589.96789911934,-23766.652060366774,0.34500538763980826
827,w377596008,41.66994294051546,other,13882.451560628731,15424.946178476368,17353.064450785914,nr1,-46523.24398396532,-75003.59731284736,-28480.353328882033,0.34500538763980826
831,w377596012,33.714099188242116,other,12261.10883644424,13623.454262715823,15326.3860455553,nr1,-41089.75676382725,-66243.86663705447,-25154.109873227215,0.34500538763980826
836,w377596021,41.97082374822348,other,14365.915145128201,15962.127939031334,17957.39393141025,nr1,-48143.440114367855,-77615.63653724943,-29472.196422881578,0.34500538763980826
838,w377596023,32.13139781658538,other,10924.564967859355,12138.405519843727,13655.706209824193,nr1,-36610.695106605715,-59022.83671503427,-22412.141608428552,0.34500538763980826
844,w377596038,30.39147779517807,other,10673.123269035219,11859.025854483576,13341.404086294024,nr1,-35768.05694208196,-57664.35677769029,-21896.299835608334,0.34500538763980826
847,w377596043,50.74534401865676,other,16370.348533280632,18189.27614808959,20462.935666600788,nr1,-54860.7510417181,-88445.11532410732,-33584.36428238922,0.34500538763980826
848,w377596044,31.44567816138733,other,12042.958091506784,13381.064546118649,15053.697614383478,nr1,-40358.68413679987,-65065.2498376132,-24706.565700813328,0.34500538763980826
861,w377596072,32.00744857888203,other,11691.840303885858,12990.933670984286,14614.80037985732,nr1,-39182.00879028359,-63168.24360372973,-23986.234813446143,0.34500538763980826
863,w377596074,30.798605113010854,other,11847.036925229444,13163.374361366048,14808.796156536804,nr1,-39702.10786995418,-64006.73418593938,-24304.626315985195,0.34500538763980826
877,w377596096,31.32093481458723,other,10674.398481578864,11860.44275730985,13342.99810197358,nr1,-35772.3304685582,-57671.2464489918,-21898.9159804336,0.34500538763980826
882,w377596101,34.10184732507914,other,11112.260680987369,12346.956312208187,13890.32585123421,nr1,-37239.70601425864,-60036.91219178411,-22797.20617752547,0.34500538763980826
886,w377596106,35.077698366669935,other,2624.4961288604045,2916.1068098448936,3280.6201610755056,nr0,-10784.495083464964,-17386.49021855344,-6601.995135088477,0.4230346435359144
893,w377596115,40.14825235735625,other,13002.587884787685,14447.319871986316,16253.234855984605,nr1,-43574.621236390056,-70249.90229401203,-26675.281057621978,0.34500538763980826
895,w377596117,32.339281557500364,other,12059.57113792749,13399.5234865861,15074.463922409363,nr1,-40414.35822351086,-65155.00619213289,-24740.647968622026,0.34500538763980826
899,w377596123,32.752713098051025,other,12287.300485871383,13652.556095412647,15359.125607339229,nr1,-41177.53092182232,-66385.37391464252,-25207.842992820202,0.34500538763980826
901,w377596125,37.63718191203661,other,12773.342320556767,14192.602578396407,15966.677900695959,nr1,-42806.367353394075,-69011.34281406426,-26204.97546067019,0.34500538763980826
909,w377596135,73.15242530554532,other,20445.68875744216,22717.431952713512,25557.1109468027,nr1,-68518.14049762972,-110463.21319039061,-41945.07269276089,0.34500538763980826
916,w377596142,40.572792674647644,other,13496.601819538333,14996.224243931481,16870.752274422914,nr1,-45230.17398350458,-72918.94256165874,-27688.76857815416,0.34500538763980826
917,w377596143,37.61386710904771,other,11963.46949060543,13292.743878450477,14954.336863256787,nr1,-40092.29980565151,-64635.791756169194,-24543.49195051768,0.34500538763980826
918,w377596145,32.806498026452026,other,10618.838140061673,11798.709044512969,13273.54767507709,nr1,-35586.13516199091,-57371.06708488452,-21784.931922893607,0.34500538763980826
919,w377596147,34.850180151499806,other,11318.141093706887,12575.712326340985,14147.676367133608,nr1,-37929.657974878755,-61149.235292842954,-23219.5773179642,0.34500538763980826
929,w377596159,36.51154847629368,other,11078.08056364358,12308.978404048421,13847.600704554474,nr1,-37125.160688338285,-59852.2451143473,-22727.084426009016,0.34500538763980826
931,w377596161,32.13265920560807,other,10685.888717816375,11873.209686462638,13357.360897270468,nr1,-35810.83685639442,-57733.3254735808,-21922.488617186384,0.34500538763980826
934,w377596166,38.724472055921794,other,12969.484932676194,14410.538814084659,16211.856165845242,nr1,-43463.68573548472,-70071.05488516689,-26607.369149682163,0.34500538763980826
935,w377596167,41.94859704792034,other,13883.111470701211,15425.679411890234,17353.889338376513,nr1,-46525.45549229836,-75007.16265064976,-28481.707158351397,0.34500538763980826
936,w377596168,31.29673577034846,other,2522.415142612642,2802.683491791824,3153.018928265802,nr0,-10365.027177912261,-16710.234670153117,-6345.207492240856,0.4230346435359144
937,w377596169,36.7579496475868,other,12876.31090878781,14307.012120875343,16095.38863598476,nr1,-43151.438447792345,-69567.65770512114,-26416.21925732879,0.34500538763980826
940,w379327852,945.496160332486,other,158129.96014688065,175699.95571875628,197662.4501836008,nr2,-487832.17092286365,-786470.6880019241,-298638.51707906043,0.31759841759365526
941,w379327862,94.51021252730861,other,35224.299704228746,39138.11078247638,44030.37463028593,nr1,-118044.61785061924,-190308.54738479404,-72263.92953417481,0.34500538763980826
942,w387435839,5391.653077106131,other,167602.8044439928,186225.3382711031,209503.505554991,nr2,-517055.97009401413,-833584.5579147779,-316528.58782076376,0.31759841759365526
943,w387435840,942.2609318409114,other,201267.77977454063,223630.86641615623,251584.72471817577,nr2,-620912.6838015954,-1001019.7250721641,-380107.04127056873,0.31759841759365526
944,w390787314,132.5826213063672,other,37936.451952523494,42151.61328058166,47420.56494065437,nr1,-127133.65520241697,-204961.66352885787,-77828.0083264409,0.34500538763980826
945,w390787315,330.5195846647024,other,94506.36210478179,105007.0690053131,118132.95263097723,nr2,-291552.8704919325,-470034.16402601876,-178481.29353408626,0.31759841759365526
946,w390787316,150.59577141329646,other,50814.83539091163,56460.928212124025,63518.54423863953,nr2,-156764.16689671433,-252731.22508519868,-95967.05818848434,0.31759841759365526
947,w390789514,104.66224040389062,trade,66332.07105181989,73702.30116868876,82915.08881477486,nr2,-204634.9609711026,-329907.30857239384,-125272.34760129123,0.31759841759365526
948,w390789515,335.6007874913513,trade,76963.29672499245,85514.7741388805,96204.12090624057,nr2,-237432.37579937011,-382782.4712658987,-145350.0954665286,0.31759841759365526
949,w390790006,38.98714106846601,trade,20566.750212463816,22851.94468051535,25708.43776557977,nr1,-68923.84489244998,-111117.27955488654,-42193.43466243656,0.34500538763980826
950,w390793102,268.1788772383239,sfh,31420.987645211826,34912.208494679806,39276.23455651478,r1,-112679.61744530697,-181650.6118092319,-68970.99436392492,0.3450191538375098
951,w390793103,629.0808588726446,th,92837.28683991096,103152.5409332344,116046.6085498887,r2,-306466.5616445379,-494054.20149587665,-187587.63985133875,0.31759841759365526
952,w390793104,761.76513240356,mfh,167628.32539305417,186253.6948811713,209535.4067413177,r2,-553360.3820847116,-892071.2923565638,-338710.9102718523,0.31759841759365526
953,w390793105,324.12222724705936,th,115864.45646504396,128738.28496115995,144830.57058130493,r2,-382481.8970731709,-616598.3891720328,-234116.4920988619,0.31759841759365526
954,w390793106,1475.9963392082602,mfh,249822.31284577496,277580.3476064166,312277.89105721866,r2,-824692.1883009669,-1329484.8168248215,-504792.62852385466,0.31759841759365526
955,w390793107,895.6360460046678,mfh,224890.7018560025,249878.55761778055,281113.3773200031,r2,-742390.0728861724,-1196805.7222623285,-454415.64937615604,0.31759841759365526
956,w390793108,191.13955350043253,mfh,52203.255024677725,58003.61669408636,65254.068780847156,r2,-172328.94905313107,-277811.19369825284,-105482.24464512177,0.31759841759365526
957,w390793793,117.72837251536548,mfh,30468.578538303,33853.97615367,38085.72317287875,r1,-109264.15848425594,-176144.5564644364,-66880.39798018047,0.3450191538375098
958,w390794364,193.62503421532455,sfh,57478.78530949497,63865.31701054996,71848.4816368687,r2,-189744.0812944205,-305886.09755479475,-116142.01626037425,0.31759841759365526
959,w475684695,267.0884538785554,mfh,76040.627703054,84489.58633672666,95050.78462881749,r2,-251018.85794694454,-404667.05652288545,-153648.1985759409,0.31759841759365526
960,w620369477,3702.806372543797,other,347500.96472715086,386112.1830301676,434376.20590893854,nr2,-1072043.2096686363,-1728320.9491511777,-656277.7394825413,0.31759841759365526
961,w620369478,24576.432603572313,other,1572802.1855273496,1747557.9839192773,1966002.7319091868,nr2,-4852107.114207521,-7822444.372930082,-2970337.2587225605,0.31759841759365526
962,w993163452,1412.2592688187956,other,228822.26226388404,254246.95807098225,286027.827829855,nr2,-705918.4790281719,-1138063.918220646,-432145.4391924741,0.31759841759365526
963,w993163453,1332.9638601019979,other,156760.6914623839,174178.54606931543,195950.86432797986,nr2,-483607.966260355,-779660.5320810892,-296052.5658207342,0.31759841759365526
964,w993163454,1257.084109787643,other,194224.09822384614,215804.55358205127,242780.12277980766,nr2,-599182.8708112367,-965987.4701465599,-366804.5993353232,0.31759841759365526
965,w993163455,1355.0658122852444,mfh,181429.15918627335,201587.95465141482,226786.44898284168,r2,-598918.5217547021,-965515.4886679427,-366596.9669132406,0.31759841759365526
966,w993163456,1286.649396429956,mfh,246962.2040023491,274402.448891499,308702.75500293635,r2,-815250.640050151,-1314264.113603855,-499013.473553704,0.31759841759365526
967,w993163457,923.1744978809729,ab,187170.558113644,207967.28679293775,233963.19764205496,r2,-617871.5399674713,-996069.6157766199,-378198.0758091486,0.31759841759365526
968,w993163458,923.3917086940259,ab,206817.0717392856,229796.746376984,258521.339674107,r2,-682726.9411117937,-1100622.8931492348,-417895.9520374411,0.31759841759365526
969,w993163460,1313.604391914094,ab,259100.03934076303,287888.9326008478,323875.0491759538,r2,-855319.030549173,-1378858.2949951026,-523539.26444592956,0.31759841759365526
970,w993163461,1099.8535498690792,ab,258855.35881812728,287617.06535347475,323569.1985226591,r2,-854511.3120017444,-1377556.17335468,-523044.86135293555,0.31759841759365526
971,w993164648,339.2063429396599,ab,79288.42684009268,88098.25204454742,99110.53355011584,r2,-261740.21644761594,-421950.9395820232,-160210.72313440725,0.31759841759365526
972,w993164649,158.37299746889622,other,45481.93138296082,50535.47931440091,56852.414228701025,nr1,-152420.26823219284,-245728.1015215479,-93307.83328935507,0.34500538763980826
973,w993164650,163.5844805765897,other,44722.3008939296,49691.44543769955,55902.87611741199,nr1,-149874.57416479298,-241623.99793025982,-91749.42376546684,0.34500538763980826
974,w993164651,162.24389737509188,other,41654.87827241301,46283.1980804589,52068.59784051625,nr1,-139594.94521024486,-225051.44011597347,-85456.49490572861,0.34500538763980826
975,w993164652,173.63842588849366,other,45114.50643839485,50127.22937599428,56393.13304799356,nr1,-151188.94390398008,-243742.99158152277,-92554.0476775427,0.34500538763980826
976,w1006795433,259.34726619906723,mfh,68297.83902347261,75886.48780385846,85372.29877934075,r2,-225459.02197001202,-363462.0901925105,-138003.0682224985,0.31759841759365526
977,w1006849999,188.95288848243652,other,43955.36971010464,48839.29967789404,54944.2121376308,nr1,-147304.41381320273,-237480.4504143867,-90176.03660118397,0.34500538763980826
978,w1007159125,240.08975319266318,education,22206.010780806977,24673.34531200775,27757.51347600872,nr1,-74417.37887247192,-119973.81609829742,-45556.4372258255,0.34500538763980826
979,w1007160095,265.99824453517795,sfh,41649.28294943836,46276.981054931515,52061.60368679795,r1,-149359.5720989127,-240782.30177256052,-91422.72967364782,0.3450191538375098
980,w1007176059,713.9090096209663,trade,45167.83595124746,50186.484390274956,56459.79493905933,nr1,-151367.66319769793,-244031.11830679307,-92663.45510909514,0.34500538763980826
981,w1029411791,412.32884333096445,trade,77407.79393480223,86008.65992755804,96759.74241850279,nr2,-238803.65318810314,-384993.2099904853,-146189.55680238214,0.31759841759365526
982,w1030080397,647.4037659055554,other,110657.19454367529,122952.43838186143,138321.4931795941,nr2,-341378.31561035564,-550361.4864905399,-208983.17088018422,0.31759841759365526
983,w1030080398,82.43980309991166,other,25538.771943517982,28376.413270575536,31923.464929397476,nr1,-85586.217462395,-137979.9351973762,-52393.71773498121,0.34500538763980826
984,w1030080399,130.20905953024047,other,25326.27353177154,28140.3039241906,31657.841914714427,nr1,-84874.08708594748,-136831.85661524374,-51957.76952929626,0.34500538763980826
985,w1036126248,1409.4026292502879,trade,191659.66150460092,212955.17944955657,239574.57688075115,nr2,-591271.56336019,-953233.0603620457,-361961.49700185563,0.31759841759365526
986,w1036126249,536.9865712554193,mfh,132029.38038590143,146699.31153989048,165036.7254823768,r2,-435844.1701630065,-702623.6151540517,-266779.44499104517,0.31759841759365526
987,w1036126250,784.2879224468953,mfh,179479.39998812333,199421.55554235925,224349.24998515417,r2,-592482.1423878401,-955139.4128848108,-362657.27049697074,0.31759841759365526
988,w1036126251,633.702721744962,mfh,132323.64340228116,147026.27044697906,165404.55425285143,r2,-436815.56622507115,-704189.601026064,-267374.0348009929,0.31759841759365526
989,w1036680208,878.3984476357698,mfh,194995.48778372066,216661.65309302293,243744.3597296508,r2,-643702.5328015679,-1037711.7135964062,-394009.18079483823,0.31759841759365526
990,w1075387093,123.65970199238508,other,6010.464389760946,6678.293766401051,7513.080487201182,nr1,-20142.429457835584,-32473.11534162644,-12330.685883790855,0.34500538763980826
991,w1075387094,123.85316019924358,other,17878.21400525832,19864.6822280648,22347.767506572898,nr1,-59913.950250910086,-96591.75528667019,-36677.8050357601,0.34500538763980826
992,w1075387095,130.11354850369972,other,18481.982401249432,20535.536001388256,23102.478001561787,nr1,-61937.31509204262,-99853.77290980895,-37916.45781776633,0.34500538763980826
993,w1075387096,86.78853361294604,other,19227.249748315917,21363.61083146213,24034.062185394894,nr1,-64434.875012884615,-103880.27584739652,-39445.40083451191,0.34500538763980826
994,w1075387097,130.27800867820625,other,18452.399159196742,20502.665732440826,23065.498948995926,nr1,-61838.17493788159,-99693.94166066407,-37855.766722782486,0.34500538763980826
995,w1075387098,130.18280181584413,other,18426.023001048157,20473.358890053507,23032.528751310194,nr1,-61749.78244931087,-99551.43752616041,-37801.65507684954,0.34500538763980826
996,w1075387099,86.85200681062415,other,27857.104529690543,30952.338366322823,34821.38066211317,nr1,-93355.4758006246,-150505.33699482816,-57149.861194203564,0.34500538763980826
997,w1107949539,96.97299528406002,other,28678.16860282075,31864.631780911946,35847.710753525935,nr1,-96107.04774264657,-154941.35168864173,-58834.30394599517,0.34500538763980826
998,w1107949540,113.13991883732378,other,28689.56846679719,31877.298296441324,35861.96058349649,nr1,-96145.25127253779,-155002.94245331155,-58857.69118077376,0.34500538763980826
999,w1108636740,113.13954655230044,other,8361.800791725025,9290.889768583362,10452.25098965628,nr1,-28022.2910686763,-45176.828937870094,-17154.537869193795,0.34500538763980826
1000,w1108636741,113.13967058397829,other,24612.831638595453,27347.590709550503,30766.039548244316,nr1,-82483.18147971103,-132977.29906622597,-50494.11758651494,0.34500538763980826
1001,w1108636742,113.35190696045755,other,24708.822794339263,27454.24754926585,30886.028492924077,nr1,-82804.86961523008,-133495.91654236556,-50691.04692713548,0.34500538763980826
1002,w1108636743,97.02220907397567,other,29541.769774317847,32824.18863813094,36927.21221789731,nr1,-99001.17114951967,-159607.1842487618,-60606.01309924213,0.34500538763980826
1003,w1108636744,97.02139693088829,other,21379.850425763016,23755.389361958907,26724.81303220377,nr1,-71648.72813382321,-115510.26740050894,-43861.53926668572,0.34500538763980826
1004,w1108636745,97.02220705058426,other,20502.046185545285,22780.051317272537,25627.557731931603,nr1,-68707.00702214088,-110767.69902450814,-42060.69200236726,0.34500538763980826
1005,w1108636746,96.97299731615931,other,20581.85738664582,22868.73042960647,25727.321733307275,nr1,-68974.47245972857,-111198.90003841092,-42224.42757868236,0.34500538763980826
1006,w1108636747,96.97299630921333,other,21187.155242897723,23541.28360321969,26483.944053622152,nr1,-71002.96286910573,-114469.18097304081,-43466.21810393508,0.34500538763980826
1007,w1108636748,93.15071205198764,other,25450.88295437752,28278.758838197245,31813.6036929719,nr1,-85291.6815248894,-137505.09180815672,-52213.41028326732,0.34500538763980826
1008,w1108636749,139.88183319568634,other,19915.293927251296,22128.10436361255,24894.117409064118,nr1,-66740.66711801536,-107597.61556257147,-40856.94844455611,0.34500538763980826
1009,w1108636750,93.15088384076952,other,19859.74299819568,22066.38110910631,24824.6787477446,nr1,-66554.50335474174,-107297.48705176446,-40742.98369702272,0.34500538763980826
1010,w1108636751,93.25580895952879,other,19678.372262775003,21864.858069750004,24597.965328468752,nr1,-65946.68888201145,-106317.58393130933,-40370.89504929788,0.34500538763980826
1011,w1108636752,93.1510556358844,other,19394.61125477359,21549.568060859543,24243.264068466986,nr1,-64995.74138180004,-104784.49042226473,-39788.74904046469,0.34500538763980826
1012,w1108636753,139.8823491225019,other,17773.89677690595,19748.774196562164,22217.370971132434,nr1,-59564.35955756797,-96028.15401250304,-36463.79445493507,0.34500538763980826
1013,w1108636754,139.72684112749994,other,26980.366090219955,29978.18454468884,33725.45761277494,nr1,-90417.32642898985,-145768.52688779778,-55351.20045880793,0.34500538763980826
1014,w1159236388,245.9913005110109,other,69330.44719050774,77033.83021167526,86663.05898813467,nr2,-213884.97494455051,-344819.94715455757,-130934.97221000705,0.31759841759365526
1015,w1159236389,122.96537718712352,other,45857.299077456206,50952.554530506895,57321.62384682026,nr1,-153678.210516986,-247756.1242579664,-94077.91374098041,0.34500538763980826
1016,w1159236390,245.9301320978673,other,47809.05744178373,53121.17493531525,59761.32180222966,nr1,-160218.99549180077,-258301.01236873554,-98082.01687693477,0.34500538763980826
1017,w1219742100,99.15745026543736,other,24811.190804242855,27567.98978249206,31013.98850530357,nr1,-83147.92803543046,-134048.98665098395,-50901.058615553484,0.34500538763980826
1018,w1219742101,712.9843652665614,other,93850.4361349707,104278.26237218967,117313.04516871338,nr2,-289529.33371547103,-466771.86921309086,-177242.53549761983,0.31759841759365526
1019,w1219742102,331.85329187787136,other,61921.35874147181,68801.50971274645,77401.69842683976,nr2,-191027.8787984727,-307970.3148358756,-116942.43603740289,0.31759841759365526
1020,w1219742103,428.8500157676637,other,62606.983083641564,69563.31453737951,78258.72885455196,nr2,-193143.0352872719,-311380.316631843,-118237.28134457109,0.31759841759365526
1021,w1219742104,906.7466930493712,other,37154.740785351154,41283.045317056836,46443.42598168894,nr1,-124513.96377424806,-200738.263264035,-76224.29948978694,0.34500538763980826
1022,w1219742105,1260.638449399173,ab,254218.77572646027,282465.30636273365,317773.4696580753,r2,-839205.4179342809,-1352881.5686242233,-513676.1506899424,0.31759841759365526
1023,w1219929093,501.3837405549362,other,116245.67733411171,129161.86370456856,145307.09666763962,nr2,-358618.8289785457,-578156.2061059684,-219537.37712742278,0.31759841759365526
1024,w1242595698,177.05818741209805,other,34415.150398798345,38239.05599866483,43018.93799849793,nr1,-115332.97499765549,-185936.90535849743,-70603.93036084194,0.34500538763980826
1025,w1242595699,175.70056665593293,other,32752.853299482507,36392.05922164723,40941.06662435313,nr1,-109762.24037722033,-176955.9078951248,-67193.66751790448,0.34500538763980826
