,full_id,NFA,building_usage,yearly_demand_useful_unrenovated,yearly_demand_delivered_unrenovated,yearly_demand_delivered_unrenovated_DH,consumer_size_unrenovated,npv_Gas_25years_ir_0.05,npv_DH_25years_ir_0.05,savings_npv_25years_ir_0.05,operator_selling_price
0,w24853838,27974.42320393324,trade,3368360.1466045496,3742622.385116166,4210450.183255686,nr2,-6177120.431436356,-2877694.450276067,3299425.981160289,0.05837405824175947
1,w24853840,937.1926232803613,trade,270688.823253195,300765.35917021666,338361.0290664937,nr2,-496406.97191014467,-231257.84967284542,265149.1222372992,0.05837405824175947
2,w24853841,8998.296452549099,trade,1189609.3568609958,1321788.1742899953,1487011.6960762446,nr2,-2181583.899542744,-1016320.1365763198,1165263.762966424,0.05837405824175947
3,w25538793,404.8852469230536,trade,112752.73275817276,125280.81417574751,140940.91594771593,nr2,-206773.37900547273,-96328.15351966795,110445.22548580478,0.05837405824175947
4,w27689586,5481.69515059907,office,239232.2588022705,265813.6208914117,299040.3235028381,nr2,-438719.8545843819,-204383.53190239347,234336.32268198844,0.05837405824175947
5,w28994179,16672.165487814695,other,602602.7887910821,669558.6542123135,753253.4859888526,nr2,-1105092.6375655548,-514822.2356130865,590270.4019524683,0.05837405824175947
6,w28994181,2845.002712316811,trade,324149.90597616514,360166.56219573907,405187.3824702064,nr2,-594447.4224562836,-276931.3092679315,317516.1131883521,0.05837405824175947
7,w29249266,23411.247439788887,trade,2697249.5326306587,2996943.9251451762,3371561.915788323,nr2,-4946393.637120496,-2304343.856723649,2642049.7803968466,0.05837405824175947
8,w30213059,1747.46707642246,ab,354664.9280794791,394072.1423105323,443331.1600993488,r2,-695969.444535828,-324211.324911219,371758.11962460895,0.05837405824175947
9,w50930444,8762.936898044496,other,1082817.2797117848,1203130.310790872,1353521.599639731,nr2,-1985741.562927138,-925084.3558491537,1060657.2070779842,0.05837405824175947
10,w50930445,4934.112452852726,other,664237.6418930636,738041.8243256261,830297.0523663294,nr2,-1218122.6859612453,-567478.8005276029,650643.8854336424,0.05837405824175947
11,w50930458,1974.6456010334193,other,337265.1957843652,374739.10642707243,421581.49473045644,nr2,-618499.1037232369,-288136.1077610097,330362.9959622272,0.05837405824175947
12,w50930471,4724.4749339554455,other,805986.2955036239,895540.3283373598,1007482.8693795298,nr2,-1478070.6921829162,-688579.0677423199,789491.6244405963,0.05837405824175947
13,w50930472,9715.957844087014,other,1058464.4972369291,1176071.663596588,1323080.6215461614,nr2,-1941081.8283261938,-904279.019149242,1036802.8091769519,0.05837405824175947
14,w50930478,6019.835157379508,trade,680901.6527717811,756557.3919686456,851127.0659647263,nr2,-1248682.2453873262,-581715.3813971886,666966.8639901376,0.05837405824175947
15,w50930479,4489.048651921749,other,605573.605365519,672859.5615172433,756967.0067068987,nr2,-1110540.7164411175,-517360.2962707816,593180.4201703358,0.05837405824175947
16,w50930480,4441.97852948606,other,571805.8128687943,635339.7920764381,714757.2660859928,nr2,-1048615.117076012,-488511.4247616428,560103.6923143693,0.05837405824175947
17,w50930481,1370.623297881335,other,219388.45256825408,243764.94729806008,274235.5657103176,nr2,-402328.9772462889,-187430.3533268939,214898.623919395,0.05837405824175947
18,w50930482,1573.369959426485,other,231580.2187222324,257311.35413581377,289475.2734027905,nr2,-424687.04008020216,-197846.1569444891,226840.88313571305,0.05837405824175947
19,w50930483,704.9254127380437,other,154144.6310888841,171271.81232098234,192680.78886110513,nr2,-282680.5652166363,-131690.53489469714,150990.03032193915,0.05837405824175947
20,w50930486,509.32494937628496,trade,106076.66272902593,117862.95858780658,132595.82841128242,nr2,-194530.36258684148,-90624.58001910376,103905.78256773773,0.05837405824175947
21,w98916060,2713.01504517002,other,226605.19701500298,251783.55223889218,283256.4962687537,nr2,-415563.51798131235,-193595.84173655955,221967.6762447528,0.05837405824175947
22,w98916062,151.14776481509907,trade,44628.266224654115,49586.962471837905,55785.33278081764,nr1,-88904.77980296753,-41417.48477818251,47487.295024785024,0.06341141352150521
23,w98916065,222.67857759937178,other,74365.24956076973,82628.05506752193,92956.56195096216,nr2,-136375.88691748172,-63532.53709231282,72843.3498251689,0.05837405824175947
24,w98916067,43210.64675020873,trade,3034378.024269405,3371531.1380771166,3792972.530336756,nr2,-5564642.043788129,-2592363.173896938,2972278.8698911914,0.05837405824175947
25,w98916074,4745.314506876469,trade,491122.8611791089,545692.0679767877,613903.5764738861,nr2,-900653.4123713223,-419581.47897085565,481071.93340046663,0.05837405824175947
26,w98916075,67.06430839556852,sfh,14372.556497617988,15969.507219575542,17965.695622022486,r1,-30638.73490440197,-14272.78871931627,16365.946185085699,0.06341394372563056
27,w98916076,98.82164086105185,sfh,30526.14503843407,33917.93893159341,38157.68129804259,r1,-65074.18952507958,-30314.24636396336,34759.943161116214,0.06341394372563056
28,w98916079,3334.9361924076916,trade,503916.8562605286,559907.618067254,629896.0703256608,nr2,-924115.8822312626,-430511.7854227278,493604.0968085348,0.05837405824175947
29,w98916080,2976.303781049745,other,385409.83654958865,428233.15172176517,481762.2956869858,nr2,-706789.9132540446,-329267.5662483922,377522.3470056524,0.05837405824175947
30,w98916086,294.4025758753764,other,84265.32015590335,93628.13350655927,105331.65019487918,nr2,-154531.28767161662,-71990.47418009002,82540.8134915266,0.05837405824175947
31,w98916091,1116.7099465291947,trade,65522.69205707044,72802.99117452271,81903.36507133805,nr2,-120159.82324112201,-55978.066208226024,64181.757032895985,0.05837405824175947
32,w98916094,150.05011938810347,trade,46278.56665361178,51420.6296151242,57848.20831701472,nr1,-92192.37326462372,-42949.05431197772,49243.318952646,0.06341141352150521
33,w98916098,15131.85493721813,trade,1389797.224493673,1544219.1383263033,1737246.5306170913,nr2,-2548701.580983672,-1187346.8352147862,1361354.7457688856,0.05837405824175947
34,w98916102,1892.1415951219387,trade,284238.58921225026,315820.65468027804,355298.2365153128,nr2,-521255.4241254556,-242833.83460492536,278421.58952053025,0.05837405824175947
35,w98916109,81.43322088830173,sfh,38719.86130122445,43022.068112471614,48399.826626530565,r1,-82541.16559848227,-38451.08555914863,44090.08003933364,0.06341394372563056
36,w98916113,559.2398283889517,trade,173540.7692960107,192823.07699556745,216925.96162001335,nr2,-318250.4794762444,-148261.25680271545,169989.22267352897,0.05837405824175947
37,w98916116,6987.1012714248145,other,1062734.6846249367,1180816.3162499296,1328418.3557811708,nr2,-1948912.7788815,-907927.1725572125,1040985.6063242875,0.05837405824175947
38,w98916121,458.57296650111675,other,80557.30305057266,89508.1145006363,100696.62881321582,nr2,-147731.28196422732,-68822.60026485707,78908.68169937025,0.05837405824175947
39,w98916126,1235.1179318586364,trade,194117.59848031573,215686.22053368413,242646.99810039465,nr2,-355985.6225240192,-165840.67959918902,190144.9429248302,0.05837405824175947
40,w99055014,379.03616306802724,mfh,138482.6158739089,153869.5731932321,173103.2698423861,r2,-271748.5198481043,-126591.68926787714,145156.83058022714,0.05837405824175947
41,w99055018,363.825429549627,mfh,74738.71105496878,83043.01228329864,93423.38881871097,r2,-146661.9761359482,-68321.20859680293,78340.76753914528,0.05837405824175947
42,w99055022,32.828185592684896,sfh,8121.358728508361,9023.731920564845,10151.69841063545,r1,-17312.72771044997,-8064.9839341376555,9247.743776312314,0.06341394372563056
43,w99055023,57.57688737055287,sfh,23689.428722857134,26321.58746984126,29611.785903571417,r1,-50500.0016383054,-23524.987436903022,26975.01420140238,0.06341394372563056
44,w99055025,2922.078992408514,trade,357208.00610134704,396897.78455705225,446510.0076266838,nr2,-655071.541261862,-305173.8685924748,349897.67266938725,0.05837405824175947
45,w99055028,168.94065034445376,ab,43794.80756460522,48660.897294005794,54743.50945575652,r1,-93359.69556867778,-43490.803843861715,49868.891724816065,0.06341394372563056
46,w99055030,502.22660109587014,other,116326.93155687526,129252.14617430585,145408.66444609407,nr2,-213327.97989865107,-99381.7023088548,113946.27758979627,0.05837405824175947
47,w99055036,2513.4158389533286,other,328535.37354705296,365039.3039411699,410669.2169338162,nr2,-602489.7813949023,-280677.95010838046,321811.8312865218,0.05837405824175947
48,w99055038,337.97397138923407,other,86262.38089475907,95847.08988306564,107827.97611844883,nr2,-158193.62903533343,-73696.62505319738,84497.00398213606,0.05837405824175947
49,w99055039,2475.299022556655,other,312686.9164410429,347429.90715671435,390858.64555130363,nr2,-573425.8381301175,-267138.1220987844,306287.7160313331,0.05837405824175947
50,w99055040,101.95110847079195,trade,35391.70019666166,39324.111329624066,44239.62524582707,nr1,-70504.44883961508,-32845.4436654646,37659.00517415049,0.06341141352150521
51,w99055041,189.90211718752977,ab,64982.981209910264,72203.31245545585,81228.72651238783,r2,-127518.01984437653,-59403.162722716545,68114.85712165998,0.05837405824175947
52,w99055043,190.2007592998445,sfh,86320.99151306404,95912.21279229339,107901.23939133005,r2,-169390.22654550752,-78908.96677505417,90481.25977045335,0.05837405824175947
53,w99055048,47.74609960326925,sfh,24285.63485393199,26984.0387265911,30357.04356741499,r1,-51770.9656175675,-24117.054975020037,27653.91064254746,0.06341394372563056
54,w99055050,194.95880112051967,trade,65308.77244341692,72565.3027149077,81635.96555427114,nr2,-119767.52338045654,-55795.308053449575,63972.21532700696,0.05837405824175947
55,w99055053,122.33706042193808,ab,49059.40863841541,54510.454042683785,61324.260798019255,r1,-104582.5226770376,-48718.860441199264,55863.66223583834,0.06341394372563056
56,w99055057,303.91877080444243,ab,87681.8017174346,97424.2241304829,109602.25214679325,r2,-172060.5845286973,-80152.92986354092,91907.65466515638,0.05837405824175947
57,w99055067,194.8848727118224,sfh,33001.382887256914,36668.203208063234,41251.72860907114,r1,-70350.78428315162,-32772.30223260151,37578.482050550105,0.06341394372563056
58,w99055068,348.37368724122643,ab,132493.30677667502,147214.7853074167,165616.63347084375,r2,-259995.52203090503,-121116.65724756458,138878.86478334045,0.05837405824175947
59,w99055094,263.70872883694244,other,66091.27134448045,73434.74593831161,82614.08918060057,nr2,-121202.52134354797,-56463.82111230629,64738.70023124168,0.05837405824175947
60,w99055100,85.6876405166462,sfh,15744.323611141372,17493.69290126819,19680.404513926715,r1,-33563.003036434384,-15635.033646770231,17927.969389664155,0.06341394372563056
61,w99055110,94.65369866762775,sfh,52473.960066172556,58304.40007352506,65592.45008271569,r2,-102971.19886538447,-47968.23922939381,55002.959635990665,0.05837405824175947
62,w99055113,801.3236896117684,education,153671.86244078857,170746.51382309842,192089.8280509857,nr2,-281813.57096768776,-131286.63398871457,150526.9369789732,0.05837405824175947
63,w99055118,54.3237798044458,other,24020.58101149931,26689.534457221456,30025.726264374138,nr1,-47851.83575845357,-22292.41986230854,25559.41589614503,0.06341141352150521
64,w99055131,500.74276516167447,th,174492.9614592318,193881.0682880353,218116.20182403974,r2,-342412.68264049647,-159509.97615896806,182902.7064815284,0.05837405824175947
65,w99055135,663.0715527065098,ab,134760.33544465396,149733.70604961552,168450.41930581743,r2,-264444.1792221978,-123189.02558699185,141255.15363520593,0.05837405824175947
66,w99055142,64.54166975589469,sfh,30373.370700461764,33748.18966717974,37966.7133755772,r1,-64748.5124305345,-30162.532516258292,34585.979914276206,0.06341394372563056
67,w99055146,149.08371188635937,sfh,45007.11390865703,50007.90434295226,56258.89238582129,r1,-95944.03278832858,-44694.69490629073,51249.33788203785,0.06341394372563056
68,w99055147,57.659734526090325,sfh,9628.24002989865,10698.044477665168,12035.300037373312,r1,-20525.025865851137,-9561.405147955562,10963.620717895576,0.06341394372563056
69,w99055152,1635.3717537612654,other,264252.3847284261,293613.76080936234,330315.48091053264,nr2,-484603.40750889963,-225759.00079205053,258844.4067168491,0.05837405824175947
70,w99055158,567.1104306213557,trade,144743.79539184985,160826.4393242776,180929.7442398123,nr2,-265440.69426184427,-123659.1096504034,141781.58461144086,0.05837405824175947
71,w99055160,362.3993257842958,ab,101699.20767706775,112999.1196411864,127124.00959633468,r2,-199567.35350184166,-92966.71943839466,106600.634063447,0.05837405824175947
72,w99055171,150.93386064656082,sfh,36534.23113964701,40593.59015516334,45667.78892455876,r1,-77881.94278514806,-36280.62705234576,41601.3157328023,0.06341394372563056
73,w99055172,71.28885925472714,sfh,34959.915482691984,38844.350536324426,43699.89435336498,r1,-74525.89126590104,-34717.23958172043,39808.65168418061,0.06341394372563056
74,w99055173,413.9677898917347,ab,103778.03118873315,115308.92354303683,129722.53898591643,r2,-203646.69016627088,-94867.04301598447,108779.64715028642,0.05837405824175947
75,w99055181,184.62117180265486,other,55355.73112876553,61506.36792085059,69194.66391095691,nr2,-101514.98143608075,-47292.11643855861,54222.86499752214,0.05837405824175947
76,w99055182,84.81555104400032,sfh,41072.2949799907,45635.88331110078,51340.36872498837,r1,-87555.97224584881,-40787.18970866436,46768.78253718445,0.06341394372563056
77,w99055185,136.9722994968528,education,27137.63133712484,30152.92370791649,33922.039171406046,nr1,-54061.368332260245,-25185.213944080526,28876.15438817972,0.06341141352150521
78,w99055186,41.49024544628337,sfh,8077.381808901094,8974.86867655677,10096.727261126367,r1,-17218.97979705804,-8021.3122823904605,9197.66751466758,0.06341394372563056
79,w99055192,160.51305735595523,ab,56573.984423398244,62859.982692664715,70717.4805292478,r2,-111016.79753772423,-51716.211537291485,59300.58600043274,0.05837405824175947
80,w99055193,133.23216011486946,other,37451.259490311946,41612.510544791054,46814.07436288993,nr1,-74607.33431966946,-34756.82792729376,39850.506392375704,0.06341141352150521
81,w99055199,594.2030242990702,ab,144875.40265854934,160972.66962061037,181094.25332318665,r2,-284293.2738265556,-132435.55402368054,151857.71980287504,0.05837405824175947
82,w99055201,119.5810925271362,sfh,23915.67348956297,26572.970543958854,29894.59186195371,r1,-50982.29951146089,-23749.661714897935,27232.637796562958,0.06341394372563056
83,w99055202,635.4450178422034,ab,183212.87097097567,203569.8566344174,229016.08871371957,r2,-359524.0181541424,-167481.14328625408,192042.87486788834,0.05837405824175947
84,w99055209,191.61494707558305,other,71166.34004527405,79073.7111614156,88957.92505659255,nr2,-130509.51620103575,-60799.609567043066,69709.90663399268,0.05837405824175947
85,w99055216,463.1840371862054,education,97615.7064420698,108461.89604674422,122019.63305258725,nr2,-179014.10432617678,-83396.12287934514,95617.98144683163,0.05837405824175947
86,w99055219,773.0541430711745,other,280358.9009157519,311509.889906391,350448.6261446898,nr2,-514140.5964939559,-239519.29667141827,274621.2998225376,0.05837405824175947
87,w99055224,318.955577952601,ab,88079.81530757781,97866.46145286423,110099.76913447226,r2,-172841.61833079794,-80516.7676810882,92324.85064970974,0.05837405824175947
88,w99055226,262.56915004737675,ab,69321.04823838189,77023.38693153542,86651.31029797735,r2,-136030.73666843193,-63368.73796713225,72661.99870129969,0.05837405824175947
89,w99055235,1694.7837025728077,trade,455420.4985622041,506022.7761802268,569275.6232027551,nr2,-835180.0710501029,-389079.84426057164,446100.2267895313,0.05837405824175947
90,w99055245,424.4345906373113,ab,110594.87925706254,122883.19917451392,138243.59907132815,r2,-217023.59210380094,-101098.55667570636,115925.03542809458,0.05837405824175947
91,w99055249,70.42309986636974,sfh,33446.903939437485,37163.22659937498,41808.62992429685,r1,-71300.52495137254,-33214.73067940113,38085.79427197141,0.06341394372563056
92,w99055257,137.79457132667304,trade,36946.07902516493,41051.19891684992,46182.59878145616,nr1,-73600.95513862376,-34287.99268014038,39312.96245848338,0.06341141352150521
93,w99055287,226.3710821658373,mfh,65413.202259158345,72681.33584350927,81766.50282394793,r2,-128362.25529301302,-59796.4424787294,68565.81281428362,0.05837405824175947
94,w99055292,58.725108856521544,trade,26638.013577625854,29597.792864028725,33297.51697203232,nr1,-53066.07071818061,-24721.541193613524,28344.529524567082,0.06341141352150521
95,w99055300,847.1402418442303,other,253934.7967876531,282149.7742085034,317418.49598456634,nr2,-465682.3359790824,-216944.36569807836,248737.97028100403,0.05837405824175947
96,w99389931,488.4274571448564,mfh,99582.28350232905,110646.9816692545,124477.85437791131,r2,-195413.250782987,-91031.5667432998,104381.68403968718,0.05837405824175947
97,w99389943,3490.8252122399163,ab,624462.3880690951,693847.0978545501,780577.9850863689,r2,-1225400.954392003,-570842.3984559735,654558.5559360294,0.05837405824175947
98,w99389949,2474.179022271931,ab,683124.5893772031,759027.3215302257,853905.7367215039,r2,-1340515.5214870148,-624467.5203740003,716048.0011130145,0.05837405824175947
99,w99389956,671.7147096479312,education,46899.24791118664,52110.27545687404,58624.0598889833,nr1,-93428.84367229638,-43525.08064489201,49903.76302740437,0.06341141352150521
100,w99389960,693.6997662768932,ab,196619.69517326806,218466.32797029783,245774.61896658505,r2,-385832.62454379915,-179736.779221316,206095.84532248313,0.05837405824175947
101,w99389971,1612.9015118613836,education,309303.5674613809,343670.63051264547,386629.4593267261,nr2,-567221.2301905486,-264247.62222396105,302973.60796658753,0.05837405824175947
102,w99389974,235.12884147074072,education,43366.28216826591,48184.7579647399,54207.85271033239,nr1,-86390.75844073796,-40246.294188284744,46144.46425245322,0.06341141352150521
103,w99389975,1082.0712234761565,mfh,203599.25388206367,226221.39320229297,254499.0673525796,r2,-399528.8183681209,-186117.03223513294,213411.78613298794,0.05837405824175947
104,w99389979,163.53384786918758,ab,58414.06986123536,64904.52206803929,73017.58732654419,r2,-114627.65144144876,-53398.29648711016,61229.3549543386,0.05837405824175947
105,w99389992,2569.363114476204,other,222880.7619206125,247645.2910229028,278600.9524007656,nr2,-408733.4038854935,-190413.94142452054,218319.46246097298,0.05837405824175947
106,w99390006,431.6004564465955,education,83282.49698597375,92536.10776219305,104103.12123246718,nr2,-152728.92188552892,-71150.81789079444,81578.10399473448,0.05837405824175947
107,w99390011,2554.974828636646,ab,487902.76263553556,542114.1807061506,609878.4532944195,r2,-957425.9753782428,-446008.5804324657,511417.3949457771,0.05837405824175947
108,w99390014,587.280543653667,trade,125980.24566648666,139978.05074054073,157475.30708310832,nr2,-231030.86237624564,-107628.82768468584,123402.0346915598,0.05837405824175947
109,w99390021,1617.1983746248297,other,203329.9608709738,225922.17874552644,254162.45108871724,nr2,-372879.85873046925,-173711.08625753055,199168.7724729387,0.05837405824175947
110,w99390022,5590.431437242403,education,501507.8998853299,557230.9998725888,626884.8748566624,nr2,-919698.1795522071,-428453.73934388004,491244.4402083271,0.05837405824175947
111,w99390025,237.89438336268066,education,22880.136119028128,25422.373465586807,28600.170148785157,nr1,-45579.93477237946,-21234.02429891138,24345.910473468084,0.06341141352150521
112,w99390027,116.0190749399364,mfh,27759.268305341284,30843.631450379202,34699.0853816766,r1,-59175.89281270016,-27566.57603611526,31609.316776584903,0.06341394372563056
113,w99390046,1095.085822885856,mfh,211796.0789351003,235328.97659455586,264745.09866887535,r2,-415613.6898269668,-193610.0299919197,222003.6598350471,0.05837405824175947
114,w99390052,1678.6958267321402,education,313307.17899148044,348119.0877683116,391633.9737393505,nr2,-574563.3164003744,-267668.0316160038,306895.2847843706,0.05837405824175947
115,w99390065,2581.633286331594,education,348951.4029727128,387723.781080792,436189.253715891,nr2,-639930.0392667265,-298119.9966882623,341810.04257846414,0.05837405824175947
116,w99390082,124.21957990797236,education,39827.93660519214,44253.26289465793,49784.92075649017,nr1,-79341.95597173012,-36962.51496278574,42379.44100894438,0.06341141352150521
117,w99390107,332.09000708311794,education,26712.358260262183,29680.39806695798,33390.44782532773,nr1,-53214.17411090557,-24790.537146670024,28423.63696423555,0.06341141352150521
118,w99390110,1066.5973296171287,mfh,239891.65743218464,266546.2860357607,299864.5717902308,r2,-470746.4718204168,-219293.15794599132,251453.31387442548,0.05837405824175947
119,w99390116,694.0162199864862,ab,158097.7549469809,175664.1721633121,197622.1936837261,r2,-310239.8855410765,-144522.55788134589,165717.3276597306,0.05837405824175947
120,w99390122,307.42072394330467,other,98676.7039395479,109640.78215505321,123345.87992443486,nr2,-180959.83133698392,-84302.56591909172,96657.2654178922,0.05837405824175947
121,w99390129,1196.3697846690193,trade,195071.71625481176,216746.35139423527,243839.6453185147,nr2,-357735.3464675165,-166655.8119796575,191079.534487859,0.05837405824175947
122,w99390130,964.417538562417,education,164651.07624751102,182945.64027501224,205813.84530938877,nr2,-301947.9755369196,-140666.5165620933,161281.4589748263,0.05837405824175947
123,w99390133,9252.387912133521,education,680645.1328091653,756272.3697879614,850806.4160114565,nr2,-1248211.8222041808,-581496.2284442158,666715.5937599649,0.05837405824175947
124,w99390139,1249.1388426542283,ab,193561.77819765167,215068.6424418352,241952.22274706457,r2,-379831.98390960734,-176941.43286580913,202890.55104379822,0.05837405824175947
125,w99390141,112.67489476799965,other,30821.618759402736,34246.24306600304,38527.023449253415,nr1,-61400.30659452201,-28604.156822504952,32796.14977201706,0.06341141352150521
126,w99758761,171.36210507287177,trade,71706.83112597434,79674.25680663815,89633.53890746791,nr2,-131500.70430215623,-61261.36784574815,70239.33645640808,0.05837405824175947
127,w99758765,309.03573338240386,trade,64055.628922168136,71172.92102463126,80069.53615271016,nr2,-117469.42635053203,-54724.708711472376,62744.71763905965,0.05837405824175947
128,w99758770,601.7205038767308,mfh,123602.56527583835,137336.18363982037,154503.20659479793,r2,-242548.95786862535,-112989.32676400611,129559.63110461924,0.05837405824175947
129,w99758771,976.6668764967471,mfh,175271.79498964516,194746.4388773835,219089.74373705644,r2,-343941.01063865196,-160221.9344914367,183719.07614721527,0.05837405824175947
130,w99758774,197.5460334163159,ab,62183.884482976144,69093.20498108461,77729.85560372018,r2,-122025.26981466445,-56844.41279695395,65180.85701771051,0.05837405824175947
131,w99758775,265.071225726977,sfh,41468.16576899654,46075.73974332949,51835.20721124567,r1,-88399.87083568958,-41180.31254193106,47219.55829375852,0.06341394372563056
132,w99758777,337.6781565959565,ab,105954.58460251115,117727.31622501239,132443.23075313892,r2,-207917.80509887054,-96856.70483521817,111061.10026365236,0.05837405824175947
133,w99758783,333.3155570875853,th,46165.858494498185,51295.3983272202,57707.32311812273,r1,-98414.18958982608,-45845.39601197804,52568.793577848046,0.06341394372563056
134,w99758786,182.17889552428386,mfh,58859.38042021428,65399.31157801586,73574.22552526784,r2,-115501.49747989618,-53805.37007937457,61696.12740052161,0.05837405824175947
135,w99758788,349.08404515869915,other,107247.06333366054,119163.40370406726,134058.82916707566,nr2,-196676.72021286367,-91624.48952342203,105052.23068944164,0.05837405824175947
136,w99758792,60.93018751584459,sfh,22560.840147597835,25067.600163997595,28201.050184497293,r1,-48094.12999123711,-22404.233012428867,25689.896978808243,0.06341394372563056
137,w99758793,126.39461716674268,ab,45544.688375520156,50605.2093061335,56930.86046940019,r1,-97090.00856405952,-45228.537774656426,51861.470789403094,0.06341394372563056
138,w99758796,906.0679207786917,ab,179322.33204421046,199247.03560467827,224152.91505526306,r2,-351889.49891800573,-163924.66876565374,187964.830152352,0.05837405824175947
139,w99758800,420.9761067721993,ab,99487.39834212833,110541.55371347592,124359.24792766041,r2,-195227.05483573844,-90944.82897740435,104282.22585833409,0.05837405824175947
140,w99758801,293.7319820257835,mfh,71440.53956745433,79378.37729717146,89300.6744593179,r2,-140189.87698992004,-65306.23738568886,74883.63960423118,0.05837405824175947
141,w99758803,512.6721141899004,mfh,131384.60978199245,145982.8997577694,164230.76222749054,r2,-257819.8932318408,-120103.15945538768,137716.73377645313,0.05837405824175947
142,w99758805,165.76912949401884,sfh,58159.717102174254,64621.90789130473,72699.64637771781,r2,-114128.5275235624,-53165.78394222287,60962.74358133953,0.05837405824175947
143,w99758807,110.8734177275095,other,42605.10553834061,47339.006153711794,53256.381922925764,nr1,-84874.40464975675,-39539.88042520597,45334.524224550776,0.06341141352150521
144,w99758813,43.0509613757953,other,17306.7893226752,19229.765914083553,21633.486653343996,nr1,-34477.16938147116,-16061.652041842617,18415.517339628546,0.06341141352150521
145,w99758814,84.92593946289271,th,18715.5754116606,20795.083790734,23394.46926457575,r1,-39896.976833331486,-18585.660362882107,21311.31647044938,0.06341394372563056
146,w99758818,424.19755738042295,mfh,91711.52463429667,101901.69403810741,114639.40579287084,r2,-179968.2286119975,-83836.63722354292,96131.59138845459,0.05837405824175947
147,w99758821,35.03456762442365,sfh,16591.68554566197,18435.206161846632,20739.606932077462,r1,-35369.36905657566,-16476.513578486487,18892.855478089175,0.06341394372563056
148,w99758824,478.7830200769007,ab,169348.0416963535,188164.4907737261,211685.05212044186,r2,-332316.6549082326,-154806.8292706721,177509.8256375605,0.05837405824175947
149,w99758826,392.0728006519377,ab,106368.10829847213,118186.78699830236,132960.13537309016,r2,-208729.27483888346,-97234.7209702662,111494.55386861727,0.05837405824175947
152,w99758837,194.723237061128,mfh,81068.34105236304,90075.9345026256,101335.4263154538,r2,-159082.79568880974,-74107.33957616247,84975.45611264727,0.05837405824175947
153,w99758838,478.1149431033991,ab,109862.70524728548,122069.67249698387,137328.38155910684,r2,-215586.82545859742,-100429.25140478264,115157.57405381478,0.05837405824175947
154,w99758842,66.20839738831855,sfh,28836.13150330949,32040.146114788324,36045.16437913686,r1,-61471.49875144339,-28635.964137442585,32835.534614000804,0.06341394372563056
155,w99758845,141.8255072105676,th,68631.03812160477,76256.7090240053,85788.79765200596,r2,-134676.70947353024,-62737.97615097567,71938.73332255456,0.05837405824175947
156,w99758846,563.5821329504251,other,132388.56970357036,147098.41078174484,165485.71212946295,nr2,-242782.8685804034,-113103.6574874538,129679.21109294958,0.05837405824175947
157,w99758847,385.25146163031457,sfh,141765.98617754248,157517.76241949163,177207.4827219281,r2,-278191.5741946373,-129593.13021124732,148598.44398339,0.05837405824175947
158,w99758850,177.17881421931088,ab,51542.08490718524,57268.98323020582,64427.60613398155,r2,-101142.5527675335,-47116.380316861505,54026.172450672,0.05837405824175947
159,w99758852,422.9061155930161,other,94738.4325839545,105264.92509328279,118423.04072994312,nr2,-173737.57023770706,-80937.97866285768,92799.59157484937,0.05837405824175947
160,w99758858,57.38898355839774,sfh,9200.09663478349,10222.329594203877,11500.12079347936,r1,-19612.33006352967,-9136.233730395837,10476.096333133832,0.06341394372563056
161,w99758862,402.33381934519855,sfh,153965.21116104606,171072.45684560674,192456.51395130757,r2,-302130.4730350491,-140744.85845291158,161385.61458213752,0.05837405824175947
162,w99758864,101.365438436158,other,39005.52169932354,43339.46855480393,48756.90212415442,nr1,-77703.60829887039,-36199.26871266935,41504.33958620104,0.06341141352150521
163,w99758865,63.831228005420414,other,19191.6289905496,21324.03221172178,23989.536238187,nr1,-38231.99272129655,-17810.886884633284,20421.105836663264,0.06341141352150521
164,w99758868,445.0926624152809,ab,107761.9123396737,119735.45815519299,134702.3904245921,r2,-211464.3776008049,-98508.84485195798,112955.53274884692,0.05837405824175947
165,w99758869,105.27734354436397,other,36782.57152472311,40869.523916359016,45978.21440590389,nr1,-73275.22887693711,-34136.248729869556,39138.98014706755,0.06341141352150521
166,w99758874,732.9468768487684,ab,145140.5559918637,161267.2844354041,181425.6949898296,r2,-284813.5920297196,-132677.93974240377,152135.65228731584,0.05837405824175947
167,w99758876,118.68904608124866,sfh,19767.0966607297,21963.44073414411,24708.870825912127,r1,-42138.56000622862,-19629.88242764297,22508.677578585648,0.06341394372563056
168,w99758878,556.4759241774678,other,165946.20228490618,184384.6692054513,207432.75285613272,nr2,-304323.0628668607,-141772.98286854723,162550.07999831348,0.05837405824175947
169,w99758879,141.26093079326674,other,63241.62786203879,70268.47540226532,79052.03482754849,nr2,-115976.65765571046,-54029.28238195286,61947.3752737576,0.05837405824175947
170,w99758882,536.390386541374,other,173463.4893925074,192737.21043611935,216829.36174063425,nr2,-318108.75850518054,-148195.23418644222,169913.52431873832,0.05837405824175947
171,w99758886,70.57262436598539,sfh,28508.101772463415,31675.66863607046,35635.12721557927,r1,-60772.22051476914,-28310.211440433104,32462.009074336038,0.06341394372563056
172,w99758887,84.85345135740936,sfh,35123.0717850301,39025.635316700114,43903.839731287626,r1,-74873.70014013637,-34879.26332689637,39994.43681324,0.06341394372563056
173,w99758888,71.82869699064176,other,23233.64309960051,25815.158999556123,29042.053874500638,nr1,-46284.16244970826,-21562.098213168647,24722.064236539612,0.06341141352150521
174,w99758891,1365.0763243824242,trade,394777.7044394887,438641.8938216541,493472.1305493609,nr2,-723969.325675258,-337270.82607346145,386698.4996017965,0.05837405824175947
175,w99758895,154.4283221337944,other,11343.022479982455,12603.358311091617,14178.778099978068,nr1,-22596.641124405833,-10526.948515954733,12069.6926084511,0.06341141352150521
176,w99758899,158.4874060918577,th,51555.465518172896,57283.85057574766,64444.33189771612,r2,-101168.80993495925,-47128.61199040172,54040.197944557534,0.05837405824175947
177,w99758900,82.77785695786588,sfh,14105.077346915961,15672.308163239957,17631.34668364495,r1,-30068.535525316398,-14007.166287745036,16061.369237571362,0.06341394372563056
178,w99758903,400.34018093422054,trade,111219.17925647758,123576.86584053065,139023.97407059697,nr2,-203961.04770605065,-95017.99124219347,108943.05646385718,0.05837405824175947
179,w99758905,110.54209396946244,sfh,42224.87349281815,46916.52610313128,52781.09186602269,r1,-90012.98450507235,-41931.7675434244,48081.21696164795,0.06341394372563056
180,w99758908,248.9345047255978,ab,62155.14284179054,69061.2698242117,77693.92855223817,r2,-121968.86924481021,-56818.13908102897,65150.73016378124,0.05837405824175947
181,w99758913,208.22132023065353,ab,66297.76659895918,73664.18510995463,82872.20824869897,r2,-130098.0619755656,-60605.05295546585,69493.00902009974,0.05837405824175947
182,w99758915,71.10941483918579,ab,27065.001520575188,30072.223911750207,33831.251900718984,r1,-57695.887778459706,-26877.128536956166,30818.75924150354,0.06341394372563056
183,w99758919,819.0798590054737,ab,208080.77592565658,231200.8621396184,260100.9699070707,r2,-408323.0411976629,-190213.7446088089,218109.296588854,0.05837405824175947
184,w99758922,83.9358181065414,th,29500.748365313924,32778.60929479325,36875.9354566424,r1,-62888.297485288975,-29295.967530176265,33592.32995511271,0.06341394372563056
185,w99758926,36.12754547015065,sfh,13125.615217519764,14584.016908355294,16407.019021899705,r1,-27980.564569248516,-13034.503140881749,14946.061428366767,0.06341394372563056
186,w99758928,119.38002583179623,sfh,50451.804126083465,56057.56014009274,63064.755157604326,r2,-99003.06264732222,-46119.71741455438,52883.34523276784,0.05837405824175947
187,w99758931,65.79372537583113,th,29795.3796286822,33105.977365202445,37244.22453585275,r1,-63516.37845156562,-29588.553596744005,33927.82485482162,0.06341394372563056
188,w99758935,355.7203856162727,ab,97740.68299085365,108600.75887872626,122175.85373856705,r2,-191799.42380559497,-89348.0968129186,102451.32699267638,0.05837405824175947
189,w99758936,99.44306262517348,th,46648.143097256325,51831.270108062585,58310.1788715704,r1,-99442.30105314375,-46324.332813436245,53117.9682397075,0.06341394372563056
190,w99758945,525.0721962768584,mfh,72696.76550898828,80774.18389887585,90870.95688623533,r2,-142655.00619081178,-66454.59642727219,76200.40976353959,0.05837405824175947
191,w99758951,355.6037514369003,ab,88176.77832572878,97974.19813969864,110220.97290716098,r2,-173031.8917199613,-80605.40488790859,92426.48683205272,0.05837405824175947
192,w99758953,525.4067761451006,other,115621.89938143763,128468.77709048626,144527.37422679702,nr2,-212035.04551332237,-98779.3714741998,113255.67403912258,0.05837405824175947
193,w99758954,37.75478148937691,sfh,15454.106966036949,17171.229962263275,19317.633707546185,r1,-32944.332944187874,-15346.831554185608,17597.501390002268,0.06341394372563056
194,w99758959,30.14875982720405,sfh,5386.67163386435,5985.190704293722,6733.339542330437,r1,-11483.0513440239,-5349.2797988459515,6133.771545177948,0.06341394372563056
195,w99758962,201.50926117040217,mfh,21723.95521923704,24137.72802137449,27154.944024046297,r1,-46310.09835637901,-21573.15736024038,24736.940996138626,0.06341394372563056
196,w99758966,155.61690238779408,th,53966.642471051426,59962.936078946026,67458.30308881428,r2,-105900.33355546341,-49332.751200673345,56567.582354790065,0.05837405824175947
197,w99758967,90.83302856497467,ab,36490.03724639751,40544.485829330566,45612.54655799688,r1,-77787.73233762683,-36236.73993308909,41550.99240453774,0.06341394372563056
198,w99758970,391.2386861808598,th,114162.05294071334,126846.72548968148,142702.56617589167,r2,-224023.5621899802,-104359.43198251339,119664.13020746682,0.05837405824175947
199,w99758974,163.93810575278476,sfh,52549.96407185974,58388.84896873304,65687.45508982467,r2,-103120.3437664804,-48037.7170870321,55082.626679448294,0.05837405824175947
200,w99758975,139.83927450878545,sfh,48769.161981762925,54187.95775751436,60961.45247720365,r1,-103963.78860759505,-48430.62854539317,55533.16006220188,0.06341394372563056
201,w99758979,705.2831632008775,trade,118383.22027633703,131536.91141815225,147979.02534542128,nr2,-217098.9374296394,-101138.45348112044,115960.48394851896,0.05837405824175947
202,w99758981,319.7999828794971,other,27092.453379920906,30102.725977689894,33865.56672490113,nr1,-53971.36850307251,-25143.28631585083,28828.08218722168,0.06341141352150521
203,w99758984,336.42351993245535,ab,99044.44301429484,110049.38112699427,123805.55376786855,r2,-194357.83053680416,-90539.90838237673,103817.92215442743,0.05837405824175947
204,w99758985,1446.6540044941007,ab,308773.6475480953,343081.8306089948,385967.05943511915,r2,-605915.6317908937,-282260.53788663296,323655.0939042608,0.05837405824175947
205,w99758989,963.3213891830295,education,178962.42487789664,198847.1387532185,223703.03109737078,nr2,-328193.0681572197,-152893.14516982748,175299.9229873922,0.05837405824175947
206,w99758991,346.04414169639347,ab,108571.37632794297,120634.8625866033,135714.2204099287,r2,-213052.8126494525,-99248.80353218557,113804.00911726693,0.05837405824175947
207,w99758995,38.315451947040856,sfh,14153.006730026627,15725.56303336292,17691.258412533283,r1,-30170.709113119145,-14054.762966783948,16115.946146335196,0.06341394372563056
208,w99758997,604.6954287230968,other,183323.21692341135,203692.46324823482,229154.0211542642,nr2,-336190.17549407843,-156618.7049443176,179571.47054976082,0.05837405824175947
209,w99759000,505.76658869385716,other,34496.09632156219,38328.995912846876,43120.120401952736,nr1,-68720.30009169853,-32014.274027874653,36706.02606382388,0.06341141352150521
210,w99759001,277.86601877255595,other,81574.80850317713,90638.67611464126,101968.51062897142,nr2,-149597.2504019304,-69691.88670295876,79905.36369897163,0.05837405824175947
211,w99759005,200.24946516156197,th,50791.008241442374,56434.45360160264,63488.76030180296,r2,-99668.69288324367,-46429.79548246868,53238.897400774986,0.05837405824175947
212,w99759006,478.86383471041916,sfh,107306.25960596674,119229.17733996305,134132.82450745843,r2,-210570.23680798258,-98092.31712452101,112477.91968346157,0.05837405824175947
213,w99759010,347.4218390390277,ab,91918.43252307092,102131.59169230102,114898.04065383865,r2,-180374.25006215912,-84025.77879194479,96348.47127021433,0.05837405824175947
214,w99759011,1184.1155465334652,health,269958.28428687295,299953.6492076366,337447.8553585912,nr2,-495067.26149367477,-230633.72759634638,264433.5338973284,0.05837405824175947
215,w99759013,1127.2734199425206,other,171785.6852225,190872.98358055556,214732.106528125,nr2,-315031.89084037655,-146761.83409306227,168270.0567473143,0.05837405824175947
216,w99759015,262.8249901607633,mfh,34217.03964154063,38018.932935045144,42771.29955192578,r1,-72942.2637485771,-33979.5204482319,38962.743300345195,0.06341394372563056
217,w99759016,162.4421672269469,other,39579.42093353886,43977.13437059873,49474.27616692357,nr1,-78846.88338802943,-36731.87875576785,42115.004632261574,0.06341141352150521
218,w99759020,78.66829424034803,other,23783.079223761644,26425.64358195738,29728.849029702054,nr1,-47378.70413296452,-22072.005145122374,25306.69898784215,0.06341141352150521
219,w99759023,45.55874986834824,th,17153.126364166834,19059.029293518703,21441.407955208542,r1,-36566.22198983995,-17034.05712908919,19532.16486075076,0.06341394372563056
220,w99759028,314.5253525768406,trade,117384.63411857742,130427.3712428638,146730.79264822177,nr2,-215267.6644394681,-100285.33038286622,114982.33405660187,0.05837405824175947
221,w99759036,422.98085668310523,mfh,84448.21047114403,93831.34496793781,105560.26308893003,r2,-165715.2130939654,-77196.9936567721,88518.2194371933,0.05837405824175947
222,w99759038,116.55152825303375,ab,40682.52312775101,45202.8034752789,50853.15390968876,r1,-86725.07508041072,-40400.123476106804,46324.95160430392,0.06341394372563056
224,w99759044,415.2007402397692,trade,91754.0768965997,101948.97432955522,114692.59612074961,nr2,-168264.66244617663,-78388.35112145361,89876.31132472302,0.05837405824175947
225,w99759045,941.2816024620085,trade,131494.20155201256,146104.66839112507,164367.75194001567,nr2,-241142.71742620372,-112339.5710613524,128803.14636485132,0.05837405824175947
226,w99759047,442.628270605579,mfh,92497.8685975063,102775.40955278477,115622.33574688286,r2,-181511.2945538503,-84555.46109916165,96955.83345468866,0.05837405824175947
227,w99759050,246.0824731603265,trade,87689.82726981034,97433.14141090038,109612.28408726292,nr2,-160811.37410543748,-74916.13672438625,85895.23738105124,0.05837405824175947
228,w99759051,91.54405212756247,th,29950.586920623486,33278.42991180387,37438.23365077935,r1,-63847.24200209731,-29742.683509953404,34104.5584921439,0.06341394372563056
229,w99759055,270.5142616614699,other,63025.800446954905,70028.66716328323,78782.25055869363,nr2,-115580.8591432733,-53844.894333296485,61735.96480997681,0.05837405824175947
230,w99759057,194.30349186724052,th,63544.9103105719,70605.45590063544,79431.13788821487,r2,-124696.05092166598,-58088.572993995826,66607.47792767016,0.05837405824175947
231,w99759061,534.3112589053809,trade,95523.08154318364,106136.75727020403,119403.85192897954,nr2,-175176.51111890867,-81608.32858303019,93568.18253587848,0.05837405824175947
232,w99759062,137.67195288166403,th,51134.694142143744,56816.326824604155,63918.36767767968,r2,-100343.1178586738,-46743.97050344714,53599.147355226654,0.05837405824175947
233,w99759063,182.5971095246263,sfh,62796.75246680318,69774.16940755908,78495.94058350397,r2,-123227.91872778814,-57404.65635446663,65823.26237332152,0.05837405824175947
234,w99759067,347.13443305995315,other,53063.728204032785,58959.69800448087,66329.66025504097,nr2,-97311.75568851622,-45333.98731653801,51977.76837197821,0.05837405824175947
235,w99759073,34.86947953915223,sfh,16322.376591394783,18135.973990438648,20402.970739243476,r1,-34795.26898895432,-16209.07404501778,18586.194943936538,0.06341394372563056
236,w99759074,1179.944325777702,mfh,260161.20526083146,289068.00584536826,325201.5065760393,r2,-510522.0031076107,-237822.24395531963,272699.75915229105,0.05837405824175947
237,w99759077,212.39228247441352,sfh,52914.64659119377,58794.05176799308,66143.3082389922,r2,-103835.97102567181,-48371.08583427613,55464.88519139568,0.05837405824175947
239,w99759083,341.51128259450195,trade,45059.565495100775,50066.1838834453,56324.45686887597,nr1,-89763.97891402461,-41817.75421456714,47946.224699457474,0.06341141352150521
240,w99759085,319.12387123871594,other,63311.391095623374,70345.9901062482,79139.23886952922,nr2,-116104.5940629776,-54088.88327419179,62015.710788785815,0.05837405824175947
241,w99759087,592.8829183824361,other,172965.5863999473,192183.9848888303,216206.98299993412,nr2,-317195.6712418376,-147769.8602311333,169425.81101070432,0.05837405824175947
242,w99759088,334.1662621571682,ab,88658.67471107052,98509.63856785613,110823.34338883814,r2,-173977.53120409703,-81045.92283369927,92931.60837039776,0.05837405824175947
243,w99759091,80.87078364617192,sfh,11524.131641001168,12804.590712223518,14405.164551251459,r1,-24566.597766415704,-11444.13633808691,13122.461428328794,0.06341394372563056
244,w99759093,176.2003906674683,sfh,54665.253714504965,60739.1707938944,68331.56714313121,r2,-107271.23899481907,-49971.37560051022,57299.86339430885,0.05837405824175947
245,w99759094,339.69808716569094,other,127766.57717581006,141962.86352867784,159708.22146976256,nr2,-234306.75461558448,-109154.94604703347,125151.808568551,0.05837405824175947
246,w99759096,246.47077107857913,mfh,47013.13833967629,52236.8203774181,58766.42292459536,r1,-100220.3806157968,-46686.79442417885,53533.58619161796,0.06341394372563056
247,w99759099,50.23060751573648,th,24989.00373869263,27765.55970965848,31236.254673365787,r1,-53270.374077277345,-24815.54139151759,28454.832685759757,0.06341394372563056
248,w99759102,1460.464218017459,other,404928.3339724756,449920.3710805284,506160.4174655945,nr2,-742584.2178931702,-345942.82342603966,396641.39446713054,0.05837405824175947
249,w99759105,189.26809048298745,mfh,53255.998957558084,59173.332175064534,66569.9986969476,r2,-104505.81683787549,-48683.12769181145,55822.68914606404,0.05837405824175947
250,w99759110,35.61810292806477,th,21502.86142041705,23892.068244907834,26878.576775521313,r1,-45838.78107248623,-21353.59829444497,24485.182778041257,0.06341394372563056
251,w99759111,238.72463138289748,th,34535.9950545772,38373.327838419114,43169.9938182215,r1,-73622.19778452757,-34296.26181723662,39325.93596729095,0.06341394372563056
252,w99759113,635.4707306571305,th,212224.98925564316,235805.54361738128,265281.2365695539,r2,-416455.3531940225,-194002.11156605306,222453.24162796943,0.05837405824175947
253,w99759120,160.90588292758912,th,23237.39167444857,25819.324082720632,29046.73959306071,r1,-49536.37047808323,-23076.088224970335,26460.28225311289,0.06341394372563056
254,w99759121,33.129497365746644,ab,17191.860563128615,19102.06729236513,21489.825703910767,r1,-36648.793719783826,-17072.522452783352,19576.271267000473,0.06341394372563056
255,w99759126,310.54387535755524,ab,74661.4219255084,82957.13547278711,93326.77740688549,r2,-146510.3093985844,-68250.55596362808,78259.7534349563,0.05837405824175947
256,w99759127,85.13879598667843,other,32860.8525520517,36512.05839116855,41076.06569006462,nr1,-65462.701274826024,-30496.67790188167,34966.02337294436,0.06341141352150521
257,w99759131,184.6887545518577,ab,66274.46957377039,73638.29952641155,82843.08696721298,r2,-130052.34553619906,-60583.75634899324,69468.58918720583,0.05837405824175947
258,w99759132,153.35469039995223,ab,44301.10147182197,49223.44607980218,55376.376839777455,r1,-94438.98892957003,-43993.583288060065,50445.40564150996,0.06341394372563056
259,w99759137,162.2998407471925,mfh,26131.587467902093,29035.09718655788,32664.484334877616,r1,-55706.07993038242,-25950.193821921173,29755.886108461244,0.06341394372563056
260,w99759138,557.9003615580499,mfh,114243.39084343535,126937.10093715039,142804.2385542942,r2,-224183.17395448056,-104433.78573761908,119749.38821686148,0.05837405824175947
261,w99759140,160.4533356629312,ab,54087.72543979606,60097.4727108845,67609.65679974506,r2,-106137.93823477656,-49443.43727818728,56694.50095658928,0.05837405824175947
262,w99759142,128.98004897348582,sfh,50447.45984022519,56052.73315580576,63059.32480028148,r2,-98994.53772710511,-46115.74615446522,52878.79157263989,0.05837405824175947
263,w99759148,518.2482564277947,ab,122067.53269869335,135630.59188743704,152584.41587336667,r2,-239536.71818694874,-111586.10105371953,127950.61713322921,0.05837405824175947
264,w99759152,155.39786574579776,ab,44876.1750923536,49862.41676928178,56095.218865442,r1,-95664.90362421074,-44564.665007951764,51100.238616258976,0.06341394372563056
265,w99759159,71.9146042395383,sfh,34070.300398334104,37855.889331482336,42587.87549791763,r1,-72629.45198308343,-33833.799802397865,38795.65218068557,0.06341394372563056
266,w99759161,242.4930030848831,mfh,71934.50220725962,79927.2246747329,89918.12775907452,r2,-141159.19444092474,-65757.78550682712,75401.40893409762,0.05837405824175947
267,w99759162,714.1891373082996,mfh,155025.33407488256,172250.37119431395,193781.6675936032,r2,-304210.78348321706,-141713.95301866083,162496.83046455623,0.05837405824175947
268,w99759164,595.7694656141102,mfh,71961.73720566227,79957.48578406918,89952.17150707783,r2,-141212.6384812274,-65782.68194912236,75429.95653210503,0.05837405824175947
269,w99759165,160.50856082765387,mfh,63770.821559896285,70856.46839988476,79713.52694987036,r2,-125139.3632264887,-58295.08618336704,66844.27704312166,0.05837405824175947
270,w99759170,93.69908212199807,sfh,47013.36803003878,52237.07558893198,58766.71003754847,r1,-100220.8702588278,-46687.02252013486,53533.84773869294,0.06341394372563056
271,w99759172,204.59550149962305,other,61730.81695510983,68589.7966167887,77163.52119388728,nr2,-113206.03322273964,-52738.54980792314,60467.4834148165,0.05837405824175947
272,w99759176,41.50382452430203,sfh,14493.422515544977,16103.802795049975,18116.77814443122,r1,-30896.39135423603,-14392.815740083444,16503.575614152585,0.06341394372563056
273,w99759177,360.73507672324774,ab,106008.57950246714,117787.31055829681,132510.72437808392,r2,-208023.76088292178,-96906.06341755099,111117.69746537079,0.05837405824175947
274,w99759180,347.1465133147314,education,74374.97687321722,82638.86319246358,92968.72109152153,nr2,-136393.72550297948,-63540.84743676173,72852.87806621775,0.05837405824175947
275,w99759183,128.67689446713774,sfh,42546.20900035321,47273.56555594801,53182.76125044151,r1,-90697.99231369497,-42250.872485389475,48447.11982830549,0.06341394372563056
276,w99759189,171.2441471248865,ab,57837.994960024385,64264.43884447154,72297.49370003048,r2,-113497.20267906933,-52871.686743144,60625.51593592534,0.05837405824175947
277,w99759190,369.99921465907244,other,75198.04717388457,83553.38574876063,93997.5589673557,nr2,-137903.1259677385,-64244.02189950588,73659.10406823263,0.05837405824175947
278,w99759195,184.4751641433686,sfh,51261.17835256776,56956.864836186396,64076.4729407097,r2,-100591.32155377281,-46859.59404046835,53731.72751330446,0.05837405824175947
279,w155463247,886.8482149265707,mfh,186269.900882997,206966.55653666332,232837.37610374624,r2,-365522.91807728936,-170275.67874662974,195247.23933065962,0.05837405824175947
280,w155463249,403.549402025342,trade,87242.84372721925,96936.49303024361,109053.55465902406,nr2,-159991.66627928996,-74534.26483305192,85457.40144623804,0.05837405824175947
281,w155463253,721.7602650925515,mfh,85711.09171490726,95234.54634989696,107138.86464363408,r2,-168193.402190632,-78351.43653744581,89841.9656531862,0.05837405824175947
282,w155463254,852.2730644002556,mfh,87014.59305688317,96682.88117431464,108768.24132110395,r2,-170751.30130357554,-79543.01163734082,91208.28966623472,0.05837405824175947
283,w155463255,713.9319995328784,mfh,71073.4939418158,78970.54882423978,88841.86742726975,r2,-139469.6125375587,-64970.70844225621,74498.90409530251,0.05837405824175947
284,w155463260,725.1058137452229,mfh,121068.10069432911,134520.1118825879,151335.12586791138,r2,-237575.50329971628,-110672.48612131496,126903.01717840132,0.05837405824175947
285,w155463261,1003.1358517257496,mfh,156542.2147043533,173935.7941159481,195677.76838044162,r2,-307187.4030628202,-143100.58541356926,164086.81764925094,0.05837405824175947
286,w155463268,907.8277638942003,mfh,159567.24377622348,177296.93752913718,199459.05472027932,r2,-313123.5067938957,-145865.86781292228,167257.6389809734,0.05837405824175947
287,w155463269,646.430608794326,mfh,131879.48496798522,146532.76107553914,164849.35620998152,r2,-258791.00139913263,-120555.54176616539,138235.45963296725,0.05837405824175947
288,w155463275,531.2511221051216,mfh,123394.95860740752,137105.50956378612,154243.6982592594,r2,-242141.56518254234,-112799.54641725222,129342.01876529012,0.05837405824175947
289,w155463277,722.3371928531676,mfh,151532.00259406594,168368.89177118437,189415.0032425824,r2,-297355.7161286614,-138520.57939166433,158835.13673699708,0.05837405824175947
290,w155463281,852.691491766274,mfh,129551.36276085915,143945.95862317682,161939.20345107393,r2,-254222.458554823,-118427.32573585513,135795.13281896786,0.05837405824175947
291,w155463286,75.58565192222595,sfh,21335.71807363871,23706.35341515412,26669.647592048386,r1,-45482.47280583756,-21187.6151810857,24294.85762475186,0.06341394372563056
292,w155463289,870.3151384696364,mfh,189460.16018468578,210511.2890940953,236825.2002308572,r2,-371783.2579596247,-173192.0037427654,198591.2542168593,0.05837405824175947
293,w155463294,520.8021583877504,mfh,73954.39748668816,82171.55276298684,92442.9968583602,r2,-145122.8944979244,-67604.24077454022,77518.65372338418,0.05837405824175947
294,w155463296,531.2875348292291,mfh,149851.71086067607,166501.90095630675,187314.63857584508,r2,-294058.430122182,-136984.56732509306,157073.86279708895,0.05837405824175947
295,w155463300,903.6974393147975,mfh,145780.16516082495,161977.9612898055,182225.20645103118,r2,-286068.71595881094,-133262.62833063607,152806.08762817486,0.05837405824175947
296,w155463302,619.062746527791,mfh,162906.195564221,181006.88396024556,203632.74445527626,r2,-319675.63032583904,-148918.11768962495,170757.5126362141,0.05837405824175947
297,w155463304,1087.9011799693108,mfh,132782.97083749846,147536.6342638872,165978.71354687307,r2,-260563.9383572809,-121381.44905950739,139182.4892977735,0.05837405824175947
298,w155463308,740.3594694465398,mfh,147385.4815572954,163761.64617477267,184231.85194661922,r2,-289218.8756512444,-134730.10288082546,154488.77277041896,0.05837405824175947
299,w155463310,722.3160033598542,mfh,78437.63363840502,87152.92626489447,98047.04204800627,r2,-153920.48097237304,-71702.5200730004,82217.96089937264,0.05837405824175947
300,w155463313,774.0583199881017,mfh,118627.44188251636,131808.2687583515,148284.30235314544,r2,-232786.12655824682,-108441.39653679101,124344.7300214558,0.05837405824175947
301,w155463314,1101.9502923069522,mfh,201931.4964824973,224368.329424997,252414.37060312164,r2,-396256.1288544382,-184592.4782312402,211663.650623198,0.05837405824175947
302,w155463317,740.3064833164215,mfh,143289.21159194486,159210.23510216095,179111.51448993105,r2,-281180.6443327675,-130985.56259077817,150195.08174198936,0.05837405824175947
303,w155463319,828.4481069911271,mfh,145828.4042201316,162031.56024459066,182285.5052751645,r2,-286163.37688706326,-133306.7253024313,152856.65158463197,0.05837405824175947
304,w155463321,781.2118542082608,mfh,143438.5743173969,159376.19368599655,179298.21789674612,r2,-281473.7432124062,-131122.10015983914,150351.64305256703,0.05837405824175947
305,w155463324,722.1055689860135,mfh,160134.95033012077,177927.7225890231,200168.68791265096,r2,-314237.5341016275,-146384.82776477459,167852.7063368529,0.05837405824175947
306,w155463327,780.4636536210775,mfh,144237.2233375608,160263.58148617868,180296.529171951,r2,-283040.9557302957,-131852.17250831888,151188.7832219768,0.05837405824175947
307,w155463330,867.026127423346,mfh,92798.36038612344,103109.28931791494,115997.9504826543,r2,-182100.95844969677,-84830.15090691923,97270.80754277755,0.05837405824175947
308,w155463331,701.7002469789237,mfh,161247.17579186105,179163.5286576234,201558.9697398263,r2,-316420.0869156246,-147401.55104920943,169018.5358664152,0.05837405824175947
309,w155463336,356.26551316827533,mfh,82538.53583434132,91709.48426037925,103173.16979292665,r2,-161967.8022534949,-75451.29484324747,86516.50741024745,0.05837405824175947
310,w155463337,437.0872274041176,trade,59172.9222938284,65747.69143758711,73966.15286728549,nr2,-108515.19771645004,-50553.26113605104,57961.936580399,0.05837405824175947
311,w155463339,868.4495440013707,mfh,96284.55889755068,106982.84321950076,120355.69862193835,r2,-188942.02856812676,-88017.00404295881,100925.02452516794,0.05837405824175947
312,w155463342,722.9579402044416,mfh,125130.04950329757,139033.3883369973,156412.56187912196,r2,-245546.3852011746,-114385.65227001882,131160.73293115577,0.05837405824175947
313,w155463343,844.8904670208692,mfh,182362.7691744811,202625.29908275677,227953.46146810136,r2,-357855.838336338,-166704.03619747775,191151.80213886025,0.05837405824175947
314,w155463347,1083.6851687338203,mfh,195710.88465394767,217456.5385043863,244638.60581743458,r2,-384049.238868354,-178906.0044837133,205143.2343846407,0.05837405824175947
315,w155463348,740.608741542697,mfh,144820.76491530155,160911.9610170017,181025.95614412692,r2,-284186.0565721606,-132385.6077963373,151800.44877582332,0.05837405824175947
316,w155463352,356.4181080274284,mfh,38492.77211566138,42769.74679517931,48115.965144576716,r1,-82057.06763321931,-38225.57272386978,43831.49490934953,0.06341394372563056
317,w155463353,722.1394314199686,mfh,96023.96050529758,106693.28945033065,120029.95063162198,r2,-188430.64866009515,-87778.78215144103,100651.86650865412,0.05837405824175947
318,w155463354,696.3946817303076,mfh,187294.1777654443,208104.64196160476,234117.72220680537,r2,-367532.88680125616,-171212.00523070697,196320.8815705492,0.05837405824175947
319,w155463358,865.4375973489136,mfh,190927.28764734967,212141.4307192774,238659.10955918708,r2,-374662.2454331892,-174533.15506849586,200129.09036469334,0.05837405824175947
320,w155463359,1101.9756921548396,mfh,200634.12279915024,222926.80311016692,250792.65349893778,r2,-393710.25422667665,-183406.5046333979,210303.74959327874,0.05837405824175947
321,w155463364,740.593882034719,mfh,143564.7779021287,159516.4198912541,179455.97237766086,r2,-281721.39622743597,-131237.46716732986,150483.9290601061,0.05837405824175947
322,w155463365,603.6562003400177,mfh,105728.02317289257,117475.58130321397,132160.0289661157,r2,-207473.2169260881,-96649.59729383206,110823.61963225603,0.05837405824175947
323,w155463369,722.4004129424691,mfh,174449.9518470026,193833.2798300029,218062.43980875326,r2,-342328.28361041774,-159470.65960336648,182857.62400705126,0.05837405824175947
324,w155463370,696.1379145577084,mfh,133103.75935795248,147893.06595328054,166379.69919744058,r2,-261193.43112839528,-121674.69280310471,139518.73832529056,0.05837405824175947
325,w155463373,865.3327697202564,mfh,171854.26793553864,190949.18659504293,214817.83491942327,r2,-337234.69654548157,-157097.8562801186,180136.84026536296,0.05837405824175947
326,w155463376,746.0008564919234,mfh,156453.43080105938,173837.14533451042,195566.78850132422,r2,-307013.179791876,-143019.42501501058,163993.75477686542,0.05837405824175947
327,w155463378,701.7079005709849,mfh,149021.482669433,165579.42518825887,186276.85333679125,r2,-292429.24886587256,-136225.62737769223,156203.62148818033,0.05837405824175947
328,w155463380,903.4881653226912,mfh,140684.60308128386,156316.22564587096,175855.75385160482,r2,-276069.5442637136,-128604.60098657015,147464.94327714344,0.05837405824175947
329,w155463382,654.6620004437864,mfh,150368.7714173962,167076.41268599578,187960.96427174524,r2,-295073.07329651713,-137457.23004102986,157615.84325548727,0.05837405824175947
330,w155463388,654.8312545590103,mfh,81045.45395849762,90050.50439833068,101306.81744812202,r2,-159037.8836697645,-74086.41770191438,84951.46596785012,0.05837405824175947
331,w155463390,658.415929133445,mfh,127909.41103823822,142121.5678202647,159886.76379779776,r2,-251000.40828180866,-116926.36158269283,134074.04669911583,0.05837405824175947
332,w155463392,746.3197361536323,mfh,126699.30992433419,140777.01102703798,158374.1374054177,r2,-248625.79119001876,-115820.16682151404,132805.62436850474,0.05837405824175947
333,w155463395,740.6091377854347,mfh,81203.21252281987,90225.79169202207,101504.01565352484,r2,-159347.45795154278,-74230.63019406005,85116.82775748272,0.05837405824175947
334,w155463397,721.9107812985777,mfh,108201.45876259069,120223.8430695452,135251.82345323835,r2,-212326.91250512082,-98910.64925056482,113416.263254556,0.05837405824175947
335,w155463400,957.7393607803388,mfh,132263.3739372203,146959.30437468924,165329.2174215254,r2,-259544.31804120587,-120906.4677852913,138637.85025591456,0.05837405824175947
336,w155463402,519.368776667118,mfh,124641.24892632537,138490.27658480595,155801.5611579067,r2,-244587.19741825433,-113938.82296683491,130648.37445141943,0.05837405824175947
337,w155463405,658.592996231094,mfh,123848.16417723722,137609.07130804137,154810.20522154652,r2,-243030.90383354155,-113213.8371086022,129817.06672493936,0.05837405824175947
338,w155463406,932.8967588515952,mfh,161116.41015993198,179018.23351103553,201395.51269991498,r2,-316163.4816608821,-147282.01371855155,168881.46794233058,0.05837405824175947
339,w155463408,740.3845857441426,mfh,81123.65596148898,90137.39551276554,101404.56995186122,r2,-159191.3417657714,-74157.90482396459,85033.4369418068,0.05837405824175947
340,w155463411,886.3585438661277,mfh,157728.79737860002,175254.21930955557,197160.99672325002,r2,-309515.8692271043,-144185.28116574697,165330.58806135732,0.05837405824175947
341,w155463413,436.59599217027426,trade,59864.86027475999,66516.51141639998,74831.07534344998,nr2,-109784.11910646463,-51144.40519458327,58639.71391188136,0.05837405824175947
342,w155463416,722.4005093876273,mfh,103424.16434320562,114915.73815911735,129280.20542900701,r2,-202952.2868226557,-94543.56124559378,108408.72557706192,0.05837405824175947
343,w155463417,828.3400002270937,mfh,134317.1610003945,149241.2900004383,167896.45125049312,r2,-263574.52494464087,-122783.90469015494,140790.62025448593,0.05837405824175947
344,w155463421,509.4774500131606,mfh,62634.51134401355,69593.90149334838,78293.13918001692,r2,-122909.54818937545,-57256.3462025169,65653.20198685855,0.05837405824175947
345,w155463422,674.0859733853489,mfh,126316.10423077179,140351.22692307975,157895.13028846472,r2,-247873.81535994224,-115469.86540801892,132403.94995192334,0.05837405824175947
346,w155463424,701.7858467099256,mfh,151693.48439581433,168548.31599534926,189616.8554947679,r2,-297672.59662900877,-138668.19542231446,159004.4012066943,0.05837405824175947
347,w155463427,540.3469697440042,mfh,91584.2108942519,101760.23432694655,114480.26361781487,r2,-179718.39710646766,-83720.25538516145,95998.14172130621,0.05837405824175947
348,w155463430,521.3457492198795,mfh,65819.9805171453,73133.31168571701,82274.97564643163,r2,-129160.48826122179,-60168.29237852406,68992.19588269774,0.05837405824175947
349,w155463434,634.5610695700626,mfh,121424.36431178215,134915.9603464246,151780.45538972766,r2,-238274.60989954206,-110998.15886278838,127276.45103675369,0.05837405824175947
350,w155463435,740.6094772338867,mfh,133111.18185755896,147901.3131750655,166388.97732194868,r2,-261207.99651820183,-121681.47796352243,139526.5185546794,0.05837405824175947
351,w155463436,830.3215000247583,mfh,147370.27277477682,163744.7475275298,184212.84096847102,r2,-289189.03100892564,-134716.20001324467,154472.83099568097,0.05837405824175947
352,w155463437,634.6341266736388,mfh,122154.47621327543,135727.19579252825,152693.09526659426,r2,-239707.33000886565,-111665.57909009524,128041.75091877041,0.05837405824175947
353,w155463439,740.3900625675916,mfh,190314.9551668896,211461.06129654398,237893.69395861198,r2,-373460.64735411,-173973.40103290186,199487.24632120816,0.05837405824175947
354,w155463441,304.4361848443746,mfh,36817.49098632539,40908.32331813932,46021.863732906735,r1,-78485.78270415474,-36561.92063744848,41923.862066706264,0.06341394372563056
355,w155463442,681.7836883433163,mfh,140478.59578651958,156087.3286516884,175598.24473314948,r2,-275665.2900757289,-128416.28268191406,147249.00739381486,0.05837405824175947
356,w155463445,701.5969566701912,mfh,129101.85554045986,143446.50615606652,161377.31942557482,r2,-253340.37728394527,-118016.41583204262,135323.96145190264,0.05837405824175947
357,w155463446,527.3302180506289,mfh,100434.10414036695,111593.44904485217,125542.63017545869,r2,-197084.80353422643,-91810.24508384072,105274.55845038571,0.05837405824175947
358,w155463447,540.1562461696565,mfh,128549.57621013428,142832.86245570474,160686.97026266783,r2,-252256.62327185084,-117511.55843219897,134745.06483965187,0.05837405824175947
359,w155463448,488.2503870327026,mfh,106011.60874297086,117790.67638107872,132514.51092871357,r2,-208029.70525086968,-96908.83254976406,111120.87270110562,0.05837405824175947
360,w155463452,416.2699146196246,mfh,40700.76121869014,45223.06802076682,50875.95152336267,r1,-86763.95417847093,-40418.234966478114,46345.719211992815,0.06341394372563056
361,w155463453,826.68092449978,mfh,157513.59483929275,175015.10537699194,196891.99354911593,r2,-309093.5709396604,-143988.55717397569,165105.01376568474,0.05837405824175947
362,w155463454,830.106713430956,mfh,128563.67585865571,142848.52873183967,160704.59482331964,r2,-252284.29142782764,-117524.4474025087,134759.84402531895,0.05837405824175947
363,w155463458,653.3753796381876,mfh,110066.935375623,122296.59486180333,137583.66921952873,r2,-215987.59226050877,-100615.94514090604,115371.64711960273,0.05837405824175947
364,w155463459,716.456727950275,mfh,159939.53149426932,177710.59054918814,199924.41436783664,r2,-313854.0579587344,-146206.1887320766,167647.8692266578,0.05837405824175947
365,w155463463,389.00259175430983,mfh,37000.96483362116,41112.18314846796,46251.206042026446,r1,-78876.90355799292,-36744.1208923862,42132.78266560672,0.06341394372563056
366,w155463464,681.5525098629297,mfh,147409.13455167686,163787.92727964095,184261.41818959606,r2,-289265.2906194523,-134751.7248908958,154513.5657285565,0.05837405824175947
367,w155463468,854.9059582386632,mfh,161158.33487353215,179064.81652614684,201447.91859191516,r2,-316245.75176239636,-147320.33853125983,168925.41323113654,0.05837405824175947
368,w155463469,716.6904537379742,mfh,100679.18201464991,111865.75779405545,125848.97751831239,r2,-197565.7270722722,-92034.27913975362,105531.44793251857,0.05837405824175947
369,w155463470,608.2978411447257,mfh,64367.74654988399,71519.71838875998,80459.68318735498,r2,-126310.72673277311,-58840.75570565248,67469.97102712063,0.05837405824175947
370,w155463473,376.1376306014136,mfh,43550.29606288637,48389.217847651526,54437.870078607964,r1,-92838.45753538271,-43247.9896302558,49590.46790512691,0.06341394372563056
371,w155463474,720.4433401308954,mfh,113607.86032097694,126230.95591219659,142009.82540122117,r2,-222936.05367366766,-103852.82557946781,119083.22809419985,0.05837405824175947
372,w155463478,851.8925360153429,mfh,87684.85616685112,97427.61796316791,109606.0702085639,r2,-172066.57836483806,-80155.72204008221,91910.85632475585,0.05837405824175947
373,w155463479,376.5337288361043,mfh,73343.18571827096,81492.42857585663,91678.9821478387,r2,-143923.49562512766,-67045.51122010437,76877.9844050233,0.05837405824175947
374,w155463480,664.0854127705097,mfh,73172.86575571459,81303.18417301621,91466.08219464324,r2,-143589.2717412618,-66889.81592477803,76699.45581648377,0.05837405824175947
375,w155463484,531.1159037780716,mfh,68085.21955592721,75650.24395103024,85106.52444490901,r2,-133605.63361037968,-62239.02475677467,71366.60885360501,0.05837405824175947
376,w155463485,716.6882258921862,mfh,156635.6177374834,174039.57526387044,195794.52217185425,r2,-307370.69058842224,-143185.96831648503,164184.7222719372,0.05837405824175947
377,w155463490,790.5601109853014,mfh,123664.69792456762,137405.21991618624,154580.87240570952,r2,-242670.88259701003,-113046.12434045055,129624.75825655948,0.05837405824175947
378,w155463491,681.5525530032813,mfh,145223.38843852136,161359.32048724595,181529.2355481517,r2,-284976.1365818467,-132753.65971116963,152222.47687067706,0.05837405824175947
379,w155463494,531.001435648324,mfh,121396.79106492685,134885.32340547428,151745.98883115855,r2,-238220.5021043286,-110972.95321602913,127247.54888829947,0.05837405824175947
380,w155463495,716.4590312853455,mfh,194715.2919888105,216350.32443201166,243394.1149860131,r2,-382095.5580296774,-177995.89922243502,204099.6588072424,0.05837405824175947
381,w155463496,611.941689690575,mfh,117319.52164410007,130355.02404900007,146649.40205512507,r2,-230219.55611454122,-107245.78197272531,122973.77414181591,0.05837405824175947
382,w155463500,1108.025532820262,mfh,189211.96397521914,210235.51552802126,236514.9549690239,r2,-371296.21522051387,-172965.11911014927,198331.0961103646,0.05837405824175947
383,w155463502,540.1563036605716,mfh,128339.86474938868,142599.84972154297,160424.83093673585,r2,-251845.10028975544,-117319.85402289759,134525.24626685784,0.05837405824175947
384,w155463507,1267.198863344267,mfh,243694.52630388393,270771.69589320436,304618.1578798549,r2,-478208.9535228254,-222769.4902747435,255439.46324808188,0.05837405824175947
385,w155463508,530.6506136165466,mfh,129287.7332827833,143653.03698087033,161609.66660347913,r2,-253705.13065771954,-118186.33302525514,135518.79763246438,0.05837405824175947
386,w155463511,1747.3368958860635,mfh,363833.3623965188,404259.2915516876,454791.7029956485,r2,-713960.9334982308,-332592.50388311554,381368.4296151152,0.05837405824175947
387,w155463513,612.2091895099729,mfh,81863.33408033723,90959.26008926358,102329.16760042153,r2,-160642.83394544007,-74834.06985730525,85808.76408813482,0.05837405824175947
388,w155463514,830.106801855378,mfh,139422.1532182098,154913.50357578867,174277.69152276224,r2,-273592.2016780912,-127450.55244571892,146141.6492323723,0.05837405824175947
389,w155463518,691.345141955465,mfh,147043.30734450815,163381.45260500905,183804.13418063518,r2,-288547.41710557544,-134417.30974540344,154130.107360172,0.05837405824175947
390,w155463519,507.32179623667616,mfh,120511.05663182377,133901.17403535973,150638.8207897797,r2,-236482.39931319252,-110163.27311703867,126319.12619615385,0.05837405824175947
391,w155463522,1139.1653657640795,mfh,129564.6746402093,143960.74960023255,161955.84330026162,r2,-254248.58084813022,-118439.49457945788,135809.08626867234,0.05837405824175947
392,w155463523,446.09937440417707,mfh,52022.345619720814,57802.60624413424,65027.93202465102,r2,-102084.9825226991,-47555.40303827103,54529.57948442806,0.05837405824175947
393,w155463528,681.6119319483638,mfh,145299.12111785548,161443.46790872831,181623.90139731934,r2,-285124.74905124085,-132822.88954012102,152301.85951111984,0.05837405824175947
394,w155463529,691.3949336603283,mfh,83645.16797269836,92939.0755252204,104556.45996587294,r2,-164139.37912411583,-76462.90507972863,87676.4740443872,0.05837405824175947
395,w155463531,507.3216828555101,mfh,113942.75365584018,126603.0596176002,142428.44206980022,r2,-223593.22473793288,-104158.96301568937,119434.26172224351,0.05837405824175947
396,w155463534,640.8467616457492,mfh,122260.31843807886,135844.79826453206,152825.39804759857,r2,-239915.02732701827,-111762.33308300028,128152.69424401798,0.05837405824175947
397,w155463535,684.7868416263722,mfh,116742.79895402241,129714.2210600249,145928.498692528,r2,-229087.8361769707,-106718.58006282985,122369.25611414087,0.05837405824175947
398,w155463536,691.6131192699074,mfh,136389.13351476841,151543.481683076,170486.4168934605,r2,-267640.41769510525,-124677.96553711372,142962.45215799153,0.05837405824175947
399,w155463537,507.3215693686623,mfh,116962.91242618492,129958.79158464991,146203.64053273114,r2,-229519.77133273968,-106919.79330606495,122599.97802667473,0.05837405824175947
400,w155463538,643.413233704865,mfh,67471.69315381986,74968.54794868872,84339.61644227481,r2,-132401.6926636531,-61678.179316622576,70723.51334703053,0.05837405824175947
401,w155463539,710.019569536671,mfh,142524.36317914963,158360.40353238847,178155.45397393702,r2,-279679.75974322075,-130286.38853200848,149393.37121121227,0.05837405824175947
402,w155463540,840.6794232809916,mfh,134223.12657489546,149136.8073054394,167778.90821861933,r2,-263389.99841917865,-122697.94460990852,140692.05380927015,0.05837405824175947
403,w155463541,696.2558067506179,mfh,141763.63774080755,157515.15304534172,177204.54717600942,r2,-278186.96578799613,-129590.98342501328,148595.98236298285,0.05837405824175947
404,w155463542,640.557884996757,mfh,65685.4859572708,72983.87328585643,82106.85744658849,r2,-128896.56562123644,-60045.34630746372,68851.21931377272,0.05837405824175947
405,w155463543,587.0278481058776,mfh,137426.15151832922,152695.72390925468,171782.6893979115,r2,-269675.3886966646,-125625.93911519441,144049.44958147017,0.05837405824175947
406,w155463544,825.5248426020145,mfh,98226.61890138821,109140.68766820912,122783.27362673526,r2,-192752.99016910908,-89792.30742666454,102960.68274244454,0.05837405824175947
407,w155463545,709.4769112125038,mfh,121865.120671904,135405.68963544889,152331.40083988,r2,-239139.51909930626,-111401.06930632151,127738.44979298474,0.05837405824175947
408,w155463546,647.0489746004342,mfh,129916.9711354388,144352.19015048756,162396.2139192985,r2,-254939.90264705886,-118761.54083900328,136178.36180805558,0.05837405824175947
409,w155463547,586.4484846569597,mfh,65038.9578364076,72265.50870711956,81298.6972955095,r2,-127627.86442884474,-59454.33286896991,68173.53155987483,0.05837405824175947
410,w155463548,500.40091222245246,mfh,58521.66054916764,65024.06727685293,73152.07568645955,r2,-114838.77982034693,-53496.64880988286,61342.131010464065,0.05837405824175947
411,w155463549,672.5395986035466,mfh,150879.72380106986,167644.1375567443,188599.6547513373,r2,-296075.73022280325,-137924.30906735035,158151.4211554529,0.05837405824175947
412,w155463551,586.1050742082298,mfh,118233.46909210505,131370.52121345006,147791.8363651313,r2,-232013.02213659018,-108081.25255229876,123931.76958429143,0.05837405824175947
413,w155463552,667.035758360289,mfh,140953.13018079853,156614.58908977613,176191.41272599815,r2,-276596.4829077572,-128850.0707802135,147746.4121275437,0.05837405824175947
414,w155463553,817.6307530952618,mfh,145465.79989078068,161628.66654531186,181832.24986347582,r2,-285451.8277213446,-132975.25629963476,152476.57142170984,0.05837405824175947
415,w155463556,732.9133296664804,mfh,111950.57145246182,124389.52383606869,139938.21431557726,r2,-219683.9068670982,-102337.84121737862,117346.06564971959,0.05837405824175947
416,w155463558,710.1379440590739,mfh,170426.45641544508,189362.72935049454,213033.07051930635,r2,-334432.8599051282,-155792.64500039123,178640.21490473696,0.05837405824175947
417,w155463561,654.0662793286144,mfh,66767.48224207119,74186.09138007909,83459.35280258898,r2,-131019.79883011353,-61034.436068731404,69985.36276138213,0.05837405824175947
418,w155463562,586.3292756803334,mfh,121242.91613734883,134714.35126372092,151553.64517168602,r2,-237918.5487974302,-110832.29088888325,127086.25790854696,0.05837405824175947
419,w155463566,653.8032613813876,mfh,132855.68745823152,147617.43050914613,166069.6093227894,r2,-260706.63232596323,-121447.92180627317,139258.71051969007,0.05837405824175947
420,w155463567,133.41999841853976,sfh,64165.75550151626,71295.28389057361,80207.19437689532,r2,-125914.35374349855,-58656.10878900887,67258.24495448968,0.05837405824175947
421,w155463569,886.7166110530495,mfh,185351.85354723278,205946.50394136974,231689.81693404095,r2,-363721.4067246182,-169436.46031961727,194284.94640500096,0.05837405824175947
422,w155463572,311.3570919752121,mfh,35890.06917924034,39877.854643600374,44862.58647405042,r1,-76508.74884128214,-35640.93657254638,40867.81226873576,0.06341394372563056
423,w155463574,863.4385226266459,mfh,143979.5524771122,159977.28053012467,179974.44059639025,r2,-282535.32060423295,-131616.6267736182,150918.69383061476,0.05837405824175947
424,w155463577,931.9227139726281,mfh,104741.59050899002,116379.54500998891,130926.98813623752,r2,-205537.5110278877,-95747.86550255699,109789.6455253307,0.05837405824175947
425,w155463578,931.2066993936896,mfh,190645.967927451,211828.85325272335,238307.45990931377,r2,-374110.20345301635,-174275.99110360688,199834.21234940947,0.05837405824175947
426,w155463581,136.57608463019133,sfh,46033.7954308567,51148.661589840776,57542.24428857087,r1,-98132.66380850492,-45714.24967031691,52418.41413818801,0.06341394372563056
427,w155463583,949.1963916398585,mfh,203597.78521864722,226219.76135405246,254497.23152330902,r2,-399525.9363666,-186115.68967973941,213410.24668686057,0.05837405824175947
428,w155463586,949.1754787907004,mfh,101711.11223859426,113012.34693177139,127138.89029824281,r2,-199590.71417389318,-92977.60180470557,106613.11236918761,0.05837405824175947
429,w155463589,722.9646147996187,mfh,79863.38270239974,88737.09189155528,99829.22837799968,r2,-156718.27039431868,-73005.8459911613,83712.42440315738,0.05837405824175947
430,w155463591,591.1442194825038,mfh,190912.6672966541,212125.18588517123,238640.83412081763,r2,-374633.55548798485,-174519.79010654334,200113.7653814415,0.05837405824175947
431,w155463593,535.6290349200369,mfh,124635.87387943457,138484.30431048284,155794.8423492932,r2,-244576.64980527438,-113933.90945287861,130642.74035239578,0.05837405824175947
432,w155463596,724.8313003255054,mfh,124750.0851810797,138611.20575675523,155937.6064763496,r2,-244800.77000964896,-114038.31390478402,130762.45610486493,0.05837405824175947
433,w155463597,752.1160736689344,mfh,96345.81377389302,107050.90419321446,120432.26721736627,r2,-189062.23081787815,-88072.99921768263,100989.23160019552,0.05837405824175947
434,w155463600,535.4490051213652,mfh,64489.169061256325,71654.6322902848,80611.4613265704,r2,-126548.99770659495,-58951.75217068002,67597.24553591493,0.05837405824175947
435,w155463601,907.8308945208788,mfh,178349.14469125378,198165.7163236153,222936.43086406722,r2,-349979.78468397027,-163035.04496552932,186944.73971844095,0.05837405824175947
436,w155463605,389.4215188790113,mfh,42998.73447932191,47776.37164369101,53748.41809915238,r1,-91662.66468704118,-42700.25673741855,48962.407949622626,0.06341394372563056
437,w155463606,690.2915003947913,mfh,150889.27825945674,167654.75362161858,188611.59782432092,r2,-296094.4792181784,-137933.04312410974,158161.4360940687,0.05837405824175947
438,w155463610,725.1058211326599,mfh,121676.56395498163,135196.1821722018,152095.70494372703,r2,-238769.5086946954,-111228.70317092339,127540.80552377201,0.05837405824175947
439,w155463611,1002.8680375270545,mfh,112403.2420384642,124892.49115384911,140504.05254808025,r2,-220572.19570356075,-102751.64286173879,117820.55284182196,0.05837405824175947
440,w155463612,535.6290688522159,mfh,63516.22491576578,70573.58323973975,79395.28114470722,r2,-124639.76072574045,-58062.350694807516,66577.41003093292,0.05837405824175947
441,w155463616,543.6235096465331,mfh,122018.55650405756,135576.1738933973,152523.19563007195,r2,-239440.61075630787,-111541.33024134189,127899.28051496598,0.05837405824175947
442,w155463618,752.1486698825844,mfh,105934.48935557003,117704.98817285558,132418.1116944625,r2,-207878.37160335365,-96838.33508360364,111040.03651975,0.05837405824175947
443,w155463621,238.18491610530762,mfh,34948.383067365656,38831.5367415174,43685.47883420707,r1,-74501.30700936676,-34705.7872191986,39795.51979016816,0.06341394372563056
444,w155463623,73.76475410088896,mfh,22421.042859551795,24912.269843946437,28026.303574439742,r1,-47796.1167568131,-22265.406133846394,25530.710622966704,0.06341394372563056
445,w155463625,52.41574023310095,sfh,20553.391514291106,22837.10168254567,25691.73939286388,r1,-43814.74611681765,-20410.719178420582,23404.02693839707,0.06341394372563056
446,w155463626,98.3909645654261,mfh,25128.444148181297,27920.49349797922,31410.55518522662,r1,-53567.62653490326,-24954.01386883201,28613.61266607125,0.06341394372563056
447,w155463629,643.7923131911084,mfh,111830.1906569181,124255.76739657567,139787.73832114763,r2,-219447.68008295854,-102227.79702037151,117219.88306258703,0.05837405824175947
448,w155463631,546.7249739198014,mfh,62732.02766693095,69702.25296325661,78415.03458366368,r2,-123100.90734479441,-57345.489204123296,65755.41814067111,0.05837405824175947
449,w155463632,612.4270064728335,mfh,67447.16411095476,74941.2934566164,84308.95513869345,r2,-132353.55859967828,-61655.75648071049,70697.80211896778,0.05837405824175947
450,w155463633,683.6260891854763,mfh,139780.5863489692,155311.76260996578,174725.73293621148,r2,-274295.5655778393,-127778.20841340891,146517.35716443043,0.05837405824175947
451,w155463638,279.5906790524721,ab,74333.61459427596,82592.90510475107,92917.01824284495,r2,-145867.04340815224,-67950.89608535936,77916.14732279288,0.05837405824175947
452,w155463639,282.758548167441,other,56433.00137139599,62703.33485710666,70541.25171424498,nr2,-103490.55047748476,-48212.461788740424,55278.08868874434,0.05837405824175947
453,w155463640,56.80619836300611,sfh,27046.591334301986,30051.768149224426,33808.23916787748,r1,-57656.641815721014,-26858.846145858646,30797.795669862368,0.06341394372563056
454,w155463643,240.41873629689215,ab,75037.37822127706,83374.86469030785,93796.72277659632,r2,-147248.05952164484,-68594.23045498505,78653.82906665979,0.05837405824175947
455,w155463644,98.43792371228336,mfh,22355.05352604927,24838.948362276966,27943.816907561584,r1,-47655.44382252774,-22199.874868412433,25455.568954115308,0.06341394372563056
456,w155463645,98.39091195091605,mfh,20653.13311022937,22947.925678032632,25816.41638778671,r1,-44027.37052482753,-20509.768413369853,23517.602111457676,0.06341394372563056
457,w155463647,97.66299930792302,mfh,20488.666846367254,22765.185384852502,25610.833557959068,r1,-43676.76913668729,-20346.443799829573,23330.325336857717,0.06341394372563056
458,w155463653,376.11661268314344,mfh,49110.00769747382,54566.67521941535,61387.50962184227,r1,-104690.38735352435,-48769.10826450452,55921.27908901983,0.06341394372563056
459,w155463654,482.5493668295443,mfh,128100.40169958616,142333.77966620683,160125.50212448268,r2,-251375.19488732284,-117100.95266982564,134274.2422174972,0.05837405824175947
460,w155463656,73.78574474137277,mfh,31212.558598147167,34680.62066460796,39015.698247683955,r1,-66537.45342627363,-30995.895151601282,35541.558274672345,0.06341394372563056
461,w155463657,470.15250823192764,mfh,81792.30738490765,90880.34153878628,102240.38423113455,r2,-160503.4561670028,-74769.14192898154,85734.31423802125,0.05837405824175947
462,w155463660,49.947176152281465,mfh,13905.87916358521,15450.97684842801,17382.348954481513,r1,-29643.89427700954,-13809.350847992016,15834.543429017522,0.06341394372563056
463,w155463661,78.16354378722608,sfh,28288.13498176796,31431.261090853288,35360.168727209944,r1,-60303.30573339348,-28091.771559582223,32211.534173811255,0.06341394372563056
464,w155463663,104.99722011834383,sfh,34819.968665618944,38688.85407290994,43524.96083202368,r1,-74227.55927258263,-34578.264212073744,39649.295060508884,0.06341394372563056
465,w155463665,467.86907609552145,trade,91176.58615386307,101307.31794873675,113970.73269232883,nr2,-167205.62193071403,-77894.9828849442,89310.63904576983,0.05837405824175947
466,w155463667,587.3173447391018,mfh,146194.04394705163,162437.82660783513,182742.55493381454,r2,-286880.8825029209,-133640.96906582464,153239.9134370963,0.05837405824175947
467,w155463669,557.4523567564785,mfh,140665.8284842114,156295.3649824571,175832.28560526425,r2,-276032.7023183691,-128587.43848610949,147445.26383225963,0.05837405824175947
468,w155463671,449.48969881236553,mfh,64400.332306606986,71555.92478511887,80500.41538325873,r2,-126374.67072387786,-58870.54345889215,67504.12726498571,0.05837405824175947
469,w155576276,58.73152135126293,other,29597.66649141012,32886.2961015668,36997.08311426265,nr1,-58962.049048789406,-27468.26182327682,31493.787225512584,0.06341141352150521
470,w159548666,1258.4072781499474,other,172565.87823967956,191739.86471075506,215707.34779959943,nr2,-316462.6601219043,-147428.3771638633,169034.28295804097,0.05837405824175947
471,w159548667,15669.025621107221,trade,1971364.4926983076,2190404.9918870083,2464205.615872884,nr2,-3615217.897032233,-1684197.7737528523,1931020.1232793806,0.05837405824175947
472,w159548669,2256.2803165019486,trade,261494.21083095495,290549.1231455055,326867.76353869366,nr2,-479545.2867634983,-223402.6073625504,256142.67940094793,0.05837405824175947
473,w159548670,188.14899220019578,mfh,54902.009333985516,61002.23259331724,68627.51166748189,r2,-107735.83152691094,-50187.80199904817,57548.029527862775,0.05837405824175947
474,w159548671,318.3455893772654,other,44276.71471391971,49196.34968213301,55345.89339239964,nr1,-88204.4476526234,-41091.22564744923,47113.222005174175,0.06341141352150521
475,w159548672,170.00981159284711,ab,55824.92384522273,62027.693161358584,69781.1548065284,r2,-109546.89388150572,-51031.46967740669,58515.42420409903,0.05837405824175947
476,w159548674,118.95309109317604,trade,33383.24480259189,37092.494225102106,41729.056003239864,nr1,-66503.36836619952,-30981.48663220686,35521.88173399266,0.06341141352150521
477,w159548675,865.047436706489,mfh,193209.26924096223,214676.96582329136,241511.58655120278,r2,-379140.2451912922,-176619.19238798617,202521.05280330603,0.05837405824175947
478,w159548677,106.67055884185247,other,25288.07003564535,28097.855595161498,31610.087544556685,nr1,-50376.823666949334,-23468.719364956058,26908.104301993277,0.06341141352150521
479,w159872586,633.9711885744706,mfh,112918.80769710969,125465.34188567742,141148.50962138711,r2,-221583.90539533165,-103222.93904028487,118360.96635504678,0.05837405824175947
480,w159872589,1091.462102752924,mfh,200048.88086819276,222276.53429799195,250061.10108524095,r2,-392561.8167315649,-182871.51499442576,209690.30173713912,0.05837405824175947
481,w159872591,2692.1037788091226,mfh,426142.4340857789,473491.5934286432,532678.0426072236,r2,-836231.8618585322,-389551.35458130494,446680.50727722724,0.05837405824175947
482,w159872593,436.90541737405584,mfh,73718.42960653547,81909.36622948386,92148.03700816934,r2,-144659.8477699396,-67388.53447542837,77271.31329451123,0.05837405824175947
483,w159872596,218.88012801047884,mfh,53396.64036048387,59329.60040053763,66745.80045060483,r2,-104781.80160920045,-48811.692802060315,55970.10880714014,0.05837405824175947
484,w159872599,487.8712977081537,mfh,88953.80797896282,98837.56442106981,111192.25997370352,r2,-174556.67991674622,-81315.71423463333,93240.96568211289,0.05837405824175947
485,w159872601,629.8896718598901,mfh,127483.5024611991,141648.336067999,159354.37807649886,r2,-250164.6353245273,-116537.02400482562,133627.61131970168,0.05837405824175947
486,w159872603,453.131132603623,mfh,65570.2207830621,72855.800870069,81962.77597882763,r2,-128670.37737166027,-59939.97847465126,68730.39889700901,0.05837405824175947
487,w159872608,317.054659525305,mfh,90295.55495996469,100328.39439996076,112869.44369995585,r2,-177189.6295747012,-82542.25097950357,94647.37859519762,0.05837405824175947
488,w159872611,474.9952949794941,mfh,106389.89735925275,118210.99706583639,132987.37169906593,r2,-208772.03215523434,-97254.63909496638,111517.39306026796,0.05837405824175947
489,w159872613,461.6615135567263,mfh,117487.30554018391,130541.45060020433,146859.13192522989,r2,-230548.80340040018,-107399.15896306568,123149.6444373345,0.05837405824175947
490,w159872615,129.00588214695452,mfh,35300.25422503271,39222.50469448079,44125.31778129088,r1,-75251.40927002253,-35055.21584664115,40196.19342338138,0.06341394372563056
491,w159872617,185.93316667452453,mfh,49655.938212222434,55173.26468024715,62069.92276527804,r1,-105854.17615618996,-49311.24917685548,56542.92697933448,0.06341394372563056
492,w159872620,129.2747205838561,mfh,42371.2083776176,47079.12041957511,52964.010472022,r1,-90324.93427847415,-42077.0866377243,48247.847640749846,0.06341394372563056
493,w159872622,447.3657494872576,mfh,68473.34354301219,76081.4928255691,85591.67942876523,r2,-134367.26075283578,-62593.82215037103,71773.43860246474,0.05837405824175947
494,w159872625,238.36158968657256,mfh,48722.326522949574,54135.91835883286,60902.90815368696,r1,-103863.94699577418,-48384.11819712451,55479.82879864967,0.06341394372563056
495,w159872628,167.04002443812786,mfh,26306.856925514938,29229.84102834993,32883.57115689367,r1,-56079.71105505592,-26124.24663833361,29955.464416722312,0.06341394372563056
496,w159872630,195.52493976540862,mfh,34338.764195132855,38154.18243903651,42923.45524391607,r1,-73201.75038406097,-34100.400045098526,39101.350338962446,0.06341394372563056
497,w159872632,133.65780365467072,th,16477.88462317202,18308.760692413354,20597.355778965022,r1,-35126.77364241786,-16363.502610463398,18763.27103195446,0.06341394372563056
498,w159872635,49.369007284846155,th,22380.32681980364,24867.02979978182,27975.408524754548,r1,-47709.32023258948,-22224.972726407086,25484.347506182396,0.06341394372563056
499,w159872640,133.91130499513818,mfh,39635.3061200242,44039.229022249114,49544.132650030246,r1,-84492.66748525253,-39360.1757745941,45132.49171065843,0.06341394372563056
500,w159872643,87.82295271442271,other,35046.307894264784,38940.34210473865,43807.88486783098,nr1,-69816.38656007999,-32524.90061871005,37291.485941369945,0.06341141352150521
501,w159872648,133.79360626488923,mfh,37854.23601442721,42060.26223825246,47317.79501803401,r1,-80695.86662935848,-37591.46905107631,43104.39757828217,0.06341394372563056
502,w159872651,467.48304517045614,other,134999.97203711804,149999.96893013114,168749.96504639756,nr2,-247571.8299762086,-115334.6594218115,132237.1705543971,0.05837405824175947
503,w159872654,134.11286987382917,mfh,36431.14482459692,40479.049805107694,45538.93103074615,r1,-77662.18826342365,-36178.25631581002,41483.93194761364,0.06341394372563056
504,w159872660,131.42538360562176,mfh,32677.13716339124,36307.93018154582,40846.42145423905,r1,-69659.57261325468,-32450.307275709634,37209.265337545046,0.06341394372563056
505,w159872663,509.8066861014813,other,40789.69983623175,45321.88870692417,50987.12479528969,nr1,-81257.90197437657,-37855.084120217936,43402.81785415863,0.06341141352150521
506,w159872669,96.41428965386004,other,28697.887838121846,31886.542042357607,35872.3597976523,nr1,-57169.58364940957,-26633.217761992786,30536.365887416785,0.06341141352150521
507,w159872671,385.8471666022902,mfh,88774.61527216679,98638.46141351866,110968.26909020849,r2,-174205.04478527428,-81151.90806073458,93053.1367245397,0.05837405824175947
508,w159872676,450.3884779855609,trade,76847.61831763922,85386.24257515468,96059.52289704903,nr2,-140928.21805163167,-65653.30164368746,75274.91640794421,0.05837405824175947
509,w159872680,74.82275880910456,trade,25219.515671661942,28021.684079624378,31524.394589577427,nr1,-50240.25527319197,-23405.09714596893,26835.15812722304,0.06341141352150521
510,w159872682,128.20031198486686,mfh,40209.65990071562,44677.39988968402,50262.07487589452,r1,-85717.04765943115,-39930.54265144775,45786.505007983396,0.06341394372563056
511,w159872688,74.73616111706941,trade,23790.325404164127,26433.694893515694,29737.906755205157,nr1,-47393.139380568646,-22078.729998940555,25314.40938162809,0.06341141352150521
512,w159872690,271.2794532585889,mfh,86576.21769277228,96195.79743641363,108220.27211596534,r2,-169891.06440247977,-79142.27774358807,90748.7866588917,0.05837405824175947
513,w159872699,406.91918786983007,mfh,88840.55859697518,98711.73177441687,111050.69824621898,r2,-174334.44731567465,-81212.18910634278,93122.25820933188,0.05837405824175947
514,w159872700,406.7131608505966,mfh,63430.90905740524,70478.78784156138,79288.63632175654,r2,-124472.34290161332,-57984.36055457914,66487.98234703418,0.05837405824175947
515,w159872708,435.5580747295171,mfh,82901.00870076058,92112.23188973397,103626.26087595071,r2,-162679.09344562705,-75782.6436712878,86896.44977433924,0.05837405824175947
516,w159872710,142.59727319749075,mfh,21777.975412659216,24197.75045851024,27222.46926582402,r1,-46425.25604499348,-21626.802569943964,24798.45347504952,0.06341394372563056
517,w159872717,364.7500545413,mfh,92648.7452669225,102943.05029658055,115810.93158365312,r2,-181807.36429036362,-84693.38261611146,97113.98167425217,0.05837405824175947
518,w159872718,186.0198295045644,mfh,63209.79611897486,70233.10679886096,79012.24514871858,r2,-124038.44646372084,-57782.2336650902,66256.21279863064,0.05837405824175947
519,w159872719,169.79583046399057,mfh,62964.44540983133,69960.49489981259,78705.55676228915,r2,-123556.9875337845,-57557.95020151213,65999.03733227236,0.05837405824175947
520,w159872726,172.48843573874328,mfh,41050.78247638799,45611.98052931999,51313.478095484985,r1,-87510.11291002903,-40765.82653511928,46744.286374909745,0.06341394372563056
521,w159872727,172.59632431017235,mfh,21043.444879268325,23381.60542140925,26304.306099085406,r1,-44859.41865931457,-20897.37081486877,23962.047844445802,0.06341394372563056
522,w159872732,140.4957689295523,mfh,47225.41326906549,52472.681410072764,59031.766586331854,r1,-100672.89825171526,-46897.595837141256,53775.302414574006,0.06341394372563056
523,w159872736,118.37831126665697,mfh,36274.088174880875,40304.54241653431,45342.61021860109,r1,-77327.3823396187,-36022.28988223,41305.09245738871,0.06341394372563056
524,w159872737,187.97203346798193,mfh,61556.52722070218,68396.14135633575,76945.65902587771,r2,-120794.18816327407,-56270.92409510819,64523.26406816588,0.05837405824175947
525,w159872743,753.6066189933568,other,113283.89066886077,125870.98963206752,141604.86333607594,nr2,-207747.4513254227,-96781.93818202002,110965.51314340268,0.05837405824175947
526,w159872746,394.377677144669,mfh,44537.18740147157,49485.76377941285,55671.484251839465,r1,-94942.2657275699,-44228.03041610237,50714.235311467535,0.06341394372563056
527,w159872748,575.8923149108887,trade,55207.313642999135,61341.45960333237,69009.14205374892,nr2,-101242.80368672867,-47165.31878138278,54077.48490534589,0.05837405824175947
528,w159872750,127.08080641776323,mfh,24037.222862000235,26708.025402222484,30046.528577500292,r1,-51241.41270405952,-23870.367346637846,27371.045357421674,0.06341394372563056
529,w159872753,434.5401292324066,other,88884.54137689188,98760.60152987986,111105.67672111484,nr2,-163002.31943176125,-75936.81800725938,87065.50142450187,0.05837405824175947
530,w159872756,252.43327465518377,mfh,78579.29604288908,87310.32893654342,98224.12005361135,r2,-154198.46928515678,-71832.01851564764,82366.45076950915,0.05837405824175947
531,w159872759,386.07803563163617,mfh,89723.47994521554,99692.75549468394,112154.34993151942,r2,-176067.0299074498,-82019.29766837475,94047.73223907503,0.05837405824175947
532,w159872763,1345.7076428122818,trade,221339.4897592335,245932.76639914833,276674.3621990418,nr2,-405906.9176001551,-189097.18485689623,216809.73274325888,0.05837405824175947
533,w159872767,486.0339612279087,mfh,83343.79298090824,92604.21442323137,104179.7412261353,r2,-163547.9820926446,-76187.40790578343,87360.57418686118,0.05837405824175947
534,w159872769,563.4171857964247,other,124167.66940780358,137964.07711978175,155209.58675975446,nr2,-227706.84078896543,-106080.28761970128,121626.55316926415,0.05837405824175947
535,w159872774,2747.8572637828997,other,413797.37386652373,459774.85985169304,517246.71733315464,nr2,-758848.8467191508,-353519.9190368245,405328.9276823263,0.05837405824175947
536,w159872776,80.53474041707815,sfh,36321.68634447571,40357.42927163968,45402.10793059463,r1,-77428.84986214282,-36069.55764688731,41359.292215255504,0.06341394372563056
537,w159872779,530.1892838459462,trade,114419.59653572936,127132.8850396993,143024.4956696617,nr2,-209830.1834588639,-97752.20689676187,112077.97656210203,0.05837405824175947
538,w159872782,386.9254036822822,mfh,61146.105877939306,67940.11764215479,76432.63234742412,r2,-119988.80626240477,-55895.74392708443,64093.06233532034,0.05837405824175947
539,w159872787,649.6997715241275,sfh,178209.46733573131,198010.51926192368,222761.83416966413,r2,-349705.6916912867,-162907.3611239404,186798.33056734627,0.05837405824175947
540,w159872789,103.62989482581615,mfh,33686.438755273215,37429.37639474802,42108.04844409152,r1,-71811.15392152006,-33452.60275302354,38358.551168496524,0.06341394372563056
541,w159872791,7102.280937734339,other,1048520.3896910504,1165022.6552122782,1310650.487113813,nr2,-1922845.66971472,-895783.4599298484,1027062.2097848715,0.05837405824175947
542,w159872796,295.65545302389654,other,52305.65320515192,58117.392450168794,65382.06650643989,nr2,-95921.5478840246,-44686.34035415141,51235.207529873194,0.05837405824175947
543,w159872797,3172.659030787088,other,449508.16779551905,499453.5197727989,561885.2097443988,nr2,-824337.6499351532,-384028.7568782925,440308.8930568607,0.05837405824175947
544,w159872802,393.79842739673325,mfh,75178.90920692091,83532.12134102323,93973.63650865114,r2,-147525.78994736398,-68723.60876318162,78802.18118418237,0.05837405824175947
545,w159872803,469.9664310747758,mfh,46940.21759095484,52155.79732328315,58675.271988693545,r1,-100064.93161898977,-46614.37985827137,53450.551760718394,0.06341394372563056
546,w159872804,664.4021281981841,mfh,71285.2107419375,79205.78971326388,89106.51342742186,r2,-139885.07065623283,-65164.24600077689,74720.82465545594,0.05837405824175947
547,w159872808,295.65545226749964,other,56786.49320607678,63096.10356230754,70983.11650759597,nr2,-104138.80705911953,-48514.46081693349,55624.34624218604,0.05837405824175947
548,w159872809,678.8678823016584,other,119204.66751548543,132449.63057276158,149005.8343943568,nr2,-218605.3614174085,-101840.24131211436,116765.12010529415,0.05837405824175947
549,w159872812,337.05531151816245,mfh,86157.86629660908,95730.96255178786,107697.33287076134,r2,-169070.12112403067,-78759.84844288729,90310.27268114338,0.05837405824175947
550,w159872814,765.4437305399682,mfh,145484.1491333942,161649.05459266022,181855.18641674274,r2,-285487.834981094,-132992.02996905582,152495.80501203818,0.05837405824175947
551,w159872815,1229.117813373683,mfh,337276.36098132026,374751.51220146695,421595.45122665033,r2,-661847.3466726087,-308315.8417921824,353531.50488042634,0.05837405824175947
552,w159872820,336.8380303993821,mfh,84037.26817074124,93374.74241193471,105046.58521342654,r2,-164908.8089025605,-76821.33726357558,88087.47163898492,0.05837405824175947
553,w159872826,1791.1392054180615,th,335754.3027910823,373060.33643453586,419692.8784888529,r2,-658860.5670128682,-306924.47641212866,351936.0906007396,0.05837405824175947
554,w159872827,157.03123329076917,th,53422.40493792502,59358.22770880558,66778.00617240627,r2,-104832.36019909973,-48835.245082330046,55997.11511676968,0.05837405824175947
555,w159872832,35.670331929810345,sfh,5188.715632226509,5765.239591362788,6485.894540283136,r1,-11061.058119789757,-5152.697918123076,5908.360201666681,0.06341394372563056
556,w159872833,162.84196072258055,mfh,61277.51128247401,68086.12364719335,76596.88910309252,r2,-120246.66696179294,-56015.86609573355,64230.80086605939,0.05837405824175947
557,w159872834,33.79703346360475,sfh,9511.544663891347,10568.382959879274,11889.430829864183,r1,-20276.26021415497,-9445.51982833121,10830.74038582376,0.06341394372563056
558,w159872835,42.916394099872555,th,15722.28965503435,17469.210727815946,19652.862068792936,r1,-33516.03209287468,-15613.152640407978,17902.879452466703,0.06341394372563056
559,w159872839,58.88304680213332,other,22228.099409219543,24697.888232466157,27785.124261524426,nr1,-44281.00059875119,-20628.89838235954,23652.10221639165,0.06341141352150521
560,w159872840,318.65718863122163,other,93068.10267465717,103409.0029718413,116335.12834332146,nr2,-170674.40936390305,-79510.9640620109,91163.44530189215,0.05837405824175947
561,w159872842,48.8293092939537,other,9355.834850403775,10395.372056004195,11694.793563004718,nr1,-18637.928550954457,-8682.729137474824,9955.199413479633,0.06341141352150521
562,w159872843,143.51003436879253,mfh,57443.75692324947,63826.3965813883,71804.69615406184,r2,-112723.5777566534,-52511.30028789081,60212.277468762586,0.05837405824175947
563,w159872845,162.83680398128925,mfh,41746.72914119777,46385.25460133085,52183.41142649721,r1,-88993.69903294623,-41456.94225335556,47536.756779590665,0.06341394372563056
564,w159872848,156.42925329236314,mfh,21291.72814453538,23657.47571615042,26614.660180669223,r1,-45388.697159418385,-21143.93061014847,24244.766549269916,0.06341394372563056
565,w159872851,167.48750086340587,mfh,46976.990518218794,52196.65613135421,58721.23814777349,r1,-100143.32240286222,-46650.89752452763,53492.42487833459,0.06341394372563056
566,w159872853,143.46053532976657,th,18641.830787650975,20713.145319612195,23302.288484563716,r1,-39739.77153822409,-18512.427640655602,21227.34389756849,0.06341394372563056
567,w159872855,768.5454076524824,other,115726.01355909788,128584.45951010875,144657.51694887233,nr2,-212225.97694168394,-98868.31944241215,113357.6574992718,0.05837405824175947
568,w159872857,315.41669200100006,mfh,74043.33994281983,82270.37771424426,92554.17492852478,r2,-145297.42890177655,-67685.5461116635,77611.88279011306,0.05837405824175947
569,w159872858,136.24142913175746,other,51966.23350286974,57740.25944763304,64957.79187858717,nr2,-95299.09770454698,-44396.363584726576,50902.7341198204,0.05837405824175947
570,w159872860,131.01957194106652,other,39926.17881659091,44362.420907323234,49907.72352073863,nr1,-79537.66606559302,-37053.689136451845,42483.97692914117,0.06341141352150521
571,w159872862,156.42902136784977,mfh,48134.98854254384,53483.32060282649,60168.7356781798,r1,-102611.88771989518,-47800.85725099079,54811.03046890439,0.06341394372563056
572,w159872865,158.90607472276315,mfh,21250.92912058293,23612.143467314363,26563.66140072866,r1,-45301.72373340022,-21103.414794543623,24198.308938856597,0.06341394372563056
573,w159872867,192.56274920739233,mfh,52620.75948791944,58467.5105421327,65775.94935989928,r2,-103259.26769859163,-48102.43359498411,55156.83410360752,0.05837405824175947
574,w159872868,54.98272090442479,other,18044.998718983097,20049.998576647886,22556.24839872887,nr1,-35947.7697291714,-16746.750949355253,19201.018779816146,0.06341141352150521
575,w159872870,315.09365436807275,mfh,76868.77232545406,85409.74702828229,96085.96540681757,r2,-150841.85816509183,-70268.37035983845,80573.48780525339,0.05837405824175947
576,w159872874,56.548262861557305,th,25655.925460115897,28506.58384457322,32069.90682514487,r1,-54692.08620121725,-25477.833644379807,29214.252556837444,0.06341394372563056
577,w159872876,86.08918008172186,other,31303.141973789738,34781.26885976637,39128.92746723717,nr1,-62359.55773660299,-29051.03684024577,33308.52089635722,0.06341141352150521
578,w159872878,413.8979488207959,mfh,96766.79497961469,107518.66108846077,120958.49372451835,r2,-189888.33464915544,-88457.83251712621,101430.50213202923,0.05837405824175947
579,w159872879,205.3686287334189,mfh,66855.49163505835,74283.87959450927,83569.36454382293,r2,-131192.5022566488,-61114.888460964015,70077.61379568477,0.05837405824175947
580,w159872883,329.8948070596903,th,79026.37009855526,87807.07788728362,98782.96262319406,r2,-155075.7758851447,-72240.70418046894,82835.07170467578,0.05837405824175947
581,w159872884,900.053558271192,other,143972.0234440909,159968.91493787878,179965.02930511363,nr2,-264025.36809141777,-122999.76096015619,141025.60713126158,0.05837405824175947
582,w159872887,1008.3728146322071,other,276664.73986237287,307405.2665137476,345830.9248279661,nr2,-507366.00092618476,-236363.26041073192,271002.7405154528,0.05837405824175947
583,w159872892,458.9937253634445,other,143062.30464210061,158958.1162690007,178827.88080262576,nr2,-262357.0659045804,-122222.55999771213,140134.50590686826,0.05837405824175947
584,w159872895,353.7920229201671,th,102607.22908104869,114008.03231227632,128259.03635131086,r2,-201349.19067299165,-93796.77281871208,107552.41785427957,0.05837405824175947
585,w159872899,2008.66189844124,other,288066.24065585615,320073.60072872904,360082.80081982014,nr2,-528274.8231527684,-246103.9158425149,282170.90731025353,0.05837405824175947
587,w160025355,131.5437356668757,ab,49800.95701413298,55334.39668236998,62251.19626766622,r1,-106163.32036645121,-49455.26132391789,56708.05904253332,0.06341394372563056
588,w160025360,102.43726858533918,mfh,44981.20852414787,49979.120582386524,56226.51065518484,r1,-95888.80891714714,-44668.96934522906,51219.83957191808,0.06341394372563056
589,w160025362,106.2412323884666,mfh,48176.35524129165,53529.28360143516,60220.444051614555,r1,-102700.07128814307,-47841.93680084964,54858.13448729343,0.06341394372563056
590,w160025367,104.2175793532282,mfh,43237.007531294315,48041.11947921591,54046.25941411789,r1,-92170.60388877298,-42936.87580577096,49233.728083002025,0.06341394372563056
591,w160025369,103.97346241511406,mfh,31307.540166698134,34786.15574077571,39134.42520837267,r1,-66739.93063345105,-31090.21740111771,35649.713232333335,0.06341394372563056
592,w160025373,103.9182820610702,mfh,19528.4876100236,21698.319566692888,24410.6095125295,r1,-41629.904538317474,-19392.929692907903,22236.97484540957,0.06341394372563056
593,w160025375,104.46434533819556,mfh,15200.83881015165,16889.8209001685,19001.048512689562,r1,-32404.427890470928,-15095.321471140825,17309.106419330103,0.06341394372563056
594,w160025376,101.26918978765606,other,24444.85545262742,27160.950502919353,30556.069315784272,nr1,-48697.040579421584,-22686.16987085106,26010.870708570525,0.06341141352150521
595,w160025380,128.15635424628857,th,34848.77791521003,38720.864350233365,43560.97239401253,r1,-74288.97346574739,-34606.87348090102,39682.09998484637,0.06341394372563056
596,w160025381,64.08582323277369,th,28086.96814171458,31207.742379682866,35108.71017714322,r1,-59874.46779596923,-27892.001128629996,31982.46666733923,0.06341394372563056
597,w160025384,125.48521707579494,mfh,20982.930538967033,23314.367265518926,26228.663173708792,r1,-44730.41705610548,-20837.276537712696,23893.14051839278,0.06341394372563056
598,w160025385,125.6767025694251,mfh,19113.271805362478,21236.968672624975,23891.589756703095,r1,-40744.76716075779,-18980.59612832381,21764.171032433977,0.06341394372563056
599,w160025388,125.67682776004075,mfh,22027.775224300745,24475.305804778607,27534.71903037593,r1,-46957.76744679752,-21874.868384420006,25082.899062377517,0.06341394372563056
600,w160025389,125.54291224256157,mfh,47965.512281802236,53295.013646446925,59956.89035225279,r1,-102250.60625780371,-47632.55741770047,54618.04884010324,0.06341394372563056
601,w160025392,101.23846836648882,other,27858.656569021638,30954.062854468484,34823.32071127705,nr1,-55497.7357938928,-25854.365002211343,29643.37079168146,0.06341141352150521
602,w160025393,241.441205301648,mfh,45315.96209286242,50351.068992069355,56644.95261607802,r1,-96602.42071278329,-45001.399206269554,51601.02150651374,0.06341394372563056
603,w160025394,520.9474028991534,mfh,62962.95736238052,69958.84151375612,78703.69670297565,r2,-123554.06749440142,-57556.58992651067,65997.47756789075,0.05837405824175947
604,w160025395,347.3527018059045,mfh,139025.81297444832,154473.12552716478,173782.2662180604,r2,-272814.4515329287,-127088.24429125502,145726.20724167366,0.05837405824175947
605,w160025396,362.18757194392384,mfh,72576.31056757846,80640.34507508717,90720.38820947307,r2,-142418.6339080531,-66344.48445099629,76074.14945705682,0.05837405824175947
606,w160025398,216.67090053744613,mfh,39216.56985455993,43573.966505066586,49020.71231819991,r1,-83600.02535616816,-38944.34618665143,44655.67916951673,0.06341394372563056
607,w160025399,277.5212213275954,mfh,34672.16062353594,38524.62291503994,43340.20077941992,r1,-73912.46909228865,-34431.482186481,39480.98690580765,0.06341394372563056
608,w160025402,733.1297983160242,mfh,135601.65691662167,150668.50768513518,169502.07114577707,r2,-266095.1291503232,-123958.10628121199,142137.0228691112,0.05837405824175947
609,w160025403,118.93753181435167,th,30986.659895695237,34429.62210632804,38733.32486961904,r1,-66055.8932764965,-30771.56453563895,35284.32874085755,0.06341394372563056
610,w160025405,118.80893169231713,mfh,19132.43207453168,21258.257860590755,23915.5400931646,r1,-40785.61211467182,-18999.62339558156,21785.988719090263,0.06341394372563056
611,w160025406,118.8714888818562,mfh,28748.62308334191,31942.914537046567,35935.778854177384,r1,-61284.952448304204,-28549.063161296453,32735.88928700775,0.06341394372563056
612,w160025409,118.87152101863175,mfh,32004.557460828604,35560.619400920674,40005.69682603575,r1,-68225.79907322282,-31782.39631685079,36443.40275637203,0.06341394372563056
613,w160025412,678.325670054555,mfh,83112.16289052342,92346.84765613714,103890.20361315427,r2,-163093.44753740725,-75975.66692846261,87117.78060894464,0.05837405824175947
614,w160025415,1309.668819526094,mfh,279799.99905388296,310888.88783764775,349749.9988173537,r2,-549059.7871549829,-255774.73615628688,293285.050998696,0.05837405824175947
615,w160025422,678.3786613484378,mfh,168599.14632942146,187332.3848104683,210748.93291177682,r2,-330847.07545090787,-154122.23843602804,176724.83701487983,0.05837405824175947
616,w160025427,555.729584345687,mfh,68356.5049155554,75951.67212839489,85445.63114444424,r2,-134137.98486956258,-62487.01597020064,71650.96889936193,0.05837405824175947
617,w160025428,926.2977557130158,mfh,239622.2435597125,266246.9372885694,299527.80444964056,r2,-470217.79303565493,-219046.8775228983,251170.91551275662,0.05837405824175947
618,w160025434,188.0208901744336,mfh,59985.928411771165,66651.03156863463,74982.41051471395,r2,-117712.1558164067,-54835.186077523904,62876.96973888279,0.05837405824175947
619,w160025437,385.6369404070079,mfh,90561.97402298985,100624.41558109982,113202.4675287373,r2,-177712.43155659275,-82785.79374498849,94926.63781160426,0.05837405824175947
620,w160025438,514.208815998584,mfh,66439.19135967275,73821.32373296973,83048.98919959094,r2,-130375.58395297235,-60734.33415982539,69641.24979314696,0.05837405824175947
621,w160025439,231.99735509790483,mfh,35464.80466216238,39405.33851351376,44331.005827702975,r1,-75602.19009474604,-35218.624049156286,40383.56604558975,0.06341394372563056
622,w160025441,239.19352681115268,mfh,29974.211052689745,33304.67894743305,37467.76381586218,r1,-63897.60280741713,-29766.14365399354,34131.459153423595,0.06341394372563056
623,w160025442,258.45977183450015,mfh,52917.83142950211,58797.59047722457,66147.28928687764,r2,-103842.22072777909,-48373.997203757084,55468.223524022,0.05837405824175947
624,w160025445,358.2598954875022,mfh,76181.21925820394,84645.79917578216,95226.52407275492,r2,-149492.65251091527,-69639.854616579,79852.79789433627,0.05837405824175947
625,w160025446,282.03160609211767,mfh,32653.249972380814,36281.3888582009,40816.56246547602,r1,-69608.65103134263,-32426.58589876141,37182.06513258122,0.06341394372563056
626,w160025449,151.84076374266294,mfh,33051.986190285665,36724.42910031741,41314.98273785708,r1,-70458.65800673321,-32822.554270417386,37636.103736315825,0.06341394372563056
627,w160025451,187.46145662125198,mfh,48334.62753030463,53705.14170033847,60418.284412880785,r1,-103037.46865419864,-47999.110435309114,55038.35821888953,0.06341394372563056
628,w160025452,105.00601281486452,mfh,24070.360376751494,26744.844863057217,30087.950470939366,r1,-51312.0536877998,-23903.2748357687,27408.7788520311,0.06341394372563056
629,w160025453,104.94913844838739,mfh,40248.819299141745,44720.91033237972,50311.02412392718,r1,-85800.5258094452,-39969.430223064126,45831.095586381074,0.06341394372563056
630,w160025454,86.96602670811116,mfh,31063.545589658388,34515.05065517598,38829.43198707298,r1,-66219.79455569261,-30847.91652393385,35371.878031758766,0.06341394372563056
631,w160025455,103.15431486908346,mfh,35882.11822470182,39869.02024966869,44852.647780877276,r1,-76491.79937314939,-35633.04080993351,40858.75856321588,0.06341394372563056
632,w160025456,162.83409464433788,mfh,27935.001650526843,31038.890722807602,34918.75206315855,r1,-59550.512830920045,-27741.089520002963,31809.423310917082,0.06341394372563056
633,w160025457,103.20248084068298,mfh,32162.32092267025,35735.91213630028,40202.90115333781,r1,-68562.11174562511,-31939.06465618673,36623.047089438376,0.06341394372563056
634,w160025458,101.69107806179672,mfh,18326.430862615038,20362.70095846115,22908.038578268795,r1,-39067.416923118144,-18199.21707906399,20868.199844054154,0.06341394372563056
635,w160025459,108.44199563004076,mfh,29801.469324202662,33112.743693558514,37251.836655253326,r1,-63529.360175918635,-29594.601020356,33934.759155562635,0.06341394372563056
636,w160025462,124.9876569705084,mfh,37263.06505696854,41403.40561885393,46578.83132121067,r1,-79435.63639462192,-37004.401734680505,42431.234659941416,0.06341394372563056
637,w160025465,103.21026510931551,mfh,33027.052047237106,36696.72449693012,41283.81505904638,r1,-70405.50458207562,-32797.79320889793,37607.71137317769,0.06341394372563056
638,w160025467,105.14285953305661,mfh,38054.659821936664,42282.955357707404,47568.32477742083,r1,-81123.12060521386,-37790.501607280035,43332.61899793382,0.06341394372563056
639,w160025469,108.37528205253183,mfh,16872.147227572706,18746.830252858563,21090.18403446588,r1,-35967.243980520456,-16755.02842241418,19212.215558106276,0.06341394372563056
640,w160025471,48.55004379618913,sfh,15526.61947111203,17251.7994123467,19408.274338890034,r1,-33098.91166653402,-15418.84071028922,17680.0709562448,0.06341394372563056
641,w160025472,101.69099241122603,mfh,13375.50809475645,14861.6756608405,16719.38511844556,r1,-28513.27436387844,-13282.66137493373,15230.612988944711,0.06341394372563056
642,w160025474,105.6897082787007,mfh,20835.669696400117,23150.74410711124,26044.587120500146,r1,-44416.49336981108,-20691.037913224813,23725.45545658627,0.06341394372563056
643,w160025476,96.35599186792969,mfh,11760.455718228655,13067.17302025406,14700.569647785818,r1,-25070.382236137597,-11678.819960594454,13391.562275543143,0.06341394372563056
644,w160025477,108.4367577029392,mfh,36912.2809783406,41013.64553148955,46140.35122292575,r1,-78687.85151755098,-36656.0526402667,42031.79887728428,0.06341394372563056
645,w160025481,105.0061043202877,mfh,30356.70228789452,33729.66920877169,37945.877859868146,r1,-64712.97949844901,-30145.979808262455,34566.99969018655,0.06341394372563056
646,w160025482,103.2132654029876,mfh,32197.87126336993,35775.412514855474,40247.33907921241,r1,-68637.89627739156,-31974.368222520963,36663.52805487059,0.06341394372563056
647,w160025484,128.51466068420558,mfh,25258.191312723833,28064.657014137592,31572.73914090479,r1,-53844.215392263155,-25082.86038731694,28761.355004946214,0.06341394372563056
648,w160025486,101.26240085978061,mfh,32127.323788768048,35697.0264319645,40159.15473596006,r1,-68487.50651389608,-31904.31045653891,36583.19605735717,0.06341394372563056
649,w160025487,105.13472320698202,mfh,30933.722532352236,34370.80281372471,38667.15316544029,r1,-65943.04391373541,-30718.994639498516,35224.049274236895,0.06341394372563056
650,w160025490,87.12732640933245,mfh,15434.577138518482,17149.530153909425,19293.2214231481,r1,-32902.70018329624,-15327.437293885298,17575.262889410944,0.06341394372563056
651,w160025492,101.576605540514,mfh,32123.821636092907,35693.13515121434,40154.777045116134,r1,-68480.04079077116,-31900.832614221614,36579.20817654955,0.06341394372563056
652,w160025494,105.68961535468698,mfh,33618.00222222248,37353.335802469424,42022.5027777781,r1,-71665.2641631973,-33384.64127539237,38280.62288780492,0.06341394372563056
653,w160025496,100.3227494932711,mfh,31936.83132990454,35485.368144338376,39921.03916238067,r1,-68081.42371649158,-31715.14031005644,36366.28340643515,0.06341394372563056
654,w160025498,53.38166442215442,th,19833.537403165,22037.26378129444,24791.92175395625,r1,-42280.19523268705,-19695.86196853333,22584.333264153724,0.06341394372563056
655,w160025500,108.55102695096282,mfh,35318.75735539018,39243.06372821131,44148.446694237726,r1,-75290.85336655594,-35073.59053664719,40217.262829908745,0.06341394372563056
656,w160025504,103.15687311664223,mfh,33014.085449963415,36682.31716662602,41267.606812454265,r1,-70377.86300442403,-32784.91661987033,37592.946384553696,0.06341394372563056
657,w160025505,103.09466042611747,mfh,16526.06370219606,18362.293002440067,20657.579627745075,r1,-35229.479520137,-16411.347252139727,18818.132267997273,0.06341394372563056
658,w160025507,85.83866344131528,mfh,29011.881673427404,32235.424081586003,36264.852091784254,r1,-61846.15463625683,-28810.49432947159,33035.66030678524,0.06341394372563056
659,w160025509,108.27769679883495,mfh,36682.60048676754,40758.44498529726,45853.25060845942,r1,-78198.22952892384,-36427.96648665065,41770.26304227319,0.06341394372563056
660,w160025513,105.03020258601755,mfh,15958.548291276262,17731.72032364029,19948.185364095327,r1,-34019.67705860441,-15847.771276191628,18171.90578241278,0.06341394372563056
661,w160025515,104.96566433478147,mfh,30481.21173000366,33868.013033337396,38101.514662504575,r1,-64978.40282731252,-30269.624962211114,34708.77786510141,0.06341394372563056
662,w160025517,132.51887063886969,mfh,28646.82807630318,31829.8089736702,35808.535095378975,r1,-61067.950675810316,-28447.974769096643,32619.975906713673,0.06341394372563056
663,w160032048,197.876624872908,mfh,59510.27674095202,66122.52971216891,74387.84592619001,r2,-116778.77051968417,-54400.376638576636,62378.393881107535,0.05837405824175947
664,w160032049,177.6117346536368,mfh,24635.21933914802,27372.46593238669,30794.024173935024,r1,-52516.19325824512,-24464.21280305615,28051.98045518897,0.06341394372563056
665,w160032050,605.1206229591743,mfh,175655.35519478846,195172.6168830983,219569.19399348556,r2,-344693.6821372553,-160572.55997607685,184121.12216117847,0.05837405824175947
666,w160032051,604.9254235289991,mfh,152843.0834506673,169825.64827851922,191053.8543133341,r2,-299928.4887466123,-139719.083184769,160209.40556184328,0.05837405824175947
667,w160032052,558.9287057133391,mfh,166207.24421579932,184674.71579533257,207759.05526974914,r2,-326153.37541573367,-151935.71901468397,174217.6564010497,0.05837405824175947
668,w160032053,914.9869650162756,mfh,118384.96876544278,131538.85418382531,147981.21095680346,r2,-232310.31441206599,-108219.74357841292,124090.57083365307,0.05837405824175947
669,w160032054,558.7663555394857,mfh,140013.45078096946,155570.50086774383,175016.81347621183,r2,-274752.5223180193,-127991.07774456132,146761.444573458,0.05837405824175947
670,w160032055,915.1860893286764,mfh,117551.19343225891,130612.43714695434,146938.99179032363,r2,-230674.17249454992,-107457.56106740564,123216.61142714428,0.05837405824175947
671,w160032056,579.5610938113182,mfh,116842.3330489817,129824.81449886855,146052.9163112271,r2,-229283.154865955,-106809.56757878001,122473.58728717499,0.05837405824175947
672,w160032057,300.306428108085,mfh,37313.43611538925,41459.37346154361,46641.79514423657,r1,-79543.0150301529,-37054.42314002523,42488.591890127675,0.06341394372563056
673,w160032058,579.3688813976943,mfh,109670.41085297539,121856.01205886154,137088.01356621922,r2,-215209.48049945515,-100253.46853081799,114956.01196863716,0.05837405824175947
674,w160032059,915.3225905947387,mfh,92194.63134061452,102438.47926734947,115243.28917576815,r2,-180916.24314466715,-84278.26156507831,96637.98157958884,0.05837405824175947
675,w160032060,914.9022733874618,mfh,182147.17661418536,202385.75179353927,227683.9707677317,r2,-357432.77469920984,-166506.9556741991,190925.81902501074,0.05837405824175947
676,w160032061,434.5004198986106,mfh,54507.02112981529,60563.35681090588,68133.77641226912,r2,-106960.73452889893,-49826.72979015575,57134.004738743184,0.05837405824175947
677,w160032062,579.3681231357157,mfh,63760.568600850966,70845.07622316774,79700.7107510637,r2,-125119.24354267822,-58285.71360329733,66833.52993938088,0.05837405824175947
678,w160032063,157.0142166607082,mfh,51887.28780825052,57652.54200916724,64859.10976031315,r2,-101819.95459750165,-47431.94207968823,54388.01251781342,0.05837405824175947
679,w160032064,245.02896427586674,mfh,74242.27363014172,82491.41514460191,92802.84203767714,r2,-145687.8023413343,-67867.39819014602,77820.40415118827,0.05837405824175947
680,w160032065,177.6155174203217,mfh,58386.98317384559,64874.42574871732,72983.72896730699,r2,-114574.49843621913,-53373.53562097759,61200.96281524154,0.05837405824175947
681,w160032066,915.0334876678884,mfh,196785.17750857704,218650.19723175224,245981.4718857213,r2,-386157.35540909535,-179888.0522763385,206269.30313275685,0.05837405824175947
682,w160032067,686.1767572972923,mfh,208672.0383064988,231857.82034055423,260840.0478831235,r2,-409483.2927990771,-190754.2377466589,218729.0550524182,0.05837405824175947
683,w160032068,579.4084268193692,mfh,106087.62261479415,117875.13623866017,132609.52826849266,r2,-208178.86951257545,-96978.31942637438,111200.55008620107,0.05837405824175947
684,w160032069,582.2339869499207,mfh,113772.82834525057,126414.25371694508,142216.0354315632,r2,-223259.77529125646,-104003.62848520582,119256.14680605064,0.05837405824175947
685,w160032070,655.6557445708662,mfh,126481.71328949532,140535.23698832814,158102.14161186916,r2,-248198.79489833087,-115621.25430524311,132577.54059308776,0.05837405824175947
686,w160032071,187.63290931591763,mfh,44822.51475552269,49802.794172802984,56028.14344440336,r1,-95550.51306082586,-44511.377156877956,51039.13590394791,0.06341394372563056
687,w160032072,300.05888833065984,mfh,71600.48929692316,79556.0992188035,89500.61162115395,r2,-140503.75105966494,-65452.452896737814,75051.29816292712,0.05837405824175947
688,w160032074,652.9879129000007,mfh,142328.92568103445,158143.25075670495,177911.15710129307,r2,-279296.24697881733,-130107.73243949784,149188.5145393195,0.05837405824175947
689,w160032075,187.48918503960593,mfh,29809.11773282239,33121.24192535821,37261.397166027986,r1,-63545.66469099771,-29602.19633718683,33943.46835381088,0.06341394372563056
690,w160032079,410.4375718038529,mfh,56450.435111772305,62722.70567974701,70563.04388971538,r2,-110774.35308106283,-51603.27089150782,59171.08218955501,0.05837405824175947
691,w160032080,367.35827468354256,mfh,71168.27026353273,79075.8558483697,88960.3378294159,r2,-139655.5949078417,-65057.34671517606,74598.24819266563,0.05837405824175947
692,w160032082,146.62608959153295,mfh,39843.43060518983,44270.478450210925,49804.288256487285,r1,-84936.33740084212,-39566.85555383712,45369.481847005,0.06341394372563056
693,w160032083,292.00384606306903,mfh,70958.4029590656,78842.66995451733,88698.00369883199,r2,-139243.76610901701,-64865.49984380574,74378.26626521128,0.05837405824175947
694,w160032087,547.5336022242903,mfh,60767.66004008141,67519.62226675713,75959.57505010176,r2,-119246.17083750642,-55549.79366026935,63696.37717723707,0.05837405824175947
695,w160032089,324.3052944285795,mfh,80225.85122803085,89139.83469781205,100282.31403503855,r2,-157429.55306839428,-73337.19085113896,84092.36221725532,0.05837405824175947
696,w160032093,651.9691053661052,mfh,157120.4437098115,174578.27078867942,196400.55463726434,r2,-308322.07888747077,-143629.1642978047,164692.91458966606,0.05837405824175947
697,w160032096,417.5862662355881,mfh,99761.42909774302,110846.03233082558,124701.78637217877,r2,-195764.79346640495,-91195.32985107505,104569.4636153299,0.05837405824175947
698,w160032097,55.47504670508206,th,30326.745284288674,33696.38364920964,37908.43160536084,r1,-64649.11857766141,-30116.230752609004,34532.8878250524,0.06341394372563056
699,w160032099,154.26596265360712,mfh,40170.97328365638,44634.414759618194,50213.71660457047,r1,-85634.57736233243,-39892.124579364114,45742.45278296832,0.06341394372563056
700,w160032101,417.4909567882307,mfh,95809.37401431223,106454.86001590246,119761.71751789028,r2,-188009.55926243553,-87582.62131048294,100426.9379519526,0.05837405824175947
701,w160032104,110.95144802480935,th,23217.322601340376,25797.02511260042,29021.65325167547,r1,-49493.588178995335,-23056.15846227897,26437.429716716364,0.06341394372563056
702,w160032105,152.98637234792113,mfh,20848.956423449432,23165.507137166034,26061.19552931179,r1,-44444.817384949136,-20704.23240983212,23740.584975117017,0.06341394372563056
703,w160032106,115.7174410201609,mfh,49997.22428140238,55552.471423780415,62496.53035175297,r1,-106581.71362677863,-49650.16619270152,56931.5474340771,0.06341394372563056
704,w160032107,169.80155310891567,th,20257.197734231464,22507.997482479404,25321.49716778933,r1,-43183.334251497516,-20116.58144144473,23066.752810052785,0.06341394372563056
705,w160032108,125.84912734059617,mfh,40330.07410854087,44811.193453934306,50412.59263567609,r1,-85973.74096189915,-40050.12099837432,45923.619963524834,0.06341394372563056
706,w160032109,117.1162128248019,mfh,17028.88358269568,18920.98175855075,21286.104478369598,r1,-36301.36711548888,-16910.676784741132,19390.690330747748,0.06341394372563056
707,w160032110,214.96215275530702,mfh,65959.80261416038,73288.66957128931,82449.75326770046,r2,-129434.86528440357,-60296.108533255225,69138.75675114835,0.05837405824175947
708,w160032111,253.8681676615961,th,69929.77168637945,77699.74631819938,87412.21460797431,r2,-137225.25263670908,-63925.19286287991,73300.05977382917,0.05837405824175947
709,w160032112,125.84912488418631,th,34498.60299221215,38331.78110245795,43123.25374026519,r1,-73542.48715778405,-34259.12931363476,39283.357844149294,0.06341394372563056
710,w160032113,105.45346036842092,mfh,34893.95820829047,38771.0646758783,43617.44776036308,r1,-74385.28667368811,-34651.74015284771,39733.5465208404,0.06341394372563056
711,w160032114,381.28189064939505,mfh,78514.11913885121,87237.91015427912,98142.648923564,r2,-154070.5707248299,-71772.43808144412,82298.13264338576,0.05837405824175947
712,w160032115,139.91205219514669,mfh,38709.485322553875,43010.53924728208,48386.85665319234,r1,-82519.04657881349,-38440.78160582301,44078.26497299048,0.06341394372563056
713,w160032116,192.1807412372902,mfh,25401.90433957016,28224.338155077952,31752.3804244627,r1,-54150.576013116064,-25225.57582341426,28925.000189701805,0.06341394372563056
714,w160032117,302.6253065098543,mfh,38132.472874110405,42369.414304567115,47665.591092638,r1,-81288.99878270084,-37867.77451648481,43421.224266216035,0.06341394372563056
715,w160032118,188.54685349911452,mfh,59239.686577529654,65821.87397503294,74049.60822191206,r2,-116247.78346451154,-54153.02092774792,62094.762536763614,0.05837405824175947
716,w160032119,301.6826584111899,mfh,86774.96745952926,96416.63051058806,108468.70932441157,r2,-170281.07692929063,-79323.9616940001,90957.11523529053,0.05837405824175947
717,w160032121,128.1140758719295,mfh,40995.73368931806,45550.8152103534,51244.66711164758,r1,-87392.76251421572,-40711.159871799224,46681.602642416496,0.06341394372563056
718,w160032123,387.4767547928728,mfh,153731.94845816758,170813.27606463063,192164.93557270945,r2,-301672.734756183,-140531.6250487458,161141.1097074372,0.05837405824175947
719,w160032125,297.0948597435839,mfh,66153.6841583442,73504.09350927133,82692.10519793024,r2,-129815.32475453509,-60473.3422751311,69341.98247940399,0.05837405824175947
720,w160032126,464.2806208854541,mfh,110488.03186896033,122764.47985440036,138110.0398362004,r2,-216813.92232407315,-101000.88382869693,115813.03849537623,0.05837405824175947
721,w160032127,228.89082276217522,mfh,40432.88418235807,44925.42686928675,50541.10522794759,r1,-86192.90660565285,-40152.217411218706,46040.68919443415,0.06341394372563056
722,w160032128,268.14993185095955,mfh,38304.45704397495,42560.50782663884,47880.57130496869,r1,-81655.62648662443,-38038.56485012869,43617.06163649574,0.06341394372563056
723,w160032129,100.24086796883493,mfh,32289.507460447312,35877.230511608126,40361.884325559135,r1,-68833.24198018052,-32065.368322617556,36767.87365756297,0.06341394372563056
724,w160032130,150.2635816658847,mfh,28436.163503282907,31595.737225869896,35545.204379103634,r1,-60618.86592129314,-28238.772534138538,32380.0933871546,0.06341394372563056
725,w160032131,100.12314690686762,mfh,34789.771625745816,38655.30180638424,43487.21453218227,r1,-74163.18665385446,-34548.27678637607,39614.90986747839,0.06341394372563056
726,w160032132,257.78643680289383,mfh,91092.6577783465,101214.06419816279,113865.82222293313,r2,-178753.80793524891,-83270.90989212132,95482.8980431276,0.05837405824175947
727,w160032133,136.6476590367034,mfh,42553.842839482204,47282.04759942467,53192.30354935275,r1,-90714.26577022408,-42258.453333864374,48455.81243635971,0.06341394372563056
728,w160032134,132.71697852164507,th,24056.438038250453,26729.37559805606,30070.547547813065,r1,-51282.374706287126,-23889.449139836524,27392.9255664506,0.06341394372563056
729,w160032135,165.9338162511587,mfh,65722.88945965386,73025.43273294873,82153.61182456731,r2,-128969.96361668583,-60079.53812656914,68890.42549011669,0.05837405824175947
730,w160032136,153.4784858365543,mfh,64169.744421509604,71299.71602389956,80212.180526887,r2,-125922.18131880213,-58659.75519702279,67262.42612177934,0.05837405824175947
731,w160032137,244.7570460377261,mfh,73679.24716639257,81865.83018488063,92099.05895799071,r2,-144582.95891247777,-67352.71646855416,77230.2424439236,0.05837405824175947
732,w160032138,345.56507694348693,mfh,69539.96744806832,77266.63049785368,86924.9593100854,r2,-136460.32828773506,-63568.85949424601,72891.46879348904,0.05837405824175947
733,w160032139,170.051029805094,mfh,43447.68462383709,48275.20513759677,54309.605779796366,r1,-92619.71533181501,-43146.09047334672,49473.62485846829,0.06341394372563056
734,w160032140,210.13578363517297,mfh,34609.490828365495,38454.989809294995,43261.86353545687,r1,-73778.87259252477,-34369.24741664733,39409.62517587744,0.06341394372563056
735,w160032141,252.5825279586017,mfh,59767.37247387365,66408.19163763738,74709.21559234205,r2,-117283.27705604484,-54635.396629560535,62647.880426484306,0.05837405824175947
736,w160032142,252.46278136584442,mfh,34459.97295454553,38288.858838383916,43074.96619318191,r1,-73460.13747395354,-34220.76742819521,39239.370045758325,0.06341394372563056
737,w160032143,236.73276664549485,mfh,68813.16803571579,76459.07559523976,86016.46004464473,r2,-135034.10837351056,-62904.467326406106,72129.64104710447,0.05837405824175947
738,w160032144,216.15235636769793,mfh,49460.51965860495,54956.1329540055,61825.64957325618,r1,-105437.59214340975,-49117.187130337945,56320.40501307181,0.06341394372563056
739,w160032145,143.2480424195528,mfh,18000.89068230275,20000.989647003054,22501.113352878438,r1,-38373.44579230559,-17875.936651255935,20497.509141049653,0.06341394372563056
740,w160032146,425.3107569515705,mfh,81778.57206375393,90865.0800708377,102223.21507969241,r2,-160476.5029413607,-74756.58600276281,85719.91693859789,0.05837405824175947
741,w160032147,237.48158785337583,mfh,86156.41938675339,95729.35487417043,107695.52423344173,r2,-169067.2818101633,-78758.52577316666,90308.75603699662,0.05837405824175947
742,w160032148,183.97369813346305,th,50006.21579904702,55562.46199894114,62507.76974880877,r2,-98128.67153642642,-45712.389905020966,52416.28163140546,0.05837405824175947
743,w160032149,343.71558685973287,mfh,66199.1315218652,73554.59057985022,82748.9144023315,r2,-129904.50745584306,-60514.8872624538,69389.62019338927,0.05837405824175947
744,w160032150,136.78365420317277,mfh,51662.93632292382,57403.262581026465,64578.670403654774,r2,-101379.7030635563,-47226.85472386355,54152.84833969275,0.05837405824175947
745,w160032151,156.68413198292254,mfh,57922.11142190568,64357.9015798952,72402.6392773821,r2,-113662.2668921249,-52948.580474083385,60713.686418041514,0.05837405824175947
746,w160032152,131.687454425171,th,16816.435705141692,18684.928561268545,21020.544631427114,r1,-35848.48079686782,-16699.703624141785,19148.777172726037,0.06341394372563056
747,w160032153,131.7784823913127,mfh,29566.60282765376,32851.78091961529,36958.2535345672,r1,-63028.68290762052,-29361.364860662066,33667.31804695845,0.06341394372563056
748,w160032155,131.65618118494749,mfh,39313.2611323115,43681.401258123886,49141.57641538937,r1,-83806.14724040561,-39040.36627734146,44765.78096306415,0.06341394372563056
749,w160032156,597.6746075108182,mfh,131761.0863573074,146401.20706367487,164701.35794663423,r2,-258558.66431479363,-120447.3095520489,138111.35476274474,0.05837405824175947
750,w160032157,145.99030133634804,mfh,23007.382660062376,25563.75851118042,28759.22832507797,r1,-49046.04816008997,-22847.675828997748,26198.372331092225,0.06341394372563056
751,w160032158,192.3817300193943,mfh,58348.97494600452,64832.19438444947,72936.21868250564,r2,-114499.9137701751,-53338.79100167562,61161.12276849948,0.05837405824175947
752,w160032159,156.72131929650496,mfh,40458.15139260002,44953.501547333355,50572.68924075002,r1,-86246.7700471711,-40177.309227929916,46069.46081924118,0.06341394372563056
753,w160032160,462.61881872685626,other,75105.28561600679,83450.31735111865,93881.60702000848,nr2,-137733.01372038978,-64164.77282616289,73568.24089422688,0.05837405824175947
754,w160032161,876.0951372385025,trade,41598.98809684389,46221.0978853821,51998.73512105486,nr1,-82870.09981878,-38606.14812181583,44263.95169696417,0.06341141352150521
755,w160032162,197.75498196221892,mfh,51088.749816073236,56765.27757341471,63860.93727009154,r2,-100252.95995310355,-46701.97122568339,53550.98872742016,0.05837405824175947
756,w160032163,355.37988740094,mfh,90971.44947639163,101079.3883071018,113714.31184548953,r2,-178515.95731088228,-83160.1092432389,95355.84806764338,0.05837405824175947
757,w160032164,218.83437259588393,mfh,53103.58239103667,59003.98043448519,66379.47798879583,r2,-104206.72531587364,-48543.79850232009,55662.92681355355,0.05837405824175947
758,w160032165,192.38173281145282,mfh,58784.81323691094,65316.459152123265,73481.01654613866,r2,-115355.17209772422,-53737.20567015433,61617.96642756989,0.05837405824175947
759,w160032166,5513.669180350005,other,896549.3915510399,996165.9906122665,1120686.7394387997,nr2,-1644151.255596702,-765949.9270188068,878201.3285778952,0.05837405824175947
760,w160032167,119.51807446111924,mfh,37657.42018648339,41841.577984981544,47071.775233104236,r1,-80276.30397337864,-37396.01942947803,42880.28454390061,0.06341394372563056
761,w160032168,107.41719602905214,th,13873.999853026246,15415.555392251383,17342.499816282805,r1,-29575.935473346944,-13777.692829169757,15798.242644177188,0.06341394372563056
763,w160032170,37.81535124108195,sfh,14086.294460143807,15651.438289048674,17607.86807517976,r1,-30028.49505731429,-13988.513783266642,16039.981274047646,0.06341394372563056
764,w160032171,82.13437312801835,th,18045.438784192636,20050.48753799182,22556.798480240795,r1,-38468.4113250224,-17920.175520397017,20548.235804625387,0.06341394372563056
765,w160032172,100.39566505721304,th,35026.762638130625,38918.625153478475,43783.453297663276,r1,-74668.39286434231,-34783.62271447911,39884.7701498632,0.06341394372563056
766,w160032173,119.7984774223063,mfh,28506.2384098141,31673.598233126777,35632.79801226762,r1,-60768.24828656795,-28308.361012403442,32459.887274164506,0.06341394372563056
767,w160032174,119.65868240431882,mfh,29900.973116695626,33223.303462995136,37376.21639586953,r1,-63741.477645811996,-29693.4141025838,34048.0635432282,0.06341394372563056
768,w160032175,69.26172256879508,th,9593.062255957997,10658.958062175552,11991.327819947495,r1,-20450.035554247683,-9526.471562190634,10923.563992057048,0.06341394372563056
769,w160032176,103.52918697646818,th,32391.429286288585,35990.4769847651,40489.286607860726,r1,-69050.5140989884,-32166.58265330121,36883.93144568718,0.06341394372563056
770,w160032177,62.96843930834439,th,7111.322358229594,7901.469286921771,8889.152947786992,r1,-15159.580036415473,-7061.958778925836,8097.621257489637,0.06341394372563056
771,w160032178,300.84989367914386,mfh,75453.57648583635,83837.30720648484,94316.97060729544,r2,-148064.77764646945,-68974.69150454302,79090.08614192643,0.05837405824175947
772,w160127708,318.335366258584,mfh,113599.65490243523,126221.83878048358,141999.568628044,r2,-222919.95193895267,-103845.32472610952,119074.62721284314,0.05837405824175947
773,w160127710,130.057766958978,mfh,19160.41845180246,21289.353835336067,23950.523064753073,r1,-40845.27214761559,-19027.415504095527,21817.856643520066,0.06341394372563056
774,w160127712,149.28690248169005,mfh,51621.798511126886,57357.5539012521,64527.2481389086,r2,-101298.97712264984,-47189.249244971536,54109.727877678306,0.05837405824175947
775,w160127717,149.4986190713942,mfh,59698.67769326997,66331.8641036333,74623.34711658747,r2,-117148.47526281951,-54572.60038422946,62575.87487859005,0.05837405824175947
776,w160127718,161.62649620659647,mfh,30986.327841109854,34429.25315678873,38732.909801387315,r1,-66055.18541826565,-30771.234786026118,35283.95063223953,0.06341394372563056
777,w160127719,242.7560603125021,mfh,53656.28092585754,59618.089917619494,67070.35115732193,r2,-105291.30194530812,-49049.03911131148,56242.26283399664,0.05837405824175947
778,w164087844,70.24407002975931,other,23298.876208291324,25887.6402314348,29123.595260364153,nr1,-46414.114510467814,-21622.638124637193,24791.47638583062,0.06341141352150521
779,w164087850,88.49543042890728,other,39843.370631234495,44270.41181248277,49804.21328904312,nr1,-79372.70237536277,-36976.83858753643,42395.86378782634,0.06341141352150521
780,w164087857,77.59434223277493,other,24270.419437870198,26967.132708744663,30338.024297337746,nr1,-48349.54342585457,-22524.2836584312,25825.259767423373,0.06341141352150521
786,w164088149,49.229225591477004,other,21270.940862087315,23634.37873565257,26588.676077609143,nr1,-42374.22767055912,-19740.602624765084,22633.625045794037,0.06341141352150521
788,w164088153,80.69597001839429,other,27987.590700977962,31097.323001086625,34984.48837622245,nr1,-55754.58782020638,-25974.02296563765,29780.564854568733,0.06341141352150521
791,w164088159,54.065223559696456,other,21341.59203461474,23712.880038460822,26676.990043268423,nr1,-42514.97315470482,-19806.170797366394,22708.802357338427,0.06341141352150521
793,w164088169,56.479432658094446,other,21105.453760835582,23450.504178706204,26381.817201044476,nr1,-42044.55781014027,-19587.021496101544,22457.536314038727,0.06341141352150521
795,w164088175,32.08830586867407,other,12691.274034079426,14101.415593421585,15864.092542599283,nr1,-25282.51753583994,-11778.200086828525,13504.317449011414,0.06341141352150521
799,w164088182,35.81288355943252,other,13052.522454425663,14502.802727139626,16315.65306803208,nr1,-26002.167075962778,-12113.458482830636,13888.708593132142,0.06341141352150521
800,w359788107,586.4023264580406,other,146448.46418695297,162720.5157632811,183060.5802336912,nr2,-268566.8280434942,-125115.46102547,143451.3670180242,0.05837405824175947
801,w377595955,68.13203878551721,other,5269.498540512313,5854.998378347015,6586.873175640391,nr1,-10497.463761151006,-4890.3843696656,5607.079391485406,0.06341141352150521
802,w377595956,85.03076633159071,other,28267.306595759732,31408.118439733036,35334.13324469966,nr1,-56311.81493514246,-26233.61469514875,30078.20023999371,0.06341141352150521
805,w377595969,38.68702136902139,other,13210.985853090617,14678.873170100685,16513.73231636327,nr1,-26317.8448908754,-12260.52122932109,14057.32366155431,0.06341141352150521
814,w377595984,35.49371746703982,other,12044.391815934709,13382.657573260787,15055.489769918386,nr1,-23993.851718684793,-11177.857821941592,12815.9938967432,0.06341141352150521
818,w377595990,36.364706988167015,other,11553.454485655837,12837.171650728707,14441.818107069796,nr1,-23015.8465453315,-10722.240987052455,12293.605558279045,0.06341141352150521
819,w377595993,54.98309161569923,other,17992.688240944255,19991.875823271395,22490.860301180317,nr1,-35843.561075668695,-16698.20394963524,19145.357126033454,0.06341141352150521
823,w377596001,68.93592455182224,other,20374.762221645513,22638.624690717235,25468.45277705689,nr1,-40588.933922163706,-18908.89957333608,21680.034348827627,0.06341141352150521
825,w377596004,35.535723760165276,other,11646.700243681342,12940.778048534823,14558.375304601677,nr1,-23201.60311367066,-10808.778177276481,12392.824936394178,0.06341141352150521
827,w377596008,41.66994294051546,other,13998.601039715508,15554.001155239454,17498.251299644384,nr1,-27886.86741090501,-12991.471426644257,14895.395984260755,0.06341141352150521
831,w377596012,33.714099188242116,other,12242.593103107998,13602.881225675554,15303.241378884997,nr1,-24388.692103119705,-11361.799513809987,13026.892589309718,0.06341141352150521
836,w377596021,41.97082374822348,other,14380.159647722914,15977.95516413657,17975.19955965364,nr1,-28646.977244795115,-13345.578793477189,15301.398451317926,0.06341141352150521
838,w377596023,32.13139781658538,other,10917.67630164897,12130.751446276632,13647.09537706121,nr1,-21749.30127628326,-10132.203876360083,11617.097399923176,0.06341141352150521
844,w377596038,30.39147779517807,other,2398.685899783123,2665.2065553145812,2998.357374728904,nr0,-5859.202866307438,-2729.5882860897823,3129.6145802176557,0.0777530603179578
847,w377596043,50.74534401865676,other,16335.933556875763,18151.037285417515,20419.9169460947,nr1,-32543.10997516696,-15160.644512233608,17382.465462933353,0.06341141352150521
848,w377596044,31.44567816138733,other,12038.33310123901,13375.925668043345,15047.916376548761,nr1,-23981.78204308506,-11172.235001587758,12809.5470414973,0.06341141352150521
861,w377596072,32.00744857888203,other,11577.988988744306,12864.432209715895,14472.486235930382,nr1,-23064.722174594695,-10745.010354858314,12319.711819736382,0.06341141352150521
863,w377596074,30.798605113010854,other,11879.18583997191,13199.095377746566,14848.982299964886,nr1,-23664.74189306057,-11024.53759300283,12640.204300057741,0.06341141352150521
877,w377596096,31.32093481458723,other,11219.387851584088,12465.986501760097,14024.234814480109,nr1,-22350.346335393697,-10412.208783203992,11938.137552189704,0.06341141352150521
882,w377596101,34.10184732507914,other,11372.823539694798,12636.470599660886,14216.029424618497,nr1,-22656.00835678461,-10554.605537869867,12101.402818914741,0.06341141352150521
886,w377596106,35.077698366669935,other,12012.953356694099,13347.725951882332,15016.191695867623,nr1,-23931.222592962968,-11148.681203237815,12782.541389725153,0.06341141352150521
893,w377596115,40.14825235735625,other,13553.866705869179,15059.851895410198,16942.333382336474,nr1,-27000.904066006242,-12578.733512746994,14422.170553259248,0.06341141352150521
895,w377596117,32.339281557500364,other,11378.101421622307,12642.334912913673,14222.626777027883,nr1,-22666.522521243278,-10559.503702483595,12107.018818759683,0.06341141352150521
899,w377596123,32.752713098051025,other,12329.70326009582,13699.670288995354,15412.129075119774,nr1,-24562.225829180657,-11442.6425289275,13119.583300253158,0.06341141352150521
901,w377596125,37.63718191203661,other,12219.388662528083,13577.098513920091,15274.235828160103,nr1,-24342.466115539915,-11340.264517140677,13002.201598399239,0.06341141352150521
909,w377596135,73.15242530554532,other,21801.99476471699,24224.43862746332,27252.493455896238,nr1,-43432.149796395934,-20233.44984445851,23198.699951937422,0.06341141352150521
916,w377596142,40.572792674647644,other,13756.393494233684,15284.881660259649,17195.491867792105,nr1,-27404.361359935392,-12766.689507542667,14637.671852392725,0.06341141352150521
917,w377596143,37.61386710904771,other,11901.118275090319,13223.464750100355,14876.397843862898,nr1,-23708.433895454964,-11044.892098667302,12663.541796787662,0.06341141352150521
918,w377596145,32.806498026452026,other,11256.831818630073,12507.59090958897,14071.03977328759,nr1,-22424.93914230256,-10446.958843342003,11977.980298960556,0.06341141352150521
919,w377596147,34.850180151499806,other,2595.9189583634725,2884.354398181636,3244.8986979543406,nr0,-6340.9785345052005,-2954.0299465753246,3386.948587929876,0.0777530603179578
929,w377596159,36.51154847629368,other,10808.444433628447,12009.382704031608,13510.555542035558,nr1,-21531.69848784093,-10030.830697122992,11500.867790717939,0.06341141352150521
931,w377596161,32.13265920560807,other,11285.953908042351,12539.948786713723,14107.442385052938,nr1,-22482.95378561332,-10473.985743487985,12008.968042125336,0.06341141352150521
934,w377596166,38.724472055921794,other,2981.905002903568,3313.227781003964,3727.38125362946,nr0,-7283.815835015649,-3393.2633559458604,3890.5524790697887,0.0777530603179578
935,w377596167,41.94859704792034,other,13644.68095577657,15160.756617529521,17055.85119472071,nr1,-27181.816782855818,-12663.014129749845,14518.802653105973,0.06341141352150521
936,w377596168,31.29673577034846,other,10806.083972832546,12006.75996981394,13507.604966040682,nr1,-21526.996171012463,-10028.64005972311,11498.356111289353,0.06341141352150521
937,w377596169,36.7579496475868,other,12935.91476002989,14373.238622255432,16169.893450037362,nr1,-25769.87076981901,-12005.240131184524,13764.630638634484,0.06341141352150521
940,w379327852,945.496160332486,other,150314.97311086906,167016.6367898545,187893.71638858633,nr2,-275657.48647451994,-128418.73941258439,147238.74706193554,0.05837405824175947
941,w379327862,94.51021252730861,other,35231.108510581456,39145.67612286828,44038.88563822682,nr1,-70184.53122468294,-32696.405751236704,37488.12547344624,0.06341141352150521
942,w387435839,3594.435384737421,other,612480.6982969497,680534.109218833,765600.8728711872,nr2,-1123207.3978562802,-523261.23979558714,599946.1580606931,0.05837405824175947
943,w387435840,942.2609318409114,other,202426.40072438534,224918.22302709482,253033.00090548166,nr2,-371222.85069106775,-172939.14682523758,198283.70386583018,0.05837405824175947
944,w390787314,132.5826213063672,other,36435.59621570424,40483.99579522693,45544.49526963029,nr1,-72584.01306115558,-33814.23656593396,38769.77649522162,0.06341141352150521
945,w390787315,330.5195846647024,other,95914.57790913379,106571.75323237087,119893.22238641723,nr2,-175894.4629101925,-81942.79605995175,93951.66685024074,0.05837405824175947
946,w390787316,150.59577141329646,other,12304.720854223664,13671.912060248515,15380.90106777958,nr1,-24512.457924646074,-11419.457482712087,13093.000441933988,0.06341141352150521
947,w390789514,104.66224040389062,trade,66966.30176497165,74407.00196107962,83707.87720621456,nr2,-122807.20969434483,-57211.386715529734,65595.8229788151,0.05837405824175947
948,w390789515,335.6007874913513,trade,76780.38985788339,85311.5442865371,95975.48732235424,nr2,-140804.9300793671,-65595.86628727673,75209.06379209037,0.05837405824175947
949,w390790006,38.98714106846601,trade,20423.524031863217,22692.80447984802,25529.40503982902,nr1,-40686.073210039605,-18954.153214207585,21731.91999583202,0.06341141352150521
950,w390793102,268.1788772383239,sfh,65081.30933515768,72312.56592795298,81351.6366689471,r2,-127710.97202344103,-59493.04782056123,68217.9242028798,0.05837405824175947
951,w390793103,629.0808588726446,th,190878.21940890737,212086.91045434153,238597.7742611342,r2,-374565.95738227316,-174488.3001157308,200077.65726654237,0.05837405824175947
952,w390793104,761.76513240356,mfh,116746.78481807098,129718.64979785665,145933.48102258873,r2,-229095.65775550372,-106722.2236773003,122373.43407820343,0.05837405824175947
953,w390793105,324.12222724705936,th,115306.70719754764,128118.56355283072,144133.38399693454,r2,-226269.75098465016,-105405.79953620156,120863.9514484486,0.05837405824175947
954,w390793106,1475.9963392082602,mfh,234332.2441500108,260369.16016667866,292915.30518751347,r2,-459837.0712352184,-214211.10837401138,245625.962861207,0.05837405824175947
955,w390793107,895.6360460046678,mfh,90245.7910168643,100273.10112984922,112807.23877108037,r2,-177091.97632202398,-82496.76005934761,94595.21626267637,0.05837405824175947
956,w390793108,286.70933025064875,mfh,46848.04655803811,52053.38506448679,58560.05819754764,r1,-99868.44577850145,-46522.84863492363,53345.59714357783,0.06341394372563056
957,w390793793,117.72837251536548,mfh,22135.523635016718,24595.026261129686,27669.404543770896,r1,-47187.46040315113,-21981.868854464854,25205.59154868628,0.06341394372563056
958,w390794364,96.81251710766227,sfh,56694.85220505993,62994.28022784436,70868.5652563249,r2,-111253.97994908043,-51826.700904942845,59427.279044137584,0.05837405824175947
959,w475684695,267.0884538785554,mfh,70757.24663127349,78619.16292363721,88446.55828909186,r2,-138849.03111653714,-64681.61597375152,74167.41514278561,0.05837405824175947
960,w620369477,3702.806372543797,other,329831.05954184383,366478.95504649315,412288.8244273048,nr2,-604865.8956115536,-281784.8948037892,323081.00080776436,0.05837405824175947
961,w620369478,20480.360502976928,other,1687025.1117225294,1874472.3463583658,2108781.3896531616,nr2,-3093777.6343400227,-1441277.8296210612,1652499.8047189615,0.05837405824175947
962,w993163452,1412.2592688187956,other,219456.23066754482,243840.25629727202,274320.288334431,nr2,-402453.2731836917,-187488.25825739128,214965.01492630044,0.05837405824175947
963,w993163453,1066.3710880815981,other,168538.70539177582,187265.22821308425,210673.38173971977,nr2,-309077.3656174587,-143987.83860791428,165089.52700954443,0.05837405824175947
964,w993163454,1257.084109787643,other,195060.50799116978,216733.8977679664,243825.6349889622,nr2,-357714.7920162908,-166646.23641271223,191068.5556035786,0.05837405824175947
965,w993163455,1355.0658122852444,mfh,137933.86271477625,153259.84746086248,172417.3283934703,r2,-270671.68534569966,-126090.05526156301,144581.63008413665,0.05837405824175947
966,w993163456,1286.649396429956,mfh,247159.72221315524,274621.9135701725,308949.652766444,r2,-485008.8096158499,-225937.14421477457,259071.66540107536,0.05837405824175947
967,w993163457,923.1744978809729,ab,179010.19212771326,198900.21347523696,223762.74015964157,r2,-351276.9775574123,-163639.33100634042,187637.64655107187,0.05837405824175947
968,w993163458,923.3917086940259,ab,189578.2241455195,210642.47127279942,236972.78018189935,r2,-372014.93835070846,-173299.9300420289,198715.00830867956,0.05837405824175947
969,w993163460,1313.604391914094,ab,245379.75645429146,272644.1738381016,306724.6955678643,r2,-481515.93033061206,-224310.0167169902,257205.91361362184,0.05837405824175947
970,w993163461,1099.8535498690792,ab,238283.01711607818,264758.90790675353,297853.7713950977,r2,-467589.7895024864,-217822.64488732882,249767.1446151576,0.05837405824175947
971,w993164648,226.1375619597733,ab,80518.68723860527,89465.20804289474,100648.35904825658,r2,-158004.1938052813,-73604.88225069223,84399.31155458908,0.05837405824175947
972,w993164649,158.37299746889622,other,45705.056496500765,50783.396107223074,57131.32062062596,nr1,-91049.87326303162,-42416.80535382402,48633.0679092076,0.06341141352150521
973,w993164650,163.5844805765897,other,42041.22380437142,46712.47089374602,52551.52975546427,nr1,-83751.08560480239,-39016.56717311143,44734.51843169096,0.06341141352150521
974,w993164651,162.24389737509188,other,40307.84105282511,44786.490058694566,50384.801316031386,nr1,-80297.98233915608,-37407.892675976866,42890.08966317921,0.06341141352150521
975,w993164652,173.63842588849366,other,44647.17229247326,49607.96921385918,55808.965365591575,nr1,-88942.44292409216,-41435.030648599546,47507.412275492614,0.06341141352150521
976,w1006795433,259.34726619906723,mfh,68303.07904180315,75892.31004644795,85378.84880225394,r2,-134033.1457024069,-62438.17755415666,71594.96814825025,0.05837405824175947
977,w1006849999,188.95288848243652,other,44821.0228985385,49801.13655393166,56026.278623173115,nr1,-89288.77387437012,-41596.37356956669,47692.40030480343,0.06341141352150521
978,w1007159125,240.08975319266318,education,69893.91967217866,77659.91074686518,87367.39959022331,nr2,-128176.06801202708,-59712.54141319203,68463.52659883504,0.05837405824175947
979,w1007160095,265.99824453517795,sfh,66191.08957937718,73545.65508819686,82738.86197422147,r2,-129888.72651500776,-60507.535848139945,69381.19066686781,0.05837405824175947
980,w1007176059,713.9090096209663,trade,158757.7360382709,176397.48448696767,198447.17004783862,nr2,-291140.3805555459,-135631.65340150922,155508.7271540367,0.05837405824175947
981,w1029411791,412.32884333096445,trade,89326.49349025691,99251.65943361878,111658.11686282113,nr2,-163812.80029199098,-76314.39139269452,87498.40889929645,0.05837405824175947
982,w1030080397,647.4037659055554,other,112142.32300889542,124602.5811209949,140177.90376111926,nr2,-205653.9694501703,-95806.66155579333,109847.30789437697,0.05837405824175947
983,w1030080398,123.65970464986749,other,23480.75041155538,26089.722679505976,29350.938014444222,nr1,-46776.42941447138,-21791.427384952927,24985.00202951845,0.06341141352150521
984,w1030080399,86.80603968682699,other,25835.146683608775,28705.718537343084,32293.933354510966,nr1,-51466.664994813094,-23976.436573271156,27490.22842154194,0.06341141352150521
985,w1036126248,1409.4026292502879,trade,218679.86292202817,242977.6254689202,273349.8286525352,nr2,-401029.518936993,-186824.9832347074,214204.53570228556,0.05837405824175947
986,w1036126249,536.9865712554193,mfh,123235.89624283573,136928.77360315082,154044.87030354465,r2,-241829.4324150961,-112654.14207676506,129175.29033833103,0.05837405824175947
987,w1036126250,784.2879224468953,mfh,152719.49523878298,169688.3280430922,190899.36904847872,r2,-299685.967954827,-139606.10697893047,160079.86097589653,0.05837405824175947
988,w1036126251,422.468481163308,mfh,131740.18052406833,146377.9783600759,164675.2256550854,r2,-258517.64018188676,-120428.19881581256,138089.4413660742,0.05837405824175947
989,w1036680208,878.3984476357698,mfh,195723.4450164567,217470.49446272966,244654.30627057087,r2,-384073.8864380077,-178917.48634010227,205156.40009790543,0.05837405824175947
990,w1075387093,82.43980132825672,other,25255.32593226266,28061.47325806962,31569.157415328325,nr1,-50311.593543815514,-23438.331036702373,26873.26250711314,0.06341141352150521
991,w1075387094,82.56877346616238,other,18471.951114990337,20524.39012776704,23089.93889373792,nr1,-36798.30935269825,-17142.986247263147,19655.3231054351,0.06341141352150521
992,w1075387095,130.11354850369972,other,17546.933519760307,19496.592799733673,21933.666899700384,nr1,-34955.56499861968,-16284.519060186401,18671.04593843328,0.06341141352150521
993,w1075387096,86.78853361294604,other,19192.799696722424,21325.332996358247,23990.99962090303,nr1,-38234.32490632888,-17811.97336432865,20422.351542000233,0.06341141352150521
994,w1075387097,130.27800867820625,other,18492.72523522246,20547.47248358051,23115.906544028076,nr1,-36839.693854967285,-17162.265773027437,19677.42808193985,0.06341141352150521
995,w1075387098,130.18280181584413,other,17539.018200395993,19487.79800043999,21923.77275049499,nr1,-34939.79674713502,-16277.173208621483,18662.623538513537,0.06341141352150521
996,w1075387099,86.85200681062415,other,27744.647424820705,30827.38602757856,34680.80928102588,nr1,-55270.616106793925,-25748.558248017805,29522.05785877612,0.06341141352150521
997,w1107949539,145.45949292609,other,7234.128086910359,8037.920096567066,9042.660108637949,nr1,-14411.237967338557,-6713.668606680329,7697.569360658228,0.06341141352150521
998,w1107949540,113.13991883732378,other,28748.75876737973,31943.06529708859,35935.94845922466,nr1,-57270.924551636825,-26680.428781295763,30590.495770341062,0.06341141352150521
999,w1108636740,113.13954655230044,other,30738.16352195462,34153.51502439402,38422.70440244327,nr1,-61234.05390006645,-28526.705773672642,32707.34812639381,0.06341141352150521
1000,w1108636741,169.70950587596744,other,22435.53536817059,24928.372631300655,28044.419210213237,nr1,-44694.237540579146,-20821.410357372282,23872.827183206864,0.06341141352150521
1001,w1108636742,113.35190696045755,other,24778.82711181561,27532.03012423957,30973.533889769515,nr1,-49362.35158816867,-22996.113932785727,26366.23765538294,0.06341141352150521
1002,w1108636743,97.02220907397567,other,29852.23012320762,33169.1445813418,37315.287654009524,nr1,-59469.16988375248,-27704.510869833503,31764.65901391898,0.06341141352150521
1003,w1108636744,97.02139693088829,other,21390.9331432008,23767.703492445333,26738.666429000998,nr1,-42613.266473383075,-19851.96205897433,22761.304414408743,0.06341141352150521
1004,w1108636745,97.02220705058426,other,20564.73007540746,22849.700083786065,25705.912594259324,nr1,-40967.37233434244,-19085.200186313577,21882.172148028865,0.06341141352150521
1005,w1108636746,96.97299731615931,other,20594.571221274768,22882.85691252752,25743.214026593458,nr1,-41026.819423078676,-19112.89441038451,21913.925012694166,0.06341141352150521
1006,w1108636747,96.97299630921333,other,21237.913006776573,23597.681118640638,26547.391258470714,nr1,-42308.43228005516,-19709.9509591211,22598.48132093406,0.06341141352150521
1007,w1108636748,93.15071205198764,other,25536.120008859092,28373.466676510103,31920.150011073863,nr1,-50870.96852432938,-23698.923378217354,27172.045146112025,0.06341141352150521
1008,w1108636749,139.88183319568634,other,19436.592588740816,21596.213987489795,24295.740735926018,nr1,-38719.98915493127,-18038.22657218064,20681.762582750627,0.06341141352150521
1009,w1108636750,139.7263257611543,other,19062.12837594123,21180.1426399347,23827.660469926534,nr1,-37974.01219460187,-17690.703194159898,20283.309000441972,0.06341141352150521
1010,w1108636751,139.8837134392932,other,18077.1469860024,20085.718873336,22596.433732503,nr1,-36011.81287586258,-16776.586308703845,19235.226567158737,0.06341141352150521
1011,w1108636752,93.1510556358844,other,19469.083244354304,21632.314715949226,24336.35405544288,nr1,-38784.714380160294,-18068.379686969613,20716.33469319068,0.06341141352150521
1012,w1108636753,93.25489941500128,other,19379.091053198343,21532.323392442602,24223.863816497927,nr1,-38605.43930148185,-17984.861985685977,20620.577315795872,0.06341141352150521
1013,w1108636754,139.72684112749994,other,25910.37615630671,28789.30684034079,32387.970195383386,nr1,-51616.530993891676,-24046.25366015176,27570.277333739916,0.06341141352150521
1014,w1159236388,245.9913005110109,other,69645.03448735391,77383.37165261546,87056.29310919238,nr2,-127719.64598666484,-59499.91108746868,68219.73489919616,0.05837405824175947
1015,w1159236389,122.96537718712352,other,45526.262556586495,50584.736173984995,56907.82819573311,nr1,-90693.69460759907,-42250.87474725388,48442.81986034519,0.06341141352150521
1016,w1159236390,245.9301320978673,other,47719.789281556106,53021.988090617895,59649.73660194513,nr1,-95063.45904105614,-44286.588151055716,50776.87089000042,0.06341141352150521
1017,w1219742100,99.15745026543736,other,24902.255561907554,27669.172846563946,31127.81945238444,nr1,-49608.23564563141,-23110.662320732143,26497.573324899266,0.06341141352150521
1018,w1219742101,534.7382739499211,other,97380.9120977135,108201.0134419039,121726.14012214188,nr2,-178583.52301106087,-83195.53079527378,95387.99221578709,0.05837405824175947
1019,w1219742102,331.85329187787136,other,59651.986323929385,66279.98480436599,74564.98290491173,nr2,-109393.73685107494,-50962.54038195893,58431.19646911601,0.05837405824175947
1020,w1219742103,321.63751182574777,other,63594.9553748088,70661.06152756533,79493.694218511,nr2,-116624.61289301496,-54331.141024845616,62293.47186816934,0.05837405824175947
1021,w1219742104,906.7466930493712,other,139944.3369520087,155493.7077244541,174930.42119001088,nr2,-256639.13163248656,-119558.78358206895,137080.3480504176,0.05837405824175947
1022,w1219742105,1260.638449399173,ab,275916.17447946646,306573.52719940717,344895.21809933305,r2,-541438.4436904115,-252224.39945450803,289214.0442359035,0.05837405824175947
1023,w1219929093,501.3837405549362,other,115763.07895930854,128625.6432881206,144703.84869913565,nr2,-212293.9499110149,-98899.98556237589,113393.96434863901,0.05837405824175947
1024,w1242595698,177.05818741209805,other,34357.4302496909,38174.92249965655,42946.787812113624,nr1,-68444.0608911031,-31885.584289132195,36558.476601970906,0.06341141352150521
1025,w1242595699,175.70056665593293,other,34263.08094414638,38070.08993794042,42828.85118018297,nr1,-68256.10592570573,-31798.022946136007,36458.08297956973,0.06341141352150521
