,full_id,NFA,building_usage,yearly_demand_useful_unrenovated,yearly_demand_delivered_unrenovated,yearly_demand_delivered_unrenovated_DH,consumer_size_unrenovated,npv_Gas_25years_ir_0.05,npv_DH_25years_ir_0.05,savings_npv_25years_ir_0.05,operator_selling_price
0,w24853838,27974.42320393324,trade,3368360.1466045496,3742622.385116166,4210450.183255686,nr2,-2597854.387052673,-10223862.025808938,-7626007.638756265,0.19382349036981686
1,w24853840,937.1926232803613,trade,270688.823253195,300765.35917021666,338361.0290664937,nr2,-208769.28725192996,-821612.0190291974,-612842.7317772674,0.19382349036981686
2,w24853841,8998.296452549099,trade,1189609.3568609958,1321788.1742899953,1487011.6960762446,nr2,-917488.5558824622,-3610778.36092389,-2693289.8050414277,0.19382349036981686
3,w25538793,404.8852469230536,trade,112752.73275817276,125280.81417574751,140940.91594771593,nr2,-86960.76687146047,-342234.30173121643,-255273.53485975595,0.19382349036981686
4,w27689586,5481.69515059907,office,239232.2588022705,265813.6208914117,299040.3235028381,nr2,-184508.35005885217,-726133.043873761,-541624.6938149089,0.19382349036981686
5,w28994179,16672.165487814695,other,602602.7887910821,669558.6542123135,753253.4859888526,nr2,-464758.5858920557,-1829058.503491138,-1364299.9175990825,0.19382349036981686
6,w28994181,2845.002712316811,trade,324149.90597616514,360166.56219573907,405187.3824702064,nr2,-250001.2524348855,-983880.514594014,-733879.2621591286,0.19382349036981686
7,w29249266,23411.247439788887,trade,2697249.5326306587,2996943.9251451762,3371561.915788323,nr2,-2080259.0062656284,-8186864.192236565,-6106605.185970937,0.19382349036981686
8,w30213059,1747.46707642246,ab,354664.9280794791,394072.1423105323,443331.1600993488,r2,-292697.4299449742,-1151856.7764479045,-859159.3465029304,0.19382349036981686
9,w50930444,8762.936898044496,other,1082817.2797117848,1203130.310790872,1353521.599639731,nr2,-835124.956371226,-3286636.2221078593,-2451511.2657366334,0.19382349036981686
10,w50930445,4934.112452852726,other,664237.6418930636,738041.8243256261,830297.0523663294,nr2,-512294.5875537946,-2016136.549385629,-1503841.9618318342,0.19382349036981686
11,w50930458,1974.6456010334193,other,337265.1957843652,374739.10642707243,421581.49473045644,nr2,-260116.44549108093,-1023688.8805618583,-763572.4350707773,0.19382349036981686
12,w50930471,4724.4749339554455,other,805986.2955036239,895540.3283373598,1007482.8693795298,nr2,-621618.5154040301,-2446381.123535286,-1824762.608131256,0.19382349036981686
13,w50930472,9715.957844087014,other,1058464.4972369291,1176071.663596588,1323080.6215461614,nr2,-816342.8249969974,-3212719.100086794,-2396376.2750897966,0.19382349036981686
14,w50930478,6019.835157379508,trade,680901.6527717811,756557.3919686456,851127.0659647263,nr2,-525146.7387142959,-2066716.2203843873,-1541569.4816700914,0.19382349036981686
15,w50930479,4489.048651921749,other,605573.605365519,672859.5615172433,756967.0067068987,nr2,-467049.83401729236,-1838075.7158553344,-1371025.881838042,0.19382349036981686
16,w50930480,4441.97852948606,other,571805.8128687943,635339.7920764381,714757.2660859928,nr2,-441006.35764879006,-1735581.5535993555,-1294575.1959505654,0.19382349036981686
17,w50930481,1370.623297881335,other,219388.45256825408,243764.94729806008,274235.5657103176,nr2,-169203.77547741117,-665901.8547570083,-496698.0792795971,0.19382349036981686
18,w50930482,1573.369959426485,other,231580.2187222324,257311.35413581377,289475.2734027905,nr2,-178606.69909915037,-702907.0826970345,-524300.3835978841,0.19382349036981686
19,w50930483,704.9254127380437,other,154144.6310888841,171271.81232098234,192680.78886110513,nr2,-118884.34985746382,-467869.6373547223,-348985.2874972585,0.19382349036981686
20,w50930486,509.32494937628496,trade,106076.66272902593,117862.95858780658,132595.82841128242,nr2,-81811.83473278377,-321970.66723790386,-240158.83250512008,0.19382349036981686
21,w98916060,2713.01504517002,other,226605.19701500298,251783.55223889218,283256.4962687537,nr2,-174769.70382391638,-687806.5788030578,-513036.8749791414,0.19382349036981686
22,w98916062,151.14776481509907,trade,44628.266224654115,49586.962471837905,55785.33278081764,nr1,-37389.860664799424,-147147.8842333512,-109758.02356855175,0.21054937532558785
23,w98916065,222.67857759937178,other,74365.24956076973,82628.05506752193,92956.56195096216,nr2,-57354.34496529603,-225718.15896544594,-168363.8140001499,0.19382349036981686
24,w98916067,43210.64675020873,trade,3034378.024269405,3371531.1380771166,3792972.530336756,nr2,-2340270.0184155684,-9210138.139637379,-6869868.121221811,0.19382349036981686
25,w98916074,4745.314506876469,trade,491122.8611791089,545692.0679767877,613903.5764738861,nr2,-378779.472492612,-1490687.501298601,-1111908.028805989,0.19382349036981686
26,w98916075,67.06430839556852,sfh,14372.556497617988,15969.507219575542,17965.695622022486,r1,-12885.449258860637,-50708.31011117698,-37822.86085231634,0.21055777654026597
27,w98916076,98.82164086105185,sfh,30526.14503843407,33917.93893159341,38157.68129804259,r1,-27367.6498002671,-107700.34053191755,-80332.69073165045,0.21055777654026597
28,w98916079,3334.9361924076916,trade,503916.8562605286,559907.618067254,629896.0703256608,nr2,-388646.86635894206,-1529520.6529742524,-1140873.7866153102,0.19382349036981686
29,w98916080,2976.303781049745,other,385409.83654958865,428233.15172176517,481762.2956869858,nr2,-297248.0943591775,-1169820.5716644155,-872572.477305238,0.19382349036981686
30,w98916086,294.4025758753764,other,84265.32015590335,93628.13350655927,105331.65019487918,nr2,-64989.79388058642,-255767.48605787256,-190777.69217728614,0.19382349036981686
31,w98916091,1116.7099465291947,trade,65522.69205707044,72802.99117452271,81903.36507133805,nr2,-50534.50510140644,-198878.66320539924,-148344.1581039928,0.19382349036981686
32,w98916094,150.05011938810347,trade,46278.56665361178,51420.6296151242,57848.20831701472,nr1,-38772.493429047354,-152589.23871591358,-113816.74528686624,0.21054937532558785
33,w98916098,15131.85493721813,trade,1389797.224493673,1544219.1383263033,1737246.5306170913,nr2,-1071883.8424697681,-4218401.372964496,-3146517.5304947277,0.19382349036981686
34,w98916102,1892.1415951219387,trade,284238.58921225026,315820.65468027804,355298.2365153128,nr2,-219219.57089388315,-862739.1347822526,-643519.5638883695,0.19382349036981686
35,w98916109,81.43322088830173,sfh,38719.86130122445,43022.068112471614,48399.826626530565,r1,-34713.5743171187,-136608.87223853698,-101895.29792141827,0.21055777654026597
36,w98916113,559.2398283889517,trade,173540.7692960107,192823.07699556745,216925.96162001335,nr2,-133843.65959281303,-526742.0358608862,-392898.3762680732,0.19382349036981686
37,w98916116,6987.1012714248145,other,1062734.6846249367,1180816.3162499296,1328418.3557811708,nr2,-819636.2154174531,-3225680.245801377,-2406044.030383924,0.19382349036981686
38,w98916121,458.57296650111675,other,80557.30305057266,89508.1145006363,100696.62881321582,nr2,-62129.97839617034,-244512.67551973707,-182382.69712356673,0.19382349036981686
39,w98916126,1235.1179318586364,trade,194117.59848031573,215686.22053368413,242646.99810039465,nr2,-149713.57956617628,-589198.1430918899,-439484.56352571363,0.19382349036981686
40,w99055014,379.03616306802724,mfh,138482.6158739089,153869.5731932321,173103.2698423861,r2,-114286.76068378212,-449754.4777781016,-335467.71709431947,0.19382349036981686
41,w99055018,363.825429549627,mfh,74738.71105496878,83043.01228329864,93423.38881871097,r2,-61680.27033754831,-242731.33308618446,-181051.06274863615,0.19382349036981686
42,w99055022,32.828185592684896,sfh,8121.358728508361,9023.731920564845,10151.69841063545,r1,-7281.053710002322,-28653.244605270353,-21372.19089526803,0.21055777654026597
43,w99055023,57.57688737055287,sfh,23689.428722857134,26321.58746984126,29611.785903571417,r1,-21238.31844601629,-83579.48693639507,-62341.16849037878,0.21055777654026597
44,w99055025,2922.078992408514,trade,357208.00610134704,396897.78455705225,446510.0076266838,nr2,-275497.3771662036,-1084220.573199664,-808723.1960334604,0.19382349036981686
45,w99055028,168.94065034445376,ab,43794.80756460522,48660.897294005794,54743.50945575652,r1,-39263.42337000467,-154513.96441637748,-115250.54104637282,0.21055777654026597
46,w99055030,502.22660109587014,other,116326.93155687526,129252.14617430585,145408.66444609407,nr2,-89717.37472373176,-353082.9383912786,-263365.56366754684,0.19382349036981686
47,w99055036,2513.4158389533286,other,328535.37354705296,365039.3039411699,410669.2169338162,nr2,-253383.5529230897,-997191.5660884966,-743808.0131654069,0.19382349036981686
48,w99055038,337.97397138923407,other,86262.38089475907,95847.08988306564,107827.97611844883,nr2,-66530.0309027103,-261829.09246649925,-195299.06156378894,0.19382349036981686
49,w99055039,2475.299022556655,other,312686.9164410429,347429.90715671435,390858.64555130363,nr2,-241160.39921360073,-949087.3160316453,-707926.9168180446,0.19382349036981686
50,w99055040,101.95110847079195,trade,35391.70019666166,39324.111329624066,44239.62524582707,nr1,-29651.40371759512,-116693.1687900274,-87041.76507243227,0.21054937532558785
51,w99055041,189.90211718752977,ab,64982.981209910264,72203.31245545585,81228.72651238783,r2,-53629.073766326575,-211047.33322728807,-157418.2594609615,0.19382349036981686
52,w99055043,190.2007592998445,sfh,86320.99151306404,95912.21279229339,107901.23939133005,r2,-71238.880322877,-280347.48054293974,-209108.60022006274,0.19382349036981686
53,w99055048,47.74609960326925,sfh,24285.63485393199,26984.0387265911,30357.04356741499,r1,-21772.83600738819,-85682.98226026035,-63910.14625287216,0.21055777654026597
54,w99055050,194.95880112051967,trade,65308.77244341692,72565.3027149077,81635.96555427114,nr2,-50369.51917869665,-198229.36072008972,-147859.84154139308,0.19382349036981686
55,w99055053,122.33706042193808,ab,49059.40863841541,54510.454042683785,61324.260798019255,r1,-43983.30392959525,-173088.18424335442,-129104.88031375917,0.21055777654026597
56,w99055057,303.91877080444243,ab,87681.8017174346,97424.2241304829,109602.25214679325,r2,-72361.9280728166,-284767.0279277108,-212405.0998548942,0.19382349036981686
57,w99055067,194.8848727118224,sfh,33001.382887256914,36668.203208063234,41251.72860907114,r1,-29586.77843683945,-116433.312182287,-86846.53374544755,0.21055777654026597
58,w99055068,348.37368724122643,ab,132493.30677667502,147214.7853074167,165616.63347084375,r2,-109343.91113449274,-430302.80459674913,-320958.8934622564,0.19382349036981686
59,w99055094,263.70872883694244,other,66091.27134448045,73434.74593831161,82614.08918060057,nr2,-50973.02299495008,-200604.45140268342,-149631.42840773333,0.19382349036981686
60,w99055100,85.6876405166462,sfh,15744.323611141372,17493.69290126819,19680.404513926715,r1,-14115.281650836883,-55548.08876881428,-41432.8071179774,0.21055777654026597
61,w99055110,94.65369866762775,sfh,52473.960066172556,58304.40007352506,65592.45008271569,r2,-43305.644382638326,-170421.3800236054,-127115.73564096706,0.19382349036981686
62,w99055113,801.3236896117684,education,153671.86244078857,170746.51382309842,192089.8280509857,nr2,-118519.72610790604,-466434.659734194,-347914.93362628797,0.19382349036981686
63,w99055118,54.3237798044458,other,24020.58101149931,26689.534457221456,30025.726264374138,nr1,-20124.603823648697,-79200.42549054523,-59075.82166689653,0.21054937532558785
64,w99055131,500.74276516167447,th,174492.9614592318,193881.0682880353,218116.20182403974,r2,-144005.33382076953,-566706.4437063193,-422701.10988554975,0.19382349036981686
65,w99055135,663.0715527065098,ab,134760.33544465396,149733.70604961552,168450.41930581743,r2,-111214.84172896166,-437665.5070431214,-326450.6653141597,0.19382349036981686
66,w99055142,64.54166975589469,sfh,30373.370700461764,33748.18966717974,37966.7133755772,r1,-27230.682797888338,-107161.3321440769,-79930.64934618857,0.21055777654026597
67,w99055146,149.08371188635937,sfh,45007.11390865703,50007.90434295226,56258.89238582129,r1,-40350.29416331575,-158791.14405759965,-118440.84989428389,0.21055777654026597
68,w99055147,57.659734526090325,sfh,9628.24002989865,10698.044477665168,12035.300037373312,r1,-8632.020223956084,-33969.724268738486,-25337.704044782404,0.21055777654026597
69,w99055152,1635.3717537612654,other,264252.3847284261,293613.76080936234,330315.48091053264,nr2,-203805.17138224744,-802075.7293954501,-598270.5580132026,0.19382349036981686
70,w99055158,567.1104306213557,trade,144743.79539184985,160826.4393242776,180929.7442398123,nr2,-111633.93683909335,-439335.6199365838,-327701.68309749046,0.19382349036981686
71,w99055160,362.3993257842958,ab,101699.20767706775,112999.1196411864,127124.00959633468,r2,-83930.19539797078,-330291.8113627574,-246361.61596478662,0.19382349036981686
72,w99055171,150.93386064656082,sfh,36534.23113964701,40593.59015516334,45667.78892455876,r1,-32754.08808721179,-128897.67541422955,-96143.58732701777,0.21055777654026597
73,w99055172,71.28885925472714,sfh,34959.915482691984,38844.350536324426,43699.89435336498,r1,-31342.664551079866,-123343.27828529931,-92000.61373421944,0.21055777654026597
74,w99055173,413.9677898917347,ab,103778.03118873315,115308.92354303683,129722.53898591643,r2,-85645.80427553448,-337043.27382598247,-251397.469550448,0.19382349036981686
75,w99055181,184.62117180265486,other,55355.73112876553,61506.36792085059,69194.66391095691,nr2,-42693.21649180965,-168019.2535138431,-125326.03702203346,0.19382349036981686
76,w99055182,84.81555104400032,sfh,41072.2949799907,45635.88331110078,51340.36872498837,r1,-36822.60515012332,-144908.57427961964,-108085.96912949631,0.21055777654026597
77,w99055185,136.9722994968528,education,27137.63133712484,30152.92370791649,33922.039171406046,nr1,-22736.089485530007,-89477.93343037399,-66741.84394484397,0.21054937532558785
78,w99055186,41.49024544628337,sfh,8077.381808901094,8974.86867655677,10096.727261126367,r1,-7241.627017454317,-28498.088125102804,-21256.461107648487,0.21055777654026597
79,w99055192,160.51305735595523,ab,56573.984423398244,62859.982692664715,70717.4805292478,r2,-46689.3073756784,-183737.1619506347,-137047.8545749563,0.19382349036981686
80,w99055193,133.23216011486946,other,37451.259490311946,41612.510544791054,46814.07436288993,nr1,-31376.916302664715,-123483.9276106413,-92107.01130797659,0.21054937532558785
81,w99055199,594.2030242990702,ab,144875.40265854934,160972.66962061037,181094.25332318665,r2,-119562.59179621491,-470516.5385156792,-350953.94671946426,0.19382349036981686
82,w99055201,119.5810925271362,sfh,23915.67348956297,26572.970543958854,29894.59186195371,r1,-21441.1540001471,-84377.70886671427,-62936.55486656717,0.21055777654026597
83,w99055202,635.4450178422034,ab,183212.87097097567,203569.8566344174,229016.08871371957,r2,-151201.6898779103,-595026.376312861,-443824.6864349507,0.19382349036981686
84,w99055209,191.61494707558305,other,71166.34004527405,79073.7111614156,88957.92505659255,nr2,-54887.17971071596,-216008.62432662665,-161121.4446159107,0.19382349036981686
85,w99055216,463.1840371862054,education,97615.7064420698,108461.89604674422,122019.63305258725,nr2,-75286.30555773788,-296289.4318832344,-221003.12632549653,0.19382349036981686
86,w99055219,773.0541430711745,other,280358.9009157519,311509.889906391,350448.6261446898,nr2,-216227.35366568234,-850963.2568712968,-634735.9032056144,0.19382349036981686
87,w99055224,318.955577952601,ab,88079.81530757781,97866.46145286423,110099.76913447226,r2,-72690.40023257857,-286059.6695582417,-213369.2693256631,0.19382349036981686
88,w99055226,262.56915004737675,ab,69321.04823838189,77023.38693153542,86651.31029797735,r2,-57209.1883184994,-225136.21404921837,-167927.02573071897,0.19382349036981686
89,w99055235,1694.7837025728077,trade,455420.4985622041,506022.7761802268,569275.6232027551,nr2,-351243.9551145293,-1382321.4081542606,-1031077.4530397314,0.19382349036981686
90,w99055245,424.4345906373113,ab,110594.87925706254,122883.19917451392,138243.59907132815,r2,-91271.60415580412,-359182.5721322458,-267910.9679764417,0.19382349036981686
91,w99055249,70.42309986636974,sfh,33446.903939437485,37163.22659937498,41808.62992429685,r1,-29986.202082352927,-118005.17030500682,-88018.96822265389,0.21055777654026597
92,w99055257,137.79457132667304,trade,36946.07902516493,41051.19891684992,46182.59878145616,nr1,-30953.672721851108,-121818.2515068867,-90864.5787850356,0.21054937532558785
93,w99055287,226.3710821658373,mfh,65413.202259158345,72681.33584350927,81766.50282394793,r2,-53984.126057809204,-212444.57606612853,-158460.45000831934,0.19382349036981686
94,w99055292,58.725108856521544,trade,26638.013577625854,29597.792864028725,33297.51697203232,nr1,-22317.50637680492,-87830.59862544111,-65513.092248636196,0.21054937532558785
95,w99055300,847.1402418442303,other,253934.7967876531,282149.7742085034,317418.49598456634,nr2,-195847.711393072,-770759.1269674265,-574911.4155743545,0.19382349036981686
96,w99389931,488.4274571448564,mfh,99582.28350232905,110646.9816692545,124477.85437791131,r2,-82183.14285265807,-323416.6081417817,-241233.46528912365,0.19382349036981686
97,w99389943,3490.8252122399163,ab,624462.3880690951,693847.0978545501,780577.9850863689,r2,-515355.54156673007,-2028086.7274619206,-1512731.1858951906,0.19382349036981686
98,w99389949,2474.179022271931,ab,683124.5893772031,759027.3215302257,853905.7367215039,r2,-563768.2099711744,-2218605.859037719,-1654837.6490665448,0.19382349036981686
99,w99389956,671.7147096479312,education,46899.24791118664,52110.27545687404,58624.0598889833,nr1,-39292.50434816201,-154635.74290623283,-115343.23855807082,0.21054937532558785
100,w99389960,693.6997662768932,ab,196619.69517326806,218466.32797029783,245774.61896658505,r2,-162266.0570511304,-638568.153594531,-476302.0965434006,0.19382349036981686
101,w99389971,1612.9015118613836,education,309303.5674613809,343670.63051264547,386629.4593267261,nr2,-238550.98465957647,-938817.9589416396,-700266.9742820632,0.19382349036981686
102,w99389974,235.12884147074072,education,43366.28216826591,48184.7579647399,54207.85271033239,nr1,-36332.56196105801,-142986.88270801833,-106654.32074696032,0.21054937532558785
103,w99389975,1082.0712234761565,mfh,203599.25388206367,226221.39320229297,254499.0673525796,r2,-168026.1385660321,-661235.8925189185,-493209.7539528864,0.19382349036981686
104,w99389979,163.53384786918758,ab,58414.06986123536,64904.52206803929,73017.58732654419,r2,-48207.89079313265,-189713.26703746416,-141505.3762443315,0.19382349036981686
105,w99389992,2569.363114476204,other,222880.7619206125,247645.2910229028,278600.9524007656,nr2,-171897.22593315147,-676501.9353350744,-504604.709401923,0.19382349036981686
106,w99390006,431.6004564465955,education,83282.49698597375,92536.10776219305,104103.12123246718,nr2,-64231.78957802618,-252784.35834949568,-188552.5687714695,0.19382349036981686
107,w99390011,2554.974828636646,ab,487902.76263553556,542114.1807061506,609878.4532944195,r2,-402655.7840375786,-1584577.608033051,-1181921.8239954724,0.19382349036981686
108,w99390014,587.280543653667,trade,125980.24566648666,139978.05074054073,157475.30708310832,nr2,-97162.51221430888,-382383.2944259352,-285220.7822116263,0.19382349036981686
109,w99390021,1617.1983746248297,other,203329.9608709738,225922.17874552644,254162.45108871724,nr2,-156818.63217636556,-617160.0942831194,-460341.46210675384,0.19382349036981686
110,w99390022,5590.431437242403,education,501507.8998853299,557230.9998725888,626884.8748566624,nr2,-386788.9540172833,-1522208.8346014305,-1135419.8805841473,0.19382349036981686
111,w99390025,237.89438336268066,education,22880.136119028128,25422.373465586807,28600.170148785157,nr1,-19169.131446327803,-75440.161711372,-56271.030265044195,0.21054937532558785
112,w99390027,116.0190749399364,mfh,27759.268305341284,30843.631450379202,34699.0853816766,r1,-24887.05772496735,-97938.4277195155,-73051.36999454815,0.21055777654026597
113,w99390046,1095.085822885856,mfh,211796.0789351003,235328.97659455586,264745.09866887535,r2,-174790.80413283643,-687856.9867833684,-513066.182650532,0.19382349036981686
114,w99390052,1678.6958267321402,education,313307.17899148044,348119.0877683116,391633.9737393505,nr2,-241638.77792539107,-950969.9765725146,-709331.1986471235,0.19382349036981686
115,w99390065,2581.633286331594,education,348951.4029727128,387723.781080792,436189.253715891,nr2,-269129.4557663802,-1059159.6036135845,-790030.1478472044,0.19382349036981686
116,w99390082,124.21957990797236,education,39827.93660519214,44253.26289465793,49784.92075649017,nr1,-33368.11232455939,-131320.2842192529,-97952.17189469351,0.21054937532558785
117,w99390107,332.09000708311794,education,26712.358260262183,29680.39806695798,33390.44782532773,nr1,-22379.792850380843,-88075.72718810735,-65695.9343377265,0.21054937532558785
118,w99390110,1066.5973296171287,mfh,239891.65743218464,266546.2860357607,299864.5717902308,r2,-197977.48814877338,-779103.907236801,-581126.4190880277,0.19382349036981686
119,w99390116,694.0162199864862,ab,158097.7549469809,175664.1721633121,197622.1936837261,r2,-130474.71821820972,-513459.200386656,-382984.4821684463,0.19382349036981686
120,w99390122,307.42072394330467,other,98676.7039395479,109640.78215505321,123345.87992443486,nr2,-76104.6019641521,-299509.839307565,-223405.2373434129,0.19382349036981686
121,w99390129,1196.3697846690193,trade,195071.71625481176,216746.35139423527,243839.6453185147,nr2,-150449.44477605834,-592094.14234917,-441644.69757311174,0.19382349036981686
122,w99390130,964.417538562417,education,164651.07624751102,182945.64027501224,205813.84530938877,nr2,-126987.46634730262,-499759.4712823118,-372772.0049350092,0.19382349036981686
123,w99390133,9252.387912133521,education,680645.1328091653,756272.3697879614,850806.4160114565,nr2,-524948.8971886741,-2065937.6145968519,-1540988.717408178,0.19382349036981686
124,w99390139,1249.1388426542283,ab,193561.77819765167,215068.6424418352,241952.22274706457,r2,-159742.42313955448,-628636.8575702752,-468894.43443072075,0.19382349036981686
125,w99390141,112.67489476799965,other,30821.618759402736,34246.24306600304,38527.023449253415,nr1,-25822.55884816346,-101624.74083717843,-75802.18198901496,0.21054937532558785
126,w99758761,171.36210507287177,trade,71706.83112597434,79674.25680663815,89633.53890746791,nr2,-55304.03451959842,-217649.15740348023,-162345.12288388182,0.19382349036981686
127,w99758765,309.03573338240386,trade,64055.628922168136,71172.92102463126,80069.53615271016,nr2,-49403.02977358823,-194425.73940225077,-145022.70962866253,0.19382349036981686
128,w99758770,601.7205038767308,mfh,123602.56527583835,137336.18363982037,154503.20659479793,r2,-102006.57106624427,-401428.0554050546,-299421.4843388103,0.19382349036981686
129,w99758771,976.6668764967471,mfh,175271.79498964516,194746.4388773835,219089.74373705644,r2,-144648.08858634895,-569235.8865936932,-424587.79800734424,0.19382349036981686
130,w99758774,197.5460334163159,ab,62183.884482976144,69093.20498108461,77729.85560372018,r2,-51319.038707101856,-201956.61610927156,-150637.5774021697,0.19382349036981686
131,w99758775,265.071225726977,sfh,41468.16576899654,46075.73974332949,51835.20721124567,r1,-37177.51577201897,-146305.25960391745,-109127.7438318985,0.21055777654026597
132,w99758777,337.6781565959565,ab,105954.58460251115,117727.31622501239,132443.23075313892,r2,-87442.06756494552,-344112.1368583012,-256670.06929335566,0.19382349036981686
133,w99758783,333.3155570875853,th,46165.858494498185,51295.3983272202,57707.32311812273,r1,-41389.14515459975,-162879.35062044868,-121490.20546584894,0.21055777654026597
134,w99758786,182.17889552428386,mfh,58859.38042021428,65399.31157801586,73574.22552526784,r2,-48575.39613640493,-191159.51656588874,-142584.12042948382,0.19382349036981686
135,w99758788,349.08404515869915,other,107247.06333366054,119163.40370406726,134058.82916707566,nr2,-82714.50850073702,-325523.14196622814,-242808.63346549112,0.19382349036981686
136,w99758792,60.93018751584459,sfh,22560.840147597835,25067.600163997595,28201.050184497293,r1,-20226.503267342705,-79597.67482999183,-59371.17156264912,0.21055777654026597
137,w99758793,126.39461716674268,ab,45544.688375520156,50605.2093061335,56930.86046940019,r1,-40832.24659236147,-160687.7789936365,-119855.532401275,0.21055777654026597
138,w99758796,906.0679207786917,ab,179322.33204421046,199247.03560467827,224152.91505526306,r2,-147990.9107599089,-582390.9470047095,-434400.0362448006,0.19382349036981686
139,w99758800,420.9761067721993,ab,99487.39834212833,110541.55371347592,124359.24792766041,r2,-82104.8361458713,-323108.4465331519,-241003.61038728058,0.19382349036981686
140,w99758801,293.7319820257835,mfh,71440.53956745433,79378.37729717146,89300.6744593179,r2,-58958.35948174206,-232019.7547004879,-173061.39521874583,0.19382349036981686
141,w99758803,512.6721141899004,mfh,131384.60978199245,145982.8997577694,164230.76222749054,r2,-108428.92706011992,-426702.0534503985,-318273.1263902786,0.19382349036981686
142,w99758805,165.76912949401884,sfh,58159.717102174254,64621.90789130473,72699.64637771781,r2,-47997.97886504959,-188887.19734199348,-140889.2184769439,0.19382349036981686
143,w99758807,110.8734177275095,other,42605.10553834061,47339.006153711794,53256.381922925764,nr1,-35694.8430770005,-140477.13854593158,-104782.29546893109,0.21054937532558785
144,w99758813,43.0509613757953,other,17306.7893226752,19229.765914083553,21633.486653343996,nr1,-14499.74413239441,-57063.77699918693,-42564.03286679252,0.21054937532558785
145,w99758814,84.92593946289271,th,18715.5754116606,20795.083790734,23394.46926457575,r1,-16779.10240654128,-66031.06427453538,-49251.961867994105,0.21055777654026597
146,w99758818,424.19755738042295,mfh,91711.52463429667,101901.69403810741,114639.40579287084,r2,-75687.57278074659,-297854.4895894255,-222166.9168086789,0.19382349036981686
147,w99758821,35.03456762442365,sfh,16591.68554566197,18435.206161846632,20739.606932077462,r1,-14874.96829482153,-58537.69550712827,-43662.72721230674,0.21055777654026597
148,w99758824,478.7830200769007,ab,169348.0416963535,188164.4907737261,211685.05212044186,r2,-139759.34084925667,-549997.1211205125,-410237.7802712558,0.19382349036981686
149,w99758826,392.0728006519377,ab,106368.10829847213,118186.78699830236,132960.13537309016,r2,-87783.33988551171,-345455.15116195317,-257671.81127644144,0.19382349036981686
152,w99758837,194.723237061128,mfh,81068.34105236304,90075.9345026256,101335.4263154538,r2,-66903.97949529378,-263288.277479831,-196384.29798453723,0.19382349036981686
153,w99758838,478.1149431033991,ab,109862.70524728548,122069.67249698387,137328.38155910684,r2,-90667.35650127925,-356804.66688159824,-266137.310380319,0.19382349036981686
154,w99758842,66.20839738831855,sfh,28836.13150330949,32040.146114788324,36045.16437913686,r1,-25852.499474906093,-101737.74574612654,-75885.24627122044,0.21055777654026597
155,w99758845,141.8255072105676,th,68631.03812160477,76256.7090240053,85788.79765200596,r2,-56639.737629054755,-222895.24583978433,-166255.50821072957,0.19382349036981686
156,w99758846,563.5821329504251,other,132388.56970357036,147098.41078174484,165485.71212946295,nr2,-102104.94473007617,-401834.2491695553,-299729.30443947914,0.19382349036981686
157,w99758847,385.25146163031457,sfh,141765.98617754248,157517.76241949163,177207.4827219281,r2,-116996.45643699694,-460417.98587941757,-343421.52944242064,0.19382349036981686
158,w99758850,177.17881421931088,ab,51542.08490718524,57268.98323020582,64427.60613398155,r2,-42536.587612514086,-167394.89888126234,-124858.31126874825,0.19382349036981686
159,w99758852,422.9061155930161,other,94738.4325839545,105264.92509328279,118423.04072994312,nr2,-73067.20243641884,-287556.14635095804,-214488.94391453918,0.19382349036981686
160,w99758858,57.38898355839774,sfh,9200.09663478349,10222.329594203877,11500.12079347936,r1,-8248.176194942382,-32459.176854633693,-24211.00065969131,0.21055777654026597
161,w99758862,402.33381934519855,sfh,153965.21116104606,171072.45684560674,192456.51395130757,r2,-127064.21763156266,-500037.804057527,-372973.5864259643,0.19382349036981686
162,w99758864,101.365438436158,other,39005.52169932354,43339.46855480393,48756.90212415442,nr1,-32679.087602328666,-128608.62581084979,-95929.53820852112,0.21054937532558785
163,w99758865,63.831228005420414,other,19191.6289905496,21324.03221172178,23989.536238187,nr1,-16078.875443535924,-63278.45197335372,-47199.5765298178,0.21054937532558785
164,w99758868,445.0926624152809,ab,107761.9123396737,119735.45815519299,134702.3904245921,r2,-88933.61674800204,-349981.85369945003,-261048.236951448,0.19382349036981686
165,w99758869,105.27734354436397,other,36782.57152472311,40869.523916359016,45978.21440590389,nr1,-30816.68504170252,-121279.1361707636,-90462.45112906108,0.21054937532558785
166,w99758874,732.9468768487684,ab,145140.5559918637,161267.2844354041,181425.6949898296,r2,-119781.41720876054,-471377.6855860414,-351596.2683772809,0.19382349036981686
167,w99758876,118.68904608124866,sfh,19767.0966607297,21963.44073414411,24708.870825912127,r1,-17721.82430168493,-69740.97250103115,-52019.14819934622,0.21055777654026597
168,w99758878,556.4759241774678,other,165946.20228490618,184384.6692054513,207432.75285613272,nr2,-127986.33485054885,-503690.5206167211,-375704.18576617225,0.19382349036981686
169,w99758879,141.26093079326674,other,63241.62786203879,70268.47540226532,79052.03482754849,nr2,-48775.22985520532,-191955.03135281205,-143179.80149760674,0.19382349036981686
170,w99758882,536.390386541374,other,173463.4893925074,192737.21043611935,216829.36174063425,nr2,-133784.05731526282,-526507.4709579669,-392723.413642704,0.19382349036981686
171,w99758886,70.57262436598539,sfh,28508.101772463415,31675.66863607046,35635.12721557927,r1,-25558.410496865523,-100580.41278868185,-75022.00229181632,0.21055777654026597
172,w99758887,84.85345135740936,sfh,35123.0717850301,39025.635316700114,43903.839731287626,r1,-31488.93931127229,-123918.91563811999,-92429.9763268477,0.21055777654026597
173,w99758888,71.82869699064176,other,23233.64309960051,25815.158999556123,29042.053874500638,nr1,-19465.30196483057,-76605.74148072927,-57140.439515898695,0.21054937532558785
174,w99758891,1365.0763243824242,trade,394777.7044394887,438641.8938216541,493472.1305493609,nr2,-304473.0808914635,-1198254.523087006,-893781.4421955426,0.19382349036981686
175,w99758895,154.4283221337944,other,11343.022479982455,12603.358311091617,14178.778099978068,nr1,-9503.260285965065,-37400.1031171292,-27896.842831164133,0.21054937532558785
176,w99758899,158.4874060918577,th,51555.465518172896,57283.85057574766,64444.33189771612,r2,-42547.63034647818,-167438.3555250376,-124890.72517855941,0.19382349036981686
177,w99758900,82.77785695786588,sfh,14105.077346915961,15672.308163239957,17631.34668364495,r1,-12645.645781675119,-49764.60773475421,-37118.96195307909,0.21055777654026597
178,w99758903,400.34018093422054,trade,111219.17925647758,123576.86584053065,139023.97407059697,nr2,-85778.01071749792,-337579.5621166498,-251801.5513991519,0.19382349036981686
179,w99758905,110.54209396946244,sfh,42224.87349281815,46916.52610313128,52781.09186602269,r1,-37855.92806288088,-148975.02610853533,-111119.09804565445,0.21055777654026597
180,w99758908,248.9345047255978,ab,62155.14284179054,69061.2698242117,77693.92855223817,r2,-51295.31884127531,-201863.27095009512,-150567.9521088198,0.19382349036981686
181,w99758913,208.22132023065353,ab,66297.76659895918,73664.18510995463,82872.20824869897,r2,-54714.138214022896,-215317.4043283452,-160603.2661143223,0.19382349036981686
182,w99758915,71.10941483918579,ab,27065.001520575188,30072.223911750207,33831.251900718984,r1,-24264.625701221365,-95488.96123610708,-71224.33553488571,0.21055777654026597
183,w99758919,819.0798590054737,ab,208080.77592565658,231200.8621396184,260100.9699070707,r2,-171724.64349434414,-675790.6768407455,-504066.03334640135,0.19382349036981686
184,w99758922,83.9358181065414,th,29500.748365313924,32778.60929479325,36875.9354566424,r1,-26448.349409700964,-104082.60331890585,-77634.25390920488,0.21055777654026597
185,w99758926,36.12754547015065,sfh,13125.615217519764,14584.016908355294,16407.019021899705,r1,-11767.52715529143,-46308.933762778,-34541.40660748657,0.21055777654026597
186,w99758928,119.38002583179623,sfh,50451.804126083465,56057.56014009274,63064.755157604326,r2,-41636.80204793925,-163853.95866835932,-122217.15662042008,0.19382349036981686
187,w99758931,65.79372537583113,th,29795.3796286822,33105.977365202445,37244.22453585275,r1,-26712.49561047152,-105122.10199638906,-78409.60638591753,0.21055777654026597
188,w99758935,355.7203856162727,ab,97740.68299085365,108600.75887872626,122175.85373856705,r2,-80663.30907711934,-317435.5825012156,-236772.2734240963,0.19382349036981686
189,w99758936,99.44306262517348,th,46648.143097256325,51831.270108062585,58310.1788715704,r1,-41821.52848029407,-164580.91548836612,-122759.38700807205,0.21055777654026597
190,w99758945,525.0721962768584,mfh,72696.76550898828,80774.18389887585,90870.95688623533,r2,-59995.09606155633,-236099.6403867919,-176104.54432523556,0.19382349036981686
191,w99758951,355.6037514369003,ab,88176.77832572878,97974.19813969864,110220.97290716098,r2,-72770.42175138557,-286374.5794934497,-213604.15774206416,0.19382349036981686
192,w99758953,525.4067761451006,other,115621.89938143763,128468.77709048626,144527.37422679702,nr2,-89173.61727195799,-350942.9796660525,-261769.36239409453,0.19382349036981686
193,w99758954,37.75478148937691,sfh,15454.106966036949,17171.229962263275,19317.633707546185,r1,-13855.093294284618,-54524.16545761912,-40669.0721633345,0.21055777654026597
194,w99758959,30.14875982720405,sfh,5386.67163386435,5985.190704293722,6733.339542330437,r1,-4829.3206587016375,-19004.901161623104,-14175.580502921466,0.21055777654026597
195,w99758962,201.50926117040217,mfh,21723.95521923704,24137.72802137449,27154.944024046297,r1,-19476.209589131355,-76645.03237687483,-57168.822787743484,0.21055777654026597
196,w99758966,155.61690238779408,th,53966.642471051426,59962.936078946026,67458.30308881428,r2,-44537.52345790516,-175269.21302602446,-130731.6895681193,0.19382349036981686
197,w99758967,90.83302856497467,ab,36490.03724639751,40544.485829330566,45612.54655799688,r1,-32714.466870964545,-128741.7534219043,-96027.28655093975,0.21055777654026597
198,w99758970,391.2386861808598,th,114162.05294071334,126846.72548968148,142702.56617589167,r2,-94215.51680887016,-370767.7976647772,-276552.280855907,0.19382349036981686
199,w99758974,163.93810575278476,sfh,52549.96407185974,58388.84896873304,65687.45508982467,r2,-43368.368873753425,-170668.2206950584,-127299.85182130498,0.19382349036981686
200,w99758975,139.83927450878545,sfh,48769.161981762925,54187.95775751436,60961.45247720365,r1,-43723.08866674558,-172064.15504738604,-128341.06638064046,0.21055777654026597
201,w99758979,705.2831632008775,trade,118383.22027633703,131536.91141815225,147979.02534542128,nr2,-91303.2914423717,-359324.3173525505,-268021.0259101788,0.19382349036981686
202,w99758981,319.7999828794971,other,27092.453379920906,30102.725977689894,33865.56672490113,nr1,-22698.239090077222,-89328.9731104037,-66630.73402032649,0.21054937532558785
203,w99758984,336.42351993245535,ab,99044.44301429484,110049.38112699427,123805.55376786855,r2,-81739.27452482417,-321669.84616521705,-239930.57164039288,0.19382349036981686
204,w99758985,1446.6540044941007,ab,308773.6475480953,343081.8306089948,385967.05943511915,r2,-254824.3311270113,-1002814.1779981913,-747989.84687118,0.19382349036981686
205,w99758989,963.3213891830295,education,178962.42487789664,198847.1387532185,223703.03109737078,nr2,-138025.12212219517,-543198.191440489,-405173.0693182938,0.19382349036981686
206,w99758991,346.04414169639347,ab,108571.37632794297,120634.8625866033,135714.2204099287,r2,-89601.65017967626,-352610.7761170891,-263009.12593741284,0.19382349036981686
207,w99758995,38.315451947040856,sfh,14153.006730026627,15725.56303336292,17691.258412533283,r1,-12688.615982152907,-49933.709037129745,-37245.09305497684,0.21055777654026597
208,w99758997,604.6954287230968,other,183323.21692341135,203692.46324823482,229154.0211542642,nr2,-141388.3915629302,-556434.3462030761,-415045.9546401459,0.19382349036981686
209,w99759000,505.76658869385716,other,34496.09632156219,38328.995912846876,43120.120401952736,nr1,-28901.06078622835,-113740.1924259294,-84839.13163970105,0.21054937532558785
210,w99759001,277.86601877255595,other,81574.80850317713,90638.67611464126,101968.51062897142,nr2,-62914.73147744734,-247601.07310941373,-184686.34163196638,0.19382349036981686
211,w99759005,200.24946516156197,th,50791.008241442374,56434.45360160264,63488.76030180296,r2,-41916.73999762583,-164955.6028624749,-123038.86286484906,0.19382349036981686
212,w99759006,478.86383471041916,sfh,107306.25960596674,119229.17733996305,134132.82450745843,r2,-88557.5762276562,-348502.015555122,-259944.43932746578,0.19382349036981686
213,w99759010,347.4218390390277,ab,91918.43252307092,102131.59169230102,114898.04065383865,r2,-75858.32946539401,-298526.47104266845,-222668.14157727442,0.19382349036981686
214,w99759011,1184.1155465334652,health,269958.28428687295,299953.6492076366,337447.8553585912,nr2,-208205.8576375267,-819394.6404618602,-611188.7828243335,0.19382349036981686
215,w99759013,1127.2734199425206,other,171785.6852225,190872.98358055556,214732.106528125,nr2,-132490.04754969105,-521414.89249429683,-388924.8449446058,0.19382349036981686
216,w99759015,262.8249901607633,mfh,34217.03964154063,38018.932935045144,42771.29955192578,r1,-30676.65297837354,-120722.31252089636,-90045.65954252283,0.21055777654026597
217,w99759016,162.4421672269469,other,39579.42093353886,43977.13437059873,49474.27616692357,nr1,-33159.90422861051,-130500.88076991141,-97340.9765413009,0.21054937532558785
218,w99759020,78.66829424034803,other,23783.079223761644,26425.64358195738,29728.849029702054,nr1,-19925.62323348975,-78417.33691185582,-58491.71367836607,0.21054937532558785
219,w99759023,45.55874986834824,th,17153.126364166834,19059.029293518703,21441.407955208542,r1,-15378.31765927848,-60518.53413792691,-45140.21647864843,0.21055777654026597
220,w99759028,314.5253525768406,trade,117384.63411857742,130427.3712428638,146730.79264822177,nr2,-90533.12990444919,-356293.34481592657,-265760.2149114774,0.19382349036981686
221,w99759036,422.98085668310523,mfh,84448.21047114403,93831.34496793781,105560.26308893003,r2,-69693.31391802283,-274265.1888835419,-204571.87496551906,0.19382349036981686
222,w99759038,116.55152825303375,ab,40682.52312775101,45202.8034752789,50853.15390968876,r1,-36473.16241699516,-143533.40682355475,-107060.24440655959,0.21055777654026597
224,w99759044,415.2007402397692,trade,91754.0768965997,101948.97432955522,114692.59612074961,nr2,-70765.51224371912,-278497.83920580003,-207732.3269620809,0.19382349036981686
225,w99759045,941.2816024620085,trade,131494.20155201256,146104.66839112507,164367.75194001567,nr2,-101415.16153438472,-399119.6057870708,-297704.4442526861,0.19382349036981686
226,w99759047,442.628270605579,mfh,92497.8685975063,102775.40955278477,115622.33574688286,r2,-76336.52574694635,-300408.3243526951,-224071.79860574874,0.19382349036981686
227,w99759050,246.0824731603265,trade,87689.82726981034,97433.14141090038,109612.28408726292,nr2,-67630.95172658583,-266161.76894780627,-198530.81722122044,0.19382349036981686
228,w99759051,91.54405212756247,th,29950.586920623486,33278.42991180387,37438.23365077935,r1,-26851.643832657734,-105669.6941726716,-78818.05034001387,0.21055777654026597
229,w99759055,270.5142616614699,other,63025.800446954905,70028.66716328323,78782.25055869363,nr2,-48608.77253689062,-191299.93818665255,-142691.16564976194,0.19382349036981686
230,w99759057,194.30349186724052,th,63544.9103105719,70605.45590063544,79431.13788821487,r2,-52442.2644063081,-206376.86378057636,-153934.59937426826,0.19382349036981686
231,w99759061,534.3112589053809,trade,95523.08154318364,106136.75727020403,119403.85192897954,nr2,-73672.36448926065,-289937.76302752993,-216265.39853826928,0.19382349036981686
232,w99759062,137.67195288166403,th,51134.694142143744,56816.326824604155,63918.36767767968,r2,-42200.37666953569,-166071.8026960365,-123871.4260265008,0.19382349036981686
233,w99759063,182.5971095246263,sfh,62796.75246680318,69774.16940755908,78495.94058350397,r2,-51824.82563318193,-203947.04731447075,-152122.22168128882,0.19382349036981686
234,w99759067,347.13443305995315,other,53063.728204032785,58959.69800448087,66329.66025504097,nr2,-40925.504728815205,-161062.419729653,-120136.91500083779,0.19382349036981686
235,w99759073,34.86947953915223,sfh,16322.376591394783,18135.973990438648,20402.970739243476,r1,-14633.524341149006,-57587.537337914575,-42954.01299676557,0.21055777654026597
236,w99759074,1179.944325777702,mfh,260161.20526083146,289068.00584536826,325201.5065760393,r2,-214705.51532563064,-844933.9743606912,-630228.4590350605,0.19382349036981686
237,w99759077,212.39228247441352,sfh,52914.64659119377,58794.05176799308,66143.3082389922,r2,-43669.333608927394,-171852.61192714793,-128183.27831822053,0.19382349036981686
239,w99759083,341.51128259450195,trade,45059.565495100775,50066.1838834453,56324.45686887597,nr1,-37751.206085337435,-148569.9599823426,-110818.75389700517,0.21054937532558785
240,w99759085,319.12387123871594,other,63311.391095623374,70345.9901062482,79139.23886952922,nr2,-48829.03488629898,-192166.78117872126,-143337.7462924223,0.19382349036981686
241,w99759087,592.8829183824361,other,172965.5863999473,192183.9848888303,216206.98299993412,nr2,-133400.04865310926,-524996.203968508,-391596.1553153988,0.19382349036981686
242,w99759088,334.1662621571682,ab,88658.67471107052,98509.63856785613,110823.34338883814,r2,-73168.12059985388,-287939.6499953665,-214771.52939551265,0.19382349036981686
243,w99759091,80.87078364617192,sfh,11524.131641001168,12804.590712223518,14405.164551251459,r1,-10331.746724193517,-40658.68456393012,-30326.9378397366,0.21055777654026597
244,w99759093,176.2003906674683,sfh,54665.253714504965,60739.1707938944,68331.56714313121,r2,-45114.07247445661,-177538.11539320278,-132424.04291874619,0.19382349036981686
245,w99759094,339.69808716569094,other,127766.57717581006,141962.86352867784,159708.22146976256,nr2,-98540.22390375046,-387805.28200706944,-289265.05810331897,0.19382349036981686
246,w99759096,246.47077107857913,mfh,47013.13833967629,52236.8203774181,58766.42292459536,r1,-42148.758202905185,-165868.6677365346,-123719.90953362943,0.21055777654026597
247,w99759099,50.23060751573648,th,24989.00373869263,27765.55970965848,31236.254673365787,r1,-22403.428350256818,-88164.56217521189,-65761.13382495508,0.21055777654026597
248,w99759102,1460.464218017459,other,404928.3339724756,449920.3710805284,506160.4174655945,nr2,-312301.7738803051,-1229064.3626835747,-916762.5888032696,0.19382349036981686
249,w99759105,189.26809048298745,mfh,53255.998957558084,59173.332175064534,66569.9986969476,r2,-43951.04446452706,-172961.23306564728,-129010.18860112022,0.19382349036981686
250,w99759110,35.61810292806477,th,21502.86142041705,23892.068244907834,26878.576775521313,r1,-19277.992039830653,-75864.98375323018,-56586.99171339952,0.21055777654026597
251,w99759111,238.72463138289748,th,34535.9950545772,38373.327838419114,43169.9938182215,r1,-30962.606544894756,-121847.63006607891,-90885.02352118416,0.21055777654026597
252,w99759113,635.4707306571305,th,212224.98925564316,235805.54361738128,265281.2365695539,r2,-175144.7747077664,-689249.9727261313,-514105.19801836496,0.19382349036981686
253,w99759120,160.90588292758912,th,23237.39167444857,25819.324082720632,29046.73959306071,r1,-20833.053004801357,-81984.63950363379,-61151.58649883243,0.21055777654026597
254,w99759121,33.129497365746644,ab,17191.860563128615,19102.06729236513,21489.825703910767,r1,-15413.044087759554,-60655.193595357996,-45242.14950759844,0.21055777654026597
255,w99759126,310.54387535755524,ab,74661.4219255084,82957.13547278711,93326.77740688549,r2,-61616.48526108687,-242480.31867662113,-180863.83341553426,0.19382349036981686
256,w99759127,85.13879598667843,other,32860.8525520517,36512.05839116855,41076.06569006462,nr1,-27531.042592216545,-108348.48261408125,-80817.4400218647,0.21054937532558785
257,w99759131,184.6887545518577,ab,66274.46957377039,73638.29952641155,82843.08696721298,r2,-54694.9116741024,-215241.74182492233,-160546.83015081994,0.19382349036981686
258,w99759132,153.35469039995223,ab,44301.10147182197,49223.44607980218,55376.376839777455,r1,-39717.33179280981,-156300.2373357987,-116582.9055429889,0.21055777654026597
259,w99759137,162.2998407471925,mfh,26131.587467902093,29035.09718655788,32664.484334877616,r1,-23427.790624927176,-92195.7510648392,-68767.96043991203,0.21055777654026597
260,w99759138,557.9003615580499,mfh,114243.39084343535,126937.10093715039,142804.2385542942,r2,-94282.64325188432,-371031.96140642423,-276749.3181545399,0.19382349036981686
261,w99759140,160.4533356629312,ab,54087.72543979606,60097.4727108845,67609.65679974506,r2,-44637.45065948547,-175662.4581061517,-131025.00744666622,0.19382349036981686
262,w99759142,128.98004897348582,sfh,50447.45984022519,56052.73315580576,63059.32480028148,r2,-41633.21680111896,-163839.84959044235,-122206.6327893234,0.19382349036981686
263,w99759148,518.2482564277947,ab,122067.53269869335,135630.59188743704,152584.41587336667,r2,-100739.74129357653,-396442.6803762147,-295702.9390826381,0.19382349036981686
264,w99759152,155.39786574579776,ab,44876.1750923536,49862.41676928178,56095.218865442,r1,-40232.90339335964,-158329.17432355788,-118096.27093019824,0.21055777654026597
265,w99759159,71.9146042395383,sfh,34070.300398334104,37855.889331482336,42587.87549791763,r1,-30545.096628399562,-120204.59675813493,-89659.50012973536,0.21055777654026597
266,w99759161,242.4930030848831,mfh,71934.50220725962,79927.2246747329,89918.12775907452,r2,-59366.01635365991,-233624.01316791747,-174257.99681425755,0.19382349036981686
267,w99759162,714.1891373082996,mfh,155025.33407488256,172250.37119431395,193781.6675936032,r2,-127939.11454901649,-503480.7995879353,-375541.68503891886,0.19382349036981686
268,w99759164,595.7694656141102,mfh,71961.73720566227,79957.48578406918,89952.17150707783,r2,-59388.492819207764,-233712.46515451936,-174323.97233531158,0.19382349036981686
269,w99759165,160.50856082765387,mfh,63770.821559896285,70856.46839988476,79713.52694987036,r2,-52628.704160672794,-207110.56306350007,-154481.85890282728,0.19382349036981686
270,w99759170,93.69908212199807,sfh,47013.36803003878,52237.07558893198,58766.71003754847,r1,-42148.96412754439,-165869.4781149897,-123720.51398744532,0.21055777654026597
271,w99759172,204.59550149962305,other,61730.81695510983,68589.7966167887,77163.52119388728,nr2,-47610.01397218021,-187369.32151560846,-139759.30754342827,0.19382349036981686
272,w99759176,41.50382452430203,sfh,14493.422515544977,16103.802795049975,18116.77814443122,r1,-12993.809448043186,-51134.7416593821,-38140.93221133892,0.21055777654026597
273,w99759177,360.73507672324774,ab,106008.57950246714,117787.31055829681,132510.72437808392,r2,-87486.62840870538,-344287.4978440765,-256800.8694353711,0.19382349036981686
274,w99759180,347.1465133147314,education,74374.97687321722,82638.86319246358,92968.72109152153,nr2,-57361.84717415023,-225747.68392596577,-168385.83675181554,0.19382349036981686
275,w99759183,128.67689446713774,sfh,42546.20900035321,47273.56555594801,53182.76125044151,r1,-38144.01545903058,-150108.74094684687,-111964.7254878163,0.21055777654026597
276,w99759189,171.2441471248865,ab,57837.994960024385,64264.43884447154,72297.49370003048,r2,-47732.46841643102,-187842.32991860504,-140109.86150217403,0.19382349036981686
277,w99759190,369.99921465907244,other,75198.04717388457,83553.38574876063,93997.5589673557,nr2,-57996.64176213299,-228245.91951400004,-170249.27775186705,0.19382349036981686
278,w99759195,184.4751641433686,sfh,51261.17835256776,56956.864836186396,64076.4729407097,r2,-42304.761401119395,-166482.58956374144,-124177.82816262204,0.19382349036981686
279,w155463247,886.8482149265707,mfh,186269.900882997,206966.55653666332,232837.37610374624,r2,-153724.5917147478,-604954.7913919425,-451230.1996771947,0.19382349036981686
280,w155463249,403.549402025342,trade,87242.84372721925,96936.49303024361,109053.55465902406,nr2,-67286.21479035557,-264805.0559277139,-197518.84113735834,0.19382349036981686
281,w155463253,721.7602650925515,mfh,85711.09171490726,95234.54634989696,107138.86464363408,r2,-70735.54297736859,-278366.6892104974,-207631.14623312885,0.19382349036981686
282,w155463254,852.2730644002556,mfh,87014.59305688317,96682.88117431464,108768.24132110395,r2,-71811.29494075607,-282600.1127463239,-210788.81780556787,0.19382349036981686
283,w155463255,713.9319995328784,mfh,71073.4939418158,78970.54882423978,88841.86742726975,r2,-58655.4445251415,-230827.68873149942,-172172.24420635792,0.19382349036981686
284,w155463260,725.1058137452229,mfh,121068.10069432911,134520.1118825879,151335.12586791138,r2,-99914.93129427316,-393196.7926786077,-293281.8613843345,0.19382349036981686
285,w155463261,1003.1358517257496,mfh,156542.2147043533,173935.7941159481,195677.76838044162,r2,-129190.96390492436,-508407.2219482734,-379216.2580433491,0.19382349036981686
286,w155463268,907.8277638942003,mfh,159567.24377622348,177296.93752913718,199459.05472027932,r2,-131687.45612827386,-518231.706862115,-386544.25073384115,0.19382349036981686
287,w155463269,646.430608794326,mfh,131879.48496798522,146532.76107553914,164849.35620998152,r2,-108837.33703701837,-428309.2756236436,-319471.9385866252,0.19382349036981686
288,w155463275,531.2511221051216,mfh,123394.95860740752,137105.50956378612,154243.6982592594,r2,-101835.23769359257,-400753.80450248375,-298918.5668088912,0.19382349036981686
289,w155463277,722.3371928531676,mfh,151532.00259406594,168368.89177118437,189415.0032425824,r2,-125056.14229710057,-492135.39376969874,-367079.2514725982,0.19382349036981686
290,w155463281,852.691491766274,mfh,129551.36276085915,143945.95862317682,161939.20345107393,r2,-106915.98724268258,-420748.15771103144,-313832.1704683489,0.19382349036981686
291,w155463286,75.58565192222595,sfh,21335.71807363871,23706.35341515412,26669.647592048386,r1,-19128.14276881019,-75275.27957201086,-56147.136803200665,0.21055777654026597
292,w155463289,870.3151384696364,mfh,189460.16018468578,210511.2890940953,236825.2002308572,r2,-156357.44493629076,-615315.899875871,-458958.4549395803,0.19382349036981686
293,w155463294,520.8021583877504,mfh,73954.39748668816,82171.55276298684,92442.9968583602,r2,-61032.99301314576,-240184.0925023013,-179151.09948915555,0.19382349036981686
294,w155463296,531.2875348292291,mfh,149851.71086067607,166501.90095630675,187314.63857584508,r2,-123669.43322895504,-486678.25587338884,-363008.8226444338,0.19382349036981686
295,w155463300,903.6974393147975,mfh,145780.16516082495,161977.9612898055,182225.20645103118,r2,-120309.2730667896,-473454.9650044933,-353145.6919377037,0.19382349036981686
296,w155463302,619.062746527791,mfh,162906.195564221,181006.88396024556,203632.74445527626,r2,-134443.0220996519,-529075.728750786,-394632.7066511342,0.19382349036981686
297,w155463304,1087.9011799693108,mfh,132782.97083749846,147536.6342638872,165978.71354687307,r2,-109582.96472969755,-431243.55595087836,-321660.5912211808,0.19382349036981686
298,w155463308,740.3594694465398,mfh,147385.4815572954,163761.64617477267,184231.85194661922,r2,-121634.106582299,-478668.60307023145,-357034.49648793245,0.19382349036981686
299,w155463310,722.3160033598542,mfh,78437.63363840502,87152.92626489447,98047.04204800627,r2,-64732.91255847463,-254744.44378861185,-190011.53123013722,0.19382349036981686
300,w155463313,774.0583199881017,mfh,118627.44188251636,131808.2687583515,148284.30235314544,r2,-97900.70743103835,-385270.18598928256,-287369.4785582442,0.19382349036981686
301,w155463314,1101.9502923069522,mfh,201931.4964824973,224368.329424997,252414.37060312164,r2,-166649.77381728703,-655819.4627846224,-489169.6889673354,0.19382349036981686
302,w155463317,740.3064833164215,mfh,143289.21159194486,159210.23510216095,179111.51448993105,r2,-118253.5420091078,-465365.0144033202,-347111.4723942124,0.19382349036981686
303,w155463319,828.4481069911271,mfh,145828.4042201316,162031.56024459066,182285.5052751645,r2,-120349.08373754994,-473611.63256012875,-353262.5488225788,0.19382349036981686
304,w155463321,781.2118542082608,mfh,143438.5743173969,159376.19368599655,179298.21789674612,r2,-118376.80789306796,-465850.1045654411,-347473.29667237314,0.19382349036981686
305,w155463324,722.1055689860135,mfh,160134.95033012077,177927.7225890231,200168.68791265096,r2,-132155.9722857311,-520075.46582830744,-387919.4935425763,0.19382349036981686
306,w155463327,780.4636536210775,mfh,144237.2233375608,160263.58148617868,180296.529171951,r2,-119035.91596133927,-468443.9028608088,-349407.9868994696,0.19382349036981686
307,w155463330,867.026127423346,mfh,92798.36038612344,103109.28931791494,115997.9504826543,r2,-76584.51523585376,-301384.24126914894,-224799.72603329518,0.19382349036981686
308,w155463331,701.7002469789237,mfh,161247.17579186105,179163.5286576234,201558.9697398263,r2,-133073.86832900098,-523687.67649142747,-390613.80816242646,0.19382349036981686
309,w155463336,356.26551316827533,mfh,82538.53583434132,91709.48426037925,103173.16979292665,r2,-68117.30001315204,-268063.0767008596,-199945.77668770755,0.19382349036981686
310,w155463337,437.0872274041176,trade,59172.9222938284,65747.69143758711,73966.15286728549,nr2,-45637.232684488314,-179605.43613658904,-133968.20345210072,0.19382349036981686
311,w155463339,868.4495440013707,mfh,96284.55889755068,106982.84321950076,120355.69862193835,r2,-79461.60079967945,-312706.481111624,-233244.88031194452,0.19382349036981686
312,w155463342,722.9579402044416,mfh,125130.04950329757,139033.3883369973,156412.56187912196,r2,-103267.17134628835,-406388.91541408806,-303121.7440677997,0.19382349036981686
313,w155463343,844.8904670208692,mfh,182362.7691744811,202625.29908275677,227953.46146810136,r2,-150500.11892649723,-592265.473168969,-441765.3542424718,0.19382349036981686
314,w155463347,1083.6851687338203,mfh,195710.88465394767,217456.5385043863,244638.60581743458,r2,-161516.03503809276,-635616.5802296235,-474100.5451915307,0.19382349036981686
315,w155463348,740.608741542697,mfh,144820.76491530155,160911.9610170017,181025.95614412692,r2,-119517.50042754418,-470339.0897469199,-350821.58931937575,0.19382349036981686
316,w155463352,356.4181080274284,mfh,38492.77211566138,42769.74679517931,48115.965144576716,r1,-34509.981714905305,-135807.6710850515,-101297.6893701462,0.21055777654026597
317,w155463353,722.1394314199686,mfh,96023.96050529758,106693.28945033065,120029.95063162198,r2,-79246.53448321756,-311860.1272709056,-232613.59278768802,0.19382349036981686
318,w155463354,696.3946817303076,mfh,187294.1777654443,208104.64196160476,234117.72220680537,r2,-154569.9056640797,-608281.3686049606,-453711.4629408809,0.19382349036981686
319,w155463358,865.4375973489136,mfh,190927.28764734967,212141.4307192774,238659.10955918708,r2,-157568.234060687,-620080.7372645951,-462512.5032039081,0.19382349036981686
320,w155463359,1101.9756921548396,mfh,200634.12279915024,222926.80311016692,250792.65349893778,r2,-165579.07888037793,-651605.9402442328,-486026.86136385484,0.19382349036981686
321,w155463364,740.593882034719,mfh,143564.7779021287,159516.4198912541,179455.97237766086,r2,-118480.96103023003,-466259.98003599443,-347779.0190057644,0.19382349036981686
322,w155463365,603.6562003400177,mfh,105728.02317289257,117475.58130321397,132160.0289661157,r2,-87255.09123059777,-343376.3259637732,-256121.23473317543,0.19382349036981686
323,w155463369,722.4004129424691,mfh,174449.9518470026,193833.2798300029,218062.43980875326,r2,-143969.8389015775,-566566.7599953676,-422596.9210937901,0.19382349036981686
324,w155463370,696.1379145577084,mfh,133103.75935795248,147893.06595328054,166379.69919744058,r2,-109847.70468016622,-432285.39122084016,-322437.68654067395,0.19382349036981686
325,w155463373,865.3327697202564,mfh,171854.26793553864,190949.18659504293,214817.83491942327,r2,-141827.67611725852,-558136.6732677999,-416308.9971505414,0.19382349036981686
326,w155463376,746.0008564919234,mfh,156453.43080105938,173837.14533451042,195566.78850132422,r2,-129117.69243583568,-508118.8755893527,-379001.183153517,0.19382349036981686
327,w155463378,701.7079005709849,mfh,149021.482669433,165579.42518825887,186276.85333679125,r2,-122984.26354172209,-483981.89688108634,-360997.63333936426,0.19382349036981686
328,w155463380,903.4881653226912,mfh,140684.60308128386,156316.22564587096,175855.75385160482,r2,-116104.01394268325,-456905.9429658241,-340801.92902314087,0.19382349036981686
329,w155463382,654.6620004437864,mfh,150368.7714173962,167076.41268599578,187960.96427174524,r2,-124096.15232096512,-488357.5301938498,-364261.3778728847,0.19382349036981686
330,w155463388,654.8312545590103,mfh,81045.45395849762,90050.50439833068,101306.81744812202,r2,-66885.09126298506,-263213.946323647,-196328.8550606619,0.19382349036981686
331,w155463390,658.415929133445,mfh,127909.41103823822,142121.5678202647,159886.76379779776,r2,-105560.91937085408,-415415.53790973726,-309854.61853888317,0.19382349036981686
332,w155463392,746.3197361536323,mfh,126699.30992433419,140777.01102703798,158374.1374054177,r2,-104562.24863131627,-411485.4533203606,-306923.2046890444,0.19382349036981686
333,w155463395,740.6091377854347,mfh,81203.21252281987,90225.79169202207,101504.01565352484,r2,-67015.28605438714,-263726.30392365344,-196711.0178692663,0.19382349036981686
334,w155463397,721.9107812985777,mfh,108201.45876259069,120223.8430695452,135251.82345323835,r2,-89296.36507224705,-351409.38285645447,-262113.01778420742,0.19382349036981686
335,w155463400,957.7393607803388,mfh,132263.3739372203,146959.30437468924,165329.2174215254,r2,-109154.15244723608,-429556.04426527803,-320401.891818042,0.19382349036981686
336,w155463402,519.368776667118,mfh,124641.24892632537,138490.27658480595,155801.5611579067,r2,-102863.77461515366,-404801.4219453486,-301937.64733019494,0.19382349036981686
337,w155463405,658.592996231094,mfh,123848.16417723722,137609.07130804137,154810.20522154652,r2,-102209.25862158288,-402225.6949134107,-300016.4362918278,0.19382349036981686
338,w155463406,932.8967588515952,mfh,161116.41015993198,179018.23351103553,201395.51269991498,r2,-132965.9502312121,-523262.9847124021,-390297.03448119,0.19382349036981686
339,w155463408,740.3845857441426,mfh,81123.65596148898,90137.39551276554,101404.56995186122,r2,-66949.62971457675,-263467.92550214985,-196518.2957875731,0.19382349036981686
340,w155463411,886.3585438661277,mfh,157728.79737860002,175254.21930955557,197160.99672325002,r2,-130170.22537588495,-512260.9249392848,-382090.69956339983,0.19382349036981686
341,w155463413,436.59599217027426,trade,59864.86027475999,66516.51141639998,74831.07534344998,nr2,-46170.89121299914,-181705.65052565685,-135534.7593126577,0.19382349036981686
342,w155463416,722.4005093876273,mfh,103424.16434320562,114915.73815911735,129280.20542900701,r2,-85353.76548616358,-335894.00900809275,-250540.24352192917,0.19382349036981686
343,w155463417,828.3400002270937,mfh,134317.1610003945,149241.2900004383,167896.45125049312,r2,-110849.0992757835,-436226.1950436715,-325377.095767888,0.19382349036981686
344,w155463421,509.4774500131606,mfh,62634.51134401355,69593.90149334838,78293.13918001692,r2,-51690.931481513035,-203420.13156411538,-151729.20008260233,0.19382349036981686
345,w155463422,674.0859733853489,mfh,126316.10423077179,140351.22692307975,157895.13028846472,r2,-104245.99711399437,-410240.9037752634,-305994.906661269,0.19382349036981686
346,w155463424,701.7858467099256,mfh,151693.48439581433,168548.31599534926,189616.8554947679,r2,-125189.40979724663,-492659.84344850987,-367470.43365126324,0.19382349036981686
347,w155463427,540.3469697440042,mfh,91584.2108942519,101760.23432694655,114480.26361781487,r2,-75582.50345599104,-297441.0086314983,-221858.50517550728,0.19382349036981686
348,w155463430,521.3457492198795,mfh,65819.9805171453,73133.31168571701,82274.97564643163,r2,-54319.83151172878,-213765.68299235098,-159445.8514806222,0.19382349036981686
349,w155463434,634.5610695700626,mfh,121424.36431178215,134915.9603464246,151780.45538972766,r2,-100208.94808859244,-394353.8415703243,-294144.8934817319,0.19382349036981686
350,w155463435,740.6094772338867,mfh,133111.18185755896,147901.3131750655,166388.97732194868,r2,-109853.83031139328,-432309.4975132672,-322455.66720187396,0.19382349036981686
351,w155463436,830.3215000247583,mfh,147370.27277477682,163744.7475275298,184212.84096847102,r2,-121621.5550972117,-478619.2090145507,-356997.65391733905,0.19382349036981686
352,w155463437,634.6341266736388,mfh,122154.47621327543,135727.19579252825,152693.09526659426,r2,-100811.49392896218,-396725.0496450957,-295913.55571613356,0.19382349036981686
353,w155463439,740.3900625675916,mfh,190314.9551668896,211461.06129654398,237893.69395861198,r2,-157062.8890741584,-618092.0452310286,-461029.1561568702,0.19382349036981686
354,w155463441,304.4361848443746,mfh,36817.49098632539,40908.32331813932,46021.863732906735,r1,-33008.039455018334,-129897.0542060118,-96889.01475099346,0.21055777654026597
355,w155463442,681.7836883433163,mfh,140478.59578651958,156087.3286516884,175598.24473314948,r2,-115934.00049913827,-456236.8864009224,-340302.8859017841,0.19382349036981686
356,w155463445,701.5969566701912,mfh,129101.85554045986,143446.50615606652,161377.31942557482,r2,-106545.01848390221,-419288.2785493594,-312743.2600654572,0.19382349036981686
357,w155463446,527.3302180506289,mfh,100434.10414036695,111593.44904485217,125542.63017545869,r2,-82886.13232747838,-326183.09362303646,-243296.96129555808,0.19382349036981686
358,w155463447,540.1562461696565,mfh,128549.57621013428,142832.86245570474,160686.97026266783,r2,-106089.23408629239,-417494.62307693245,-311405.38899064006,0.19382349036981686
359,w155463448,488.2503870327026,mfh,106011.60874297086,117790.67638107872,132514.51092871357,r2,-87489.12837653398,-344297.33600659395,-256808.20763005997,0.19382349036981686
360,w155463452,416.2699146196246,mfh,40700.76121869014,45223.06802076682,50875.95152336267,r1,-36489.51343954383,-143597.75325846564,-107108.23981892181,0.21055777654026597
361,w155463453,826.68092449978,mfh,157513.59483929275,175015.10537699194,196891.99354911593,r2,-129992.62329238051,-511562.00468079705,-381569.3813884165,0.19382349036981686
362,w155463454,830.106713430956,mfh,128563.67585865571,142848.52873183967,160704.59482331964,r2,-106100.87022665648,-417540.41496219975,-311439.54473554326,0.19382349036981686
363,w155463458,653.3753796381876,mfh,110066.935375623,122296.59486180333,137583.66921952873,r2,-90835.90328712984,-357467.95168552356,-266632.04839839373,0.19382349036981686
364,w155463459,716.456727950275,mfh,159939.53149426932,177710.59054918814,199924.41436783664,r2,-131994.69727236487,-519440.7977444346,-387446.10047206975,0.19382349036981686
365,w155463463,389.00259175430983,mfh,37000.96483362116,41112.18314846796,46251.206042026446,r1,-33172.52953373533,-130544.37458687143,-97371.8450531361,0.21055777654026597
366,w155463464,681.5525098629297,mfh,147409.13455167686,163787.92727964095,184261.41818959606,r2,-121653.62689603132,-478745.42166633304,-357091.7947703017,0.19382349036981686
367,w155463468,854.9059582386632,mfh,161158.33487353215,179064.81652614684,201447.91859191516,r2,-133000.54980661528,-523399.1449629307,-390398.5951563154,0.19382349036981686
368,w155463469,716.6904537379742,mfh,100679.18201464991,111865.75779405545,125848.97751831239,r2,-83088.38989020792,-326979.04097474925,-243890.65108454134,0.19382349036981686
369,w155463470,608.2978411447257,mfh,64367.74654988399,71519.71838875998,80459.68318735498,r2,-53121.33367266157,-209049.21569112706,-155927.8820184655,0.19382349036981686
370,w155463473,376.1376306014136,mfh,43550.29606288637,48389.217847651526,54437.870078607964,r1,-39044.211113011406,-153651.29499100673,-114607.08387799532,0.21055777654026597
371,w155463474,720.4433401308954,mfh,113607.86032097694,126230.95591219659,142009.82540122117,r2,-93758.15341415929,-368967.928340349,-275209.7749261897,0.19382349036981686
372,w155463478,851.8925360153429,mfh,87684.85616685112,97427.61796316791,109606.0702085639,r2,-72364.44884502534,-284776.94796203106,-212412.49911700573,0.19382349036981686
373,w155463479,376.5337288361043,mfh,73343.18571827096,81492.42857585663,91678.9821478387,r2,-60528.57292645552,-238199.0402415424,-177670.46731508686,0.19382349036981686
374,w155463480,664.0854127705097,mfh,73172.86575571459,81303.18417301621,91466.08219464324,r2,-60388.011479969886,-237645.886581559,-177257.8751015891,0.19382349036981686
375,w155463484,531.1159037780716,mfh,68085.21955592721,75650.24395103024,85106.52444490901,r2,-56189.28516324378,-221122.57320200413,-164933.28803876037,0.19382349036981686
376,w155463485,716.6882258921862,mfh,156635.6177374834,174039.57526387044,195794.52217185425,r2,-129268.04744372894,-508710.5700048018,-379442.52256107284,0.19382349036981686
377,w155463490,790.5601109853014,mfh,123664.69792456762,137405.21991618624,154580.87240570952,r2,-102057.84782117241,-401629.8456211467,-299571.9977999743,0.19382349036981686
378,w155463491,681.5525530032813,mfh,145223.38843852136,161359.32048724595,181529.2355481517,r2,-119849.7770671318,-471646.70320644457,-351796.9261393128,0.19382349036981686
379,w155463494,531.001435648324,mfh,121396.79106492685,134885.32340547428,151745.98883115855,r2,-100186.192473783,-394264.291043265,-294078.09856948204,0.19382349036981686
380,w155463495,716.4590312853455,mfh,194715.2919888105,216350.32443201166,243394.1149860131,r2,-160694.393563883,-632383.1616784012,-471688.76811451814,0.19382349036981686
381,w155463496,611.941689690575,mfh,117319.52164410007,130355.02404900007,146649.40205512507,r2,-96821.30864630235,-381022.4110603345,-284201.1024140321,0.19382349036981686
382,w155463500,1108.025532820262,mfh,189211.96397521914,210235.51552802126,236514.9549690239,r2,-156152.61387778618,-614509.8250059625,-458357.2111281763,0.19382349036981686
383,w155463502,540.1563036605716,mfh,128339.86474938868,142599.84972154297,160424.83093673585,r2,-105916.16367326162,-416813.53637217527,-310897.3726989137,0.19382349036981686
384,w155463507,1267.198863344267,mfh,243694.52630388393,270771.69589320436,304618.1578798549,r2,-201115.91503296385,-791454.6076670055,-590338.6926340417,0.19382349036981686
385,w155463508,530.6506136165466,mfh,129287.7332827833,143653.03698087033,161609.66660347913,r2,-106698.41943548952,-419891.95971469325,-313193.54027920373,0.19382349036981686
386,w155463511,1747.3368958860635,mfh,363833.3623965188,404259.2915516876,454791.7029956485,r2,-300263.943994583,-1181633.397594761,-881369.4536001781,0.19382349036981686
387,w155463513,612.2091895099729,mfh,81863.33408033723,90959.26008926358,102329.16760042153,r2,-67560.07035088602,-265870.20209092676,-198310.13174004073,0.19382349036981686
388,w155463514,830.106801855378,mfh,139422.1532182098,154913.50357578867,174277.69152276224,r2,-115062.14089265518,-452805.8436479075,-337743.7027552523,0.19382349036981686
389,w155463518,691.345141955465,mfh,147043.30734450815,163381.45260500905,183804.13418063518,r2,-121351.7174743074,-477557.3127944802,-356205.5953201728,0.19382349036981686
390,w155463519,507.32179623667616,mfh,120511.05663182377,133901.17403535973,150638.8207897797,r2,-99455.21466442673,-391387.6626311249,-291932.44796669815,0.19382349036981686
391,w155463522,1139.1653657640795,mfh,129564.6746402093,143960.74960023255,161955.84330026162,r2,-106926.9732538865,-420791.3911328411,-313864.4178789546,0.19382349036981686
392,w155463523,446.09937440417707,mfh,52022.345619720814,57802.60624413424,65027.93202465102,r2,-42932.9365749669,-168954.65715561822,-126021.72058065131,0.19382349036981686
393,w155463528,681.6119319483638,mfh,145299.12111785548,161443.46790872831,181623.90139731934,r2,-119912.2776383723,-471892.662682511,-351980.38504413876,0.19382349036981686
394,w155463529,691.3949336603283,mfh,83645.16797269836,92939.0755252204,104556.45996587294,r2,-69030.58000546927,-271657.1217464299,-202626.54174096062,0.19382349036981686
395,w155463531,507.3216828555101,mfh,113942.75365584018,126603.0596176002,142428.44206980022,r2,-94034.53376828952,-370055.5722729992,-276021.0385047097,0.19382349036981686
396,w155463534,640.8467616457492,mfh,122260.31843807886,135844.79826453206,152825.39804759857,r2,-100898.84326837212,-397068.79686739465,-296169.9535990225,0.19382349036981686
397,w155463535,684.7868416263722,mfh,116742.79895402241,129714.2210600249,145928.498692528,r2,-96345.35166321197,-379149.3700965876,-282804.01843337563,0.19382349036981686
398,w155463536,691.6131192699074,mfh,136389.13351476841,151543.481683076,170486.4168934605,r2,-112559.05417083862,-442955.40730105207,-330396.35313021345,0.19382349036981686
399,w155463537,507.3215693686623,mfh,116962.91242618492,129958.79158464991,146203.64053273114,r2,-96527.00663526433,-379864.2397508012,-283337.23311553686,0.19382349036981686
400,w155463538,643.413233704865,mfh,67471.69315381986,74968.54794868872,84339.61644227481,r2,-55682.95485854569,-219130.00363042616,-163447.04877188048,0.19382349036981686
401,w155463539,710.019569536671,mfh,142524.36317914963,158360.40353238847,178155.45397393702,r2,-117622.3288639713,-462880.99143548904,-345258.66257151775,0.19382349036981686
402,w155463540,840.6794232809916,mfh,134223.12657489546,149136.8073054394,167778.90821861933,r2,-110771.49466227138,-435920.7963936924,-325149.30173142103,0.19382349036981686
403,w155463541,696.2558067506179,mfh,141763.63774080755,157515.15304534172,177204.54717600942,r2,-116994.51832205441,-460410.35878535494,-343415.8404633005,0.19382349036981686
404,w155463542,640.557884996757,mfh,65685.4859572708,72983.87328585643,82106.85744658849,r2,-54208.83600893119,-213328.88065323685,-159120.04464430566,0.19382349036981686
405,w155463543,587.0278481058776,mfh,137426.15151832922,152695.72390925468,171782.6893979115,r2,-113414.88309672805,-446323.3642658646,-332908.48116913653,0.19382349036981686
406,w155463544,825.5248426020145,mfh,98226.61890138821,109140.68766820912,122783.27362673526,r2,-81064.34165990565,-319013.77229996334,-237949.4306400577,0.19382349036981686
407,w155463545,709.4769112125038,mfh,121865.120671904,135405.68963544889,152331.40083988,r2,-100572.69494830634,-395785.30027958547,-295212.6053312791,0.19382349036981686
408,w155463546,647.0489746004342,mfh,129916.9711354388,144352.19015048756,162396.2139192985,r2,-107217.71606652006,-421935.5558731957,-314717.8398066756,0.19382349036981686
409,w155463547,586.4484846569597,mfh,65038.9578364076,72265.50870711956,81298.6972955095,r2,-53675.27008689731,-211229.13033055054,-157553.86024365324,0.19382349036981686
410,w155463548,500.40091222245246,mfh,58521.66054916764,65024.06727685293,73152.07568645955,r2,-48296.68310201505,-190062.69280010887,-141766.0096980938,0.19382349036981686
411,w155463549,672.5395986035466,mfh,150879.72380106986,167644.1375567443,188599.6547513373,r2,-124517.83046753399,-490016.9668028309,-365499.1363352969,0.19382349036981686
412,w155463551,586.1050742082298,mfh,118233.46909210505,131370.52121345006,147791.8363651313,r2,-97575.57005744443,-383990.6677949443,-286415.09773749986,0.19382349036981686
413,w155463552,667.035758360289,mfh,140953.13018079853,156614.58908977613,176191.41272599815,r2,-116325.62365279505,-457778.04712596966,-341452.4234731746,0.19382349036981686
414,w155463553,817.6307530952618,mfh,145465.79989078068,161628.66654531186,181832.24986347582,r2,-120049.83408841591,-472433.99073297135,-352384.15664455545,0.19382349036981686
415,w155463556,732.9133296664804,mfh,111950.57145246182,124389.52383606869,139938.21431557726,r2,-92390.42812167678,-363585.49759348074,-271195.06947180396,0.19382349036981686
416,w155463558,710.1379440590739,mfh,170426.45641544508,189362.72935049454,213033.07051930635,r2,-140649.33360496044,-553499.5235394187,-412850.18993445823,0.19382349036981686
417,w155463561,654.0662793286144,mfh,66767.48224207119,74186.09138007909,83459.35280258898,r2,-55101.78455472063,-216842.91503912205,-161741.13048440142,0.19382349036981686
418,w155463562,586.3292756803334,mfh,121242.91613734883,134714.35126372092,151553.64517168602,r2,-100059.20276527439,-393764.5464561249,-293705.34369085054,0.19382349036981686
419,w155463566,653.8032613813876,mfh,132855.68745823152,147617.43050914613,166069.6093227894,r2,-109642.97621185367,-431479.7200757195,-321836.74386386585,0.19382349036981686
420,w155463567,133.41999841853976,sfh,64165.75550151626,71295.28389057361,80207.19437689532,r2,-52954.63475193864,-208393.2028197555,-155438.56806781687,0.19382349036981686
421,w155463569,886.7166110530495,mfh,185351.85354723278,205946.50394136974,231689.81693404095,r2,-152966.9467533441,-601973.2193190395,-449006.2725656954,0.19382349036981686
422,w155463572,311.3570919752121,mfh,35890.06917924034,39877.854643600374,44862.58647405042,r1,-32176.57661549248,-126624.98548216777,-94448.4088666753,0.21055777654026597
423,w155463574,863.4385226266459,mfh,143979.5524771122,159977.28053012467,179974.44059639025,r2,-118823.26567467739,-467607.0568599707,-348783.7911852933,0.19382349036981686
424,w155463577,931.9227139726281,mfh,104741.59050899002,116379.54500998891,130926.98813623752,r2,-86441.00931079387,-340172.65664530284,-253731.64733450895,0.19382349036981686
425,w155463578,931.2066993936896,mfh,190645.967927451,211828.85325272335,238307.45990931377,r2,-157336.06687276385,-619167.086096806,-461831.01922404213,0.19382349036981686
426,w155463581,136.57608463019133,sfh,46033.7954308567,51148.661589840776,57542.24428857087,r1,-41270.74646152076,-162413.41439076856,-121142.66792924781,0.21055777654026597
427,w155463583,949.1963916398585,mfh,203597.78521864722,226219.76135405246,254497.23152330902,r2,-168024.92650931765,-661231.1226931629,-493206.1961838452,0.19382349036981686
428,w155463586,949.1754787907004,mfh,101711.11223859426,113012.34693177139,127138.89029824281,r2,-83940.01997967467,-330330.47419288044,-246390.45421320578,0.19382349036981686
429,w155463589,722.9646147996187,mfh,79863.38270239974,88737.09189155528,99829.22837799968,r2,-65909.55296957327,-259374.89521150684,-193465.34224193357,0.19382349036981686
430,w155463591,591.1442194825038,mfh,190912.6672966541,212125.18588517123,238640.83412081763,r2,-157556.16819588142,-620033.2542780086,-462477.0860821272,0.19382349036981686
431,w155463593,535.6290349200369,mfh,124635.87387943457,138484.30431048284,155794.8423492932,r2,-102859.33870315275,-404783.96523143444,-301924.6265282817,0.19382349036981686
432,w155463596,724.8313003255054,mfh,124750.0851810797,138611.20575675523,155937.6064763496,r2,-102953.59486387104,-405154.8929757121,-302201.298111841,0.19382349036981686
433,w155463597,752.1160736689344,mfh,96345.81377389302,107050.90419321446,120432.26721736627,r2,-79512.15314770576,-312905.42055789934,-233393.26741019357,0.19382349036981686
434,w155463600,535.4490051213652,mfh,64489.169061256325,71654.6322902848,80611.4613265704,r2,-53221.54109155861,-209443.5635148459,-156222.0224232873,0.19382349036981686
435,w155463601,907.8308945208788,mfh,178349.14469125378,198165.7163236153,222936.43086406722,r2,-147187.75991381926,-579230.2949116857,-432042.5349978665,0.19382349036981686
436,w155463605,389.4215188790113,mfh,42998.73447932191,47776.37164369101,53748.41809915238,r1,-38549.718793615444,-151705.31162823935,-113155.59283462391,0.21055777654026597
437,w155463606,690.2915003947913,mfh,150889.27825945674,167654.75362161858,188611.59782432092,r2,-124525.71555904698,-490047.9971268548,-365522.2815678078,0.19382349036981686
438,w155463610,725.1058211326599,mfh,121676.56395498163,135196.1821722018,152095.70494372703,r2,-100417.08309589991,-395172.91852166015,-294755.83542576025,0.19382349036981686
439,w155463611,1002.8680375270545,mfh,112403.2420384642,124892.49115384911,140504.05254808025,r2,-92764.00753888066,-365055.65052010067,-272291.64298122004,0.19382349036981686
440,w155463612,535.6290688522159,mfh,63516.22491576578,70573.58323973975,79395.28114470722,r2,-52418.59095942354,-206283.70129458865,-153865.1103351651,0.19382349036981686
441,w155463616,543.6235096465331,mfh,122018.55650405756,135576.1738933973,152523.19563007195,r2,-100699.32228069022,-396283.618802291,-295584.2965216008,0.19382349036981686
442,w155463618,752.1486698825844,mfh,105934.48935557003,117704.98817285558,132418.1116944625,r2,-87425.48338458795,-344046.87287381623,-256621.38948922828,0.19382349036981686
443,w155463621,238.18491610530762,mfh,34948.383067365656,38831.5367415174,43685.47883420707,r1,-31332.32537777106,-123302.59037478075,-91970.26499700968,0.21055777654026597
444,w155463623,73.76475410088896,mfh,22421.042859551795,24912.269843946437,28026.303574439742,r1,-20101.170598659704,-79104.4512176084,-59003.28061894869,0.21055777654026597
445,w155463625,52.41574023310095,sfh,20553.391514291106,22837.10168254567,25691.73939286388,r1,-18426.762385577513,-72515.12637406148,-54088.363988483965,0.21055777654026597
446,w155463626,98.3909645654261,mfh,25128.444148181297,27920.49349797922,31410.55518522662,r1,-22528.441066080806,-88656.52667210241,-66128.0856060216,0.21055777654026597
447,w155463629,643.7923131911084,mfh,111830.1906569181,124255.76739657567,139787.73832114763,r2,-92291.08040872085,-363194.53298400535,-270903.4525752845,0.19382349036981686
448,w155463631,546.7249739198014,mfh,62732.02766693095,69702.25296325661,78415.03458366368,r2,-51771.40963098828,-203736.8384851378,-151965.4288541495,0.19382349036981686
449,w155463632,612.4270064728335,mfh,67447.16411095476,74941.2934566164,84308.95513869345,r2,-55662.71156061234,-219050.3398632842,-163387.62830267186,0.19382349036981686
450,w155463633,683.6260891854763,mfh,139780.5863489692,155311.76260996578,174725.73293621148,r2,-115357.94814021277,-453969.9385382716,-338611.9903980588,0.19382349036981686
451,w155463638,279.5906790524721,ab,74333.61459427596,82592.90510475107,92917.01824284495,r2,-61345.95283520419,-241415.68818751688,-180069.73535231268,0.19382349036981686
452,w155463639,282.758548167441,other,56433.00137139599,62703.33485710666,70541.25171424498,nr2,-43524.06328492348,-171289.05301442978,-127764.9897295063,0.19382349036981686
453,w155463640,56.80619836300611,sfh,27046.591334301986,30051.768149224426,33808.23916787748,r1,-24248.120389789205,-95424.00762573854,-71175.88723594934,0.21055777654026597
454,w155463643,240.41873629689215,ab,75037.37822127706,83374.86469030785,93796.72277659632,r2,-61926.75400443007,-243701.32411765627,-181774.5701132262,0.19382349036981686
455,w155463644,98.43792371228336,mfh,22355.05352604927,24838.948362276966,27943.816907561584,r1,-20042.00908424063,-78871.63198410386,-58829.62289986323,0.21055777654026597
456,w155463645,98.39091195091605,mfh,20653.13311022937,22947.925678032632,25816.41638778671,r1,-18516.183865581665,-72867.02812366735,-54350.84425808568,0.21055777654026597
457,w155463647,97.66299930792302,mfh,20488.666846367254,22765.185384852502,25610.833557959068,r1,-18368.73468365353,-72286.76905061177,-53918.034366958236,0.21055777654026597
458,w155463653,376.11661268314344,mfh,49110.00769747382,54566.67521941535,61387.50962184227,r1,-44028.66757858499,-173266.70452111386,-129238.03694252888,0.21055777654026597
459,w155463654,482.5493668295443,mfh,128100.40169958616,142333.77966620683,160125.50212448268,r2,-105718.5399058834,-416035.8244678222,-310317.28456193884,0.19382349036981686
460,w155463656,73.78574474137277,mfh,31212.558598147167,34680.62066460796,39015.698247683955,r1,-27983.04116058236,-110122.09978234852,-82139.05862176616,0.21055777654026597
461,w155463657,470.15250823192764,mfh,81792.30738490765,90880.34153878628,102240.38423113455,r2,-67501.45352817872,-265639.52639123955,-198138.0728630608,0.19382349036981686
462,w155463660,49.947176152281465,mfh,13905.87916358521,15450.97684842801,17382.348954481513,r1,-12467.058340798403,-49061.80978397956,-36594.75144318116,0.21055777654026597
463,w155463661,78.16354378722608,sfh,28288.13498176796,31431.261090853288,35360.168727209944,r1,-25361.203345819675,-99804.34040110112,-74443.13705528143,0.21055777654026597
464,w155463663,104.99722011834383,sfh,34819.968665618944,38688.85407290994,43524.96083202368,r1,-31217.197824917923,-122849.52711442114,-91632.32928950322,0.21055777654026597
465,w155463665,467.86907609552145,trade,91176.58615386307,101307.31794873675,113970.73269232883,nr2,-70320.12137273018,-276745.00238967955,-206424.88101694937,0.19382349036981686
466,w155463667,587.3173447391018,mfh,146194.04394705163,162437.82660783513,182742.55493381454,r2,-120650.83843580782,-474799.13254630455,-354148.29411049676,0.19382349036981686
467,w155463669,557.4523567564785,mfh,140665.8284842114,156295.3649824571,175832.28560526425,r2,-116088.5196666038,-456844.96809870057,-340756.44843209675,0.19382349036981686
468,w155463671,449.48969881236553,mfh,64400.332306606986,71555.92478511887,80500.41538325873,r2,-53148.22600536917,-209155.04550886605,-156006.81950349687,0.19382349036981686
469,w155576276,58.73152135126293,other,29597.66649141012,32886.2961015668,36997.08311426265,nr1,-24797.123431733857,-97589.13735370206,-72792.0139219682,0.21054937532558785
470,w159548666,1258.4072781499474,other,172565.87823967956,191739.86471075506,215707.34779959943,nr2,-133091.77294846438,-523782.9842107317,-390691.2112622673,0.19382349036981686
471,w159548667,15669.025621107221,trade,1971364.4926983076,2190404.9918870083,2464205.615872884,nr2,-1520418.7417425273,-5983611.519760848,-4463192.778018321,0.19382349036981686
472,w159548669,2256.2803165019486,trade,261494.21083095495,290549.1231455055,326867.76353869366,nr2,-201677.92433978897,-793703.9436767052,-592026.0193369163,0.19382349036981686
473,w159548670,188.14899220019578,mfh,54902.009333985516,61002.23259331724,68627.51166748189,r2,-45309.46185711206,-178307.0342883908,-132997.57243127874,0.19382349036981686
474,w159548671,318.3455893772654,other,44276.71471391971,49196.34968213301,55345.89339239964,nr1,-37095.328452037866,-145988.75202007624,-108893.42356803837,0.21054937532558785
475,w159548672,170.00981159284711,ab,55824.92384522273,62027.693161358584,69781.1548065284,r2,-46071.12359502576,-181304.41364475174,-135233.29004972597,0.19382349036981686
476,w159548674,118.95309109317604,trade,33383.24480259189,37092.494225102106,41729.056003239864,nr1,-27968.706322233444,-110070.90924880505,-82102.20292657161,0.21054937532558785
477,w159548675,865.047436706489,mfh,193209.26924096223,214676.96582329136,241511.58655120278,r2,-159451.50498699202,-627492.0028119542,-468040.49782496225,0.19382349036981686
478,w159548677,106.67055884185247,other,25288.07003564535,28097.855595161498,31610.087544556685,nr1,-21186.514626287102,-83379.57794189121,-62193.063315604115,0.21054937532558785
479,w159872586,633.9711885744706,mfh,112918.80769710969,125465.34188567742,141148.50962138711,r2,-93189.4929232703,-366730.0698116567,-273540.5768883864,0.19382349036981686
480,w159872589,1091.462102752924,mfh,200048.88086819276,222276.53429799195,250061.10108524095,r2,-165096.09114878895,-649705.2310658962,-484609.1399171073,0.19382349036981686
481,w159872591,2692.1037788091226,mfh,426142.4340857789,473491.5934286432,532678.0426072236,r2,-351686.2970433078,-1383996.5882493746,-1032310.2912060668,0.19382349036981686
482,w159872593,436.90541737405584,mfh,73718.42960653547,81909.36622948386,92148.03700816934,r2,-60838.25373502131,-239417.73197364755,-178579.47823862624,0.19382349036981686
483,w159872596,218.88012801047884,mfh,53396.64036048387,59329.60040053763,66745.80045060483,r2,-44067.11282629925,-173417.9987060686,-129350.88587976937,0.19382349036981686
484,w159872599,487.8712977081537,mfh,88953.80797896282,98837.56442106981,111192.25997370352,r2,-73411.68781545402,-288898.16387047054,-215486.4760550165,0.19382349036981686
485,w159872601,629.8896718598901,mfh,127483.5024611991,141648.336067999,159354.37807649886,r2,-105209.42607106284,-414032.3008265941,-308822.87475553126,0.19382349036981686
486,w159872603,453.131132603623,mfh,65570.2207830621,72855.800870069,81962.77597882763,r2,-54113.71010957674,-212954.53021289394,-158840.8201033172,0.19382349036981686
487,w159872608,317.054659525305,mfh,90295.55495996469,100328.39439996076,112869.44369995585,r2,-74519.00309216404,-293255.7990071457,-218736.79591498163,0.19382349036981686
488,w159872611,474.9952949794941,mfh,106389.89735925275,118210.99706583639,132987.37169906593,r2,-87801.32193444432,-345525.91620051645,-257724.59426607215,0.19382349036981686
489,w159872613,461.6615135567263,mfh,117487.30554018391,130541.45060020433,146859.13192522989,r2,-96959.77713100938,-381567.3282550781,-284607.55112406873,0.19382349036981686
490,w159872615,129.00588214695452,mfh,35300.25422503271,39222.50469448079,44125.31778129088,r1,-31647.788945336564,-124544.03908887118,-92896.25014353462,0.21055777654026597
491,w159872617,185.93316667452453,mfh,49655.938212222434,55173.26468024715,62069.92276527804,r1,-44518.11146755651,-175192.82071662962,-130674.70924907312,0.21055777654026597
492,w159872620,129.2747205838561,mfh,42371.2083776176,47079.12041957511,52964.010472022,r1,-37987.12189281623,-149491.3152405157,-111504.19334769946,0.21055777654026597
493,w159872622,447.3657494872576,mfh,68473.34354301219,76081.4928255691,85591.67942876523,r2,-56509.59564371596,-222383.09604830493,-165873.50040458897,0.19382349036981686
494,w159872625,238.36158968657256,mfh,48722.326522949574,54135.91835883286,60902.90815368696,r1,-43681.099203830265,-171898.91325688755,-128217.81405305729,0.21055777654026597
495,w159872628,167.04002443812786,mfh,26306.856925514938,29229.84102834993,32883.57115689367,r1,-23584.925210070236,-92814.12525673212,-69229.20004666189,0.21055777654026597
496,w159872630,195.52493976540862,mfh,34338.764195132855,38154.18243903651,42923.45524391607,r1,-30785.782871801333,-121151.77309826283,-90365.9902264615,0.21055777654026597
497,w159872632,133.65780365467072,th,16477.88462317202,18308.760692413354,20597.355778965022,r1,-14772.942186063578,-58136.1905647393,-43363.24837867572,0.21055777654026597
498,w159872635,49.369007284846155,th,22380.32681980364,24867.02979978182,27975.408524754548,r1,-20064.667387537625,-78960.79955964547,-58896.13217210784,0.21055777654026597
499,w159872640,133.91130499513818,mfh,39635.3061200242,44039.229022249114,49544.132650030246,r1,-35534.29940968564,-139838.68453873988,-104304.38512905424,0.21055777654026597
500,w159872643,87.82295271442271,other,35046.307894264784,38940.34210473865,43807.88486783098,nr1,-29362.031730874765,-115554.34465842563,-86192.31292755087,0.21054937532558785
501,w159872648,133.79360626488923,mfh,37854.23601442721,42060.26223825246,47317.79501803401,r1,-33937.514003001226,-133554.82993991976,-99617.31593691853,0.21055777654026597
502,w159872651,467.48304517045614,other,134999.97203711804,149999.96893013114,168749.96504639756,nr2,-104118.99391522788,-409760.54445569933,-305641.55054047145,0.19382349036981686
503,w159872654,134.11286987382917,mfh,36431.14482459692,40479.049805107694,45538.93103074615,r1,-32661.667961252922,-128533.97304627263,-95872.3050850197,0.21055777654026597
504,w159872660,131.42538360562176,mfh,32677.13716339124,36307.93018154582,40846.42145423905,r1,-29296.081940153836,-115289.32970980697,-85993.24776965314,0.21055777654026597
505,w159872663,509.8066861014813,other,40789.69983623175,45321.88870692417,50987.12479528969,nr1,-34173.88400791538,-134491.4005666482,-100317.51655873281,0.21054937532558785
506,w159872669,96.41428965386004,other,28697.887838121846,31886.542042357607,35872.3597976523,nr1,-24043.282843209625,-94622.39595166748,-70579.11310845785,0.21054937532558785
507,w159872671,385.8471666022902,mfh,88774.61527216679,98638.46141351866,110968.26909020849,r2,-73263.8038816574,-288316.1939115837,-215052.3900299263,0.19382349036981686
508,w159872676,450.3884779855609,trade,76847.61831763922,85386.24257515468,96059.52289704903,nr2,-59268.87675068621,-233252.80329170532,-173983.92654101911,0.19382349036981686
509,w159872680,74.82275880910456,trade,25219.515671661942,28021.684079624378,31524.394589577427,nr1,-21129.079320501285,-83153.54116142697,-62024.46184092568,0.21054937532558785
510,w159872682,128.20031198486686,mfh,40209.65990071562,44677.39988968402,50262.07487589452,r1,-36049.225651162626,-141865.08183484056,-105815.85618367794,0.21055777654026597
511,w159872688,74.73616111706941,trade,23790.325404164127,26433.694893515694,29737.906755205157,nr1,-19931.694132014843,-78441.22894722264,-58509.53481520779,0.21054937532558785
512,w159872690,271.2794532585889,mfh,86576.21769277228,96195.79743641363,108220.27211596534,r2,-71449.51306646342,-281176.3868749409,-209726.87380847748,0.19382349036981686
513,w159872699,406.91918786983007,mfh,88840.55859697518,98711.73177441687,111050.69824621898,r2,-73318.22550659213,-288530.3601838264,-215212.13467723428,0.19382349036981686
514,w159872700,406.7131608505966,mfh,63430.90905740524,70478.78784156138,79288.63632175654,r2,-52348.18159413642,-206006.61821754696,-153658.43662341055,0.19382349036981686
515,w159872708,435.5580747295171,mfh,82901.00870076058,92112.23188973397,103626.26087595071,r2,-68416.44116872163,-269240.29157159507,-200823.85040287342,0.19382349036981686
516,w159872710,142.59727319749075,mfh,21777.975412659216,24197.75045851024,27222.46926582402,r1,-19524.64039275426,-76835.62287625966,-57310.9824835054,0.21055777654026597
517,w159872717,364.7500545413,mfh,92648.7452669225,102943.05029658055,115810.93158365312,r2,-76461.04105669496,-300898.3313996733,-224437.29034297835,0.19382349036981686
518,w159872718,186.0198295045644,mfh,63209.79611897486,70233.10679886096,79012.24514871858,r2,-52165.70178380781,-205288.50256435704,-153122.80078054924,0.19382349036981686
519,w159872719,169.79583046399057,mfh,62964.44540983133,69960.49489981259,78705.55676228915,r2,-51963.2190562645,-204491.66911802895,-152528.45006176445,0.19382349036981686
520,w159872726,172.48843573874328,mfh,41050.78247638799,45611.98052931999,51313.478095484985,r1,-36803.31851356359,-144832.67527695198,-108029.3567633884,0.21055777654026597
521,w159872727,172.59632431017235,mfh,21043.444879268325,23381.60542140925,26304.306099085406,r1,-18866.110651113606,-74244.10047873165,-55377.98982761805,0.21055777654026597
522,w159872732,140.4957689295523,mfh,47225.41326906549,52472.681410072764,59031.766586331854,r1,-42339.06935819799,-166617.6022041138,-124278.5328459158,0.21055777654026597
523,w159872736,118.37831126665697,mfh,36274.088174880875,40304.54241653431,45342.61021860109,r1,-32520.861731615332,-127979.85608732078,-95458.99435570545,0.21055777654026597
524,w159872737,187.97203346798193,mfh,61556.52722070218,68396.14135633575,76945.65902587771,r2,-50801.29408735824,-199919.1276050738,-149117.83351771557,0.19382349036981686
525,w159872743,753.6066189933568,other,113283.89066886077,125870.98963206752,141604.86333607594,nr2,-87370.42345461699,-343846.5061738635,-256476.0827192465,0.19382349036981686
526,w159872746,394.377677144669,mfh,44537.18740147157,49485.76377941285,55671.484251839465,r1,-39928.99025925837,-157133.1802110305,-117204.18995177213,0.21055777654026597
527,w159872748,575.8923149108887,trade,55207.313642999135,61341.45960333237,69009.14205374892,nr2,-42578.749214044765,-167568.76727405583,-124990.01806001106,0.19382349036981686
528,w159872750,127.08080641776323,mfh,24037.222862000235,26708.025402222484,30046.528577500292,r1,-21550.12683815587,-84806.55138143247,-63256.4245432766,0.21055777654026597
529,w159872753,434.5401292324066,other,88884.54137689188,98760.60152987986,111105.67672111484,nr2,-68552.37733111453,-269788.0415729001,-201235.66424178553,0.19382349036981686
530,w159872756,252.43327465518377,mfh,78579.29604288908,87310.32893654342,98224.12005361135,r2,-64849.82353114069,-255204.52536886977,-190354.70183772908,0.19382349036981686
531,w159872759,386.07803563163617,mfh,89723.47994521554,99692.75549468394,112154.34993151942,r2,-74046.88173677791,-291397.85244912666,-217350.97071234876,0.19382349036981686
532,w159872763,1345.7076428122818,trade,221339.4897592335,245932.76639914833,276674.3621990418,nr2,-170708.51674772872,-671823.7675512513,-501115.25080352265,0.19382349036981686
533,w159872767,486.0339612279087,mfh,83343.79298090824,92604.21442323137,104179.7412261353,r2,-68781.86162774773,-270678.3364224194,-201896.4747946717,0.19382349036981686
534,w159872769,563.4171857964247,other,124167.66940780358,137964.07711978175,155209.58675975446,nr2,-95764.55921031255,-376881.6471039547,-281117.08789364214,0.19382349036981686
535,w159872774,2747.8572637828997,other,413797.37386652373,459774.85985169304,517246.71733315464,nr2,-319142.03833982965,-1255984.239487588,-936842.2011477583,0.19382349036981686
536,w159872776,80.53474041707815,sfh,36321.68634447571,40357.42927163968,45402.10793059463,r1,-32563.53498875164,-128147.78882391771,-95584.25383516608,0.21055777654026597
537,w159872779,530.1892838459462,trade,114419.59653572936,127132.8850396993,143024.4956696617,nr2,-88246.33883783994,-347293.6732163993,-259047.33437855932,0.19382349036981686
538,w159872782,386.9254036822822,mfh,61146.105877939306,67940.11764215479,76432.63234742412,r2,-50462.58207297396,-198586.1889144054,-148123.60684143144,0.19382349036981686
539,w159872787,649.6997715241275,sfh,178209.46733573131,198010.51926192368,222761.83416966413,r2,-147072.4871598869,-578776.6602392468,-431704.1730793599,0.19382349036981686
540,w159872789,103.62989482581615,mfh,33686.438755273215,37429.37639474802,42108.04844409152,r1,-30200.952583816845,-118850.28131402147,-88649.32873020462,0.21055777654026597
541,w159872791,7102.280937734339,other,1048520.3896910504,1165022.6552122782,1310650.487113813,nr2,-808673.4124968447,-3182536.1092265807,-2373862.696729736,0.19382349036981686
542,w159872796,295.65545302389654,other,52305.65320515192,58117.392450168794,65382.06650643989,nr2,-40340.83789515053,-158761.46203616346,-118420.62414101293,0.19382349036981686
543,w159872797,3172.659030787088,other,449508.16779551905,499453.5197727989,561885.2097443988,nr2,-346684.0583839429,-1364375.9238893234,-1017691.8655053806,0.19382349036981686
544,w159872802,393.79842739673325,mfh,75178.90920692091,83532.12134102323,93973.63650865114,r2,-62043.55651991941,-244160.97888468945,-182117.42236477003,0.19382349036981686
545,w159872803,469.9664310747758,mfh,46940.21759095484,52155.79732328315,58675.271988693545,r1,-42083.38245658447,-165611.39353898182,-123528.01108239735,0.21055777654026597
546,w159872804,664.4021281981841,mfh,71285.2107419375,79205.78971326388,89106.51342742186,r2,-58830.169902153975,-231515.28824191215,-172685.11833975816,0.19382349036981686
547,w159872808,295.65545226749964,other,56786.49320607678,63096.10356230754,70983.11650759597,nr2,-43796.694557573624,-172361.9940265925,-128565.29946901888,0.19382349036981686
548,w159872809,678.8678823016584,other,119204.66751548543,132449.63057276158,149005.8343943568,nr2,-91936.83424096619,-361817.6265205149,-269880.7922795487,0.19382349036981686
549,w159872812,337.05531151816245,mfh,86157.86629660908,95730.96255178786,107697.33287076134,r2,-71104.25654748951,-279817.69349294674,-208713.43694545724,0.19382349036981686
550,w159872814,765.4437305399682,mfh,145484.1491333942,161649.05459266022,181855.18641674274,r2,-120064.97732849748,-472493.58416263893,-352428.6068341414,0.19382349036981686
551,w159872815,1229.117813373683,mfh,337276.36098132026,374751.51220146695,421595.45122665033,r2,-278347.01495576993,-1095383.3637730405,-817036.3488172705,0.19382349036981686
552,w159872820,336.8380303993821,mfh,84037.26817074124,93374.74241193471,105046.58521342654,r2,-69354.17196836656,-272930.55826186965,-203576.3862935031,0.19382349036981686
553,w159872826,1791.1392054180615,th,335754.3027910823,373060.33643453586,419692.8784888529,r2,-277090.89266896324,-1090440.1260808697,-813349.2334119065,0.19382349036981686
554,w159872827,157.03123329076917,th,53422.40493792502,59358.22770880558,66778.00617240627,r2,-44088.3757846681,-173501.67515887893,-129413.29937421084,0.19382349036981686
555,w159872832,35.670331929810345,sfh,5188.715632226509,5765.239591362788,6485.894540283136,r1,-4651.846872808775,-18306.48579473386,-13654.638921925085,0.21055777654026597
556,w159872833,162.84196072258055,mfh,61277.51128247401,68086.12364719335,76596.88910309252,r2,-50571.0281615017,-199012.95850364782,-148441.93034214614,0.19382349036981686
557,w159872834,33.79703346360475,sfh,9511.544663891347,10568.382959879274,11889.430829864183,r1,-8527.399155485733,-33558.0073407851,-25030.608185299367,0.21055777654026597
558,w159872835,42.916394099872555,th,15722.28965503435,17469.210727815946,19652.862068792936,r1,-14095.527515694954,-55470.35001166026,-41374.8224959653,0.21055777654026597
559,w159872839,58.88304680213332,other,22228.099409219543,24697.888232466157,27785.124261524426,nr1,-18622.850719100963,-73290.27262968938,-54667.42191058842,0.21054937532558785
560,w159872840,318.65718863122163,other,93068.10267465717,103409.0029718413,116335.12834332146,nr2,-71778.95720911809,-282486.25424115726,-210707.29703203918,0.19382349036981686
561,w159872842,48.8293092939537,other,9355.834850403775,10395.372056004195,11694.793563004718,nr1,-7838.381166289256,-30847.967441608514,-23009.58627531926,0.21054937532558785
562,w159872843,143.51003436879253,mfh,57443.75692324947,63826.3965813883,71804.69615406184,r2,-47407.11214064861,-186561.95027505892,-139154.8381344103,0.19382349036981686
563,w159872845,162.83680398128925,mfh,41746.72914119777,46385.25460133085,52183.41142649721,r1,-37427.256602640926,-147288.06860282703,-109860.8120001861,0.21055777654026597
564,w159872848,156.42925329236314,mfh,21291.72814453538,23657.47571615042,26614.660180669223,r1,-19088.70441283951,-75120.07719259351,-56031.372779754005,0.21055777654026597
565,w159872851,167.48750086340587,mfh,46976.990518218794,52196.65613135421,58721.23814777349,r1,-42116.350543259796,-165741.13336638862,-123624.78282312883,0.21055777654026597
566,w159872853,143.46053532976657,th,18641.830787650975,20713.145319612195,23302.288484563716,r1,-16712.988030094242,-65770.88333428776,-49057.89530419352,0.21055777654026597
567,w159872855,768.5454076524824,other,115726.01355909788,128584.45951010875,144657.51694887233,nr2,-89253.9155362222,-351258.9936731657,-262005.07813694348,0.19382349036981686
568,w159872857,315.41669200100006,mfh,74043.33994281983,82270.37771424426,92554.17492852478,r2,-61106.39533252282,-240472.95379840958,-179366.55846588674,0.19382349036981686
569,w159872858,136.24142913175746,other,51966.23350286974,57740.25944763304,64957.79187858717,nr2,-40079.0597822861,-157731.23365976126,-117652.17387747516,0.19382349036981686
570,w159872860,131.01957194106652,other,39926.17881659091,44362.420907323234,49907.72352073863,nr1,-33450.42030795966,-131644.20748073395,-98193.78717277429,0.21054937532558785
571,w159872862,156.42902136784977,mfh,48134.98854254384,53483.32060282649,60168.7356781798,r1,-43154.53221864749,-169826.70595991696,-126672.17374126948,0.21055777654026597
572,w159872865,158.90607472276315,mfh,21250.92912058293,23612.143467314363,26563.66140072866,r1,-19052.12680376644,-74976.13275520988,-55924.00595144344,0.21055777654026597
573,w159872867,192.56274920739233,mfh,52620.75948791944,58467.5105421327,65775.94935989928,r2,-43426.7948265105,-170898.1452612437,-127471.3504347332,0.19382349036981686
574,w159872868,54.98272090442479,other,18044.998718983097,20049.998576647886,22556.24839872887,nr1,-15118.220914137499,-59497.79382253997,-44379.57290840247,0.21054937532558785
575,w159872870,315.09365436807275,mfh,76868.77232545406,85409.74702828229,96085.96540681757,r2,-63438.164648870385,-249649.2020785983,-186211.0374297279,0.19382349036981686
576,w159872874,56.548262861557305,th,25655.925460115897,28506.58384457322,32069.90682514487,r1,-23001.34466406332,-90517.5516016522,-67516.20693758888,0.21055777654026597
577,w159872876,86.08918008172186,other,31303.141973789738,34781.26885976637,39128.92746723717,nr1,-26225.982225674146,-103212.41448440489,-76986.43225873074,0.21054937532558785
578,w159872878,413.8979488207959,mfh,96766.79497961469,107518.66108846077,120958.49372451835,r2,-79859.57999263547,-314272.6548575903,-234413.07486495486,0.19382349036981686
579,w159872879,205.3686287334189,mfh,66855.49163505835,74283.87959450927,83569.36454382293,r2,-55174.416836908356,-217128.74599582894,-161954.3291589206,0.19382349036981686
580,w159872883,329.8948070596903,th,79026.37009855526,87807.07788728362,98782.96262319406,r2,-65218.78425076179,-256656.50226261475,-191437.71801185296,0.19382349036981686
581,w159872884,900.053558271192,other,143972.0234440909,159968.91493787878,179965.02930511363,nr2,-111038.70620667098,-436993.08838833746,-325954.3821816665,0.19382349036981686
582,w159872887,1008.3728146322071,other,276664.73986237287,307405.2665137476,345830.9248279661,nr2,-213378.22468858236,-839750.5031077372,-626372.2784191548,0.19382349036981686
583,w159872892,458.9937253634445,other,143062.30464210061,158958.1162690007,178827.88080262576,nr2,-110337.08379164594,-434231.8517304318,-323894.76793878584,0.19382349036981686
584,w159872895,353.7920229201671,th,102607.22908104869,114008.03231227632,128259.03635131086,r2,-84679.56617088431,-333240.8218922136,-248561.2557213293,0.19382349036981686
585,w159872899,2008.66189844124,other,288066.24065585615,320073.60072872904,360082.80081982014,nr2,-222171.65459695863,-874357.0671110634,-652185.4125141047,0.19382349036981686
587,w160025355,131.5437356668757,ab,49800.95701413298,55334.39668236998,62251.19626766622,r1,-44648.125387759836,-175704.46653137734,-131056.34114361751,0.21055777654026597
588,w160025360,102.43726858533918,mfh,44981.20852414787,49979.120582386524,56226.51065518484,r1,-40327.06917076281,-158699.74638096098,-118372.67721019816,0.21055777654026597
589,w160025362,106.2412323884666,mfh,48176.35524129165,53529.28360143516,60220.444051614555,r1,-43191.618766041465,-169972.6532302392,-126781.03446419773,0.21055777654026597
590,w160025367,104.2175793532282,mfh,43237.007531294315,48041.11947921591,54046.25941411789,r1,-38763.3380840634,-152545.97096484076,-113782.63288077735,0.21055777654026597
591,w160025369,103.97346241511406,mfh,31307.540166698134,34786.15574077571,39134.42520837267,r1,-28068.195126217728,-110457.20751587715,-82389.01238965942,0.21055777654026597
592,w160025373,103.9182820610702,mfh,19528.4876100236,21698.319566692888,24410.6095125295,r1,-17507.903777797063,-68899.12771575972,-51391.223937962655,0.21055777654026597
593,w160025375,104.46434533819556,mfh,15200.83881015165,16889.8209001685,19001.048512689562,r1,-13628.030421226085,-53630.60137999339,-40002.570958767305,0.21055777654026597
594,w160025376,101.26918978765606,other,24444.85545262742,27160.950502919353,30556.069315784272,nr1,-20480.06379508384,-80599.33904080543,-60119.27524572158,0.21054937532558785
595,w160025380,128.15635424628857,th,34848.77791521003,38720.864350233365,43560.97239401253,r1,-31243.026223912446,-122951.17001716964,-91708.1437932572,0.21055777654026597
596,w160025381,64.08582323277369,th,28086.96814171458,31207.742379682866,35108.71017714322,r1,-25180.850942230045,-99094.59676494267,-73913.74582271263,0.21055777654026597
597,w160025384,125.48521707579494,mfh,20982.930538967033,23314.367265518926,26228.663173708792,r1,-18811.857640418188,-74030.5977567434,-55218.740116325214,0.21055777654026597
598,w160025385,125.6767025694251,mfh,19113.271805362478,21236.968672624975,23891.589756703095,r1,-17135.649740505603,-67434.19057744982,-50298.540836944216,0.21055777654026597
599,w160025388,125.67682776004075,mfh,22027.775224300745,24475.305804778607,27534.71903037593,r1,-19748.593786036334,-77716.95016946123,-57968.35638342489,0.21055777654026597
600,w160025389,125.54291224256157,mfh,47965.512281802236,53295.013646446925,59956.89035225279,r1,-43002.59141683333,-169228.77094483507,-126226.17952800172,0.21055777654026597
601,w160025392,101.23846836648882,other,27858.656569021638,30954.062854468484,34823.32071127705,nr1,-23340.16925911379,-91855.29079439059,-68515.12153527679,0.21054937532558785
602,w160025393,241.441205301648,mfh,45315.96209286242,50351.068992069355,56644.95261607802,r1,-40627.18628107708,-159880.80194167586,-119253.61566059878,0.21055777654026597
603,w160025394,520.9474028991534,mfh,62962.95736238052,69958.84151375612,78703.69670297565,r2,-51961.99100231833,-204486.836338117,-152524.84533579866,0.19382349036981686
604,w160025395,347.3527018059045,mfh,139025.81297444832,154473.12552716478,173782.2662180604,r2,-114735.04971011015,-451518.63659862924,-336783.5868885191,0.19382349036981686
605,w160025396,362.18757194392384,mfh,72576.31056757846,80640.34507508717,90720.38820947307,r2,-59895.687157592416,-235708.4349713852,-175812.74781379278,0.19382349036981686
606,w160025398,216.67090053744613,mfh,39216.56985455993,43573.966505066586,49020.71231819991,r1,-35158.889168481925,-138361.32674178304,-103202.43757330111,0.21055777654026597
607,w160025399,277.5212213275954,mfh,34672.16062353594,38524.62291503994,43340.20077941992,r1,-31084.683263112056,-122328.04048564268,-91243.35722253061,0.21055777654026597
608,w160025402,733.1297983160242,mfh,135601.65691662167,150668.50768513518,169502.07114577707,r2,-111909.16646508918,-440397.8940426049,-328488.7275775157,0.19382349036981686
609,w160025403,118.93753181435167,th,30986.659895695237,34429.62210632804,38733.32486961904,r1,-27780.515863947126,-109325.09881320686,-81544.58294925973,0.21055777654026597
610,w160025405,118.80893169231713,mfh,19132.43207453168,21258.257860590755,23915.5400931646,r1,-17152.827524861976,-67501.79058104045,-50348.96305617847,0.21055777654026597
611,w160025406,118.8714888818562,mfh,28748.62308334191,31942.914537046567,35935.778854177384,r1,-25774.045422184,-101429.00428473165,-75654.95886254765,0.21055777654026597
612,w160025409,118.87152101863175,mfh,32004.557460828604,35560.619400920674,40005.69682603575,r1,-28693.093068177808,-112916.37816582235,-84223.28509764453,0.21055777654026597
613,w160025412,678.325670054555,mfh,83112.16289052342,92346.84765613714,103890.20361315427,r2,-68590.70223535817,-269926.0638741195,-201335.3616387613,0.19382349036981686
614,w160025415,1309.668819526094,mfh,279799.99905388296,310888.88783764775,349749.9988173537,r2,-230912.99459788995,-908715.5211696278,-677802.5265717378,0.19382349036981686
615,w160025422,678.3786613484378,mfh,168599.14632942146,187332.3848104683,210748.93291177682,r2,-139141.29341393316,-547564.909376537,-408423.6159626038,0.19382349036981686
616,w160025427,555.729584345687,mfh,68356.5049155554,75951.67212839489,85445.63114444424,r2,-56413.171206825384,-222003.63545287546,-165590.46424605008,0.19382349036981686
617,w160025428,926.2977557130158,mfh,239622.2435597125,266246.9372885694,299527.80444964056,r2,-197755.14660378007,-778228.9230753939,-580473.7764716138,0.19382349036981686
618,w160025434,188.0208901744336,mfh,59985.928411771165,66651.03156863463,74982.41051471395,r2,-49505.11225923645,-194818.2429730789,-145313.13071384243,0.19382349036981686
619,w160025437,385.6369404070079,mfh,90561.97402298985,100624.41558109982,113202.4675287373,r2,-74738.87308454834,-294121.05682889366,-219382.18374434533,0.19382349036981686
620,w160025438,514.208815998584,mfh,66439.19135967275,73821.32373296973,83048.98919959094,r2,-54830.85306433415,-215776.71410523116,-160945.86104089703,0.19382349036981686
621,w160025439,231.99735509790483,mfh,35464.80466216238,39405.33851351376,44331.005827702975,r1,-31795.313591248316,-125124.59513652242,-93329.2815452741,0.21055777654026597
622,w160025441,239.19352681115268,mfh,29974.211052689745,33304.67894743305,37467.76381586218,r1,-26872.823610595984,-105753.04328423167,-78880.21967363569,0.21055777654026597
623,w160025442,258.45977183450015,mfh,52917.83142950211,58797.59047722457,66147.28928687764,r2,-43671.96198831829,-171862.9554296962,-128190.9934413779,0.19382349036981686
624,w160025445,358.2598954875022,mfh,76181.21925820394,84645.79917578216,95226.52407275492,r2,-62870.74171019798,-247416.21370851021,-184545.47199831222,0.19382349036981686
625,w160025446,282.03160609211767,mfh,32653.249972380814,36281.3888582009,40816.56246547602,r1,-29274.666321592686,-115205.05249095295,-85930.38616936027,0.21055777654026597
626,w160025449,151.84076374266294,mfh,33051.986190285665,36724.42910031741,41314.98273785708,r1,-29632.14589068219,-116611.84743334391,-86979.70154266171,0.21055777654026597
627,w160025451,187.46145662125198,mfh,48334.62753030463,53705.14170033847,60418.284412880785,r1,-43333.514854569505,-170531.05912793777,-127197.54427336826,0.21055777654026597
628,w160025452,105.00601281486452,mfh,24070.360376751494,26744.844863057217,30087.950470939366,r1,-21579.835663093374,-84923.4649851187,-63343.62932202533,0.21055777654026597
629,w160025453,104.94913844838739,mfh,40248.819299141745,44720.91033237972,50311.02412392718,r1,-36084.33328434611,-142003.24145310253,-105918.90816875642,0.21055777654026597
630,w160025454,86.96602670811116,mfh,31063.545589658388,34515.05065517598,38829.43198707298,r1,-27849.446308468854,-109596.36187021711,-81746.91556174826,0.21055777654026597
631,w160025455,103.15431486908346,mfh,35882.11822470182,39869.02024966869,44852.647780877276,r1,-32169.44833450207,-126596.93344643668,-94427.48511193461,0.21055777654026597
632,w160025456,162.83409464433788,mfh,27935.001650526843,31038.890722807602,34918.75206315855,r1,-25044.60819991964,-98558.43856908291,-73513.83036916328,0.21055777654026597
633,w160025457,103.20248084068298,mfh,32162.32092267025,35735.91213630028,40202.90115333781,r1,-28834.532977132047,-113472.98885290537,-84638.45587577333,0.21055777654026597
634,w160025458,101.69107806179672,mfh,18326.430862615038,20362.70095846115,22908.038578268795,r1,-16430.22207047025,-64658.11002841035,-48227.887957940104,0.21055777654026597
635,w160025459,108.44199563004076,mfh,29801.469324202662,33112.743693558514,37251.836655253326,r1,-26717.955214171376,-105143.58726026573,-78425.63204609435,0.21055777654026597
636,w160025462,124.9876569705084,mfh,37263.06505696854,41403.40561885393,46578.83132121067,r1,-33407.510633252205,-131469.09938499003,-98061.58875173781,0.21055777654026597
637,w160025465,103.21026510931551,mfh,33027.052047237106,36696.72449693012,41283.81505904638,r1,-29609.79164666731,-116523.87642705337,-86914.08478038607,0.21055777654026597
638,w160025467,105.14285953305661,mfh,38054.659821936664,42282.955357707404,47568.32477742083,r1,-34117.20025452918,-134261.95205744536,-100144.75180291617,0.21055777654026597
639,w160025469,108.37528205253183,mfh,16872.147227572706,18746.830252858563,21090.18403446588,r1,-15126.41101984505,-59527.20199770904,-44400.79097786399,0.21055777654026597
640,w160025471,48.55004379618913,sfh,15526.61947111203,17251.7994123467,19408.274338890034,r1,-13920.103037327388,-54779.99931674467,-40859.89627941728,0.21055777654026597
641,w160025472,101.69099241122603,mfh,13375.50809475645,14861.6756608405,16719.38511844556,r1,-11991.563984808688,-47190.58940390156,-35199.025419092875,0.21055777654026597
642,w160025474,105.6897082787007,mfh,20835.669696400117,23150.74410711124,26044.587120500146,r1,-18679.833660200915,-73511.04172136766,-54831.20806116674,0.21055777654026597
643,w160025476,96.35599186792969,mfh,11760.455718228655,13067.17302025406,14700.569647785818,r1,-10543.618697441043,-41492.467655809094,-30948.84895836805,0.21055777654026597
644,w160025477,108.4367577029392,mfh,36912.2809783406,41013.64553148955,46140.35122292575,r1,-33093.02166625975,-130231.48603178615,-97138.4643655264,0.21055777654026597
645,w160025481,105.0061043202877,mfh,30356.70228789452,33729.66920877169,37945.877859868146,r1,-27215.73904140378,-107102.52374533024,-79886.78470392646,0.21055777654026597
646,w160025482,103.2132654029876,mfh,32197.87126336993,35775.412514855474,40247.33907921241,r1,-28866.40497647307,-113598.41523067302,-84732.01025419995,0.21055777654026597
647,w160025484,128.51466068420558,mfh,25258.191312723833,28064.657014137592,31572.73914090479,r1,-22644.76348272749,-89114.292098647,-66469.52861591951,0.21055777654026597
648,w160025486,101.26240085978061,mfh,32127.323788768048,35697.0264319645,40159.15473596006,r1,-28803.15694509647,-113349.5142630362,-84546.35731793972,0.21055777654026597
649,w160025487,105.13472320698202,mfh,30933.722532352236,34370.80281372471,38667.15316544029,r1,-27733.055851570953,-109138.32868380715,-81405.2728322362,0.21055777654026597
650,w160025490,87.12732640933245,mfh,15434.577138518482,17149.530153909425,19293.2214231481,r1,-13837.58418923673,-54455.26160252638,-40617.677413289646,0.21055777654026597
651,w160025492,101.576605540514,mfh,32123.821636092907,35693.13515121434,40154.777045116134,r1,-28800.017154997204,-113337.15819792435,-84537.14104292715,0.21055777654026597
652,w160025494,105.68961535468698,mfh,33618.00222222248,37353.335802469424,42022.5027777781,r1,-30139.597077980165,-118608.82803175777,-88469.23095377762,0.21055777654026597
653,w160025496,100.3227494932711,mfh,31936.83132990454,35485.368144338376,39921.03916238067,r1,-28632.37446020673,-112677.43127769587,-84045.05681748914,0.21055777654026597
654,w160025498,53.38166442215442,th,19833.537403165,22037.26378129444,24791.92175395625,r1,-17781.390518419783,-69975.3843658921,-52193.99384747232,0.21055777654026597
655,w160025500,108.55102695096282,mfh,35318.75735539018,39243.06372821131,44148.446694237726,r1,-31664.377584065584,-124609.32061845495,-92944.94303438936,0.21055777654026597
656,w160025504,103.15687311664223,mfh,33014.085449963415,36682.31716662602,41267.606812454265,r1,-29598.166684103555,-116478.12852995867,-86879.96184585511,0.21055777654026597
657,w160025505,103.09466042611747,mfh,16526.06370219606,18362.293002440067,20657.579627745075,r1,-14816.136246786582,-58306.17282784098,-43490.036581054395,0.21055777654026597
658,w160025507,85.83866344131528,mfh,29011.881673427404,32235.424081586003,36264.852091784254,r1,-26010.06503393978,-102357.81595631552,-76347.75092237574,0.21055777654026597
659,w160025509,108.27769679883495,mfh,36682.60048676754,40758.44498529726,45853.25060845942,r1,-32887.1058766502,-129421.14240258528,-96534.03652593508,0.21055777654026597
660,w160025513,105.03020258601755,mfh,15958.548291276262,17731.72032364029,19948.185364095327,r1,-14307.340819039233,-56303.902218950854,-41996.56139991162,0.21055777654026597
661,w160025515,104.96566433478147,mfh,30481.21173000366,33868.013033337396,38101.514662504575,r1,-27327.36567503797,-107541.8097835021,-80214.44410846413,0.21055777654026597
662,w160025517,132.51887063886969,mfh,28646.82807630318,31829.8089736702,35808.535095378975,r1,-25682.782994499667,-101069.85782491115,-75387.07483041148,0.21055777654026597
663,w160032048,197.876624872908,mfh,59510.27674095202,66122.52971216891,74387.84592619001,r2,-49112.56704098865,-193273.45363281734,-144160.8865918287,0.19382349036981686
664,w160032049,177.6117346536368,mfh,24635.21933914802,27372.46593238669,30794.024173935024,r1,-22086.24950113112,-86916.36328675544,-64830.11378562432,0.21055777654026597
665,w160032050,605.1206229591743,mfh,175655.35519478846,195172.6168830983,219569.19399348556,r2,-144964.63267454656,-570481.5874975361,-425516.95482298953,0.19382349036981686
666,w160032051,604.9254235289991,mfh,152843.0834506673,169825.64827851922,191053.8543133341,r2,-126138.14947287431,-496393.4335407159,-370255.2840678416,0.19382349036981686
667,w160032052,558.9287057133391,mfh,166207.24421579932,184674.71579533257,207759.05526974914,r2,-137167.30741783194,-539796.6513954198,-402629.3439775879,0.19382349036981686
668,w160032053,914.9869650162756,mfh,118384.96876544278,131538.85418382531,147981.21095680346,r2,-97700.59951909314,-384482.6981919409,-286782.09867284773,0.19382349036981686
669,w160032054,558.7663555394857,mfh,140013.45078096946,155570.50086774383,175016.81347621183,r2,-115550.12620851277,-454726.21989782306,-339176.0936893103,0.19382349036981686
670,w160032055,915.1860893286764,mfh,117551.19343225891,130612.43714695434,146938.99179032363,r2,-97012.50245097891,-381774.81903184607,-284762.31658086716,0.19382349036981686
671,w160032056,579.5610938113182,mfh,116842.3330489817,129824.81449886855,146052.9163112271,r2,-96427.49503708386,-379472.6302012371,-283045.13516415324,0.19382349036981686
672,w160032057,300.306428108085,mfh,37313.43611538925,41459.37346154361,46641.79514423657,r1,-33452.66987249421,-131646.81524587038,-98194.14537337617,0.21055777654026597
673,w160032058,579.3688813976943,mfh,109670.41085297539,121856.01205886154,137088.01356621922,r2,-90508.66002313531,-356180.146147737,-265671.4861246017,0.19382349036981686
674,w160032059,915.3225905947387,mfh,92194.63134061452,102438.47926734947,115243.28917576815,r2,-76086.27048140205,-299423.49088998523,-223337.22040858318,0.19382349036981686
675,w160032060,914.9022733874618,mfh,182147.17661418536,202385.75179353927,227683.9707677317,r2,-150322.19496695735,-591565.2862266821,-441243.0912597248,0.19382349036981686
676,w160032061,434.5004198986106,mfh,54507.02112981529,60563.35681090588,68133.77641226912,r2,-44983.48648411635,-177024.21830189295,-132040.7318177766,0.19382349036981686
677,w160032062,579.3681231357157,mfh,63760.568600850966,70845.07622316774,79700.7107510637,r2,-52620.242611406706,-207077.2641962595,-154457.02158485277,0.19382349036981686
678,w160032063,157.0142166607082,mfh,51887.28780825052,57652.54200916724,64859.10976031315,r2,-42821.47623259414,-168516.02552604975,-125694.54929345561,0.19382349036981686
679,w160032064,245.02896427586674,mfh,74242.27363014172,82491.41514460191,92802.84203767714,r2,-61270.571078131215,-241119.03717926797,-179848.46610113676,0.19382349036981686
680,w160032065,177.6155174203217,mfh,58386.98317384559,64874.42574871732,72983.72896730699,r2,-48185.5367255127,-189625.29672534342,-141439.7599998307,0.19382349036981686
681,w160032066,915.0334876678884,mfh,196785.17750857704,218650.19723175224,245981.4718857213,r2,-162402.6261066289,-639105.5959357861,-476702.9698291572,0.19382349036981686
682,w160032067,686.1767572972923,mfh,208672.0383064988,231857.82034055423,260840.0478831235,r2,-172212.5997753128,-677710.9388292083,-505498.33905389544,0.19382349036981686
683,w160032068,579.4084268193692,mfh,106087.62261479415,117875.13623866017,132609.52826849266,r2,-87551.86100996159,-344544.2087206168,-256992.34771065525,0.19382349036981686
684,w160032069,582.2339869499207,mfh,113772.82834525057,126414.25371694508,142216.0354315632,r2,-93894.29801968727,-369503.70033699326,-275609.402317306,0.19382349036981686
685,w160032070,655.6557445708662,mfh,126481.71328949532,140535.23698832814,158102.14161186916,r2,-104382.67075163446,-410778.7576802572,-306396.08692862274,0.19382349036981686
686,w160032071,187.63290931591763,mfh,44822.51475552269,49802.794172802984,56028.14344440336,r1,-40184.79521249685,-158139.85344656964,-117955.05823407279,0.21055777654026597
687,w160032072,300.05888833065984,mfh,71600.48929692316,79556.0992188035,89500.61162115395,r2,-59090.362595186176,-232539.22861852465,-173448.86602333846,0.19382349036981686
688,w160032074,652.9879129000007,mfh,142328.92568103445,158143.25075670495,177911.15710129307,r2,-117461.0384490353,-462246.2627415779,-344785.2242925426,0.19382349036981686
689,w160032075,187.48918503960593,mfh,29809.11773282239,33121.24192535821,37261.397166027986,r1,-26724.81225322333,-105170.57187335184,-78445.75962012852,0.21055777654026597
690,w160032079,410.4375718038529,mfh,56450.435111772305,62722.70567974701,70563.04388971538,r2,-46587.344753717996,-183335.9068488336,-136748.5620951156,0.19382349036981686
691,w160032080,367.35827468354256,mfh,71168.27026353273,79075.8558483697,88960.3378294159,r2,-58733.661409839966,-231135.4968618595,-172401.83545201953,0.19382349036981686
692,w160032082,146.62608959153295,mfh,39843.43060518983,44270.478450210925,49804.288256487285,r1,-35720.88956110182,-140572.97568153392,-104852.0861204321,0.21055777654026597
693,w160032083,292.00384606306903,mfh,70958.4029590656,78842.66995451733,88698.00369883199,r2,-58560.46238229687,-230453.90401839922,-171893.44163610233,0.19382349036981686
694,w160032087,547.5336022242903,mfh,60767.66004008141,67519.62226675713,75959.57505010176,r2,-50150.258763437276,-197357.09810687724,-147206.83934343996,0.19382349036981686
695,w160032089,324.3052944285795,mfh,80225.85122803085,89139.83469781205,100282.31403503855,r2,-66208.69054278263,-260552.09598452412,-194343.4054417415,0.19382349036981686
696,w160032093,651.9691053661052,mfh,157120.4437098115,174578.27078867942,196400.55463726434,r2,-129668.1640180952,-510285.1550212793,-380616.9910031841,0.19382349036981686
697,w160032096,417.5862662355881,mfh,99761.42909774302,110846.03233082558,124701.78637217877,r2,-82330.98790643197,-323998.42509550694,-241667.437189075,0.19382349036981686
698,w160032097,55.47504670508206,th,30326.745284288674,33696.38364920964,37908.43160536084,r1,-27188.881644810863,-106996.8314122301,-79807.94976741922,0.21055777654026597
699,w160032099,154.26596265360712,mfh,40170.97328365638,44634.414759618194,50213.71660457047,r1,-36014.54188135476,-141728.5902527537,-105714.04837139894,0.21055777654026597
700,w160032101,417.4909567882307,mfh,95809.37401431223,106454.86001590246,119761.71751789028,r2,-79069.44081130464,-311163.2077725101,-232093.7669612055,0.19382349036981686
701,w160032104,110.95144802480935,th,23217.322601340376,25797.02511260042,29021.65325167547,r1,-20815.060449110177,-81913.83311765904,-61098.77266854887,0.21055777654026597
702,w160032105,152.98637234792113,mfh,20848.956423449432,23165.507137166034,26061.19552931179,r1,-18691.745629184217,-73557.91907931653,-54866.173450132315,0.21055777654026597
703,w160032106,115.7174410201609,mfh,49997.22428140238,55552.471423780415,62496.53035175297,r1,-44824.08517014052,-176396.92381655265,-131572.83864641213,0.21055777654026597
704,w160032107,169.80155310891567,th,20257.197734231464,22507.997482479404,25321.49716778933,r1,-18161.215339414837,-71470.114927785,-53308.89958837017,0.21055777654026597
705,w160032108,125.84912734059617,mfh,40330.07410854087,44811.193453934306,50412.59263567609,r1,-36157.1807783688,-142289.9193363113,-106132.73855794249,0.21055777654026597
706,w160032109,117.1162128248019,mfh,17028.88358269568,18920.98175855075,21286.104478369598,r1,-15266.930095299056,-60080.18891430864,-44813.258819009585,0.21055777654026597
707,w160032110,214.96215275530702,mfh,65959.80261416038,73288.66957128931,82449.75326770046,r2,-54435.2237177398,-214219.78774642423,-159784.56402868443,0.19382349036981686
708,w160032111,253.8681676615961,th,69929.77168637945,77699.74631819938,87412.21460797431,r2,-57711.554847214065,-227113.18491114018,-169401.6300639261,0.19382349036981686
709,w160032112,125.84912488418631,th,34498.60299221215,38331.78110245795,43123.25374026519,r1,-30929.083384114787,-121715.7058468617,-90786.62246274692,0.21055777654026597
710,w160032113,105.45346036842092,mfh,34893.95820829047,38771.0646758783,43617.44776036308,r1,-31283.53177865387,-123110.57216060993,-91827.04038195606,0.21055777654026597
711,w160032114,381.28189064939505,mfh,78514.11913885121,87237.91015427912,98142.648923564,r2,-64796.03441698452,-254992.84822619188,-190196.81380920735,0.19382349036981686
712,w160032115,139.91205219514669,mfh,38709.485322553875,43010.53924728208,48386.85665319234,r1,-34704.27192566921,-136572.26439189384,-101867.99246622463,0.21055777654026597
713,w160032116,192.1807412372902,mfh,25401.90433957016,28224.338155077952,31752.3804244627,r1,-22773.606734488054,-89621.33096355229,-66847.72422906423,0.21055777654026597
714,w160032117,302.6253065098543,mfh,38132.472874110405,42369.414304567115,47665.591092638,r1,-34186.962104874176,-134536.48695880247,-100349.5248539283,0.21055777654026597
715,w160032118,188.54685349911452,mfh,59239.686577529654,65821.87397503294,74049.60822191206,r2,-48889.2547280656,-192394.6491931848,-143505.3944651192,0.19382349036981686
716,w160032119,301.6826584111899,mfh,86774.96745952926,96416.63051058806,108468.70932441157,r2,-71613.53702633717,-281821.87293102243,-210208.33590468526,0.19382349036981686
717,w160032121,128.1140758719295,mfh,40995.73368931806,45550.8152103534,51244.66711164758,r1,-36753.965543361744,-144638.45576099813,-107884.49021763638,0.21055777654026597
718,w160032123,387.4767547928728,mfh,153731.94845816758,170813.27606463063,192164.93557270945,r2,-126871.71087876851,-499280.22922074195,-372408.5183419734,0.19382349036981686
719,w160032125,297.0948597435839,mfh,66153.6841583442,73504.09350927133,82692.10519793024,r2,-54595.230036953995,-214849.4631183468,-160254.2330813928,0.19382349036981686
720,w160032126,464.2806208854541,mfh,110488.03186896033,122764.47985440036,138110.0398362004,r2,-91183.42527647936,-358835.56040853873,-267652.13513205934,0.19382349036981686
721,w160032127,228.89082276217522,mfh,40432.88418235807,44925.42686928675,50541.10522794759,r1,-36249.35324536801,-142652.6470880887,-106403.2938427207,0.21055777654026597
722,w160032128,268.14993185095955,mfh,38304.45704397495,42560.50782663884,47880.57130496869,r1,-34341.15132615044,-135143.27021417883,-100802.1188880284,0.21055777654026597
723,w160032129,100.24086796883493,mfh,32289.507460447312,35877.230511608126,40361.884325559135,r1,-28948.559711290865,-113921.7200442307,-84973.16033293982,0.21055777654026597
724,w160032130,150.2635816658847,mfh,28436.163503282907,31595.737225869896,35545.204379103634,r1,-25493.915574375613,-100326.60491093436,-74832.68933655875,0.21055777654026597
725,w160032131,100.12314690686762,mfh,34789.771625745816,38655.30180638424,43487.21453218227,r1,-31190.125228256537,-122742.98790112391,-91552.86267286737,0.21055777654026597
726,w160032132,257.78643680289383,mfh,91092.6577783465,101214.06419816279,113865.82222293313,r2,-75176.83511295516,-295844.5756528959,-220667.74053994074,0.19382349036981686
727,w160032133,136.6476590367034,mfh,42553.842839482204,47282.04759942467,53192.30354935275,r1,-38150.859436075545,-150135.67415681243,-111984.81472073687,0.21055777654026597
728,w160032134,132.71697852164507,th,24056.438038250453,26729.37559805606,30070.547547813065,r1,-21567.353848438506,-84874.34510458107,-63306.99125614256,0.21055777654026597
729,w160032135,165.9338162511587,mfh,65722.88945965386,73025.43273294873,82153.61182456731,r2,-54239.70432477439,-213450.35721962902,-159210.65289485463,0.19382349036981686
730,w160032136,153.4784858365543,mfh,64169.744421509604,71299.71602389956,80212.180526887,r2,-52957.926722860684,-208406.15776444075,-155448.23104158006,0.19382349036981686
731,w160032137,244.7570460377261,mfh,73679.24716639257,81865.83018488063,92099.05895799071,r2,-60805.91729964016,-239290.47789346328,-178484.56059382312,0.19382349036981686
732,w160032138,345.56507694348693,mfh,69539.96744806832,77266.63049785368,86924.9593100854,r2,-57389.85769110352,-225847.20505849976,-168457.34736739623,0.19382349036981686
733,w160032139,170.051029805094,mfh,43447.68462383709,48275.20513759677,54309.605779796366,r1,-38952.216728333406,-153289.26804937478,-114337.05132104136,0.21055777654026597
734,w160032140,210.13578363517297,mfh,34609.490828365495,38454.989809294995,43261.86353545687,r1,-31028.497819286116,-122106.93302931548,-91078.43521002936,0.21055777654026597
735,w160032141,252.5825279586017,mfh,59767.37247387365,66408.19163763738,74709.21559234205,r2,-49324.74268712166,-194108.4317733547,-144783.68908623303,0.19382349036981686
736,w160032142,252.46278136584442,mfh,34459.97295454553,38288.858838383916,43074.96619318191,r1,-30894.45033951317,-121579.4138844728,-90684.96354495964,0.21055777654026597
737,w160032143,236.73276664549485,mfh,68813.16803571579,76459.07559523976,86016.46004464473,r2,-56790.0455776446,-223486.7550620202,-166696.7094843756,0.19382349036981686
738,w160032144,216.15235636769793,mfh,49460.51965860495,54956.1329540055,61825.64957325618,r1,-44342.91258367698,-174503.35780723314,-130160.44522355616,0.21055777654026597
739,w160032145,143.2480424195528,mfh,18000.89068230275,20000.989647003054,22501.113352878438,r1,-16138.365052838795,-63509.56053969135,-47371.19548685256,0.21055777654026597
740,w160032146,425.3107569515705,mfh,81778.57206375393,90865.0800708377,102223.21507969241,r2,-67490.11805945075,-265594.9177437669,-198104.79968431615,0.19382349036981686
741,w160032147,237.48158785337583,mfh,86156.41938675339,95729.35487417043,107695.52423344173,r2,-71103.0624435266,-279812.9943169352,-208709.93187340858,0.19382349036981686
742,w160032148,183.97369813346305,th,50006.21579904702,55562.46199894114,62507.76974880877,r2,-41269.06746859053,-162406.80702361593,-121137.73955502539,0.19382349036981686
743,w160032149,343.71558685973287,mfh,66199.1315218652,73554.59057985022,82748.9144023315,r2,-54632.736780494735,-214997.063993141,-160364.32721264625,0.19382349036981686
744,w160032150,136.78365420317277,mfh,51662.93632292382,57403.262581026465,64578.670403654774,r2,-42636.32371831805,-167787.3919391906,-125151.06822087255,0.19382349036981686
745,w160032151,156.68413198292254,mfh,57922.11142190568,64357.9015798952,72402.6392773821,r2,-47801.88794528615,-188115.51767684618,-140313.62973156004,0.19382349036981686
746,w160032152,131.687454425171,th,16816.435705141692,18684.928561268545,21020.544631427114,r1,-15076.463886533187,-59330.64426237047,-44254.180375837284,0.21055777654026597
747,w160032153,131.7784823913127,mfh,29566.60282765376,32851.78091961529,36958.2535345672,r1,-26507.390007877784,-104314.94670883002,-77807.55670095223,0.21055777654026597
748,w160032155,131.65618118494749,mfh,39313.2611323115,43681.401258123886,49141.57641538937,r1,-35245.57594222665,-138702.46655905116,-103456.8906168245,0.21055777654026597
749,w160032156,597.6746075108182,mfh,131761.0863573074,146401.20706367487,164701.35794663423,r2,-108739.6251791188,-427924.7486201708,-319185.12344105204,0.19382349036981686
750,w160032157,145.99030133634804,mfh,23007.382660062376,25563.75851118042,28759.22832507797,r1,-20626.84268414998,-81173.13680181492,-60546.29411766495,0.21055777654026597
751,w160032158,192.3817300193943,mfh,58348.97494600452,64832.19438444947,72936.21868250564,r2,-48154.169342596986,-189501.856172491,-141347.68682989402,0.19382349036981686
752,w160032159,156.72131929650496,mfh,40458.15139260002,44953.501547333355,50572.68924075002,r1,-36272.00609460466,-142741.7932001813,-106469.78710557664,0.21055777654026597
753,w160032160,462.61881872685626,other,75105.28561600679,83450.31735111865,93881.60702000848,nr2,-57925.099228201296,-227964.363704121,-170039.2644759197,0.19382349036981686
754,w160032161,876.0951372385025,trade,41598.98809684389,46221.0978853821,51998.73512105486,nr1,-34851.91113873923,-137159.77792830733,-102307.8667895681,0.21054937532558785
755,w160032162,197.75498196221892,mfh,51088.749816073236,56765.27757341471,63860.93727009154,r2,-42162.4597933613,-165922.58781987097,-123760.12802650967,0.19382349036981686
756,w160032163,355.37988740094,mfh,90971.44947639163,101079.3883071018,113714.31184548953,r2,-75076.80447653926,-295450.92352404154,-220374.1190475023,0.19382349036981686
757,w160032164,218.83437259588393,mfh,53103.58239103667,59003.98043448519,66379.47798879583,r2,-43825.25831041414,-172466.22484495488,-128640.96653454074,0.19382349036981686
758,w160032165,192.38173281145282,mfh,58784.81323691094,65316.459152123265,73481.01654613866,r2,-48513.857424276524,-190917.34230903824,-142403.4848847617,0.19382349036981686
759,w160032166,5513.669180350005,other,896549.3915510399,996165.9906122665,1120686.7394387997,nr2,-691465.4813257157,-2721264.0215389975,-2029798.5402132818,0.19382349036981686
760,w160032167,119.51807446111924,mfh,37657.42018648339,41841.577984981544,47071.775233104236,r1,-33761.06241871064,-132860.43725899223,-99099.37484028158,0.21055777654026597
761,w160032168,107.41719602905214,th,13873.999853026246,15415.555392251383,17342.499816282805,r1,-12438.47753551974,-48949.335293708995,-36510.85775818925,0.21055777654026597
763,w160032170,37.81535124108195,sfh,14086.294460143807,15651.438289048674,17607.86807517976,r1,-12628.806332515353,-49698.33918695734,-37069.53285444199,0.21055777654026597
764,w160032171,82.13437312801835,th,18045.438784192636,20050.48753799182,22556.798480240795,r1,-16178.303828280443,-63666.73222768376,-47488.42839940332,0.21055777654026597
765,w160032172,100.39566505721304,th,35026.762638130625,38918.625153478475,43783.453297663276,r1,-31402.59512986358,-123579.12402983298,-92176.5288999694,0.21055777654026597
766,w160032173,119.7984774223063,mfh,28506.2384098141,31673.598233126777,35632.79801226762,r1,-25556.739933603338,-100573.83859493375,-75017.09866133041,0.21055777654026597
767,w160032174,119.65868240431882,mfh,29900.973116695626,33223.303462995136,37376.21639586953,r1,-26807.163495902238,-105494.65000737045,-78687.48651146822,0.21055777654026597
768,w160032175,69.26172256879508,th,9593.062255957997,10658.958062175552,11991.327819947495,r1,-8600.48224244061,-33845.61235654671,-25245.130114106105,0.21055777654026597
769,w160032176,103.52918697646818,th,32391.429286288585,35990.4769847651,40489.286607860726,r1,-29039.935836023153,-114281.31393782317,-85241.37810180002,0.21055777654026597
770,w160032177,62.96843930834439,th,7111.322358229594,7901.469286921771,8889.152947786992,r1,-6375.524314380338,-25089.700604162983,-18714.176289782645,0.21055777654026597
771,w160032178,300.84989367914386,mfh,75453.57648583635,83837.30720648484,94316.97060729544,r2,-62270.23358963665,-245053.02470438884,-182782.79111475218,0.19382349036981686
772,w160127708,318.335366258584,mfh,113599.65490243523,126221.83878048358,141999.568628044,r2,-93751.38165656886,-368941.2793367331,-275189.89768016426,0.19382349036981686
773,w160127710,130.057766958978,mfh,19160.41845180246,21289.353835336067,23950.523064753073,r1,-17177.918192922443,-67600.53027969951,-50422.612086777066,0.21055777654026597
774,w160127712,149.28690248169005,mfh,51621.798511126886,57357.5539012521,64527.2481389086,r2,-42602.3735562546,-167653.7873351404,-125051.41377888579,0.19382349036981686
775,w160127717,149.4986190713942,mfh,59698.67769326997,66331.8641036333,74623.34711658747,r2,-49268.05034417642,-193885.32950899092,-144617.2791648145,0.19382349036981686
776,w160127718,161.62649620659647,mfh,30986.327841109854,34429.25315678873,38732.909801387315,r1,-27780.218166560313,-109323.92728002195,-81543.70911346163,0.21055777654026597
777,w160127719,242.7560603125021,mfh,53656.28092585754,59618.089917619494,67070.35115732193,r2,-44281.388668587504,-174261.24178140145,-129979.85311281394,0.19382349036981686
778,w164087844,70.24407002975931,other,23298.876208291324,25887.6402314348,29123.595260364153,nr1,-19519.954700664028,-76820.82745062772,-57300.872749963695,0.21054937532558785
779,w164087850,88.49543042890728,other,39843.370631234495,44270.41181248277,49804.21328904312,nr1,-33381.04305505911,-131371.1731394252,-97990.13008436609,0.21054937532558785
780,w164087857,77.59434223277493,other,24270.419437870198,26967.132708744663,30338.024297337746,nr1,-20333.92013236874,-80024.1903138436,-59690.27018147486,0.21054937532558785
786,w164088149,49.229225591477004,other,21270.940862087315,23634.37873565257,26588.676077609143,nr1,-17820.93687079589,-70134.33880117402,-52313.401930378124,0.21054937532558785
788,w164088153,80.69597001839429,other,27987.590700977962,31097.323001086625,34984.48837622245,nr1,-23448.191139339124,-92280.41115706236,-68832.22001772324,0.21054937532558785
791,w164088159,54.065223559696456,other,21341.59203461474,23712.880038460822,26676.990043268423,nr1,-17880.12889683847,-70367.28915832397,-52487.1602614855,0.21054937532558785
793,w164088169,56.479432658094446,other,21105.453760835582,23450.504178706204,26381.817201044476,nr1,-17682.290667816,-69588.69634456318,-51906.405676747185,0.21054937532558785
795,w164088175,32.08830586867407,other,12691.274034079426,14101.415593421585,15864.092542599283,nr1,-10632.834477689694,-41845.5449947278,-31212.71051703811,0.21054937532558785
799,w164088182,35.81288355943252,other,13052.522454425663,14502.802727139626,16315.65306803208,nr1,-10935.490826339483,-43036.649763821966,-32101.158937482483,0.21054937532558785
800,w359788107,586.4023264580406,other,146448.46418695297,162720.5157632811,183060.5802336912,nr2,-112948.66599960031,-444509.7396275572,-331561.0736279569,0.19382349036981686
801,w377595955,68.13203878551721,other,5269.498540512313,5854.998378347015,6586.873175640391,nr1,-4414.821207960703,-17374.539205799687,-12959.717997838983,0.21054937532558785
802,w377595956,85.03076633159071,other,28267.306595759732,31408.118439733036,35334.13324469966,nr1,-23682.538991415047,-93202.68767787506,-69520.14868646002,0.21054937532558785
805,w377595969,38.68702136902139,other,13210.985853090617,14678.873170100685,16513.73231636327,nr1,-11068.252524199934,-43559.13373675059,-32490.88121255066,0.21054937532558785
814,w377595984,35.49371746703982,other,12044.391815934709,13382.657573260787,15055.489769918386,nr1,-10090.872218138464,-39712.651252698735,-29621.77903456027,0.21054937532558785
818,w377595990,36.364706988167015,other,11553.454485655837,12837.171650728707,14441.818107069796,nr1,-9679.561631214181,-38093.93747434903,-28414.375843134854,0.21054937532558785
819,w377595993,54.98309161569923,other,17992.688240944255,19991.875823271395,22490.860301180317,nr1,-15074.394844907394,-59325.316224420814,-44250.92137951342,0.21054937532558785
823,w377596001,68.93592455182224,other,20374.762221645513,22638.624690717235,25468.45277705689,nr1,-17070.112397171648,-67179.46732639371,-50109.35492922207,0.21054937532558785
825,w377596004,35.535723760165276,other,11646.700243681342,12940.778048534823,14558.375304601677,nr1,-9757.683552478313,-38401.386478487315,-28643.702926009002,0.21054937532558785
827,w377596008,41.66994294051546,other,13998.601039715508,15554.001155239454,17498.251299644384,nr1,-11728.121808324535,-46156.05085018944,-34427.9290418649,0.21054937532558785
831,w377596012,33.714099188242116,other,12242.593103107998,13602.881225675554,15303.241378884997,nr1,-10256.926585424173,-40366.15860413971,-30109.232018715535,0.21054937532558785
836,w377596021,41.97082374822348,other,14380.159647722914,15977.95516413657,17975.19955965364,nr1,-12047.794168371776,-47414.12217199883,-35366.32800362706,0.21054937532558785
838,w377596023,32.13139781658538,other,10917.67630164897,12130.751446276632,13647.09537706121,nr1,-9146.902405913514,-35997.65584540575,-26850.75343949224,0.21054937532558785
844,w377596038,30.39147779517807,other,2398.685899783123,2665.2065553145812,2998.357374728904,nr0,-2464.150738166679,-9697.671002412722,-7233.520264246044,0.25816895367025355
847,w377596043,50.74534401865676,other,16335.933556875763,18151.037285417515,20419.9169460947,nr1,-13686.354662453392,-53862.68083484128,-40176.32617238789,0.21054937532558785
848,w377596044,31.44567816138733,other,12038.33310123901,13375.925668043345,15047.916376548761,nr1,-10085.796186344181,-39692.67451768157,-29606.878331337386,0.21054937532558785
861,w377596072,32.00744857888203,other,11577.988988744306,12864.432209715895,14472.486235930382,nr1,-9700.116802399636,-38174.8323987006,-28474.715596300965,0.21054937532558785
863,w377596074,30.798605113010854,other,11879.18583997191,13199.095377746566,14848.982299964886,nr1,-9952.461543810521,-39167.935719649366,-29215.474175838845,0.21054937532558785
877,w377596096,31.32093481458723,other,11219.387851584088,12465.986501760097,14024.234814480109,nr1,-9399.678365352487,-36992.45622591418,-27592.777860561695,0.21054937532558785
882,w377596101,34.10184732507914,other,11372.823539694798,12636.470599660886,14216.029424618497,nr1,-9528.227813601,-37498.36288062771,-27970.135067026713,0.21054937532558785
886,w377596106,35.077698366669935,other,12012.953356694099,13347.725951882332,15016.191695867623,nr1,-10064.532866199377,-39608.99267144162,-29544.459805242244,0.21054937532558785
893,w377596115,40.14825235735625,other,13553.866705869179,15059.851895410198,16942.333382336474,nr1,-11355.52040159141,-44689.67714115962,-33334.15673956821,0.21054937532558785
895,w377596117,32.339281557500364,other,11378.101421622307,12642.334912913673,14222.626777027883,nr1,-9532.649658466795,-37515.765061455364,-27983.11540298857,0.21054937532558785
899,w377596123,32.752713098051025,other,12329.70326009582,13699.670288995354,15412.129075119774,nr1,-10329.908059001205,-40653.37736436373,-30323.469305362527,0.21054937532558785
901,w377596125,37.63718191203661,other,12219.388662528083,13577.098513920091,15274.235828160103,nr1,-10237.48574952613,-40289.64914892214,-30052.163399396006,0.21054937532558785
909,w377596135,73.15242530554532,other,21801.99476471699,24224.43862746332,27252.493455896238,nr1,-18265.857391007634,-71885.32455070896,-53619.46715970132,0.21054937532558785
916,w377596142,40.572792674647644,other,13756.393494233684,15284.881660259649,17195.491867792105,nr1,-11525.198702776564,-45357.446492951036,-33832.24779017447,0.21054937532558785
917,w377596143,37.61386710904771,other,11901.118275090319,13223.464750100355,14876.397843862898,nr1,-9970.836685004422,-39240.25113086236,-29269.414445857936,0.21054937532558785
918,w377596145,32.806498026452026,other,11256.831818630073,12507.59090958897,14071.03977328759,nr1,-9431.049171996401,-37115.9161089485,-27684.866936952098,0.21054937532558785
919,w377596147,34.850180151499806,other,2595.9189583634725,2884.354398181636,3244.8986979543406,nr0,-2666.766673390037,-10495.066490119034,-7828.299816728997,0.25816895367025355
929,w377596159,36.51154847629368,other,10808.444433628447,12009.382704031608,13510.555542035558,nr1,-9055.387214512537,-35637.49759526971,-26582.110380757178,0.21054937532558785
931,w377596161,32.13265920560807,other,11285.953908042351,12539.948786713723,14107.442385052938,nr1,-9455.447853762607,-37211.93717819416,-27756.489324431554,0.21054937532558785
934,w377596166,38.724472055921794,other,2981.905002903568,3313.227781003964,3727.38125362946,nr0,-3063.2870334177956,-12055.573295870843,-8992.286262453048,0.25816895367025355
935,w377596167,41.94859704792034,other,13644.68095577657,15160.756617529521,17055.85119472071,nr1,-11431.60518905151,-44989.10900044007,-33557.50381138856,0.21054937532558785
936,w377596168,31.29673577034846,other,10806.083972832546,12006.75996981394,13507.604966040682,nr1,-9053.40960463141,-35629.71470694992,-26576.30510231851,0.21054937532558785
937,w377596169,36.7579496475868,other,12935.91476002989,14373.238622255432,16169.893450037362,nr1,-10837.79611814818,-42652.17201088187,-31814.37589273369,0.21054937532558785
940,w379327852,945.496160332486,other,150314.97311086906,167016.6367898545,187893.71638858633,nr2,-115930.7186107794,-456245.61466441315,-340314.89605363377,0.19382349036981686
941,w379327862,94.51021252730861,other,35231.108510581456,39145.67612286828,44038.88563822682,nr1,-29516.858926268524,-116163.66744858575,-86646.80852231722,0.21054937532558785
942,w387435839,3594.435384737421,other,612480.6982969497,680534.109218833,765600.8728711872,nr2,-472376.9430236692,-1859040.565828866,-1386663.6228051968,0.19382349036981686
943,w387435840,942.2609318409114,other,202426.40072438534,224918.22302709482,253033.00090548166,nr2,-156121.75963643036,-614417.5507697568,-458295.7911333264,0.19382349036981686
944,w390787314,132.5826213063672,other,36435.59621570424,40483.99579522693,45544.49526963029,nr1,-30525.986801420564,-120135.09256516334,-89609.10576374279,0.21054937532558785
945,w390787315,330.5195846647024,other,95914.57790913379,106571.75323237087,119893.22238641723,nr2,-73974.30683138936,-291126.0578222877,-217151.75099089835,0.19382349036981686
946,w390787316,150.59577141329646,other,12304.720854223664,13671.912060248515,15380.90106777958,nr1,-10308.977631860496,-40571.00561932122,-30262.027987460726,0.21054937532558785
947,w390789514,104.66224040389062,trade,66966.30176497165,74407.00196107962,83707.87720621456,nr2,-51647.89192752818,-203260.39966774822,-151612.50774022005,0.19382349036981686
948,w390789515,335.6007874913513,trade,76780.38985788339,85311.5442865371,95975.48732235424,nr2,-59217.026668892686,-233048.7471733464,-173831.72050445373,0.19382349036981686
949,w390790006,38.98714106846601,trade,20423.524031863217,22692.80447984802,25529.40503982902,nr1,-17110.965368708243,-67340.24429157547,-50229.27892286722,0.21054937532558785
950,w390793102,268.1788772383239,sfh,65081.30933515768,72312.56592795298,81351.6366689471,r2,-53710.22187901725,-211366.67666503642,-157656.45478601917,0.19382349036981686
951,w390793103,629.0808588726446,th,190878.21940890737,212086.91045434153,238597.7742611342,r2,-157527.73908600266,-619921.3767570193,-462393.6376710166,0.19382349036981686
952,w390793104,761.76513240356,mfh,116746.78481807098,129718.64979785665,145933.48102258873,r2,-96348.64111212772,-379162.315116382,-282813.6740042543,0.19382349036981686
953,w390793105,324.12222724705936,th,115306.70719754764,128118.56355283072,144133.38399693454,r2,-95160.17564775005,-374485.32837626914,-279325.1527285191,0.19382349036981686
954,w390793106,1475.9963392082602,mfh,234332.2441500108,260369.16016667866,292915.30518751347,r2,-193389.42248210113,-761048.4206206803,-567658.9981385792,0.19382349036981686
955,w390793107,895.6360460046678,mfh,90245.7910168643,100273.10112984922,112807.23877108037,r2,-74477.93396720634,-293094.1790370141,-218616.24506980774,0.19382349036981686
956,w390793108,286.70933025064875,mfh,46848.04655803811,52053.38506448679,58560.05819754764,r1,-42000.748224603405,-165286.20175273393,-123285.45352813053,0.21055777654026597
957,w390793793,117.72837251536548,mfh,22135.523635016718,24595.026261129686,27669.404543770896,r1,-19845.193627493467,-78097.10103722628,-58251.90740973281,0.21055777654026597
958,w390794364,96.81251710766227,sfh,56694.85220505993,62994.28022784436,70868.5652563249,r2,-46789.056987931006,-184129.70816070156,-137340.65117277054,0.19382349036981686
959,w475684695,267.0884538785554,mfh,70757.24663127349,78619.16292363721,88446.55828909186,r2,-58394.45233873055,-229800.60209608232,-171406.14975735178,0.19382349036981686
960,w620369477,3702.806372543797,other,329831.05954184383,366478.95504649315,412288.8244273048,nr2,-254382.85329457858,-1001124.3150413864,-746741.4617468078,0.19382349036981686
961,w620369478,20480.360502976928,other,1687025.1117225294,1874472.3463583658,2108781.3896531616,nr2,-1301121.435002813,-5120566.455375229,-3819445.020372416,0.19382349036981686
962,w993163452,1412.2592688187956,other,219456.23066754482,243840.25629727202,274320.288334431,nr2,-169256.0494697769,-666107.5791764172,-496851.5297066403,0.19382349036981686
963,w993163453,1066.3710880815981,other,168538.70539177582,187265.22821308425,210673.38173971977,nr2,-129985.80796995923,-511559.45176199515,-381573.64379203593,0.19382349036981686
964,w993163454,1257.084109787643,other,195060.50799116978,216733.8977679664,243825.6349889622,nr2,-150440.80038068304,-592060.122310921,-441619.32193023793,0.19382349036981686
965,w993163455,1355.0658122852444,mfh,137933.86271477625,153259.84746086248,172417.3283934703,r2,-113833.88636034096,-447972.27436608984,-334138.38800574886,0.19382349036981686
966,w993163456,1286.649396429956,mfh,247159.72221315524,274621.9135701725,308949.652766444,r2,-203975.6675954509,-802708.6366780703,-598732.9690826194,0.19382349036981686
967,w993163457,923.1744978809729,ab,179010.19212771326,198900.21347523696,223762.74015964157,r2,-147733.30831853783,-581377.2000859937,-433643.8917674559,0.19382349036981686
968,w993163458,923.3917086940259,ab,189578.2241455195,210642.47127279942,236972.78018189935,r2,-156454.88061478394,-615699.3400262039,-459244.4594114199,0.19382349036981686
969,w993163460,1313.604391914094,ab,245379.75645429146,272644.1738381016,306724.6955678643,r2,-202506.69967175263,-796927.7842202457,-594421.084548493,0.19382349036981686
970,w993163461,1099.8535498690792,ab,238283.01711607818,264758.90790675353,297853.7713950977,r2,-196649.91147300825,-773879.4739695812,-577229.562496573,0.19382349036981686
971,w993164648,226.1375619597733,ab,80518.68723860527,89465.20804289474,100648.35904825658,r2,-66450.36188072576,-261503.14898261623,-195052.78710189048,0.19382349036981686
972,w993164649,158.37299746889622,other,45705.056496500765,50783.396107223074,57131.32062062596,nr1,-38292.00277417217,-150698.2666180865,-112406.26384391432,0.21054937532558785
973,w993164650,163.5844805765897,other,42041.22380437142,46712.47089374602,52551.52975546427,nr1,-35222.41917958978,-138617.9131910025,-103395.49401141272,0.21054937532558785
974,w993164651,162.24389737509188,other,40307.84105282511,44786.490058694566,50384.801316031386,nr1,-33770.17948843013,-132902.62048452228,-99132.44099609216,0.21054937532558785
975,w993164652,173.63842588849366,other,44647.17229247326,49607.96921385918,55808.965365591575,nr1,-37405.70029517895,-147210.22113581465,-109804.5208406357,0.21054937532558785
976,w1006795433,259.34726619906723,mfh,68303.07904180315,75892.31004644795,85378.84880225394,r2,-56369.07996830196,-221830.12251193597,-165461.04254363402,0.19382349036981686
977,w1006849999,188.95288848243652,other,44821.0228985385,49801.13655393166,56026.278623173115,nr1,-37551.35349856686,-147783.43965894546,-110232.08616037859,0.21054937532558785
978,w1007159125,240.08975319266318,education,69893.91967217866,77659.91074686518,87367.39959022331,nr2,-53905.82299571231,-212146.492675868,-158240.6696801557,0.19382349036981686
979,w1007160095,265.99824453517795,sfh,66191.08957937718,73545.65508819686,82738.86197422147,r2,-54626.099936218205,-214970.94591600038,-160344.84597978217,0.19382349036981686
980,w1007176059,713.9090096209663,trade,158757.7360382709,176397.48448696767,198447.17004783862,nr2,-122442.21612149128,-481871.6283712263,-359429.41224973503,0.19382349036981686
981,w1029411791,412.32884333096445,trade,89326.49349025691,99251.65943361878,111658.11686282113,nr2,-68893.23376765974,-271129.48287739174,-202236.249109732,0.19382349036981686
982,w1030080397,647.4037659055554,other,112142.32300889542,124602.5811209949,140177.90376111926,nr2,-86489.98715194076,-340381.5470422289,-253891.55989028816,0.19382349036981686
983,w1030080398,123.65970464986749,other,23480.75041155538,26089.722679505976,29350.938014444222,nr1,-19672.33012758142,-77420.50130020577,-57748.17117262435,0.21054937532558785
984,w1030080399,86.80603968682699,other,25835.146683608775,28705.718537343084,32293.933354510966,nr1,-21644.859109968118,-85183.39373110555,-63538.53462113743,0.21054937532558785
985,w1036126248,1409.4026292502879,trade,218679.86292202817,242977.6254689202,273349.8286525352,nr2,-168657.2743192961,-663751.0981690489,-495093.8238497528,0.19382349036981686
986,w1036126249,536.9865712554193,mfh,123235.89624283573,136928.77360315082,154044.87030354465,r2,-101703.96690354505,-400237.21250816976,-298533.24560462474,0.19382349036981686
987,w1036126250,784.2879224468953,mfh,152719.49523878298,169688.3280430922,190899.36904847872,r2,-126036.15474735714,-495992.0521012855,-369955.89735392836,0.19382349036981686
988,w1036126251,422.468481163308,mfh,131740.18052406833,146377.9783600759,164675.2256550854,r2,-108722.37203911121,-427856.8520683068,-319134.4800291956,0.19382349036981686
989,w1036680208,878.3984476357698,mfh,195723.4450164567,217470.49446272966,244654.30627057087,r2,-161526.40083841444,-635657.3729258423,-474130.97208742786,0.19382349036981686
990,w1075387093,82.43980132825672,other,25255.32593226266,28061.47325806962,31569.157415328325,nr1,-21159.08139693175,-83271.61440349993,-62112.53300656818,0.21054937532558785
991,w1075387094,82.56877346616238,other,18471.951114990337,20524.39012776704,23089.93889373792,nr1,-15475.924494125427,-60905.53709951537,-45429.61260538994,0.21054937532558785
992,w1075387095,130.11354850369972,other,17546.933519760307,19496.592799733673,21933.666899700384,nr1,-14700.938550821356,-57855.57810421102,-43154.63955338966,0.21054937532558785
993,w1075387096,86.78853361294604,other,19192.799696722424,21325.332996358247,23990.99962090303,nr1,-16079.85626901682,-63282.31201433138,-47202.45574531456,0.21054937532558785
994,w1075387097,130.27800867820625,other,18492.72523522246,20547.47248358051,23115.906544028076,nr1,-15493.329191341376,-60974.03332617985,-45480.704134838474,0.21054937532558785
995,w1075387098,130.18280181584413,other,17539.018200395993,19487.79800043999,21923.77275049499,nr1,-14694.307043187622,-57829.47979038393,-43135.17274719631,0.21054937532558785
996,w1075387099,86.85200681062415,other,27744.647424820705,30827.38602757856,34680.80928102588,nr1,-23244.651633698373,-91479.3809558149,-68234.72932211652,0.21054937532558785
997,w1107949539,145.45949292609,other,7234.128086910359,8037.920096567066,9042.660108637949,nr1,-6060.801014301261,-23852.296589417194,-17791.495575115932,0.21054937532558785
998,w1107949540,113.13991883732378,other,28748.75876737973,31943.06529708859,35935.94845922466,nr1,-24085.902848819216,-94790.12708358285,-70704.22423476363,0.21054937532558785
999,w1108636740,113.13954655230044,other,30738.16352195462,34153.51502439402,38422.70440244327,nr1,-25752.63949068214,-101349.57304202225,-75596.93355134012,0.21054937532558785
1000,w1108636741,169.70950587596744,other,22435.53536817059,24928.372631300655,28044.419210213237,nr1,-18796.641956318334,-73974.22845087027,-55177.58649455194,0.21054937532558785
1001,w1108636742,113.35190696045755,other,24778.82711181561,27532.03012423957,30973.533889769515,nr1,-20759.867490351306,-81700.50713898029,-60940.63964862899,0.21054937532558785
1002,w1108636743,97.02220907397567,other,29852.23012320762,33169.1445813418,37315.287654009524,nr1,-25010.39854924169,-98428.48207825844,-73418.08352901676,0.21054937532558785
1003,w1108636744,97.02139693088829,other,21390.9331432008,23767.703492445333,26738.666429000998,nr1,-17921.467208432132,-70529.97618043722,-52608.50897200509,0.21054937532558785
1004,w1108636745,97.02220705058426,other,20564.73007540746,22849.700083786065,25705.912594259324,nr1,-17229.268738742143,-67805.82748147359,-50576.558742731446,0.21054937532558785
1005,w1108636746,96.97299731615931,other,20594.571221274768,22882.85691252752,25743.214026593458,nr1,-17254.269850827477,-67904.2194166514,-50649.94956582392,0.21054937532558785
1006,w1108636747,96.97299630921333,other,21237.913006776573,23597.681118640638,26547.391258470714,nr1,-17793.265912172727,-70025.4396786924,-52232.17376651968,0.21054937532558785
1007,w1108636748,93.15071205198764,other,25536.120008859092,28373.466676510103,31920.150011073863,nr1,-21394.332556960948,-84197.44589487877,-62803.11333791782,0.21054937532558785
1008,w1108636749,139.88183319568634,other,19436.592588740816,21596.213987489795,24295.740735926018,nr1,-16284.107588522496,-64086.143560711695,-47802.0359721892,0.21054937532558785
1009,w1108636750,139.7263257611543,other,19062.12837594123,21180.1426399347,23827.660469926534,nr1,-15970.37896034658,-62851.46380960529,-46881.08484925871,0.21054937532558785
1010,w1108636751,139.8837134392932,other,18077.1469860024,20085.718873336,22596.433732503,nr1,-15145.154947792666,-59603.792775083784,-44458.63782729112,0.21054937532558785
1011,w1108636752,93.1510556358844,other,19469.083244354304,21632.314715949226,24336.35405544288,nr1,-16311.328477637502,-64193.271433589674,-47881.942955952174,0.21054937532558785
1012,w1108636753,93.25489941500128,other,19379.091053198343,21532.323392442602,24223.863816497927,nr1,-16235.932416511056,-63896.55005840869,-47660.61764189764,0.21054937532558785
1013,w1108636754,139.72684112749994,other,25910.37615630671,28789.30684034079,32387.970195383386,nr1,-21707.886866589957,-85431.43961493547,-63723.552748345515,0.21054937532558785
1014,w1159236388,245.9913005110109,other,69645.03448735391,77383.37165261546,87056.29310919238,nr2,-53713.86980747586,-211391.06045390642,-157677.19064643056,0.19382349036981686
1015,w1159236389,122.96537718712352,other,45526.262556586495,50584.736173984995,56907.82819573311,nr1,-38142.208012541654,-150108.74898279022,-111966.54097024856,0.21054937532558785
1016,w1159236390,245.9301320978673,other,47719.789281556106,53021.988090617895,59649.73660194513,nr1,-39979.95940978996,-157341.22391165677,-117361.2645018668,0.21054937532558785
1017,w1219742100,99.15745026543736,other,24902.255561907554,27669.172846563946,31127.81945238444,nr1,-20863.27667339638,-82107.47422109377,-61244.19754769739,0.21054937532558785
1018,w1219742101,534.7382739499211,other,97380.9120977135,108201.0134419039,121726.14012214188,nr2,-75105.21995792277,-295576.769080963,-220471.54912304023,0.19382349036981686
1019,w1219742102,331.85329187787136,other,59651.986323929385,66279.98480436599,74564.98290491173,nr2,-46006.711759797865,-181059.52190298724,-135052.8101431894,0.19382349036981686
1020,w1219742103,321.63751182574777,other,63594.9553748088,70661.06152756533,79493.694218511,nr2,-49047.73439425862,-193027.47360460748,-143979.73921034887,0.19382349036981686
1021,w1219742104,906.7466930493712,other,139944.3369520087,155493.7077244541,174930.42119001088,nr2,-107932.34507908314,-424767.99689395766,-316835.6518148745,0.19382349036981686
1022,w1219742105,1260.638449399173,ab,275916.17447946646,306573.52719940717,344895.21809933305,r2,-227707.756692229,-896101.8982811136,-668394.1415888846,0.19382349036981686
1023,w1219929093,501.3837405549362,other,115763.07895930854,128625.6432881206,144703.84869913565,nr2,-89282.50229902493,-351371.4969451413,-262088.99464611636,0.19382349036981686
1024,w1242595698,177.05818741209805,other,34357.4302496909,38174.92249965655,42946.787812113624,nr1,-28784.885421491945,-113282.98400586449,-84498.09858437255,0.21054937532558785
1025,w1242595699,175.70056665593293,other,34263.08094414638,38070.08993794042,42828.85118018297,nr1,-28705.83894071737,-112971.89639560701,-84266.05745488964,0.21054937532558785
